time,phase,contact,contact_solver,contact_points,gap,normal_force,normal_force_filtered,force_desired,x,y,z,vx,vy,vz,x_des,y_des,cart_error,orientation_error_deg,original_progress,governed_progress,governor_scale,p_task_sample,p_task_physical,p_human,p_human_physical,p_residual,p_whole,human_fx,human_fy,human_fz,w_task_sample,w_task_physical,w_human,w_human_physical,w_residual,e_human,e_residual,e_whole,human_input,human_output,peak_human_output,qvel_prediction_error,prediction_bound_violation,qp_active,qp_fallback,qp_status,energy_row_active,minimum_margin,candidate_minimum_margin,torque_limited,rate_limited,solve_time_ms,joint_margin_min,q1,q2,q3,q4,q5,q6,q7,qd1,qd2,qd3,qd4,qd5,qd6,qd7,tau1,tau2,tau3,tau4,tau5,tau6,tau7,tau_nom1,tau_nom2,tau_nom3,tau_nom4,tau_nom5,tau_nom6,tau_nom7
0.001,0,0,0,0,0.02950209988724173,0.0,0.0,0.0,0.5544992800865032,2.7624625949937624e-08,0.4645021195527226,-0.00019794533771351426,2.7624630262470813e-05,-0.0003099347667033052,0.5544994780317353,3.8164741795656373e-17,1.9986354061124292e-07,5.3132753091365614e-05,0.0,0.0,1.0,0.0,0.0,0.0,0.0,0.0,0.0,0.0,0.0,0.0,0.0,0.0,0.0,0.0,0.0,0.055,0.3,0.3,0.0,0.0,0.0,2.3659071810597516e-06,0,0,0,0,0,inf,inf,0,0,0.0,1.5009906022225772,-2.3554274558794588e-09,-4.9077470601138724e-09,-3.1888132730314343e-09,-1.5707906022225773,1.1497691429191894e-07,1.5707896771867287,-0.7852999952086244,-2.3554274558794587e-06,-4.907747060113872e-06,-3.1888132730314343e-06,-0.0006022225773081004,0.00011497691429191894,-0.00032281327132202537,4.791375672647184e-06,0.0,-25.454424405835937,1.1397810321958008e-15,18.7281632058492,0.7411607943030994,1.6872163098407762,1.3316908920709847e-18,0.0,-25.454424405835937,1.1397810321958008e-15,18.7281632058492,0.7411607943030994,1.6872163098407762,1.3316908920709847e-18
0.011000000000000003,0,0,0,0,0.029482457948018403,0.0,0.0,0.0,0.5544901928458645,1.2790223387033182e-06,0.46448345298188015,-0.0012914833666093203,0.00017690958820292866,-0.003060866278429972,0.5544994780317353,3.8164741795656373e-17,9.37286374577528e-06,0.0027075630667805183,0.0,0.0,1.0,0.0,0.0,0.0,0.0,0.0,0.0,0.0,0.0,0.0,0.0,0.0,0.0,0.0,0.0,0.055,0.3,0.3,0.0,0.0,0.0,2.5210527951822928e-06,0,0,0,0,0,inf,inf,0,0,0.0,1.5009715780909867,-1.3206051604898553e-07,1.970894450212102e-07,-1.783373811990344e-07,-1.5708284219090134,5.434936022403046e-06,1.5707816780079984,-0.7852999582418484,-2.0428194295979365e-05,7.29405578635829e-05,-2.7559984088272905e-05,-0.006302929382690184,0.0007622356902550452,-0.0005171429521766791,-8.360477465501355e-06,-0.0030932224046144917,-25.498834562975965,-0.0030830096678145596,18.79718091422887,0.7315921185586034,1.7594183055824146,-0.00037398609227042864,-0.0030932224046144917,-25.498834562975965,-0.0030830096678145596,18.79718091422887,0.7315921185586034,1.7594183055824146,-0.00037398609227042864
0.02100000000000001,0,0,0,0,0.029436733943387527,0.0,0.0,0.0,0.5544756308388782,3.2741668955957807e-06,0.46443953130152205,-0.0015127116944373606,0.00020820645789469436,-0.005445233916067072,0.5544994780317353,3.8164741795656373e-17,2.407091140823229e-05,0.0076642130205243995,0.0,0.0,1.0,0.0,0.0,0.0,0.0,0.0,0.0,0.0,0.0,0.0,0.0,0.0,0.0,0.0,0.0,0.055,0.3,0.3,0.0,0.0,0.0,3.5745594479975363e-06,0,0,0,0,0,inf,inf,0,0,0.0,1.5008794038150115,-4.077092015047228e-07,2.2438330418103246e-06,-5.499617280335273e-07,-1.5709205961849886,1.425154976716258e-05,1.57078983737716,-0.7853002749008844,-3.282259193346377e-05,0.00033672532187029275,-4.4240691466995204e-05,-0.011541611029226014,0.0009398383514300718,0.002146541872583453,-5.0711291690542023e-05,-0.0042864379234719245,-25.516554747959894,-0.004267421287279302,18.8289372817655,0.7284180428512249,1.7893554071068,-0.0002287051302923184,-0.0042864379234719245,-25.516554747959894,-0.004267421287279302,18.8289372817655,0.7284180428512249,1.7893554071068,-0.0002287051302923184
0.03100000000000002,0,0,0,0,0.029367843476122535,0.0,0.0,0.0,0.5544610377703458,5.323104819585532e-06,0.46437285144377805,-0.0013829607472286838,0.0001989424920495185,-0.007647992696786984,0.5544994780317353,3.8164741795656373e-17,3.8807075909017546e-05,0.01381024666038964,0.0,0.0,1.0,0.0,0.0,0.0,0.0,0.0,0.0,0.0,0.0,0.0,0.0,0.0,0.0,0.0,0.0,0.055,0.3,0.3,0.0,0.0,0.0,3.893132644289992e-06,0,0,0,0,0,inf,inf,0,0,0.0,1.5007369332002651,-7.889462781598559e-07,7.754939338401657e-06,-1.063944453938471e-06,-1.571063066799735,2.378476389124096e-05,1.5708309654320216,-0.7853009847266296,-4.2070106140268844e-05,0.0007462263537383418,-5.67391028492181e-05,-0.016408624393248385,0.0009503395512452322,0.005799060105506423,-8.596261490564412e-05,-0.0046470526385099875,-25.526546234503662,-0.004617361716340906,18.847743293269996,0.7275554872416098,1.8033962487571165,-7.09005208476189e-05,-0.0046470526385099875,-25.526546234503662,-0.004617361716340906,18.847743293269996,0.7275554872416098,1.8033962487571165,-7.09005208476189e-05
0.04100000000000003,0,0,0,0,0.029277343966931157,0.0,0.0,0.0,0.5544486777085315,7.196562536878646e-06,0.4642848069980607,-0.0011007903772407219,0.0001769673689024856,-0.009735775588808445,0.5544994780317353,3.8164741795656373e-17,5.130753697029975e-05,0.020705857952957613,0.0,0.0,1.0,0.0,0.0,0.0,0.0,0.0,0.0,0.0,0.0,0.0,0.0,0.0,0.0,0.0,0.0,0.055,0.3,0.3,0.0,0.0,0.0,3.905635001791652e-06,0,0,0,0,0,inf,inf,0,0,0.0,1.5005476398155493,-1.2493652745216017e-06,1.804021336988453e-05,-1.6854495179369058e-06,-1.5712523601844508,3.30490446657426e-05,1.5709105306134339,-0.785301990083113,-4.897146449367897e-05,0.0012759726096897032,-6.616050220367711e-05,-0.020943880359581255,0.000902006979717833,0.009737849368611605,-0.00011109650841112166,-0.0046620514297675214,-25.53571997545301,-0.004617991135594024,18.86254890543292,0.7275401466497567,1.8113630935088572,3.3043569819083535e-05,-0.0046620514297675214,-25.53571997545301,-0.004617991135594024,18.86254890543292,0.7275401466497567,1.8113630935088572,3.3043569819083535e-05
0.05100000000000004,0,0,0,0,0.02916630718090707,0.0,0.0,0.0,0.5544395880922219,8.830397786988431e-06,0.4641764007443,-0.0007442617736520056,0.00015220746393855542,-0.01173157614095788,0.5544994780317353,3.8164741795656373e-17,6.053743288236444e-05,0.028162692280117103,0.0,0.0,1.0,0.0,0.0,0.0,0.0,0.0,0.0,0.0,0.0,0.0,0.0,0.0,0.0,0.0,0.0,0.055,0.3,0.3,0.0,0.0,0.0,3.800462792323238e-06,0,0,0,0,0,inf,inf,0,0,0.0,1.5003147133116088,-1.767622236688443e-06,3.4191703854999524e-05,-2.3866348038807663e-06,-1.5714852866883913,4.170235377582215e-05,1.571029719866524,-0.7853032018975064,-5.388220699963868e-05,0.0019064572558571962,-7.299639309459562e-05,-0.02516911402577202,0.0008337730172061959,0.013696027613767498,-0.00012844835364016866,-0.004539953769679326,-25.54649901913478,-0.004476509675831398,18.87658822695033,0.727844152069437,1.8169162323189625,9.644909221824108e-05,-0.004539953769679326,-25.54649901913478,-0.004476509675831398,18.87658822695033,0.727844152069437,1.8169162323189625,9.644909221824108e-05
0.06100000000000005,0,0,0,0,0.02903563982857038,0.0,0.0,0.0,0.5544343100186334,1.0218745612303979e-05,0.46404850597375863,-0.00034626610703177566,0.00012810954811080094,-0.013642522998584289,0.5544994780317353,3.8164741795656373e-17,6.596432894778846e-05,0.036086991022403106,0.0,0.0,1.0,0.0,0.0,0.0,0.0,0.0,0.0,0.0,0.0,0.0,0.0,0.0,0.0,0.0,0.0,0.055,0.3,0.3,0.0,0.0,0.0,3.650726647188426e-06,0,0,0,0,0,inf,inf,0,0,0.0,1.500041166442795,-2.3252142717743647e-06,5.712294228538263e-05,-3.14357101889638e-06,-1.571758833557205,4.963489296667656e-05,1.5711880791578867,-0.785304554747202,-5.70505790078165e-05,0.002620905683191564,-7.75865390479626e-05,-0.029099715050789506,0.0007597620842145343,0.01757001637388669,-0.00014015222594122907,-0.004366524528476176,-25.559636406464254,-0.004277615742264443,18.890971503903753,0.7282752504376826,1.8214212635322278,0.00013613383860904097,-0.004366524528476176,-25.559636406464254,-0.004277615742264443,18.890971503903753,0.7282752504376826,1.8214212635322278,0.00013613383860904097
0.07100000000000005,0,0,0,0,0.02888619918512214,0.0,0.0,0.0,0.5544331631128525,1.1375407461236188e-05,0.463901960123847,7.741340433651057e-05,0.00010578126172440034,-0.015470190929917124,0.5544994780317353,3.8164741795656373e-17,6.728349248764694e-05,0.044421201994463935,0.0,0.0,1.0,0.0,0.0,0.0,0.0,0.0,0.0,0.0,0.0,0.0,0.0,0.0,0.0,0.0,0.0,0.055,0.3,0.3,0.0,0.0,0.0,3.4846015382021825e-06,0,0,0,0,0,inf,inf,0,0,0.0,1.4997298713599365,-2.9059496651069502e-06,8.75887854150889e-05,-3.935454506236554e-06,-1.5720701286400636,5.6821750567814115e-05,1.5713845066548662,-0.785306000226622,-5.869854329281568e-05,0.003404091512077387,-8.022773689394716e-05,-0.03274901773269882,0.0006851937961765943,0.021317984206449914,-0.00014757717449487672,-0.004176002059148549,-25.575265372848392,-0.004054665785376702,18.90602285292694,0.7287617876606834,1.825389478458238,0.00016210352886130415,-0.004176002059148549,-25.575265372848392,-0.004054665785376702,18.90602285292694,0.7287617876606834,1.825389478458238,0.00016210352886130415
0.08100000000000006,0,0,0,0,0.02871883273829534,0.0,0.0,0.0,0.5544363507048998,1.2319940357781257e-05,0.46373759625963384,0.0005176420581123217,8.549034284763519e-05,-0.01721441317401761,0.5544994780317353,3.8164741795656373e-17,6.431827363826927e-05,0.05312222595418705,0.0,0.0,1.0,0.0,0.0,0.0,0.0,0.0,0.0,0.0,0.0,0.0,0.0,0.0,0.0,0.0,0.0,0.055,0.3,0.3,0.0,0.0,0.0,3.313199653153808e-06,0,0,0,0,0,inf,inf,0,0,0.0,1.4993835705410312,-3.4957936906279913e-06,0.00012619817356273105,-4.74432425749686e-06,-1.5724164294589689,6.326989330447777e-05,1.5716176313799768,-0.7853075005825246,-5.903728672232212e-05,0.004241905810782244,-8.119495185256549e-05,-0.03612981201878592,0.0006120745113672345,0.02492193325153978,-0.00015158365214444324,-0.00398165200369433,-25.59329107817608,-0.0038202056245940645,18.92177848238339,0.7292756167282336,1.8290143652762696,0.00017932341969332464,-0.00398165200369433,-25.59329107817608,-0.0038202056245940645,18.92177848238339,0.7292756167282336,1.8290143652762696,0.00017932341969332464
0.09100000000000007,0,0,0,0,0.028534389827809536,0.0,0.0,0.0,0.5544440017261505,1.3072693115916191e-05,0.46355625166939624,0.0009680300648173414,6.720792891585685e-05,-0.018874676125369135,0.5544994780317353,3.8164741795656373e-17,5.699575235609795e-05,0.062153296370855975,0.0,0.0,1.0,0.0,0.0,0.0,0.0,0.0,0.0,0.0,0.0,0.0,0.0,0.0,0.0,0.0,0.0,0.055,0.3,0.3,0.0,0.0,0.0,3.141167229752828e-06,0,0,0,0,0,inf,inf,0,0,0.0,1.499004879057351,-4.082769213320169e-06,0.000173424319007937,-5.554861168896703e-06,-1.5727951209426492,6.899895419408337e-05,1.5718859621735581,-0.7853090250361233,-5.826791996079334e-05,0.0051212011131498295,-8.074351363582782e-05,-0.03925483399336003,0.0005412382832767443,0.028373502311039925,-0.00015276311961578783,-0.0037883705077879962,-25.61353702069668,-0.0035785614332979614,18.938172233058786,0.7298044093615982,1.832371426157314,0.00019011636763890965,-0.0037883705077879962,-25.61353702069668,-0.0035785614332979614,18.938172233058786,0.7298044093615982,1.832371426157314,0.00019011636763890965
0.10100000000000008,0,0,0,0,0.028333723103886377,0.0,0.0,0.0,0.5544561889553702,1.3653086170700212e-05,0.4633587681793876,0.0014234703220231417,5.080561215713287e-05,-0.02045061511610453,0.5544994780317353,3.8164741795656373e-17,4.539108827209915e-05,0.07148093285384079,0.0,0.0,1.0,0.0,0.0,0.0,0.0,0.0,0.0,0.0,0.0,0.0,0.0,0.0,0.0,0.0,0.0,0.055,0.3,0.3,0.0,0.0,0.0,2.9706735883291486e-06,0,0,0,0,0,inf,inf,0,0,0.0,1.4985962842817744,-4.656847024161614e-06,0.0002296139578010447,-6.3541887443531635e-06,-1.5732037157182257,7.403415131709707e-05,1.572187950392157,-0.7853105479035226,-5.657981258665857e-05,0.006029733559485294,-7.910854274237185e-05,-0.04213688554221149,0.0004730803193389347,0.03166861081064873,-0.0001515715866709924,-0.0035977545685432237,-25.63580001737102,-0.0033308997356341894,18.95510463970962,0.7303416937961935,1.8354925704767064,0.00019559287468637375,-0.0035977545685432237,-25.63580001737102,-0.0033308997356341894,18.95510463970962,0.7303416937961935,1.8354925704767064,0.00019559287468637375
0.11100000000000008,0,0,0,0,0.028117686426374355,0.0,0.0,0.0,0.5544729383702827,1.4079068230656892e-05,0.4631459896147539,0.001879584988125519,3.612694835368443e-05,-0.02194217652101151,0.5544994780317353,3.8164741795656373e-17,3.0042865912915357e-05,0.08107378286324757,0.0,0.0,1.0,0.0,0.0,0.0,0.0,0.0,0.0,0.0,0.0,0.0,0.0,0.0,0.0,0.0,0.0,0.055,0.3,0.3,0.0,0.0,0.0,2.8029097921738656e-06,0,0,0,0,0,inf,inf,0,0,0.0,1.498160145234072,-5.209820134936593e-06,0.0002949962354720554,-7.131669092683089e-06,-1.573639854765928,7.840357183441684e-05,1.5725220198237142,-0.7853120476303513,-5.4149167917302295e-05,0.006956138097701422,-7.65046945372805e-05,-0.04478882308017716,0.0004078213886587637,0.03480540073369662,-0.0001483928673284636,-0.003410111415198183,-25.65987107020886,-0.003077226696216767,18.972468590706978,0.730883262428996,1.8383937825355332,0.0001963483692543574,-0.003410111415198183,-25.65987107020886,-0.003077226696216767,18.972468590706978,0.730883262428996,1.8383937825355332,0.0001963483692543574
0.1210000000000001,0,0,0,0,0.027887131658642206,0.0,0.0,0.0,0.5544942350953107,1.4366999795714647e-05,0.4629187584176572,0.0023325100139406922,2.3013362858567217e-05,-0.023349656548655052,0.5544994780317353,3.8164741795656373e-17,1.529375903697331e-05,0.09090216632990854,0.0,0.0,1.0,0.0,0.0,0.0,0.0,0.0,0.0,0.0,0.0,0.0,0.0,0.0,0.0,0.0,0.0,0.055,0.3,0.3,0.0,0.0,0.0,2.638653036704169e-06,0,0,0,0,0,inf,inf,0,0,0.0,1.497698692314856,-5.7351669083946026e-06,0.00036969140700214613,-7.878699526268186e-06,-1.574101307685144,8.213703356527575e-05,1.5728865837832646,-0.7853135062412812,-5.113815463276364e-05,0.007889912988246458,-7.31264554830354e-05,-0.047223503676793385,0.0003456037328924962,0.037783410897581554,-0.00014356625182533874,-0.0032252505367489355,-25.685543472908538,-0.0028171701753604266,18.99015880744609,0.731425871594247,1.8410853829439084,0.0001927724120699035,-0.0032252505367489355,-25.685543472908538,-0.0028171701753604266,18.99015880744609,0.731425871594247,1.8410853829439084,0.0001927724120699035
0.1310000000000001,0,0,0,0,0.027642905260424566,0.0,0.0,0.0,0.5545200279854458,1.4531690749683547e-05,0.4626779121623519,0.00277880506864646,1.1313435351494887e-05,-0.024673695009250193,0.5544994780317353,3.8164741795656373e-17,2.516884251502663e-05,0.10093788214512942,0.0,0.0,1.0,0.0,0.0,0.0,0.0,0.0,0.0,0.0,0.0,0.0,0.0,0.0,0.0,0.0,0.0,0.055,0.3,0.3,0.0,0.0,0.0,2.4784810615310527e-06,0,0,0,0,0,inf,inf,0,0,0.0,1.4972140276501429,-6.22790811098342e-06,0.00045371939025653666,-8.58851422979553e-06,-1.5745859723498572,8.52655221995914e-05,1.5732800568613456,-0.7853149089670052,-4.769449164662431e-05,0.008821405140125338,-6.914879179165622e-05,-0.04945372085580306,0.0002865263871876905,0.04060321366524333,-0.00013739812666688878,-0.0030427982488876668,-25.712616115590723,-0.0025502845311620313,19.008075285069594,0.7319667671590284,1.8435758073679616,0.00018517783601271684,-0.0030427982488876668,-25.712616115590723,-0.0025502845311620313,19.008075285069594,0.7319667671590284,1.8435758073679616,0.00018517783601271684
0.1410000000000001,0,0,0,0,0.027385845007324883,0.0,0.0,0.0,0.5545502336016648,1.4586492305662328e-05,0.4624242802338463,0.00321540977332634,8.860829946150099e-07,-0.025915253191317607,0.5544994780317353,3.8164741795656373e-17,5.2809976677243464e-05,0.11115411247518998,0.0,0.0,1.0,0.0,0.0,0.0,0.0,0.0,0.0,0.0,0.0,0.0,0.0,0.0,0.0,0.0,0.0,0.055,0.3,0.3,0.0,0.0,0.0,2.32285547224773e-06,0,0,0,0,0,inf,inf,0,0,0.0,1.4967081260764568,-6.6844617129447595e-06,0.0005470081629682752,-9.255993544875446e-06,-1.5750918739235433,8.782084376642383e-05,1.5737008641408488,-0.7853162439453701,-4.395136228370253e-05,0.009741793449914658,-6.472798462613255e-05,-0.051492141616664,0.0002306587042471322,0.04326622704288864,-0.00013016684777794667,-0.0028623262256792623,-25.74089495494448,-0.002276169668451054,19.02612447347128,0.7325035079857664,1.8458729727785503,0.0001738519353087394,-0.0028623262256792623,-25.74089495494448,-0.002276169668451054,19.02612447347128,0.7325035079857664,1.8458729727785503,0.0001738519353087394
0.1510000000000001,0,0,0,0,0.027116776950309895,0.0,0.0,0.0,0.5545847398558005,1.4543406479989695e-05,0.46215868076077116,0.0036396168794934416,-8.398530375326963e-06,-0.02707558668087015,0.5544994780317353,3.8164741795656373e-17,8.649329057775289e-05,0.12152536390844008,0.0,0.0,1.0,0.0,0.0,0.0,0.0,0.0,0.0,0.0,0.0,0.0,0.0,0.0,0.0,0.0,0.0,0.055,0.3,0.3,0.0,0.0,0.0,2.1721558964690714e-06,0,0,0,0,0,inf,inf,0,0,0.0,1.4961828367291992,-7.1024982190894625e-06,0.0006494019781737089,-9.87748217660161e-06,-1.575617163270801,8.983536273704962e-05,1.5741474489615002,-0.7853175019544831,-4.002757044145421e-05,0.010643069387922949,-6.0002559294772055e-05,-0.053351248577229136,0.00017804604195392233,0.04577459507090908,-0.00012212494725962822,-0.002683407280287789,-25.77019375789619,-0.00199451765827683,19.04421960721238,0.7330338969447318,1.8479847477173714,0.00015907535447682222,-0.002683407280287789,-25.77019375789619,-0.00199451765827683,19.04421960721238,0.7330338969447318,1.8479847477173714,0.00015907535447682222
0.16100000000000012,0,0,0,0,0.026836512648889976,0.0,0.0,0.0,0.5546234094258544,1.4413199186604723e-05,0.46188191782767407,0.0040490515484900074,-1.6658958981826117e-05,-0.028156217145526356,0.5544994780317353,3.8164741795656373e-17,0.00012476670533081803,0.13202742275937207,0.0,0.0,1.0,0.0,0.0,0.0,0.0,0.0,0.0,0.0,0.0,0.0,0.0,0.0,0.0,0.0,0.0,0.055,0.3,0.3,0.0,0.0,0.0,2.0266956280778426e-06,0,0,0,0,0,inf,inf,0,0,0.0,1.4956398851757486,-7.480798610978193e-06,0.0007606693701852869,-1.0450616979633866e-05,-1.5761601148242514,9.134177920500101e-05,1.5746182796628654,-0.7853186761617088,-3.602788042487359e-05,0.011518014823909802,-5.509426195475917e-05,-0.055043288329937816,0.00012871264050826563,0.04813109648931649,-0.0001135003714483095,-0.0025056420575366306,-25.80033453421069,-0.0017051306077264731,19.062280709901135,0.7335559507952567,1.8499190915699186,0.00014112802921625308,-0.0025056420575366306,-25.80033453421069,-0.0017051306077264731,19.062280709901135,0.7335559507952567,1.8499190915699186,0.00014112802921625308
0.17100000000000012,0,0,0,0,0.026545846682124785,0.0,0.0,0.0,0.5546660829777312,1.4205511479970093e-05,0.4615947789676963,0.0044416527787656986,-2.400279546547519e-05,-0.02915890457043208,0.5544994780317353,3.8164741795656373e-17,0.00016720946320924598,0.14263731608945593,0.0,0.0,1.0,0.0,0.0,0.0,0.0,0.0,0.0,0.0,0.0,0.0,0.0,0.0,0.0,0.0,0.0,0.055,0.3,0.3,0.0,0.0,0.0,1.88673023207815e-06,0,0,0,0,0,inf,inf,0,0,0.0,1.4950808760302587,-7.819116500048689e-06,0.0008805109247629033,-1.0974164656974831e-05,-1.5767191239697413,9.237292848118083e-05,1.575111855494144,-0.7853197618831098,-3.204349920564855e-05,0.012360177342824102,-5.010906027056648e-05,-0.05658022608893681,8.266349671895399e-05,0.050339066663763685,-0.00010449742635083644,-0.0023286734178747897,-25.83114781532287,-0.0014079265662605652,19.0802344695913,0.7340678841257953,1.8516840732590052,0.00012029011130845443,-0.0023286734178747897,-25.83114781532287,-0.0014079265662605652,19.0802344695913,0.7340678841257953,1.8516840732590052,0.00012029011130845443
0.18100000000000013,0,0,0,0,0.02624555443072346,0.0,0.0,0.0,0.5547125822059878,1.3928966623777965e-05,0.4612980329276848,0.004815655586760586,-3.052714962418804e-05,-0.030085620488953614,0.5544994780317353,3.8164741795656373e-17,0.00021355890333834754,0.1533332752808603,0.0,0.0,1.0,0.0,0.0,0.0,0.0,0.0,0.0,0.0,0.0,0.0,0.0,0.0,0.0,0.0,0.0,0.055,0.3,0.3,0.0,0.0,0.0,1.7524634090972194e-06,0,0,0,0,0,inf,inf,0,0,0.0,1.49450729598861,-8.11804573611292e-06,0.0010085667901591835,-1.1447869532836189e-05,-1.57729270401139,9.29615971766614e-05,1.5756267117876217,-0.7853207563520174,-2.8152669498984298e-05,0.013163843378161864,-4.5138154795749075e-05,-0.057973706352590686,3.988588266430183e-05,0.052402327082662466,-9.529768547842751e-05,-0.0021521949989307477,-25.862472840505134,-0.001102939957204916,19.098014059208214,0.7345680983841821,1.8532878476470889,9.684105118746967e-05,-0.0021521949989307477,-25.862472840505134,-0.001102939957204916,19.098014059208214,0.7345680983841821,1.8532878476470889,9.684105118746967e-05
0.19100000000000014,0,0,0,0,0.02593639011954485,0.0,0.0,0.0,0.5547627126982058,1.3591271899893172e-05,0.46099242769456206,0.0051695734919659396,-3.63192058654663e-05,-0.03093852239950309,0.5544994780317353,3.8164741795656373e-17,0.0002635853036564945,0.16409470095389342,0.0,0.0,1.0,0.0,0.0,0.0,0.0,0.0,0.0,0.0,0.0,0.0,0.0,0.0,0.0,0.0,0.0,0.055,0.3,0.3,0.0,0.0,0.0,1.6240517369647467e-06,0,0,0,0,0,inf,inf,0,0,0.0,1.493920517225433,-8.378894433825187e-06,0.0011444239090815805,-1.1872311456180397e-05,-1.577879482774567,9.314035366953724e-05,1.5761614244576845,-0.7853216584969139,-2.4421347891042036e-05,0.013924009501564376,-4.025899228655693e-05,-0.05923501919615863,3.5073732805308236e-07,0.05432512021553161,-8.606094660536615e-05,-0.0019759565262478943,-25.894157675595476,-0.0007903191072386489,19.115558930365477,0.7350551727557298,1.8547386186969443,7.105808604224335e-05,-0.0019759565262478943,-25.894157675595476,-0.0007903191072386489,19.115558930365477,0.7350551727557298,1.8547386186969443,7.105808604224335e-05
0.20100000000000015,0,0,0,0,0.025619085108454176,0.0,0.0,0.0,0.5548162666252878,1.3199314582873342e-05,0.4606786887707044,0.005502181200675415,-4.1456823330216495e-05,-0.03171992942862546,0.5544994780317353,3.8164741795656373e-17,0.0003170634556527464,0.17490212873900393,0.0,0.0,1.0,0.0,0.0,0.0,0.0,0.0,0.0,0.0,0.0,0.0,0.0,0.0,0.0,0.0,0.0,0.055,0.3,0.3,0.0,0.0,0.0,1.5016089053989866e-06,0,0,0,0,0,inf,inf,0,0,0.0,1.493321801099144,-8.603566145034657e-06,0.0012876229549419458,-1.2248773815443694e-05,-1.578478198900856,9.294139218307736e-05,1.576714613873376,-0.7853224687292635,-2.0903946240646686e-05,0.014636352194719333,-3.553627407809396e-05,-0.06037507178801577,-3.598599111515428e-05,0.05611204882297385,-7.692625841912745e-05,-0.0017997669571654792,-25.926059276100474,-0.000470321958934244,19.132814591947366,0.7355278557207855,1.8560446000996131,4.321461521941641e-05,-0.0017997669571654792,-25.926059276100474,-0.000470321958934244,19.132814591947366,0.7355278557207855,1.8560446000996131,4.321461521941641e-05
0.21100000000000016,0,0,0,0,0.02529434641908468,0.0,0.0,0.0,0.5548730252596862,1.2759251775103585e-05,0.46035751768577393,0.005812497503562485,-4.60091593609369e-05,-0.03243229925112582,0.5544994780317353,3.8164741795656373e-17,0.0003737650732956046,0.1857371956827392,0.0,0.0,1.0,0.0,0.0,0.0,0.0,0.0,0.0,0.0,0.0,0.0,0.0,0.0,0.0,0.0,0.0,0.055,0.3,0.3,0.0,0.0,0.0,1.3852096852365439e-06,0,0,0,0,0,inf,inf,0,0,0.0,1.4927123021149524,-8.794448704593664e-06,0.0014376649589160641,-1.2579121581799652e-05,-1.5790876978850477,9.239639013582942e-05,1.5772849481464672,-0.7853231887419821,-1.7644117648498625e-05,0.015297196409260177,-3.102295357520268e-05,-0.061404364732350794,-6.918202891340587e-05,0.05776801929619406,-6.801301349812787e-05,-0.001623495976334241,-25.958043501435633,-0.00014331048596031535,19.149732378502858,0.7359850568751343,1.8572139772446263,1.3578644670149143e-05,-0.001623495976334241,-25.958043501435633,-0.00014331048596031535,19.149732378502858,0.7359850568751343,1.8572139772446263,1.3578644670149143e-05
0.22100000000000017,0,0,0,0,0.0249628554850303,0.0,0.0,0.0,0.5549327613239815,1.2276593936218323e-05,0.46002959073247407,0.006099768440170733,-5.003730385314933e-05,-0.03307820625903615,0.5544994780317353,3.8164741795656373e-17,0.00043345717908278906,0.1965826071668816,0.0,0.0,1.0,0.0,0.0,0.0,0.0,0.0,0.0,0.0,0.0,0.0,0.0,0.0,0.0,0.0,0.0,0.055,0.3,0.3,0.0,0.0,0.0,1.2748937353352553e-06,0,0,0,0,0,inf,inf,0,0,0.0,1.4920930720996686,-8.95431110453471e-06,0.0015940176172698735,-1.2865689242066584e-05,-1.5797069279003315,9.153637853650977e-05,1.5778711458739287,-0.7853238213191484,-1.4675570847841483e-05,0.015903483197959686,-2.6761217466163587e-05,-0.062332972860716845,-9.930748205738345e-05,0.059298188787952864,-5.9422095603350074e-05,-0.0014470741425577354,-25.989985085123458,0.00019025588810907184,19.166269211137703,0.736425838870126,1.8582548718661285,-1.7588633881811903e-05,-0.0014470741425577354,-25.989985085123458,0.00019025588810907184,19.166269211137703,0.736425838870126,1.8582548718661285,-1.7588633881811903e-05
0.23100000000000018,0,0,0,0,0.024625267113099758,0.0,0.0,0.0,0.5549952411728092,1.1756282054701044e-05,0.4596955579138152,0.006363450791085524,-5.359491524782767e-05,-0.03366032096346299,0.5544994780317353,3.8164741795656373e-17,0.0004959025128139815,0.20742210426204988,0.0,0.0,1.0,0.0,0.0,0.0,0.0,0.0,0.0,0.0,0.0,0.0,0.0,0.0,0.0,0.0,0.0,0.055,0.3,0.3,0.0,0.0,0.0,1.1706692989093721e-06,0,0,0,0,0,inf,inf,0,0,0.0,1.4914650645458014,-9.086208602577338e-06,0.001756121271118815,-1.3111178430919327e-05,-1.5803349354541987,9.039162519636063e-05,1.578471978371769,-0.7853243701574179,-1.202289910427831e-05,0.016452736678190118,-2.2783445711252914e-05,-0.06317053011652578,-0.00012644356569673922,0.06070791596723034,-5.123706702995154e-05,-0.001270491896632769,-26.021767564975715,0.0005298276565731568,19.18238735269762,0.7368494094310323,1.8591753097547012,-5.003410914394142e-05,-0.001270491896632769,-26.021767564975715,0.0005298276565731568,19.18238735269762,0.7368494094310323,1.8591753097547012,-5.003410914394142e-05
0.2410000000000002,0,0,0,0,0.024282208643444547,0.0,0.0,0.0,0.5550602268117346,1.120275848325496e-05,0.4593560420896724,0.0066031959555118685,-5.6728850762863576e-05,-0.034181390609697375,0.5544994780317353,3.8164741795656373e-17,0.0005608606743821361,0.21824043145680505,0.0,0.0,1.0,0.0,0.0,0.0,0.0,0.0,0.0,0.0,0.0,0.0,0.0,0.0,0.0,0.0,0.0,0.055,0.3,0.3,0.0,0.0,0.0,1.0725168217737384e-06,0,0,0,0,0,inf,inf,0,0,0.0,1.4908291390858721,-9.193396142935155e-06,0.001923394553277294,-1.3318565024938123e-05,-1.580970860914128,8.899153049447986e-05,1.579086271435686,-0.7853248396994655,-9.702411703250513e-06,0.01694303056710062,-1.911314578586353e-05,-0.06392621819786264,-0.00015068136205943425,0.06200271525761411,-4.352538184635465e-05,-0.001093797602538217,-26.05328317691803,0.000874773208969185,19.198054158685807,0.7372551134465278,1.8599831915765221,-8.351385828912518e-05,-0.001093797602538217,-26.05328317691803,0.000874773208969185,19.198054158685807,0.7372551134465278,1.8599831915765221,-8.351385828912518e-05
0.25100000000000017,0,0,0,0,0.023934279296563332,0.0,0.0,0.0,0.5551274777572154,1.0620031534895716e-05,0.45901163831061165,0.006818834265403425,-5.947978473271769e-05,-0.03464422098380477,0.5544994780317353,3.8164741795656373e-17,0.0006280895161303806,0.22902330471575122,0.0,0.0,1.0,0.0,0.0,0.0,0.0,0.0,0.0,0.0,0.0,0.0,0.0,0.0,0.0,0.0,0.0,0.055,0.3,0.3,0.0,0.0,0.0,9.803925178356107e-07,0,0,0,0,0,inf,inf,0,0,0.0,1.490186066061107,-9.279250058157585e-06,0.0020952396991361375,-1.3491015418215395e-05,-1.581613933938893,8.736453538499907e-05,1.579712906662663,-0.7853252349796409,-7.722957889748e-06,0.01737295450746242,-1.576585709526437e-05,-0.0646087586440511,-0.0001721206116149095,0.06318821443083437,-3.633961178895972e-05,-0.0009170947710542381,-26.084432715896526,0.0012243872735942395,19.21324182519859,0.7376424251388503,1.8606862667131439,-0.00011779410062126152,-0.0009170947710542381,-26.084432715896526,0.0012243872735942395,19.21324182519859,0.7376424251388503,1.8606862667131439,-0.00011779410062126152
0.2610000000000002,0,0,0,0,0.02358204969542449,0.0,0.0,0.0,0.5551967527422639,1.001173398378679e-05,0.45866291332720394,0.007010359779898188,-6.188280995420244e-05,-0.03505165938726695,0.5544994780317353,3.8164741795656373e-17,0.0006973465829557871,0.23975737983056902,0.0,0.0,1.0,0.0,0.0,0.0,0.0,0.0,0.0,0.0,0.0,0.0,0.0,0.0,0.0,0.0,0.0,0.055,0.3,0.3,0.0,0.0,0.0,8.942319019093622e-07,0,0,0,0,0,inf,inf,0,0,0.0,1.4895365311517166,-9.347197928371764e-06,0.0022710475205876468,-1.3631811660909682e-05,-1.5822634688482835,8.553804128843839e-05,1.5803508223663716,-0.7853255614818951,-6.086734732873237e-06,0.017741580383697778,-1.2750021934583624e-05,-0.06522640807001868,-0.0001908685420048616,0.06427011543204063,-2.9718672780514807e-05,-0.0007405386024997319,-26.11512536714837,0.0015778996871399636,19.22792713508087,0.7380109403269034,1.8612921099937765,-0.00015265200311427154,-0.0007405386024997319,-26.11512536714837,0.0015778996871399636,19.22792713508087,0.7380109403269034,1.8612921099937765,-0.00015265200311427154
0.2710000000000002,0,0,0,0,0.023226061551175237,0.0,0.0,0.0,0.5552678112728257,9.381175666292131e-06,0.45831040526327704,0.0071779155965615024,-6.396801780101933e-05,-0.03540657875479227,0.5544994780317353,3.8164741795656373e-17,0.0007683905099760985,0.2504302210371828,0.0,0.0,1.0,0.0,0.0,0.0,0.0,0.0,0.0,0.0,0.0,0.0,0.0,0.0,0.0,0.0,0.0,0.055,0.3,0.3,0.0,0.0,0.0,8.139533025589061e-07,0,0,0,0,0,inf,inf,0,0,0.0,1.4888811400388267,-9.400656397077125e-06,0.002450202043911042,-1.3744285108426122e-05,-1.5829188599611734,8.353834146698113e-05,1.5809990141180388,-0.7853258250099246,-4.790071829821346e-06,0.018048428809216935,-1.006781983318649e-05,-0.06578695626976687,-0.00020703873878049668,0.06525415831602958,-2.3689041334698325e-05,-0.0005643319737791688,-26.145278510966225,0.0019344843674643285,19.242091203428632,0.7383603687975107,1.861808101174525,-0.0001878763449501755,-0.0005643319737791688,-26.145278510966225,0.0019344843674643285,19.242091203428632,0.7383603687975107,1.861808101174525,-0.0001878763449501755
0.2810000000000002,0,0,0,0,0.022866827501158538,0.0,0.0,0.0,0.5553404150402058,8.731390416231055e-06,0.4579546234418115,0.007321779709132981,-6.576105366025636e-05,-0.035711862889039256,0.5544994780317353,3.8164741795656373e-17,0.0008409823359583643,0.2610302698810102,0.0,0.0,1.0,0.0,0.0,0.0,0.0,0.0,0.0,0.0,0.0,0.0,0.0,0.0,0.0,0.0,0.0,0.055,0.3,0.3,0.0,0.0,0.0,7.39461354346803e-07,0,0,0,0,0,inf,inf,0,0,0.0,1.4882204230708276,-9.442976679024679e-06,0.002632084814245782,-1.3831758199904365e-05,-1.5835795769291725,8.139056344552089e-05,1.581656534943227,-0.7853260315693797,-3.824187057689689e-06,0.018293435948784992,-7.715962597944349e-06,-0.06629772692628794,-0.000220750061512828,0.06614608817509034,-1.8265951324902753e-05,-0.0003887209840204008,-26.17481750395353,0.002293268377627147,19.255719223510678,0.7386905268006803,1.8622414070195226,-0.00022326804917302467,-0.0003887209840204008,-26.17481750395353,0.002293268377627147,19.255719223510678,0.7386905268006803,1.8622414070195226,-0.00022326804917302467
0.2910000000000002,0,0,0,0,0.022504831088246524,0.0,0.0,0.0,0.5554143291951457,8.065177591163304e-06,0.4575960483524737,0.007442351435264781,-6.72836449324019e-05,-0.03597039278466667,0.5544994780317353,3.8164741795656373e-17,0.0009148867133601414,0.2715468143197684,0.0,0.0,1.0,0.0,0.0,0.0,0.0,0.0,0.0,0.0,0.0,0.0,0.0,0.0,0.0,0.0,0.0,0.055,0.3,0.3,0.0,0.0,0.0,6.706504425836379e-07,0,0,0,0,0,inf,inf,0,0,0.0,1.4875548399094565,-9.477397444250233e-06,0.002816078870826275,-1.3897493960439908e-05,-1.5842451600905436,7.911862200776461e-05,1.5823224952037938,-0.7853261872618923,-3.1759087344112265e-06,0.018476920823190607,-5.686447841493003e-06,-0.0667655806802085,-0.00023212560828917263,0.06695162494016227,-1.345456281503292e-05,-0.0002139901663342992,-26.203675439623442,0.0026533409769804034,19.26880021411278,0.7390013296828366,1.8625989658368411,-0.0002586405887889079,-0.0002139901663342992,-26.203675439623442,0.0026533409769804034,19.26880021411278,0.7390013296828366,1.8625989658368411,-0.0002586405887889079
0.3010000000000002,0,0,0,0,0.022140526870744748,0.0,0.0,0.0,0.5554893234893612,7.38513848486487e-06,0.4572351317500332,0.007540138432082318,-6.85540994713505e-05,-0.036185034012856214,0.5544994780317353,3.8164741795656373e-17,0.000989873007134309,0.28196995806095265,0.0,0.0,1.0,0.0,0.0,0.0,0.0,0.0,0.0,0.0,0.0,0.0,0.0,0.0,0.0,0.0,0.0,0.055,0.3,0.3,0.0,0.0,0.0,6.074080303132573e-07,0,0,0,0,0,inf,inf,0,0,0.0,1.4868847841333144,-9.507004721685283e-06,0.0030015723985379124,-1.3944652801896765e-05,-1.5849152158666857,7.674518226924577e-05,1.5829960621931167,-0.7853262981906055,-2.8283605760203792e-06,0.018599553227938048,-3.967269248205811e-06,-0.0671969203234486,-0.0002412917311206969,0.06767643593770628,-9.251095757721878e-06,-4.0457461417395675e-05,-26.231792891058426,0.003013762568052919,19.281326769248196,0.7392927846735009,1.862887474329471,-0.00029382027590321713,-4.0457461417395675e-05,-26.231792891058426,0.003013762568052919,19.281326769248196,0.7392927846735009,1.862887474329471,-0.00029382027590321713
0.3110000000000002,0,0,0,0,0.021774340652456314,0.0,0.0,0.0,0.5555651732904872,6.693707920716927e-06,0.45687229687324005,0.007615744312318293,-6.958777290536765e-05,-0.036358625136231976,0.5544994780317353,3.8164741795656373e-17,0.00106571628037296,0.2922905901382536,0.0,0.0,1.0,0.0,0.0,0.0,0.0,0.0,0.0,0.0,0.0,0.0,0.0,0.0,0.0,0.0,0.0,0.055,0.3,0.3,0.0,0.0,0.0,5.496177232707236e-07,0,0,0,0,0,inf,inf,0,0,0.0,1.4862105877787979,-9.53469843472486e-06,0.0031879620625901045,-1.3976256182201944e-05,-1.5855894122212022,7.429163230654096e-05,1.5836764594714936,-0.785326370376817,-2.761606744057155e-06,0.018662322382990176,-2.5430822828743165e-06,-0.06759769789736145,-0.00024837710429394396,0.06832611108534628,-5.6439224370679645e-06,0.0001315309578093501,-26.25911763820555,0.003373573455636882,19.293294811106662,0.7395649838386704,1.8631133766208732,-0.00032864644152460717,0.0001315309578093501,-26.25911763820555,0.003373573455636882,19.293294811106662,0.7395649838386704,1.8631133766208732,-0.00032864644152460717
0.32100000000000023,0,0,0,0,0.021406669822763846,0.0,0.0,0.0,0.555641660476494,5.9931813534040755e-06,0.45650793877401513,0.007669856869190124,-7.039750378363874e-05,-0.03649396712297095,0.5544994780317353,3.8164741795656373e-17,0.0011421981681554844,0.30250035473530873,0.0,0.0,1.0,0.0,0.0,0.0,0.0,0.0,0.0,0.0,0.0,0.0,0.0,0.0,0.0,0.0,0.0,0.055,0.3,0.3,0.0,0.0,0.0,4.971618153504689e-07,0,0,0,0,0,inf,inf,0,0,0.0,1.4855325258005505,-9.563165158541816e-06,0.003374656034195286,-1.3995156672466588e-05,-1.5862674741994496,7.177806480430938e-05,1.584362965967472,-0.7853264096872953,-2.9532550750534143e-06,0.018666506416716758,-1.395824482201211e-06,-0.06797342348730179,-0.000253511847226599,0.06890614060989272,-2.614613530033749e-06,0.00030160593018861486,-26.285604382249012,0.003731802344452445,19.30470334704992,0.739818097213552,1.8632828553200014,-0.00036297151420162384,0.00030160593018861486,-26.285604382249012,0.003731802344452445,19.30470334704992,0.739818097213552,1.8632828553200014,-0.00036297151420162384
0.33100000000000024,0,0,0,0,0.02103788379693161,0.0,0.0,0.0,0.5557185742156877,5.285737795486565e-06,0.45614242474714883,0.007703236914116957,-7.099401594824434e-05,-0.03659381372783879,0.5544994780317353,3.8164741795656373e-17,0.0012191076428074111,0.3125916212722039,0.0,0.0,1.0,0.0,0.0,0.0,0.0,0.0,0.0,0.0,0.0,0.0,0.0,0.0,0.0,0.0,0.0,0.055,0.3,0.3,0.0,0.0,0.0,4.4992289751654967e-07,0,0,0,0,0,inf,inf,0,0,0.0,1.484850820435562,-9.594856673780665e-06,0.003561076716101801,-1.4004013974978682e-05,-1.5869491795644382,6.922326716852321e-05,1.585054914869688,-0.7853264217717829,-3.3790172828385613e-06,0.01861364277411528,-5.052898831138572e-07,-0.06832917551742451,-0.0002568267029595689,0.06942189517201153,-1.3893357338905823e-07,0.00046938054643837164,-26.311214449359923,0.0040874745106380264,19.31555423139125,0.7400523661263804,1.8634018244954134,-0.00039666100530160825,0.00046938054643837164,-26.311214449359923,0.0040874745106380264,19.31555423139125,0.7400523661263804,1.8634018244954134,-0.00039666100530160825
0.34100000000000025,0,0,0,0,0.020668324547137962,0.0,0.0,0.0,0.5557957116384319,4.5734589047275474e-06,0.4557760948510128,0.007716707727727897,-7.138628792992004e-05,-0.03666086280693149,0.5544994780317353,3.8164741795656373e-17,0.0012962416748647121,0.3225574547727258,0.0,0.0,1.0,0.0,0.0,0.0,0.0,0.0,0.0,0.0,0.0,0.0,0.0,0.0,0.0,0.0,0.0,0.055,0.3,0.3,0.0,0.0,0.0,4.0778391496625953e-07,0,0,0,0,0,inf,inf,0,0,0.0,1.4841656454569367,-9.631973882582298e-06,0.0037466631776607836,-1.4005276432807638e-05,-1.5876343545430633,6.664471954530147e-05,1.5857516923326513,-0.7853264120101588,-4.013225531706372e-06,0.01850549962703643,1.5034246991412827e-07,-0.06866961236084429,-0.0002584522729974942,0.06987860828246681,1.812217501904698e-06,0.0006344553212749049,-26.335915485991023,0.004439619591813798,19.325851932627558,0.7402680967243567,1.8634759244292407,-0.000429593408802624,0.0006344553212749049,-26.335915485991023,0.004439619591813798,19.325851932627558,0.7402680967243567,1.8634759244292407,-0.000429593408802624
0.35100000000000026,0,0,0,0,0.020298307215098177,0.0,0.0,0.0,0.5558728784067146,3.858344556619404e-06,0.45540926251014,0.007711145121402671,-7.158188951899967e-05,-0.03669774853204147,0.5544994780317353,3.8164741795656373e-17,0.0013734057946638118,0.33239158653487233,0.0,0.0,1.0,0.0,0.0,0.0,0.0,0.0,0.0,0.0,0.0,0.0,0.0,0.0,0.0,0.0,0.0,0.055,0.3,0.3,0.0,0.0,0.0,3.706258697435328e-07,0,0,0,0,0,inf,inf,0,0,0.0,1.4834771303051422,-9.676455649822923e-06,0.003930873309820057,-1.400116757319287e-05,-1.588322869694858,6.405860017970847e-05,1.5864527360187624,-0.7853263854687068,-4.829305303148083e-06,0.018344048352537785,5.940256354615621e-07,-0.06899898509113654,-0.0002585183088277056,0.07028136089571382,3.271919319003908e-06,0.00079642323949781,-26.35968114775173,0.004787278947534786,19.335603306727307,0.740465653710511,1.8635105180287004,-0.0004616600231382549,0.00079642323949781,-26.35968114775173,0.004787278947534786,19.335603306727307,0.740465653710511,1.8635105180287004,-0.0004616600231382549
0.36100000000000027,0,0,0,0,0.019928120797468862,0.0,0.0,0.0,0.5559498891876368,3.142325231935514e-06,0.4550422151908628,0.007687468103734301,-7.158728597161212e-05,-0.03670703446982468,0.5544994780317353,3.8164741795656373e-17,0.0014504145598315623,0.34208838512926587,0.0,0.0,1.0,0.0,0.0,0.0,0.0,0.0,0.0,0.0,0.0,0.0,0.0,0.0,0.0,0.0,0.0,0.055,0.3,0.3,0.0,0.0,0.0,3.3832231074544415e-07,0,0,0,0,0,inf,inf,0,0,0.0,1.4827853640862356,-9.729972134206753e-06,0.004113185711038728,-1.399367723176318e-05,-1.5890146359137645,6.147979754764972e-05,1.5871575334977066,-0.7853263468649166,-5.800204928307285e-06,0.018131437134582703,8.494068694005376e-07,-0.069321151211598,-0.0002571530600871137,0.07063506806752962,4.276404298618811e-06,0.0009548746264909952,-26.382490783766663,0.005129512551351351,19.344817377007583,0.7406454543003939,1.8635106887734127,-0.0004927647027461598,0.0009548746264909952,-26.382490783766663,0.005129512551351351,19.344817377007583,0.7406454543003939,1.8635106887734127,-0.0004927647027461598
0.3710000000000003,0,0,0,0,0.019558028895594326,0.0,0.0,0.0,0.5560265680368379,2.427271535602632e-06,0.45467521514156417,0.007646630143804681,-7.140811057684578e-05,-0.0366912074903131,0.5544994780317353,3.8164741795656373e-17,0.0015270919341452617,0.3516428277517347,0.0,0.0,1.0,0.0,0.0,0.0,0.0,0.0,0.0,0.0,0.0,0.0,0.0,0.0,0.0,0.0,0.0,0.055,0.3,0.3,0.0,0.0,0.0,3.1073004587050845e-07,0,0,0,0,0,inf,inf,0,0,0.0,1.4820903994281416,-9.79392217972961e-06,0.004293101315611523,-1.398455681265958e-05,-1.5897096005718585,5.892192869609491e-05,1.5878656205232597,-0.7853263005402255,-6.898782540137006e-06,0.0178699657340687,9.404337680250522e-07,-0.06963958920875112,-0.0002544826790129899,0.07094446756447377,4.864290341154977e-06,0.0011094017998240955,-26.404329118294857,0.005465405382585334,19.353505121070707,0.7408079624056392,1.8634812400830878,-0.0005228235466805271,0.0011094017998240955,-26.404329118294857,0.005465405382585334,19.353505121070707,0.7408079624056392,1.8634812400830878,-0.0005228235466805271
0.3810000000000003,0,0,0,0,0.0191882705214923,0.0,0.0,0.0,0.5561027486977678,1.7150011609386553e-06,0.45430850018943814,0.007589611020994728,-7.10494065395788e-05,-0.03665267246879726,0.5544994780317353,3.8164741795656373e-17,0.0016032715832912613,0.3610504719590137,0.0,0.0,1.0,0.0,0.0,0.0,0.0,0.0,0.0,0.0,0.0,0.0,0.0,0.0,0.0,0.0,0.0,0.055,0.3,0.3,0.0,0.0,0.0,2.876764121377375e-07,0,0,0,0,0,inf,inf,0,0,0.0,1.481392256187539,-9.869434347377723e-06,0.004470144776288547,-1.3975318250480234e-05,-1.590407743812461,5.639736323224457e-05,1.5885765792063966,-0.7853262504401025,-8.098151519737539e-06,0.017562061462597076,8.910032567814693e-07,-0.06995741378629607,-0.0002506306805083331,0.07121411031429399,5.075873482734195e-06,0.0012596034646516106,-26.42518593126053,0.00579407329297613,19.3616792652061,0.7409536830506012,1.863426695992976,-0.0005517645310322642,0.0012596034646516106,-26.42518593126053,0.00579407329297613,19.3616792652061,0.7409536830506012,1.863426695992976,-0.0005517645310322642
0.3910000000000003,0,0,0,0,0.01881906095235264,0.0,0.0,0.0,0.5561782748226147,1.007283598330733e-06,0.4539422845860306,0.007517409249152185,-7.051583932691282e-05,-0.03659374774471063,0.5544994780317353,3.8164741795656373e-17,0.001678797093066165,0.3703074278161039,0.0,0.0,1.0,0.0,0.0,0.0,0.0,0.0,0.0,0.0,0.0,0.0,0.0,0.0,0.0,0.0,0.0,0.055,0.3,0.3,0.0,0.0,0.0,2.6894505191761867e-07,0,0,0,0,0,inf,inf,0,0,0.0,1.4806909250012945,-9.957371179173321e-06,0.0046438656133806116,-1.3967236253323352e-05,-1.5911090749987056,5.3917252410459307e-05,1.5892900361025197,-0.7853262001008786,-9.371985776428362e-06,0.017210256386455666,7.246519858661994e-07,-0.07027739164512412,-0.0002457174568823696,0.07144835258784284,4.9524804927059185e-06,0.001405088823213477,-26.445055739229872,0.0061146683313564884,19.369354086605522,0.74108315702654,1.8633513030286786,-0.0005795270927509444,0.001405088823213477,-26.445055739229872,0.0061146683313564884,19.369354086605522,0.74108315702654,1.8633513030286786,-0.0005795270927509444
0.4010000000000003,0,0,0,0,0.01845059262618093,0.0,0.0,0.0,0.5562530001205512,3.058428771710042e-07,0.4535767598941909,0.007431035061316846,-6.981188078111041e-05,-0.03651666130086447,0.5544994780317353,3.8164741795656373e-17,0.0017535221154879569,0.379410330484751,0.0,0.0,1.0,0.0,0.0,0.0,0.0,0.0,0.0,0.0,0.0,0.0,0.0,0.0,0.0,0.0,0.0,0.055,0.3,0.3,0.0,0.0,0.0,2.542640547258241e-07,0,0,0,0,0,inf,inf,0,0,0.0,1.4799863706776855,-1.0058336301311654e-05,0.0048138391427586585,-1.3961353421751445e-05,-1.5918136293223146,5.1491562776642384e-05,1.5900056602295285,-0.7853261526427209,-1.0694786418999065e-05,0.01681716577896445,4.6428648808499176e-07,-0.07060195768411379,-0.0002398598460484079,0.07165134980476574,4.535880903345014e-06,0.001545481372929419,-26.463937478242716,0.006426383514143819,19.376545223675304,0.7411969557884034,1.863259033175124,-0.0006060616706104272,0.001545481372929419,-26.463937478242716,0.006426383514143819,19.376545223675304,0.7411969557884034,1.863259033175124,-0.0006060616706104272
0.4110000000000003,0,0,0,0,0.018083036071592895,0.0,0.0,0.0,0.556326788438832,-3.876413842992615e-07,0.4532120959094368,0.007331503939808628,-6.894196643983803e-05,-0.03642354762623056,0.5544994780317353,3.8164741795656373e-17,0.001827310448213387,0.3883563132822527,0.0,0.0,1.0,0.0,0.0,0.0,0.0,0.0,0.0,0.0,0.0,0.0,0.0,0.0,0.0,0.0,0.0,0.055,0.3,0.3,0.0,0.0,0.0,2.4330140985665296e-07,0,0,0,0,0,inf,inf,0,0,0.0,1.4792785354238471,-1.0172683989684095e-05,0.00497966719529445,-1.395848785590851e-05,-1.592521464576153,4.912911384311537e-05,1.5907231610323749,-0.7853261107681649,-1.2042111547558373e-05,0.01638546783161245,1.319512829240274e-07,-0.07093323150526575,-0.00023317075177586798,0.07182705185708722,3.867757500645746e-06,0.0016804223742257912,-26.481834189801432,0.0067284570368302985,19.383269494681258,0.7412956765953226,1.863153587840692,-0.0006313292105411102,0.0016804223742257912,-26.481834189801432,0.0067284570368302985,19.383269494681258,0.7412956765953226,1.863153587840692,-0.0006313292105411102
0.4210000000000003,0,0,0,0,0.017716540865121755,0.0,0.0,0.0,0.556399513782108,-1.0715343626269388e-06,0.45284844160909543,0.007219830675320601,-6.791062759232787e-05,-0.03631644522541854,0.5544994780317353,3.8164741795656373e-17,0.0019000360525211473,0.39714298123938685,0.0,0.0,1.0,0.0,0.0,0.0,0.0,0.0,0.0,0.0,0.0,0.0,0.0,0.0,0.0,0.0,0.0,0.055,0.3,0.3,0.0,0.0,0.0,2.3567162659739808e-07,0,0,0,0,0,inf,inf,0,0,0.0,1.4785673419070018,-1.0300530839151818e-05,0.005140978640354122,-1.3959242881996851e-05,-1.5932326580929983,4.68376192823491e-05,1.5914422863087214,-0.785326076765627,-1.3390771029882348e-05,0.015917884627271006,-2.513670311653932e-07,-0.07127303411527605,-0.00022575881433975899,0.07197919984693289,2.9892339186367576e-06,0.0018095739743145152,-26.498752711202933,0.007020175926542033,19.38954472490181,0.7413799378985322,1.8630384027180764,-0.0006553006407985645,0.0018095739743145152,-26.498752711202933,0.007020175926542033,19.38954472490181,0.7413799378985322,1.8630384027180764,-0.0006553006407985645
0.4310000000000003,0,0,0,0,0.017351236609783216,0.0,0.0,0.0,0.5564710602751493,-1.7442476002936155e-06,0.45248592612296085,0.007097023937664612,-6.67225996888537e-05,-0.0361972947380744,0.5544994780317353,3.8164741795656373e-17,0.001971583014976799,0.40576838518531033,0.0,0.0,1.0,0.0,0.0,0.0,0.0,0.0,0.0,0.0,0.0,0.0,0.0,0.0,0.0,0.0,0.0,0.055,0.3,0.3,0.0,0.0,0.0,2.309538230592906e-07,0,0,0,0,0,inf,inf,0,0,0.0,1.4778526961480616,-1.0441769197151058e-05,0.005297429725952461,-1.3964018549544627e-05,-1.5939473038519385,4.462373114530249e-05,1.5921628201092775,-0.785326052517335,-1.4718988227380328e-05,0.015417164372189795,-6.659017686146966e-07,-0.07162290472393334,-0.00021772812977779928,0.07211132413684497,1.940457655428505e-06,0.0019326219770815958,-26.514703371296363,0.0073008791403087,19.395389582420943,0.7414503749760704,1.8629166534513273,-0.000677956322966652,0.0019326219770815958,-26.514703371296363,0.0073008791403087,19.395389582420943,0.7414503749760704,1.8629166534513273,-0.000677956322966652
0.44100000000000034,0,0,0,0,0.016987233928999756,0.0,0.0,0.0,0.5565413220740045,-2.404241540592659e-06,0.4521246597195693,0.0069640813400307765,-6.53829087625982e-05,-0.036067937631609225,0.5544994780317353,3.8164741795656373e-17,0.002041845457748419,0.41423099638607763,0.0,0.0,1.0,0.0,0.0,0.0,0.0,0.0,0.0,0.0,0.0,0.0,0.0,0.0,0.0,0.0,0.0,0.055,0.3,0.3,0.0,0.0,0.0,2.2871719899603406e-07,0,0,0,0,0,inf,inf,0,0,0.0,1.477134490247147,-1.0596082042267663e-05,0.005448704248109203,-1.3973024572100288e-05,-1.594665509752853,4.249308662901872e-05,1.5928845806253935,-0.7853260395111309,-1.6006530704472276e-05,0.01488606487745111,-1.0932363873198089e-06,-0.07198411754773511,-0.00020917801578104777,0.07222674361366173,7.602365061548903e-07,0.0020492782550343316,-26.529699692642108,0.007569960119255247,19.400823422641004,0.7415076358149836,1.8627912620195202,-0.0006992854845015179,0.0020492782550343316,-26.529699692642108,0.007569960119255247,19.400823422641004,0.7415076358149836,1.8627912620195202,-0.0006992854845015179
0.45100000000000035,0,0,0,0,0.016624625470353205,0.0,0.0,0.0,0.5566102032304217,-3.0500288120366396e-06,0.4517647348025588,0.006821984977973211,-6.389693755796343e-05,-0.035930115430958864,0.5544994780317353,3.8164741795656373e-17,0.0021107274023533726,0.4225296817623067,0.0,0.0,1.0,0.0,0.0,0.0,0.0,0.0,0.0,0.0,0.0,0.0,0.0,0.0,0.0,0.0,0.0,0.055,0.3,0.3,0.0,0.0,0.0,2.2854721696763716e-07,0,0,0,0,0,inf,inf,0,0,0.0,1.4764126049414346,-1.076295900901605e-05,0.005594513561824724,-1.3986294405874987e-05,-1.5953873950585655,4.0450356938584566e-05,1.593607418075517,-0.7853260388556285,-1.723481199935414e-05,0.014327338275054998,-1.5164051714082311e-06,-0.07235769853485295,-0.0002002028221245067,0.07232856606954396,-5.142738234347306e-07,0.002159282802142261,-26.54375810095031,0.007826868811818334,19.405866141553908,0.7415523772402037,1.862664903752896,-0.0007192856375273716,0.002159282802142261,-26.54375810095031,0.007826868811818334,19.405866141553908,0.7415523772402037,1.862664903752896,-0.0007192856375273716
0.46100000000000035,0,0,0,0,0.016263486913999592,0.0,0.0,0.0,0.5566776175141795,-3.6801780700176736e-06,0.45140622691194526,0.006671697423834398,-6.227047307310234e-05,-0.0357854694494741,0.5544994780317353,3.8164741795656373e-17,0.002178142591451083,0.4306636797096447,0.0,0.0,1.0,0.0,0.0,0.0,0.0,0.0,0.0,0.0,0.0,0.0,0.0,0.0,0.0,0.0,0.0,0.055,0.3,0.3,0.0,0.0,0.0,2.300664158641753e-07,0,0,0,0,0,inf,inf,0,0,0.0,1.4756869119965468,-1.0941713280975136e-05,0.005734596445916294,-1.4003700183200996e-05,-1.5961130880034533,3.849929781003188e-05,1.5943312126011655,-0.7853260512982226,-1.8386966555391283e-05,0.013743716948812592,-1.9199666137983105e-06,-0.07274444193504731,-0.00019089178343902155,0.07241968960652936,-1.847833356296952e-06,0.002262405430489069,-26.55689764258155,0.00807111318329515,19.410538037769,0.7415852612875851,1.862540014902169,-0.0007379619890871769,0.002262405430489069,-26.55689764258155,0.00807111318329515,19.410538037769,0.7415852612875851,1.862540014902169,-0.0007379619890871769
0.47100000000000036,0,0,0,0,0.01590387798092685,0.0,0.0,0.0,0.5567434881977743,-4.293318222053357e-06,0.45104919572549285,0.006514158156959531,-6.0509737211761255e-05,-0.035635540985534064,0.5544994780317353,3.8164741795656373e-17,0.002244014273098077,0.4386325765442661,0.0,0.0,1.0,0.0,0.0,0.0,0.0,0.0,0.0,0.0,0.0,0.0,0.0,0.0,0.0,0.0,0.0,0.055,0.3,0.3,0.0,0.0,0.0,2.329466927386038e-07,0,0,0,0,0,inf,inf,0,0,0.0,1.4749572764334264,-1.1131499095436609e-05,0.005868718833732771,-1.402496824021247e-05,-1.5968427235665736,3.6642801283420155e-05,1.5950558721821446,-0.7853260772454801,-1.94478999116759e-05,0.013137900655731734,-2.2900517546025784e-06,-0.07314492664531286,-0.00018132891201624524,0.07250280497396992,-3.2073353612511834e-06,0.0023584471176191866,-26.56913971079657,0.008302260232435188,19.414859683254654,0.741606951819524,1.8624188006835192,-0.0007553268471978678,0.0023584471176191866,-26.56913971079657,0.008302260232435188,19.414859683254654,0.741606951819524,1.8624188006835192,-0.0007553268471978678
0.48100000000000037,0,0,0,0,0.015545843436597817,0.0,0.0,0.0,0.5568077478077152,-4.888142871391269e-06,0.45069368605571924,0.006350280409790157,-5.8621402228922424e-05,-0.03548177195006659,0.5544994780317353,3.8164741795656373e-17,0.0023082749516995116,0.4464362835930866,0.0,0.0,1.0,0.0,0.0,0.0,0.0,0.0,0.0,0.0,0.0,0.0,0.0,0.0,0.0,0.0,0.0,0.055,0.3,0.3,0.0,0.0,0.0,2.369130826344019e-07,0,0,0,0,0,inf,inf,0,0,0.0,1.474223558593276,-1.1331329623633581e-05,0.00599667342149989,-1.4049695000684946e-05,-1.5975764414067242,3.488294833861618e-05,1.595781330579869,-0.7853261167854645,-2.0404316235863796e-05,0.012512544809549888,-2.6143897231354596e-06,-0.07355953226894663,-0.00017159292830225427,0.07258039875126167,-4.561980470720981e-06,0.0024472410131630468,-26.58050778135851,0.008519936537455789,19.418851802719168,0.7416181113792831,1.8623032437275238,-0.0007713990268295703,0.0024472410131630468,-26.58050778135851,0.008519936537455789,19.418851802719168,0.7416181113792831,1.8623032437275238,-0.0007713990268295703
0.4910000000000004,0,0,0,0,0.015189414085861386,0.0,0.0,0.0,0.5568703378464712,-5.463414841506834e-06,0.4503397288384163,0.00618094840979028,-5.661259261163768e-05,-0.035325505890833823,0.5544994780317353,3.8164741795656373e-17,0.002370866109680491,0.45407501494769686,0.0,0.0,1.0,0.0,0.0,0.0,0.0,0.0,0.0,0.0,0.0,0.0,0.0,0.0,0.0,0.0,0.0,0.055,0.3,0.3,0.0,0.0,0.0,2.417410859695793e-07,0,0,0,0,0,inf,inf,0,0,0.0,1.4734856160437502,-1.1540095011282317e-05,0.006118279165744857,-1.4077363000294334e-05,-1.59831438395625,3.3221062030177015e-05,1.596507545316755,-0.7853261697115769,-2.1244725249761043e-05,0.011870249894506014,-2.8823127003082084e-06,-0.07398845483234794,-0.00016175722665435908,0.07265475729151566,-5.883410243909535e-06,0.0025286531172506272,-26.591027158001488,0.008723828357330852,19.42253516152246,0.7416193982802536,1.8621951128648666,-0.0007862032599222178,0.0025286531172506272,-26.591027158001488,0.008723828357330852,19.42253516152246,0.7416193982802536,1.8621951128648666,-0.0007862032599222178
0.5010000000000003,0,0,0,0,0.014834607755347562,0.0,0.0,0.0,0.5569312084889236,-6.017970650483729e-06,0.4499873421088977,0.006007014997103073,-5.4490874997968085e-05,-0.03516798938010009,0.5544994780317353,3.8164741795656373e-17,0.002431737903719946,0.46154926589718537,0.0,0.0,1.0,0.0,0.0,0.0,0.0,0.0,0.0,0.0,0.0,0.0,0.0,0.0,0.0,0.0,0.0,0.055,0.3,0.3,0.0,0.0,0.0,2.472501782741717e-07,0,0,0,0,0,inf,inf,0,0,0.0,1.4727433053300942,-1.175658038444389e-05,0.006233380680912379,-1.4107356857490382e-05,-1.5990566946699059,3.165776078207915e-05,1.5972344956988616,-0.7853262355475215,-2.195943055453828e-05,0.011213551974313249,-3.0847424735245447e-06,-0.07443172211018896,-0.00015188987392853563,0.07272797134511534,-7.145803057618946e-06,0.0026025826448509712,-26.600724728203506,0.008913681315499255,19.425930461981235,0.7416114639260017,1.862095972182518,-0.0007997696125444328,0.0026025826448509712,-26.600724728203506,0.008913681315499255,19.425930461981235,0.7416114639260017,1.862095972182518,-0.0007997696125444328
0.5110000000000003,0,0,0,0,0.014481430259899009,0.0,0.0,0.0,0.5569903182569729,-6.550724828139388e-06,0.44963653196252595,0.005829299597867137,-5.226423767643432e-05,-0.03501037373313673,0.5544994780317353,3.8164741795656373e-17,0.002490848839182634,0.4688597920548241,0.0,0.0,1.0,0.0,0.0,0.0,0.0,0.0,0.0,0.0,0.0,0.0,0.0,0.0,0.0,0.0,0.0,0.055,0.3,0.3,0.0,0.0,0.0,2.532957784857375e-07,0,0,0,0,0,inf,inf,0,0,0.0,1.4719964835753887,-1.1979483645484525e-05,0.006341847547918535,-1.413897901857462e-05,-1.5998035164246114,3.0193011527515718e-05,1.5979621808881384,-0.7853263135730387,-2.2540501307120328e-05,0.010544914258582568,-3.214160694962299e-06,-0.07488920851563301,-0.00014205363843426515,0.07280194128548707,-8.32593525358353e-06,0.0026689620919365478,-26.60962872961937,0.009089299694228233,19.42905824790271,0.7415949503554411,1.862007190291284,-0.000812132912860765,0.0026689620919365478,-26.60962872961937,0.009089299694228233,19.42905824790271,0.7415949503554411,1.862007190291284,-0.000812132912860765
0.5210000000000004,0,0,0,0,0.01412987634990892,0.0,0.0,0.0,0.5570476336757411,-7.060673975345374e-06,0.4492872934963824,0.005648586533237674,-4.9941061149665994e-05,-0.03485371702591836,0.5544994780317353,3.8164741795656373e-17,0.002548165426183227,0.47600758918955316,0.0,0.0,1.0,0.0,0.0,0.0,0.0,0.0,0.0,0.0,0.0,0.0,0.0,0.0,0.0,0.0,0.0,0.055,0.3,0.3,0.0,0.0,0.0,2.597612405295457e-07,0,0,0,0,0,inf,inf,0,0,0.0,1.4712450099344658,-1.2207432903082044e-05,0.0064435735439984446,-1.4171465125286928e-05,-1.6005549900655343,2.8826182403574292e-05,1.5986906180298954,-0.7853264028500705,-2.2981729134985434e-05,0.00986671968663731,-3.2645648806489324e-06,-0.07536064951802006,-0.000132306046811178,0.07287838286289344,-9.403210465281147e-06,0.002727757021061858,-26.61776852746221,0.009250545369309613,19.431938817160482,0.7415704880076783,1.8619299497478166,-0.0008233321921422174,0.002727757021061858,-26.61776852746221,0.009250545369309613,19.431938817160482,0.7415704880076783,1.8619299497478166,-0.0008233321921422174
0.5310000000000004,0,0,0,0,0.01377993063674443,0.0,0.0,0.0,0.5571031289146209,-7.546900489184865e-06,0.4489396117292582,0.0054656236443405845,-4.75300811702239e-05,-0.03469898638133349,0.5544994780317353,3.8164741795656373e-17,0.002603661820524704,0.4829938737734849,0.0,0.0,1.0,0.0,0.0,0.0,0.0,0.0,0.0,0.0,0.0,0.0,0.0,0.0,0.0,0.0,0.0,0.055,0.3,0.3,0.0,0.0,0.0,2.6655074888647385e-07,0,0,0,0,0,inf,inf,0,0,0.0,1.4704887469063956,-1.2439003398714694e-05,0.006538475803792121,-1.4203998873130454e-05,-1.6013112530936044,2.7556094735005764e-05,1.5994198404403843,-0.7853265022490584,-2.327857210567882e-05,0.00918126448672574,-3.2314121043361153e-06,-0.07584565555587813,-0.0001226994663832442,0.07295883341557903,-1.0359660033720853e-05,0.0027789655864249438,-26.62517440304738,0.009397336416452068,19.43459214210184,0.7415386937009903,1.8618652565778602,-0.000833410142147007,0.0027789655864249438,-26.62517440304738,0.009397336416452068,19.43459214210184,0.7415386937009903,1.8618652565778602,-0.000833410142147007
0.5410000000000004,0,0,0,0,0.013431568493743051,0.0,0.0,0.0,0.5571567854162296,-8.008575880942126e-06,0.44859346249745047,0.00528112121362179,-4.504034558542751e-05,-0.034547060494258375,0.5544994780317353,3.8164741795656373e-17,0.002657319452564125,0.48982006425117197,0.0,0.0,1.0,0.0,0.0,0.0,0.0,0.0,0.0,0.0,0.0,0.0,0.0,0.0,0.0,0.0,0.0,0.055,0.3,0.3,0.0,0.0,0.0,2.735834913363199e-07,0,0,0,0,0,inf,inf,0,0,0.0,1.4697275615107501,-1.2672733809804225e-05,0.00662649392118401,-1.4235726247693074e-05,-1.60207243848925,2.6381074065548705e-05,1.6001498958586906,-0.7853266104750999,-2.3428087489093258e-05,0.008490752667064753,-3.111552246481746e-06,-0.07634372541827103,-0.00011328121059263876,0.07304465847111695,-1.1179917376364334e-05,0.0028226178172369686,-26.631877353651973,0.009529645419035157,19.437037797558798,0.741500168818603,1.861813949851239,-0.0008424125903951842,0.0028226178172369686,-26.631877353651973,0.009529645419035157,19.437037797558798,0.741500168818603,1.861813949851239,-0.0008424125903951842
0.5510000000000004,0,0,0,0,0.013084756930545005,0.0,0.0,0.0,0.5572085915161141,-8.44496363625511e-06,0.44824881332412125,0.00509575116336326,-4.248116624329825e-05,-0.034398732366912786,0.5544994780317353,3.8164741795656373e-17,0.0027091266468465738,0.49648776303863823,0.0,0.0,1.0,0.0,0.0,0.0,0.0,0.0,0.0,0.0,0.0,0.0,0.0,0.0,0.0,0.0,0.0,0.055,0.3,0.3,0.0,0.0,0.0,2.8078916314337165e-07,0,0,0,0,0,inf,inf,0,0,0.0,1.4689613263330792,-1.2907141826618665e-05,0.006707589000969042,-1.4265769044285746e-05,-1.602838673666921,2.529900001907644e-05,1.600880844766486,-0.7853267260937187,-2.3428854968361546e-05,0.007797291393915573,-2.9031525588578615e-06,-0.07685425907233463,-0.00010409366514559353,0.07313705867440871,-1.1851169110627932e-05,0.002858774681280164,-26.637908903778317,0.009647497509351649,19.439294896218165,0.7414554976951364,1.8617767112637114,-0.0008503879957677598,0.002858774681280164,-26.637908903778317,0.009647497509351649,19.439294896218165,0.7414554976951364,1.8617767112637114,-0.0008503879957677598
0.5610000000000004,0,0,0,0,0.012739455438829705,0.0,0.0,0.0,0.5572585420558845,-8.855421571596883e-06,0.4479056242602858,0.004910146512479997,-3.9862067130913166e-05,-0.034254712227036896,0.5544994780317353,3.8164741795656373e-17,0.0027590782351803625,0.5029987392534249,0.0,0.0,1.0,0.0,0.0,0.0,0.0,0.0,0.0,0.0,0.0,0.0,0.0,0.0,0.0,0.0,0.0,0.055,0.3,0.3,0.0,0.0,0.0,2.881046844078098e-07,0,0,0,0,0,inf,inf,0,0,0.0,1.4681899204452464,-1.314073891612646e-05,0.00678174266896468,-1.429323759324599e-05,-1.6036100795547537,2.43073547961646e-05,1.6016127587785767,-0.7853268475560302,-2.3280891869184775e-05,0.007102887210975107,-2.6056152001240316e-06,-0.07737656991941086,-9.517443256506338e-05,0.07323707698233779,-1.2363085653670036e-05,0.002887526949067132,-26.643300927853293,0.009750968173277225,19.441382031090214,0.7414052461957145,1.861754074681836,-0.0008573869657806405,0.002887526949067132,-26.643300927853293,0.009750968173277225,19.441382031090214,0.7414052461957145,1.861754074681836,-0.0008573869657806405
0.5710000000000004,0,0,0,0,0.012395616807762466,0.0,0.0,0.0,0.5573066379922553,-9.23940365713807e-06,0.44756384869573085,0.004724901073111966,-3.7192729828975655e-05,-0.03411563060258158,0.5544994780317353,3.8164741795656373e-17,0.0028071751656294805,0.509354912178907,0.0,0.0,1.0,0.0,0.0,0.0,0.0,0.0,0.0,0.0,0.0,0.0,0.0,0.0,0.0,0.0,0.0,0.055,0.3,0.3,0.0,0.0,0.0,2.9547193623868146e-07,0,0,0,0,0,inf,inf,0,0,0.0,1.467413230206405,-1.3372044201201542e-05,0.006848956048727697,-1.4317242629204756e-05,-1.6043867697935952,2.3403270134416012e-05,1.6023457191065986,-0.7853269732231136,-2.298556188764572e-05,0.006409443053751999,-2.2194892871645483e-06,-0.07790989646644123,-8.655649290775914e-05,0.07334560606865446,-1.2707733935218524e-05,0.0029089938809150544,-26.64808548434357,0.009840180849624567,19.443317224806496,0.7413499604811216,1.8617464356134423,-0.0008634617970583858,0.0029089938809150544,-26.64808548434357,0.009840180849624567,19.443317224806496,0.7413499604811216,1.8617464356134423,-0.0008634617970583858
0.5810000000000004,0,0,0,0,0.012053187907743013,0.0,0.0,0.0,0.5573528860042865,-9.596461284301344e-06,0.44722343413845084,0.004540569368952392,-3.448293728074114e-05,-0.03398204152779077,0.5544994780317353,3.8164741795656373e-17,0.0028534241097123683,0.5155583354619176,0.0,0.0,1.0,0.0,0.0,0.0,0.0,0.0,0.0,0.0,0.0,0.0,0.0,0.0,0.0,0.0,0.0,0.055,0.3,0.3,0.0,0.0,0.0,3.0283630421677264e-07,0,0,0,0,0,inf,inf,0,0,0.0,1.466631149950525,-1.3599597397885343e-05,0.006909248712569028,-1.4336906257456091e-05,-1.6051688500494752,2.258357258287204e-05,1.6030798150976704,-0.7853271013894241,-2.254547870662966e-05,0.005718756012256879,-1.746378896478079e-06,-0.0784534134032543,-7.82683784749568e-05,0.0734633958861788,-1.287947473721588e-05,0.00292332175842255,-26.652294661211847,0.009915304354035412,19.445117885462775,0.7412901659508031,1.8617540605669038,-0.000868666040286367,0.00292332175842255,-26.652294661211847,0.009915304354035412,19.445117885462775,0.7412901659508031,1.8617540605669038,-0.000868666040286367
0.5910000000000004,0,0,0,0,0.011712110441267742,0.0,0.0,0.0,0.557397298100953,-9.926243965058145e-06,0.4468843229614109,0.004357666757736771,-3.17425167860253e-05,-0.03385442585676174,0.5544994780317353,3.8164741795656373e-17,0.002897837069933372,0.5216111820411694,0.0,0.0,1.0,0.0,0.0,0.0,0.0,0.0,0.0,0.0,0.0,0.0,0.0,0.0,0.0,0.0,0.0,0.055,0.3,0.3,0.0,0.0,0.0,3.1014583021655543e-07,0,0,0,0,0,inf,inf,0,0,0.0,1.4658435825664426,-1.3821970766802793e-05,0.006962657614092665,-1.4351371984283225e-05,-1.6059564174335574,2.184482696215323e-05,1.6038151428492982,-0.7853272303051052,-2.1964405798115232e-05,0.005032515795258177,-1.1888483356778826e-06,-0.07900624208005923,-7.033436043311045e-05,0.07359106133694762,-1.287484707547037e-05,0.002930682280788118,-26.65596043259924,0.00997655015556175,19.446800768719385,0.7412263663553937,1.8617770962672997,-0.0008730540899469257,0.002930682280788118,-26.65596043259924,0.00997655015556175,19.446800768719385,0.7412263663553937,1.8617770962672997,-0.0008730540899469257
0.6010000000000004,0,0,0,0,0.011372321659970819,0.0,0.0,0.0,0.5574398912309865,-1.0228499462409768e-05,0.4465464531156954,0.004176669740804227,-2.8981283043915094e-05,-0.03373319466180213,0.5544994780317353,3.8164741795656373e-17,0.0029404309895884207,0.5275157298030447,0.0,0.0,1.0,0.0,0.0,0.0,0.0,0.0,0.0,0.0,0.0,0.0,0.0,0.0,0.0,0.0,0.0,0.055,0.3,0.3,0.0,0.0,0.0,3.173508007891595e-07,0,0,0,0,0,inf,inf,0,0,0.0,1.4650504399764432,-1.4037780047295916e-05,0.007009236009017784,-1.4359813790676755e-05,-1.6067495600235568,2.1183377902259074e-05,1.6045518039013635,-0.7853273581970841,-2.124715361644453e-05,0.00435230384951369,-5.503258924374024e-07,-0.07956746038286251,-6.27746453434947e-05,0.07372909000432089,-1.2692441899138966e-05,0.0029312708488391354,-26.65911452657129,0.010024169535801057,19.44838194586175,0.7411590430717524,1.8618155786996202,-0.0008766808003541068,0.0029312708488391354,-26.65911452657129,0.010024169535801057,19.44838194586175,0.7411590430717524,1.8618155786996202,-0.0008766808003541068
0.6110000000000004,0,0,0,0,0.011033755047108684,0.0,0.0,0.0,0.5574806868967636,-1.0503073354214542e-05,0.4462097588093039,0.003998016443188798,-2.6208981982827705e-05,-0.033618692695137405,0.5544994780317353,3.8164741795656373e-17,0.002981227366618171,0.5332743479588546,0.0,0.0,1.0,0.0,0.0,0.0,0.0,0.0,0.0,0.0,0.0,0.0,0.0,0.0,0.0,0.0,0.0,0.055,0.3,0.3,0.0,0.0,0.0,3.2440363260960825e-07,0,0,0,0,0,inf,inf,0,0,0.0,1.4642516435194013,-1.424569435438117e-05,0.007049052370579319,-1.4361444240334628e-05,-1.6075483564805988,2.0595389369542812e-05,1.605289904005569,-0.7853274832888556,-2.0399475295496356e-05,0.003679593087767864,1.6499284371451084e-07,-0.08013611200765296,-5.5605579694958716e-05,0.07387784990450358,-1.233276726492044e-05,0.002925304755325529,-26.661788303728034,0.010058450655688847,19.44987677752019,0.7410886545310438,1.86186944195281,-0.0008796011275207585,0.002925304755325529,-26.661788303728034,0.010058450655688847,19.44987677752019,0.7410886545310438,1.86186944195281,-0.0008796011275207585
0.6210000000000004,0,0,0,0,0.010696340964984064,0.0,0.0,0.0,0.5575197107738685,-1.0749908041318876e-05,0.44587417115108574,0.0038221072482388604,-2.34352360344683e-05,-0.03351120189377728,0.5544994780317353,3.8164741795656373e-17,0.003020251873135196,0.538889484135583,0.0,0.0,1.0,0.0,0.0,0.0,0.0,0.0,0.0,0.0,0.0,0.0,0.0,0.0,0.0,0.0,0.0,0.055,0.3,0.3,0.0,0.0,0.0,3.3125894529818736e-07,0,0,0,0,0,inf,inf,0,0,0.0,1.463447124244468,-1.4444445029261914e-05,0.007082189305343107,-1.435552162318135e-05,-1.608352875755532,2.0076882112782174e-05,1.606029551972323,-0.785327603818881,-1.9427961871154414e-05,0.0030157481798835186,9.522411014173777e-07,-0.08071121513706578,-4.883986063917067e-05,0.07403759721820015,-1.1798106987630451e-05,0.0029130213027003245,-26.664012646443197,0.01007971555700262,19.451299892744828,0.7410156357925317,1.8619385268403945,-0.0008818697976896699,0.0029130213027003245,-26.664012646443197,0.01007971555700262,19.451299892744828,0.7410156357925317,1.8619385268403945,-0.0008818697976896699
0.6310000000000004,0,0,0,0,0.010360007266976279,0.0,0.0,0.0,0.5575569923377771,-1.0969041223280226e-05,0.4455396187594743,0.0036493055713426766,-2.0669491424355675e-05,-0.03341094490859557,0.5544994780317353,3.8164741795656373e-17,0.0030575339820704994,0.5443636521721669,0.0,0.0,1.0,0.0,0.0,0.0,0.0,0.0,0.0,0.0,0.0,0.0,0.0,0.0,0.0,0.0,0.0,0.055,0.3,0.3,0.0,0.0,0.0,3.3787374024159133e-07,0,0,0,0,0,inf,inf,0,0,0.0,1.4626368231212505,-1.4632833443844736e-05,0.007108742474819452,-1.434135614490414e-05,-1.6091631768787495,1.962376897582923e-05,1.6067708585946638,-0.785327718057545,-1.833993795999435e-05,0.002362026362237642,1.8059756118397352e-06,-0.08129177052584478,-4.2486751218127525e-05,0.07420848396636631,-1.1092374654210667e-05,0.0028946758668082777,-26.66581785846665,0.01008831712238205,19.452665173131344,0.7409403982540574,1.8620225892773137,-0.0008835410022079582,0.0028946758668082777,-26.66581785846665,0.01008831712238205,19.452665173131344,0.7409403982540574,1.8620225892773137,-0.0008835410022079582
0.6410000000000005,0,0,0,0,0.010024679874043929,0.0,0.0,0.0,0.557592564498981,-1.116060385555322e-05,0.44520602833588374,0.003479938757939327,-1.79209679764118e-05,-0.03331808863992179,0.5544994780317353,3.8164741795656373e-17,0.0030931066022587975,0.5496994206104439,0.0,0.0,1.0,0.0,0.0,0.0,0.0,0.0,0.0,0.0,0.0,0.0,0.0,0.0,0.0,0.0,0.0,0.055,0.3,0.3,0.0,0.0,0.0,3.4420762636779574e-07,0,0,0,0,0,inf,inf,0,0,0.0,1.4618206911723477,-1.4809737768526543e-05,0.007128819527815258,-1.4318315181201905e-05,-1.6099793088276524,1.9231888040787938e-05,1.607513935648472,-0.785327824322637,-1.714335873701404e-05,0.0017195787214380033,2.7202690829085456e-06,-0.08187676900377135,-3.655229848995449e-05,0.07439056559718689,-1.0220964721059686e-05,0.0028705399250993392,-26.667233574592366,0.010084636017133535,19.453985741690023,0.7408633294914757,1.8621213083942014,-0.0008846681188441815,0.0028705399250993392,-26.667233574592366,0.010084636017133535,19.453985741690023,0.7408633294914757,1.8621213083942014,-0.0008846681188441815
0.6510000000000005,0,0,0,0,0.009690283315735071,0.0,0.0,0.0,0.5576264632477114,-1.1324817624052605e-05,0.44487332520279754,0.003314299091589746,-1.5198611854042679e-05,-0.03323274776318423,0.5544994780317353,3.8164741795656373e-17,0.0031270057231203296,0.5548994018684484,0.0,0.0,1.0,0.0,0.0,0.0,0.0,0.0,0.0,0.0,0.0,0.0,0.0,0.0,0.0,0.0,0.0,0.055,0.3,0.3,0.0,0.0,0.0,3.5022305224967135e-07,0,0,0,0,0,inf,inf,0,0,0.0,1.4609986895340128,-1.4974118720476444e-05,0.0071425390480311735,-1.4285827622643164e-05,-1.6108013104659873,1.889703358097461e-05,1.6082588949679313,-0.785327920993333,-1.5846708968815164e-05,0.0010894519094869883,3.6887997889558714e-06,-0.08246519840685701,-3.1039553062332855e-05,0.0745838084544139,-9.190602287683243e-06,0.0028408990658954354,-26.668288680073843,0.010069077633697876,19.45527395615583,0.7407847932180487,1.8622342943732544,-0.0008853034590757052,0.0028408990658954354,-26.668288680073843,0.010069077633697876,19.45527395615583,0.7407847932180487,1.8622342943732544,-0.0008853034590757052
0.6610000000000005,0,0,0,0,0.009356741235882038,0.0,0.0,0.0,0.5576587273092882,-1.1461991963171481e-05,0.4445414338067216,0.0031526448985043235,-1.2511051585472133e-05,-0.03315498822936851,0.5544994780317353,3.8164741795656373e-17,0.003159270069965313,0.5599662420844432,0.0,0.0,1.0,0.0,0.0,0.0,0.0,0.0,0.0,0.0,0.0,0.0,0.0,0.0,0.0,0.0,0.0,0.055,0.3,0.3,0.0,0.0,0.0,3.5588551871001625e-07,0,0,0,0,0,inf,inf,0,0,0.0,1.460170789450587,-1.5125024316727563e-05,0.007150029520987985,-1.4243387342231652e-05,-1.611629210549413,1.861498481737271e-05,1.609005847594889,-0.7853280065226766,-1.4458904774035073e-05,0.00047259024872005134,4.704937697528066e-06,-0.08305604994948276,-2.5948788644445338e-05,0.0747880971001501,-8.009193001745835e-06,0.0028060509956998074,-26.669011239442067,0.010042069059518582,19.45654140643576,0.7407051293558611,1.8623610959922745,-0.0008854980409289727,0.0028060509956998074,-26.669011239442067,0.010042069059518582,19.45654140643576,0.7407051293558611,1.8623610959922745,-0.0008854980409289727
0.6710000000000005,0,0,0,0,0.009023976863332006,0.0,0.0,0.0,0.5576893978109878,-1.1572520654899687e-05,0.44421027818634706,0.002995201735556727,-9.86655765949754e-06,-0.03308483072625746,0.5544994780317353,3.8164741795656373e-17,0.003189940770813913,0.5649026116156338,0.0,0.0,1.0,0.0,0.0,0.0,0.0,0.0,0.0,0.0,0.0,0.0,0.0,0.0,0.0,0.0,0.0,0.055,0.3,0.3,0.0,0.0,0.0,3.611637552631584e-07,0,0,0,0,0,inf,inf,0,0,0.0,1.4593369722082237,-1.526159366267511e-05,0.007151428323956925,-1.419055582307843e-05,-1.6124630277917764,1.83815324854371e-05,1.6097549030005316,-0.7853280794485654,-1.2989198703139341e-05,-0.00013016181383936418,5.761826643319615e-06,-0.08364832405183457,-2.127772034538203e-05,0.07500324146800638,-6.685674384734886e-06,0.0027663035586810774,-26.66942843436575,0.010004056085547367,19.45779891589576,0.740624654211191,1.8625012078651624,-0.0008853013867752527,0.0027663035586810774,-26.66942843436575,0.010004056085547367,19.45779891589576,0.740624654211191,1.8625012078651624,-0.0008853013867752527
0.6810000000000005,0,0,0,0,0.00869191344816822,0.0,0.0,0.0,0.5577185179611933,-1.1656878042965045e-05,0.4438797824063738,0.0028421636494438776,-7.273005908890673e-06,-0.03302225408760876,0.5544994780317353,3.8164741795656373e-17,0.0032190610354963707,0.569711196177958,0.0,0.0,1.0,0.0,0.0,0.0,0.0,0.0,0.0,0.0,0.0,0.0,0.0,0.0,0.0,0.0,0.0,0.055,0.3,0.3,0.0,0.0,0.0,3.6602985333302985e-07,0,0,0,0,0,inf,inf,0,0,0.0,1.4584972290132567,-1.5383059812053325e-05,0.007146880742172623,-1.412696398798691e-05,-1.6133027709867434,1.819250323133799e-05,1.6105061683775568,-0.785328138403263,-1.1447088649690748e-05,-0.0007180569416552605,6.8524621472121115e-06,-0.08424103563845088,-1.7021720548584315e-05,0.0752289838252758,-5.229869772839191e-06,0.0027219727830128456,-26.669566510176196,0.009955500273115123,19.4590565461941,0.7405436607452976,1.8626540773705527,-0.0008847613455710783,0.0027219727830128456,-26.669566510176196,0.009955500273115123,19.4590565461941,0.7405436607452976,1.8626540773705527,-0.0008847613455710783
0.6910000000000005,0,0,0,0,0.008360474664019901,0.0,0.0,0.0,0.557746132741479,-1.1715614903595073e-05,0.4435498709575869,0.0026936944952883194,-4.737844844943677e-06,-0.03296719863858347,0.5544994780317353,3.8164741795656373e-17,0.003246675847683854,0.5743946886094592,0.0,0.0,1.0,0.0,0.0,0.0,0.0,0.0,0.0,0.0,0.0,0.0,0.0,0.0,0.0,0.0,0.0,0.055,0.3,0.3,0.0,0.0,0.0,3.7045935247228675e-07,0,0,0,0,0,inf,inf,0,0,0.0,1.4576515608204175,-1.548875173918211e-05,0.007136539014226172,-1.405231327635185e-05,-1.6141484391795826,1.804378186777981e-05,1.6112597480008288,-0.7853281821214706,-9.842231032264097e-06,-0.0012904418708369922,7.969764555355435e-06,-0.08483321892495778,-1.3174031302192142e-05,0.07546500552535639,-3.6523458935180882e-06,0.0026733809662004364,-26.669450730666487,0.009896876093558516,19.46032360537167,0.740462418932973,1.8628191112602681,-0.000883923938443664,0.0026733809662004364,-26.669450730666487,0.009896876093558516,19.46032360537167,0.740462418932973,1.8628191112602681,-0.000883923938443664
0.7010000000000005,0,0,0,0,0.008029584977160775,0.0,0.0,0.0,0.5577722886121544,-1.1749354011780269e-05,0.4432204691238808,0.0025499293036197195,-2.2680670464518807e-06,-0.03291956946687159,0.5544994780317353,3.8164741795656373e-17,0.0032728316703771023,0.5789557812406133,0.0,0.0,1.0,0.0,0.0,0.0,0.0,0.0,0.0,0.0,0.0,0.0,0.0,0.0,0.0,0.0,0.0,0.055,0.3,0.3,0.0,0.0,0.0,3.744312808756845e-07,0,0,0,0,0,inf,inf,0,0,0.0,1.4567999781159102,-1.5578095468261676e-05,0.007120561409169764,-1.396637601659713e-05,-1.6150000218840899,1.793133152963147e-05,1.6120157426543273,-0.7853282094469989,-8.184358613256403e-06,-0.0018467541351702458,9.106647249882394e-06,-0.08542393171114615,-9.725972261223224e-06,0.07571093353415144,-1.964274998699249e-06,0.002620854811370069,-26.669105340763434,0.009828668154661992,19.461608658918294,0.7403811762011678,1.8629956819437428,-0.000882833227083049,0.002620854811370069,-26.669105340763434,0.009828668154661992,19.461608658918294,0.7403811762011678,1.8629956819437428,-0.000882833227083049
0.7110000000000005,0,0,0,0,0.007699169983197307,0.0,0.0,0.0,0.5577970332317012,-1.17587854435602e-05,0.44289150331702676,0.0024109756853149178,1.2981533857887546e-07,-0.03287923961005644,0.5544994780317353,3.8164741795656373e-17,0.003297576165285217,0.5833971588532049,0.0,0.0,1.0,0.0,0.0,0.0,0.0,0.0,0.0,0.0,0.0,0.0,0.0,0.0,0.0,0.0,0.0,0.055,0.3,0.3,0.0,0.0,0.0,3.77928152938229e-07,0,0,0,0,0,inf,inf,0,0,0.0,1.4559425006601872,-1.5650614407787177e-05,0.007099111337514309,-1.3868995144489115e-05,-1.615857499339813,1.7851211778627084e-05,1.6127742491220511,-0.7853282193380897,-6.483203254448477e-06,-0.0023865185882910762,1.0256079749535227e-05,-0.08601225919943746,-6.667143331020041e-06,0.07596634671654705,-1.773023321385639e-07,0.0025647236239723366,-26.668553536664756,0.009751368524961682,19.462919543539915,0.7403001579391766,1.8631831334434807,-0.000881531203578343,0.0025647236239723366,-26.668553536664756,0.009751368524961682,19.462919543539915,0.7403001579391766,1.8631831334434807,-0.000881531203578343
0.7210000000000005,0,0,0,0,0.007369156712238034,0.0,0.0,0.0,0.5578204151904229,-1.1744661656151521e-05,0.44256290138007,0.002276915264699062,2.449790969771923e-06,-0.03284605315083131,0.5544994780317353,3.8164741795656373e-17,0.003320957926416679,0.5877214922094364,0.0,0.0,1.0,0.0,0.0,0.0,0.0,0.0,0.0,0.0,0.0,0.0,0.0,0.0,0.0,0.0,0.0,0.055,0.3,0.3,0.0,0.0,0.0,3.8093592784914065e-07,0,0,0,0,0,inf,inf,0,0,0.0,1.4550791571950537,-1.5705928940793807e-05,0.007072356497967897,-1.3760083319120182e-05,-1.6167208428049464,1.7799594714361352e-05,1.6135353597404127,-0.7853282108714442,-4.748423844129756e-06,-0.002909343755613779,1.1411145583205342e-05,-0.08659731735852752,-3.985621251690035e-06,0.07623078187127327,1.6965803963873046e-06,0.0025053175793659102,-26.667817443027374,0.009665474167735772,19.464263383359917,0.7402195680745154,1.8633807870207335,-0.0008800577012150474,0.0025053175793659102,-26.667817443027374,0.009665474167735772,19.464263383359917,0.7402195680745154,1.8633807870207335,-0.0008800577012150474
0.7310000000000005,0,0,0,0,0.007039473903506399,0.0,0.0,0.0,0.5578424837585392,-1.1707792387235902e-05,0.44223459286031364,0.0021478051316518925,4.686365602471413e-06,-0.03281982821270254,0.5544994780317353,3.8164741795656373e-17,0.0033430262281122307,0.5919314321316385,0.0,0.0,1.0,0.0,0.0,0.0,0.0,0.0,0.0,0.0,0.0,0.0,0.0,0.0,0.0,0.0,0.0,0.055,0.3,0.3,0.0,0.0,0.0,3.8344393442448397e-07,0,0,0,0,0,inf,inf,0,0,0.0,1.4542099851195467,-1.5743755323660715e-05,0.00704046806144607,-1.3639621489210619e-05,-1.6175900148804534,1.7772779155904802e-05,1.6142991620095484,-0.785328183245023,-2.9895395710542304e-06,-0.0034149180469304186,1.256509487622545e-05,-0.08717825585256712,-1.6681494592492995e-06,0.07650373950461262,3.645154970406082e-06,0.002442966068126981,-26.66691809679103,0.009571484492515816,19.465646608297305,0.7401395897058111,1.8635879464711524,-0.0008784503246334945,0.002442966068126981,-26.66691809679103,0.009571484492515816,19.465646608297305,0.7401395897058111,1.8635879464711524,-0.0008784503246334945
0.7410000000000005,0,0,0,0,0.0067100522504423,0.0,0.0,0.0,0.5578632886488692,-1.1649039413206295e-05,0.44190650925292896,0.002023679304180193,6.8345743547845606e-06,-0.032800359849805574,0.5544994780317353,3.8164741795656373e-17,0.0033638307876679117,0.5960296041125335,0.0,0.0,1.0,0.0,0.0,0.0,0.0,0.0,0.0,0.0,0.0,0.0,0.0,0.0,0.0,0.0,0.0,0.055,0.3,0.3,0.0,0.0,0.0,3.85444766558181e-07,0,0,0,0,0,inf,inf,0,0,0.0,1.4533350301388106,-1.576390394764022e-05,0.007003619893585183,-1.3507656962684618e-05,-1.6184649698611895,1.776720296447282e-05,1.6150657382608988,-0.7853281357796833,-1.2158686643618894e-06,-0.0039030058588869383,1.371139164120091e-05,-0.08775426055667275,2.9967934111898345e-07,0.07678468933539433,5.656089620180913e-06,0.0023779961260895,-26.665875437218027,0.00946989903182683,19.467074974370302,0.7400603857863328,1.863803903091013,-0.0008767443985775746,0.0023779961260895,-26.665875437218027,0.00946989903182683,19.467074974370302,0.7400603857863328,1.863803903091013,-0.0008767443985775746
0.7510000000000006,0,0,0,0,0.006380824617380099,0.0,0.0,0.0,0.5578828797941604,-1.156931120609535e-05,0.4415785842162746,0.0019045501935272778,8.889990056691609e-06,-0.032787422825407996,0.5544994780317353,3.8164741795656373e-17,0.0033834215426019956,0.6000186034362145,0.0,0.0,1.0,0.0,0.0,0.0,0.0,0.0,0.0,0.0,0.0,0.0,0.0,0.0,0.0,0.0,0.0,0.055,0.3,0.3,0.0,0.0,0.0,3.8693415498202937e-07,0,0,0,0,0,inf,inf,0,0,0.0,1.4524543458899983,-1.5766277018181622e-05,0.006961987816707462,-1.3364301032298184e-05,-1.6193456541100018,1.7779453582729777e-05,1.6158351653783278,-0.7853280679197279,5.635273339206776e-07,-0.004373443594819777,1.4843755812697093e-05,-0.08832455567986008,1.933248373134926e-06,0.07707307552557777,7.717044605896072e-06,0.002310730955577625,-26.66470830173571,0.00936121525010511,19.46855358568817,0.7399820998515605,1.8640279403170201,-0.0008749729341472764,0.002310730955577625,-26.66470830173571,0.00936121525010511,19.46855358568817,0.7399820998515605,1.8640279403170201,-0.0008749729341472764
0.7610000000000006,0,0,0,0,0.006051726228946563,0.0,0.0,0.0,0.5579013071390541,-1.1469557528874897e-05,0.4412507537600624,0.001790410064498805,1.0848727814295799e-05,-0.03278077427457909,0.5544994780317353,3.8164741795656373e-17,0.003401848442560493,0.6039009907885758,0.0,0.0,1.0,0.0,0.0,0.0,0.0,0.0,0.0,0.0,0.0,0.0,0.0,0.0,0.0,0.0,0.0,0.055,0.3,0.3,0.0,0.0,0.0,3.8791081901748127e-07,0,0,0,0,0,inf,inf,0,0,0.0,1.4515679935489993,-1.5750865707515273e-05,0.0069157489119210935,-1.3209726209468328e-05,-1.6202320064510007,1.7806276870736206e-05,1.616607514570024,-0.7853279792324395,2.3398937451124016e-06,-0.004826135627712818,1.5956200106267586e-05,-0.08888840551666682,3.248750159255217e-06,0.07736832163250165,9.8157701861513e-06,0.0022414885413159767,-26.66343442716698,0.009245926488395844,19.470086917899792,0.7399048567840902,1.864259338043615,-0.0008731666110495242,0.0022414885413159767,-26.66343442716698,0.009245926488395844,19.470086917899792,0.7399048567840902,1.864259338043615,-0.0008731666110495242
0.7710000000000006,0,0,0,0,0.005722694833372177,0.0,0.0,0.0,0.5579186204465909,-1.1350764004141672e-05,0.44092295640755846,0.0016812324842681824,1.2707445943545294e-05,-0.03278015624736401,0.5544994780317353,3.8164741795656373e-17,0.0034191612557626337,0.6076792883366393,0.0,0.0,1.0,0.0,0.0,0.0,0.0,0.0,0.0,0.0,0.0,0.0,0.0,0.0,0.0,0.0,0.0,0.055,0.3,0.3,0.0,0.0,0.0,3.8837630307054336e-07,0,0,0,0,0,inf,inf,0,0,0.0,1.4506760414215953,-1.571774683590279e-05,0.006865080861790457,-1.3044163117441508e-05,-1.6211239585784047,1.7844584322006285e-05,1.6173828511883805,-0.7853278694066785,4.1048274045638766e-06,-0.005261050230321112,1.7043061819434828e-05,-0.08944511584878397,4.263028372371747e-06,0.07766983528048504,1.1940196786156134e-05,0.0021705803655992437,-26.66207045594151,0.009124520049534785,19.471678842879424,0.7398287636097776,1.8644973766219155,-0.0008713537750575512,0.0021705803655992437,-26.66207045594151,0.009124520049534785,19.471678842879424,0.7398287636097776,1.8644973766219155,-0.0008713537750575512
0.7810000000000006,0,0,0,0,0.005393670840919573,0.0,0.0,0.0,0.5579348691191198,-1.1213946693085428e-05,0.4405951333330173,0.0015769737535054073,1.4463343455742762e-05,-0.032785298129621505,0.5544994780317353,3.8164741795656373e-17,0.0034354093898517632,0.6113559762556312,0.0,0.0,1.0,0.0,0.0,0.0,0.0,0.0,0.0,0.0,0.0,0.0,0.0,0.0,0.0,0.0,0.0,0.055,0.3,0.3,0.0,0.0,0.0,3.8833480150581794e-07,0,0,0,0,0,inf,inf,0,0,0.0,1.4497785645224264,-1.5667079136478347e-05,0.006810161333780529,-1.2867897093584345e-05,-1.6220214354775737,1.7891458745948582e-05,1.6181612345950407,-0.7853277382506225,5.850315852875543e-06,-0.005678215494808404,1.8099029724448205e-05,-0.08999403501797398,4.993428421223548e-06,0.07797701255100148,1.4078517280848882e-05,0.0020983102250744846,-26.660631946887175,0.008997475425863256,19.473332654441716,0.7397539103192466,1.8647413405474675,-0.0008695604494056361,0.0020983102250744846,-26.660631946887175,0.008997475425863256,19.473332654441716,0.7397539103192466,1.8647413405474675,-0.0008695604494056361
0.7910000000000006,0,0,0,0,0.005064597438680318,0.0,0.0,0.0,0.5579501020333953,-1.1060146718448737e-05,0.4402672284755951,0.0014775743142242984,1.611415428686345e-05,-0.03279591893945516,0.5544994780317353,3.8164741795656373e-17,0.003450641726936892,0.6149334896818095,0.0,0.0,1.0,0.0,0.0,0.0,0.0,0.0,0.0,0.0,0.0,0.0,0.0,0.0,0.0,0.0,0.0,0.055,0.3,0.3,0.0,0.0,0.0,3.877929752414439e-07,0,0,0,0,0,inf,inf,0,0,0.0,1.4488756441449353,-1.5599099157742266e-05,0.006751167404465266,-1.268126454892666e-05,-1.6229243558550648,1.794415850495761e-05,1.6189427180683045,-0.7853275856887258,7.56877116949541e-06,-0.006077715262571495,1.9119166229253667e-05,-0.09053455469140968,5.457656928415766e-06,0.07828924209201571,1.621926137212918e-05,0.0020249731505623926,-26.659133390206907,0.00886526267056279,19.475051094885682,0.7396803707089382,1.8649905218423923,-0.0008678103589256085,0.0020249731505623926,-26.659133390206907,0.00886526267056279,19.475051094885682,0.7396803707089382,1.8649905218423923,-0.0008678103589256085
0.8010000000000006,0,0,0,0,0.00473542068299182,0.0,0.0,0.0,0.5579643673895971,-1.0890424960369893e-05,0.4399391886309889,0.0013829601292991798,1.7658138487263164e-05,-0.032811729497888686,0.5544994780317353,3.8164741795656373e-17,0.003464906472558809,0.6184142160711645,0.0,0.0,1.0,0.0,0.0,0.0,0.0,0.0,0.0,0.0,0.0,0.0,0.0,0.0,0.0,0.0,0.0,0.055,0.3,0.3,0.0,0.0,0.0,3.8675976285005753e-07,0,0,0,0,0,inf,inf,0,0,0.0,1.4479673674252524,-1.551411685656346e-05,0.006688275024292096,-1.2484649131184395e-05,-1.6238326325747476,1.8000120395797963e-05,1.6197273487500883,-0.7853274117579788,9.253058584436399e-06,-0.006459685083277356,2.009892500857817e-05,-0.0910661103403308,5.6736502211049035e-06,0.07860590894839906,1.835136209329532e-05,0.0019508544312328813,-26.657588226258596,0.00872834091332115,19.47683638218148,0.7396082032368785,1.8652442231404756,-0.000866124965686454,0.0019508544312328813,-26.657588226258596,0.00872834091332115,19.47683638218148,0.7396082032368785,1.8652442231404756,-0.000866124965686454
0.8110000000000006,0,0,0,0,0.004406089570742122,0.0,0.0,0.0,0.5579777125739758,-1.0705856857092016e-05,0.43961096352206364,0.0012930440291178695,1.909407059066949e-05,-0.03283243447312204,0.5544994780317353,3.8164741795656373e-17,0.0034782510182857734,0.6218004929410598,0.0,0.0,1.0,0.0,0.0,0.0,0.0,0.0,0.0,0.0,0.0,0.0,0.0,0.0,0.0,0.0,0.0,0.055,0.3,0.3,0.0,0.0,0.0,3.8524618893491905e-07,0,0,0,0,0,inf,inf,0,0,0.0,1.4470538269027748,-1.541251093303334e-05,0.006621658522513283,-1.2278477735369368e-05,-1.6247461730972252,1.8056961265628062e-05,1.6205151676296705,-0.7853272166035457,1.0896520031206076e-05,-0.006824308220530961,2.103416432405048e-05,-0.09158818145261215,5.659451867003189e-06,0.07892639811648673,2.0464214557326244e-05,0.0018762287431441154,-26.656008867763965,0.008587157019783718,19.478690237622736,0.7395374518875223,1.865501760483409,-0.0008645235153545461,0.0018762287431441154,-26.656008867763965,0.008587157019783718,19.478690237622736,0.7395374518875223,1.865501760483409,-0.0008645235153545461
0.8210000000000006,0,0,0,0,0.004076556090834682,0.0,0.0,0.0,0.5579901840347632,-1.0507527337019906e-05,0.4392825058497337,0.001207727021346038,2.0421225394310322e-05,-0.03285773429833512,0.5544994780317353,3.8164741795656373e-17,0.0034907218175766895,0.6250946059748711,0.0,0.0,1.0,0.0,0.0,0.0,0.0,0.0,0.0,0.0,0.0,0.0,0.0,0.0,0.0,0.0,0.0,0.055,0.3,0.3,0.0,0.0,0.0,3.8326517178015554e-07,0,0,0,0,0,inf,inf,0,0,0.0,1.44613512007999,-1.529472395674042e-05,0.006551490151729432,-1.2063216403812794e-05,-1.6256648799200102,1.8112478453114454e-05,1.6213062095614847,-0.7853270004738553,1.2492992830000092e-05,-0.007171811720020597,2.192115626915842e-05,-0.09210029149945001,5.433099247118768e-06,0.07925009782691064,2.2547727101608312e-05,0.001801359381318106,-26.654406725082918,0.008442144392976381,19.48061391377749,0.7394681470414757,1.8657624658372796,-0.0008630230928801673,0.001801359381318106,-26.654406725082918,0.008442144392976381,19.48061391377749,0.7394681470414757,1.8657624658372796,-0.0008630230928801673
0.8310000000000006,0,0,0,0,0.0037467752570771173,0.0,0.0,0.0,0.5580018271709608,-1.0296525904769038e-05,0.4389537713253594,0.0011268995602679494,2.1639361390148754e-05,-0.0328873269635951,0.5544994780317353,3.8164741795656373e-17,0.003502364274526503,0.6282987874683733,0.0,0.0,1.0,0.0,0.0,0.0,0.0,0.0,0.0,0.0,0.0,0.0,0.0,0.0,0.0,0.0,0.0,0.055,0.3,0.3,0.0,0.0,0.0,3.808313322854367e-07,0,0,0,0,0,inf,inf,0,0,0.0,1.445211348983889,-1.5161257332015518e-05,0.00647793967134031,-1.1839366154991565e-05,-1.6265886510161112,1.8164649144734484e-05,1.6221005033142677,-0.7853267637152237,1.403682371238531e-05,-0.00750246255446626,2.275659218775503e-05,-0.09260200767593478,5.01251910601085e-06,0.07957640256082595,2.4592365022681783e-05,0.0017264975940896976,-26.65279223420708,0.008293721914642633,19.482608222584584,0.7394003063455856,1.8660256893387754,-0.000861638686406819,0.0017264975940896976,-26.65279223420708,0.008293721914642633,19.482608222584584,0.7394003063455856,1.8660256893387754,-0.000861638686406819
0.8410000000000006,0,0,0,0,0.003416705123755026,0.0,0.0,0.0,0.5580126862335897,-1.0073941905004455e-05,0.4386247186859116,0.0010504427726365526,2.2748702083817322e-05,-0.0329209096829641,0.5544994780317353,3.8164741795656373e-17,0.003513222645077112,0.631415215096517,0.0,0.0,1.0,0.0,0.0,0.0,0.0,0.0,0.0,0.0,0.0,0.0,0.0,0.0,0.0,0.0,0.0,0.055,0.3,0.3,0.0,0.0,0.0,3.7796080561519e-07,0,0,0,0,0,inf,inf,0,0,0.0,1.4442826197311298,-1.501266614749171e-05,0.006401173969063138,-1.1607458778023435e-05,-1.6275173802688703,1.8211628735400863e-05,1.622898071648935,-0.7853265067660762,1.552287841594754e-05,-0.007816563858218889,2.3537584522038046e-05,-0.09309294043476818,4.415431960710156e-06,0.07990471580551282,2.658918715609624e-05,0.0016518820178868844,-26.651174887133106,0.008142293023582164,19.48467356344987,0.7393339355789694,1.8662908012816,-0.000860383258705696,0.0016518820178868844,-26.651174887133106,0.008142293023582164,19.48467356344987,0.7393339355789694,1.8662908012816,-0.000860383258705696
0.8510000000000006,0,0,0,0,0.0030863067851339965,0.0,0.0,0.0,0.5580228042389411,-9.840859985235328e-06,0.4382953096931454,0.0009782296374044955,2.374991544390285e-05,-0.0329581804384058,0.5544994780317353,3.8164741795656373e-17,0.003523339950233139,0.634446010981041,0.0,0.0,1.0,0.0,0.0,0.0,0.0,0.0,0.0,0.0,0.0,0.0,0.0,0.0,0.0,0.0,0.0,0.055,0.3,0.3,0.0,0.0,0.0,3.746710568617101e-07,0,0,0,0,0,inf,inf,0,0,0.0,1.4433490420989137,-1.484955395294523e-05,0.00632135671955778,-1.1368052627089918e-05,-1.6284509579010864,1.82517482812153e-05,1.6236989314226065,-0.7853262301508442,1.6946547093434944e-05,-0.008114451262938164,2.4261665353498795e-05,-0.09357274283184142,3.659265216553317e-06,0.08023445255608944,2.8529875573721393e-05,0.0015777382098579721,-26.649563264294226,0.007988244927316687,19.486809951208734,0.7392690295116571,1.8665571938535879,-0.0008592678247826138,0.0015777382098579721,-26.649563264294226,0.007988244927316687,19.486809951208734,0.7392690295116571,1.8665571938535879,-0.0008592678247826138
0.8610000000000007,1,0,0,0,0.0027698964940566784,0.0,0.0,0.0006939244549986068,0.5580495562214685,-1.0293061776484256e-05,0.43797859115835525,0.005431334960256185,-0.00015775131312800223,-0.02934890245017073,0.5580257014049094,-9.769049428614944e-06,2.386057128420139e-05,0.6336863829085421,0.0,0.0,1.0,0.0,0.0,0.0,0.0,0.0,0.0,0.0,0.0,0.0,0.0,0.0,0.0,0.0,0.0,0.055,0.3,0.3,0.0,0.0,0.0,7.016015964860381e-06,0,0,0,0,0,inf,inf,0,0,0.0,1.442434733692032,-1.4541851234713773e-05,0.006242339198509379,-1.0981075678788045e-05,-1.629365266307968,1.5054918606472336e-05,1.62454747632692,-0.7853262921587919,5.719694404664734e-05,-0.007265537101362718,6.679904678819782e-05,-0.08695101917995372,-0.0008653087917752158,0.09142244198542437,-4.1564225454337474e-05,0.00391429995300232,-27.56655604592358,0.010279080719465566,20.508908503205056,0.749387330347775,2.133339857470046,0.0009350773702984942,0.00391429995300232,-27.56655604592358,0.010279080719465566,20.508908503205056,0.749387330347775,2.133339857470046,0.0009350773702984942
0.8710000000000007,1,0,0,0,0.0025052583353513125,0.0,0.0,0.004933178929321103,0.5581215481612269,-1.2393033807301693e-05,0.4377102324178882,0.008055232382276406,-0.00022331796288485795,-0.025025930316297997,0.5580257014049094,-9.769049428614944e-06,9.588266783220069e-05,0.6229813672049497,0.0,0.0,1.0,0.0,0.0,0.0,0.0,0.0,0.0,0.0,0.0,0.0,0.0,0.0,0.0,0.0,0.0,0.055,0.3,0.3,0.0,0.0,0.0,4.69065167418706e-06,0,0,0,0,0,inf,inf,0,0,0.0,1.4416228357140715,-1.3655557625260774e-05,0.006176343472061972,-9.968860452662306e-06,-1.6301771642859286,3.001285232475032e-06,1.6254802180960235,-0.7853260550206391,0.00011163920548848848,-0.006180194984003578,0.00012674489245453752,-0.07680413068504065,-0.0013600724705268939,0.09289616747645389,9.431791663065236e-05,0.008110002477524476,-27.41827336826843,0.01442795935428406,20.26212218567998,0.7583661483739489,1.9220649760087132,0.0011732644352771976,0.008110002477524476,-27.41827336826843,0.01442795935428406,20.26212218567998,0.7583661483739489,1.9220649760087132,0.0011732644352771976
0.8810000000000007,1,0,0,0,0.0022775219310157135,0.0,0.0,0.013019645595683804,0.55820446215766,-1.4421733335078055e-05,0.4374782269963875,0.008296843783805906,-0.00017912283967638011,-0.02181490730557402,0.5580257014049094,-9.769049428614944e-06,0.00017882129121413068,0.6093465360891109,0.0,0.0,1.0,0.0,0.0,0.0,0.0,0.0,0.0,0.0,0.0,0.0,0.0,0.0,0.0,0.0,0.0,0.055,0.3,0.3,0.0,0.0,0.0,6.899305472645793e-06,0,0,0,0,0,inf,inf,0,0,0.0,1.4409018669677955,-1.231061179620024e-05,0.006117356268114374,-8.445073599170752e-06,-1.6308981330322045,-1.0857149301201677e-05,1.6263801918507252,-0.785324241969932,0.00015131916958969192,-0.00574349963032143,0.00017123370354838144,-0.06847396043032523,-0.0013717322107456183,0.0871365316952093,0.00024610878154918467,0.008355489005580063,-27.34613529498882,0.014610917983574043,20.14691129217183,0.7593907933455193,1.8528853003416965,0.0004884302444453316,0.008355489005580063,-27.34613529498882,0.014610917983574043,20.14691129217183,0.7593907933455193,1.8528853003416965,0.0004884302444453316
0.8910000000000007,1,0,0,0,0.0020786764263935886,0.0,0.0,0.024940855708606158,0.558284954461493,-1.5857616495520457e-05,0.43727508650686225,0.00778726452821816,-0.00011418063336776026,-0.019147978428496106,0.5580257014049094,-9.769049428614944e-06,0.0002593245418329323,0.5954315423118643,0.0,0.0,1.0,0.0,0.0,0.0,0.0,0.0,0.0,0.0,0.0,0.0,0.0,0.0,0.0,0.0,0.0,0.055,0.3,0.3,0.0,0.0,0.0,6.978102321679545e-06,0,0,0,0,0,inf,inf,0,0,0.0,1.4402564819797474,-1.0633909562706353e-05,0.0060603100624260775,-6.551950641161867e-06,-1.6315435180202527,-2.395603033544259e-05,1.6272114291649444,-0.7853211731818621,0.0001794275391801355,-0.005725253080788367,0.00020214756254584355,-0.061501187415095804,-0.0012504581875258513,0.0797853114287239,0.00034937589218321497,0.007165818319290041,-27.296921960046596,0.01335695569059921,20.07570725458892,0.7581453793893375,1.8289797947718311,-3.912527701534034e-05,0.007165818319290041,-27.296921960046596,0.01335695569059921,20.07570725458892,0.7581453793893375,1.8289797947718311,-3.912527701534034e-05
0.9010000000000007,1,0,0,0,0.0019043493793990396,0.0,0.0,0.04067842762616042,0.55835886026192,-1.6662005490781858e-05,0.4370965958442212,0.007048291166360469,-5.4305609100770455e-05,-0.016831748295606817,0.5580257014049094,-9.769049428614944e-06,0.0003332301559702255,0.5820063151324811,0.0,0.0,1.0,0.0,0.0,0.0,0.0,0.0,0.0,0.0,0.0,0.0,0.0,0.0,0.0,0.0,0.0,0.055,0.3,0.3,0.0,0.0,0.0,6.400576869351544e-06,0,0,0,0,0,inf,inf,0,0,0.0,1.4396745045848103,-8.733233492219003e-06,0.00600170545149781,-4.418945462889011e-06,-1.6321254954151898,-3.564022127576815e-05,1.6279691640781888,-0.7853173110900481,0.0001973319859771764,-0.006010369102152097,0.00022067469286183767,-0.05565031449893519,-0.001100172546014104,0.07256442282654565,0.0004111214501960035,0.005584208293143697,-27.25371443966542,0.01171105970872624,20.020480373870004,0.7563402434097237,1.8197324421097805,-0.0003692085240479704,0.005584208293143697,-27.25371443966542,0.01171105970872624,20.020480373870004,0.7563402434097237,1.8197324421097805,-0.0003692085240479704
0.9110000000000007,1,0,0,0,0.0017514303916662533,0.0,0.0,0.06020809515313169,0.5584249753063711,-1.6928200369183662e-05,0.4369397028340577,0.006250472163136067,-5.746643230414106e-06,-0.01479313469459204,0.5580257014049094,-9.769049428614944e-06,0.0003993380796151233,0.5692539584847455,0.0,0.0,1.0,0.0,0.0,0.0,0.0,0.0,0.0,0.0,0.0,0.0,0.0,0.0,0.0,0.0,0.0,0.055,0.3,0.3,0.0,0.0,0.0,5.669851809342152e-06,0,0,0,0,0,inf,inf,0,0,0.0,1.4391456038304808,-6.704004078700294e-06,0.005938937056583997,-2.161695117682174e-06,-1.6326543961695192,-4.5814029483468935e-05,1.6286579216523895,-0.7853130016040946,0.00020624104861495556,-0.006524631536287498,0.00022835874564461624,-0.05076731208296296,-0.0009506076229681417,0.06596406635916724,0.00044349003512518596,0.004012685055287339,-27.211102484344288,0.010073551850245048,19.972051901940848,0.754481220780007,1.8154333640917244,-0.000582783382834601,0.004012685055287339,-27.211102484344288,0.010073551850245048,19.972051901940848,0.754481220780007,1.8154333640917244,-0.000582783382834601
0.9210000000000007,1,0,0,0,0.0016173413845348428,0.0,0.0,0.08349974495773183,0.5584830827710116,-1.6773408186652566e-05,0.4368018322750262,0.005452507684412731,3.120491675746769e-05,-0.012998893274048297,0.5580257014049094,-9.769049428614944e-06,0.0004574349954901904,0.5571791285850336,0.0,0.0,1.0,0.0,0.0,0.0,0.0,0.0,0.0,0.0,0.0,0.0,0.0,0.0,0.0,0.0,0.0,0.055,0.3,0.3,0.0,0.0,0.0,4.94124309565069e-06,0,0,0,0,0,inf,inf,0,0,0.0,1.4386607734713592,-4.629320920090328e-06,0.005870037199458226,1.2083253241857653e-07,-1.6331392265286409,-5.453500940371002e-05,1.629284655268155,-0.7853084899668019,0.0002074051591557194,-0.007210925136050149,0.0002269298656032475,-0.04673365005216897,-0.000809251830601084,0.060090831896751025,0.0004547211426625699,0.0025923258100758566,-27.167352332483123,0.00858315786376498,19.92724229865928,0.7527076684778258,1.8129792128424587,-0.0007346825344216139,0.0025923258100758566,-27.167352332483123,0.00858315786376498,19.92724229865928,0.7527076684778258,1.8129792128424587,-0.0007346825344216139
0.9310000000000007,1,0,0,0,0.0014997631888924445,0.0,0.0,0.1105174630041747,0.5585333213060804,-1.6306654511410906e-05,0.4366806523248463,0.004676928537102556,5.794215977388959e-05,-0.011429944460322269,0.5580257014049094,-9.769049428614944e-06,0.0005076619981297202,0.5457370667716432,0.0,0.0,1.0,0.0,0.0,0.0,0.0,0.0,0.0,0.0,0.0,0.0,0.0,0.0,0.0,0.0,0.0,0.055,0.3,0.3,0.0,0.0,0.0,4.258621723855324e-06,0,0,0,0,0,inf,inf,0,0,0.0,1.4382120755339705,-2.5797490478521962e-06,0.005793554903239832,2.3469819673279683e-06,-1.6335879244660296,-6.189333084685269e-05,1.629856629949377,-0.7853039572380713,0.00020207086183779413,-0.008021386784352942,0.00021809667633907354,-0.04345075979733963,-0.0006771087030278916,0.054934990342209125,0.00044998871190923904,0.0013619960429518039,-27.121926556718925,0.007276630159806596,19.884807491793037,0.7510479271143412,1.8113582436164335,-0.0008515350564023373,0.0013619960429518039,-27.121926556718925,0.007276630159806596,19.884807491793037,0.7510479271143412,1.8113582436164335,-0.0008515350564023373
0.9410000000000007,1,0,0,0,0.001396534583343767,0.0,0.0,0.14121958992951628,0.5585759774906377,-1.56205830536667e-05,0.43657398618956533,0.003934086062671093,7.619984038174372e-05,-0.01007303330947155,0.5580257014049094,-9.769049428614944e-06,0.000550307196909378,0.5348743287846826,0.0,0.0,1.0,0.0,0.0,0.0,0.0,0.0,0.0,0.0,0.0,0.0,0.0,0.0,0.0,0.0,0.0,0.055,0.3,0.3,0.0,0.0,0.0,3.6309804777979307e-06,0,0,0,0,0,inf,inf,0,0,0.0,1.4377924771114277,-6.136682037434862e-07,0.00570848097980462,4.4515189437092294e-06,-1.6340075228885724,-6.79778195165703e-05,1.630380799654716,-0.7852995427323558,0.00019142742809145834,-0.008914599933409689,0.00020343663261739072,-0.04083417940971757,-0.0005534743596840296,0.05045445559715913,0.0004328161399726072,0.0003214739259376972,-27.07469489455,0.0061521123758133825,19.844150705448065,0.7494977293200517,1.8102241382468094,-0.0009449467617785061,0.0003214739259376972,-27.07469489455,0.0061521123758133825,19.844150705448065,0.7494977293200517,1.8102241382468094,-0.0009449467617785061
0.9510000000000007,1,0,0,0,0.0013056080147575422,0.0,0.0,0.17555878527937163,0.5586114132063941,-1.4790716698308633e-05,0.4364797718654259,0.0032298150819087767,8.764050077025338e-05,-0.00891789173505465,0.5580257014049094,-9.769049428614944e-06,0.0005857333280091042,0.5245415377504175,0.0,0.0,1.0,0.0,0.0,0.0,0.0,0.0,0.0,0.0,0.0,0.0,0.0,0.0,0.0,0.0,0.0,0.055,0.3,0.3,0.0,0.0,0.0,3.0567937015886515e-06,0,0,0,0,0,inf,inf,0,0,0.0,1.4373957255975505,1.2219642545540498e-06,0.005614190817396879,6.3840457860475745e-06,-1.6344042744024496,-7.286811990817651e-05,1.6308636521414193,-0.7852953556223029,0.00017657532854464887,-0.009854404400819743,0.00018435346010391268,-0.03881084460438201,-0.0004373598745576387,0.046600896197350486,0.00040588140087477855,-0.0005440310262290306,-27.02567996850556,0.005193685762182646,19.80491137331247,0.7480443497762458,1.8094450438907608,-0.0010199609031898125,-0.0005440310262290306,-27.02567996850556,0.005193685762182646,19.80491137331247,0.7480443497762458,1.8094450438907608,-0.0010199609031898125
0.9610000000000007,1,0,0,0,0.0012250251565980586,0.0,0.0,0.21348210050346622,0.5586400364476948,-1.387695120654284e-05,0.43639603895348356,0.0025679333790787555,9.37376150757256e-05,-0.007956163641025483,0.5580257014049094,-9.769049428614944e-06,0.0006143487768777324,0.5146972250634969,0.0,0.0,1.0,0.0,0.0,0.0,0.0,0.0,0.0,0.0,0.0,0.0,0.0,0.0,0.0,0.0,0.0,0.055,0.3,0.3,0.0,0.0,0.0,2.531736420921659e-06,0,0,0,0,0,inf,inf,0,0,0.0,1.437016244190962,2.8906311233800457e-06,0.005510395672407272,8.107195196117833e-06,-1.6347837558090381,-7.66344434626941e-05,1.6313111976446417,-0.7852914811187336,0.00015851095012591889,-0.010809239367095602,0.0001620678636314433,-0.037317457667619715,-0.000327885047549263,0.04332761188272243,0.00037138455738867715,-0.001254358166617889,-26.97497261195887,0.004380849845783603,19.76683152662832,0.7466739858099336,1.8089606069334736,-0.0010790534762684847,-0.001254358166617889,-26.97497261195887,0.004380849845783603,19.76683152662832,0.7466739858099336,1.8089606069334736,-0.0010790534762684847
0.9710000000000008,1,0,0,0,0.0011529004256008446,0.0,0.0,0.25493106059846116,0.5586622866006303,-1.2925605072024e-05,0.4363208925286445,0.0019511028683397715,9.575416701278711e-05,-0.007180908920429055,0.5580257014049094,-9.769049428614944e-06,0.0006365930216823192,0.5053087941094717,0.0,0.0,1.0,0.0,0.0,0.0,0.0,0.0,0.0,0.0,0.0,0.0,0.0,0.0,0.0,0.0,0.0,0.055,0.3,0.3,0.0,0.0,0.0,2.0511642089111793e-06,0,0,0,0,0,inf,inf,0,0,0.0,1.436649041123187,4.365176604525664e-06,0.005397099337185981,9.594822478068531e-06,-1.6351509588768132,-7.933922959554247e-05,1.6317289994489041,-0.7852879842888749,0.00013812074657049917,-0.011751676507966775,0.00013762299079708463,-0.0362992743549711,-0.0002243591565617766,0.04059168208434027,0.00033120231132027984,-0.0018305898489289802,-26.922701318114544,0.003692271252526302,19.72971022484902,0.7453739160931774,1.8087363309702538,-0.0011237903109084363,-0.0018305898489289802,-26.922701318114544,0.003692271252526302,19.72971022484902,0.7453739160931774,1.8087363309702538,-0.0011237903109084363
0.9810000000000008,1,0,0,0,0.0010874084921637661,0.0,0.0,0.2998417542721704,0.5586786249690878,-1.1971487892213332e-05,0.43625250069249555,0.001381166161134932,9.475163991228885e-05,-0.006586309821904816,0.5580257014049094,-9.769049428614944e-06,0.0006529272787950288,0.4963525256503797,0.0,0.0,1.0,0.0,0.0,0.0,0.0,0.0,0.0,0.0,0.0,0.0,0.0,0.0,0.0,0.0,0.0,0.055,0.3,0.3,0.0,0.0,0.0,1.6110377689368012e-06,0,0,0,0,0,inf,inf,0,0,0.0,1.436289629809509,5.626701137359108e-06,0.005274558987532467,1.0830291069121518e-05,-1.6355103701904912,-8.10390172665503e-05,1.6321222144573413,-0.785284912886751,0.0001161807922090721,-0.012658033275410386,0.0001118961112088079,-0.03570909286434601,-0.00012627028317341733,0.03835433382488952,0.0002869533848900856,-0.002293424369541743,-26.869019260577815,0.0031073520730809617,19.69338615140391,0.7441330276067425,1.8087487265204099,-0.001155457220765135,-0.002293424369541743,-26.869019260577815,0.0031073520730809617,19.69338615140391,0.7441330276067425,1.8087487265204099,-0.001155457220765135
0.9910000000000008,1,0,0,0,0.0010267743441261246,0.0,0.0,0.34814493249014145,0.5586895275665225,-1.103981897976337e-05,0.4361890845622518,0.0008593108334754933,9.160818827421854e-05,-0.006167458587020628,0.5580257014049094,-9.769049428614944e-06,0.0006638273779358763,0.4878132420063411,0.0,0.0,1.0,0.0,0.0,0.0,0.0,0.0,0.0,0.0,0.0,0.0,0.0,0.0,0.0,0.0,0.0,0.055,0.3,0.3,0.0,0.0,0.0,1.2086631823993163e-06,0,0,0,0,0,inf,inf,0,0,0.0,1.4359339583755935,6.66347109277093e-06,0.005143249639939705,1.180489049929839e-05,-1.6358660416244066,-8.178605581706842e-05,1.6324956339586174,-0.7852822997440033,9.335962410620262e-05,-0.013508029985694165,8.561278401939133e-05,-0.03550636980928636,-3.325192112572628e-05,0.03658077360140463,0.0002400300345110295,-0.0026624077688625256,-26.814097281693186,0.002606942932944817,19.65772942407965,0.7429418373353318,1.8089802343900168,-0.0011752773989402755,-0.0026624077688625256,-26.814097281693186,0.002606942932944817,19.65772942407965,0.7429418373353318,1.8089802343900168,-0.0011752773989402755
1.0010000000000006,1,0,1,2,0.0009706343824037169,0.3892473517090916,0.026361218440849116,0.3997661152526455,0.558695984919215,-1.0172906007908862e-05,0.4361302299342495,0.0005470084086438518,7.720982970217173e-05,-0.005479062197575754,0.5580257014049094,-9.769049428614944e-06,0.000670283635970673,0.4795245593265961,0.0,0.0,1.0,-0.0020712766946059686,-0.002094276664744945,0.0,0.0,0.0,-0.0020712766946059686,0.0,0.0,0.0,-1.0594627369564546e-05,-1.184529512168048e-05,0.0,0.0,0.0,0.055,0.3,0.2999894053726304,0.0,0.0,0.0,1.1318989116607092e-05,0,0,0,0,0,inf,inf,0,0,0.0,1.4355807864281431,7.48051369328033e-06,0.005003550985190274,1.2532768685583526e-05,-1.636219213571857,-8.178299608660888e-05,1.6328537835688781,-0.7852802123526114,7.533815986358976e-05,-0.014380004490353841,6.686934071941809e-05,-0.034837195243842524,-9.719559340599023e-06,0.0352272411703881,0.00018295765150185168,-0.0028588593718845484,-26.752087531361035,0.002269390742192303,19.612739821881135,0.7424616745459588,1.8000955427816563,-0.0009713331538850042,-0.0028588593718845484,-26.752087531361035,0.002269390742192303,19.612739821881135,0.7424616745459588,1.8000955427816563,-0.0009713331538850042
1.0109999999999995,1,0,1,2,0.0009240216736690334,0.4127973026982315,0.07632465357000288,0.45462570643744205,0.5587004626006233,-9.529515286632202e-06,0.43608076754051506,0.0003611091611102124,5.5241319939593314e-05,-0.004539711605660454,0.5580257014049094,-9.769049428614944e-06,0.000674761238230198,0.47080534074292607,0.0,0.0,1.0,-0.0017505308077208795,-0.0017727962369723088,0.0,0.0,0.0,-0.0017505308077208795,0.0,0.0,0.0,-2.9448563476439956e-05,-3.092563905781994e-05,0.0,0.0,0.0,0.055,0.3,0.2999705514365235,0.0,0.0,0.0,9.33747843844246e-06,0,0,0,0,0,inf,inf,0,0,0.0,1.4352391859819205,8.174197302587235e-06,0.004854864296166756,1.3150780241635738e-05,-1.6365608140180796,-8.213694546781308e-05,1.6331988923030398,-0.7852785437191522,6.388757773765487e-05,-0.015252353967658276,5.6695359253824136e-05,-0.033650621372606264,-4.758794852366905e-05,0.033933942182404093,0.00015601628761212634,-0.0024755973057891444,-26.680100119866964,0.002501349081585809,19.554712811425848,0.7431455752007575,1.7808059115244022,-0.0008370247738351529,-0.0024755973057891444,-26.680100119866964,0.002501349081585809,19.554712811425848,0.7431455752007575,1.7808059115244022,-0.0008370247738351529
1.0209999999999984,1,0,1,2,0.000885906196192914,0.44731203794512225,0.12343566993169611,0.5126391165312255,0.5587029350738566,-9.061418315140368e-06,0.4360396913059953,0.00015211342252134297,4.0768013574039936e-05,-0.0037782293846619183,0.5580257014049094,-9.769049428614944e-06,0.0006772340386435988,0.46174268362925514,0.0,0.0,1.0,-0.0015260502883718738,-0.0015471502190960295,0.0,0.0,0.0,-0.0015260502883718738,0.0,0.0,0.0,-4.565397774546668e-05,-4.734757152124853e-05,0.0,0.0,0.0,0.055,0.3,0.29995434602225446,0.0,0.0,0.0,8.03320735765554e-06,0,0,0,0,0,inf,inf,0,0,0.0,1.4349079218865997,8.736703693755719e-06,0.00469802567359061,1.3640159437421143e-05,-1.6368920781134004,-8.260630748783409e-05,1.633531508802773,-0.7852771015289196,4.976902010245291e-05,-0.01602224286436413,4.220665825044422e-05,-0.032733973516768246,-4.179916204000519e-05,0.03272790175407061,0.00013434649392326335,-0.0021106579978395256,-26.6093827403758,0.0027073172046731624,19.499832538402455,0.7432543399162209,1.764754105784676,-0.0008725762697575384,-0.0021106579978395256,-26.6093827403758,0.0027073172046731624,19.499832538402455,0.7432543399162209,1.764754105784676,-0.0008725762697575384
1.0309999999999973,1,0,1,2,0.0008546528840230596,0.4919687494776138,0.16949595563251196,0.5737168930605274,0.5587032814523314,-8.711458598972731e-06,0.43600540366305995,-6.122239539496223e-05,3.0789254545765785e-05,-0.003162638228230458,0.5580257014049094,-9.769049428614944e-06,0.0006775808727840479,0.4524688422235945,0.0,0.0,1.0,-0.0013671558631188562,-0.0013868298221821492,0.0,0.0,0.0,-0.0013671558631188562,0.0,0.0,0.0,-5.99965718397167e-05,-6.189348341051124e-05,0.0,0.0,0.0,0.055,0.3,0.29994000342816024,0.0,0.0,0.0,7.193661945573527e-06,0,0,0,0,0,inf,inf,0,0,0.0,1.434584583513487,9.152373048432988e-06,0.0045340115195155,1.3974996879169155e-05,-1.6372154164865131,-8.288307124724278e-05,1.6338527085208907,-0.7852758904085995,3.482815940347627e-05,-0.016698061412100302,2.6273834213851207e-05,-0.032035584030360546,-1.3927700892462147e-05,0.03164180560821505,0.00010976621628121903,-0.0018273879560942172,-26.539196531899723,0.0028243076724548608,19.446909652681175,0.7430568752960249,1.7508026960005674,-0.0009214445946644607,-0.0018273879560942172,-26.539196531899723,0.0028243076724548608,19.446909652681175,0.7430568752960249,1.7508026960005674,-0.0009214445946644607
1.0409999999999962,1,0,1,2,0.0008289249058760764,0.5458804977927829,0.21595107792916604,0.6377648585209456,0.5587015275349866,-8.445222996795437e-06,0.43597659424749663,-0.00026719615152388945,2.3529620447936742e-05,-0.0026667096051927147,0.5580257014049094,-9.769049428614944e-06,0.0006758274266494142,0.44307308139936896,0.0,0.0,1.0,-0.0012523946735074662,-0.0012704973728297482,0.0,0.0,0.0,-0.0012523946735074662,0.0,0.0,0.0,-7.300730297385735e-05,-7.509239400819447e-05,0.0,0.0,0.0,0.055,0.3,0.2999269926970261,0.0,0.0,0.0,6.665649196286936e-06,0,0,0,0,0,inf,inf,0,0,0.0,1.4342672454721532,9.419324399680762e-06,0.00436372571152782,1.415031935869056e-05,-1.6375327545278469,-8.282057402912741e-05,1.6341637609841637,-0.7852749415234753,2.0134804989776156e-05,-0.017286297002890444,1.0482031960945698e-05,-0.031509614803421314,2.3545786416512296e-05,0.03068576368596154,8.242988041289492e-05,-0.0016149015768433422,-26.469059247590355,0.0028638697063102726,19.395114097654115,0.7427075281049498,1.7381855305628304,-0.0009480826273854651,-0.0016149015768433422,-26.469059247590355,0.0028638697063102726,19.395114097654115,0.7427075281049498,1.7381855305628304,-0.0009480826273854651
1.050999999999995,1,0,1,2,0.0008076286618502728,0.6081410261412167,0.2639322971010791,0.7046842555920287,0.558697787916384,-8.241718433128485e-06,0.43595218828894333,-0.0004589507860877438,1.7946079785165627e-05,-0.002268927647405641,0.5580257014049094,-9.769049428614944e-06,0.0006720882469186196,0.4336159189939371,0.0,0.0,1.0,-0.0011676968023814958,-0.0011841657453550902,0.0,0.0,0.0,-0.0011676968023814958,0.0,0.0,0.0,-8.504485577946984e-05,-8.730201185053287e-05,0.0,0.0,0.0,0.055,0.3,0.29991495514422045,0.0,0.0,0.0,6.342761269507517e-06,0,0,0,0,0,inf,inf,0,0,0.0,1.433954406395241,9.543809872840802e-06,0.004188013515019866,1.4172848921420816e-05,-1.6378455936047591,-8.236600067730166e-05,1.6344659557653154,-0.7852742728243455,6.325998126325152e-06,-0.01779239536122914,-4.281392746328559e-06,-0.03111649605838613,6.336104344447295e-05,0.029856274896031817,5.413013795149081e-05,-0.001451077598619952,-26.398667642120007,0.002848902314632123,19.34387394673555,0.742296780389158,1.726395603887063,-0.0009506685892422741,-0.001451077598619952,-26.398667642120007,0.002848902314632123,19.34387394673555,0.742296780389158,1.726395603887063,-0.0009506685892422741
1.060999999999994,1,0,1,2,0.0007898690142278666,0.6778667129779897,0.3142988175862822,0.7743718994139082,0.5586922269210719,-8.087777965310601e-06,0.4359313042705867,-0.0006328503967595758,1.3435467694907854e-05,-0.0019516443954703771,0.5580257014049094,-9.769049428614944e-06,0.0006665276366134124,0.42413884121891476,0.0,0.0,1.0,-0.0011044256767462558,-0.0011192589346828916,0.0,0.0,0.0,-0.0011044256767462558,0.0,0.0,0.0,-9.635862738917983e-05,-9.87714579244952e-05,0.0,0.0,0.0,0.055,0.3,0.2999036413726108,0.0,0.0,0.0,6.15339507789605e-06,0,0,0,0,0,inf,inf,0,0,0.0,1.4336449263615718,9.536880514941572e-06,0.004007669045190741,1.4055736973072932e-05,-1.6381550736384283,-8.152057863533423e-05,1.6347605026160432,-0.7852738845653049,-6.229291903664241e-06,-0.0182212553424327,-1.7543161876022143e-05,-0.03082284308508839,0.00010140109019282021,0.02914244173969746,2.6504762450526572e-05,-0.0013179498357801722,-26.327841050178588,0.002798182685322219,19.29279936508478,0.7418772569182711,1.715101759973382,-0.0009349775865456581,-0.0013179498357801722,-26.327841050178588,0.002798182685322219,19.29279936508478,0.7418772569182711,1.715101759973382,-0.0009349775865456581
1.0709999999999928,1,0,1,2,0.0007749128619315695,0.754225338857829,0.36767921978935697,0.8467203366908713,0.5586850329943699,-7.974712256771327e-06,0.43591321917561704,-0.0007873437681918553,9.656599162809028e-06,-0.0017003865250859597,0.5580257014049094,-9.769049428614944e-06,0.0006593340310543841,0.41467081147011414,0.0,0.0,1.0,-0.0010576990032763187,-0.0010709384165811745,0.0,0.0,0.0,-0.0010576990032763187,0.0,0.0,0.0,-0.00010713352975966389,-0.00010968587782419156,0.0,0.0,0.0,0.055,0.3,0.29989286647024027,0.0,0.0,0.0,6.050424897507876e-06,0,0,0,0,0,inf,inf,0,0,0.0,1.4333379671380502,9.412249803867979e-06,0.0038234391004148146,1.3815353264749646e-05,-1.63846203286195,-8.031531384269401e-05,1.6350484812324289,-0.7852737633302568,-1.7338277077530193e-05,-0.018577500718544217,-2.9087539240177977e-05,-0.03060103861996419,0.00013548059768861214,0.028530006527537646,6.905937825043417e-07,-0.0012036546430993541,-26.25648192757062,0.002724379110081515,19.241628083318062,0.741478437070586,1.7040900387459061,-0.0009071098018545829,-0.0012036546430993541,-26.25648192757062,0.002724379110081515,19.241628083318062,0.741478437070586,1.7040900387459061,-0.0009071098018545829
1.0809999999999917,1,0,1,2,0.0007621594965205028,0.8364516591578083,0.42451035098424067,0.9216180113765571,0.5586764023552443,-7.896332504788353e-06,0.43589733997070496,-0.0009221924052227363,6.4213953318080145e-06,-0.001503284816585087,0.5580257014049094,-9.769049428614944e-06,0.0006507036451684073,0.40523257679717944,0.0,0.0,1.0,-0.001025089373193193,-0.0010368073944214341,0.0,0.0,0.0,-0.001025089373193193,0.0,0.0,0.0,-0.00011752006895477521,-0.00012019637397998291,0.0,0.0,0.0,0.055,0.3,0.2998824799310451,0.0,0.0,0.0,6.003186542762583e-06,0,0,0,0,0,inf,inf,0,0,0.0,1.4330329376861264,9.184868343023385e-06,0.003636025068082269,1.3469270228414523e-05,-1.6387670623138737,-7.87960506739608e-05,1.6353308223342242,-0.7852738869503804,-2.6926813485037696e-05,-0.018865618713901484,-3.886111221891267e-05,-0.03042863730128487,0.00016460254225707924,0.028003828742823297,-2.263534222083476e-05,-0.001101181567144448,-26.184548855660207,0.0026352785706746035,19.19018724542296,0.7411155163985887,1.6932236413995356,-0.0008718578108542235,-0.001101181567144448,-26.184548855660207,0.0026352785706746035,19.19018724542296,0.7411155163985887,1.6932236413995356,-0.0008718578108542235
1.0909999999999906,1,0,1,2,0.0007511164690258412,0.9238529714517587,0.48507243179271153,0.9989494366852911,0.558666528871843,-7.847811594725955e-06,0.43588318022439265,-0.0010379566375348615,3.628523994334596e-06,-0.0013506043838982685,0.5580257014049094,-9.769049428614944e-06,0.0006408303469182509,0.3958394900884664,0.0,0.0,1.0,-0.0010056848530227368,-0.0010159742268468263,0.0,0.0,0.0,-0.0010056848530227368,0.0,0.0,0.0,-0.00012765345474567884,-0.00013043899978076992,0.0,0.0,0.0,0.055,0.3,0.29987234654525424,0.0,0.0,0.0,5.991768312655428e-06,0,0,0,0,0,inf,inf,0,0,0.0,1.432729446070027,8.869962026014294e-06,0.003446083908702559,1.3034998309473583e-05,-1.639070553929973,-7.701433812353075e-05,1.6356083073735326,-0.7852742284754487,-3.500072234286474e-05,-0.0190900206671521,-4.691146289041409e-05,-0.03028770216360701,0.00018849018120238568,0.027549310914953527,-4.3139995916564855e-05,-0.0010067934704544796,-26.112038304400095,0.002535354023082772,19.138367034311496,0.7407949328283349,1.6824161363930237,-0.0008326407713226973,-0.0010067934704544796,-26.112038304400095,0.002535354023082772,19.138367034311496,0.7407949328283349,1.6824161363930237,-0.0008326407713226973
1.1009999999999895,1,1,1,3,0.0007413872837374316,1.072734377176018,0.5503450508910805,1.0785953731643414,0.5586555959386548,-7.823373604049398e-06,0.43587034802208924,-0.0011377650214360491,2.903083168041841e-06,-0.0012272884592059961,0.5580257014049094,-9.769049428614944e-06,0.0006298975387289193,0.38650420133990515,0.0,0.0,1.0,-0.001425505290690961,-0.0014388333521942738,0.0,0.0,0.0,-0.001425505290690961,0.0,0.0,0.0,-0.00013809105262579862,-0.00014119343999467808,0.0,0.0,0.0,0.055,0.3,0.299861908947374,0.0,0.0,0.0,6.1453943976705e-06,0,0,0,0,0,inf,inf,0,0,0.0,1.432427292254494,8.477800077654368e-06,0.003254239212217958,1.2522869283735924e-05,-1.639372707745506,-7.499211328872747e-05,1.635881539411951,-0.7852747498723371,-4.620731927216316e-05,-0.01924464307809464,-5.9690113528942336e-05,-0.030129922689077757,0.00023715076679608235,0.027114048771575885,-5.1593097701398755e-05,-0.0009187794344932183,-26.03911209793453,0.0024270043624642517,19.086221332071254,0.7405178642336421,1.6716353231770336,-0.0007917893153311124,-0.0009187794344932183,-26.03911209793453,0.0024270043624642517,19.086221332071254,0.7405178642336421,1.6716353231770336,-0.0007917893153311124
1.1109999999999884,1,1,1,4,0.000733220500725911,1.1883345717296352,0.629032104202339,1.1604330125525095,0.5586436913768498,-7.797835548601111e-06,0.43585910947306616,-0.0012295144760371488,1.009029843998826e-06,-0.001042710416790541,0.5580257014049094,-9.769049428614944e-06,0.000617993115740831,0.3772947406072722,0.0,0.0,1.0,-0.0015595098571093268,-0.0015737668365907685,0.0,0.0,0.0,-0.0015595098571093268,0.0,0.0,0.0,-0.00015387505267382978,-0.00015723980328642036,0.0,0.0,0.0,0.055,0.3,0.29984612494732604,0.0,0.0,0.0,5.4600138209141755e-06,0,0,0,0,0,inf,inf,0,0,0.0,1.4321292546389446,7.979522418302609e-06,0.003061996981014085,1.1886843554762618e-05,-1.6396707453610555,-7.247218740124954e-05,1.6361480558113446,-0.7852753912612171,-4.868817530346208e-05,-0.019196267007461482,-6.134747694228195e-05,-0.029532241440252308,0.00023883527051545567,0.026280700059397318,-7.728746501121822e-05,-0.0008528311993778379,-25.96773655790648,0.002297517304851488,19.03495365306412,0.739992696264007,1.6633689453618832,-0.0008209408302854531,-0.0008528311993778379,-25.96773655790648,0.002297517304851488,19.03495365306412,0.739992696264007,1.6633689453618832,-0.0008209408302854531
1.1209999999999873,1,1,1,4,0.0007266512151966878,1.282481650499776,0.709761941909872,1.2443361671415698,0.5586310030835445,-7.802115707815343e-06,0.4358495241304954,-0.00129794689346276,-1.4486680006608104e-06,-0.0008953045433771551,0.5580257014049094,-9.769049428614944e-06,0.0006053048744118893,0.36824346964905363,0.0,0.0,1.0,-0.0014833031477572754,-0.0014956820121916194,0.0,0.0,0.0,-0.0014833031477572754,0.0,0.0,0.0,-0.00016903533990832457,-0.00017253217775759297,0.0,0.0,0.0,0.055,0.3,0.29983096466009157,0.0,0.0,0.0,5.594410622199266e-06,0,0,0,0,0,inf,inf,0,0,0.0,1.4318370139536716,7.500775756208456e-06,0.0028705128384686057,1.1290116326141625e-05,-1.6399629860463285,-7.019188198103975e-05,1.636406774778829,-0.7852762370960198,-4.7364597526120436e-05,-0.01910371390286193,-5.860801075846388e-05,-0.028980077826145086,0.00022077536235827879,0.02555344222789549,-8.861637777260613e-05,-0.0008975139948117934,-25.89579174564155,0.0020556557481705992,18.982928962096917,0.740121482710947,1.6546676107213105,-0.0006470781788258535,-0.0008975139948117934,-25.89579174564155,0.0020556557481705992,18.982928962096917,0.740121482710947,1.6546676107213105,-0.0006470781788258535
1.1309999999999862,1,1,1,4,0.0007213137013635509,1.3809588687269216,0.792566058686475,1.3301754643485675,0.5586177388133479,-7.825889171729702e-06,0.4358412214149635,-0.0013471633281615346,-3.0293256930538974e-06,-0.0007816835917157002,0.5580257014049094,-9.769049428614944e-06,0.0005920405973093004,0.3593415227993074,0.0,0.0,1.0,-0.001425613757413108,-0.0014362982001167764,0.0,0.0,0.0,-0.001425613757413108,0.0,0.0,0.0,-0.00018353615114365888,-0.00018714730862777706,0.0,0.0,0.0,0.055,0.3,0.29981646384885624,0.0,0.0,0.0,5.707739401218667e-06,0,0,0,0,0,inf,inf,0,0,0.0,1.4315500312059921,7.030960557870364e-06,0.0026801553275383285,1.0711956450533001e-05,-1.640249968794008,-6.804460009997929e-05,1.6366587573734772,-0.7852771472923361,-4.672755757185824e-05,-0.01897479822684427,-5.730974843399206e-05,-0.028473258847561203,0.0002106279199662775,0.024919869943069155,-9.245436217691404e-05,-0.0008663467790262455,-25.82337128829607,0.0018917227729119527,18.93028891580638,0.7401534032175262,1.645565537389607,-0.0005822926531098431,-0.0008663467790262455,-25.82337128829607,0.0018917227729119527,18.93028891580638,0.7401534032175262,1.645565537389607,-0.0005822926531098431
1.1409999999999851,1,1,1,4,0.0007169077292933637,1.4830875136962376,0.8777035977106854,1.4178185461989667,0.5586040739946768,-7.861943401475663e-06,0.4358338984227622,-0.001380121612492145,-4.002734718176187e-06,-0.0006956805814577484,0.5580257014049094,-9.769049428614944e-06,0.0005783757339720493,0.35058388003256746,0.0,0.0,1.0,-0.001385715874972048,-0.001394883681587065,0.0,0.0,0.0,-0.001385715874972048,0.0,0.0,0.0,-0.00019755839950088365,-0.00020126791661236737,0.0,0.0,0.0,0.055,0.3,0.299802441600499,0.0,0.0,0.0,5.802546459667393e-06,0,0,0,0,0,inf,inf,0,0,0.0,1.4312679395707466,6.566033784080524e-06,0.002491279526331909,1.0142794604770854e-05,-1.6405320604292535,-6.597359370434789e-05,1.6369048124975196,-0.7852780827064618,-4.6311560512512114e-05,-0.018811158533391267,-5.665139905890454e-05,-0.027996684647648977,0.00020464767235335232,0.02435758263473851,-9.429354231217744e-05,-0.0008214062916177769,-25.750595404655645,0.001743606254585294,18.877112020492575,0.7401338165848559,1.636153755608221,-0.0005502669887653104,-0.0008214062916177769,-25.750595404655645,0.001743606254585294,18.877112020492575,0.7401338165848559,1.636153755608221,-0.0005502669887653104
1.150999999999984,1,1,1,4,0.0007131869433031615,1.5882845093394813,0.9653141357141408,1.50713027341305,0.5585901573477945,-7.905304968231754e-06,0.43582730752516285,-0.00139927521645461,-4.558226740167855e-06,-0.0006322562833774473,0.5580257014049094,-9.769049428614944e-06,0.0005644590197718045,0.34196821638377917,0.0,0.0,1.0,-0.0013631090636525539,-0.0013709288798582605,0.0,0.0,0.0,-0.0013631090636525539,0.0,0.0,0.0,-0.00021127713334459036,-0.00021507077983579383,0.0,0.0,0.0,0.055,0.3,0.2997887228666553,0.0,0.0,0.0,5.8816582917736786e-06,0,0,0,0,0,inf,inf,0,0,0.0,1.4309905013444786,6.105223493059751e-06,0.0023042214454368536,9.578770091228723e-06,-1.6408094986555215,-6.394991584121701e-05,1.637145554138737,-0.7852790329420558,-4.58784229342424e-05,-0.018614890782064547,-5.6210466083536124e-05,-0.027539089140843933,0.00020069482684249206,0.023849277817408854,-9.556905114038403e-05,-0.0007805015123355511,-25.677572382479298,0.0015936226506461121,18.823470503988172,0.740088045733712,1.6265016311871792,-0.0005269930449925504,-0.0007805015123355511,-25.677572382479298,0.0015936226506461121,18.823470503988172,0.740088045733712,1.6265016311871792,-0.0005269930449925504
1.160999999999983,1,1,1,4,0.0007099492740176008,1.6960452587852064,1.055445440038058,1.5979729337808974,0.5585761153351236,-7.952548654608256e-06,0.43582124628629276,-0.0014066772048999558,-4.8254318052566676e-06,-0.0005872884383548273,0.5580257014049094,-9.769049428614944e-06,0.0005504169276548253,0.3334940549369129,0.0,0.0,1.0,-0.0013573736455876465,-0.0013640029007159424,0.0,0.0,0.0,-0.0013573736455876465,0.0,0.0,0.0,-0.0002248629292953363,-0.00022872810096125128,0.0,0.0,0.0,0.055,0.3,0.2997751370707046,0.0,0.0,0.0,5.947490320311755e-06,0,0,0,0,0,inf,inf,0,0,0.0,1.4307175744486702,5.649438275939699e-06,0.0021192944409899623,9.019075220639064e-06,-1.6410824255513299,-6.196068556731666e-05,1.6373814459262552,-0.7852799941423209,-4.530688793583789e-05,-0.018388377569736238,-5.575982181185146e-05,-0.027092191747642276,0.00019752677395083206,0.023381626214210225,-9.652101001946351e-05,-0.0007475502421491209,-25.6044018770422,0.0014380472652532842,18.76943281981701,0.740030816266648,1.6166624593127308,-0.0005054852230827069,-0.0007475502421491209,-25.6044018770422,0.0014380472652532842,18.76943281981701,0.740030816266648,1.6166624593127308,-0.0005054852230827069
1.1709999999999818,1,1,1,4,0.0007070290713867824,1.8059288653997358,1.1480753455979325,1.690206454504628,0.5585620557055406,-8.001304310597171e-06,0.43581554926460275,-0.0014040607766587164,-4.892497438215284e-06,-0.0005574005081340733,0.5580257014049094,-9.769049428614944e-06,0.0005363572137376815,0.325162141790242,0.0,0.0,1.0,-0.0013680902391676943,-0.0013736740437161412,0.0,0.0,0.0,-0.0013680902391676943,0.0,0.0,0.0,-0.00023848221582713292,-0.00024240781557223373,0.0,0.0,0.0,0.055,0.3,0.29976151778417276,0.0,0.0,0.0,6.001918043154322e-06,0,0,0,0,0,inf,inf,0,0,0.0,1.4304490863552917,5.2004063745742975e-06,0.001936787057371657,8.464519056325443e-06,-1.6413509136447084,-6.000228139971753e-05,1.6376128358801887,-0.7852809628739437,-4.4541871690688394e-05,-0.018134165042325717,-5.5182470330141635e-05,-0.026650034016581548,0.0001944372667200464,0.022944398569876,-9.709871083566848e-05,-0.0007224361852901074,-25.531177324627222,0.0012772143743499337,18.715065402673165,0.7399707270222546,1.6066776567129546,-0.0004841165340194984,-0.0007224361852901074,-25.531177324627222,0.0012772143743499337,18.715065402673165,0.7399707270222546,1.6066776567129546,-0.0004841165340194984
1.1809999999999807,1,1,1,4,0.0007042908239354431,1.917879775673029,1.2431346652030397,1.7836886181805058,0.5585480695870438,-8.049949742784726e-06,0.43581008154214057,-0.0013933033509868312,-4.832360700454913e-06,-0.0005397166756582461,0.5580257014049094,-9.769049428614944e-06,0.0005223710108823039,0.31697407584035375,0.0,0.0,1.0,-0.0013925000398803276,-0.0013967054369954646,0.0,0.0,0.0,-0.0013925000398803276,0.0,0.0,0.0,-0.0002522929923962858,-0.0002562677839762997,0.0,0.0,0.0,0.055,0.3,0.29974770700760356,0.0,0.0,0.0,5.928523075725494e-06,0,0,0,0,0,inf,inf,0,0,0.0,1.4301850135587888,4.760242034227068e-06,0.0017569609736726257,7.91679347618975e-06,-1.6416149864412113,-5.8076665493346415e-05,1.6378399813069178,-0.7852819342435252,-4.353911830007017e-05,-0.017855377703783957,-5.438463329228759e-05,-0.026208612375844136,0.0001908510087855005,0.0225286001166966,-9.693109550382155e-05,-0.0007023323842093762,-25.45799005490463,0.001114159791574397,18.66044182112575,0.739914256504307,1.5965894753690366,-0.00046458803871398063,-0.0007023323842093762,-25.45799005490463,0.001114159791574397,18.66044182112575,0.739914256504307,1.5965894753690366,-0.00046458803871398063
1.1909999999999796,1,1,1,4,0.0007016288049332122,2.0317169420083845,1.3405963832815717,1.8782752820878648,0.5585342122134147,-8.09762523557475e-06,0.435804739073137,-0.00137929060578196,-4.704692926987891e-06,-0.0005309825901654144,0.5580257014049094,-9.769049428614944e-06,0.000508513555400034,0.3089344199561951,0.0,0.0,1.0,-0.0014232229112492443,-0.0014266918965721873,0.0,0.0,0.0,-0.0014232229112492443,0.0,0.0,0.0,-0.00026637611833833097,-0.0002703888202627885,0.0,0.0,0.0,0.055,0.3,0.29973362388166147,0.0,0.0,0.0,5.896421807732931e-06,0,0,0,0,0,inf,inf,0,0,0.0,1.429925355067412,4.331474094776335e-06,0.0015800216383989431,7.3785954055437495e-06,-1.641874644932588,-5.619176430443008e-05,1.6380630090958426,-0.7852828985977914,-4.231284522193695e-05,-0.017559707395272305,-5.3332774529239725e-05,-0.025767241160472534,0.00018649808677000972,0.02211838307097688,-9.599819578167288e-05,-0.0006840550623667969,-25.384956452358235,0.0009522067379314629,18.60575379753228,0.7398669046713243,1.5865749897875503,-0.00044839978037944134,-0.0006840550623667969,-25.384956452358235,0.0009522067379314629,18.60575379753228,0.7398669046713243,1.5865749897875503,-0.00044839978037944134
1.2009999999999785,1,1,1,4,0.0006989630474674427,2.1463522384776694,1.4403047415543277,1.9738206004467376,0.5585205066710797,-8.14367971541259e-06,0.43579944416423655,-0.0013631508149226767,-4.5175555916395456e-06,-0.0005292574252991527,0.5580257014049094,-9.769049428614944e-06,0.0004948079357251267,0.30104970849361173,0.0,0.0,1.0,-0.001466804125231615,-0.0014696430284542772,0.0,0.0,0.0,-0.001466804125231615,0.0,0.0,0.0,-0.0002808376830507395,-0.00028488152713266376,0.0,0.0,0.0,0.055,0.3,0.2997191623169491,0.0,0.0,0.0,5.868760641770928e-06,0,0,0,0,0,inf,inf,0,0,0.0,1.429670110195008,3.915712779894597e-06,0.0014061126495414065,6.851766104910321e-06,-1.642129889804992,-5.4352498921803574e-05,1.6382819495350618,-0.785283852236371,-4.0956230256006196e-05,-0.017251002621396918,-5.213113098541942e-05,-0.025325854370942008,0.00018177078304644915,0.02171096023485907,-9.4799908990194e-05,-0.0006708775364913462,-25.31214423897827,0.0007882389153661446,18.551085012452514,0.7398244737122052,1.5766764618631937,-0.00043136207923195283,-0.0006708775364913462,-25.31214423897827,0.0007882389153661446,18.551085012452514,0.7398244737122052,1.5766764618631937,-0.00043136207923195283
1.2109999999999774,1,1,1,4,0.0006962293839372349,2.2615509703937073,1.5420509450005382,2.0701772493014783,0.5585069739610893,-8.187623706002096e-06,0.4357941343608793,-0.0013449441924662307,-4.289283319943466e-06,-0.0005331925756770225,0.5580257014049094,-9.769049428614944e-06,0.0004812751543963839,0.2933248555732187,0.0,0.0,1.0,-0.00152262980506394,-0.001524932209081864,0.0,0.0,0.0,-0.00152262980506394,0.0,0.0,0.0,-0.00029580292729805563,-0.000299872137343295,0.0,0.0,0.0,0.055,0.3,0.29970419707270185,0.0,0.0,0.0,5.842757006676168e-06,0,0,0,0,0,inf,inf,0,0,0.0,1.4294192798297447,3.514088135296089e-06,0.0012353518171353325,6.337633596496065e-06,-1.6423807201702554,-5.256228159740017e-05,1.638496833814107,-0.7852847922360279,-3.950030780953747e-05,-0.0169315051918954,-5.081015948664003e-05,-0.024884353005163597,0.00017673049538135846,0.021306893163984025,-9.330135024671978e-05,-0.0006613480607635607,-25.239608834060153,0.0006238252523789583,18.496472849816115,0.7397866282967767,1.566877145424832,-0.0004145544569893278,-0.0006613480607635607,-25.239608834060153,0.0006238252523789583,18.496472849816115,0.7397866282967767,1.566877145424832,-0.0004145544569893278
1.2209999999999763,1,1,1,4,0.0006933762777924504,2.3770905558373676,1.6456235001875397,2.167196653683621,0.5584936341277204,-8.229125292333797e-06,0.43578875934384176,-0.001324791392785165,-4.033766026254568e-06,-0.0005416775926554436,0.5580257014049094,-9.769049428614944e-06,0.0004679352566794308,0.2857633045784853,0.0,0.0,1.0,-0.0015900489296860126,-0.001591897086333637,0.0,0.0,0.0,-0.0015900489296860126,0.0,0.0,0.0,-0.0003113907429856176,-0.0003154804151720865,0.0,0.0,0.0,0.055,0.3,0.29968860925701435,0.0,0.0,0.0,5.816312817709665e-06,0,0,0,0,0,inf,inf,0,0,0.0,1.4291728647047404,3.1274362378650557e-06,0.001067835833858908,5.8372350916635945e-06,-1.6426271352952597,-5.082387602855185e-05,1.6387076978236994,-0.785285715697608,-3.7973220718755675e-05,-0.016603225175520077,-4.939789952541879e-05,-0.02444283809155682,0.0001714443384768726,0.020906587597173416,-9.152605180420774e-05,-0.0006546849434081827,-25.167411390608716,0.00045984370940961404,18.441962407253598,0.7397529425217944,1.5571664519075232,-0.00039836233798880966,-0.0006546849434081827,-25.167411390608716,0.00045984370940961404,18.441962407253598,0.7397529425217944,1.5571664519075232,-0.00039836233798880966
1.2309999999999752,1,1,1,4,0.0006903626007469235,2.492758658395616,1.7508100806961298,2.2647292167037163,0.5584805057863832,-8.267973332779965e-06,0.43578327880144774,-0.001302850611056416,-3.761752722266274e-06,-0.0005537954513756474,0.5580257014049094,-9.769049428614944e-06,0.00045480685860839503,0.2783673202732445,0.0,0.0,1.0,-0.0016683793623545205,-0.001669845522690242,0.0,0.0,0.0,-0.0016683793623545205,0.0,0.0,0.0,-0.0003277133364789353,-0.00033181933344145177,0.0,0.0,0.0,0.055,0.3,0.299672286663521,0.0,0.0,0.0,5.787831634863499e-06,0,0,0,0,0,inf,inf,0,0,0.0,1.4289308636817375,2.756326479338776e-06,0.0009036424306696166,5.3513401470132255e-06,-1.6428691363182626,-4.913936392996967e-05,1.638914580928627,-0.7852866200781617,-3.640042546932512e-05,-0.016267969381795082,-4.792003620104394e-05,-0.024001560250915387,0.00016598070942928922,0.020510349913408357,-8.951613905231648e-05,-0.0006503732771765642,-25.09561749592999,0.0002968867258494047,18.3876048299407,0.73972293096878,1.547538531055772,-0.0003829189907784362,-0.0006503732771765642,-25.09561749592999,0.0002968867258494047,18.3876048299407,0.73972293096878,1.547538531055772,-0.0003829189907784362
1.2409999999999741,1,1,1,4,0.0006871558301519134,2.608351643280191,1.8573989129290565,2.362624550218888,0.5584676058423809,-8.30405097544865e-06,0.43577766070105595,-0.001279301305173823,-3.481694343233919e-06,-0.0005687862880396032,0.5580257014049094,-9.769049428614944e-06,0.00044190686584105873,0.2711382145177386,0.0,0.0,1.0,-0.0017569121342191959,-0.0017580597768934439,0.0,0.0,0.0,-0.0017569121342191959,0.0,0.0,0.0,-0.00034487594228064513,-0.00034899479994756054,0.0,0.0,0.0,0.055,0.3,0.29965512405771927,0.0,0.0,0.0,5.756087758447616e-06,0,0,0,0,0,inf,inf,0,0,0.0,1.428693272495904,2.4010888613141653e-06,0.0007428322784607184,4.880475784058635e-06,-1.643106727504096,-4.7510155450742784e-05,1.6391175251850612,-0.7852875032850218,-3.480460403693267e-05,-0.01592736447806976,-4.639960969925832e-05,-0.023560877067531523,0.0001604052353019912,0.020118422967624828,-8.73177416372077e-05,-0.0006480190138282661,-25.024296151684062,0.00013540887883467122,18.33345600265012,0.7396960911822917,1.537991206212221,-0.0003682602355408076,-0.0006480190138282661,-25.024296151684062,0.00013540887883467122,18.33345600265012,0.7396960911822917,1.537991206212221,-0.0003682602355408076
1.250999999999973,1,1,1,4,0.000683730585722713,2.723673309505832,1.9651797868522731,2.4607317067204506,0.5584549493446578,-8.337315945491439e-06,0.4357718798841983,-0.0012543327412222844,-3.2003046753384246e-06,-0.0005860180086718069,0.5580257014049094,-9.769049428614944e-06,0.00042925032747689635,0.2640765220602605,0.0,0.0,1.0,-0.0018549143805532972,-0.0018557993303677308,0.0,0.0,0.0,-0.0018549143805532972,0.0,0.0,0.0,-0.0003629765718099156,-0.0003671054179233268,0.0,0.0,0.0,0.055,0.3,0.29963702342819,0.0,0.0,0.0,5.720132522628044e-06,0,0,0,0,0,inf,inf,0,0,0.0,1.4284600828863692,2.061842180090941e-06,0.0005854506814954116,4.424954202178764e-06,-1.643339917113631,-4.593703310065246e-05,1.6393165748357,-0.7852883636808878,-3.320559532663053e-05,-0.015582876104958432,-4.485680851683074e-05,-0.023121217733877014,0.00015477802403832583,0.019731008128549984,-8.497541206360233e-05,-0.0006472930563348899,-24.95351896317535,-2.421565569026735e-05,18.279575512331597,0.7396719370346333,1.5285251706692382,-0.00035438083421229403,-0.0006472930563348899,-24.95351896317535,-2.421565569026735e-05,18.279575512331597,0.7396719370346333,1.5285251706692382,-0.00035438083421229403
1.260999999999972,1,1,1,4,0.0006800674404834053,2.8385338592422125,2.0739447764583177,2.558899412084028,0.5584425494338863,-8.367785389896501e-06,0.4357659169239914,-0.0012281360444241494,-2.922941914713513e-06,-0.0006049624754279944,0.5580257014049094,-9.769049428614944e-06,0.0004168503841941783,0.2571821386438597,0.0,0.0,1.0,-0.001961631308063814,-0.001962302742457892,0.0,0.0,0.0,-0.001961631308063814,0.0,0.0,0.0,-0.00038210578591522964,-0.00038624226912046725,0.0,0.0,0.0,0.055,0.3,0.2996178942140848,0.0,0.0,0.0,5.679226932010889e-06,0,0,0,0,0,inf,inf,0,0,0.0,1.4282312820436944,1.7385224271970568e-06,0.00043152909703212343,3.984901682813781e-06,-1.6435687179563057,-4.4420216244166594e-05,1.6395117759721514,-0.7852892000543145,-3.162041437798109e-05,-0.015235824960816038,-4.330892226343516e-05,-0.02268305423518221,0.00014915213435828524,0.019348278239309572,-8.252993201505538e-05,-0.0006479079693147385,-24.88335948591767,-0.00018166836812879373,18.226025815822698,0.7396500202528391,1.5191433766709221,-0.00034125656914001036,-0.0006479079693147385,-24.88335948591767,-0.00018166836812879373,18.226025815822698,0.7396500202528391,1.5191433766709221,-0.00034125656914001036
1.2709999999999708,1,1,1,4,0.000676151953321962,2.9527490702459325,2.1834887384820902,2.6569762988232863,0.5584304173553981,-8.395523858082705e-06,0.43575975719499593,-0.0012008987897711935,-2.653874067372018e-06,-0.0006251762225809089,0.5580257014049094,-9.769049428614944e-06,0.000404718281218553,0.25045443054060096,0.0,0.0,1.0,-0.0020762875374645035,-0.0020767888824292013,0.0,0.0,0.0,-0.0020762875374645035,0.0,0.0,0.0,-0.0004023464833571812,-0.0004064887117465826,0.0,0.0,0.0,0.055,0.3,0.2995976535166428,0.0,0.0,0.0,5.632792923875885e-06,0,0,0,0,0,inf,inf,0,0,0.0,1.428006852313254,1.43091052511856e-06,0.0002810865074085702,3.560287188039305e-06,-1.643793147686746,-4.2959435602006844e-05,1.6397031762926708,-0.7852900115768103,-3.0063354787936256e-05,-0.014887400556547935,-4.1770429733408195e-05,-0.0222468782769379,0.00014357296048046427,0.0189703847500192,-8.001749993573606e-05,-0.0006496072141391134,-24.813892690892867,-0.00033667429766954176,18.17287156377707,0.7396299421422255,1.5098505668959274,-0.00032885387795859395,-0.0006496072141391134,-24.813892690892867,-0.00033667429766954176,18.17287156377707,0.7396299421422255,1.5098505668959274,-0.00032885387795859395
1.2809999999999697,1,1,1,4,0.0006719738805867339,3.0661396411509996,2.2936096443903717,2.7548111394876287,0.5584185625156332,-8.420633494092776e-06,0.4357533901150411,-0.001172801425038951,-2.396468746953947e-06,-0.000646284853019476,0.5580257014049094,-9.769049428614944e-06,0.00039286342479882114,0.24389232231538222,0.0,0.0,1.0,-0.0021980881220762835,-0.002198457841503447,0.0,0.0,0.0,-0.0021980881220762835,0.0,0.0,0.0,-0.00042377370070638344,-0.00042792018873201963,0.0,0.0,0.0,0.055,0.3,0.2995762262992936,0.0,0.0,0.0,5.580377875727739e-06,0,0,0,0,0,inf,inf,0,0,0.0,1.4277867711014516,1.138658681282823e-06,0.0001341306649391682,3.1509495344954614e-06,-1.6440132288985485,-4.155401027056479e-05,1.6398908249098696,-0.7852907977556186,-2.854615264612945e-05,-0.014538673151704743,-4.0253179562105265e-05,-0.02181318316709949,0.00013807823810739237,0.01859746123851793,-7.74695418939229e-05,-0.0006521596105115626,-24.745194519787805,-0.0004889952330518112,18.120179044118007,0.7396113582542164,1.500652911557486,-0.00031713464680370007,-0.0006521596105115626,-24.745194519787805,-0.0004889952330518112,18.120179044118007,0.7396113582542164,1.500652911557486,-0.00031713464680370007
1.2909999999999686,1,1,1,4,0.0006675265322574056,3.178530683011528,2.4041087894682294,2.852253079843959,0.5584069925667621,-8.443245837644967e-06,0.43574680852611924,-0.0011440150085464617,-2.153333808940134e-06,-0.0006679704266097222,0.5580257014049094,-9.769049428614944e-06,0.0003812934668495469,0.23749436790750536,0.0,0.0,1.0,-0.002326219495407779,-0.0023264917794990955,0.0,0.0,0.0,-0.002326219495407779,0.0,0.0,0.0,-0.00044645442184823494,-0.0004506040445678266,0.0,0.0,0.0,0.055,0.3,0.2995535455781517,0.0,0.0,0.0,5.5216285608211926e-06,0,0,0,0,0,inf,inf,0,0,0.0,1.427571010939355,8.613148685474311e-07,-9.340774342119658e-06,2.7566224326682112e-06,-1.6442289890606452,-4.0202922367141906e-05,1.640074772180975,-0.7852915583864751,-2.7078190008811355e-05,-0.01419060424644692,-3.87666255307549e-05,-0.021382449912129304,0.00013269844179277386,0.018229624811111483,-7.491283176271186e-05,-0.0006553561961160476,-24.677341508786032,-0.0006384254036235481,18.068015717423236,0.7395939783537484,1.4915577240095879,-0.000306058899261518,-0.0006553561961160476,-24.677341508786032,-0.0006384254036235481,18.068015717423236,0.7395939783537484,1.4915577240095879,-0.000306058899261518
1.3009999999999675,1,1,1,4,0.0006628062447474872,3.289751333934406,2.5147909136022544,2.9491518714829845,0.558395713508521,-8.463514847078114e-06,0.43574000818760333,-0.0011146998832433491,-1.9264260675913507e-06,-0.000689961281459745,0.5580257014049094,-9.769049428614944e-06,0.0003700144068001433,0.2312588088475149,0.0,0.0,1.0,-0.0024598505521380228,-0.0024600559114916756,0.0,0.0,0.0,-0.0024598505521380228,0.0,0.0,0.0,-0.000470447397548239,-0.0004745993512306425,0.0,0.0,0.0,0.055,0.3,0.29952955260245173,0.0,0.0,0.0,5.456271887506019e-06,0,0,0,0,0,inf,inf,0,0,0.0,1.4273595396653778,5.983451392189735e-07,-0.0001493392152404364,2.3769570099085585e-06,-1.6444404603346223,-3.890488634787923e-05,1.6402550695452118,-0.7852922935085436,-2.566671997944298e-05,-0.013844055905706726,-3.7318087959048896e-05,-0.020955136852608507,0.00012745740778483572,0.017866976369499354,-7.236977359328387e-05,-0.0006590082808808231,-24.610410464903964,-0.0007847884561875952,18.016449823426093,0.7395775634597898,1.4825732348917051,-0.0002955864334670784,-0.0006590082808808231,-24.610410464903964,-0.0007847884561875952,18.016449823426093,0.7395775634597898,1.4825732348917051,-0.0002955864334670784
1.3109999999999664,1,1,1,4,0.0006578119476685898,3.399634476849857,2.6254642608211802,3.045358103491359,0.5583847297994766,-8.481610885317399e-06,0.4357329873600263,-0.0010850050109402288,-1.7171392444729803e-06,-0.0007120238339442361,0.5580257014049094,-9.769049428614944e-06,0.00035903070287029857,0.2251836224808288,0.0,0.0,1.0,-0.002598134020189875,-0.0025982997927439582,0.0,0.0,0.0,-0.002598134020189875,0.0,0.0,0.0,-0.000495802977316534,-0.0004999567455027428,0.0,0.0,0.0,0.055,0.3,0.29950419702268344,0.0,0.0,0.0,5.3841005508161725e-06,0,0,0,0,0,inf,inf,0,0,0.0,1.4271523206949708,3.491536341336246e-07,-0.0002858841757612491,2.0115416721835157e-06,-1.6446476793050293,-3.7658411409730005e-05,1.640431769360703,-0.7852930033626855,-2.4317099917694975e-05,-0.013499799120940407,-3.5913021281782055e-05,-0.020531672238337562,0.00012237306791499435,0.01750960037922716,-6.985876779543242e-05,-0.0006629461251486672,-24.544478182883093,-0.0009279351436667664,17.965550042890023,0.7395619212159676,1.4737084100942768,-0.00028567785683821233,-0.0006629461251486672,-24.544478182883093,-0.0009279351436667664,17.965550042890023,0.7395619212159676,1.4737084100942768,-0.00028567785683821233
1.3209999999999653,1,1,1,4,0.0006525448061751307,3.508016543393685,2.735940598538654,3.140723432832495,0.5583740444722832,-8.497715506936597e-06,0.4357257464617388,-0.0010550677655921685,-1.5263782392963144e-06,-0.0007339559880649538,0.5580257014049094,-9.769049428614944e-06,0.00034834538733470865,0.21926656236596728,0.0,0.0,1.0,-0.0027402082382208914,-0.0027403590164894057,0.0,0.0,0.0,-0.0027402082382208914,0.0,0.0,0.0,-0.0005225629571454925,-0.0005267182813344993,0.0,0.0,0.0,0.055,0.3,0.2994774370428545,0.0,0.0,0.0,5.304962249244032e-06,0,0,0,0,0,inf,inf,0,0,0.0,1.4269493133508833,1.1310026151733611e-07,-0.0004190024185336416,1.6599193197300667e-06,-1.6448506866491168,-3.646185631171781e-05,1.6406049247382304,-0.7852936883536271,-2.3033023103785803e-05,-0.013158521363639406,-3.455527467888095e-05,-0.02011244921760053,0.0001174582183396096,0.01715756453372001,-6.739461501393602e-05,-0.0006670179410870082,-24.479621193647933,-0.0010677414205462297,17.9153852029113,0.7395469004516885,1.4649728016812045,-0.0002762952403819292,-0.0006670179410870082,-24.479621193647933,-0.0010677414205462297,17.9153852029113,0.7395469004516885,1.4649728016812045,-0.0002762952403819292
1.3309999999999642,1,1,1,4,0.000647007923961245,3.6147373894794446,2.84603521251905,3.235100813080763,0.5583636592491875,-8.512016934778032e-06,0.43571828778405275,-0.0010250140397105368,-1.3546241290446307e-06,-0.0007555818532146458,0.5580257014049094,-9.769049428614944e-06,0.0003379601820330658,0.21350519248990965,0.0,0.0,1.0,-0.0028851994135686075,-0.002885357399662325,0.0,0.0,0.0,-0.0028851994135686075,0.0,0.0,0.0,-0.0005507604476178794,-0.0005549173018215488,0.0,0.0,0.0,0.055,0.3,0.29944923955238206,0.0,0.0,0.0,5.218751506588397e-06,0,0,0,0,0,inf,inf,0,0,0.0,1.4267504732324046,-1.1048390004317302e-07,-0.0005487271538836012,1.3216020344440034e-06,-1.6450495267675955,-3.5313476554327235e-05,1.6407745893721901,-0.7852943490162351,-2.1816742179571323e-05,-0.012820833447795959,-3.3247337589542565e-05,-0.019697822786494797,0.00011272127430108682,0.01681091954388877,-6.498892896528451e-05,-0.0006710890467818714,-24.415915537574687,-0.0012041067691518827,17.866024016569114,0.7395323855049131,1.456376423752274,-0.0002674025174764732,-0.0006710890467818714,-24.415915537574687,-0.0012041067691518827,17.866024016569114,0.7395323855049131,1.456376423752274,-0.0002674025174764732
1.340999999999963,1,1,1,4,0.0006412060948015877,3.7196402304164415,2.9555668896520753,3.328344721156431,0.5583535746552494,-8.524706146050066e-06,0.435710615253178,-0.0009949585585018491,-1.2019925514216867e-06,-0.0007767475247962103,0.5580257014049094,-9.769049428614944e-06,0.000327875611594892,0.20789691655116377,0.0,0.0,1.0,-0.003032224400777613,-0.00303240969662945,0.0,0.0,0.0,-0.003032224400777613,0.0,0.0,0.0,-0.0005804197674378371,-0.0005845783359235453,0.0,0.0,0.0,0.055,0.3,0.2994195802325621,0.0,0.0,0.0,5.12540340932628e-06,0,0,0,0,0,inf,inf,0,0,0.0,1.4265557526061732,-3.2228336643260485e-07,-0.0006750973081632591,9.96083418209017e-07,-1.645244247393827,-3.421146423333412e-05,1.6409408173707303,-0.7852949859858778,-2.066927995899584e-05,-0.012487275791838802,-3.199056544578475e-05,-0.019288108309699202,0.00010816698117916597,0.016469699173404278,-6.265054006389256e-05,-0.0006750410775507471,-24.353436557492014,-0.0013369526555069423,17.81753484999017,0.7395182906691136,1.4479296473108538,-0.0002589657069575316,-0.0006750410775507471,-24.353436557492014,-0.0013369526555069423,17.81753484999017,0.7395182906691136,1.4479296473108538,-0.0002589657069575316
1.350999999999962,1,1,1,4,0.0006351455928240426,3.8225716253870807,3.0643578974993972,3.420311381711698,0.5583437901276437,-8.535973515681468e-06,0.43570273422946304,-0.0009650053260835616,-1.0682870084244928e-06,-0.0007973177269558425,0.5580257014049094,-9.769049428614944e-06,0.00031809111274437146,0.20243900326694364,0.0,0.0,1.0,-0.0031803940102103296,-0.0031806248502664015,0.0,0.0,0.0,-0.0031803940102103296,0.0,0.0,0.0,-0.0006115563676663031,-0.0006157170252794802,0.0,0.0,0.0,0.055,0.3,0.2993884436323337,0.0,0.0,0.0,5.024888750384969e-06,0,0,0,0,0,inf,inf,0,0,0.0,1.4263651008047002,-5.229870382113458e-07,-0.0007981568517361442,6.828487939638641e-07,-1.6454348991952998,-3.315398110536894e-05,1.64110366308784,-0.7852955999727215,-1.959062489270117e-05,-0.012158324151301596,-3.078538337695308e-05,-0.018883581282782162,0.00010379706521901184,0.016133920567641548,-6.038587849396217e-05,-0.000678771198425381,-24.292258707589546,-0.0014662210530173323,17.769985511528727,0.7395045549865246,1.439643109748645,-0.0002509530141127027,-0.000678771198425381,-24.292258707589546,-0.0014662210530173323,17.769985511528727,0.7395045549865246,1.439643109748645,-0.0002509530141127027
1.360999999999961,1,1,1,4,0.0006288339935716361,3.9233815027641903,3.1722339671164774,3.510858988821865,0.5583343041200333,-8.546005968750646e-06,0.43569465133624896,-0.0009352481499539246,-9.530479325753175e-07,-0.0008171731529665594,0.5580257014049094,-9.769049428614944e-06,0.0003086051386758572,0.19712860844033375,0.0,0.0,1.0,-0.0033288168297100416,-0.003329109763143258,0.0,0.0,0.0,-0.0033288168297100416,0.0,0.0,0.0,-0.0006441767918882875,-0.0006483400864185201,0.0,0.0,0.0,0.055,0.3,0.29935582320811177,0.0,0.0,0.0,4.9172102221164816e-06,0,0,0,0,0,inf,inf,0,0,0.0,1.426178464621764,-7.13278853749817e-07,-0.0009179541816508861,3.813834943272903e-07,-1.6456215353782362,-3.2139185517260135e-05,1.6412631809603653,-0.7852961917397097,-1.857990971102293e-05,-0.011834394879568427,-2.9631467257005716e-05,-0.018484478057895826,9.961081612445608e-05,0.015803584878359617,-5.819933003199161e-05,-0.0006821912924348504,-24.232455375350938,-0.0015918730029003216,17.72344305899671,0.7394911375087214,1.4315276356944278,-0.0002433348470584517,-0.0006821912924348504,-24.232455375350938,-0.0015918730029003216,17.72344305899671,0.7394911375087214,1.4315276356944278,-0.0002433348470584517
1.3709999999999598,1,1,1,4,0.000622280019439341,4.021923219138371,3.279024283728402,3.5998479246397896,0.5583251142014488,-8.554984600615555e-06,0.4356863743121237,-0.0009057712058852919,-8.555979431181816e-07,-0.0008362083682086161,0.5580257014049094,-9.769049428614944e-06,0.00029941525793616015,0.19196279435767527,0.0,0.0,1.0,-0.0034766035196202114,-0.0034769735488826246,0.0,0.0,0.0,-0.0034766035196202114,0.0,0.0,0.0,-0.0006782786772413929,-0.0006824453133650037,0.0,0.0,0.0,0.055,0.3,0.2993217213227587,0.0,0.0,0.0,4.802399384899337e-06,0,0,0,0,0,inf,inf,0,0,0.0,1.4259957886963488,-8.938301332667733e-07,-0.001034541554551095,9.117946269337412e-08,-1.6458042113036513,-3.116525389543345e-05,1.641419425352785,-0.7852967620839312,-1.7635572665827346e-05,-0.01151584976395181,-2.8527902521064122e-05,-0.0180909972997188,9.56055994913634e-05,0.01547867815821072,-5.609356110911604e-05,-0.000685227111995496,-24.174098714342314,-0.0017138871933664785,17.677973621819504,0.7394780130825147,1.4235941668120538,-0.00023608377561288186,-0.000685227111995496,-24.174098714342314,-0.0017138871933664785,17.677973621819504,0.7394780130825147,1.4235941668120538,-0.00023608377561288186
1.3809999999999587,1,1,1,4,0.0006154934043353924,4.118053646082139,3.3845614883434743,3.6871409746764887,0.5583162171494216,-8.563082731334007e-06,0.43567791188158184,-0.000876649617098673,-7.750834897288508e-07,-0.0008543301645841881,0.5580257014049094,-9.769049428614944e-06,0.00029051824755970995,0.18693854695994294,0.0,0.0,1.0,-0.003622871522406262,-0.0036233322046746587,0.0,0.0,0.0,-0.003622871522406262,0.0,0.0,0.0,-0.0007138508007302448,-0.0007180216251290162,0.0,0.0,0.0,0.055,0.3,0.29928614919926994,0.0,0.0,0.0,4.6805142108590625e-06,0,0,0,0,0,inf,inf,0,0,0.0,1.4258170158789405,-1.0652934396496415e-06,-0.0011479745657993062,-1.8825961645547736e-07,-1.6459829841210596,-3.0230397490239566e-05,1.6415724504122264,-0.7852973118210658,-1.675550143056051e-05,-0.01120300047698893,-2.7473321837162327e-05,-0.01770330197729637,9.177730073107936e-05,0.01515917248340771,-5.4069811737612816e-05,-0.0006878173930701724,-24.117259486217716,-0.0018322585521486437,17.633642235712855,0.7394651686745494,1.4158536987572508,-0.0002291744517172354,-0.0006878173930701724,-24.117259486217716,-0.0018322585521486437,17.633642235712855,0.7394651686745494,1.4158536987572508,-0.0002291744517172354
1.3909999999999576,1,1,1,4,0.0006084847734399148,4.21163327962057,3.4886816922350974,3.7726035393759307,0.5583076090373366,-8.570464356613875e-06,0.435669273640092,-0.0008479500300958674,-7.105129656032045e-07,-0.0008714562746686506,0.5580257014049094,-9.769049428614944e-06,0.00028191018042433223,0.18205279113793052,0.0,0.0,1.0,-0.0037667501125407407,-0.003767313630329777,0.0,0.0,0.0,-0.0037667501125407407,0.0,0.0,0.0,-0.0007508731745754753,-0.000755049161895196,0.0,0.0,0.0,0.055,0.3,0.2992491268254247,0.0,0.0,0.0,4.551637068170642e-06,0,0,0,0,0,inf,inf,0,0,0.0,1.4256420875757114,-1.228297785099287e-06,-0.0012583116711605005,-4.5741445440981553e-07,-1.6461579124242887,-2.9332875040403455e-05,1.641722309935733,-0.7852978417725808,-1.593716016018361e-05,-0.01089611267740837,-2.6466023099691553e-05,-0.017321521730642282,8.812070434995834e-05,0.014845027255297705,-5.212815640084498e-05,-0.0006899129397265635,-24.06200691071396,-0.001946996855489121,17.590512688025896,0.7394526002196973,1.4083172239581454,-0.00022258350548387437,-0.0006899129397265635,-24.06200691071396,-0.001946996855489121,17.590512688025896,0.7394526002196973,1.4083172239581454,-0.00022258350548387437
1.4009999999999565,1,1,1,4,0.0006012655347971954,4.302526368141939,3.591224505338692,3.856103841657799,0.5582992853160952,-8.577282960136261e-06,0.4356604699504075,-0.000819731175702563,-6.607913280467866e-07,-0.0008875143698245425,0.5580257014049094,-9.769049428614944e-06,0.00027358650691699577,0.17730240442736558,0.0,0.0,1.0,-0.003907385700063007,-0.003908062906972925,0.0,0.0,0.0,-0.003907385700063007,0.0,0.0,0.0,-0.0007893171935324045,-0.0007934994329059976,0.0,0.0,0.0,0.055,0.3,0.29921068280646784,0.0,0.0,0.0,4.4158730244881865e-06,0,0,0,0,0,inf,inf,0,0,0.0,1.4254709440676214,-1.383445019401392e-06,-0.0013656137477118736,-7.167473745173009e-07,-1.6463290559323787,-2.8471001976704433e-05,1.6418690572512915,-0.7852983527553653,-1.5177700511307658e-05,-0.010595409791137328,-2.5504069405221474e-05,-0.01694575547928419,8.462981368416384e-05,0.01453619062940628,-5.0267733955920994e-05,-0.0006914756861328622,-24.008408522710212,-0.0020581253563916367,17.548647372320264,0.73944030996474,1.4009956792275964,-0.00021628942633569831,-0.0006914756861328622,-24.008408522710212,-0.0020581253563916367,17.548647372320264,0.73944030996474,1.4009956792275964,-0.00021628942633569831
1.4109999999999554,1,1,1,4,0.0005938477801646072,4.390601055091729,3.6920330789377696,3.937513130108199,0.5582912408902869,-8.583680653843274e-06,0.43565151184762885,-0.0007920444083179834,-6.247512610398364e-07,-0.000902441279600411,0.5580257014049094,-9.769049428614944e-06,0.00026554213110862045,0.17268422932597463,0.0,0.0,1.0,-0.004043947292223902,-0.0040447477394594655,0.0,0.0,0.0,-0.004043947292223902,0.0,0.0,0.0,-0.0008291458361965156,-0.0008333355181143795,0.0,0.0,0.0,0.055,0.3,0.29917085416380373,0.0,0.0,0.0,4.273348402993757e-06,0,0,0,0,0,inf,inf,0,0,0.0,1.4253035248026094,-1.5313072447638504e-06,-0.0014699436909313246,-9.66700437213628e-07,-1.6464964751973907,-2.7643156729360108e-05,1.6420127451136153,-0.7852988455735,-1.447405761488786e-05,-0.010301076499583369,-2.4585372740891405e-05,-0.016576074164044108,8.129811676864001e-05,0.01423260102184897,-4.848694819313385e-05,-0.000692477748155102,-23.95653003566663,-0.00216567944048376,17.508107151084914,0.7394283042658736,1.3938998974665369,-0.0002102724369101249,-0.000692477748155102,-23.95653003566663,-0.00216567944048376,17.508107151084914,0.7394283042658736,1.3938998974665369,-0.0002102724369101249
1.4209999999999543,1,1,1,4,0.0005862441931374354,4.475729533280449,3.7909541625043337,4.016705877505002,0.5582834701891065,-8.589787610047011e-06,0.435642410951102,-0.0007649342195298735,-6.011809330966343e-07,-0.0009161823805807374,0.5580257014049094,-9.769049428614944e-06,0.0002577714816749714,0.16819508440991465,0.0,0.0,1.0,-0.0041756320118421794,-0.004176563960773788,0.0,0.0,0.0,-0.0041756320118421794,0.0,0.0,0.0,-0.0008703139213224815,-0.000874512324687063,0.0,0.0,0.0,0.055,0.3,0.29912968607867774,0.0,0.0,0.0,4.124209514998649e-06,0,0,0,0,0,inf,inf,0,0,0.0,1.4251397686600582,-1.6724251127501996e-06,-0.0015713660451753427,-1.2076943203979382e-06,-1.6466602313399419,-2.6847784645754297e-05,1.6421534256151968,-0.7852993210118813,-1.3823032105465187e-05,-0.010013261959932525,-2.3707763101399655e-05,-0.016212523533862277,7.811880416235833e-05,0.013934188646523554,-4.678364107165063e-05,-0.0006929004752093039,-23.906435210929363,-0.002269705316798042,17.46895122574121,0.7394165917973953,1.387040562907885,-0.00020451436429844952,-0.0006929004752093039,-23.906435210929363,-0.002269705316798042,17.46895122574121,0.7394165917973953,1.387040562907885,-0.00020451436429844952
1.4309999999999532,1,1,1,4,0.0005784679630415892,4.557788208013298,3.8878381741766663,4.093559974371726,0.5582759672322847,-8.595721754436802e-06,0.43563317938170265,-0.0007384387244699442,-5.888484315843542e-07,-0.0009286911119020017,0.5580257014049094,-9.769049428614944e-06,0.00025026857783125273,0.16383177439493657,0.0,0.0,1.0,-0.0043016705683626795,-0.004302740994000843,0.0,0.0,0.0,-0.0043016705683626795,0.0,0.0,0.0,-0.000912768419152705,-0.000916976898404867,0.0,0.0,0.0,0.055,0.3,0.29908723158084755,0.0,0.0,0.0,3.968621545355425e-06,0,0,0,0,0,inf,inf,0,0,0.0,1.4249796141874842,-1.8073068702353237e-06,-0.0016699466649927903,-1.440127818609588e-06,-1.6468203858125159,-2.6083399967346675e-05,1.6422911501127044,-0.7852997798314372,-1.3221359368334772e-05,-0.009732082780150694,-2.286904468984553e-05,-0.015855126906961014,7.508494444200346e-05,0.013640877041323241,-4.515524080635785e-05,-0.0006927335127492201,-23.85818573253296,-0.002370258750632763,17.431237013288932,0.739405182125641,1.3804281694819858,-0.0001989985124923734,-0.0006927335127492201,-23.85818573253296,-0.002370258750632763,17.431237013288932,0.739405182125641,1.3804281694819858,-0.0001989985124923734
1.440999999999952,1,1,1,4,0.0005705327034743182,4.6366578665540334,3.9825392840721454,4.1679569172615025,0.5582687256913055,-8.6015886830825e-06,0.4356238296834317,-0.0007125901207927931,-5.865229849410936e-07,-0.0009399285822682015,0.5580257014049094,-9.769049428614944e-06,0.00024302709055356496,0.1595910992620205,0.0,0.0,1.0,-0.00442133257803511,-0.004422547167848292,0.0,0.0,0.0,-0.00442133257803511,0.0,0.0,0.0,-0.0009564488167111047,-0.000960668788962161,0.0,0.0,0.0,0.055,0.3,0.29904355118328907,0.0,0.0,0.0,3.8067675450425567e-06,0,0,0,0,0,inf,inf,0,0,0.0,1.4248229998100148,-1.93642803302491e-06,-0.001765752404938027,-1.6643778405141534e-06,-1.6469770001899853,-2.5348586258961623e-05,1.6424259691684107,-0.7853002227656964,-1.266576717936914e-05,-0.009457625769605571,-2.20670407634208e-05,-0.015503887850589858,7.218962278984644e-05,0.013352584547180274,-4.359888707823487e-05,-0.0006919738865468447,-23.811841087230846,-0.0024674038471096276,17.39502002910487,0.739394084603908,1.374072981995895,-0.00019370953828750953,-0.0006919738865468447,-23.811841087230846,-0.0024674038471096276,17.39502002910487,0.739394084603908,1.374072981995895,-0.00019370953828750953
1.450999999999951,1,1,1,4,0.0005624523747110024,4.712223851669555,4.074915509422079,4.239781991480788,0.5582617389461808,-8.607481777201162e-06,0.4356143747485782,-0.0006874151211509327,-5.929931132556959e-07,-0.0009498632397664443,0.5580257014049094,-9.769049428614944e-06,0.000236040399357557,0.1554698625450864,0.0,0.0,1.0,-0.004533931632989172,-0.004535294785014291,0.0,0.0,0.0,-0.004533931632989172,0.0,0.0,0.0,-0.0010012875349981775,-0.0010055204671431653,0.0,0.0,0.0,0.055,0.3,0.298998712465002,0.0,0.0,0.0,3.638847504230784e-06,0,0,0,0,0,inf,inf,0,0,0.0,1.42466986401373,-2.0602315774742125e-06,-0.0018588508357471952,-1.8807997992405795e-06,-1.64713013598627,-2.464199563135579e-05,1.642557932506004,-0.7853006505184942,-1.2153022898810378e-05,-0.009189950484647096,-2.1299628578534997e-05,-0.015158792736397489,6.942604773738152e-05,0.013069225709635144,-4.211153561013089e-05,-0.0006906251146734831,-23.76745844956819,-0.002561211888656543,17.360353775527503,0.7393833075465595,1.3679849998922824,-0.00018863333267393753,-0.0006906251146734831,-23.76745844956819,-0.002561211888656543,17.360353775527503,0.7393833075465595,1.3679849998922824,-0.00018863333267393753
1.46099999999995,1,1,1,4,0.0005542412094418905,4.784376237198507,4.164828820361841,4.308924447971126,0.5582550001380421,-8.6134824821902e-06,0.435604827745947,-0.0006629353606437422,-6.070818714089992e-07,-0.0009584705813254811,0.5580257014049094,-9.769049428614944e-06,0.00022930164489430395,0.1514648788641157,0.0,0.0,1.0,-0.004638830025097251,-0.004640344848781449,0.0,0.0,0.0,-0.004638830025097251,0.0,0.0,0.0,-0.0010472103950526029,-0.001051457790877067,0.0,0.0,0.0,0.055,0.3,0.29895278960494753,0.0,0.0,0.0,3.4650775123166775e-06,0,0,0,0,0,inf,inf,0,0,0.0,1.424520145504282,-2.1791285518761297e-06,-0.0019493099849267044,-2.0897283040306696e-06,-1.6472798544957181,-2.3962347049562643e-05,1.6426870889798784,-0.7853010637626214,-1.1679971345665224e-05,-0.008929091587016753,-2.056476577610588e-05,-0.014819813139471788,6.678763071785419e-05,0.012790712578559862,-4.069004429216883e-05,-0.0006886963595283008,-23.725092571876832,-0.0026517602367555036,17.327289635953214,0.7393728576406401,1.3621739234027044,-0.00018375690837094049,-0.0006886963595283008,-23.725092571876832,-0.0026517602367555036,17.327289635953214,0.7393728576406401,1.3621739234027044,-0.00018375690837094049
1.4709999999999488,1,1,1,4,0.0005459136415235924,4.853010003743436,4.252145255100315,4.375277674076151,0.5582485022177813,-8.619660723475522e-06,0.43559520205186225,-0.000639167781036454,-6.276593688382558e-07,-0.0009657328834360974,0.5580257014049094,-9.769049428614944e-06,0.00022280377759544692,0.1475729807727706,0.0,0.0,1.0,-0.004735443039089805,-0.00473711136175237,0.0,0.0,0.0,-0.004735443039089805,0.0,0.0,0.0,-0.0010941371289487929,-0.0010984005162727449,0.0,0.0,0.0,0.055,0.3,0.2989058628710513,0.0,0.0,0.0,3.285688977786636e-06,0,0,0,0,0,inf,inf,0,0,0.0,1.4243737833424959,-2.2934990203996543e-06,-0.0020371980999739745,-2.2914780744433572e-06,-1.6474262166575042,-2.330842397530776e-05,1.6428134865567665,-0.7853014631392421,-1.124356443072636e-05,-0.00867506103156619,-1.9860509433452064e-05,-0.01448690805854445,6.426804265890163e-05,0.012516955887478653,-3.9331242961218276e-05,-0.0006862016192667622,-23.684795679117297,-0.0027391312951560807,17.29587677425508,0.7393627395611185,1.3566491219625336,-0.00017906829505265242,-0.0006862016192667622,-23.684795679117297,-0.0027391312951560807,17.29587677425508,0.7393627395611185,1.3566491219625336,-0.00017906829505265242
1.4809999999999477,1,1,1,4,0.000537484237586954,4.918025212734218,4.336735043118231,4.438739357930589,0.5582422379909736,-8.626075434484009e-06,0.43558551118381256,-0.000616124993663639,-6.5365276531475e-07,-0.0009716389398933209,0.5580257014049094,-9.769049428614944e-06,0.00021653960259940486,0.14379102498005203,0.0,0.0,1.0,-0.004823242740122073,-0.004825065121365082,0.0,0.0,0.0,-0.004823242740122073,0.0,0.0,0.0,-0.0011419819310018852,-0.0011462628489304167,0.0,0.0,0.0,0.055,0.3,0.29885801806899825,0.0,0.0,0.0,3.1009279176124503e-06,0,0,0,0,0,inf,inf,0,0,0.0,1.424230717058821,-2.4036932628301946e-06,-0.0021225834326078718,-2.486345010007889e-06,-1.647569282941179,-2.2679071551776766e-05,1.6429371723084427,-0.7853018492579282,-1.0840883569433181e-05,-0.008427850098420888,-1.9185028899302554e-05,-0.014160025942974682,6.186125143052393e-05,0.012247866099449964,-3.8031988803970726e-05,-0.0006831589701697156,-23.64661736853351,-0.002823411544547692,17.266162039388178,0.7393529557532141,1.3514196047742382,-0.00017455644182555604,-0.0006831589701697156,-23.64661736853351,-0.002823411544547692,17.266162039388178,0.7393529557532141,1.3514196047742382,-0.00017455644182555604
1.4909999999999466,1,1,1,4,0.0005289676314828287,4.9793271772334755,4.418472734998911,4.499211646217728,0.5582362001592779,-8.632775170625761e-06,0.4355757687367374,-0.0005938156229015883,-6.840539506027873e-07,-0.0009761837959125078,0.5580257014049094,-9.769049428614944e-06,0.00021050182115574673,0.1401158979954079,0.0,0.0,1.0,-0.004901761193450577,-0.004903736949271464,0.0,0.0,0.0,-0.004901761193450577,0.0,0.0,0.0,-0.0011906540437709155,-0.0011949540301410668,0.0,0.0,0.0,0.055,0.3,0.2988093459562292,0.0,0.0,0.0,2.911054340955201e-06,0,0,0,0,0,inf,inf,0,0,0.0,1.424090886748613,-2.5100331632277636e-06,-0.002205534042530405,-2.6746073587937952e-06,-1.647709113251387,-2.20731935030649e-05,1.6430581924141139,-0.7853022226971799,-1.0469155831410646e-05,-0.008187431283417146,-1.853661342103527e-05,-0.013839106519069179,5.9561543564929525e-05,0.01198335431163175,-3.6789209246015754e-05,-0.0006795898590941937,-23.610604514118183,-0.0029046906461208744,17.23818987509495,0.7393435063529814,1.3464939934278723,-0.00017021112779236382,-0.0006795898590941937,-23.610604514118183,-0.0029046906461208744,17.23818987509495,0.7393435063529814,1.3464939934278723,-0.00017021112779236382
1.5009999999999455,1,1,1,4,0.0005203784616139287,5.036826627990784,4.497237337472111,4.556601295052152,0.5582303813585001,-8.639798789656532e-06,0.43556598832202204,-0.0005722446319635345,-7.179251232897553e-07,-0.0009793684710844089,0.5580257014049094,-9.769049428614944e-06,0.00020468306869136994,0.13654452124261193,0.0,0.0,1.0,-0.004970593067636049,-0.004972720305425487,0.0,0.0,0.0,-0.004970593067636049,0.0,0.0,0.0,-0.0012400583729023221,-0.0012443789520302007,0.0,0.0,0.0,0.055,0.3,0.29875994162709774,0.0,0.0,0.0,2.7163417266268655e-06,0,0,0,0,0,inf,inf,0,0,0.0,1.4239542331502657,-2.612813729826263e-06,-0.002286117619372486,-2.8565269379053764e-06,-1.6478457668497344,-2.1489748888594997e-05,1.643176592171058,-0.7853025840053116,-1.0125764717550999e-05,-0.00795376005936222,-1.7913675473997746e-05,-0.013524082414182756,5.73635332826367e-05,0.011723333015358347,-3.5599934041925215e-05,-0.0006755184505259871,-23.576801175904187,-0.002983060617113932,17.212002234666663,0.739334389217812,1.3418804965107574,-0.00016602288039639174,-0.0006755184505259871,-23.576801175904187,-0.002983060617113932,17.212002234666663,0.739334389217812,1.3418804965107574,-0.00016602288039639174
1.5109999999999444,1,1,1,4,0.0005117313112909241,5.090439873372973,4.572912452249127,4.61081981375504,0.558224774193489,-8.647176176162838e-06,0.4355561835093519,-0.0005514136325802386,-7.544024844695683e-07,-0.0009811996663127653,0.5580257014049094,-9.769049428614944e-06,0.00019907594970884835,0.13307385567939745,0.0,0.0,1.0,-0.005029397587235722,-0.005031673252295086,0.0,0.0,0.0,-0.005029397587235722,0.0,0.0,0.0,-0.0012900961244496291,-0.001294438795290563,0.0,0.0,0.0,0.055,0.3,0.29870990387555046,0.0,0.0,0.0,2.5170766876030953e-06,0,0,0,0,0,inf,inf,0,0,0.0,1.4238206977082,-2.7123046970208724e-06,-0.0023644013215952074,-3.0323503674709575e-06,-1.6479793022918001,-2.0927748824430816e-05,1.6432924160120754,-0.7853029337016085,-9.808256385587311e-06,-0.007726776519430048,-1.7314750606482555e-05,-0.013214880581972803,5.526216150244871e-05,0.011467716712747402,-3.446131817096706e-05,-0.0006709710286854555,-23.545248514124676,-0.0030586150776854503,17.187638500734714,0.7393256000429446,1.3375868861310671,-0.0001619829017081284,-0.0006709710286854555,-23.545248514124676,-0.0030586150776854503,17.187638500734714,0.7393256000429446,1.3375868861310671,-0.0001619829017081284
1.5209999999999433,1,1,1,4,0.0005030406522713851,5.140088951933369,4.645386417242431,4.66178360130039,0.5582193712700193,-8.654928993584149e-06,0.4355463677715977,-0.0005313211798988876,-7.926982616225318e-07,-0.0009816894521597439,0.5580257014049094,-9.769049428614944e-06,0.00019367306967166186,0.12970090595635164,0.0,0.0,1.0,-0.005077899815800459,-0.005080319749491194,0.0,0.0,0.0,-0.005077899815800459,0.0,0.0,0.0,-0.001340665458046444,-0.001345031682884394,0.0,0.0,0.0,0.055,0.3,0.29865933454195376,0.0,0.0,0.0,2.313558893405579e-06,0,0,0,0,0,inf,inf,0,0,0.0,1.423690222622661,-2.8087521681222275e-06,-0.002440451631224564,-3.2023102873420323e-06,-1.648109777377339,-2.038625325850528e-05,1.6434057075283373,-0.7853032722776683,-9.514342076141734e-06,-0.0075064069128029575,-1.6738494525145746e-05,-0.012911423536216545,5.325268717624163e-05,0.011216422394490857,-3.337065698548214e-05,-0.0006659754558033915,-23.515984708290926,-0.0031314485689650545,17.16513541009899,0.7393171325416216,1.3336204763038684,-0.0001580830021138391,-0.0006659754558033915,-23.515984708290926,-0.0031314485689650545,17.16513541009899,0.7393171325416216,1.3336204763038684,-0.0001580830021138391
1.5309999999999422,1,1,1,4,0.0004943207916625883,5.18570177651716,4.714552448793926,4.709414075221735,0.5582141652237987,-8.663071449412759e-06,0.4355365544329244,-0.0005119630536915853,-8.321012732375164e-07,-0.0009808549379353888,0.5580257014049094,-9.769049428614944e-06,0.0001884670640129378,0.1264227241453069,0.0,0.0,1.0,-0.005115891264645025,-0.005118450273808284,0.0,0.0,0.0,-0.005115891264645025,0.0,0.0,0.0,-0.001391662149199011,-0.001396053342979946,0.0,0.0,0.0,0.055,0.3,0.29860833785080115,0.0,0.0,0.0,2.106101453342786e-06,0,0,0,0,0,inf,inf,0,0,0.0,1.4235627508881825,-2.9023802646928373e-06,-0.0025143342233923333,-3.3666265324963967e-06,-1.6482372491118176,-1.9864367865097923e-05,1.6435165094962796,-0.7853036001988569,-9.24189742158855e-06,-0.007292565081527285,-1.6183678061022942e-05,-0.012613630403821567,5.133067297793246e-05,0.010969369886540523,-3.2325394941581906e-05,-0.0006605606857040831,-23.489044881251882,-0.0032016559404151237,17.14452698360776,0.7393089786702032,1.3299881031397103,-0.00015431554139116316,-0.0006605606857040831,-23.489044881251882,-0.0032016559404151237,17.14452698360776,0.7393089786702032,1.3299881031397103,-0.00015431554139116316
1.540999999999941,1,1,1,4,0.0004855858223624934,5.227212268938178,4.78030878358109,4.753637792780616,0.5582091487467362,-8.671611058128265e-06,0.43552675662030665,-0.0004933325267249003,-8.719762385354576e-07,-0.0009787179224299476,0.5580257014049094,-9.769049428614944e-06,0.00018345062440426138,0.12323641306342938,0.0,0.0,1.0,-0.005143229836865194,-0.0051459217737302365,0.0,0.0,0.0,-0.005143229836865194,0.0,0.0,0.0,-0.0014429802539969885,-0.0014473977744149467,0.0,0.0,0.0,0.055,0.3,0.2985570197460031,0.0,0.0,0.0,1.8950321361791246e-06,0,0,0,0,0,inf,inf,0,0,0.0,1.423438226322451,-2.993392754722237e-06,-0.00258611384973946,-3.525507249092931e-06,-1.648361773677549,-1.9361241105261715e-05,1.643624863907295,-0.7853039179058237,-8.988959251175646e-06,-0.007085153806465138,-1.5649180576182495e-05,-0.012321417810107366,4.9491967080224126e-05,0.010726482075852535,-3.1323129109302545e-05,-0.0006547563316228125,-23.46446102830781,-0.0032693318045164325,17.125844461117634,0.7393011288819755,1.3266961067815284,-0.00015067337641757193,-0.0006547563316228125,-23.46446102830781,-0.0032693318045164325,17.125844461117634,0.7393011288819755,1.3266961067815284,-0.00015067337641757193
1.55099999999994,1,1,1,4,0.00047684957721619205,5.264560484402847,4.8425588189280635,4.794386564209955,0.5582043146105942,-8.680549390747097e-06,0.435516987218637,-0.0004754206209169843,-9.117620275916733e-07,-0.0009753045284250613,0.5580257014049094,-9.769049428614944e-06,0.00017861652240857203,0.12013912921652406,0.0,0.0,1.0,-0.005159839129007208,-0.00516265698045033,0.0,0.0,0.0,-0.005159839129007208,0.0,0.0,0.0,-0.001494512769707994,-0.0014989579081427203,0.0,0.0,0.0,0.055,0.3,0.29850548723029213,0.0,0.0,0.0,1.6806961898187794e-06,0,0,0,0,0,inf,inf,0,0,0.0,1.4233165935871768,-3.081974637667279e-06,-0.002655854234811529,-3.679149938317699e-06,-1.6484834064128233,-1.8876061484034613e-05,1.6437308119990681,-0.7853042258160261,-8.753720439183366e-06,-0.006884066069216299,-1.51339822965724e-05,-0.01203470061118408,4.773268248496541e-05,0.010487685027226117,-3.0361608528311596e-05,-0.000648592285986709,-23.44226195145224,-0.0033345700557408414,17.109116241569822,0.7392935723957267,1.3237503150393002,-0.0001471498155778108,-0.000648592285986709,-23.44226195145224,-0.0033345700557408414,17.109116241569822,0.7392935723957267,1.3237503150393002,-0.0001471498155778108
1.5609999999999389,1,1,1,4,0.00046812558700984244,5.297692724998674,4.901211250317606,4.831597557857737,0.5581996556881431,-8.689882803055295e-06,0.435507258829556,-0.00045821635171307436,-9.509690371231952e-07,-0.0009706448240554531,0.5580257014049094,-9.769049428614944e-06,0.00017395763063450832,0.11712808538423797,0.0,0.0,1.0,-0.0051657071243481865,-0.005168643109078427,0.0,0.0,0.0,-0.0051657071243481865,0.0,0.0,0.0,-0.0015461522850103609,-0.0015506262584024113,0.0,0.0,0.0,0.055,0.3,0.2984538477149898,0.0,0.0,0.0,1.463462472295247e-06,0,0,0,0,0,inf,inf,0,0,0.0,1.423197798202404,-3.168293669488057e-06,-0.002723617984639426,-3.827742419619618e-06,-1.648602201797596,-1.8408055022033883e-05,1.6438343942875455,-0.7853045243252312,-8.534523277816792e-06,-0.006689186235953409,-1.4637155986072738e-05,-0.011753392489351594,4.6049175121149995e-05,0.010252908004542904,-2.943873035016912e-05,-0.0006420983916041557,-23.42247319882376,-0.003397463452298373,17.094367828219486,0.7392862974666192,1.321156028666799,-0.000143738578624954,-0.0006420983916041557,-23.42247319882376,-0.003397463452298373,17.094367828219486,0.7392862974666192,1.321156028666799,-0.000143738578624954
1.5709999999999378,1,1,1,4,0.0004594270424187743,5.326561641699083,4.956180204978075,4.865213397068865,0.5581951649719369,-8.699603133173056e-06,0.43549758373412817,-0.00044170696093626756,-9.891758641858247e-07,-0.0009647724347466647,0.5580257014049094,-9.769049428614944e-06,0.00016946694151092872,0.11420055286674433,0.0,0.0,1.0,-0.0051608843216042555,-0.005163929993640204,0.0,0.0,0.0,-0.0051608843216042555,0.0,0.0,0.0,-0.0015977916140137898,-0.001602295557747506,0.0,0.0,0.0,0.055,0.3,0.2984022083859863,0.0,0.0,0.0,1.243737106130367e-06,0,0,0,0,0,inf,inf,0,0,0.0,1.423081786555544,-3.252501815281863e-06,-0.0027894665067530653,-3.9714637087185195e-06,-1.648718213444456,-1.7956482948148746e-05,1.6439356505986553,-0.7853048138089638,-8.329851793593856e-06,-0.006500391168274468,-1.4157858310155028e-05,-0.01147740642796319,4.443802169607016e-05,0.010022083410477054,-2.8552533605381805e-05,-0.0006353041573510998,-23.405117009447963,-0.003458103253205516,17.081621779058022,0.7392792916519803,1.3189180082292538,-0.00014043376241608898,-0.0006353041573510998,-23.405117009447963,-0.003458103253205516,17.081621779058022,0.7392792916519803,1.3189180082292538,-0.00014043376241608898
1.5809999999999367,1,1,1,4,0.0004507667599701051,5.351126324469931,5.007385370505382,4.895182248655799,0.5581908355908213,-8.709698362501316e-06,0.4354879738594297,-0.00042587813823873885,-1.0260254385983752e-06,-0.0009577241498593131,0.5580257014049094,-9.769049428614944e-06,0.00016513758379445284,0.11135386341183011,0.0,0.0,1.0,-0.005145481350929368,-0.00514862770759039,0.0,0.0,0.0,-0.005145481350929368,0.0,0.0,0.0,-0.0016493244087015836,-0.001653859370549172,0.0,0.0,0.0,0.055,0.3,0.29835067559129846,0.0,0.0,0.0,1.0219962092798021e-06,0,0,0,0,0,inf,inf,0,0,0.0,1.4229685059062471,-3.334736620978171e-06,-0.0028534599409228813,-4.110484808914877e-06,-1.648831494093753,-1.752063961137246e-05,1.6440346200990437,-0.7853050946238825,-8.138323367528522e-06,-0.0063175512654281615,-1.3695321177550623e-05,-0.011206655082205115,4.289599807552578e-05,0.009795146658975936,-2.7701191290874072e-05,-0.0006282385209538842,-23.390212263348715,-0.003516578912522322,17.070897662466972,0.7392725420618175,1.3170404625116903,-0.00013722981084438504,-0.0006282385209538842,-23.390212263348715,-0.003516578912522322,17.070897662466972,0.7392725420618175,1.3170404625116903,-0.00013722981084438504
1.5909999999999356,1,1,1,4,0.0004421571520455683,5.371352380183306,5.054752117571239,4.921457902821579,0.5581866608242927,-8.720153235850996e-06,0.43547844074908004,-0.000410714231177303,-1.0612207591575658e-06,-0.0009495395283503224,0.5580257014049094,-9.769049428614944e-06,0.00016096283692653812,0.1085854108400305,0.0,0.0,1.0,-0.005119666135167516,-0.00512290372773454,0.0,0.0,0.0,-0.005119666135167516,0.0,0.0,0.0,-0.0017006457449819418,-0.0017052126801436794,0.0,0.0,0.0,0.055,0.3,0.29829935425501813,0.0,0.0,0.0,7.988753673068384e-07,0,0,0,0,0,inf,inf,0,0,0.0,1.4228579043880618,-3.4151224988464877e-06,-0.0029156570999636865,-4.244969416794694e-06,-1.6489420956119383,-1.709985060309645e-05,1.6441313413252319,-0.7853053671090714,-7.95867996249024e-06,-0.006140531441617067,-1.3248843290479961e-05,-0.0109410510618161,4.142005878266751e-05,0.009572035994615891,-2.6883001391565367e-05,-0.0006209296503876108,-23.377774437109075,-0.0035729778217203413,17.062212018135593,0.7392660355907229,1.3155270384130793,-0.0001341214894686024,-0.0006209296503876108,-23.377774437109075,-0.0035729778217203413,17.062212018135593,0.7392660355907229,1.3155270384130793,-0.0001341214894686024
1.6009999999999345,1,1,1,4,0.00043361020090407123,5.387211998159401,5.098211615863937,4.943999844411978,0.558182634114815,-8.730949837163476e-06,0.43546899553770013,-0.000396198443870591,-1.0945203648809994e-06,-0.0009402605077504832,0.5580257014049094,-9.769049428614944e-06,0.00015693614334840093,0.10589265238426725,0.0,0.0,1.0,-0.005083660658480196,-0.005086979703678711,0.0,0.0,0.0,-0.005083660658480196,0.0,0.0,0.0,-0.001751652678139863,-0.0017562524453969435,0.0,0.0,0.0,0.055,0.3,0.2982483473218602,0.0,0.0,0.0,5.754704918693328e-07,0,0,0,0,0,inf,inf,0,0,0.0,1.4227499310076828,-3.4937719243177645e-06,-0.0029761154199694053,-4.375074545448063e-06,-1.6490500689923173,-1.6693471076204335e-05,1.6442258522107391,-0.7853056315872372,-7.789779210052201e-06,-0.005969192041524791,-1.2817782083877465e-05,-0.0106805071409796,4.0007318041511806e-05,0.009352692272354935,-2.609637733605213e-05,-0.0006134047833915128,-23.367815564954622,-0.0036273850990067398,17.055578323271423,0.7392597591260627,1.3143808122766756,-0.00013110386342531875,-0.0006134047833915128,-23.367815564954622,-0.0036273850990067398,17.055578323271423,0.7392597591260627,1.3143808122766756,-0.00013110386342531875
1.6109999999999334,1,1,1,4,0.0004251374366644736,5.398684003254311,5.137700942504431,4.962773315386936,0.5581787490782177,-8.742068119814186e-06,0.43545964892924593,-0.00038231302415972843,-1.125733658024572e-06,-0.0009299310205852152,0.5580257014049094,-9.769049428614944e-06,0.00015305111889729657,0.10327310976042867,0.0,0.0,1.0,-0.0050377374067593255,-0.005041127897271245,0.0,0.0,0.0,-0.0050377374067593255,0.0,0.0,0.0,-0.0018022447641165356,-0.0018068781230948456,0.0,0.0,0.0,0.055,0.3,0.2981977552358835,0.0,0.0,0.0,3.5477320472908554e-07,0,0,0,0,0,inf,inf,0,0,0.0,1.4226445356424304,-3.570786543871763e-06,-0.003034890919376031,-4.500951069857945e-06,-1.6491554643575697,-1.6300884243902014e-05,1.644318190110843,-0.7853058883658108,-7.630585560566664e-06,-0.005803389696752377,-1.2401546186642921e-05,-0.010424936409551281,3.865503264021894e-05,0.009137058710318509,-2.5339838293091104e-05,-0.0006056900999133002,-23.360344205429893,-0.0036798834199967515,17.05100696412954,0.7392536997304074,1.313604282609874,-0.00012817227883224976,-0.0006056900999133002,-23.360344205429893,-0.0036798834199967515,17.05100696412954,0.7392536997304074,1.313604282609874,-0.00012817227883224976
1.6209999999999323,1,1,1,4,0.00041674991914433714,5.405753896501626,5.173163182276732,4.977749368414938,0.5581749995122816,-8.7534863886141e-06,0.4354504111791151,-0.0003690394391885284,-1.1547161792836833e-06,-0.000918596622065037,0.5580257014049094,-9.769049428614944e-06,0.00014930156138903968,0.10072436998388849,0.0,0.0,1.0,-0.00498221554477068,-0.004985667357089764,0.0,0.0,0.0,-0.00498221554477068,0.0,0.0,0.0,-0.0018523245436914992,-0.0018569921532172408,0.0,0.0,0.0,0.055,0.3,0.29814767545630855,0.0,0.0,0.0,1.5542508686423446e-07,0,0,0,0,0,inf,inf,0,0,0.0,1.4225416690364812,-3.6462581955440046e-06,-0.003092038166274874,-4.622744200224731e-06,-1.649258330963519,-1.5921500039098424e-05,1.6444083918247758,-0.785306137737951,-7.4801616576659366e-06,-0.005642978125471721,-1.1999588498051766e-05,-0.010174252378497426,3.736058677534477e-05,0.008925080627114059,-2.4611999631547452e-05,-0.0005978106254239465,-23.355365413731825,-0.003730552887059756,17.048505212873486,0.739247844796531,1.3131993641418938,-0.0001253223465086493,-0.0005978106254239465,-23.355365413731825,-0.003730552887059756,17.048505212873486,0.739247844796531,1.3131993641418938,-0.0001253223465086493
1.6309999999999312,1,1,1,4,0.0004084582234254166,5.408413883387455,5.204547519105806,4.9889049115077,0.5581713794036365,-8.765181735714153e-06,0.43544129207990256,-0.0003563585393369094,-1.1813649222354085e-06,-0.000906304132474304,0.5580257014049094,-9.769049428614944e-06,0.00014568145751426713,0.09824408594693264,0.0,0.0,1.0,-0.004917456893938523,-0.004920959892029201,0.0,0.0,0.0,-0.004917456893938523,0.0,0.0,0.0,-0.001901797987287839,-0.0019065004047998215,0.0,0.0,0.0,0.055,0.3,0.2980982020127122,0.0,0.0,0.0,1.6510359020883382e-07,0,0,0,0,0,inf,inf,0,0,0.0,1.4224412827962425,-3.720269844994035e-06,-0.003147610253419552,-4.740593889712719e-06,-1.6493587172037576,-1.5554753914197788e-05,1.6444964936152549,-0.785306379983457,-7.337660058742933e-06,-0.005487808877312051,-1.1611399935495377e-05,-0.009928369050998994,3.6121478924868475e-05,0.008716705173866144,-2.391156379561205e-05,-0.0005897901605826519,-23.3528807197563,-0.0037794709323284784,17.048077209778807,0.7392421821749495,1.3131673831764046,-0.0001225499279815729,-0.0005897901605826519,-23.3528807197563,-0.0037794709323284784,17.048077209778807,0.7392421821749495,1.3131673831764046,-0.0001225499279815729
1.64099999999993,1,1,1,4,0.00040027242896947725,5.406662889899428,5.23180931830676,4.996222743626345,0.5581678829330802,-8.777130430355733e-06,0.4354323009506339,-0.0003442507104787146,-1.2056137590262885e-06,-0.0008931012972202034,0.5580257014049094,-9.769049428614944e-06,0.00014218498815375766,0.09582997677167736,0.0,0.0,1.0,-0.004843861772282616,-0.004847405905682282,0.0,0.0,0.0,-0.004843861772282616,0.0,0.0,0.0,-0.0019505748987476196,-0.001955312580716625,0.0,0.0,0.0,0.055,0.3,0.29804942510125243,0.0,0.0,0.0,3.6841060876426675e-07,0,0,0,0,0,inf,inf,0,0,0.0,1.4223433293851555,-3.7928964411103064e-06,-0.003201658780389121,-4.854635183507082e-06,-1.6494566706148446,-1.5200105761088359e-05,1.6445825312253495,-0.7853066153695908,-7.202315390132255e-06,-0.005337732025278017,-1.1236503880864427e-05,-0.009687200969178989,3.4935310723076694e-05,0.008511881069751146,-2.3237311762134644e-05,-0.0005816512342060816,-23.35288811190791,-0.003826712250897955,17.04972395077897,0.739236700274908,1.3135090741935507,-0.0001198511231718538,-0.0005816512342060816,-23.35288811190791,-0.003826712250897955,17.04972395077897,0.739236700274908,1.3135090741935507,-0.0001198511231718538
1.650999999999929,1,1,1,4,0.000392202112097533,5.400506566537421,5.254910199214783,4.999691581204152,0.5581645044794427,-8.789308261944191e-06,0.4354234466292939,-0.00033269601458436914,-1.2274290357006246e-06,-0.0008790364669971965,0.5580257014049094,-9.769049428614944e-06,0.00013880653224055228,0.09347982795269018,0.0,0.0,1.0,-0.004761864754500769,-0.004765440149704776,0.0,0.0,0.0,-0.004761864754500769,0.0,0.0,0.0,-0.001998569277021345,-0.0020033425803144406,0.0,0.0,0.0,0.055,0.3,0.29800143072297863,0.0,0.0,0.0,5.911424919066016e-07,0,0,0,0,0,inf,inf,0,0,0.0,1.422247762118129,-3.8642056958388584e-06,-0.0032542338423867845,-4.964998516186178e-06,-1.649552237881871,-1.4857038931817099e-05,1.6446665398927514,-0.7853068441518197,-7.0734369950883815e-06,-0.005192596806343381,-1.0874451325958715e-05,-0.009450663244896702,3.379977773912848e-05,0.008310558348362324,-2.2588095210780047e-05,-0.0005734150763455535,-23.35538202671126,-0.0038723487605137876,17.053443280349338,0.7392313881401051,1.3142245776645187,-0.00011722225946989609,-0.0005734150763455535,-23.35538202671126,-0.0038723487605137876,17.053443280349338,0.7392313881401051,1.3142245776645187,-0.00011722225946989609
1.6609999999999279,1,1,1,4,0.00038425632252517185,5.390841335086639,5.273837163676864,5.0,0.5581612386217983,-8.801690788185127e-06,0.43541473744956993,-0.0003216744564220779,-1.2467806020269223e-06,-0.0008641670031635555,0.5580257014049094,-9.769049428614944e-06,0.0001355406689696747,0.09119149212225452,0.0,0.0,1.0,-0.004672506184026207,-0.004676210634893344,0.0,0.0,0.0,-0.004672506184026207,0.0,0.0,0.0,-0.0020457009028572223,-0.002050510446095963,0.0,0.0,0.0,0.055,0.3,0.2979542990971427,0.0,0.0,0.0,6.713142155653514e-07,0,0,0,0,0,inf,inf,0,0,0.0,1.4221545351148692,-3.93425922639714e-06,-0.003305384021539898,-5.071810581675603e-06,-1.6496454648851309,-1.4525056874008052e-05,1.6447485543917628,-0.7853070665748161,-6.950600644993363e-06,-0.005052250532294427,-1.0525099414468018e-05,-0.009218690430448961,3.271379175607326e-05,0.00811270205092187,-2.1962989585836843e-05,-0.0005650997322773967,-23.359850250731213,-0.003916447627382962,17.05880023937678,0.7392262311083536,1.31523452479463,-0.00011466204380923138,-0.0005650997322773967,-23.359850250731213,-0.003916447627382962,17.05880023937678,0.7392262311083536,1.31523452479463,-0.00011466204380923138
1.6709999999999268,1,1,1,4,0.0003764430355294437,5.3812860024783635,5.288920702452001,5.0,0.558158080134244,-8.814252276460814e-06,0.43540618069938536,-0.00031116694322580614,-1.263443141321296e-06,-0.0008486497519747323,0.5580257014049094,-9.769049428614944e-06,0.00013238217258316955,0.08896291197889321,0.0,0.0,1.0,-0.004579919558911204,-0.0045837920854666135,0.0,0.0,0.0,-0.004579919558911204,0.0,0.0,0.0,-0.0020919185174209393,-0.002096766075837943,0.0,0.0,0.0,0.055,0.3,0.297908081482579,0.0,0.0,0.0,6.360775964114782e-07,0,0,0,0,0,inf,inf,0,0,0.0,1.4220636021266946,-4.003124799719727e-06,-0.0033551562806325885,-5.1752108893316575e-06,-1.6497363978733055,-1.420361716540299e-05,1.6448286099119638,-0.7853072828857266,-6.835503353407148e-06,-0.0049165208447406634,-1.019120659774335e-05,-0.008991432433692109,3.1687810383366894e-05,0.007918438694979463,-2.1363720197535823e-05,-0.0005566989395236204,-23.364236164393425,-0.003959048693985043,17.064041021500383,0.7392211039115617,1.3162174546554852,-0.00011219492572268845,-0.0005566989395236204,-23.364236164393425,-0.003959048693985043,17.064041021500383,0.7392211039115617,1.3162174546554852,-0.00011219492572268845
1.6809999999999257,1,1,1,4,0.0003687682795268368,5.3721805752182,5.30073068704075,5.0,0.5581550239874112,-8.826965012824292e-06,0.435397781758684,-0.000301152896404029,-1.2773145590374192e-06,-0.0008326791810849041,0.5580257014049094,-9.769049428614944e-06,0.00012932601388737983,0.08679215547592777,0.0,0.0,1.0,-0.004485633244940597,-0.004489623313368894,0.0,0.0,0.0,-0.004485633244940597,0.0,0.0,0.0,-0.002137200185451873,-0.0021420871529827996,0.0,0.0,0.0,0.055,0.3,0.29786279981454816,0.0,0.0,0.0,6.048731697799335e-07,0,0,0,0,0,inf,inf,0,0,0.0,1.4219749146774507,-4.070891460101281e-06,-0.003403595782372448,-5.2753714346721815e-06,-1.6498250853225493,-1.3892054055406208e-05,1.6449067434831428,-0.7853074933650773,-6.730048517416465e-06,-0.004785226036066568,-9.875599292924056e-06,-0.008769119315926874,3.073240744587971e-05,0.007727960994906783,-2.0794309235807863e-05,-0.0005482144766995541,-23.368354046106774,-0.004000197763293195,17.069009634871588,0.7392158398577521,1.3171454807723808,-0.00010983105463702745,-0.0005482144766995541,-23.368354046106774,-0.004000197763293195,17.069009634871588,0.7392158398577521,1.3171454807723808,-0.00010983105463702745
1.6909999999999246,1,1,1,4,0.0003612363009128086,5.363477428809913,5.309763090270385,5.0,0.5581520653702056,-8.83980173454809e-06,0.4353895442622196,-0.0002916096396396565,-1.2885385202321586e-06,-0.0008164135689848663,0.5580257014049094,-9.769049428614944e-06,0.00012636738197278118,0.08467740596008695,0.0,0.0,1.0,-0.004390442174201042,-0.004394509000823677,0.0,0.0,0.0,-0.004390442174201042,0.0,0.0,0.0,-0.0021815334303800535,-0.002186460750886779,0.0,0.0,0.0,0.055,0.3,0.29781846656961997,0.0,0.0,0.0,5.770956313753235e-07,0,0,0,0,0,inf,inf,0,0,0.0,1.4218884224267418,-4.1376599525211165e-06,-0.0034507459026232247,-5.372481155476978e-06,-1.6499115775732582,-1.3589641817454916e-05,1.6449829937714957,-0.7853076983285584,-6.634865593498701e-06,-0.004658190125201435,-9.579149127414526e-06,-0.008551902193081407,2.985027132364722e-05,0.007541408556909097,-2.0257582915742564e-05,-0.0005396659842144554,-23.372237512134213,-0.00403995789084502,17.07373711573112,0.7392103576755225,1.318024940624204,-0.00010755624290555464,-0.0005396659842144554,-23.372237512134213,-0.00403995789084502,17.07373711573112,0.7392103576755225,1.318024940624204,-0.00010755624290555464
1.7009999999999235,1,1,1,4,0.00035384990476419655,5.35513543070951,5.316441447591621,5.0,0.5581491997046878,-8.85273732807991e-06,0.43538147043605013,-0.0002825134734748736,-1.2973722674994042e-06,-0.0007999804749523668,0.5580257014049094,-9.769049428614944e-06,0.0001235016990815392,0.08261694586689233,0.0,0.0,1.0,-0.004294979221400659,-0.004299089973525063,0.0,0.0,0.0,-0.004294979221400659,0.0,0.0,0.0,-0.002224912805439795,-0.002229881060015928,0.0,0.0,0.0,0.055,0.3,0.29777508719456025,0.0,0.0,0.0,5.522389184050247e-07,0,0,0,0,0,inf,inf,0,0,0.0,1.4218040738965934,-4.203532376821849e-06,-0.0034966482912863954,-5.466730388393595e-06,-1.6499959261034067,-1.3295656931905625e-05,1.6450574005772165,-0.7853078981094849,-6.549742793391568e-06,-0.004535243308707463,-9.301489363109374e-06,-0.008339866476778975,2.9039182606290993e-05,0.007358874601995318,-1.9754440134304193e-05,-0.0005310748209315445,-23.375915199781996,-0.004078392856741498,17.078249991231335,0.7392046333096478,1.318861239516418,-0.00010535278832204424,-0.0005310748209315445,-23.375915199781996,-0.004078392856741498,17.078249991231335,0.7392046333096478,1.318861239516418,-0.00010535278832204424
1.7109999999999224,1,1,1,4,0.0003466107335697013,5.347119035174773,5.3211273772453325,5.0,0.5581464226517743,-8.86574947275002e-06,0.4353735613727429,-0.0002738404572178819,-1.3041039046464942e-06,-0.0007834823851078341,0.5580257014049094,-9.769049428614944e-06,0.00012072462630063617,0.08060914392008146,0.0,0.0,1.0,-0.004199746056134441,-0.004203874382797848,0.0,0.0,0.0,-0.004199746056134441,0.0,0.0,0.0,-0.0022673384481279348,-0.0022723479262824605,0.0,0.0,0.0,0.055,0.3,0.29773266155187206,0.0,0.0,0.0,5.298787888870274e-07,0,0,0,0,0,inf,inf,0,0,0.0,1.4217218170523975,-4.26860561578007e-06,-0.0035413429348238926,-5.5583014341713096e-06,-1.6500781829476026,-1.300941497925138e-05,1.6451300044147836,-0.7853080930408745,-6.473944060176763e-06,-0.004416222087832685,-9.041520310189133e-06,-0.008133045312537099,2.8294099607847704e-05,0.0071804138248353295,-1.9284163513621924e-05,-0.000522459759488291,-23.379411521096692,-0.004115562592419696,17.082570964411794,0.7391986774978364,1.3196590025980843,-0.00010320575434356729,-0.000522459759488291,-23.379411521096692,-0.004115562592419696,17.082570964411794,0.7391986774978364,1.3196590025980843,-0.00010320575434356729
1.7209999999999213,1,1,1,4,0.00033951949474800205,5.339397503266871,5.324129577224087,5.0,0.5581437301104925,-8.878818672942862e-06,0.4353658172559399,-0.0002655669523816552,-1.3090065610607385e-06,-0.0007670013308244794,0.5580257014049094,-9.769049428614944e-06,0.00011803206281522287,0.07865244501973626,0.0,0.0,1.0,-0.004105138154509953,-0.00410926298655657,0.0,0.0,0.0,-0.004105138154509953,0.0,0.0,0.0,-0.0023088149100386835,-0.0023138656677133755,0.0,0.0,0.0,0.055,0.3,0.29769118508996134,0.0,0.0,0.0,5.096587200326857e-07,0,0,0,0,0,inf,inf,0,0,0.0,1.421641599763158,-4.332967367621069e-06,-0.003584868219733387,-5.6473631958697384e-06,-1.6501584002368421,-1.2730290829661125e-05,1.6452008461659215,-0.7853082834420265,-6.406429059519833e-06,-0.0043009693378016686,-8.79774671711959e-06,-0.007931430598605647,2.7608532639498456e-05,0.007006049191816058,-1.884491956901555e-05,-0.0005138366605563137,-23.38274730127344,-0.0041515227067760625,17.086719493060563,0.7391925209881163,1.3204221999442267,-0.00010110402448092605,-0.0005138366605563137,-23.38274730127344,-0.0041515227067760625,17.086719493060563,0.7391925209881163,1.3204221999442267,-0.00010110402448092605
1.7309999999999202,1,1,1,4,0.0003325761462747148,5.331944230672464,5.325711518828592,5.0,0.5581411182128115,-8.891927971973494e-06,0.4353582375435038,-0.0002576699904320369,-1.3123163209493128e-06,-0.0007506026659977298,0.5580257014049094,-9.769049428614944e-06,0.00011542014073971604,0.07674536218025593,0.0,0.0,1.0,-0.004011465085238371,-0.004015569655348265,0.0,0.0,0.0,-0.004011465085238371,0.0,0.0,0.0,-0.0023493502100009602,-0.002354442116835005,0.0,0.0,0.0,0.055,0.3,0.29765064978999906,0.0,0.0,0.0,4.912784182705209e-07,0,0,0,0,0,inf,inf,0,0,0.0,1.4215633701628962,-4.396693992172492e-06,-0.003627260996406545,-5.734068532963159e-06,-1.6502366298371038,-1.2457727871272592e-05,1.6452699667951445,-0.7853084696098886,-6.346006440951956e-06,-0.004189334321262719,-8.568501945853588e-06,-0.00773498199646491,2.6975440222778734e-05,0.0068357777719048355,-1.843420327086067e-05,-0.0005052190910160252,-23.38594031971497,-0.004186325035597256,17.09071227930169,0.7391862047825848,1.3211542498659234,-9.903985028932995e-05,-0.0005052190910160252,-23.38594031971497,-0.004186325035597256,17.09071227930169,0.7391862047825848,1.3211542498659234,-9.903985028932995e-05
1.740999999999919,1,1,1,4,0.00032578004805408536,5.324736168530626,5.326098025001792,5.0,0.558138583315538,-8.905062531075096e-06,0.43535082111679074,-0.00025012751180688143,-1.3142247244433347e-06,-0.0007343381558600274,0.5580257014049094,-9.769049428614944e-06,0.00011288521701503147,0.07488647003327144,0.0,0.0,1.0,-0.003918966968740815,-0.003923038011118467,0.0,0.0,0.0,-0.003918966968740815,0.0,0.0,0.0,-0.002388955068364244,-0.0023940878461772433,0.0,0.0,0.0,0.055,0.3,0.29761104493163587,0.0,0.0,0.0,4.744844167401657e-07,0,0,0,0,0,inf,inf,0,0,0.0,1.42148707693137,-4.45984961504553e-06,-0.00366855664283477,-5.818553404282337e-06,-1.65031292306863,-1.2191240171785079e-05,1.6453374071187603,-0.7853086518142884,-6.29143950642279e-06,-0.0040811726503700825,-8.352094072099178e-06,-0.007543634277249347,2.638779920528116e-05,0.006669575700894475,-1.8049176137810246e-05,-0.000496618985537288,-23.389005768815128,-0.004220018286794631,17.094563683980645,0.7391797737789145,1.3218581045454025,-9.70080979825527e-05,-0.000496618985537288,-23.389005768815128,-0.004220018286794631,17.094563683980645,0.7391797737789145,1.3218581045454025,-9.70080979825527e-05
1.750999999999918,1,1,1,4,0.0003191300852830861,5.317753324528632,5.3254808945514505,5.0,0.5581361219903618,-8.918209183491623e-06,0.43534356640223004,-0.0002429185112835475,-1.3148796580479639e-06,-0.0007182485023419056,0.5580257014049094,-9.769049428614944e-06,0.00011042386345702373,0.07307439952984425,0.0,0.0,1.0,-0.0038278278343975517,-0.0038318549312342316,0.0,0.0,0.0,-0.0038278278343975517,0.0,0.0,0.0,-0.0024276422882790476,-0.0024328155423826167,0.0,0.0,0.0,0.055,0.3,0.29757235771172114,0.0,0.0,0.0,4.590623387227524e-07,0,0,0,0,0,inf,inf,0,0,0.0,1.4214126695091107,-4.5224860898532715e-06,-0.003708789127681086,-5.90093715745227e-06,-1.6503873304908894,-1.1930410234936356e-05,1.6454032076192198,-0.7853088302959869,-6.241517408284186e-06,-0.003976346203540941,-8.146897761625104e-06,-0.007357303292088265,2.5838951992538144e-05,0.0065074023798262085,-1.7686904937900473e-05,-0.00048804713503495254,-23.391956643146116,-0.004252648546940611,17.098286077633407,0.7391732727358109,1.3225363212691212,-9.5005553178004e-05,-0.00048804713503495254,-23.391956643146116,-0.004252648546940611,17.098286077633407,0.7391732727358109,1.3225363212691212,-9.5005553178004e-05
1.7609999999999169,1,1,1,4,0.0003126247689158304,5.3109783332810725,5.324023710185396,5.0,0.5581337310128358,-8.931356025027384e-06,0.43533647147025845,-0.00023602311584449876,-1.3143906128555961e-06,-0.0007023654083158949,0.5580257014049094,-9.769049428614944e-06,0.00010803285573833063,0.07130783356364798,0.0,0.0,1.0,-0.003738186461921009,-0.00374216150977722,0.0,0.0,0.0,-0.003738186461921009,0.0,0.0,0.0,-0.0024654262562789687,-0.002470639500932487,0.0,0.0,0.0,0.055,0.3,0.2975345737437212,0.0,0.0,0.0,4.448305228269762e-07,0,0,0,0,0,inf,inf,0,0,0.0,1.4213400982591813,-4.584643527999409e-06,-0.003747991072301753,-5.981323519092137e-06,-1.6504599017408188,-1.1674884166049868e-05,1.6454674082976941,-0.7853090052666649,-6.1951012907009795e-06,-0.0038747230036401477,-7.951408597819845e-06,-0.007175890806823686,2.5322802419667135e-05,0.006349204004181686,-1.7344521441618063e-05,-0.00047951349668122505,-23.394804069731563,-0.004284259631010402,17.101890137922624,0.7391667438253193,1.323191121876631,-9.303036441552037e-05,-0.00047951349668122505,-23.394804069731563,-0.004284259631010402,17.101890137922624,0.7391667438253193,1.323191121876631,-9.303036441552037e-05
1.7709999999999158,1,1,1,4,0.00030626231741884193,5.304396086507192,5.321865948423072,5.0,0.5581314073508578,-8.944492068454848e-06,0.4353295341157539,-0.00022942261448248612,-1.3128357846678056e-06,-0.0006867132645030194,0.5580257014049094,-9.769049428614944e-06,0.00010570916187201296,0.06958550330476657,0.0,0.0,1.0,-0.003650145180940484,-0.0036540619551159886,0.0,0.0,0.0,-0.003650145180940484,0.0,0.0,0.0,-0.0025023225396955985,-0.002507575218781038,0.0,0.0,0.0,0.055,0.3,0.29749767746030464,0.0,0.0,0.0,4.31634743433656e-07,0,0,0,0,0,inf,inf,0,0,0.0,1.4212693145858857,-4.646351185195008e-06,-0.0037861938113697364,-6.059801978580368e-06,-1.6505306854141144,-1.1424365470845352e-05,1.6455300485586857,-0.785309176910171,-6.151152284167695e-06,-0.0037761770644523505,-7.764271673125548e-06,-0.006999288401473399,2.483391020783455e-05,0.006194916513618011,-1.7019323418310922e-05,-0.00047102737013818334,-23.39755758841234,-0.00431489331157042,17.105385101842373,0.7391602252608311,1.3238244425301646,-9.108162175625182e-05,-0.00047102737013818334,-23.39755758841234,-0.00431489331157042,17.105385101842373,0.7391602252608311,1.3238244425301646,-9.108162175625182e-05
1.7809999999999147,1,1,1,4,0.0003000407232315585,5.297993414810732,5.319126492435465,5.0,0.5581291481530487,-8.957606970972396e-06,0.43532275192334613,-0.00022309945435271305,-1.3102694998756675e-06,-0.0006713105276307628,0.5580257014049094,-9.769049428614944e-06,0.00010344993059188168,0.06790618508441414,0.0,0.0,1.0,-0.0035637770127709585,-0.0035676308117446867,0.0,0.0,0.0,-0.0035637770127709585,0.0,0.0,0.0,-0.002538347562666871,-0.002543639066461041,0.0,0.0,0.0,0.055,0.3,0.2974616524373334,0.0,0.0,0.0,4.193438326404029e-07,0,0,0,0,0,inf,inf,0,0,0.0,1.4212002710188347,-4.7076285526620145e-06,-0.0038234274518193375,-6.136449356574084e-06,-1.6505997289811654,-1.1178608299434377e-05,1.645591167121335,-0.7853093453845329,-6.108746475885221e-06,-0.0036805882120045253,-7.584292842335563e-06,-0.006827380601062853,2.4367518892987418e-05,0.006044468043838551,-1.6708833397089586e-05,-0.0004625974815626069,-23.40022538991171,-0.004344589462905951,17.10877897967544,0.7391537506450871,1.3244379755049454,-8.915904672812417e-05,-0.0004625974815626069,-23.40022538991171,-0.004344589462905951,17.10877897967544,0.7391537506450871,1.3244379755049454,-8.915904672812417e-05
1.7909999999999136,1,1,1,4,0.00029395780673649365,5.291758813975851,5.315906634295159,5.0,0.5581269507373028,-8.970690834459234e-06,0.4353161223203783,-0.00021703721390572912,-1.3067291171035235e-06,-0.0006561708459918422,0.5580257014049094,-9.769049428614944e-06,0.00010125247990324637,0.06626869771028596,0.0,0.0,1.0,-0.0034791314656240882,-0.0034829188209232267,0.0,0.0,0.0,-0.0034791314656240882,0.0,0.0,0.0,-0.002573518345926366,-0.0025788480246883,0.0,0.0,0.0,0.055,0.3,0.29742648165407387,0.0,0.0,0.0,4.078460374546402e-07,0,0,0,0,0,inf,inf,0,0,0.0,1.4211329212692727,-4.768486544671441e-06,-0.0038597209298942177,-6.211331419373684e-06,-1.6506670787307274,-1.0937410659981391e-05,1.6456508019528509,-0.7853095108243852,-6.067080667323828e-06,-0.0035878418867754734,-7.410438597482588e-06,-0.006660047376125139,2.3919541495758873e-05,0.005897780953524263,-1.641082781006752e-05,-0.0004542320159220412,-23.402814518027473,-0.004373386156685688,17.11207873658361,0.7391473487870729,1.3250332043766424,-8.726276717518711e-05,-0.0004542320159220412,-23.402814518027473,-0.004373386156685688,17.11207873658361,0.7391473487870729,1.3250332043766424,-8.726276717518711e-05
1.8009999999999124,1,1,1,4,0.00028801126002911317,5.285682209654367,5.312292640639935,5.0,0.5581248125796969,-8.983734069318213e-06,0.43530964261978466,-0.00021122056080596796,-1.302240983550973e-06,-0.0006413039783678473,0.5580257014049094,-9.769049428614944e-06,9.911428599341013e-05,0.06467190011965576,0.0,0.0,1.0,-0.0033962392357666316,-0.0033999576752997123,0.0,0.0,0.0,-0.0033962392357666316,0.0,0.0,0.0,-0.002607852298340233,-0.002613219473300229,0.0,0.0,0.0,0.055,0.3,0.2973921477016599,0.0,0.0,0.0,3.970459783442871e-07,0,0,0,0,0,inf,inf,0,0,0.0,1.4210672202643229,-4.828928706565849e-06,-0.003895102066137835,-6.28450444969368e-06,-1.6507327797356772,-1.070060792732996e-05,1.6457089902201791,-0.7853096733435713,-6.025471752334613e-06,-0.0034978289321741986,-7.241828768729614e-06,-0.006497166127442869,2.3486520679079247e-05,0.005754773490661527,-1.6123345873265695e-05,-0.0004459386176157386,-23.40533104138834,-0.004401319726385537,17.11529044678995,0.7391410438167955,1.325611433727162,-8.53931562872911e-05,-0.0004459386176157386,-23.40533104138834,-0.004401319726385537,17.11529044678995,0.7391410438167955,1.325611433727162,-8.53931562872911e-05
1.8109999999999113,1,1,1,4,0.0002821986823546554,5.279754755150018,5.308357945067605,5.0,0.5581227313038755,-8.996727312228623e-06,0.43530331005473344,-0.00020563520032974156,-1.2968252927227695e-06,-0.0006267165439444165,0.5580257014049094,-9.769049428614944e-06,9.703297261664184e-05,0.06311468930147392,0.0,0.0,1.0,-0.0033151160196131465,-0.0033187638746878783,0.0,0.0,0.0,-0.0033151160196131465,0.0,0.0,0.0,-0.002641367050413827,-0.0026467710226433638,0.0,0.0,0.0,0.055,0.3,0.2973586329495863,0.0,0.0,0.0,3.8686211185367124e-07,0,0,0,0,0,inf,inf,0,0,0.0,1.4210031241637715,-4.888952391551629e-06,-0.003929597618215337,-6.356016719158546e-06,-1.6507968758362286,-1.0468066835188836e-05,1.6457657682566162,-0.785309833037755,-5.983351816775099e-06,-0.0034104453739721217,-7.077724992257428e-06,-0.006338613249786372,2.3065574821207598e-05,0.005615361154424105,-1.5844684990134e-05,-0.00043772438082825116,-23.40778019937727,-0.004428424820262854,17.118419424538445,0.7391348554768346,1.326173814284818,-8.355071858693545e-05,-0.00043772438082825116,-23.40778019937727,-0.004428424820262854,17.118419424538445,0.7391348554768346,1.326173814284818,-8.355071858693545e-05
1.8209999999999102,1,1,1,4,0.00027651760875282896,5.273968657723573,5.304165021430375,5.0,0.5581207046709856,-9.009661386072773e-06,0.4352971218065588,-0.00020026781835871414,-1.290499847875013e-06,-0.0006124126340143525,0.5580257014049094,-9.769049428614944e-06,9.500630102974629e-05,0.0615959984335473,0.0,0.0,1.0,-0.003235765603238632,-0.0032393418512712503,0.0,0.0,0.0,-0.003235765603238632,0.0,0.0,0.0,-0.002674080321821591,-0.0026795203793756658,0.0,0.0,0.0,0.055,0.3,0.29732591967817856,0.0,0.0,0.0,3.7722460097034506e-07,0,0,0,0,0,inf,inf,0,0,0.0,1.4209405903631593,-4.94854987237149e-06,-0.003963233331498978,-6.425909831971755e-06,-1.6508594096368407,-1.0239680047996136e-05,1.6458211715405964,-0.7853099899869349,-5.940260505721506e-06,-0.0033255921946850815,-6.917516972026919e-06,-0.006184265352872925,2.265433766889681e-05,0.005479457801218337,-1.5573387593506256e-05,-0.00042959583367395936,-23.410166526121465,-0.004454734445809822,17.12147033536579,0.7391287995126377,1.3267213642489857,-8.173601087883268e-05,-0.00042959583367395936,-23.410166526121465,-0.004454734445809822,17.12147033536579,0.7391287995126377,1.3267213642489857,-8.173601087883268e-05
1.8309999999999091,1,1,1,4,0.0002709655331494523,5.268317029464597,5.299766984363979,5.0,0.5581187305701972,-9.022527291728997e-06,0.435291075027209,-0.00019510602191109846,-1.283282825260442e-06,-0.0005983943106749551,0.5580257014049094,-9.769049428614944e-06,9.303216051160513e-05,0.06011479519496642,0.0,0.0,1.0,-0.003158182364596455,-0.0031616865009782037,0.0,0.0,0.0,-0.003158182364596455,0.0,0.0,0.0,-0.0027060098165015765,-0.002711485240153368,0.0,0.0,0.0,0.055,0.3,0.2972939901834986,0.0,0.0,0.0,3.6807352898742657e-07,0,0,0,0,0,inf,inf,0,0,0.0,1.4208795774862395,-5.007709367052742e-06,-0.003996033987385457,-6.494219925715248e-06,-1.6509204225137606,-1.001536134719927e-05,1.645875234684331,-0.7853101442577978,-5.895835789317697e-06,-0.003243175106246336,-6.760707910414125e-06,-0.0060340002040169165,2.2250896597189707e-05,0.005346976536664978,-1.5308222879998823e-05,-0.0004215589287953387,-23.412493955854167,-0.004480280017772134,17.12444729067606,0.7391228881038646,1.3272549874189388,-7.994958813112548e-05,-0.0004215589287953387,-23.412493955854167,-0.004480280017772134,17.12444729067606,0.7391228881038646,1.3272549874189388,-7.994958813112548e-05
1.840999999999908,1,1,1,4,0.0002655399269338157,5.262793759314894,5.295208956681426,5.0,0.5581168070098207,-9.035316222955303e-06,0.43528516685723895,-0.00019013827928308945,-1.2751946716896228e-06,-0.0005846620131479988,0.5580257014049094,-9.769049428614944e-06,9.11085594808482e-05,0.05867008022184395,0.0,0.0,1.0,-0.0030823532984102695,-0.0030857852321897958,0.0,0.0,0.0,-0.0030823532984102695,0.0,0.0,0.0,-0.0027371731400652427,-0.002742683207894404,0.0,0.0,0.0,0.055,0.3,0.29726282685993494,0.0,0.0,0.0,3.593573965034647e-07,0,0,0,0,0,inf,inf,0,0,0.0,1.4208200453692914,-5.066415967425686e-06,-0.004028023449343638,-6.560978726271799e-06,-1.6509799546307087,-9.795041427119107e-06,1.6459279914303606,-0.7853102959058722,-5.8498039426540394e-06,-0.0031631043237135637,-6.606900013483064e-06,-0.005887697445513297,2.1853732659578005e-05,0.005217830429195157,-1.5048165885306074e-05,-0.00041361903708807583,-23.41476591245085,-0.004505091406060155,17.127353928146697,0.7391171303050788,1.327775488637455,-7.819196791128255e-05,-0.00041361903708807583,-23.41476591245085,-0.004505091406060155,17.127353928146697,0.7391171303050788,1.327775488637455,-7.819196791128255e-05
1.850999999999907,1,1,1,4,0.00026023825384344137,5.2573934032947855,5.290529237522308,5.0,0.5581149321090189,-9.048019596921823e-06,0.4352793944401607,-0.0001853538612292747,-1.2662592851062936e-06,-0.000571214888602185,0.5580257014049094,-9.769049428614944e-06,8.923361720726838e-05,0.05726088568370633,0.0,0.0,1.0,-0.0030082596531541693,-0.0030116196221693665,0.0,0.0,0.0,-0.0030082596531541693,0.0,0.0,0.0,-0.002767587735256321,-0.0027731317263043095,0.0,0.0,0.0,0.055,0.3,0.29723241226474384,0.0,0.0,0.0,3.5103185669521023e-07,0,0,0,0,0,inf,inf,0,0,0.0,1.42076195503929,-5.124652465907569e-06,-0.004059224706715571,-6.626214461007393e-06,-1.65103804496071,-9.578664271123236e-06,1.6459794746544023,-0.7853104449774673,-5.80196931895607e-06,-0.0030852943422191715,-6.455780645723699e-06,-0.005745239130320238,2.146166433896132e-05,0.0050919330755772145,-1.4792375583627655e-05,-0.00040578094993033476,-23.41698538551978,-0.0045291969888314396,17.130193480108037,0.7391115324710584,1.3282835869723555,-7.646360789212243e-05,-0.00040578094993033476,-23.41698538551978,-0.0045291969888314396,17.130193480108037,0.7391115324710584,1.3282835869723555,-7.646360789212243e-05
1.8609999999999058,1,1,1,4,0.00025505798185051966,5.2521110903872845,5.285760300236982,5.0,0.5581131040900992,-9.06062909100223e-06,0.4352737549338387,-0.00018074278413685618,-1.256504624057105e-06,-0.0005580510612891483,0.5580257014049094,-9.769049428614944e-06,8.740555610350764e-05,0.055886273961021214,0.0,0.0,1.0,-0.0029358782528362245,-0.0029391667547267815,0.0,0.0,0.0,-0.0029358782528362245,0.0,0.0,0.0,-0.0027972708319919156,-0.002802848029158646,0.0,0.0,0.0,0.055,0.3,0.2972027291680083,0.0,0.0,0.0,3.430586484776141e-07,0,0,0,0,0,inf,inf,0,0,0.0,1.4207052686875468,-5.18240008081933e-06,-0.0040896599163131415,-6.689952638744665e-06,-1.6510947313124533,-9.366184064810184e-06,1.6460297163731632,-0.7853105915113913,-5.752204317657847e-06,-0.0030096637189037257,-6.307109475703771e-06,-0.005606510111759697,2.1073796036871304e-05,0.004969199044018794,-1.4540173134619171e-05,-0.0003980488876372848,-23.419154995064705,-0.0045526237085626005,17.132968831710517,0.7391060986549588,1.3287799269888785,-7.476489298241397e-05,-0.0003980488876372848,-23.419154995064705,-0.0045526237085626005,17.132968831710517,0.7391060986549588,1.3287799269888785,-7.476489298241397e-05
1.8709999999999047,1,1,1,4,0.00024999659260491105,5.246942441883124,5.280929644782592,5.0,0.5581113212713549,-9.073136686112125e-06,0.4352682455194793,-0.0001762957558048622,-1.2459628782662917e-06,-0.000545167851291716,0.5580257014049094,-9.769049428614944e-06,8.562269456570348e-05,0.05454533641018714,0.0,0.0,1.0,-0.0028651825627309486,-0.0028684002989136054,0.0,0.0,0.0,-0.0028651825627309486,0.0,0.0,0.0,-0.0028262394091692674,-0.0028318491014933576,0.0,0.0,0.0,0.055,0.3,0.29717376059083095,0.0,0.0,0.0,3.3540469101492564e-07,0,0,0,0,0,inf,inf,0,0,0.0,1.4206499496401217,-5.239639083758292e-06,-0.004119350441867878,-6.752216707537185e-06,-1.6511500503598784,-9.157562595913097e-06,1.646078747756013,-0.785310735540458,-5.7004398164702914e-06,-0.0029361348611678145,-6.160706792738376e-06,-0.00547139831646484,2.068947175935759e-05,0.0048495442164366905,-1.4291021018527875e-05,-0.00039042651508255075,-23.421277046435602,-0.004575397132089894,17.135682570417053,0.7391008309715772,1.3292650884054182,-7.309612888647492e-05,-0.00039042651508255075,-23.421277046435602,-0.004575397132089894,17.135682570417053,0.7391008309715772,1.3292650884054182,-7.309612888647492e-05
1.8809999999999036,1,1,1,4,0.0002450515888863516,5.241883502295076,5.276060525812114,5.0,0.5581095820604376,-9.085534707243023e-06,0.43526286340866327,-0.00017200412418618086,-1.234670316004314e-06,-0.0005325619521269905,0.5580257014049094,-9.769049428614944e-06,8.388344034562968e-05,0.05323719220481839,0.0,0.0,1.0,-0.002796143547172963,-0.0027992913773958,0.0,0.0,0.0,-0.002796143547172963,0.0,0.0,0.0,-0.002854510165950472,-0.002860151650389197,0.0,0.0,0.0,0.055,0.3,0.2971454898340498,0.0,0.0,0.0,3.2804132426456026e-07,0,0,0,0,0,inf,inf,0,0,0.0,1.4205959623260294,-5.296349334672602e-06,-0.004148316891402774,-6.81302860240931e-06,-1.6512040376739707,-8.952767088314792e-06,1.646126599139608,-0.7853108770927916,-5.646656237670806e-06,-0.0028646338222331046,-6.016443063752117e-06,-0.005339794924450152,2.0308234070130685e-05,0.004732886048027198,-1.4044503514199571e-05,-0.00038291696113708774,-23.42335357702279,-0.004597541511457827,17.138337028127633,0.7390957299238223,1.329739594382141,-7.145754049709497e-05,-0.00038291696113708774,-23.42335357702279,-0.004597541511457827,17.138337028127633,0.7390957299238223,1.329739594382141,-7.145754049709497e-05
1.8909999999999025,1,1,1,4,0.0002402205004472793,5.236930680207832,5.271172574562096,5.0,0.5581078849482232,-9.097815863256302e-06,0.4352576058487971,-0.0001678598292726164,-1.2226669060616057e-06,-0.0005202295747620985,0.5580257014049094,-9.769049428614944e-06,8.218628441601369e-05,0.051960987243886696,0.0,0.0,1.0,-0.002728730358545738,-0.0027318092640721647,0.0,0.0,0.0,-0.002728730358545738,0.0,0.0,0.0,-0.0028820995006676527,-0.002887772083471355,0.0,0.0,0.0,0.055,0.3,0.2971179004993327,0.0,0.0,0.0,3.209436572772969e-07,0,0,0,0,0,inf,inf,0,0,0.0,1.4205432722440674,-5.35251073157067e-06,-0.004176579152603309,-6.872409195492393e-06,-1.6512567277559327,-8.7517684182911e-06,1.6461733000447325,-0.785311016192944,-5.590875347029066e-06,-0.0027950901047137993,-5.874229727049208e-06,-0.0052115944757596,1.9929788140337395e-05,0.004619143759291852,-1.380030876354909e-05,-0.0003755228449298378,-23.425386395932847,-0.004619079848842396,17.14093431703796,0.7390907946900868,1.330203918642662,-6.984927334246599e-05,-0.0003755228449298378,-23.425386395932847,-0.004619079848842396,17.14093431703796,0.7390907946900868,1.330203918642662,-6.984927334246599e-05
1.9009999999999014,1,1,1,4,0.0002355008885388801,5.232080697658322,5.266282330013785,5.0,0.5581062285031388,-9.109973280200468e-06,0.4352524701272743,-0.00016385535817528598,-1.209995792901358e-06,-0.0005081665642240766,0.5580257014049094,-9.769049428614944e-06,8.052979529732612e-05,0.050715893120504424,0.0,0.0,1.0,-0.0026629108893038373,-0.002665921943134167,0.0,0.0,0.0,-0.0026629108893038373,0.0,0.0,0.0,-0.0029090234958410854,-0.0029147264935993175,0.0,0.0,0.0,0.055,0.3,0.2970909765041592,0.0,0.0,0.0,3.140900263820184e-07,0,0,0,0,0,inf,inf,0,0,0.0,1.420491845928902,-5.408103582481329e-06,-0.004204156426270488,-6.930378660681269e-06,-1.651308154071098,-8.554539663635245e-06,1.646218879194746,-0.7853111528628436,-5.533152831057042e-06,-0.0027274364726591147,-5.7340111725783794e-06,-0.005086694919516734,1.955397058327857e-05,0.00450823847315824,-1.3558212543390355e-05,-0.00036824630248578704,-23.427377117697766,-0.004640033959164989,17.143476360177125,0.739086023376901,1.3306584916089228,-6.82713970887173e-05,-0.00036824630248578704,-23.427377117697766,-0.004640033959164989,17.143476360177125,0.739086023376901,1.3306584916089228,-6.82713970887173e-05
1.9109999999999003,1,1,1,4,0.00023089034937831456,5.227330546835335,5.261403692552604,5.0,0.5581046113659275,-9.122000530566822e-06,0.4352474535746007,-0.00015998370336398673,-1.1967026885659623e-06,-0.0004963684938562264,0.5580257014049094,-9.769049428614944e-06,7.891261382159881e-05,0.0495011061447429,0.0,0.0,1.0,-0.0025986522129180607,-0.0026015965557477944,0.0,0.0,0.0,-0.0025986522129180607,0.0,0.0,0.0,-0.0029352979080873934,-0.0029410306485097965,0.0,0.0,0.0,0.055,0.3,0.2970647020919129,0.0,0.0,0.0,3.0746152160560864e-07,0,0,0,0,0,inf,inf,0,0,0.0,1.4204416509169229,-5.46310890751517e-06,-0.0042310672579422,-6.986956764255588e-06,-1.6513583490830772,-8.36105493996184e-06,1.6462633645351492,-0.7853112871225896,-5.4735716604208006e-06,-0.002661608772331674,-5.5957578295331955e-06,-0.0049649976182112926,1.9180722676915244e-05,0.004400093307703264,-1.3318063757687203e-05,-0.0003610890180100431,-23.429327190911557,-0.004660424535018567,17.145964917416826,0.7390814132360967,1.3311037056893786,-6.672391048481992e-05,-0.0003610890180100431,-23.429327190911557,-0.004660424535018567,17.145964917416826,0.7390814132360967,1.3311037056893786,-6.672391048481992e-05
1.9209999999998992,1,1,1,4,0.00022638651675652068,5.222677453056088,5.256548311426934,5.0,0.5581030322448076,-9.133891654877666e-06,0.4352425535666811,-0.0001562383239704196,-1.1828352295200811e-06,-0.00048483074135210547,0.5580257014049094,-9.769049428614944e-06,7.733344829222412e-05,0.048315846416306575,0.0,0.0,1.0,-0.0025359209348088025,-0.0025387997556602197,0.0,0.0,0.0,-0.0025359209348088025,0.0,0.0,0.0,-0.0029609381619265084,-0.0029666999844097674,0.0,0.0,0.0,0.055,0.3,0.2970390618380738,0.0,0.0,0.0,3.010415980824547e-07,0,0,0,0,0,inf,inf,0,0,0.0,1.4203926557122513,-5.517508678809319e-06,-0.00425732956777094,-7.042163092033143e-06,-1.6514073442877488,-8.17128848262989e-06,1.646306783253876,-0.7853114189911125,-5.4122362216212856e-06,-0.002597545761823789,-5.459460267383377e-06,-0.004846407317602165,1.881006754914431e-05,0.004294633433181649,-1.3079771597170929e-05,-0.0003540522547310637,-23.43123792255368,-0.004680271208894253,17.148401607633662,0.7390769608521087,1.331539919849261,-6.52067468135598e-05,-0.0003540522547310637,-23.43123792255368,-0.004680271208894253,17.148401607633662,0.7390769608521087,1.331539919849261,-6.52067468135598e-05
1.9309999999998981,1,1,1,4,0.00022198706394729786,5.218118843124183,5.251725915662382,5.0,0.5581014899110067,-9.145641177722393e-06,0.43523776752642657,-0.00015261311002120708,-1.1684423349800986e-06,-0.0004735485499416348,0.5580257014049094,-9.769049428614944e-06,7.579107001695917e-05,0.047159356942992225,0.0,0.0,1.0,-0.0024746834703863133,-0.0024774979910460264,0.0,0.0,0.0,-0.0024746834703863133,0.0,0.0,0.0,-0.002985959346684345,-0.002991749602707037,0.0,0.0,0.0,0.055,0.3,0.29701404065331605,0.0,0.0,0.0,2.9481573365810725e-07,0,0,0,0,0,inf,inf,0,0,0.0,1.4203448297531953,-5.571286005852781e-06,-0.004282960678746249,-7.096017222638144e-06,-1.6514551702468048,-7.98521393704763e-06,1.6463491618019948,-0.7853115484867121,-5.349267181210028e-06,-0.002535188949489804,-5.325124209795421e-06,-0.0047308320906074815,1.8442090892708464e-05,0.004191786100554566,-1.2843294288435022e-05,-0.0003471368875634334,-23.433110498646922,-0.004699592615213061,17.150787927596497,0.7390726623003001,1.3319674635624676,-6.371978004669323e-05,-0.0003471368875634334,-23.433110498646922,-0.004699592615213061,17.150787927596497,0.7390726623003001,1.3319674635624676,-6.371978004669323e-05
1.940999999999897,1,1,1,4,0.00021768970505761567,5.213652318297424,5.246944596681422,5.0,0.5580999831946348,-9.15724411698103e-06,0.43523309292481926,-0.000149102349443608,-1.153573592301148e-06,-0.00046251707748779143,0.5580257014049094,-9.769049428614944e-06,7.428430918139413e-05,0.04603090280167329,0.0,0.0,1.0,-0.0024149062641240756,-0.0024176577266769497,0.0,0.0,0.0,-0.0024149062641240756,0.0,0.0,0.0,-0.0030103762158412324,-0.003016194269220607,0.0,0.0,0.0,0.055,0.3,0.2969896237841592,0.0,0.0,0.0,2.887711456728636e-07,0,0,0,0,0,inf,inf,0,0,0.0,1.42029814337938,-5.624425273267129e-06,-0.0043079773433494185,-7.148538855456951e-06,-1.65150185662062,-7.802803824366531e-06,1.6463905259145621,-0.7853116756274948,-5.284797035749609e-06,-0.0024744824410692567,-5.192766360644133e-06,-0.0046181832619062715,1.8076924794537815e-05,0.0040914806474432715,-1.2608629313349933e-05,-0.0003403434348793238,-23.434946001798263,-0.0047184064495875335,17.153125268069953,0.7390685132814995,1.3323866402367412,-6.226283046640541e-05,-0.0003403434348793238,-23.434946001798263,-0.0047184064495875335,17.153125268069953,0.7390685132814995,1.3323866402367412,-6.226283046640541e-05
1.950999999999896,1,1,1,4,0.00021349219593083581,5.2092756312022725,5.242211049676259,5.0,0.5580985109808764,-9.168695987734112e-06,0.43522852728154693,-0.00014570069767354276,-1.1382786877664382e-06,-0.00045173143574575727,0.5580257014049094,-9.769049428614944e-06,7.281205104066775e-05,0.044929770338442934,0.0,0.0,1.0,-0.0023565559609768595,-0.002359245617857734,0.0,0.0,0.0,-0.0023565559609768595,0.0,0.0,0.0,-0.0030342031883005684,-0.0030400484153389478,0.0,0.0,0.0,0.055,0.3,0.2969657968116999,0.0,0.0,0.0,2.8289654506787194e-07,0,0,0,0,0,inf,inf,0,0,0.0,1.4202525677997133,-5.676912237609792e-06,-0.004332395768726313,-7.199747900861662e-06,-1.6515474322002868,-7.624029153614208e-06,1.6464309006314395,-0.7853118004317173,-5.218966293937082e-06,-0.0024153727953013953,-5.062410944386264e-06,-0.004508375318633307,1.7714734284000618e-05,0.003993648486380191,-1.2375804973269505e-05,-0.0003336720899920273,-23.436745426090226,-0.004736729526088519,17.15541492754976,0.7390645092338236,1.3327977301870564,-6.0835670900156064e-05,-0.0003336720899920273,-23.436745426090226,-0.004736729526088519,17.15541492754976,0.7390645092338236,1.3327977301870564,-6.0835670900156064e-05
1.9609999999998948,1,1,1,4,0.00020939233468050735,5.204986666128525,5.2375307797554695,5.0,0.5580970722064705,-9.17999279933968e-06,0.43522406816528125,-0.00014240314969296854,-1.122606893428685e-06,-0.00044118672162471483,0.5580257014049094,-9.769049428614944e-06,7.13732323997996e-05,0.043855266406379725,0.0,0.0,1.0,-0.0022995995393411237,-0.002302228645432395,0.0,0.0,0.0,-0.0022995995393411237,0.0,0.0,0.0,-0.0030574543511533423,-0.003063326140696641,0.0,0.0,0.0,0.055,0.3,0.2969425456488471,0.0,0.0,0.0,2.7718192842253207e-07,0,0,0,0,0,inf,inf,0,0,0.0,1.4202080750612966,-5.72873408921346e-06,-0.004356231640461844,-7.249664539336989e-06,-1.6515919249387034,-7.448859155072992e-06,1.646470310317911,-0.7853119229180545,-5.1519202347074174e-06,-0.002357808887770627,-4.934086869503404e-06,-0.004401325811450129,1.735570624234388e-05,0.003898223079337148,-1.2144873176192003e-05,-0.0003271227524207396,-23.438509689721023,-0.004754577832723651,17.15765812398179,0.7390606454256072,1.3332009932194686,-5.9438032048923725e-05,-0.0003271227524207396,-23.438509689721023,-0.004754577832723651,17.15765812398179,0.7390606454256072,1.3332009932194686,-5.9438032048923725e-05
1.9709999999998937,1,1,1,4,0.00020538796194161015,5.20078342221272,5.232908278006923,5.0,0.5580956658564576,-9.191131050243352e-06,0.4352197131936879,-0.00013920501432204517,-1.1066066165993457e-06,-0.0004308780419531373,0.5580257014049094,-9.769049428614944e-06,6.996683836006323e-05,0.0428067176377193,0.0,0.0,1.0,-0.0022440044130218263,-0.0022465742194107932,0.0,0.0,0.0,-0.0022440044130218263,0.0,0.0,0.0,-0.003080143463596235,-0.0030860412170228705,0.0,0.0,0.0,0.055,0.3,0.29691985653640424,0.0,0.0,0.0,2.7161839905680003e-07,0,0,0,0,0,inf,inf,0,0,0.0,1.4201646380193653,-5.779879484507953e-06,-0.004379500145036783,-7.2983092552704825e-06,-1.6516353619806348,-7.277261113136005e-06,1.646508778684987,-0.7853120431058012,-5.083806184445033e-06,-0.002301741782682461,-4.807825430660543e-06,-0.004296955249384143,1.7000040344588178e-05,0.003805139901788274,-1.1915903308819055e-05,-0.0003206950558797671,-23.44023964573034,-0.004771966582205222,17.159856004766525,0.7390569170327952,1.3335966708815599,-5.806960798393308e-05,-0.0003206950558797671,-23.44023964573034,-0.004771966582205222,17.159856004766525,0.7390569170327952,1.3335966708815599,-5.806960798393308e-05
1.9809999999998926,1,1,1,4,0.00020147696089159364,5.196663999092006,5.228347171869313,5.0,0.5580942909611744,-9.202107715668165e-06,0.4352154600332178,-0.000136101890598508,-1.090325013678008e-06,-0.00042080053297337207,0.5580257014049094,-9.769049428614944e-06,6.859189931423099e-05,0.04178346974864801,0.0,0.0,1.0,-0.002189738508271021,-0.0021922502573529486,0.0,0.0,0.0,-0.002189738508271021,0.0,0.0,0.0,-0.003102283961727805,-0.003108207092882817,0.0,0.0,0.0,0.055,0.3,0.2968977160382727,0.0,0.0,0.0,2.6619801710697083e-07,0,0,0,0,0,inf,inf,0,0,0.0,1.4201222303083019,-5.830338553707133e-06,-0.00440221599104441,-7.345702850364617e-06,-1.6516777696916982,-7.109200279937948e-06,1.6465463288093056,-0.785312161015018,-5.014771257363321e-06,-0.002247124612240004,-4.683658472639728e-06,-0.0041951869911028734,1.6647941741842334e-05,0.003714336398947579,-1.1688977082670961e-05,-0.00031438839749444933,-23.44193609109987,-0.004788910262558721,17.162009655303727,0.7390533192005082,1.333984988424721,-5.673006091822165e-05,-0.00031438839749444933,-23.44193609109987,-0.004788910262558721,17.162009655303727,0.7390533192005082,1.333984988424721,-5.673006091822165e-05
1.9909999999998915,1,1,1,4,0.00019765725708312167,5.192626584671156,5.223850353563556,5.0,0.5580929465934719,-9.212920234514759e-06,0.43521130639872196,-0.00013308964608162863,-1.0738076679245068e-06,-0.00041094937556486965,0.5580257014049094,-9.769049428614944e-06,6.724748816488021e-05,0.04078488687560104,0.0,0.0,1.0,-0.0021367703208146167,-0.002139225242485267,0.0,0.0,0.0,-0.0021367703208146167,0.0,0.0,0.0,-0.0031238889640013375,-0.003129836899087721,0.0,0.0,0.0,0.055,0.3,0.2968761110359992,0.0,0.0,0.0,2.609136671035439e-07,0,0,0,0,0,inf,inf,0,0,0.0,1.4200808263137428,-5.880102888200483e-06,-0.004424393429241112,-7.391866440908649e-06,-1.6517191736862573,-6.944639853806013e-06,1.6465829831525625,-0.7853122766666297,-4.944960506562948e-06,-0.0021939124632711846,-4.561616948412538e-06,-0.004095947134701048,1.6299615227456898e-05,0.0036257519363232667,-1.146418422859845e-05,-0.0003082019631219372,-23.443599774471387,-0.004805422682715728,17.164120106295137,0.7390498470941366,1.3343661565192275,-5.541902579615626e-05,-0.0003082019631219372,-23.443599774471387,-0.004805422682715728,17.164120106295137,0.7390498470941366,1.3343661565192275,-5.541902579615626e-05
2.0009999999998906,1,1,1,4,0.00019392681814209192,5.188669444689555,5.219420089787667,5.0,0.558091631866141,-9.223566491740452e-06,0.43520725005294164,-0.00013016439692819034,-1.0570983284603508e-06,-0.0004013198070113056,0.5580257014049094,-9.769049428614944e-06,6.593271774958143e-05,0.03981035094028732,0.0,0.0,1.0,-0.0020850689568605685,-0.002087468265588981,0.0,0.0,0.0,-0.0020850689568605685,0.0,0.0,0.0,-0.0031449712771569114,-0.0031509434545938715,0.0,0.0,0.0,0.055,0.3,0.2968550287228436,0.0,0.0,0.0,2.5575894955447783e-07,0,0,0,0,0,inf,inf,0,0,0.0,1.420040401145793,-5.9291655114738225e-06,-0.004446046271501447,-7.436821442504406e-06,-1.651759598854207,-6.783541008989079e-06,1.6466187635804201,-0.7853123900824859,-4.874515434794711e-06,-0.0021420622707492938,-4.441729809137357e-06,-0.003999164407606436,1.5955260654337838e-05,0.0035393277463126047,-1.1241618942532915e-05,-0.00030213475239888903,-23.445231402692475,-0.004821517016564921,17.166188339989663,0.7390464959389592,1.3347403727548073,-5.413611439328653e-05,-0.00030213475239888903,-23.445231402692475,-0.004821517016564921,17.166188339989663,0.7390464959389592,1.3347403727548073,-5.413611439328653e-05
2.0109999999998895,1,1,1,4,0.00019028365334774946,5.184790913829643,5.215058115410879,5.0,0.5580903459295288,-9.234044798090034e-06,0.4352032888058911,-0.00012732248959595094,-1.04023870659412e-06,-0.00039190712997588903,0.5580257014049094,-9.769049428614944e-06,6.464673845774186e-05,0.038859261042812204,0.0,0.0,1.0,-0.0020346041613195378,-0.002036949053931038,0.0,0.0,0.0,-0.0020346041613195378,0.0,0.0,0.0,-0.0031655434024908187,-0.0031715392727467836,0.0,0.0,0.0,0.055,0.3,0.2968344565975097,0.0,0.0,0.0,2.5072808385305853e-07,0,0,0,0,0,inf,inf,0,0,0.0,1.4200009306133303,-5.977520836902997e-06,-0.0044671879087446464,-7.48058954527139e-06,-1.6517990693866698,-6.625862965253082e-06,1.6466536913808725,-0.7853125012853882,-4.803572819581967e-06,-0.002091532717844074,-4.324023173862524e-06,-0.0039047700578250595,1.5615069408645984e-05,0.0034550068722205155,-1.1021376972706379e-05,-0.000296185601681203,-23.446831646364522,-0.004837205843967364,17.168215295528157,0.739043261051579,1.3351078229564397,-5.288091906841887e-05,-0.000296185601681203,-23.446831646364522,-0.004837205843967364,17.168215295528157,0.739043261051579,1.3351078229564397,-5.288091906841887e-05
2.0209999999998884,1,1,1,4,0.0001867258131303109,5.180989388135554,5.210765713503211,5.0,0.5580890879693283,-9.24435386996031e-06,0.435199420514166,-0.00012456048404041944,-1.0232683242541146e-06,-0.00038270671922565073,0.5580257014049094,-9.769049428614944e-06,6.33887360204284e-05,0.037931032880922026,0.0,0.0,1.0,-0.001985346335856747,-0.0019876379898875725,0.0,0.0,0.0,-0.001985346335856747,0.0,0.0,0.0,-0.0031856175423493204,-0.003191636567756036,0.0,0.0,0.0,0.055,0.3,0.2968143824576512,0.0,0.0,0.0,2.4581582671321684e-07,0,0,0,0,0,inf,inf,0,0,0.0,1.4199623911993882,-6.0251646153246385e-06,-0.004487831327895856,-7.523192682062007e-06,-1.651837608800612,-6.4715630877544425e-06,1.6466877872820385,-0.7853126102990939,-4.732263809691045e-06,-0.002042284142143965,-4.2085197314345255e-06,-0.0038126977474394873,1.5279221765544666e-05,0.003372734110801667,-1.08035532746465e-05,-0.0002903532045912651,-23.44840114454583,-0.004852501188334607,17.170201873521833,0.7390401378642911,1.3354686823396478,-5.1653016170692615e-05,-0.0002903532045912651,-23.44840114454583,-0.004852501188334607,17.170201873521833,0.7390401378642911,1.3354686823396478,-5.1653016170692615e-05
2.0309999999998873,1,1,1,4,0.00018325138849864444,5.177263318553335,5.206543783695231,5.0,0.5580878572045324,-9.254492806160642e-06,0.435195643080192,-0.00012187513828026191,-1.0062244093138682e-06,-0.00037371402654599477,0.5580257014049094,-9.769049428614944e-06,6.215792946431402e-05,0.03702509819403679,0.0,0.0,1.0,-0.0019372665488955217,-0.0019395061214065332,0.0,0.0,0.0,-0.0019372665488955217,0.0,0.0,0.0,-0.0032052056067570943,-0.0032112472613098695,0.0,0.0,0.0,0.055,0.3,0.29679479439324336,0.0,0.0,0.0,2.410174040858056e-07,0,0,0,0,0,inf,inf,0,0,0.0,1.419924760037588,-6.072093874882908e-06,-0.00450798912794188,-7.564652991781609e-06,-1.6518752399624121,-6.320597009214049e-06,1.6467210714693763,-0.7853127171482963,-4.6607132545572445e-06,-0.0019942784476948837,-4.095238334203341e-06,-0.003722883449028517,1.4947884977617665e-05,0.0032924559541955088,-1.0588240145038608e-05,-0.00028463613189687906,-23.44994050873524,-0.004867414552655956,17.17214893997867,0.7390371219427593,1.335823116528426,-5.0451969051752635e-05,-0.00028463613189687906,-23.44994050873524,-0.004867414552655956,17.17214893997867,0.7390371219427593,1.335823116528426,-5.0451969051752635e-05
2.0409999999998862,1,1,1,4,0.00017985851042731562,5.173611205420819,5.202392900571424,5.0,0.5580866528855281,-9.264461065469781e-06,0.43519195445143877,-0.00011926339421660631,-9.89141832420505e-07,-0.0003649245842033156,0.5580257014049094,-9.769049428614944e-06,6.095356920662178e-05,0.03614090423113628,0.0,0.0,1.0,-0.0018903365392839895,-0.0018925251660413,0.0,0.0,0.0,-0.0018903365392839895,0.0,0.0,0.0,-0.003224319220109595,-0.0032303829892577685,0.0,0.0,0.0,0.055,0.3,0.29677568077989086,0.0,0.0,0.0,2.3632844927845145e-07,0,0,0,0,0,inf,inf,0,0,0.0,1.4198880148895878,-6.1183068552907325e-06,-0.004527673535137703,-7.60499277953821e-06,-1.6519119851104123,-6.17291876777358e-06,1.6467535636023194,-0.7853128218585897,-4.589039232390265e-06,-0.0019474790225127538,-3.984193749037575e-06,-0.0036352653454808305,1.4621211969008805e-05,0.00321412053193427,-1.037552576424189e-05,-0.0002790328490327757,-23.45145032624781,-0.0048819569523224785,17.17405732967268,0.7390342089991105,1.336171282450593,-4.927733077209287e-05,-0.0002790328490327757,-23.45145032624781,-0.0048819569523224785,17.17405732967268,0.7390342089991105,1.336171282450593,-4.927733077209287e-05
2.050999999999885,1,1,1,4,0.000176545349197226,5.170031593772479,5.198313363551472,5.0,0.5580854742923334,-9.274258441295862e-06,0.43518835261959665,-0.00011672236459899646,-9.720530798161382e-07,-0.0003563340072472888,0.5580257014049094,-9.769049428614944e-06,5.9774935291650904e-05,0.03527791324101991,0.0,0.0,1.0,-0.0018445287150065913,-0.0018466675099551425,0.0,0.0,0.0,-0.0018445287150065913,0.0,0.0,0.0,-0.0032429697278738034,-0.00324905510830469,0.0,0.0,0.0,0.055,0.3,0.29675703027212663,0.0,0.0,0.0,2.3174495270870408e-07,0,0,0,0,0,inf,inf,0,0,0.0,1.4198521341235113,-6.163802938316041e-06,-0.004546896417416662,-7.644234475022167e-06,-1.6519478658764888,-6.028480955112851e-06,1.6467852828303342,-0.7853129244564225,-4.517352745694968e-06,-0.0019018506612356121,-3.875396535304913e-06,-0.003549783733518774,1.4299340523905982e-05,0.0031376775535534537,-1.0165493091608585e-05,-0.0002735417328782271,-23.45293116307249,-0.0048961389464521506,17.17592784904129,0.7390313949003144,1.3365133291306335,-4.812864650279496e-05,-0.0002735417328782271,-23.45293116307249,-0.0048961389464521506,17.17592784904129,0.7390313949003144,1.3365133291306335,-4.812864650279496e-05
2.060999999999884,2,1,1,4,0.00017331214562180033,5.165822690040597,5.194235526845549,5.0,0.5580843728756436,-9.283225901732618e-06,0.4351848356006983,-9.963134140168288e-05,-7.702650753261506e-07,-0.0003479444971260289,0.5580850212108326,-9.278129557961225e-06,6.48355218988121e-07,0.034429365659687086,1.1308461824966476e-08,1.1308461824966476e-08,1.0,-0.0017974124138293148,-0.0017994663343553477,0.0,0.0,0.0,-0.0017974124138293148,0.0,0.0,0.0,-0.003261154866064577,-0.0032672597475061995,0.0,0.0,0.0,0.055,0.3,0.2967388451339359,0.0,0.0,0.0,3.0894939223038993e-07,0,0,0,0,0,inf,inf,0,0,0.0,1.4198171582204069,-6.207673764825828e-06,-0.004565598002235935,-7.681744808968002e-06,-1.6519828417795932,-5.888058404331578e-06,1.6468163664326132,-0.785313026386764,-4.188465938283133e-06,-0.0018370098662220673,-3.5828178900685585e-06,-0.0034486081107532895,1.374116649831753e-05,0.0030957752588767766,-1.0295217295571433e-05,4.8124854527115953e-05,-23.446946064246916,-0.00459328501929247,17.19262392473921,0.7391814450302481,1.3554348531955522,-4.011773781812537e-05,4.8124854527115953e-05,-23.446946064246916,-0.00459328501929247,17.19262392473921,0.7391814450302481,1.3554348531955522,-4.011773781812537e-05
2.070999999999883,2,1,1,4,0.00017016260503924154,5.163234776325142,5.190269360605773,5.0,0.5580835067407528,-9.289373440408336e-06,0.43518140131950517,-7.654162811862991e-05,-4.960027475220798e-07,-0.0003397638600971528,0.5580852647834007,-9.278129557961225e-06,1.7580786036865112e-06,0.033577628927234524,2.548810298957471e-07,2.548810298957471e-07,1.0,-0.001754864711425568,-0.0017568687882111545,0.0,0.0,0.0,-0.001754864711425568,0.0,0.0,0.0,-0.0032788942441676627,-0.003285019387975285,0.0,0.0,0.0,0.055,0.3,0.2967211057558327,0.0,0.0,0.0,4.59115569260627e-07,0,0,0,0,0,inf,inf,0,0,0.0,1.41978329702232,-6.246962143709322e-06,-0.004583542690648265,-7.715383523001409e-06,-1.65201670297768,-5.754941603624358e-06,1.646847147955249,-0.7853131278544396,-3.7223373568389682e-06,-0.0017597997281745634,-3.188891011523242e-06,-0.003334800496011649,1.2949273439115835e-05,0.00306146734166108,-9.940909510183063e-06,3.41355474521429e-05,-23.44790939740229,-0.004625542164847572,17.19429554890476,0.7391787753816225,1.3557052952065658,-3.276457712447969e-05,3.41355474521429e-05,-23.44790939740229,-0.004625542164847572,17.19429554890476,0.7391787753816225,1.3557052952065658,-3.276457712447969e-05
2.080999999999882,2,1,1,4,0.00016709293222363832,5.160527047914715,5.186479654002518,5.0,0.5580828542091482,-9.29305969953886e-06,0.43517804774759056,-5.6301781058948985e-05,-2.707156531531638e-07,-0.0003317811657355088,0.5580861449236967,-9.278129557961225e-06,3.290748417757365e-06,0.03272798271927583,1.1350213259032966e-06,1.1350213259032966e-06,1.0,-0.001713317759387715,-0.0017152751078030543,0.0,0.0,0.0,-0.001713317759387715,0.0,0.0,0.0,-0.0032962134683121058,-0.0033023583934864023,0.0,0.0,0.0,0.055,0.3,0.29670378653168816,0.0,0.0,0.0,1.1278343579658416e-06,0,0,0,0,0,inf,inf,0,0,0.0,1.4197505808723818,-6.2817923719638855e-06,-0.004600718237791697,-7.745239719020946e-06,-1.6520494191276183,-5.630054474400817e-06,1.6468775171611445,-0.7853132236549943,-3.292037934723759e-06,-0.0016829554950120447,-2.823780056367512e-06,-0.003219709038523938,1.2107588931085134e-05,0.003015594253201776,-9.264162926297919e-06,2.418636823307654e-05,-23.448590302308467,-0.004652989110284196,17.19680045000809,0.7391770156881997,1.3570428204306801,-2.9627991653109664e-05,2.418636823307654e-05,-23.448590302308467,-0.004652989110284196,17.19680045000809,0.7391770156881997,1.3570428204306801,-2.9627991653109664e-05
2.0909999999998807,2,1,1,4,0.00016409985852697175,5.157768426841075,5.182831091069959,5.0,0.5580823970155357,-9.294701521135261e-06,0.435174772953014,-3.7093145778361346e-05,-8.163889752451196e-08,-0.0003239882032765411,0.5580880703588909,-9.278129557961225e-06,5.6733675585923556e-06,0.031884444177696994,3.0604565201018993e-06,3.0604565201018993e-06,1.0,-0.0016729886453638713,-0.0016749018279266547,0.0,0.0,0.0,-0.0016729886453638713,0.0,0.0,0.0,-0.003313123737762115,-0.0033192879917064294,0.0,0.0,0.0,0.055,0.3,0.29668687626223816,0.0,0.0,0.0,1.8562822639207103e-06,0,0,0,0,0,inf,inf,0,0,0.0,1.4197190246335898,-6.312479523606361e-06,-0.00461712130443889,-7.771609180286914e-06,-1.6520809753664103,-5.513690126082966e-06,1.646907392416035,-0.7853133122833756,-2.889435495179515e-06,-0.0016051545893256745,-2.4884752042891714e-06,-0.0031028597601426245,1.1250012865595834e-05,0.002964079779695074,-8.53673521579106e-06,1.543150257330024e-05,-23.448906832656824,-0.004678454712018781,17.20017150170963,0.7391759034898507,1.3594936453677244,-2.7649410946985607e-05,1.543150257330024e-05,-23.448906832656824,-0.004678454712018781,17.20017150170963,0.7391759034898507,1.3594936453677244,-2.7649410946985607e-05
2.1009999999998796,2,1,1,4,0.00016118101964637723,5.155017883313876,5.179301685481859,5.0,0.5580821336548389,-9.294603449601225e-06,0.43517157507223414,-1.734808112004854e-05,8.13831240833728e-08,-0.0003163791364899577,0.5580914469510728,-9.278129557961225e-06,9.313310803851553e-06,0.03104851977205792,6.437048702087454e-06,6.437048702087454e-06,1.0,-0.0016341240121775609,-0.001635994751216314,0.0,0.0,0.0,-0.0016341240121775609,0.0,0.0,0.0,-0.003329638541522322,-0.003335821692832483,0.0,0.0,0.0,0.055,0.3,0.2966703614584779,0.0,0.0,0.0,2.6309105357574993e-06,0,0,0,0,0,inf,inf,0,0,0.0,1.419688651439497,-6.339245162846455e-06,-0.004632733667993606,-7.794779927099853e-06,-1.652111348560503,-5.405926071555634e-06,1.6469367425171517,-0.7853133938335097,-2.504095345483771e-06,-0.0015247866339690886,-2.1806146936285283e-06,-0.00298316292847886,1.0388221696858272e-05,0.002911303907963349,-7.851976396940173e-06,6.650864963720123e-06,-23.448789865084628,-0.004703129269314174,17.204447979519745,0.7391752884099989,1.3631117032529534,-2.56606273910552e-05,6.650864963720123e-06,-23.448789865084628,-0.004703129269314174,17.204447979519745,0.7391752884099989,1.3631117032529534,-2.56606273910552e-05
2.1109999999998785,2,1,1,4,0.00015833472969164954,5.152326297246589,5.175879781621357,5.0,0.558082077150954,-9.292978561004841e-06,0.43516845229016676,4.298804979097577e-06,2.2675945671463785e-07,-0.0003089498402929282,0.5580966765848118,-9.278129557961225e-06,1.4599441409148833e-05,0.030219815759791078,1.1666682441021021e-05,1.1666682441021021e-05,1.0,-0.0015970506161857815,-0.0015988796126973322,0.0,0.0,0.0,-0.0015970506161857815,0.0,0.0,0.0,-0.0033457742356564836,-0.0033519758646479987,0.0,0.0,0.0,0.055,0.3,0.2966542257643437,0.0,0.0,0.0,3.450243189952358e-06,0,0,0,0,0,inf,inf,0,0,0.0,1.419659497964381,-6.362194865694854e-06,-0.004647519805901569,-7.814998478789719e-06,-1.652140502035619,-5.306825478347274e-06,1.6469655731874255,-0.7853134688941769,-2.123606330890137e-06,-0.0014400346151785576,-1.894744689972688e-06,-0.0028590689231455424,9.516251691820346e-06,0.002860441425685619,-7.232981279876362e-06,-2.776993634046405e-06,-23.448181098034546,-0.004727589183724322,17.209673250130788,0.7391751679180691,1.3679556976383127,-2.3200272240231553e-05,-2.776993634046405e-06,-23.448181098034546,-0.004727589183724322,17.209673250130788,0.7391751679180691,1.3679556976383127,-2.3200272240231553e-05
2.1209999999998774,2,1,1,4,0.00015555980585099573,5.14973786789791,5.172561677397101,5.0,0.5580822532479707,-9.289963325521233e-06,0.4351654028259533,2.904802018772164e-05,3.615846127734691e-07,-0.0003016973990267107,0.5581041560656187,-9.278129557961225e-06,2.1902820844827258e-05,0.02939651659767005,1.91461632479594e-05,1.91461632479594e-05,1.0,-0.00156222235183363,-0.0015640091815340667,0.0,0.0,0.0,-0.00156222235183363,0.0,0.0,0.0,-0.0033615511053283202,-0.003367770793197879,0.0,0.0,0.0,0.055,0.3,0.29663844889467195,0.0,0.0,0.0,4.313401842600348e-06,0,0,0,0,0,inf,inf,0,0,0.0,1.4196316183196862,-6.381304166005254e-06,-0.0046614251982473225,-7.832445536885386e-06,-1.6521683816803139,-5.2165770567481045e-06,1.6469939165280592,-0.7853135381078549,-1.7346445130990693e-06,-0.0013489398091101413,-1.6235539750663303e-06,-0.0027286916568855122,8.617107176564096e-06,0.002813725623238488,-6.674394212644499e-06,-1.3245555509677222e-05,-23.44703149528893,-0.004752165394032082,17.215892948446687,0.7391756504403436,1.3740867807503958,-2.008114423526067e-05,-1.3245555509677222e-05,-23.44703149528893,-0.004752165394032082,17.215892948446687,0.7391756504403436,1.3740867807503958,-2.008114423526067e-05
2.1309999999998763,2,1,1,4,0.00015285543255763503,5.147291192868483,5.169349732994861,5.0,0.5580826989249785,-9.28562933167626e-06,0.435162424923043,5.796379612507752e-05,4.918780131825319e-07,-0.0002946197275727404,0.5581142760323303,-9.278129557961225e-06,3.157710824242211e-05,0.028575760619243006,2.926612995953096e-05,2.926612995953096e-05,1.0,-0.0015302649489731973,-0.0015320080130325168,0.0,0.0,0.0,-0.0015302649489731973,0.0,0.0,0.0,-0.0033769948836696842,-0.003383232200933993,0.0,0.0,0.0,0.055,0.3,0.29662300511633055,0.0,0.0,0.0,5.2190919559409395e-06,0,0,0,0,0,inf,inf,0,0,0.0,1.4196050868612022,-6.396415150543941e-06,-0.004674375206631723,-7.847224074146366e-06,-1.6521949131387978,-5.135573256719321e-06,1.6470218227765863,-0.7853136019918494,-1.3239823661372726e-06,-0.0012494538956783798,-1.3590464943189102e-06,-0.0025899065757957907,7.668376298837791e-06,0.0027726539338782555,-6.159439619149832e-06,-2.5054406514015003e-05,-23.445300072055815,-0.0047770758127507265,17.223153533485014,0.7391769090809813,1.3815667181322566,-1.622908250156776e-05,-2.5054406514015003e-05,-23.445300072055815,-0.0047770758127507265,17.223153533485014,0.7391769090809813,1.3815667181322566,-1.622908250156776e-05
2.1409999999998752,2,1,1,4,0.00015022105631526308,5.145020099139184,5.166250861566079,5.0,0.5580834611585022,-9.27999317350099e-06,0.4351595168425282,9.199597039604498e-05,6.227315237928265e-07,-0.00028771528618039884,0.5581274198863948,-9.278129557961225e-06,4.3958727932149333e-05,0.02775393567926117,4.240998402403737e-05,4.240998402403737e-05,1.0,-0.0015020187747060423,-0.0015037152883566399,0.0,0.0,0.0,-0.0015020187747060423,0.0,0.0,0.0,-0.003392138707070666,-0.003398393201732734,0.0,0.0,0.0,0.055,0.3,0.29660786129292954,0.0,0.0,0.0,6.165502113344198e-06,0,0,0,0,0,inf,inf,0,0,0.0,1.419580000129709,-6.407241822517677e-06,-0.0046862744166707125,-7.859357515191282e-06,-1.6522199998702911,-5.064440820744795e-06,1.647049353864388,-0.7853136608698227,-8.792483900888782e-07,-0.001139480974468607,-1.0934066243789074e-06,-0.002440428757656007,6.646294943955534e-06,0.0027381485754004926,-5.667368315324254e-06,-3.845771566169547e-05,-23.44295294453787,-0.0048024727803626845,17.231501139380185,0.7391791436162812,1.3904564324995683,-1.162090641157781e-05,-3.845771566169547e-05,-23.44295294453787,-0.0048024727803626845,17.231501139380185,0.7391791436162812,1.3904564324995683,-1.162090641157781e-05
2.150999999999874,2,1,1,4,0.0001476563042725745,5.142954285988246,5.163275321343381,5.0,0.5580845958742199,-9.273025142241571e-06,0.43515667685892134,0.0001319967035813002,7.584107736349318e-07,-0.00028098286702536154,0.5581439627409955,-9.278129557961225e-06,5.936686699509748e-05,0.026926912345154996,5.895283862473378e-05,5.895283862473378e-05,1.0,-0.0014785796990039986,-0.00148022570584539,0.0,0.0,0.0,-0.0014785796990039986,0.0,0.0,0.0,-0.003407025488012327,-0.003413296673763573,0.0,0.0,0.0,0.055,0.3,0.2965929745119878,0.0,0.0,0.0,7.1503525855114195e-06,0,0,0,0,0,inf,inf,0,0,0.0,1.41955647809955,-6.413381635724509e-06,-0.0046970063552727905,-7.868794849513451e-06,-1.65224352190045,-5.004038541174741e-06,1.6470765783814316,-0.7853137148534457,-3.894327268954468e-07,-0.0010169116107474493,-8.195592996858191e-07,-0.002277875411556405,5.528429765013927e-06,0.0027106823021916123,-5.176973606346562e-06,-5.368161078911667e-05,-23.439962581870542,-0.004828459927345236,17.240980657022238,0.739182553528948,1.4008148442329817,-6.259095109253119e-06,-5.368161078911667e-05,-23.439962581870542,-0.004828459927345236,17.240980657022238,0.739182553528948,1.4008148442329817,-6.259095109253119e-06
2.160999999999873,2,1,1,4,0.00014516092118502157,5.141119824487876,5.160435746483057,5.0,0.5580861670431934,-9.264657049195784e-06,0.43515390325774944,0.00017873323290392153,9.024324544971169e-07,-0.000274421435826703,0.5581642703928914,-9.278129557961225e-06,7.810335086002069e-05,0.026090228258726787,7.92604905206672e-05,7.92604905206672e-05,1.0,-0.0014613376980231695,-0.0014629281014465912,0.0,0.0,0.0,-0.0014613376980231695,0.0,0.0,0.0,-0.003421710684464836,-0.003427998029130246,0.0,0.0,0.0,0.055,0.3,0.2965782893155353,0.0,0.0,0.0,8.17096751509035e-06,0,0,0,0,0,inf,inf,0,0,0.0,1.4195346648720266,-6.414330900458346e-06,-0.004706433512469917,-7.87541996363861e-06,-1.6522653351279735,-4.9554342666005045e-06,1.6471035676439771,-0.7853137638484867,1.54814536603616e-07,-0.0008796505720637088,-5.314895688383138e-07,-0.002099816123973983,4.295305100286063e-06,0.002690377083672815,-4.668353899269595e-06,-7.09302071288171e-05,-23.436307213220534,-0.004855098093690079,17.25163499672081,0.7391873205420141,1.4126979448746422,-1.60508923260742e-07,-7.09302071288171e-05,-23.436307213220534,-0.004855098093690079,17.25163499672081,0.7391873205420141,1.4126979448746422,-1.60508923260742e-07
2.170999999999872,2,1,1,4,0.00014273472063061534,5.139539547491806,5.15774636762227,5.0,0.5580882458882548,-9.25478935356383e-06,0.4351511943344949,0.00023289758808591127,1.057628941688466e-06,-0.00026803001582471734,0.5581886983197939,-9.278129557961225e-06,0.0001004524342506686,0.025239234232402843,0.00010368841742318632,0.00010368841742318632,1.0,-0.001452012702772857,-0.00145354130863019,0.0,0.0,0.0,-0.001452012702772857,0.0,0.0,0.0,-0.0034362654406203193,-0.0034425683549836263,0.0,0.0,0.0,0.055,0.3,0.29656373455937984,0.0,0.0,0.0,9.224343604793639e-06,0,0,0,0,0,inf,inf,0,0,0.0,1.4195147289213206,-6.409502278496959e-06,-0.004714397612089822,-7.879063168326854e-06,-1.6522852710786795,-4.9198700091361996e-06,1.6471303926290308,-0.7853138075733017,7.610401971782739e-07,-0.0007256395492231732,-2.2438968961322453e-07,-0.0019038134494574032,2.9312762014497484e-06,0.002677081752005731,-4.123809335599594e-06,-9.038750901375359e-05,-23.431970353578247,-0.004882407435158093,17.263504493718447,0.7391935983076284,1.426158054615204,6.6492345219949715e-06,-9.038750901375359e-05,-23.431970353578247,-0.004882407435158093,17.263504493718447,0.7391935983076284,1.426158054615204,6.6492345219949715e-06
2.180999999999871,2,1,1,4,0.00014037754727355602,5.13823335604661,5.155222383732542,5.0,0.5580909101742553,-9.24329768217398e-06,0.43514854839450845,0.00029511398253280984,1.2262061378502296e-06,-0.00026180760440748887,0.558217590706027,-9.278129557961225e-06,0.00012668053656033064,0.02436921028329464,0.00013258080365624353,0.00013258080365624353,1.0,-0.0014526871125048434,-0.0014541466791156362,0.0,0.0,0.0,-0.0014526871125048434,0.0,0.0,0.0,-0.0034507800682686165,-0.0034570978953671013,0.0,0.0,0.0,0.055,0.3,0.29654921993173156,0.0,0.0,0.0,1.0307209688082371e-05,0,0,0,0,0,inf,inf,0,0,0.0,1.4194968629779754,-6.3982430692465165e-06,-0.004720720086864811,-7.879513515283398e-06,-1.6523031370220247,-4.898721320726238e-06,1.6471571215919334,-0.7853138455834806,1.4349552767237903e-06,-0.0005528758696831582,1.0531038639445345e-07,-0.0016874558642174205,1.4248876455018688e-06,0.0026704332927093323,-3.5282669551273284e-06,-0.00011221785251744562,-23.42694042006658,-0.004910368312741233,17.27662642717284,0.7392015071496876,1.4412432260168349,1.4138913267171122e-05,-0.00011221785251744562,-23.42694042006658,-0.004910368312741233,17.27662642717284,0.7392015071496876,1.4412432260168349,1.4138913267171122e-05
2.1909999999998697,2,1,1,4,0.00013808924770822208,5.137218462118925,5.152879455082711,5.0,0.5580942435620646,-9.230038794663555e-06,0.43514596375361225,0.00036594442959425166,1.409797545671365e-06,-0.00025575311492955877,0.5582512794991419,-9.278129557961225e-06,0.00015703594444094613,0.023475457980866685,0.00016626959677108706,0.00016626959677108706,1.0,-0.0014658343565999879,-0.0014672166495818318,0.0,0.0,0.0,-0.0014658343565999879,0.0,0.0,0.0,-0.003465367832086224,-0.0034716998370337413,0.0,0.0,0.0,0.055,0.3,0.2965346321679139,0.0,0.0,0.0,1.1416077030888747e-05,0,0,0,0,0,inf,inf,0,0,0.0,1.41948128361735,-6.379853381327356e-06,-0.004725202722384889,-7.87653097801652e-06,-1.65231871638265,-4.893455069269298e-06,1.647183818224168,-0.7853138772991108,2.180478050531335e-06,-0.0003594279893157742,4.5998736242345675e-07,-0.0014483846515185503,-2.311066716276835e-07,0.002669905394910374,-2.8694300588748664e-06,-0.0001365658857823189,-23.42121041698955,-0.004938921908109512,17.29103462999324,0.7392111322274483,1.4579967648823684,2.227365007197794e-05,-0.0001365658857823189,-23.42121041698955,-0.004938921908109512,17.29103462999324,0.7392111322274483,1.4579967648823684,2.227365007197794e-05
2.2009999999998686,2,1,1,4,0.00013586964797698744,5.136509582925179,5.150733293537168,5.0,0.5580983350110013,-9.214856022326181e-06,0.4351434387391767,0.00044589300789396575,1.609515979350427e-06,-0.00024986533796875064,0.5582900835000718,-9.278129557961225e-06,0.00019174849951011472,0.022553374074277144,0.00020507359770109617,0.00020507359770109617,1.0,-0.0014943428899073725,-0.0014956387402694509,0.0,0.0,0.0,-0.0014943428899073725,0.0,0.0,0.0,-0.003480168995927478,-0.0034865143563047167,0.0,0.0,0.0,0.055,0.3,0.2965198310040727,0.0,0.0,0.0,1.2547281636930644e-05,0,0,0,0,0,inf,inf,0,0,0.0,1.4194682306067732,-6.353603582610994e-06,-0.00472762844117771,-7.86985792128315e-06,-1.652331769393227,-4.9055882708635155e-06,1.6472105402399766,-0.7853139020325477,2.9998266987979666e-06,-0.0001434483759663427,8.409139455086792e-07,-0.0011843159395851818,-2.0399362428584125e-06,0.002674847061999959,-2.137760178388057e-06,-0.00016355646664234258,-23.41477767278271,-0.004967970904540243,17.306759172123563,0.739222523924416,1.4764568458536227,3.101620231372125e-05,-0.00016355646664234258,-23.41477767278271,-0.004967970904540243,17.306759172123563,0.739222523924416,1.4764568458536227,3.101620231372125e-05
2.2109999999998675,2,1,1,4,0.000133718536279164,5.13611909861262,5.148799331420606,5.0,0.5581032782180455,-9.197584198435562e-06,0.4351409716914976,0.0005354091028970436,1.8260034477071392e-06,-0.00024414291756418694,0.5583343074893213,-9.278129557961225e-06,0.00023102928531637597,0.021598509277074372,0.00024929758695058264,0.00024929758695058264,1.0,-0.0015415350342217772,-0.0015427343987902764,0.0,0.0,0.0,-0.0015415350342217772,0.0,0.0,0.0,-0.0034953550811904553,-0.0035017128780295416,0.0,0.0,0.0,0.055,0.3,0.2965046449188097,0.0,0.0,0.0,1.3697020014845005e-05,0,0,0,0,0,inf,inf,0,0,0.0,1.4194579660544322,-6.318750642264157e-06,-0.004727762203566956,-7.859229529253628e-06,-1.652342033945568,-4.936649597035251e-06,1.6472373383047818,-0.7853139190154022,3.8936425440832155e-06,9.681573582987812e-05,1.2483725319302224e-06,-0.0008930588428997907,-4.001131855527623e-06,0.0026845134533159017,-1.3263572975551906e-06,-0.00019329461656272456,-23.40764361585009,-0.004997380341951091,17.323826103868527,0.7392356996177634,1.496656205450082,4.032785187291419e-05,-0.00019329461656272456,-23.40764361585009,-0.004997380341951091,17.323826103868527,0.7392356996177634,1.496656205450082,4.032785187291419e-05
2.2209999999998664,2,1,1,4,0.00013163564973242472,5.136057182326315,5.147092454094407,5.0,0.5581091710850459,-9.178054100666217e-06,0.43513856096534803,0.000634889877307099,2.05947927946672e-06,-0.00023858433895857222,0.5583842413915834,-9.278129557961225e-06,0.00027507032474211876,0.020606615248959688,0.00029923148921261324,0.00029923148921261324,1.0,-0.0016111801259245638,-0.0016122721495656668,0.0,0.0,0.0,-0.0016111801259245638,0.0,0.0,0.0,-0.0035111332827033187,-0.003517502492086874,0.0,0.0,0.0,0.055,0.3,0.2964888667172968,0.0,0.0,0.0,1.4861379724921361e-05,0,0,0,0,0,inf,inf,0,0,0.0,1.4194507733947446,-6.274553137865197e-06,-0.004725352006159476,-7.84438303035753e-06,-1.6523492266052555,-4.988144461448131e-06,1.6472642552373382,-0.7853139274239739,4.861130222342491e-06,0.0003630133438542511,1.681779293053371e-06,-0.0005725304485184038,-6.110909029672667e-06,0.0026980906405726923,-4.307804005778733e-07,-0.00022586557900349113,-23.399813579221824,-0.0050269786716598056,17.34225724893724,0.7392506462443563,1.518621899206881,5.016903428190143e-05,-0.00022586557900349113,-23.399813579221824,-0.0050269786716598056,17.34225724893724,0.7392506462443563,1.518621899206881,5.016903428190143e-05
2.2309999999998653,2,1,1,4,0.00012962066429947263,5.13633190960023,5.145626784455428,5.0,0.5581161152073227,-9.156096421728071e-06,0.43513620493160377,0.0007446821654221345,2.3097863425964786e-06,-0.00023318792512010846,0.5584401594810763,-9.278129557961225e-06,0.0003240442967320171,0.019573682174649432,0.0003551495787055787,0.0003551495787055787,1.0,-0.0017075014920307258,-0.0017084745713721787,0.0,0.0,0.0,-0.0017075014920307258,0.0,0.0,0.0,-0.0035277509825086023,-0.0035341304677994614,0.0,0.0,0.0,0.055,0.3,0.2964722490174914,0.0,0.0,0.0,1.603636582037595e-05,0,0,0,0,0,inf,inf,0,0,0.0,1.4194469562384533,-6.220284813995847e-06,-0.004720129962099659,-7.825065668291848e-06,-1.6523530437615468,-5.061524108935418e-06,1.6472913254322217,-0.7853139264026966,5.900205172605942e-06,0.0006566821369613209,2.139809540119267e-06,-0.00022076822664211798,-8.362577212391542e-06,0.0027147155863183254,5.511639336711469e-07,-0.000261334992528094,-23.3912966262553,-0.005056559003784707,17.36207003924701,0.739267323267937,1.5423751126036391,6.0499790102371656e-05,-0.000261334992528094,-23.3912966262553,-0.005056559003784707,17.36207003924701,0.739267323267937,1.5423751126036391,6.0499790102371656e-05
2.240999999999864,2,1,1,4,0.00012767318718845313,5.136949352403171,5.144415509973637,5.0,0.5581242153787633,-9.131545289901235e-06,0.43513390197886376,0.000865083942281478,2.5764351337475666e-06,-0.0002279518398897189,0.5585023196297774,-9.278129557961225e-06,0.00037810427942808395,0.01849596886200741,0.00041730972740662526,0.00041730972740662526,1.0,-0.0018351768504385928,-0.0018360186989183716,0.0,0.0,0.0,-0.0018351768504385928,0.0,0.0,0.0,-0.0035455002975417786,-0.003551888802257329,0.0,0.0,0.0,0.055,0.3,0.29645449970245835,0.0,0.0,0.0,1.7217924061461817e-05,0,0,0,0,0,inf,inf,0,0,0.0,1.419446837110618,-6.155246657679602e-06,-0.004711813449808557,-7.801041440272878e-06,-1.6523531628893822,-5.1581588130651356e-06,1.6473185744606753,-0.7853139150853817,7.007641816761654e-06,0.000979242182835744,2.620518629712628e-06,0.000164059681449963,-1.0746948951260079e-05,0.002733492360461341,1.6196465311118505e-06,-0.0002997491711767705,-23.38210539137337,-0.005085880526373247,17.383277385346858,0.7392856657874424,1.5679310178076498,7.128009095006032e-05,-0.0002997491711767705,-23.38210539137337,-0.005085880526373247,17.383277385346858,0.7392856657874424,1.5679310178076498,7.128009095006032e-05
2.250999999999863,2,1,1,4,0.00012579275120291802,5.137913661922408,5.143470744776079,5.0,0.5581335791098337,-9.104241360990176e-06,0.435131650515016,0.000996345484270336,2.8586455164128163e-06,-0.0002228740960397951,0.5585709626006132,-9.278129557961225e-06,0.00043738352534538125,0.017370026941382795,0.00048595269824249003,0.00048595269824249003,1.0,-0.0019993318123995513,-0.002000029526521989,0.0,0.0,0.0,-0.0019993318123995513,0.0,0.0,0.0,-0.0035647225936043993,-0.0035711187349481387,0.0,0.0,0.0,0.055,0.3,0.2964352774063958,0.0,0.0,0.0,1.8401961579811658e-05,0,0,0,0,0,inf,inf,0,0,0.0,1.4194507560957121,-6.0787775097072655e-06,-0.004700106318951472,-7.772096667379218e-06,-1.652349243904288,-5.279315087260453e-06,1.6473460188167077,-0.7853138926141956,8.179217991637385e-06,0.0013319906633144389,3.1214550158450484e-06,0.0005836459430479171,-1.3252733021718961e-05,0.0027535053854362474,2.773042179811206e-06,-0.0003411354802084979,-23.37225593121175,-0.005114670073744356,17.405887577711702,0.7393055876200441,1.5952986700365657,8.247007690462686e-05,-0.0003411354802084979,-23.37225593121175,-0.005114670073744356,17.405887577711702,0.7393055876200441,1.5952986700365657,8.247007690462686e-05
2.260999999999862,2,1,1,4,0.00012398062117205313,5.138160977649486,5.14277091811858,5.0,0.5581443228451101,-9.074035122078909e-06,0.43512945029982814,0.0011414184741139301,3.154947255663232e-06,-0.00021740488740085075,0.5586463113875458,-9.278129557961225e-06,0.0005019885839253014,0.016191250195691297,0.0005613014851750542,0.0005613014851750542,1.0,-0.002204325981230817,-0.0022047029897254156,0.0,0.0,0.0,-0.002204325981230817,0.0,0.0,0.0,-0.0035858098607219674,-0.0035922114033300045,0.0,0.0,0.0,0.055,0.3,0.2964141901392783,0.0,0.0,0.0,1.8623319739595814e-05,0,0,0,0,0,inf,inf,0,0,0.0,1.4194590658662587,-5.990179837728052e-06,-0.00468470110327477,-7.737925766406159e-06,-1.6523409341337414,-5.42657380090322e-06,1.6473736940400558,-0.785313858952566,9.428439370011038e-06,0.001715717324510343,3.667199293505471e-06,0.0010381049893453522,-1.5967516415263838e-05,0.0027854165520688748,3.7804644941793264e-06,-0.00038772856751251,-23.361704793230615,-0.005144866332818975,17.429801776441,0.7393281723509667,1.6243652801704476,9.65224576293384e-05,-0.00038772856751251,-23.361704793230615,-0.005144866332818975,17.429801776441,0.7393281723509667,1.6243652801704476,9.65224576293384e-05
2.270999999999861,2,1,1,4,0.0001222754073475765,5.139164461301748,5.1421865137059015,5.0,0.55815670225082,-9.040693275213053e-06,0.43512732978630664,0.001326269258191665,3.495233897558048e-06,-0.00020602438447251713,0.5587285706043611,-9.278129557961225e-06,0.000571868402832113,0.014928829683507984,0.0006435607019903936,0.0006435607019903936,1.0,-0.0024426341625282478,-0.0024420293156490165,0.0,0.0,0.0,-0.0024426341625282478,0.0,0.0,0.0,-0.003609142353904988,-0.0036155407594209996,0.0,0.0,0.0,0.055,0.3,0.2963908576460953,0.0,0.0,0.0,1.7460326373868922e-05,0,0,0,0,0,inf,inf,0,0,0.0,1.419472150628466,-5.888139589956845e-06,-0.004665239711613338,-7.697686803749344e-06,-1.652327849371534,-5.603668686239112e-06,1.6474021124113678,-0.785313818922527,1.0906360001713128e-05,0.0021452566814052633,4.3540268249517136e-06,0.0015415771396784844,-1.9307285546654427e-05,0.0029094529541699938,4.085132187668192e-06,-0.0004479933976230786,-23.349895065945102,-0.005184535678293707,17.45386911270043,0.7393570676658673,1.6538481163819079,0.00012155101679980706,-0.0004479933976230786,-23.349895065945102,-0.005184535678293707,17.45386911270043,0.7393570676658673,1.6538481163819079,0.00012155101679980706
2.28099999999986,2,1,1,4,0.00012079286907021227,5.1420663645497715,5.141943500239941,5.0,0.5581712577928725,-9.003424187038993e-06,0.4351253806310332,0.00156926854540845,3.930133821720658e-06,-0.0001844527509391218,0.5588179259238374,-9.278129557961225e-06,0.0006466681893124997,0.013509614315501987,0.0007329160214666132,0.0007329160214666132,1.0,-0.0027257368984109015,-0.0027246347569456495,0.0,0.0,0.0,-0.0027257368984109015,0.0,0.0,0.0,-0.0036350795724760555,-0.0036414692890283564,0.0,0.0,0.0,0.055,0.3,0.29636492042752416,0.0,0.0,0.0,1.7280509154631414e-05,0,0,0,0,0,inf,inf,0,0,0.0,1.41949073409806,-5.768915322704987e-06,-0.004641079127248016,-7.649295791762366e-06,-1.65230926590194,-5.820067070089068e-06,1.6474324714434305,-0.7853137767135367,1.2816650715746944e-05,0.0026490776873089664,5.269424714795041e-06,0.0021311463799018925,-2.3702933190501325e-05,0.0031537758144180882,4.3970615882962e-06,-0.0005242215873216461,-23.336567673489842,-0.005235172279035309,17.477045465198625,0.7393970303544181,1.682609392978911,0.00015601194250722334,-0.0005242215873216461,-23.336567673489842,-0.005235172279035309,17.477045465198625,0.7393970303544181,1.682609392978911,0.00015601194250722334
2.2909999999998587,2,1,1,4,0.00011964478906475919,5.146403048744542,5.142213975929115,5.0,0.5581885165890781,-8.961324995498115e-06,0.43512369393435935,0.00186064242057752,4.451095762751531e-06,-0.00015465314670052744,0.5589145435688284,-9.278129557961225e-06,0.0007260270488697461,0.011870811354479491,0.0008295336664576686,0.0008295336664576686,1.0,-0.0030717480394131754,-0.0030700558884657943,0.0,0.0,0.0,-0.0030717480394131754,0.0,0.0,0.0,-0.003664182633043378,-0.0036705581441617975,0.0,0.0,0.0,0.055,0.3,0.2963358173669568,0.0,0.0,0.0,1.7262110469282622e-05,0,0,0,0,0,inf,inf,0,0,0.0,1.4195157242777323,-5.6283542950499894e-06,-0.004611456205784738,-7.590552541971332e-06,-1.6522842757222678,-6.085947652058074e-06,1.6474657249297453,-0.7853137283370714,1.5126842008111752e-05,0.0032302921593327883,6.399853417162175e-06,0.0028144304539279613,-2.9089364657360025e-05,0.003474488353916378,5.304007584667195e-06,-0.0006104475376358244,-23.322086660503235,-0.0052900442737684765,17.499663703774882,0.7394473063501832,1.7110218042789467,0.00019270716925572323,-0.0006104475376358244,-23.322086660503235,-0.0052900442737684765,17.499663703774882,0.7394473063501832,1.7110218042789467,0.00019270716925572323
2.3009999999998576,2,1,1,4,0.00011891860002213785,5.151921975513904,5.143104997167741,5.0,0.5582089189833487,-8.913589462661865e-06,0.43512234288035134,0.0021928370566544186,5.048098155410539e-06,-0.00011821922742355652,0.5590185698566589,-9.278129557961225e-06,0.0008096509553761088,0.009969257406125446,0.0009335599542880774,0.0009335599542880774,1.0,-0.0034932807128988962,-0.003490935908015124,0.0,0.0,0.0,-0.0034932807128988962,0.0,0.0,0.0,-0.003697151458158896,-0.003703506502307067,0.0,0.0,0.0,0.055,0.3,0.29630284854184125,0.0,0.0,0.0,1.7348654923266834e-05,0,0,0,0,0,inf,inf,0,0,0.0,1.4195480822139208,-5.4627224763401625e-06,-0.00457558938883336,-7.519448350447777e-06,-1.6522519177860793,-6.410557909453761e-06,1.647502452187398,-0.7853136669124031,1.778626025575213e-05,0.003890094930533744,7.716924689612655e-06,0.0035953713169428587,-3.533599917126826e-05,0.0038396917635380007,6.937604182057893e-06,-0.000704562911486864,-23.30674878928522,-0.005346267237795173,17.52199521512887,0.739506877859504,1.7393813183783269,0.000229259521651162,-0.000704562911486864,-23.30674878928522,-0.005346267237795173,17.52199521512887,0.739506877859504,1.7393813183783269,0.000229259521651162
2.3109999999998565,2,1,1,4,0.0001186832136112195,5.158430648657932,5.1446793586777755,5.0,0.558232840918413,-8.859516589989802e-06,0.4351213867286574,0.002560232264525746,5.710236782590635e-06,-7.639343544587166e-05,0.559130130798078,-9.278129557961225e-06,0.0008972899773129098,0.007776201167898336,0.001045120895707303,0.001045120895707303,1.0,-0.00400148375768174,-0.003998436964992549,0.0,0.0,0.0,-0.00400148375768174,0.0,0.0,0.0,-0.0037348035724002206,-0.0037411313460461006,0.0,0.0,0.0,0.055,0.3,0.2962651964275999,0.0,0.0,0.0,1.7498007118346745e-05,0,0,0,0,0,inf,inf,0,0,0.0,1.4195887952773487,-5.268866056660353e-06,-0.0045326913830927365,-7.434336287828034e-06,-1.6522112047226514,-6.801532911166288e-06,1.6475429681455627,-0.7853135852776223,2.0732222696282853e-05,0.0046286097755168796,9.179512086705185e-06,0.004475653504178142,-4.226237039438166e-05,0.0042269512649426595,9.264046047648406e-06,-0.0008056124518115049,-23.290784276645105,-0.005402098941844024,17.544223794926605,0.7395742231466513,1.7678812790943994,0.00026482110881768695,-0.0008056124518115049,-23.290784276645105,-0.005402098941844024,17.544223794926605,0.7395742231466513,1.7678812790943994,0.00026482110881768695
2.3209999999998554,2,1,1,4,0.00011899337733214856,5.165780234340546,5.146968499052736,5.0,0.5582606102622922,-8.798517682422042e-06,0.43512087384270526,0.002958618946637059,6.426085374713543e-06,-3.015135303017503e-05,0.5592493317518739,-9.278129557961225e-06,0.0009887216059073732,0.005274559475972668,0.0011643218495030487,0.0011643218495030487,1.0,-0.00460646522648102,-0.004602669143849707,0.0,0.0,0.0,-0.00460646522648102,0.0,0.0,0.0,-0.003778062023364137,-0.00378435524837552,0.0,0.0,0.0,0.055,0.3,0.296221937976636,0.0,0.0,0.0,1.7678471188718738e-05,0,0,0,0,0,inf,inf,0,0,0.0,1.4196388586326647,-5.044286284247164e-06,-0.0044819779507265485,-7.334010966835182e-06,-1.6521611413673354,-7.264589543772503e-06,1.647587402736155,-0.7853134770106469,2.3897911553118702e-05,0.0054452216162186335,1.0742023216280393e-05,0.005455403714504034,-4.9671484910394884e-05,0.004620651061258065,1.218593217592141e-05,-0.000913036264946077,-23.274375181577305,-0.00545619299028758,17.56646785003175,0.7396475953483539,1.796638792041067,0.00029913404592341454,-0.000913036264946077,-23.274375181577305,-0.00545619299028758,17.56646785003175,0.7396475953483539,1.796638792041067,0.00029913404592341454
2.3309999999998543,2,1,1,4,0.0001198929392414996,5.173853708069658,5.149981778107852,5.0,0.5582925187236446,-8.730118941531647e-06,0.4351208439953812,0.0033848178632914223,7.1841730224515325e-06,1.9735007235724247e-05,0.5593762571360908,-9.278129557961225e-06,0.0010837385510016437,0.0024667308931271776,0.0012912472337201452,0.0012912472337201452,1.0,-0.005317498131182492,-0.00531289988972568,0.0,0.0,0.0,-0.005317498131182492,0.0,0.0,0.0,-0.003827946238220459,-0.003834197137932491,0.0,0.0,0.0,0.055,0.3,0.29617205376177963,0.0,0.0,0.0,1.7865971113192572e-05,0,0,0,0,0,inf,inf,0,0,0.0,1.4196992625315805,-4.787148948127095e-06,-0.004422673934646336,-7.217720394615153e-06,-1.6521007374684196,-7.803490277048904e-06,1.6476357580369274,-0.7853133367972023,2.7217812471088204e-05,0.006338812131301077,1.2359966321068e-05,0.006533687173908696,-5.737166023279134e-05,0.005010078439941248,1.5585731675136322e-05,-0.0010264099767916162,-23.257668790150742,-0.00550734662957133,17.58879660335514,0.7397252296768143,1.8257139316014894,0.0003321788278054424,-0.0010264099767916162,-23.257668790150742,-0.00550734662957133,17.58879660335514,0.7397252296768143,1.8257139316014894,0.0003321788278054424
2.340999999999853,2,1,1,4,0.00012092521460280083,5.1824972852075115,5.1537131369148925,5.0,0.5583288307198476,-8.653830099714078e-06,0.43512133019650223,0.003836574427572755,8.102808292334075e-06,7.271443966127605e-05,0.5595109701966473,-9.278129557961225e-06,0.0011821396416490054,0.0008925091821122003,0.0014259602942765562,0.0014259602942765562,1.0,-0.006143092229330434,-0.006137504748520317,0.0,0.0,0.0,-0.006143092229330434,0.0,0.0,0.0,-0.0038855641878014348,-0.0038917642779205696,0.0,0.0,0.0,0.055,0.3,0.2961144358121987,0.0,0.0,0.0,1.737490683908485e-05,0,0,0,0,0,inf,inf,0,0,0.0,1.419770983689505,-4.496172148095129e-06,-0.004354017367843051,-7.0850298916602216e-06,-1.6520290163104951,-8.420070997543264e-06,1.6476879499952255,-0.7853131610111804,3.0710440626166876e-05,0.007307888423403228,1.4098889961387674e-05,0.00770882264744762,-6.508877185073614e-05,0.005388728037450763,1.8845768096307715e-05,-0.0011453569960572635,-23.240787358483246,-0.005554417873680602,17.611241946687674,0.7398054715753988,1.8551237445710054,0.00036403447012863053,-0.0011453569960572635,-23.240787358483246,-0.005554417873680602,17.611241946687674,0.7398054715753988,1.8551237445710054,0.00036403447012863053
2.350999999999852,2,1,1,4,0.00012082096713036863,5.1900605904833075,5.158019005002502,5.0,0.5583699207757322,-8.560614444634718e-06,0.4351224102702971,0.004342638882625701,1.0270343937007902e-05,0.0001401135296648556,0.5596535128339815,-9.278129557961225e-06,0.0012835922587911067,0.0043084726201996736,0.0015685029316107148,0.0015685029316107148,1.0,-0.007068491994343554,-0.007060499210647336,0.0,0.0,0.0,-0.007068491994343554,0.0,0.0,0.0,-0.003952010941395743,-0.003958140601310831,0.0,0.0,0.0,0.055,0.3,0.2960479890586044,0.0,0.0,0.0,1.450017018949162e-05,0,0,0,0,0,inf,inf,0,0,0.0,1.4198549544556256,-4.165324247686714e-06,-0.004275291294142517,-6.928710378510905e-06,-1.6519450455443745,-9.108087455609696e-06,1.6477443599711699,-0.7853129728762532,3.4996841145528204e-05,0.008344142767307501,1.6839460852905194e-05,0.008973282613080141,-7.186153919912381e-05,0.005873521026214931,1.9417950493879635e-05,-0.0013819965540091328,-23.222907377046486,-0.00570924965653512,17.632304488371684,0.7398527008031269,1.8831939702082456,0.0004531444805774016,-0.0013819965540091328,-23.222907377046486,-0.00570924965653512,17.632304488371684,0.7398527008031269,1.8831939702082456,0.0004531444805774016
2.360999999999851,2,1,1,4,0.00012134192832821602,5.199154290880706,5.162861854961354,5.0,0.5584164228042849,-8.447271008280911e-06,0.43512426960889417,0.004909510134922686,1.2173381166871687e-05,0.0002256673390073697,0.5598039054882061,-9.278129557961225e-06,0.001387482932690376,0.008289031055582485,0.0017188955858353332,0.0017188955858353332,1.0,-0.008091040944266794,-0.00808119224890948,0.0,0.0,0.0,-0.008091040944266794,0.0,0.0,0.0,-0.004028235264546813,-0.0040342745911034275,0.0,0.0,0.0,0.055,0.3,0.29597176473545334,0.0,0.0,0.0,1.3612819104800071e-05,0,0,0,0,0,inf,inf,0,0,0.0,1.4199520692029557,-3.7923599460305856e-06,-0.004185842171108405,-6.746245694956036e-06,-1.6518479307970444,-9.8654978474876e-06,1.6478063958589304,-0.785312761700125,3.9171030105853996e-05,0.009446801616139667,1.9379819906116716e-05,0.01032985767733614,-7.898638889496792e-05,0.006486891544527866,2.2762908287442505e-05,-0.001596643014214549,-23.203577802546338,-0.00583101229942404,17.650957099925556,0.7399031384187587,1.9087874113974015,0.0005125478275062457,-0.001596643014214549,-23.203577802546338,-0.00583101229942404,17.650957099925556,0.7399031384187587,1.9087874113974015,0.0005125478275062457
2.37099999999985,2,1,1,4,0.0001226891701493751,5.22828691859651,5.169075580123252,5.0,0.5584690263616934,-8.272230861551985e-06,0.4351271403788899,0.00558439957503908,2.4795925851868847e-05,0.00035344892461872747,0.5599621470830832,-9.278129557961225e-06,0.0014931210602211519,0.012837767103873689,0.0018771371807124746,0.0018771371807124746,1.0,-0.00900737792353526,-0.008981168663254456,0.0,0.0,0.0,-0.00900737792353526,0.0,0.0,0.0,-0.0041146255400132,-0.004120461061664094,0.0,0.0,0.0,0.055,0.3,0.29588537445998686,0.0,0.0,0.0,3.90611488889979e-06,0,0,0,0,0,inf,inf,0,0,0.0,1.4200634782705477,-3.363055793588451e-06,-0.004084888650619139,-6.520207864499474e-06,-1.6517365217294524,-1.060029273956907e-05,1.647875420123775,-0.7853124869155463,4.739260868352966e-05,0.010653722094645287,2.6912881550225487e-05,0.011854581785813587,-6.426618493338969e-05,0.0073302332225217166,3.259934246458524e-05,-0.002219004668680281,-23.182272603364225,-0.006349522899597918,17.66558142498658,0.7395584465414767,1.9301771049653564,0.0005645029937841903,-0.002219004668680281,-23.182272603364225,-0.006349522899597918,17.66558142498658,0.7395584465414767,1.9301771049653564,0.0005645029937841903
2.380999999999849,2,1,1,4,0.00012560269224739986,5.263589989575172,5.179254003330199,5.0,0.5585296628136153,-7.9617341560547e-06,0.43513186610535026,0.0064778078769008075,3.5231363976750366e-05,0.0005805566517931527,0.5601282150289743,-9.278129557961225e-06,0.0015985527573796146,0.018264171429462427,0.0020432051266034484,0.0020432051266034484,1.0,-0.009682202482555304,-0.009658424076485969,0.0,0.0,0.0,-0.009682202482555304,0.0,0.0,0.0,-0.004208475186743097,-0.004214062222270814,0.0,0.0,0.0,0.055,0.3,0.29579152481325693,0.0,0.0,0.0,2.7681017969556886e-06,0,0,0,0,0,inf,inf,0,0,0.0,1.42019212950082,-2.8262677705318453e-06,-0.003970755650271805,-6.192188763996443e-06,-1.6516078704991801,-1.1264161454397262e-05,1.647955663167047,-0.7853121091649088,5.8963878160920335e-05,0.012064041761121679,3.763744446874891e-05,0.013742556058195224,-7.207548722227227e-05,0.008623084434860328,4.232701998255759e-05,-0.0030177189005169427,-23.15620464821358,-0.007031820534447856,17.66928023178797,0.7393624563919703,1.9400347049149682,0.0007026689213461832,-0.0030177189005169427,-23.15620464821358,-0.007031820534447856,17.66928023178797,0.7393624563919703,1.9400347049149682,0.0007026689213461832
2.3909999999998477,2,1,1,4,0.00013072236994890376,5.294837670529182,5.192525220796966,5.0,0.5585998402416397,-7.570649403502683e-06,0.435139160244604,0.007468068862320479,4.2018875905917875e-05,0.0008557065048586587,0.5603020652847562,-9.278129557961225e-06,0.0017022258994920968,0.024775701949058752,0.0022170553823854335,0.0022170553823854335,1.0,-0.010292956970668508,-0.010271067048698748,0.0,0.0,0.0,-0.010292956970668508,0.0,0.0,0.0,-0.004308698363250803,-0.004314058609250459,0.0,0.0,0.0,0.055,0.3,0.2956913016367492,0.0,0.0,0.0,2.1588583517245533e-06,0,0,0,0,0,inf,inf,0,0,0.0,1.4203413786754433,-2.169835559290986e-06,-0.0038415035869061296,-5.757257808030728e-06,-1.6514586213245568,-1.2105604836813741e-05,1.648049342782011,-0.785311614523878,7.115782766485112e-05,0.013654862376189503,4.823309038905061e-05,0.015932949763451634,-9.503530343130668e-05,0.009967434208418946,5.598085035165406e-05,-0.0037046032578169695,-23.128945797340936,-0.0075862830900007994,17.667495070387304,0.7394038693666569,1.9442503765602202,0.0008287431427756258,-0.0037046032578169695,-23.128945797340936,-0.0075862830900007994,17.667495070387304,0.7394038693666569,1.9442503765602202,0.0008287431427756258
2.4009999999998466,2,1,1,4,0.0001383461683117362,5.323438219963625,5.208032046919555,5.0,0.5586801523958085,-7.118331932000188e-06,0.4351493307209089,0.008494973335946928,4.778481900901579e-05,0.001150743346393512,0.5604836324785359,-9.278129557961225e-06,0.001803481375983803,0.03239821727678192,0.002398622576165146,0.002398622576165146,1.0,-0.010864330736273818,-0.010843518839132937,0.0,0.0,0.0,-0.010864330736273818,0.0,0.0,0.0,-0.004414793887258755,-0.0044199418682761595,0.0,0.0,0.0,0.055,0.3,0.2955852061127413,0.0,0.0,0.0,1.7695500670474533e-06,0,0,0,0,0,inf,inf,0,0,0.0,1.4205139264451374,-1.3905774736816483e-06,-0.0036954671478203714,-5.218882353633652e-06,-1.6512860735548627,-1.3198919191041424e-05,1.6481558838037764,-0.785310961676723,8.34424642315343e-05,0.015401763702691378,5.8323741613427065e-05,0.018369827626417992,-0.00012107459832610456,0.011192093883710763,7.330271049366718e-05,-0.00435870499819214,-23.1024146843624,-0.008089995067295793,17.663311907351623,0.7394976302133773,1.9460902755341618,0.0009206589853453373,-0.00435870499819214,-23.1024146843624,-0.008089995067295793,17.663311907351623,0.7394976302133773,1.9460902755341618,0.0009206589853453373
2.4109999999998455,2,1,1,4,0.00014860442510691765,5.349983952567438,5.225162282008106,5.0,0.5587708090844411,-6.610650112573414e-06,0.4351624930883308,0.009533154603058381,5.316212879290065e-05,0.0014518362312160417,0.5606728300868294,-9.278129557961225e-06,0.001902022872883749,0.04108713042730486,0.0025878201844586417,0.0025878201844586417,1.0,-0.011417040122706341,-0.011396462103931313,0.0,0.0,0.0,-0.011417040122706341,0.0,0.0,0.0,-0.004526484863175465,-0.004531426689149571,0.0,0.0,0.0,0.055,0.3,0.2954735151368247,0.0,0.0,0.0,1.481858716476066e-06,0,0,0,0,0,inf,inf,0,0,0.0,1.4207119982377705,-4.900238826720791e-07,-0.0035311967365073797,-4.583778939958365e-06,-1.6510880017622296,-1.4549330999363446e-05,1.6482737378237953,-0.7853101243942205,9.538553925766348e-05,0.017285011591135557,6.761401028948166e-05,0.021011093062699555,-0.0001461914073409815,0.012243474532337345,9.239381801711671e-05,-0.005009544825568518,-23.077398209899137,-0.00857098911485744,17.657991885839326,0.7395864282558812,1.9468326103799307,0.0009864856814434252,-0.005009544825568518,-23.077398209899137,-0.00857098911485744,17.657991885839326,0.7395864282558812,1.9468326103799307,0.0009864856814434252
2.4209999999998444,2,1,1,4,0.00016153530584025935,5.374735427672227,5.243441379835068,5.0,0.5588718521803526,-6.051204085744604e-06,0.4351786617317649,0.010570951503209225,5.8156671485590727e-05,0.0017511594047849692,0.560869550671717,-9.278129557961225e-06,0.0019977010976237972,0.05077218453139892,0.0027845407693461812,0.0027845407693461812,1.0,-0.01196843838025854,-0.011947316840860528,0.0,0.0,0.0,-0.01196843838025854,0.0,0.0,0.0,-0.004643682667428212,-0.004648416325558885,0.0,0.0,0.0,0.055,0.3,0.2953563173325719,0.0,0.0,0.0,1.2524067716210687e-06,0,0,0,0,0,inf,inf,0,0,0.0,1.4209374420936258,5.2635180443476e-07,-0.003347425267641395,-3.861347299655345e-06,-1.6508625579063743,-1.6139088082304243e-05,1.648401100994429,-0.7853090938228974,0.00010662283244159163,0.019287368408087764,7.585765542314501e-05,0.023821970256646865,-0.00016905079559465633,0.013112489066340658,0.00011172991158025358,-0.00566190587806708,-23.054236922667382,-0.009032814006269888,17.65207884049449,0.739654651566569,1.9469811789351026,0.0010346406459634634,-0.00566190587806708,-23.054236922667382,-0.009032814006269888,17.65207884049449,0.739654651566569,1.9469811789351026,0.0010346406459634634
2.4309999999998433,2,1,1,4,0.00017711814236839787,5.397815083724046,5.262483457503988,5.0,0.5589832409608188,-5.444649129177762e-06,0.43519778927712527,0.01160215158978164,6.260937683539462e-05,0.002043586398042994,0.5610736661753228,-9.278129557961225e-06,0.002090428729473134,0.06137481263175113,0.0029886562729520955,0.0029886562729520955,1.0,-0.012532992717829768,-0.012510652104914921,0.0,0.0,0.0,-0.012532992717829768,0.0,0.0,0.0,-0.004766455946936576,-0.004770972197249689,0.0,0.0,0.0,0.055,0.3,0.2952335440530635,0.0,0.0,0.0,1.0683006949147236e-06,0,0,0,0,0,inf,inf,0,0,0.0,1.4211917848491165,1.6497992942782743e-06,-0.0031430488066757876,-3.0631604997138067e-06,-1.6506082151508836,-1.7942780368586718e-05,1.6485361811541555,-0.7853078734916129,0.00011685661432805364,0.021393188380565347,8.286179672985363e-05,0.026772245789439323,-0.00018920961926789507,0.013806186001118532,0.00013028829818401136,-0.0063100793937893316,-23.03309292858397,-0.009468710665399154,17.645832040509376,0.739700187701114,1.9467387571641686,0.0010702789807852807,-0.0063100793937893316,-23.03309292858397,-0.009468710665399154,17.645832040509376,0.739700187701114,1.9467387571641686,0.0010702789807852807
2.440999999999842,2,1,1,4,0.00019528975324131694,5.419286006970742,5.28196654005287,5.0,0.5591048863563927,-4.797356728683876e-06,0.4352197852403676,0.01262275892775647,6.635050469055953e-05,0.0023253490050954588,0.5612850282708133,-9.278129557961225e-06,0.0021801465190070942,0.0728148145012291,0.0032000183684425245,0.0032000183684425245,1.0,-0.013122726737898943,-0.01309859959932288,0.0,0.0,0.0,-0.013122726737898943,0.0,0.0,0.0,-0.004895004245059888,-0.004899287687808491,0.0,0.0,0.0,0.055,0.3,0.29510499575494015,0.0,0.0,0.0,9.297960296829596e-07,0,0,0,0,0,inf,inf,0,0,0.0,1.4214762700492671,2.868954004123362e-06,-0.0029171131087136156,-2.2024119774531707e-06,-1.650323729950733,-1.9932486094716126e-05,1.6486772905049072,-0.7853064751108204,0.00012585479608296708,0.023588015821176103,8.848962122190634e-05,0.029835002023180967,-0.00020652607794777216,0.01433681247244318,0.00014739513743288702,-0.006944802687937979,-23.014054939644524,-0.00986852372544935,17.639395743487658,0.7397250368060829,1.9461918609139714,0.0010962734952675085,-0.006944802687937979,-23.014054939644524,-0.00986852372544935,17.639395743487658,0.7397250368060829,1.9461918609139714,0.0010962734952675085
2.450999999999841,2,1,1,4,0.00021595365934559598,5.439185556335762,5.301618420742409,5.0,0.5592366651759785,-4.117211326156469e-06,0.43524452612134135,0.013629725602686736,6.924710121199181e-05,0.002593473278146945,0.5615034687689497,-9.278129557961225e-06,0.0022668094679933826,0.08501287036211844,0.0034184588665789545,0.0034184588665789545,1.0,-0.013747582592494634,-0.013721204630889734,0.0,0.0,0.0,-0.013747582592494634,0.0,0.0,0.0,-0.005029635632359519,-0.005033665766748358,0.0,0.0,0.0,0.055,0.3,0.29497036436764057,0.0,0.0,0.0,8.421336004371968e-07,0,0,0,0,0,inf,inf,0,0,0.0,1.421791886975686,4.170474631325576e-06,-0.0026688029318852093,-1.2933642635141704e-06,-1.650008113024314,-2.207953066502032e-05,1.64882287147045,-0.7853049158199664,0.00013344710461012584,0.025858382322732583,9.265804426495556e-05,0.0329859594467555,-0.0002209636984928429,0.014717667194596554,0.00016260019052766702,-0.007556353061896281,-22.99717963900715,-0.010221781526955354,17.63286586944887,0.7397321743403471,1.9453827725131716,0.0011143069896362473,-0.007556353061896281,-22.99717963900715,-0.010221781526955354,17.63286586944887,0.7397321743403471,1.9453827725131716,0.0011143069896362473
2.46099999999984,2,1,1,4,0.00023898617145026637,5.4575414542229765,5.321207653633744,5.0,0.5593784264642372,-3.4131702700070818e-06,0.43527186180931354,0.014620452722002521,7.121300978468574e-05,0.002845529093390666,0.561728800079084,-9.278129557961225e-06,0.0023503809323417064,0.09789143934046186,0.0036437901767132352,0.0036437901767132352,1.0,-0.014415691088746563,-0.014386693208669945,0.0,0.0,0.0,-0.014415691088746563,0.0,0.0,0.0,-0.005170747453228637,-0.005174499665713282,0.0,0.0,0.0,0.055,0.3,0.29482925254677145,0.0,0.0,0.0,8.088788209878798e-07,0,0,0,0,0,inf,inf,0,0,0.0,1.4221393947178718,5.539630422385876e-06,-0.0023974328810150466,-3.5083975729342376e-07,-1.6496606052821283,-2.435513582568826e-05,1.6489714976366638,-0.785303216390872,0.00013951926580834883,0.028191683752323636,9.533230824952023e-05,0.0362030826740413,-0.00023252879962479245,0.014961593404392537,0.0001756034006776755,-0.00813582167214987,-22.98250802733374,-0.01051895998048942,17.626316296230634,0.739724538364574,1.9443374155331647,0.0011255060649445483,-0.00813582167214987,-22.98250802733374,-0.01051895998048942,17.626316296230634,0.739724538364574,1.9443374155331647,0.0011255060649445483
2.470999999999839,2,1,1,4,0.0002642410033606704,5.474381260423668,5.340537427748063,5.0,0.559529994762369,-2.6948063042544644e-06,0.4353016203016024,0.01559259399752396,7.220592619738579e-05,0.0030795121870644386,0.5619608157233312,-9.278129557961225e-06,0.0024308298756594467,0.11137504292314995,0.003875805820960503,0.003875805820960503,1.0,-0.015133552681338426,-0.015101653816687703,0.0,0.0,0.0,-0.015133552681338426,0.0,0.0,0.0,-0.005318809279250786,-0.0053222557545300215,0.0,0.0,0.0,0.055,0.3,0.2946811907207493,0.0,0.0,0.0,8.263129845995898e-07,0,0,0,0,0,inf,inf,0,0,0.0,1.4225193430733676,6.9608248953516285e-06,-0.0021024392799432025,6.102265230991255e-07,-1.6492806569266325,-2.673073349104384e-05,1.649121866019307,-0.78530139996843,0.0001440063500529588,0.030576089529773493,9.651934603710823e-05,0.03946631398273511,-0.00024125346299218948,0.015080490528427453,0.00018621431065549607,-0.008675566616718608,-22.970071844685965,-0.010751927184522784,17.61980918311163,0.7397047561515298,1.9430758603283451,0.001130745597525171,-0.008675566616718608,-22.970071844685965,-0.010751927184522784,17.61980918311163,0.7397047561515298,1.9430758603283451,0.001130745597525171
2.480999999999838,2,1,1,4,0.0002915531541321228,5.48973949919869,5.359441358838761,5.0,0.5596911721512428,-1.971906319769975e-06,0.43533361161572204,0.01654397863883137,7.222033526972328e-05,0.0032937876755536116,0.5621992909025114,-9.278129557961225e-06,0.0025081293928670184,0.12539032916580847,0.004114281000140716,0.004114281000140716,1.0,-0.015906134675393722,-0.01587113719306725,0.0,0.0,0.0,-0.015906134675393722,0.0,0.0,0.0,-0.005474347207190274,-0.00547745778064132,0.0,0.0,0.0,0.055,0.3,0.2945256527928098,0.0,0.0,0.0,8.833335304498245e-07,0,0,0,0,0,inf,inf,0,0,0.0,1.4229320912125538,8.418051922091887e-06,-0.0017833728709209862,1.5751662291344993e-06,-1.6488679087874463,-2.9178206981447556e-05,1.6492727868704082,-0.7852994911141731,0.00014688599648271755,0.0330004646465846,9.626096478610762e-05,0.04275737991127817,-0.0002471937555303232,0.015085209415748195,0.00019432840496237092,-0.0091693032378953,-22.959895973947788,-0.010914026156966173,17.61339888183435,0.7396751332891613,1.9416159490507117,0.0011307798445045697,-0.0091693032378953,-22.959895973947788,-0.010914026156966173,17.61339888183435,0.7396751332891613,1.9416159490507117,0.0011307798445045697
2.4909999999998367,2,1,1,4,0.0003207424438894371,5.503663999613223,5.377780742619976,5.0,0.5598617398166641,-1.2541470387462959e-06,0.43536763133412903,0.017472580992757624,7.127958559418518e-05,0.0034870668935094076,0.5624439831123084,-9.278129557961225e-06,0.00258225576235106,0.13986607609758683,0.004358973209937572,0.004358973209937572,1.0,-0.01673689032154144,-0.016698678859543237,0.0,0.0,0.0,-0.01673689032154144,0.0,0.0,0.0,-0.005637928694315028,-0.00564067167690113,0.0,0.0,0.0,0.055,0.3,0.29436207130568504,0.0,0.0,0.0,9.666412111317126e-07,0,0,0,0,0,inf,inf,0,0,0.0,1.423377824698282,9.895285275566873e-06,-0.001439892265607267,2.5298904290242446e-06,-1.648422175301718,-3.16701449542078e-05,1.6494231732938187,-0.7852975150365041,0.0001481718996590634,0.03545429600288852,9.462737667987304e-05,0.04605964819278245,-0.0002504325992015994,0.014985580856312197,0.00019991163732503036,-0.009612035022063686,-22.95199915028611,-0.010999998887289118,17.60713320781414,0.7396377360106282,1.9399741775675785,0.0011262929019779195,-0.009612035022063686,-22.95199915028611,-0.010999998887289118,17.60713320781414,0.7396377360106282,1.9399741775675785,0.0011262929019779195
2.5009999999998356,2,1,1,4,0.0003516169418677209,5.5162218212255825,5.395443000073386,5.0,0.5600414594218802,-5.508485183318784e-07,0.4354034640420733,0.01837650763563332,6.942833438251534e-05,0.0036584057416176423,0.5626946328079567,-9.278129557961225e-06,0.0026531877396858018,0.15473319843711822,0.004609622905585996,0.004609622905585996,1.0,-0.017627707190079098,-0.017586251238611596,0.0,0.0,0.0,-0.017627707190079098,0.0,0.0,0.0,-0.005810147188404164,-0.0058124902004882675,0.0,0.0,0.0,0.055,0.3,0.2941898528115959,0.0,0.0,0.0,1.0652126220697473e-06,0,0,0,0,0,inf,inf,0,0,0.0,1.4238565712991704,1.1376805447871356e-05,-0.0010717581275190777,3.4611407611058585e-06,-1.6479434287008297,-3.418013038089904e-05,1.6495720313806352,-0.7852954969513246,0.00014790775327550213,0.037927619337231,9.171131506793716e-05,0.049358024292614454,-0.00025108346156762823,0.014790477748894885,0.00020298897543842228,-0.009999915916696047,-22.94639390872608,-0.011005842477072909,17.601053593848757,0.7395945032063668,1.9381654993166642,0.0011179144221918908,-0.009999915916696047,-22.94639390872608,-0.011005842477072909,17.601053593848757,0.7395945032063668,1.9381654993166642,0.0011179144221918908
2.5109999999998345,2,1,1,4,0.00038397645775509106,5.527504529016996,5.41234108999363,5.0,0.5602300743859121,1.292012773009066e-07,0.435440886838114,0.01925398964006897,6.672585387653646e-05,0.003807218526236134,0.562950964115637,-9.278129557961225e-06,0.0027209059923481668,0.16992478291599347,0.004865954213266288,0.004865954213266288,1.0,-0.018578795808371934,-0.0185341558671384,0.0,0.0,0.0,-0.018578795808371934,0.0,0.0,0.0,-0.005991605901943474,-0.005993516752926331,0.0,0.0,0.0,0.055,0.3,0.2940083940980565,0.0,0.0,0.0,1.1714900643545882e-06,0,0,0,0,0,inf,inf,0,0,0.0,1.424368215953494,1.2847468883272355e-05,-0.0006788280890894107,4.3566854256355975e-06,-1.647431784046506,-3.668306344543284e-05,1.6497184509515452,-0.7852934615444298,0.00014616174416773846,0.04041094536653873,8.762282520995291e-05,0.05263888067567463,-0.00024929335612345997,0.014507871009327373,0.0002036350904074712,-0.010330087193108515,-22.94308616550085,-0.010928640473917138,17.59519477847459,0.7395473607353866,1.9362027562562456,0.0011062215489471444,-0.010330087193108515,-22.94308616550085,-0.010928640473917138,17.59519477847459,0.7395473607353866,1.9362027562562456,0.0011062215489471444
2.5209999999998334,2,1,1,4,0.0004176162233923411,5.537632206895102,5.428413637487066,5.0,0.560427311086111,7.77860800616872e-07,0.43547967304682134,0.020103374594638734,6.324042103341395e-05,0.0039333027072783935,0.5632126855886258,-9.278129557961225e-06,0.0027853926549414438,0.18537616010863422,0.005127675686255094,0.005127675686255094,1.0,-0.019588534734871144,-0.01954087134576162,0.0,0.0,0.0,-0.019588534734871144,0.0,0.0,0.0,-0.006182900217305102,-0.006184347863473171,0.0,0.0,0.0,0.055,0.3,0.2938170997826948,0.0,0.0,0.0,1.2807678003909243e-06,0,0,0,0,0,inf,inf,0,0,0.0,1.4249125151752824,1.4292925360455821e-05,-0.00026105241137031824,5.205466854173241e-06,-1.6468874848247177,-3.91555069242698e-05,1.6498615967474728,-0.7852914325193903,0.00014302163187088573,0.04289518532378172,8.24847373338715e-05,0.055890012192645916,-0.00024524438200804465,0.014144864166374007,0.00020196634710695186,-0.010600512530161975,-22.942074627647802,-0.010766393052921848,17.589584348555796,0.7394983223068526,1.934096069412767,0.0010917362574180025,-0.010600512530161975,-22.942074627647802,-0.010766393052921848,17.589584348555796,0.7394983223068526,1.934096069412767,0.0010917362574180025
2.5309999999998323,2,1,1,4,0.000452330847859588,5.54675536411032,5.443625462920174,5.0,0.5606328799674831,1.3876996863412367e-06,0.435519596215974,0.020923115953145284,5.904491122630943e-05,0.004036869544429475,0.5634794910061314,-9.278129557961225e-06,0.002846631020218029,0.20102501146201687,0.005394481103760617,0.005394481103760617,1.0,-0.020653294361985732,-0.02060287870001633,0.0,0.0,0.0,-0.020653294361985732,0.0,0.0,0.0,-0.006384598404689079,-0.006385554007313985,0.0,0.0,0.0,0.055,0.3,0.29361540159531085,0.0,0.0,0.0,1.3902677884324513e-06,0,0,0,0,0,inf,inf,0,0,0.0,1.4254891111210644,1.5699789389617895e-05,0.00018152961508484763,5.997707679677641e-06,-1.6463108888789357,-4.157603623412342e-05,1.6500006998306624,-0.7852894322204325,0.00013859041067619784,0.04537157745722573,7.642877951139255e-05,0.059100609516070754,-0.00023915323254127089,0.013707703446948348,0.00019813367420175402,-0.010809827265037836,-22.94335015495069,-0.010517861964854118,17.584242329756812,0.7394495643620098,1.9318523729313104,0.0010749220490636506,-0.010809827265037836,-22.94335015495069,-0.010517861964854118,17.584242329756812,0.7394495643620098,1.9318523729313104,0.0010749220490636506
2.540999999999831,2,1,1,4,0.0004879185749166173,5.555053811563359,5.4579681179145005,5.0,0.5608464765264685,1.952026421899152e-06,0.43556043442439774,0.02171175888825372,5.42136650169274e-05,0.004118574481903133,0.5637510602126232,-9.278129557961225e-06,0.002904605395966844,0.2168115042061924,0.005666050310252522,0.005666050310252522,1.0,-0.021767267778278976,-0.021714491847209985,0.0,0.0,0.0,-0.021767267778278976,0.0,0.0,0.0,-0.006597220591316439,-0.006597658680346652,0.0,0.0,0.0,0.055,0.3,0.2934027794086834,0.0,0.0,0.0,1.498417525491207e-06,0,0,0,0,0,inf,inf,0,0,0.0,1.4260975454432645,1.7055771293434914e-05,0.0006487925525732244,6.724981004721161e-06,-1.6457024545567356,-4.392557098973871e-05,1.6501350489681126,-0.7852874813230457,0.000132982521887859,0.04783161737252768,6.959225310488936e-05,0.06226124037602444,-0.00023126816457763038,0.01320176735670479,0.0001923160501741939,-0.010957214323174598,-22.946895177112047,-0.010182442725349735,17.579180967530732,0.7394034632800496,1.929475207437772,0.001056181684376329,-0.010957214323174598,-22.946895177112047,-0.010182442725349735,17.579180967530732,0.7394034632800496,1.929475207437772,0.001056181684376329
2.55099999999983,2,1,1,4,0.0005241858050798734,5.56273172592875,5.4714599699460384,5.0,0.5610677821350599,2.4648917825411956e-06,0.43560197485834407,0.022467922952449173,4.882064224522359e-05,0.004179539942316316,0.5640270599953567,-9.278129557961225e-06,0.00295930115956337,0.2326784423290554,0.005942050092985986,0.005942050092985986,1.0,-0.022922341621596454,-0.02286772557962952,0.0,0.0,0.0,-0.022922341621596454,0.0,0.0,0.0,-0.0068212162307896155,-0.006821115956906934,0.0,0.0,0.0,0.055,0.3,0.2931787837692102,0.0,0.0,0.0,1.6043710332272211e-06,0,0,0,0,0,inf,inf,0,0,0.0,1.4267372729419128,1.8349773183169887e-05,0.0011405270416482139,7.380250051719354e-06,-1.6450627270580873,-4.618766034850759e-05,1.650263981840142,-0.7852855985873264,0.00012632056025426897,0.05026699625953983,6.211516944791091e-05,0.0653638262736878,-0.00022186303002297213,0.012631545170973727,0.00018471439714036364,-0.011042316710398382,-22.95268326255908,-0.00976007387653128,17.574404811035162,0.7393625847469447,1.9269648436368614,0.0010358566543601485,-0.011042316710398382,-22.95268326255908,-0.00976007387653128,17.574404811035162,0.7393625847469447,1.9269648436368614,0.0010358566543601485
2.560999999999829,2,1,1,4,0.0005609517684668488,5.570008529306071,5.484145355990582,5.0,0.5612964646794988,2.921080618729289e-06,0.43564401853702855,0.023190282803745535,4.293879616873204e-05,0.0042213626086986,0.5643071449976854,-9.278129557961225e-06,0.00301070503355033,0.24857141851894193,0.00622213509531467,0.00622213509531467,1.0,-0.024108041474521495,-0.024052235393516343,0.0,0.0,0.0,-0.024108041474521495,0.0,0.0,0.0,-0.007056940662849288,-0.007056287094369297,0.0,0.0,0.0,0.055,0.3,0.29294305933715054,0.0,0.0,0.0,1.7077050637144818e-06,0,0,0,0,0,inf,inf,0,0,0.0,1.4274076748960016,1.9571954377233413e-05,0.001656441474494235,7.957881185470863e-06,-1.6443923251039985,-4.8348691667541227e-05,1.6503868760348066,-0.7852838006709872,0.00011873240072733825,0.052669551816126786,5.413773375077528e-05,0.06840160127528593,-0.00021122822051481622,0.012000617856445107,0.00017554570430973414,-0.011065192869573042,-22.960678927413966,-0.009251189555089646,17.569911179874453,0.7393296188362692,1.9243187632480743,0.0010142286477897646,-0.011065192869573042,-22.960678927413966,-0.009251189555089646,17.569911179874453,0.7393296188362692,1.9243187632480743,0.0010142286477897646
2.570999999999828,2,1,1,4,0.0005980531576580675,5.57710588076715,5.4960923789207055,5.0,0.5615321790049169,3.3161033065803415e-06,0.435686384990513,0.023877549045509174,3.664048760973105e-05,0.004246097791622306,0.56459095866566,-9.278129557961225e-06,0.003058805588408164,0.26443895019657865,0.006505948763289292,0.006505948763289292,1.0,-0.025311583605376418,-0.025255361222970306,0.0,0.0,0.0,-0.025311583605376418,0.0,0.0,0.0,-0.007304631688206598,-0.007303417083291405,0.0,0.0,0.0,0.055,0.3,0.29269536831179316,0.0,0.0,0.0,1.808226442975408e-06,0,0,0,0,0,inf,inf,0,0,0.0,1.4281080718243566,2.071377001046572e-05,0.00219616327049903,8.453633154560951e-06,-1.6436919281756435,-5.039799268015664e-05,1.6505031399383756,-0.7852821020005329,0.00011034866214406891,0.05503123677577275,4.579806395448516e-05,0.07136904028432958,-0.00019965879540576116,0.011311657201544591,0.00016503724421188616,-0.011026315953489704,-22.970837755694372,-0.008656716331733408,17.56569104990192,0.7393072608993547,1.9215324756519074,0.0009915230443846954,-0.011026315953489704,-22.970837755694372,-0.008656716331733408,17.56569104990192,0.7393072608993547,1.9215324756519074,0.0009915230443846954
2.5809999999998268,2,1,1,4,0.0006353484652086563,5.584231895743196,5.507389067241457,5.0,0.5617745671808475,3.6461956682614823e-06,0.43572891662866586,0.024528451737405817,2.9998629190575268e-05,0.004256215455119624,0.564878134225318,-9.278129557961225e-06,0.0031035939550311084,0.28023258290561376,0.006793124322947208,0.006793124322947208,1.0,-0.026518056968958603,-0.02646229982358972,0.0,0.0,0.0,-0.026518056968958603,0.0,0.0,0.0,-0.007564387362088384,-0.007562612326424838,0.0,0.0,0.0,0.055,0.3,0.2924356126379114,0.0,0.0,0.0,1.9058481682550773e-06,0,0,0,0,0,inf,inf,0,0,0.0,1.4288377353157307,2.1767985746370774e-05,0.0027592399536486263,8.864624363654304e-06,-1.6429622646842694,-5.2327803034983144e-05,1.6506122037899895,-0.7852805147001226,0.00010130042589271996,0.0573441091309742,3.723005092788224e-05,0.07426174746760754,-0.0001874406087942031,0.010566458495563683,0.0001534208120715932,-0.010926611304495092,-22.98310687175145,-0.007978108504607102,17.561730339402185,0.7392980473280498,1.9186005980435767,0.0009679143137088758,-0.010926611304495092,-22.98310687175145,-0.007978108504607102,17.561730339402185,0.7392980473280498,1.9186005980435767,0.0009679143137088758
2.5909999999998257,2,1,1,4,0.0006727217329926252,5.591564472619158,5.518137855038613,5.0,0.5620232586289259,3.908332397574762e-06,0.43577148250348796,0.02514172920309334,2.30881344547638e-05,0.004254525906724132,0.5651682956879851,-9.278129557961225e-06,0.0031450647029329566,0.2959069466698257,0.0070832857856143495,0.0070832857856143495,1.0,-0.027710746600444865,-0.02765641828388979,0.0,0.0,0.0,-0.027710746600444865,0.0,0.0,0.0,-0.007836146382599447,-0.007833820813642369,0.0,0.0,0.0,0.055,0.3,0.29216385361740027,0.0,0.0,0.0,2.0005092292819083e-06,0,0,0,0,0,inf,inf,0,0,0.0,1.4295958985045054,2.272867075214033e-05,0.0033451402632317905,9.18927923460998e-06,-1.6422041014954947,-5.413310229891823e-05,1.6507135113044433,-0.7852790485778508,9.17171417051074e-05,0.05960034635895536,2.8561301776384545e-05,0.07707630129084429,-0.00017483580409618214,0.009766018399233082,0.0001409270107033573,-0.010767519267546558,-22.99742576516099,-0.007217408843066059,17.55801151773848,0.739304164957901,1.9155180832141694,0.0009435330637569488,-0.010767519267546558,-22.99742576516099,-0.007217408843066059,17.55801151773848,0.739304164957901,1.9155180832141694,0.0009435330637569488
2.6009999999998246,2,1,1,4,0.0007100854226263211,5.599236059997418,5.528448629550475,5.0,0.5622778701782033,4.1002543964234094e-06,0.4358139811709166,0.025716124290851846,1.5987187357670426e-05,0.004244077571148416,0.5654610588808348,-9.278129557961225e-06,0.0031832168160082605,0.3114197553407947,0.0073760489784640525,0.0073760489784640525,1.0,-0.028871593315080754,-0.02881970518742429,0.0,0.0,0.0,-0.028871593315080754,0.0,0.0,0.0,-0.008119672474063516,-0.008116816199073165,0.0,0.0,0.0,0.055,0.3,0.2918803275259362,0.0,0.0,0.0,2.092124118354126e-06,0,0,0,0,0,inf,inf,0,0,0.0,1.4303817647732784,2.3591170550399925e-05,0.003953255538825504,9.427254386103946e-06,-1.6414182352267217,-5.581129755499464e-05,1.6508065123484554,-0.7852777111683864,8.17246783306985e-05,0.06179228339990038,1.9911155458802816e-05,0.07981006011005944,-0.0001620694326123647,0.008910662886678435,0.00012777970519737818,-0.01055106467521475,-23.01372742325608,-0.006377315968599515,17.554515406649028,0.7393272606844112,1.9122814529249843,0.0009184743388498873,-0.01055106467521475,-23.01372742325608,-0.006377315968599515,17.554515406649028,0.7393272606844112,1.9122814529249843,0.0009184743388498873
2.6109999999998235,2,1,1,4,0.0007473821632533453,5.607322142058768,5.538430876207609,5.0,0.5625380061300637,4.22050566084743e-06,0.43585634240754295,0.026250389267306655,8.777879757104522e-06,0.004228033766719431,0.5657560324998788,-9.278129557961225e-06,0.0032180546810112675,0.3267317448395469,0.0076710225975080626,0.0076710225975080626,1.0,-0.02998176746615739,-0.029933338667549415,0.0,0.0,0.0,-0.02998176746615739,0.0,0.0,0.0,-0.008414544019797413,-0.008411187056815714,0.0,0.0,0.0,0.055,0.3,0.2915854559802023,0.0,0.0,0.0,2.1805542073495573e-06,0,0,0,0,0,inf,inf,0,0,0.0,1.4311945143457874,2.4352061115907094e-05,0.0045829016023065374,9.579345532765236e-06,-1.6406054856542127,-5.736179192974264e-05,1.6508906571578439,-0.7852765078291688,7.144350956312265e-05,0.0639124712774945,1.138881030135815e-05,0.08246093991516615,-0.00014931900946573595,0.008000221490733955,0.0001141908592911156,-0.010279911879132644,-23.031939686616916,-0.005461237081348841,17.551223012471656,0.7393682809516595,1.9088898944330142,0.0008928066211483184,-0.010279911879132644,-23.031939686616916,-0.005461237081348841,17.551223012471656,0.7393682809516595,1.9088898944330142,0.0008928066211483184
2.6209999999998224,2,1,1,2,0.000784321076138266,5.287429723470716,5.538656137863307,5.0,0.5628031638552294,4.274244978170721e-06,0.43589824896754004,0.02668140217017455,5.364164250783688e-06,0.004024518797483234,0.5660528191825043,-9.278129557961225e-06,0.0032496835865882833,0.3417645720031164,0.007967809280133572,0.007967809280133572,1.0,-0.027279859482106036,-0.02710272051483304,0.0,0.0,0.0,-0.027279859482106036,0.0,0.0,0.0,-0.008712321275781768,-0.008705928273731721,0.0,0.0,0.0,0.055,0.3,0.29128767872421796,0.0,0.0,0.0,7.358911870581045e-06,0,0,0,0,0,inf,inf,0,0,0.0,1.4320330456358457,2.50066073829876e-05,0.005233555338820081,9.642475154410211e-06,-1.6397669543641544,-5.8747149416864506e-05,1.6509651571064112,-0.7852754480547753,5.935670816864907e-05,0.06610956748372017,-1.3741051925758146e-07,0.08485251967677748,-0.00011140938718118954,0.006881161930290041,9.621399994476273e-05,-0.010021484803872136,-23.05374189088531,-0.004536513426751166,17.550678407212665,0.7392534200292291,1.9082834426559687,0.0008557986563538003,-0.010021484803872136,-23.05374189088531,-0.004536513426751166,17.550678407212665,0.7392534200292291,1.9082834426559687,0.0008557986563538003
2.6309999999998213,2,1,1,2,0.0008153095312106997,5.33085528048,5.507649354520537,5.0,0.5630714969626889,4.372848946437122e-06,0.43593382537738523,0.02698516167134515,1.2452705320013083e-05,0.0032028198891042403,0.5663510165966172,-9.278129557961225e-06,0.0032795480448585823,0.3556972318715777,0.008266006694246522,0.008266006694246522,1.0,-0.032669867708020724,-0.032493116024413154,0.0,0.0,0.0,-0.032669867708020724,0.0,0.0,0.0,-0.009015601529203979,-0.0090074222608567,0.0,0.0,0.0,0.055,0.3,0.2909843984707958,0.0,0.0,0.0,3.1403765084281844e-06,0,0,0,0,0,inf,inf,0,0,0.0,1.4328909622917358,2.551178020816546e-05,0.005909628668441978,9.53319256373304e-06,-1.6389090377082642,-5.926193677041992e-05,1.6510264969988186,-0.7852746796087477,4.403751572159548e-05,0.0688118067477847,-1.8392240254820283e-05,0.08657649378917986,-1.1235358534761049e-05,0.0056230896714643906,6.16505161524676e-05,-0.010286672387815882,-23.096372729908662,-0.004106090392115202,17.572266877808577,0.7380028044817253,1.9266073033661741,0.0008309645633065389,-0.010286672387815882,-23.096372729908662,-0.004106090392115202,17.572266877808577,0.7380028044817253,1.9266073033661741,0.0008309645633065389
2.64099999999982,2,1,1,2,0.0008393815490294323,5.374115086479717,5.486659757936544,5.0,0.5633436380603204,4.507806086620416e-06,0.43596212581513577,0.027410904011326807,1.3660495500922068e-05,0.0025448990581394782,0.5666502185434067,-9.278129557961225e-06,0.003306609221415316,0.3685814786724122,0.008565208641035906,0.008565208641035906,1.0,-0.03716614305350756,-0.0370038955852161,0.0,0.0,0.0,-0.03716614305350756,0.0,0.0,0.0,-0.009367682162885152,-0.009357808031437218,0.0,0.0,0.0,0.055,0.3,0.29063231783711474,0.0,0.0,0.0,1.974749092539364e-06,0,0,0,0,0,inf,inf,0,0,0.0,1.4337666975585401,2.588771056336129e-05,0.006611960530066374,9.28455070422659e-06,-1.63803330244146,-5.9053809769557796e-05,1.6510779837235317,-0.7852742169781739,3.2808800006717646e-05,0.07137535912756013,-2.9288457723680855e-05,0.0884031748932676,4.14264746685444e-05,0.004795113269843315,3.5181192611639855e-05,-0.010417331369768388,-23.13481119804188,-0.003518077863492442,17.584175966331973,0.7373324796522326,1.9345159835438697,0.0008688024295527021,-0.010417331369768388,-23.13481119804188,-0.003518077863492442,17.584175966331973,0.7373324796522326,1.9345159835438697,0.0008688024295527021
2.650999999999819,2,1,1,2,0.0008578479931206353,5.41384334621952,5.474086411326751,5.0,0.5636202653179031,4.6335618982149546e-06,0.435984556212548,0.027868643309864025,1.12899039998632e-05,0.002010888129591617,0.5669500160707073,-9.278129557961225e-06,0.003329779814185786,0.3806846236224219,0.008865006168336475,0.008865006168336475,1.0,-0.04094223533267719,-0.04079974878675893,0.0,0.0,0.0,-0.04094223533267719,0.0,0.0,0.0,-0.00976065421169191,-0.009749264271667687,0.0,0.0,0.0,0.055,0.3,0.290239345788308,0.0,0.0,0.0,2.499301913235379e-06,0,0,0,0,0,inf,inf,0,0,0.0,1.434661149587165,2.6166770597404755e-05,0.007339161258544455,8.954355151322526e-06,-1.637138850412835,-5.849400813540149e-05,1.6511219913739217,-0.78527396584845,2.420084863258125e-05,0.07379907326609449,-3.552978260616718e-05,0.09030679371589054,6.451269462368712e-05,0.004080878146340981,1.813728313553476e-05,-0.010402714332472496,-23.171892878931594,-0.0027615943091608567,17.590924785122038,0.7370362487608185,1.9369889683123693,0.0008964280494492729,-0.010402714332472496,-23.171892878931594,-0.0027615943091608567,17.590924785122038,0.7370362487608185,1.9369889683123693,0.0008964280494492729
2.660999999999818,2,1,1,2,0.0008717411255560184,5.448553260373114,5.46822228107548,5.0,0.5639014149602236,4.72373244057674e-06,0.436002195223374,0.028311592297515554,6.954878779858084e-06,0.001573057250049296,0.5672500099023707,-9.278129557961225e-06,0.0033486242158105323,0.39213449805477646,0.009165000000000017,0.009165000000000017,1.0,-0.04411292386862869,-0.043991822111279624,0.0,0.0,0.0,-0.04411292386862869,0.0,0.0,0.0,-0.010187968534305758,-0.010175269607211724,0.0,0.0,0.0,0.055,0.3,0.2898120314656942,0.0,0.0,0.0,2.978093907397905e-06,0,0,0,0,0,inf,inf,0,0,0.0,1.4355748988130361,2.636922683471467e-05,0.008089813717875404,8.578568307939245e-06,-1.636225101186964,-5.7806151977940224e-05,1.65115875154392,-0.7852738443476476,1.7188388831273113e-05,0.07607946499658741,-3.8934946782699485e-05,0.0922524606432749,7.04218985237973e-05,0.0033341636725307514,8.085574594577206e-06,-0.010273166776956787,-23.209024774701874,-0.0018675555119460592,17.595023712356213,0.7369697892576283,1.936752228305101,0.0009018063918830107,-0.010273166776956787,-23.209024774701874,-0.0018675555119460592,17.595023712356213,0.7369697892576283,1.936752228305101,0.0009018063918830107
2.670999999999817,2,1,1,2,0.0008818878772648689,5.477694825022992,5.467451459415425,5.0,0.5641868106310123,4.7649149503774795e-06,0.43601589158336457,0.028719612793023954,1.7208210737489652e-06,0.001211888600149492,0.5675500099023708,-9.278129557961225e-06,0.0033632285896093373,0.4029899125498793,0.009465000000000017,0.009465000000000017,1.0,-0.04679118576786035,-0.04669075070160643,0.0,0.0,0.0,-0.04679118576786035,0.0,0.0,0.0,-0.01064419905230427,-0.010630404721766094,0.0,0.0,0.0,0.055,0.3,0.28935580094769575,0.0,0.0,0.0,3.1718076217895074e-06,0,0,0,0,0,inf,inf,0,0,0.0,1.4365081749562243,2.6506961441250452e-05,0.008862472591394834,8.17844179069785e-06,-1.6352918250437758,-5.711365477010978e-05,1.6511876147455886,-0.7852737978943707,1.1075238031854047e-05,0.07821489720621357,-4.072009669489336e-05,0.09420620083964415,6.741548569640836e-05,0.0025072211359756947,2.2899841489817554e-06,-0.010062096906064227,-23.246588511192705,-0.0008703611646502885,17.598137334339008,0.7370348325255323,1.9356460208737782,0.0008892475380898363,-0.010062096906064227,-23.246588511192705,-0.0008703611646502885,17.598137334339008,0.7370348325255323,1.9356460208737782,0.0008892475380898363
2.6809999999998158,2,1,1,2,0.0008889616397990399,5.501532939327844,5.470356187209836,5.0,0.5644760632282831,4.75204595971901e-06,0.43602633008346703,0.02908658969280787,-3.7497243420572733e-06,0.0009130641896171101,0.5678500099023708,-9.278129557961225e-06,0.003373975845410289,0.4132817729414006,0.009765000000000017,0.009765000000000017,1.0,-0.04905118404962547,-0.04896892820806574,0.0,0.0,0.0,-0.04905118404962547,0.0,0.0,0.0,-0.011124861236472725,-0.01111016464676123,0.0,0.0,0.0,0.055,0.3,0.28887513876352733,0.0,0.0,0.0,3.2616341514293955e-06,0,0,0,0,0,inf,inf,0,0,0.0,1.4374608965764293,2.6586342715327016e-05,0.009655693267992928,7.76555712416423e-06,-1.6343391034235708,-5.6474794158039015e-05,1.651207756923094,-0.7852737960448475,5.414827987705021e-06,0.08020651613847453,-4.167201681074554e-05,0.09613931570073209,6.072768084496984e-05,0.0015995870455705603,-1.3288702379651744e-06,-0.009796102695425187,-23.28470103888596,0.00020217201602264865,17.60087389929016,0.7371670971584512,1.9342934844545157,0.0008654473842883745,-0.009796102695425187,-23.28470103888596,0.00020217201602264865,17.60087389929016,0.7371670971584512,1.9342934844545157,0.0008654473842883745
2.6909999999998147,2,1,1,2,0.000893514798686961,5.520565561484892,5.4757628257082125,5.0,0.5647687542258044,4.685037969262695e-06,0.43603407017823737,0.02941156518133637,-9.076377888449886e-06,0.0006653404803009948,0.5681500099023707,-9.278129557961225e-06,0.0033812845074556244,0.423030130249095,0.010065000000000017,0.010065000000000017,1.0,-0.050949817787073,-0.05088324112607488,0.0,0.0,0.0,-0.050949817787073,0.0,0.0,0.0,-0.011626092290985395,-0.011610661375433274,0.0,0.0,0.0,0.055,0.3,0.2883739077090146,0.0,0.0,0.0,3.290270773486686e-06,0,0,0,0,0,inf,inf,0,0,0.0,1.4384327242397639,2.6610275202931876e-05,0.010468050364129716,7.345346505077511e-06,-1.6333672757602362,-5.590777046809729e-05,1.6512184421058076,-0.7852738249303879,-6.613626012440383e-08,0.08205682474036073,-4.228135109479452e-05,0.09802838430475565,5.3485941964183405e-05,0.0006253786808188563,-4.111759931208682e-06,-0.009493326433912479,-23.32336213849938,0.0013305644830804188,17.603494918042163,0.7373264679187707,1.9329316407041586,0.0008353384513727805,-0.009493326433912479,-23.32336213849938,0.0013305644830804188,17.603494918042163,0.7373264679187707,1.9329316407041586,0.0008353384513727805
2.7009999999998136,2,1,1,2,0.0008960017842205839,5.535344342534776,5.482726082009156,5.0,0.5650644703629573,4.566546319301758e-06,0.4360395716848756,0.029696004387930373,-1.4058952385576305e-05,0.0004597042456347992,0.5684500099023708,-9.278129557961225e-06,0.003385567847198272,0.4322512692947343,0.010365000000000017,0.010365000000000017,1.0,-0.05253647249881798,-0.052483280367171835,0.0,0.0,0.0,-0.05253647249881798,0.0,0.0,0.0,-0.012144555791579774,-0.012128534505935715,0.0,0.0,0.0,0.055,0.3,0.28785544420842024,0.0,0.0,0.0,3.2822160934053497e-06,0,0,0,0,0,inf,inf,0,0,0.0,1.4394231128106594,2.657963930042517e-05,0.011298149903450846,6.91951903930822e-06,-1.6323768871893407,-5.540770954321792e-05,1.6512191058469936,-0.7852738809824847,-5.518701508635005e-06,0.08376945298659384,-4.283536446213464e-05,0.09985511187704099,4.741577110268158e-05,-0.00039674571023231507,-6.863501827572916e-06,-0.009165825233800107,-23.362505389056523,0.002501376534012598,17.606127874953312,0.7374891778022823,1.9316593353162321,0.0008022709900611551,-0.009165825233800107,-23.362505389056523,0.002501376534012598,17.606127874953312,0.7374891778022823,1.9316593353162321,0.0008022709900611551
2.7109999999998124,2,1,1,2,0.0008967970186836418,5.546409438038621,5.4905010500606215,5.0,0.5653628196897462,4.40057698274423e-06,0.43604321399316914,0.029942442735061917,-1.8607154122606906e-05,0.0002888424426836192,0.5687500099023708,-9.278129557961225e-06,0.003387217832309032,0.44096091793158926,0.010665000000000018,0.010665000000000018,1.0,-0.05385424714242764,-0.053812426709573924,0.0,0.0,0.0,-0.05385424714242764,0.0,0.0,0.0,-0.012677373806493515,-0.012660884683063247,0.0,0.0,0.0,0.055,0.3,0.28732262619350646,0.0,0.0,0.0,3.25093362790189e-06,0,0,0,0,0,inf,inf,0,0,0.0,1.4404313600762793,2.6494293005036938e-05,0.012144639348186962,6.487707779167866e-06,-1.6313686399237208,-5.495778561839744e-05,1.6512093725472796,-0.7852739665501741,-1.1010132205151614e-05,0.08534893062194338,-4.34849273806462e-05,0.10160581503579157,4.3340332505243217e-05,-0.0014481563993701445,-1.0023598329815976e-05,-0.008821595106876632,-23.40203946294747,0.0037052327696144123,17.608832754228732,0.7376421837053625,1.9305105670428917,0.0007684553869659824,-0.008821595106876632,-23.40203946294747,0.0037052327696144123,17.608832754228732,0.7376421837053625,1.9305105670428917,0.0007684553869659824
2.7209999999998113,2,1,1,2,0.0008962092652334544,5.554259510011052,5.498512676655489,5.0,0.565663438135707,4.19165871447534e-06,0.4360453109675721,0.030153805551863023,-2.2694314418125806e-05,0.00014677927758367207,0.5690500099023708,-9.278129557961225e-06,0.0033865985540008172,0.44917553026886126,0.010965000000000018,0.010965000000000018,1.0,-0.054940761760517244,-0.0549085897435824,0.0,0.0,0.0,-0.054940761760517244,0.0,0.0,0.0,-0.013222068689253906,-0.013205215734742485,0.0,0.0,0.0,0.055,0.3,0.2867779313107461,0.0,0.0,0.0,3.2039148457903214e-06,0,0,0,0,0,inf,inf,0,0,0.0,1.441456649329301,2.6353745987987972e-05,0.01300621536296716,6.048558135551753e-06,-1.630343350670699,-5.4536246819306585e-05,1.651189042981746,-0.7852740869710564,-1.6552340418099634e-05,0.08680046597157755,-4.429210745307738e-05,0.10327077191831151,4.152369802065699e-05,-0.0025121956917492335,-1.3791525543930513e-05,-0.008466020235344983,-23.44186812013136,0.004935403944482211,17.61163604614136,0.7377792579322487,1.9294910825881015,0.0007353241013436261,-0.008466020235344983,-23.44186812013136,0.004935403944482211,17.61163604614136,0.7377792579322487,1.9294910825881015,0.0007353241013436261
2.7309999999998102,2,1,1,2,0.0008944932896888516,5.559340607000729,5.506326601575685,5.0,0.5659659913936987,3.944379631794171e-06,0.4360461228088256,0.03033307834723441,-2.6328043667484328e-05,2.8613018239261113e-05,0.5693500099023707,-9.278129557961225e-06,0.003384044340989612,0.45691265193062347,0.011265000000000018,0.011265000000000018,1.0,-0.05582878571883252,-0.055804805674932116,0.0,0.0,0.0,-0.05582878571883252,0.0,0.0,0.0,-0.013776511839010274,-0.013759383320160995,0.0,0.0,0.0,0.055,0.3,0.28622348816098964,0.0,0.0,0.0,3.145557051019378e-06,0,0,0,0,0,inf,inf,0,0,0.0,1.4424980853544969,2.6157594569601267e-05,0.013881629508577955,5.600423258419481e-06,-1.6293019146455032,-5.412066440946857e-05,1.651158070357536,-0.7852742486799243,-2.2122404906888477e-05,0.08812975214869694,-4.526336050386601e-05,0.1048435674538438,4.190054129959604e-05,-0.0035748137247717834,-1.821436031126785e-05,-0.008102852407090147,-23.481899275295863,0.006186846769525424,17.614547743507053,0.7378983436203194,1.928595890832703,0.0007037886344882675,-0.008102852407090147,-23.481899275295863,0.006186846769525424,17.614547743507053,0.7378983436203194,1.928595890832703,0.0007037886344882675
2.740999999999809,2,1,1,2,0.0008918594260700899,5.562044749834175,5.513623090571131,5.0,0.5662701745900469,3.6631504268889207e-06,0.43604586565129505,0.030483155817032974,-2.9532339199482285e-05,-6.968438463548804e-05,0.5696500099023708,-9.278129557961225e-06,0.0033798600881041144,0.4641908777309562,0.011565000000000018,0.011565000000000018,1.0,-0.05654678398660262,-0.056529772642920854,0.0,0.0,0.0,-0.05654678398660262,0.0,0.0,0.0,-0.014338878245727526,-0.014321549176623014,0.0,0.0,0.0,0.055,0.3,0.28566112175427244,0.0,0.0,0.0,3.0786808002093955e-06,0,0,0,0,0,inf,inf,0,0,0.0,1.443554724132681,2.5905785973726834e-05,0.01476969217538875,5.141787816136307e-06,-1.6282452758673192,-5.369034803071003e-05,1.651116533794519,-0.785274458032439,-2.7677084736454496e-05,0.08934280560695862,-4.637227506010124e-05,0.10632049202828642,4.422604578752417e-05,-0.004624589654308243,-2.324647525731042e-05,-0.007734848221369319,-23.522048629450488,0.00745557795795984,17.617569629253822,0.7379998080576224,1.9278171272747051,0.000674412716263615,-0.007734848221369319,-23.522048629450488,0.00745557795795984,17.617569629253822,0.7379998080576224,1.9278171272747051,0.000674412716263615
2.750999999999808,2,1,1,2,0.0008884814570182245,5.562713162188057,5.520174600269045,5.0,0.5665757109836762,3.352102526814249e-06,0.43604471940137307,0.030606779347968557,-3.233719691554943e-05,-0.0001514254302243028,0.5699500099023708,-9.278129557961225e-06,0.0033743225565238738,0.47102965148915965,0.011865000000000018,0.011865000000000018,1.0,-0.05711941628383357,-0.057108348337345155,0.0,0.0,0.0,-0.05711941628383357,0.0,0.0,0.0,-0.014907606224470548,-0.014890140503619875,0.0,0.0,0.0,0.055,0.3,0.2850923937755294,0.0,0.0,0.0,3.0052968489632334e-06,0,0,0,0,0,inf,inf,0,0,0.0,1.4446255969338075,2.5598763003387083e-05,0.015669275072768284,4.671507352770198e-06,-1.6271744030661925,-5.3227579978864235e-05,1.651064613225389,-0.7852747206113109,-3.316289429193182e-05,0.09044583514848803,-4.757488258406527e-05,0.10770001478824144,4.817116244806849e-05,-0.005652492801434589,-2.878949625288802e-05,-0.007364170453623539,-23.562240710696507,0.008738278815178233,17.62069921644367,0.7380853166757141,1.9271472082521965,0.0006475268254149017,-0.007364170453623539,-23.562240710696507,0.008738278815178233,17.62069921644367,0.7380853166757141,1.9271472082521965,0.0006475268254149017
2.760999999999807,2,1,1,2,0.0008845031147821916,5.561641417747731,5.525826922812364,5.0,0.5668823502983334,3.015062092692698e-06,0.4360428341690625,0.03070651663095113,-3.4772988076169425e-05,-0.00021933481573818033,0.5702500099023707,-9.278129557961225e-06,0.003367682041289756,0.4774490242654866,0.01216500000000002,0.01216500000000002,1.0,-0.05756799812053269,-0.057562013690444794,0.0,0.0,0.0,-0.05756799812053269,0.0,0.0,0.0,-0.01548136192943969,-0.01546381413737649,0.0,0.0,0.0,0.055,0.3,0.2845186380705603,0.0,0.0,0.0,2.9269807576430666e-06,0,0,0,0,0,inf,inf,0,0,0.0,1.4457097295723773,2.5237526545705843e-05,0.01657931255664156,4.188924754308574e-06,-1.6260902704276228,-5.271811080255166e-05,1.6510025672498918,-0.7852750408529241,-3.852295866785276e-05,0.09144513715873359,-4.881975722870591e-05,0.10898233464347078,5.338122373062261e-05,-0.006651558462531149,-3.4718646104168196e-05,-0.006992632307416458,-23.602408759989302,0.010032053466553196,17.623931585950537,0.7381571267149732,1.9265798034459223,0.0006233036520105098,-0.006992632307416458,-23.602408759989302,0.010032053466553196,17.623931585950537,0.7381571267149732,1.9265798034459223,0.0006233036520105098
2.770999999999806,2,1,1,2,0.0008800434421976913,5.559085082219373,5.53048358873533,5.0,0.567189866967768,2.655562949105757e-06,0.436040335554012,0.030784760151235185,-3.6867759681988565e-05,-0.0002756540467271751,0.5705500099023708,-9.278129557961225e-06,0.00336016412604776,0.4834694209216272,0.01246500000000002,0.01246500000000002,1.0,-0.05791092374300731,-0.057909299999156984,0.0,0.0,0.0,-0.05791092374300731,0.0,0.0,0.0,-0.016059008270259276,-0.0160414251640508,0.0,0.0,0.0,0.055,0.3,0.28394099172974074,0.0,0.0,0.0,2.845049848478761e-06,0,0,0,0,0,inf,inf,0,0,0.0,1.446806157577688,2.4823642844697287e-05,0.017498802032162725,3.693906666736506e-06,-1.624993842422312,-5.2151209797949706e-05,1.650930714296517,-0.7852754218834709,-4.370156410441256e-05,0.09234701249972278,-5.0054508114856924e-05,0.11016900375652476,5.9510461265038776e-05,-0.007616559522070759,-4.0899823600028274e-05,-0.006621839694214622,-23.642494161841352,0.011334286799301442,17.627260249107756,0.7382176591968261,1.9261098829902843,0.0006018080831768326,-0.006621839694214622,-23.642494161841352,0.011334286799301442,17.627260249107756,0.7382176591968261,1.9261098829902843,0.0006018080831768326
2.7809999999998047,2,1,1,2,0.0008752012078119533,5.555265150212769,5.534093108610635,5.0,0.5674980584139628,2.276876279752068e-06,0.4360373289896752,0.030843733323863386,-3.864625209041756e-05,-0.00032222767988231154,0.5708500099023708,-9.278129557961225e-06,0.0033519714048303195,0.4891114331845398,0.01276500000000002,0.01276500000000002,1.0,-0.058164049205002455,-0.058166176411857805,0.0,0.0,0.0,-0.058164049205002455,0.0,0.0,0.0,-0.016639577839720733,-0.016621999588157663,0.0,0.0,0.0,0.055,0.3,0.2833604221602793,0.0,0.0,0.0,2.7606442784047392e-06,0,0,0,0,0,inf,inf,0,0,0.0,1.4479139379589765,2.435921472845652e-05,0.018426803624927112,3.186829366549085e-06,-1.6238860620410236,-5.1519461524735576e-05,1.6508494169211552,-0.7852758654894443,-4.8647073703984095e-05,0.09315770094565456,-5.122979958474325e-05,0.11126261513386307,6.62409864651582e-05,-0.008543707647932343,-4.720042929800018e-05,-0.00625326896957652,-23.682445744164266,0.012642565494628857,17.630677582981907,0.7382692520212388,1.925733437381482,0.0005830306781417532,-0.00625326896957652,-23.682445744164266,0.012642565494628857,17.630677582981907,0.7382692520212388,1.925733437381482,0.0005830306781417532
2.7909999999998036,2,1,1,2,0.0008700585357592485,5.5503729685107395,5.536638623340245,5.0,0.5678067434031143,1.8820444404835705e-06,0.43603390330974456,0.03088549912008446,-4.012986358479024e-05,-0.00036057459674396865,0.5711500099023707,-9.278129557961225e-06,0.003343285126119815,0.49439564313331075,0.01306500000000002,0.01306500000000002,1.0,-0.058341034667009774,-0.05834639631595737,0.0,0.0,0.0,-0.058341034667009774,0.0,0.0,0.0,-0.01722224944810956,-0.017204710650213118,0.0,0.0,0.0,0.055,0.3,0.28277775055189047,0.0,0.0,0.0,2.6747637712849027e-06,0,0,0,0,0,inf,inf,0,0,0.0,1.4490321581566468,2.384683034563193e-05,0.019362439276688632,2.668534198968749e-06,-1.6227678418433533,-5.081843023506509e-05,1.6507590688752833,-0.7852763721719218,-5.331369208077643e-05,0.09388332972902405,-5.2301693581210605e-05,0.1122665452722784,7.329197056498243e-05,-0.009430394802883015,-5.349599474875443e-05,-0.005888304992431853,-23.722219085193565,0.01395463781250233,17.634175092179245,0.738314028596311,1.9254471363216161,0.0005669104320386265,-0.005888304992431853,-23.722219085193565,0.01395463781250233,17.634175092179245,0.738314028596311,1.9254471363216161,0.0005669104320386265
2.8009999999998025,2,1,1,2,0.0008646838844965912,5.544574543800787,5.538129563552504,5.0,0.5681157604906517,1.4739122473236484e-06,0.4360301336717718,0.03091196901235898,-4.133708389209931e-05,-0.0003919469007479421,0.5714500099023708,-9.278129557961225e-06,0.0033342667478700985,0.49934247527368775,0.01336500000000002,0.01336500000000002,1.0,-0.058453646562608125,-0.05846180305914005,0.0,0.0,0.0,-0.058453646562608125,0.0,0.0,0.0,-0.01780632785864872,-0.017788858383522902,0.0,0.0,0.0,0.055,0.3,0.28219367214135127,0.0,0.0,0.0,2.588285273253052e-06,0,0,0,0,0,inf,inf,0,0,0.0,1.4501599426824243,2.3289498923578172e-05,0.02030489139100527,2.1402661673003264e-06,-1.6216400573175758,-5.0046268086922265e-05,1.6506600845339034,-0.7852769412507897,-5.7662424729958694e-05,0.09452987344119575,-5.323286462693862e-05,0.11318474330881675,8.042280860046669e-05,-0.010274975285794968,-5.967400910885803e-05,-0.005528255739512926,-23.761775876963362,0.01526839624448514,17.63774360672809,0.7383538384233466,1.9252480308565925,0.0005533505482173589,-0.005528255739512926,-23.761775876963362,0.01526839624448514,17.63774360672809,0.7383538384233466,1.9252480308565925,0.0005533505482173589
2.8109999999998014,2,1,1,2,0.0008591344867646946,5.538014237021617,5.5385949657213045,5.0,0.568424966553502,1.0551527457725725e-06,0.43602608394998543,0.03092491146288654,-4.228411049503868e-05,-0.00041737851461189985,0.5717500099023708,-9.278129557961225e-06,0.00332505940527074,0.5039720735562692,0.01366500000000002,0.01366500000000002,1.0,-0.05851202163286078,-0.05852259697268427,0.0,0.0,0.0,-0.05851202163286078,0.0,0.0,0.0,-0.018391226332772074,-0.018373852013222777,0.0,0.0,0.0,0.055,0.3,0.281608773667228,0.0,0.0,0.0,2.5019732965929807e-06,0,0,0,0,0,inf,inf,0,0,0.0,1.451296457870813,2.2690580178589837e-05,0.02125340112995627,1.6036047445928558e-06,-1.6205035421291871,-4.920331289117044e-05,1.6505528902982263,-0.7852775709963629,-6.166147815345417e-05,0.09510312311106153,-5.3993066634268175e-05,0.1140215590737523,8.743272598946848e-05,-0.011076584265708313,-6.563588409320356e-05,-0.005174353884477081,-23.801083355505206,0.016581872854417996,17.641373457689156,0.7383902411161796,1.925133328412234,0.0005422295994102604,-0.005174353884477081,-23.801083355505206,0.016581872854417996,17.641373457689156,0.7383902411161796,1.925133328412234,0.0005422295994102604
2.8209999999998003,2,1,1,2,0.0008534583448424329,5.53081789457549,5.538078143560438,5.0,0.5687342354038022,6.282866106239447e-07,0.43602180869061746,0.030925959788479285,-4.298548493587173e-05,-0.00043772519218585135,0.5720500099023708,-9.278129557961225e-06,0.0033157892970511484,0.5083041995593133,0.01396500000000002,0.01396500000000002,1.0,-0.05852489577141828,-0.05853756668260861,0.0,0.0,0.0,-0.05852489577141828,0.0,0.0,0.0,-0.01897645161950126,-0.018959194826383863,0.0,0.0,0.0,0.055,0.3,0.2810235483804988,0.0,0.0,0.0,2.4164880564314586e-06,0,0,0,0,0,inf,inf,0,0,0.0,1.4524409150940563,2.2053711959964813e-05,0.022207266443963262,1.060392877132933e-06,-1.6193590849059438,-4.8291701733188094e-05,1.650437917636912,-0.7852782587734778,-6.528627556557514e-05,0.09560866275082519,-5.455911176083862e-05,0.11478160350972365,9.415839915457372e-05,-0.01183498752638416,-7.129769138839999e-05,-0.004827751883456084,-23.84011379254024,0.017893240917758263,17.645054642373868,0.7384245154742816,1.9251002388164218,0.0005334096049618492,-0.004827751883456084,-23.84011379254024,0.017893240917758263,17.645054642373868,0.7384245154742816,1.9251002388164218,0.0005334096049618492
2.8309999999997992,2,1,1,2,0.000847695859678115,5.523095484889657,5.536632461741172,5.0,0.5690434564780704,1.9569549367552163e-07,0.43601735470749536,0.030916619464515238,-4.3454663844253156e-05,-0.00045369738069219123,0.5723500099023707,-9.278129557961225e-06,0.003306566996314031,0.5123581485332751,0.01426500000000002,0.01426500000000002,1.0,-0.058499801136798465,-0.0585142882352328,0.0,0.0,0.0,-0.058499801136798465,0.0,0.0,0.0,-0.019561591055776966,-0.019544471175181023,0.0,0.0,0.0,0.055,0.3,0.28043840894422306,0.0,0.0,0.0,2.332393325030968e-06,0,0,0,0,0,inf,inf,0,0,0.0,1.4535925727330978,2.1382739253348074e-05,0.02316583990170249,5.126680240298523e-07,-1.6182074272669023,-4.731501452094622e-05,1.6503155974826784,-0.7852790011882702,-6.851921254279669e-05,0.096051852019005,-5.491453941405407e-05,0.11546963593671282,0.00010047057576480082,-0.012550457232338158,-7.659009992942617e-05,-0.004489514570339762,-23.878844038997713,0.019200818959389843,17.648776979532574,0.7384576819628551,1.9251458784417617,0.0005267420057338817,-0.004489514570339762,-23.878844038997713,0.019200818959389843,17.648776979532574,0.7384576819628551,1.9251458784417617,0.0005267420057338817
2.840999999999798,2,1,1,2,0.0008418811593486055,5.514943311676125,5.534318002352278,5.0,0.5693525335968962,-2.403697882920802e-07,0.43601276238257625,0.03089827499036726,-4.3704486795784354e-05,-0.000465887142929064,0.5726500099023708,-9.278129557961225e-06,0.00329748869084765,0.5161526806069023,0.01456500000000002,0.01456500000000002,1.0,-0.05844323515929136,-0.05845929573881828,0.0,0.0,0.0,-0.05844323515929136,0.0,0.0,0.0,-0.0201463014803403,-0.02012933531160264,0.0,0.0,0.0,0.055,0.3,0.2798536985196598,0.0,0.0,0.0,2.2501644898532276e-06,0,0,0,0,0,inf,inf,0,0,0.0,1.4547507371469368,2.0681646631399766e-05,0.024128526375173633,-3.740237615052028e-08,-1.6170492628530633,-4.627795389290777e-05,1.6501863557498437,-0.7852797942313202,-7.134924134153706e-05,0.0964378139261654,-5.5049097102237256e-05,0.11609047354808236,0.00010627029821671033,-0.013223669136647275,-8.145780156374599e-05,-0.004160611610516715,-23.91725511085483,0.020503074912031297,17.65253025161503,0.7384905313828676,1.9252672178118548,0.0005220721738144174,-0.004160611610516715,-23.91725511085483,0.020503074912031297,17.65253025161503,0.7384905313828676,1.9252672178118548,0.0005220721738144174
2.850999999999797,2,1,1,2,0.0008360431811768867,5.506445870739359,5.531198951944352,5.0,0.5696613837914083,-6.777851244486076e-07,0.43600806672508086,0.030872196429831765,-4.37475309794473e-05,-0.0004747901585567714,0.5729500099023708,-9.278129557961225e-06,0.003288637356661353,0.5197059650004685,0.01486500000000002,0.01486500000000002,1.0,-0.058360804999748384,-0.058378227146410035,0.0,0.0,0.0,-0.058360804999748384,0.0,0.0,0.0,-0.020730299699808934,-0.02071350178894139,0.0,0.0,0.0,0.055,0.3,0.27926970030019116,0.0,0.0,0.0,2.170196768574389e-06,0,0,0,0,0,inf,inf,0,0,0.0,1.4559147628409823,1.995449549830565e-05,0.025094780625442934,-5.875796129818342e-07,-1.6158852371590178,-4.518606332529614e-05,1.6500506097801229,-0.7852806334131798,-7.377134741624479e-05,0.0967714267179412,-5.4958116150421114e-05,0.11664891930033841,0.00011148508818006756,-0.0138556173886124,-8.585862033747371e-05,-0.0038419111133410513,-23.955331809522967,0.0217986291447925,17.656304331286695,0.7385236553752905,1.9254610597872328,0.000519242873621111,-0.0038419111133410513,-23.955331809522967,0.0217986291447925,17.656304331286695,0.7385236553752905,1.9254610597872328,0.000519242873621111
2.860999999999796,2,1,1,2,0.0008302065524643789,5.497677409624167,5.5273415685816145,5.0,0.5699699361937498,-1.1145519243313855e-06,0.4360032982335983,0.03083954570985972,-4.359635811104984e-05,-0.0004808236610124304,0.5732500099023707,-9.278129557961225e-06,0.003280083867523218,0.5230355355242001,0.01516500000000002,0.01516500000000002,1.0,-0.05825735079443795,-0.05827594857257278,0.0,0.0,0.0,-0.05825735079443795,0.0,0.0,0.0,-0.021313354280031456,-0.021296737200372718,0.0,0.0,0.0,0.055,0.3,0.27868664571996865,0.0,0.0,0.0,2.0928133519772303e-06,0,0,0,0,0,inf,inf,0,0,0.0,1.4570840520003494,1.9205366942667613e-05,0.026064104826834765,-1.1356058632500684e-06,-1.6147159479996507,-4.4045482616808573e-05,1.6499087655585032,-0.7852815138898956,-7.578596379174743e-05,0.09705731922911998,-5.464183875354834e-05,0.1171497050133236,0.00011606529415946249,-0.014447543798912721,-8.976243792874408e-05,-0.0035341750330260655,-23.993062370972496,0.023086255767547664,17.66008929053745,0.7385574762441293,1.9257240382180107,0.0005180969503251467,-0.0035341750330260655,-23.993062370972496,0.023086255767547664,17.66008929053745,0.7385574762441293,1.9257240382180107,0.0005180969503251467
2.870999999999795,2,1,1,2,0.0008243923069413397,5.488703241028916,5.522812614592709,5.0,0.570278130989468,-1.5487978704547953e-06,0.43599848359776394,0.03080138272952574,-4.326366677476197e-05,-0.0004843410273647679,0.5735500099023708,-9.278129557961225e-06,0.003271888042593518,0.5261582559636037,0.015465000000000022,0.015465000000000022,1.0,-0.05813705071460433,-0.05815666022108244,0.0,0.0,0.0,-0.05813705071460433,0.0,0.0,0.0,-0.0218952784675107,-0.021878853057164343,0.0,0.0,0.0,0.055,0.3,0.2781047215324894,0.0,0.0,0.0,2.0182732620863017e-06,0,0,0,0,0,inf,inf,0,0,0.0,1.4582580535252814,1.8438310630501707e-05,0.02703604606098269,-1.6792495374458118e-06,-1.6135419464747187,-4.286273848224148e-05,1.649761215569051,-0.7852824305772068,-7.73983561720116e-05,0.09729986912496442,-5.4104734575520693e-05,0.11759744704161264,0.00011998070686998176,-0.015000879021340974,-9.3150025406795e-05,-0.0032380565785340614,-24.030438139483234,0.024364882016374056,17.66387549196729,0.7385922747374812,1.926052629625991,0.0005184794319445047,-0.0032380565785340614,-24.030438139483234,0.024364882016374056,17.66387549196729,0.7385922747374812,1.926052629625991,0.0005184794319445047
2.8809999999997937,2,1,1,2,0.000818618467459147,5.479580852855783,5.517678162350391,5.0,0.5705859184300723,-1.9787787506058062e-06,0.43599364626959525,0.030758671305856907,-4.276236644408758e-05,-0.0004856436194867087,0.5738500099023708,-9.278129557961225e-06,0.0032640996339042185,0.5290902941844621,0.015765000000000022,0.015765000000000022,1.0,-0.05800351052951701,-0.05802398665191153,0.0,0.0,0.0,-0.05800351052951701,0.0,0.0,0.0,-0.02247592407411568,-0.02245969963792364,0.0,0.0,0.0,0.055,0.3,0.2775240759258844,0.0,0.0,0.0,1.9467787576648112e-06,0,0,0,0,0,inf,inf,0,0,0.0,1.4594362616820242,1.765729989434065e-05,0.028010193806856723,-2.2163438584367623e-06,-1.6123637383179759,-4.164456728898075e-05,1.649608337183111,-0.785283378252844,-7.86180024593625e-05,0.09750320354142952,-5.335483247481063e-05,0.11799661232787136,0.000123217488006306,-0.01551719360312583,-9.601184277826077e-05,-0.0029540996124045506,-24.067453263194786,0.02563358575853265,17.667653662828698,0.7386282151395304,1.9264431726867606,0.0005202391739815574,-0.0029540996124045506,-24.067453263194786,0.02563358575853265,17.667653662828698,0.7386282151395304,1.9264431726867606,0.0005202391739815574
2.8909999999997926,2,1,1,2,0.0008129005199923591,5.470360850521945,5.512002698115391,5.0,0.5708932579041974,-2.402880677112117e-06,0.43598880692916603,0.030712284965346524,-4.210558978846319e-05,-0.0004849903738325795,0.5741500099023708,-9.278129557961225e-06,0.0032567592552494745,0.5318471039571788,0.016065000000000024,0.016065000000000024,1.0,-0.05785984002016204,-0.05788105376655901,0.0,0.0,0.0,-0.05785984002016204,0.0,0.0,0.0,-0.023055176183303567,-0.023039160665643068,0.0,0.0,0.0,0.055,0.3,0.27694482381669655,0.0,0.0,0.0,1.8784821836208995e-06,0,0,0,0,0,inf,inf,0,0,0.0,1.4606182144627042,1.686619297631918e-05,0.028986177448430746,-2.7448189219799907e-06,-1.6111817855372959,-4.039776672288163e-05,1.6494504914905956,-0.785284351646848,-7.945798364776113e-05,0.09767120171168168,-5.240308415308994e-05,0.11835149302021504,0.00012577542295308952,-0.01599815724987035,-9.834684812519714e-05,-0.002682739873803167,-24.104104409533022,0.02689159129521564,17.671414953068965,0.7386653674594967,1.9268918919559872,0.0005232301377120168,-0.002682739873803167,-24.104104409533022,0.02689159129521564,17.671414953068965,0.7386653674594967,1.9268918919559872,0.0005232301377120168
2.9009999999997915,2,1,1,2,0.0008072517994840702,5.46108776088065,5.505848463400904,5.0,0.5712001170658224,-2.8196221626426826e-06,0.435983983864805,0.030663012578798544,-4.13066587441604e-05,-0.00048260555167822295,0.5744500099023708,-9.278129557961225e-06,0.0032498992540333457,0.5344434136205711,0.016365000000000022,0.016365000000000022,1.0,-0.05770871826723384,-0.057730554560733616,0.0,0.0,0.0,-0.05770871826723384,0.0,0.0,0.0,-0.02363294855774453,-0.023617148691257906,0.0,0.0,0.0,0.055,0.3,0.2763670514422556,0.0,0.0,0.0,1.813492240329417e-06,0,0,0,0,0,inf,inf,0,0,0.0,1.4618034917313014,1.6068700241901243e-05,0.029963663817874756,-3.262727621075258e-06,-1.6099965082686987,-3.9129073183207755e-05,1.6492880224998319,-0.7852853455201678,-7.993439810855083e-05,0.09780749922752888,-5.126277037096766e-05,0.11866618814184121,0.00012766548819140132,-0.016445504962598514,-0.00010016134458960656,-0.002424307800367635,-24.140390499185592,0.02813826369663329,17.675150978987592,0.7387037267480375,1.9273949234873462,0.0005273123696161165,-0.002424307800367635,-24.140390499185592,0.02813826369663329,17.675150978987592,0.7387037267480375,1.9273949234873462,0.0005273123696161165
2.9109999999997904,2,1,1,2,0.0008016838043196353,5.451800721797488,5.499274985022375,5.0,0.5715064710179345,-3.2276556689361223e-06,0.43597919328429047,0.030611563831054026,-4.037901797777107e-05,-0.0004786849898907149,0.5747500099023708,-9.278129557961225e-06,0.003243544527686418,0.5368932207944566,0.016665000000000024,0.016665000000000024,1.0,-0.0575524495411399,-0.0575748053927884,0.0,0.0,0.0,-0.0575524495411399,0.0,0.0,0.0,-0.024209179646825327,-0.024193601081240294,0.0,0.0,0.0,0.055,0.3,0.2757908203531748,0.0,0.0,0.0,1.751879645543429e-06,0,0,0,0,0,inf,inf,0,0,0.0,1.4629917132191284,1.52683570818885e-05,0.030942354788927595,-3.7682658974828205e-06,-1.6088082867808717,-3.784506186185136e-05,1.6491212566434559,-0.7852863547320293,-8.006580759804538e-05,0.09791549363470543,-4.9948956032146607e-05,0.11894459105405344,0.00012890771377488503,-0.016861008949807767,-0.00010146788397271136,-0.0021790326836248785,-24.176312457662142,0.029373101940742007,17.678853854281364,0.7387432297134277,1.927948340834715,0.0005323527324594862,-0.0021790326836248785,-24.176312457662142,0.029373101940742007,17.678853854281364,0.7387432297134277,1.927948340834715,0.0005323527324594862
2.9209999999997893,2,1,1,2,0.0007962064531249749,5.442534077013222,5.492338754481639,5.0,0.5718123015499276,-3.6257683644009355e-06,0.4359744495704496,0.030558574514646906,-3.933614726452625e-05,-0.0004734011322623432,0.5750500099023708,-9.278129557961225e-06,0.0032377132863592893,0.539209792422378,0.01696500000000002,0.01696500000000002,1.0,-0.05739301125960797,-0.05741579424975386,0.0,0.0,0.0,-0.05739301125960797,0.0,0.0,0.0,-0.02478382910831558,-0.024768476522742822,0.0,0.0,0.0,0.055,0.3,0.27521617089168465,0.0,0.0,0.0,1.6936822272423312e-06,0,0,0,0,0,inf,inf,0,0,0.0,1.46418253642182,1.4468502152980224e-05,0.0319219849323325,-4.259787828922708e-06,-1.6076174635781801,-3.6552066687663914e-05,1.648950502537718,-0.7852873742967093,-7.987272053650445e-05,0.09799835110304861,-4.847799735402042e-05,0.119190381662928,0.00012952931655838394,-0.017246455411142357,-0.00010228423901956141,-0.0019470479026903367,-24.211872983688405,0.030595731114224353,17.682516210248657,0.7387837688695383,1.9285481804922386,0.0005382254288980584,-0.0019470479026903367,-24.211872983688405,0.030595731114224353,17.682516210248657,0.7387837688695383,1.9285481804922386,0.0005382254288980584
2.930999999999788,2,1,1,2,0.0007908282950472014,5.43331789229037,5.485093025006176,5.0,0.5721175964269172,-4.0128819354642015e-06,0.4359697654920598,0.030504611636241716,-3.8191462197989436e-05,-0.00046690707146334996,0.5753500099023707,-9.278129557961225e-06,0.003232417763706643,0.5414056694838677,0.017265000000000023,0.017265000000000023,1.0,-0.05723209524923947,-0.05725522226048511,0.0,0.0,0.0,-0.05723209524923947,0.0,0.0,0.0,-0.025356874771847386,-0.025341751973317728,0.0,0.0,0.0,0.055,0.3,0.2746431252281529,0.0,0.0,0.0,1.638909481440408e-06,0,0,0,0,0,inf,inf,0,0,0.0,1.46537565444032,1.3672260563759785e-05,0.03290231924282914,-4.735816079939864e-06,-1.60642434555968,-3.525611756932678e-05,1.6487760509507146,-0.7852883994304446,-7.937711599350736e-05,0.0980590139482882,-4.686710214216345e-05,0.1194070224932455,0.00012956307852022555,-0.017603625443223588,-0.00010263245166771392,-0.0017283969818919363,-24.2470763337882,0.03180589393140303,17.686131206833323,0.7388252044768436,1.9291904662016464,0.000544812349387126,-0.0017283969818919363,-24.2470763337882,0.03180589393140303,17.686131206833323,0.7388252044768436,1.9291904662016464,0.000544812349387126
2.940999999999787,2,1,1,2,0.0007855566825811502,5.4241784058716185,5.477587700762945,5.0,0.5724223487290397,-4.388051376185183e-06,0.43596515237887423,0.030450178325916642,-3.695821069380593e-05,-0.00045933979020730987,0.5756500099023708,-9.278129557961225e-06,0.0032276648776930804,0.5434926757689181,0.01756500000000002,0.01756500000000002,1.0,-0.05707114335029072,-0.05709453950593847,0.0,0.0,0.0,-0.05707114335029072,0.0,0.0,0.0,-0.025928309983114187,-0.02591341999360979,0.0,0.0,0.0,0.055,0.3,0.2740716900168861,0.0,0.0,0.0,1.5875466278752399e-06,0,0,0,0,0,inf,inf,0,0,0.0,1.4665707938003993,1.2882531587882869e-05,0.03388315094513524,-5.195048245527445e-06,-1.6052292061996007,-3.3962892625058203e-05,1.6485981749418621,-0.7852894255892625,-7.860201019756174e-05,0.09810020881278461,-4.513394261788835e-05,0.11959775789738171,0.00012904594503285793,-0.017934279441350745,-0.00010253796104256031,-0.0015230402499714338,-24.281928122451262,0.033003441792745516,17.68969253604473,0.7388673745331802,1.9298712317982998,0.0005520032728360418,-0.0015230402499714338,-24.281928122451262,0.033003441792745516,17.68969253604473,0.7388673745331802,1.9298712317982998,0.0005520032728360418
2.950999999999786,2,1,1,2,0.0007803979142963205,5.41513842386265,5.469869297771916,5.0,0.5727265562387212,-4.750462747899661e-06,0.43596062026790783,0.030395718541288676,-3.5649371013063584e-05,-0.000450822755929815,0.5759500099023708,-9.278129557961225e-06,0.003223456843431119,0.5454819301537696,0.017865000000000023,0.017865000000000023,1.0,-0.05691137823651182,-0.056934976006853905,0.0,0.0,0.0,-0.05691137823651182,0.0,0.0,0.0,-0.02649814127714346,-0.026483486410964468,0.0,0.0,0.0,0.055,0.3,0.2735018587228568,0.0,0.0,0.0,1.5395582169118785e-06,0,0,0,0,0,inf,inf,0,0,0.0,1.4677677122785995,1.2101980475162004e-05,0.034864299384573014,-5.636359604645208e-06,-1.6040322877214006,-3.2677683331237087e-05,1.6484171301406265,-0.7852904484985346,-7.757106614600773e-05,0.09812445533903932,-4.329631913308276e-05,0.11976561578688077,0.0001280178194272131,-0.018240144470380516,-0.00010202881244470618,-0.0013308618923923347,-24.316435137294885,0.03418832558956011,17.693194419119845,0.7389101030614936,1.9305865424164976,0.0005596959423797357,-0.0013308618923923347,-24.316435137294885,0.03418832558956011,17.693194419119845,0.7389101030614936,1.9305865424164976,0.0005596959423797357
2.960999999999785,2,1,1,2,0.0007753573534135241,5.406217669195135,5.461980960084784,5.0,0.573030220873829,-5.099429946567272e-06,0.43595617802673226,0.030341621560721937,-3.427755553578582e-05,-0.0004414679949878134,0.5762500099023707,-9.278129557961225e-06,0.0032197917401359873,0.5473838618631469,0.018165000000000025,0.018165000000000025,1.0,-0.05675383018011235,-0.0567775686259247,0.0,0.0,0.0,-0.05675383018011235,0.0,0.0,0.0,-0.027066386336915715,-0.02705196826988727,0.0,0.0,0.0,0.055,0.3,0.27293361366308455,0.0,0.0,0.0,1.494891328367027e-06,0,0,0,0,0,inf,inf,0,0,0.0,1.468966196756935,1.1333033930919043e-05,0.035845608006463095,-6.058802779598064e-06,-1.6028338032430651,-3.140537074825787e-05,1.6482331551373217,-0.785291464175064,-7.63082459414182e-05,0.09813407519288471,-4.137187232981633e-05,0.11991341137468224,0.00012652053210591825,-0.018522904159320456,-0.00010113494668855609,-0.001151677225834419,-24.35060516861316,0.03536058642249294,17.696631598623178,0.7389532069171708,1.9313325139747028,0.0005677960371145405,-0.001151677225834419,-24.35060516861316,0.03536058642249294,17.696631598623178,0.7389532069171708,1.9313325139747028,0.0005677960371145405
2.970999999999784,2,1,1,2,0.0007704395270450573,5.397433091238537,5.453962518054978,5.0,0.5733333481645772,-5.434390556642128e-06,0.43595183345840877,0.030288226262114464,-3.285492325862908e-05,-0.00043137774908935233,0.5765500099023708,-9.278129557961225e-06,0.0032166640343242714,0.5492082282474232,0.018465000000000023,0.018465000000000023,1.0,-0.056599360372458794,-0.056623184500721666,0.0,0.0,0.0,-0.056599360372458794,0.0,0.0,0.0,-0.027633072200229633,-0.02761889203197964,0.0,0.0,0.0,0.055,0.3,0.2723669277997706,0.0,0.0,0.0,1.4534783930471628e-06,0,0,0,0,0,inf,inf,0,0,0.0,1.4701660611240472,1.0577878841861192e-05,0.03682694242709157,-6.461604769729919e-06,-1.6016339388759528,-3.0150411188202835e-05,1.6480464719628805,-0.7852924689425003,-7.483750475695493e-05,0.09813120131345301,-3.9377840773343666e-05,0.12004375249988271,0.00012459696449852742,-0.01878419074111691,-9.988756776539062e-05,-0.0009852400385770856,-24.384446852694882,0.03652034638608794,17.699999326510692,0.7389965013203921,1.932105330912966,0.0005762170572358636,-0.0009852400385770856,-24.384446852694882,0.03652034638608794,17.699999326510692,0.7389965013203921,1.932105330912966,0.0005762170572358636
2.9809999999997827,2,1,1,2,0.0007656482099574194,5.388799141857886,5.445850578156077,5.0,0.5736359467720379,-5.754900883860946e-06,0.43594759339175715,0.030235825185891015,-3.139310296003552e-05,-0.0004206457975078557,0.5768500099023708,-9.278129557961225e-06,0.0032140650613989774,0.5509641346425427,0.018765000000000025,0.018765000000000025,1.0,-0.05644868131207893,-0.05647254152349723,0.0,0.0,0.0,-0.05644868131207893,0.0,0.0,0.0,-0.028198233683259327,-0.028184291993573467,0.0,0.0,0.0,0.055,0.3,0.2718017663167409,0.0,0.0,0.0,1.4152396817604455e-06,0,0,0,0,0,inf,inf,0,0,0.0,1.4713671442366079,9.838463840827778e-06,0.03780818859792542,-6.844161796175566e-06,-1.6004328557633922,-2.8916829875013278e-05,1.6478572866379553,-0.7852934594408455,-7.318252479069963e-05,0.09811778728475747,-3.733086074872784e-05,0.12015904617731636,0.00012229031012489115,-0.019025578914723465,-9.83185858093255e-05,-0.0008312498744490886,-24.41796952827084,0.037667799536872874,17.703293349033785,0.7390398042911264,1.9329012621962478,0.0005848801381421162,-0.0008312498744490886,-24.41796952827084,0.037667799536872874,17.703293349033785,0.7390398042911264,1.9329012621962478,0.0005848801381421162
2.9909999999997816,2,1,1,2,0.0007609864959697002,5.380328022672844,5.437678635928429,5.0,0.5739380280460907,-6.060630287873176e-06,0.4359434637599183,0.030184668382725297,-2.99031281433492e-05,-0.0004093585129118736,0.5771500099023708,-9.278129557961225e-06,0.003211983467792698,0.552660055922227,0.019065000000000023,0.019065000000000023,1.0,-0.056302374687786524,-0.056326226299519166,0.0,0.0,0.0,-0.056302374687786524,0.0,0.0,0.0,-0.02876191199389207,-0.02874820889397011,0.0,0.0,0.0,0.055,0.3,0.2712380880061082,0.0,0.0,0.0,1.3800854877549868e-06,0,0,0,0,0,inf,inf,0,0,0.0,1.4725693079515394,9.116503321441726e-06,0.038789251063788006,-7.2060323601660835e-06,-1.5992306920484607,-2.7708221314936304e-05,1.6476657897746865,-0.7852944326307888,-7.136648717269716e-05,0.09809561673929948,-3.524680472100871e-05,0.12026150607340355,0.0001196434568782812,-0.01924858125313548,-9.64601315829569e-05,-0.0006893591536474334,-24.451183105438314,0.03880320314637108,17.70650988922164,0.7390829401472602,1.9337166756165924,0.0005937138073443188,-0.0006893591536474334,-24.451183105438314,0.03880320314637108,17.70650988922164,0.7390829401472602,1.9337166756165924,0.0005937138073443188
3.0009999999997805,2,1,1,2,0.0007564568594787538,5.372029907442217,5.429477205346462,5.0,0.5742396056206773,-6.3513549267262215e-06,0.43593944966957127,0.03013496704816187,-2.8395384214859813e-05,-0.0003975957057473562,0.5774500099023708,-9.278129557961225e-06,0.0032104056157946322,0.5543038593884876,0.019365000000000025,0.019365000000000025,1.0,-0.056160907115543106,-0.056184709945530556,0.0,0.0,0.0,-0.056160907115543106,0.0,0.0,0.0,-0.029324153511822496,-0.029310688691110618,0.0,0.0,0.0,0.055,0.3,0.2706758464881777,0.0,0.0,0.0,1.3479180313057788e-06,0,0,0,0,0,inf,inf,0,0,0.0,1.4737724352369068,8.413483535694305e-06,0.03977005131488694,-7.546928881843595e-06,-1.5980275647630933,-2.652775524454102e-05,1.64747215721701,-0.7852953857935587,-6.94118795077564e-05,0.0980663127178341,-3.314065487635255e-05,0.12035316065953937,0.000116698476308239,-0.019454644920394414,-9.434413822568455e-05,-0.0005591800496997916,-24.48409794640427,0.039926869313976036,17.70964562755764,0.7391257422031153,1.9345480504376302,0.0006026536960774208,-0.0005591800496997916,-24.48409794640427,0.039926869313976036,17.70964562755764,0.7391257422031153,1.9345480504376302,0.0006026536960774208
3.0109999999997794,2,1,1,2,0.0007520612090819714,5.363913142827968,5.4212739592804455,5.0,0.5745406950442491,-6.626951046116988e-06,0.43593555546265217,0.030086896947689325,-2.6879567846500918e-05,-0.00038543130154966825,0.5777500099023708,-9.278129557961225e-06,0.003209315953175728,0.5559028286822973,0.019665000000000026,0.019665000000000026,1.0,-0.05602464403000405,-0.056048362031909764,0.0,0.0,0.0,-0.05602464403000405,0.0,0.0,0.0,-0.029885008715639125,-0.029871781484792182,0.0,0.0,0.0,0.055,0.3,0.27011499128436117,0.0,0.0,0.0,1.3186331150616923e-06,0,0,0,0,0,inf,inf,0,0,0.0,1.4749764283670872,7.730670431738956e-06,0.04075052623189543,-7.866708250702822e-06,-1.5968235716329129,-2.5378187157476552e-05,1.6472765507075593,-0.7852963165269411,-6.734033655376534e-05,0.0980313469214841,-3.102640816985966e-05,0.12043586183629165,0.00011349620717925533,-0.01964514949390959,-9.200198566281111e-05,-0.00044029105571591635,-24.516724757383166,0.041039157000755964,17.7126976813646,0.7391680547907464,1.9353919884382214,0.0006116422165479533,-0.00044029105571591635,-24.516724757383166,0.041039157000755964,17.7126976813646,0.7391680547907464,1.9353919884382214,0.0006116422165479533
3.0209999999997783,2,1,1,2,0.0007478009348900463,5.355984430232181,5.413093876840756,5.0,0.5748413134433294,-6.887387922158128e-06,0.4359317847720613,0.03004060163694214,-2.5364658094668878e-05,-0.00037293388692622787,0.5780500099023708,-9.278129557961225e-06,0.0032086973496903456,0.557463688431026,0.019965000000000024,0.019965000000000024,1.0,-0.055893861983545026,-0.05591746292325675,0.0,0.0,0.0,-0.055893861983545026,0.0,0.0,0.0,-0.030444531239876383,-0.030431540570304828,0.0,0.0,0.0,0.055,0.3,0.26955546876012393,0.0,0.0,0.0,1.2921215550040662e-06,0,0,0,0,0,inf,inf,0,0,0.0,1.4761812072059581,7.069118914818243e-06,0.04173062662271,-8.165361583382258e-06,-1.595618792794042,-2.4261872530913982e-05,1.6470791185710951,-0.785297222738064,-6.517251142863866e-05,0.09799204880299504,-2.8917009378737002e-05,0.12051129385713222,0.00011007592190616509,-0.019821405716924066,-8.946420289038603e-05,-0.0003322431916080096,-24.549074490992282,0.042140464526337074,17.715663583323096,0.7392097347087592,1.9362452234147558,0.0006206282134441341,-0.0003322431916080096,-24.549074490992282,0.042140464526337074,17.715663583323096,0.7392097347087592,1.9362452234147558,0.0006206282134441341
3.030999999999777,2,1,1,2,0.0007436769507588583,5.348248990974829,5.404959394290559,5.0,0.5751414792171835,-7.132720579946967e-06,0.4359281405724912,0.02999619548262054,-2.3858898575593935e-05,-0.00036016715289285446,0.5783500099023707,-9.278129557961225e-06,0.0032085314024593407,0.5589926293794188,0.020265000000000026,0.020265000000000026,1.0,-0.05576875956541231,-0.055792214731933076,0.0,0.0,0.0,-0.05576875956541231,0.0,0.0,0.0,-0.031002777047307008,-0.030990021607683327,0.0,0.0,0.0,0.055,0.3,0.26899722295269324,0.0,0.0,0.0,1.2682704046287631e-06,0,0,0,0,0,inf,inf,0,0,0.0,1.477386707580297,6.429683240595391e-06,0.04271031584902735,-8.443003450171852e-06,-1.594413292419703,-2.3180783980055725e-05,1.6468799964060086,-0.7852981026335005,-6.292797469645613e-05,0.09794961445323316,-2.682430878449631e-05,0.12058098241037164,0.0001064750656430722,-0.019984655030282322,-8.676022328318952e-05,-0.00023456581718220073,-24.581158258492444,0.043231222558132304,17.718541259471447,0.7392506521904175,1.9371046292072498,0.0006295665984396203,-0.00023456581718220073,-24.581158258492444,0.043231222558132304,17.718541259471447,0.7392506521904175,1.9371046292072498,0.0006295665984396203
3.040999999999776,2,1,1,2,0.0007396897324319076,5.340710716702416,5.396890556936693,5.0,0.575441211761625,-7.363082389727786e-06,0.43592462522728403,0.029953766490402794,-2.236978980838886e-05,-0.0003471902584943712,0.5786500099023708,-9.278129557961225e-06,0.0032087987122067143,0.5604953337816506,0.020565000000000024,0.020565000000000024,1.0,-0.055649467120726374,-0.05567275106541304,0.0,0.0,0.0,-0.055649467120726374,0.0,0.0,0.0,-0.03155980370368903,-0.031547281893723376,0.0,0.0,0.0,0.055,0.3,0.2684401962963113,0.0,0.0,0.0,1.2469640111924248e-06,0,0,0,0,0,inf,inf,0,0,0.0,1.4785928797443209,5.813028276652826e-06,0.04368956854048965,-8.699860798704757e-06,-1.5932071202556792,-2.213653066549126e-05,1.6466793077768362,-0.7852989547071948,-6.0625138691448296e-05,0.09790511524717942,-2.475904127100754e-05,0.12064630374327803,0.0001027290588436849,-0.02013606975365115,-8.391818807580804e-05,-0.00014677202982408318,-24.61298725123954,0.044311887608103485,17.7213290069721,0.7392906914698198,1.9379672263158603,0.0006384179742314794,-0.00014677202982408318,-24.61298725123954,0.044311887608103485,17.7213290069721,0.7392906914698198,1.9379672263158603,0.0006384179742314794
3.050999999999775,2,1,1,2,0.000735839352355965,5.333372306634759,5.388905169990802,5.0,0.5757405312200766,-7.5786776373491665e-06,0.4359212405320058,0.02991337894666731,-2.0904090721891674e-05,-0.0003340581329522397,0.5789500099023708,-9.278129557961225e-06,0.0032094791322327437,0.5619770008586513,0.020865000000000026,0.020865000000000026,1.0,-0.055536055420703105,-0.05555914572021267,0.0,0.0,0.0,-0.055536055420703105,0.0,0.0,0.0,-0.03211566974381955,-0.0321033797255617,0.0,0.0,0.0,0.055,0.3,0.26788433025618075,0.0,0.0,0.0,1.228084907676098e-06,0,0,0,0,0,inf,inf,0,0,0.0,1.4797996869352459,5.219641394090174e-06,0.04466836939383076,-8.936261772195272e-06,-1.5920003130647542,-2.1130379364776513e-05,1.6464771649019196,-0.7852997777266639,-5.828120448761114e-05,0.09785950622081459,-2.273082381433692e-05,0.12070849373375846,9.887115504237305e-05,-0.020276753804317902,-8.096479328535649e-05,-6.836363133458702e-05,-24.644572670724106,0.04538293604683298,17.724025471876917,0.7393297510159462,1.9388301871807339,0.0006471482539089635,-6.836363133458702e-05,-24.644572670724106,0.04538293604683298,17.724025471876917,0.7393297510159462,1.9388301871807339,0.0006471482539089635
3.060999999999774,2,1,1,2,0.0007321255117644634,5.326235393010229,5.381018946861521,5.0,0.5760394582600548,-7.779774155783962e-06,0.4359179877552697,0.029875075881205065,-1.9467828259679177e-05,-0.0003208217307743784,0.5792500099023707,-9.278129557961225e-06,0.0032105519919550865,0.5634423721503328,0.021165000000000028,0.021165000000000028,1.0,-0.0554285434130437,-0.055451420452075885,0.0,0.0,0.0,-0.0554285434130437,0.0,0.0,0.0,-0.032670434119134235,-0.03265837384601668,0.0,0.0,0.0,0.055,0.3,0.2673295658808661,0.0,0.0,0.0,1.2115145776294526e-06,0,0,0,0,0,inf,inf,0,0,0.0,1.4810071040189132,4.649844776653641e-06,0.045646712054204085,-9.152624590484135e-06,-1.5907928959810869,-2.0163276697532372e-05,1.6462736693313755,-0.7853005707178872,-5.591212900327429e-05,0.09781363415650868,-2.074816855012549e-05,0.12076865683306355,9.493234643081428e-05,-0.020407743857304598,-7.79251754720041e-05,1.1643384287238312e-06,-24.675925666600808,0.04644485863155566,17.726629627079316,0.7393677434933904,1.9396908401982687,0.0006557282808194449,1.1643384287238312e-06,-24.675925666600808,0.04644485863155566,17.726629627079316,0.7393677434933904,1.9396908401982687,0.0006557282808194449
3.070999999999773,2,1,1,2,0.0007285475704971447,5.319300655895019,5.373245653714499,5.0,0.5763380138733339,-7.966696091987346e-06,0.43591486767721954,0.029838881358356467,-1.806631400121609e-05,-0.0003075282511793816,0.5795500099023708,-9.278129557961225e-06,0.0032119962967610055,0.5648957566151714,0.021465000000000026,0.021465000000000026,1.0,-0.05532690516140662,-0.0553495519321687,0.0,0.0,0.0,-0.05532690516140662,0.0,0.0,0.0,-0.03322415571826737,-0.03321232296207009,0.0,0.0,0.0,0.055,0.3,0.2667758442817329,0.0,0.0,0.0,1.1971341076067855e-06,0,0,0,0,0,inf,inf,0,0,0.0,1.48221511622384,4.103807959363294e-06,0.0466245980756798,-9.349446635217085e-06,-1.5895848837761601,-1.9235872063375303e-05,1.6460689126114327,-0.7853013329492471,-5.353260983696966e-05,0.09776824535995181,-1.8818508825116855e-05,0.1208277748182557,9.094131055676773e-05,-0.020530010863986738,-7.482283192763963e-05,6.231949636603124e-05,-24.707057282127437,0.047498155538156284,17.72914075060057,0.7394045955006149,1.9405466725468403,0.0006641334534725418,6.231949636603124e-05,-24.707057282127437,0.047498155538156284,17.72914075060057,0.7394045955006149,1.9405466725468403,0.0006641334534725418
3.0809999999997717,2,1,1,2,0.000725104574898743,5.3125679283606795,5.365597249438827,5.0,0.5766362191981158,-8.13981687344841e-06,0.43591188062597075,0.029804802604153812,-1.6704166731445397e-05,-0.0002942213306926911,0.5798500099023708,-9.278129557961225e-06,0.0032137909058480296,0.5663410553508283,0.021765000000000027,0.021765000000000027,1.0,-0.055231076067324074,-0.05525347798329174,0.0,0.0,0.0,-0.055231076067324074,0.0,0.0,0.0,-0.033776892952989336,-0.033765285328879735,0.0,0.0,0.0,0.055,0.3,0.2662231070470109,0.0,0.0,0.0,1.1848247469706403e-06,0,0,0,0,0,inf,inf,0,0,0.0,1.4834237179615166,3.581560431974355e-06,0.04760203595775574,-9.52729385577524e-06,-1.5883762820384835,-1.8348540915030223e-05,1.645862976931945,-0.7853020639148391,-5.1156085554577775e-05,0.09772399311636334,-1.6948235862167963e-05,0.12088671530607568,8.692439214082468e-05,-0.0206444618580428,-7.167957113686315e-05,0.00011560843557099378,-24.737978406460908,0.04854333188812028,17.73155840433259,0.7394402471319591,1.9413953319012827,0.0006723433578755897,0.00011560843557099378,-24.737978406460908,0.04854333188812028,17.73155840433259,0.7394402471319591,1.9413953319012827,0.0006723433578755897
3.0909999999997706,2,1,1,2,0.0007217952840772581,5.306036292894584,5.358084020399572,5.0,0.5769340953616003,-8.299552428044959e-06,0.435909026512247,0.029772831977107707,-1.538533993294995e-05,-0.00028094121576520116,0.5801500099023708,-9.278129557961225e-06,0.0032159146896570167,0.5677817858284065,0.022065000000000026,0.022065000000000026,1.0,-0.055140958454291275,-0.055163103176235594,0.0,0.0,0.0,-0.055140958454291275,0.0,0.0,0.0,-0.034328703402794356,-0.03431731839257354,0.0,0.0,0.0,0.055,0.3,0.2656712965972059,0.0,0.0,0.0,1.1744683939685707e-06,0,0,0,0,0,inf,inf,0,0,0.0,1.4846329117303543,3.0830041646502543e-06,0.04857904025462655,-9.686790590124193e-06,-1.5871670882696458,-1.7501408045540167e-05,1.6456559357545557,-0.7853027633174374,-4.879474928744146e-05,0.09768144481778245,-1.5142743896773327e-05,0.12094623999071673,8.290561462460159e-05,-0.020751941987663766,-6.851548957613273e-05,0.00016153345062506884,-24.76869973327833,0.049580893746844566,17.733882413329674,0.7394746513993602,1.942234627113239,0.0006803414111032264,0.00016153345062506884,-24.76869973327833,0.049580893746844566,17.733882413329674,0.7394746513993602,1.942234627113239,0.0006803414111032264
3.1009999999997695,2,1,1,2,0.0007186181947157746,5.299704169805477,5.350714709548628,5.0,0.5772316633414429,-8.446354702036863e-06,0.435906304862374,0.02974294879026324,-1.4113153233463807e-05,-0.00026772492065607324,0.5804500099023708,-9.278129557961225e-06,0.0032183466684131217,0.5692211055499838,0.022365000000000027,0.022365000000000027,1.0,-0.05505642658229399,-0.055078303855049256,0.0,0.0,0.0,-0.05505642658229399,0.0,0.0,0.0,-0.034879643512144114,-0.03486847848581385,0.0,0.0,0.0,0.055,0.3,0.26512035648785615,0.0,0.0,0.0,1.165948024985568e-06,0,0,0,0,0,inf,inf,0,0,0.0,1.48584270710035,2.6079259338282407e-06,0.04955563075389352,-9.828609874548534e-06,-1.5859572928996502,-1.6694370619261538e-05,1.6454478544195419,-0.7853034310513536,-4.645957364752232e-05,0.09764108875674453,-1.3406481863731611e-05,0.12100701257716406,7.890671662265827e-05,-0.020853236721693917,-6.534897119900189e-05,0.00020058965582581844,-24.799231725221276,0.05061134457584555,17.736112845721145,0.7395077735487493,1.9430625279336622,0.0006881145179005886,0.00020058965582581844,-24.799231725221276,0.05061134457584555,17.736112845721145,0.7395077735487493,1.9430625279336622,0.0006881145179005886
3.1109999999997684,2,1,1,2,0.0007155715645968111,5.293569398286625,5.34349663961891,5.0,0.5775289438446528,-8.580705509191848e-06,0.43590371484976137,0.029715120992085373,-1.2890326912334148e-05,-0.0002546063745388134,0.5807500099023708,-9.278129557961225e-06,0.003221066133220991,0.5706618350555779,0.02266500000000003,0.02266500000000003,1.0,-0.05497733115193896,-0.05499893265067955,0.0,0.0,0.0,-0.05497733115193896,0.0,0.0,0.0,-0.03542976833500433,-0.035418820570754815,0.0,0.0,0.0,0.055,0.3,0.26457023166499594,0.0,0.0,0.0,1.1591480736005439e-06,0,0,0,0,0,inf,inf,0,0,0.0,1.4870531197753178,2.1560093453653153e-06,0.05053183172136712,-9.953464298215708e-06,-1.5847468802246822,-1.5927120721765194e-05,1.645238790729854,-0.7853040671854009,-4.416034511739057e-05,0.09760334058465488,-1.1743009927566003e-05,0.12106960638944637,7.494720895848478e-05,-0.020949074184949682,-6.219670623103524e-05,0.0002332624739606255,-24.829584583682152,0.05163518211212209,17.73824999330119,0.7395395902971467,1.943877163858281,0.0006956527417039343,0.0002332624739606255,-24.829584583682152,0.05163518211212209,17.73824999330119,0.7395395902971467,1.943877163858281,0.0006956527417039343
3.1209999999997673,2,1,1,2,0.0007126534349509986,5.287629310723911,5.336435830248166,5.0,0.5778259572025538,-8.703110739011868e-06,0.4359012553249607,0.02968930671361447,-1.1719018647453018e-05,-0.00024161656077089806,0.5810500099023708,-9.278129557961225e-06,0.0032240527510950666,0.5721064802182194,0.022965000000000027,0.022965000000000027,1.0,-0.05490350334932726,-0.05492482253432027,0.0,0.0,0.0,-0.05490350334932726,0.0,0.0,0.0,-0.0359791313218574,-0.03596839802456504,0.0,0.0,0.0,0.055,0.3,0.2640208686781429,0.0,0.0,0.0,1.153954778681421e-06,0,0,0,0,0,inf,inf,0,0,0.0,1.488264170729342,1.7268464696274962e-06,0.05150767120861245,-1.0062097442588903e-05,-1.583535829270658,-1.519916724431909e-05,1.6450287955112717,-0.785304671946137,-4.19057062270477e-05,0.09756854943573037,-1.0155059356618396e-05,0.12113451163958354,7.104444844006872e-05,-0.021040127584550813,-5.9073726179003596e-05,0.00026002547723517373,-24.859768223483037,0.052652895652378656,17.740294352836088,0.7395700890167798,1.944676822171257,0.0007029489919218746,0.00026002547723517373,-24.859768223483037,0.052652895652378656,17.740294352836088,0.7395700890167798,1.944676822171257,0.0007029489919218746
3.130999999999766,2,1,1,2,0.0007098616517124115,5.281880800775916,5.329537108973895,5.0,0.5781227232805194,-8.81409493933446e-06,0.43589892484436454,0.029665455689182187,-1.0600861765908523e-05,-0.00022878365046629227,0.5813500099023707,-9.278129557961225e-06,0.003227286655211896,0.5735572537790364,0.02326500000000003,0.02326500000000003,1.0,-0.05483475847609593,-0.05485579045520193,0.0,0.0,0.0,-0.05483475847609593,0.0,0.0,0.0,-0.03652778414484784,-0.03651726246316394,0.0,0.0,0.0,0.055,0.3,0.2634722158551524,0.0,0.0,0.0,1.1502564999356638e-06,0,0,0,0,0,inf,inf,0,0,0.0,1.4894758854140107,1.3199490192255904e-06,0.05248318041990794,-1.0155275931788093e-05,-1.5823241145859894,-1.4509856954680885e-05,1.6448179131479506,-0.785305245701533,-3.970320398165777e-05,0.09753700371955379,-8.644594434511423e-06,0.12120214234839324,6.721372495981586e-05,-0.021127017694797384,-5.599345223094508e-05,0.00028133855444229325,-24.889792252017894,0.053664963712282444,17.742246608117387,0.7395992668842125,1.945459945264325,0.0007099987277642297,0.00028133855444229325,-24.889792252017894,0.053664963712282444,17.742246608117387,0.7395992668842125,1.945459945264325,0.0007099987277642297
3.140999999999765,2,1,1,2,0.0007071938857430562,5.276320385692806,5.322804216115394,5.0,0.578419261401254,-8.914196289195863e-06,0.4358967216975953,0.029643510557801886,-9.537004347025922e-06,-0.00021613313188465592,0.5816500099023708,-9.278129557961225e-06,0.0032307485216147673,0.5750160960857006,0.023565000000000027,0.023565000000000027,1.0,-0.05477089920376638,-0.054791640602063596,0.0,0.0,0.0,-0.05477089920376638,0.0,0.0,0.0,-0.03707577655713182,-0.037065463599235765,0.0,0.0,0.0,0.055,0.3,0.2629242234428684,0.0,0.0,0.0,1.1479440123697257e-06,0,0,0,0,0,inf,inf,0,0,0.0,1.4906882930329202,9.34759014634309e-07,0.05345839313532927,-1.0233782107946647e-05,-1.58111170696708,-1.3858394637905225e-05,1.6446061820929287,-0.7853057889451888,-3.75593431541599e-05,0.09750893658711603,-7.212875285371925e-06,0.12127284291378902,6.346835889516455e-05,-0.0212103153730548,-5.296775449669505e-05,0.00029764638424640253,-24.919665952457386,0.054671852037285806,17.744107612781416,0.7396271300135768,1.9462251273072846,0.0007167996793076357,0.00029764638424640253,-24.919665952457386,0.054671852037285806,17.744107612781416,0.7396271300135768,1.9462251273072846,0.0007167996793076357
3.150999999999764,2,1,1,2,0.0007046476520748126,5.270944263297713,5.316239903616887,5.0,0.5787155902804613,-9.003961962062445e-06,0.4358946439336213,0.029623408052140175,-8.52814860340692e-06,-0.00020368793666717197,0.5819500099023708,-9.278129557961225e-06,0.003234419633529506,0.5764846950061481,0.02386500000000003,0.02386500000000003,1.0,-0.05471171848657955,-0.054732167322624335,0.0,0.0,0.0,-0.05471171848657955,0.0,0.0,0.0,-0.03762315628286523,-0.037613049130950774,0.0,0.0,0.0,0.055,0.3,0.26237684371713504,0.0,0.0,0.0,1.1469107768249664e-06,0,0,0,0,0,inf,inf,0,0,0.0,1.491901425879922,5.706588959896764e-07,0.05443334518672707,-1.0298407335308843e-05,-1.5798985741200782,-1.324386221900833e-05,1.6443936353534137,-0.7853063022811878,-3.547964320146416e-05,0.09748453107674669,-5.860520656613418e-06,0.1213468943259075,5.981980616116753e-05,-0.02129054408342166,-5.000701980725679e-05,0.0003093771889734854,-24.94939827063958,0.05567401193601044,17.745878373904816,0.739653692587458,1.9469711103411356,0.0007233515863194154,0.0003093771889734854,-24.94939827063958,0.05567401193601044,17.745878373904816,0.739653692587458,1.9469711103411356,0.0007233515863194154
3.160999999999763,2,1,1,2,0.0007022203282020236,5.265748364015366,5.309846027969958,5.0,0.5790117279738195,-9.08394388441515e-06,0.4358926893856267,0.029605080081762023,-7.574590049513283e-06,-0.00019146856357997523,0.5822500099023707,-9.278129557961225e-06,0.00323828193437348,0.5779645049994458,0.02416500000000003,0.02416500000000003,1.0,-0.05465700216336297,-0.05467715773167403,0.0,0.0,0.0,-0.05465700216336297,0.0,0.0,0.0,-0.03816996893458607,-0.03816006465814477,0.0,0.0,0.0,0.055,0.3,0.2618300310654142,0.0,0.0,0.0,1.1470531939259221e-06,0,0,0,0,0,inf,inf,0,0,0.0,1.4931153187375845,2.269810510064137e-07,0.05540807398343889,-1.0349945928118219e-05,-1.5786846812624156,-1.2665236804037655e-05,1.6441803009508813,-0.7853067864096691,-3.3468697701230264e-05,0.0974639249475929,-4.587569858365694e-06,0.1214245200314447,5.627776858703764e-05,-0.021368182408653093,-4.7120226033333655e-05,0.00031694174562244475,-24.97899780529283,0.05667187890995934,17.747560036381824,0.7396789759967283,1.9476967798659899,0.0007296559543624863,0.00031694174562244475,-24.97899780529283,0.05667187890995934,17.747560036381824,0.7396789759967283,1.9476967798659899,0.0007296559543624863
3.170999999999762,2,1,1,2,0.0006999091714498243,5.260728398300538,5.303623637367097,5.0,0.5793076918342351,-9.154694880496115e-06,0.43589085569465497,0.02958845471711213,-6.676256037037783e-06,-0.0001794932001482845,0.5825500099023708,-9.278129557961225e-06,0.0032423180704852575,0.5794567653326974,0.02446500000000003,0.02446500000000003,1.0,-0.054606531275390266,-0.054626394034903825,0.0,0.0,0.0,-0.054606531275390266,0.0,0.0,0.0,-0.038716257955032404,-0.03870655362299496,0.0,0.0,0.0,0.055,0.3,0.2612837420449679,0.0,0.0,0.0,1.1482708352467088e-06,0,0,0,0,0,inf,inf,0,0,0.0,1.4943300083323952,-9.698326074400853e-08,0.05638261808465751,-1.0389189690120457e-05,-1.577469991667605,-1.2121407597611336e-05,1.6439662023562014,-0.7853072421131689,-3.153023533818791e-05,0.09744721520933625,-3.393543199112591e-06,0.12150589145207377,5.285030760594119e-05,-0.021443666534034404,-4.4315021123964006e-05,0.00032073263331238225,-25.008472801260027,0.05766587155588267,17.74915386808193,0.7397030080009034,1.9484011599919786,0.0007357158282982838,0.00032073263331238225,-25.008472801260027,0.05766587155588267,17.74915386808193,0.7397030080009034,1.9484011599919786,0.0007357158282982838
3.1809999999997607,2,1,1,2,0.0006977113354419686,5.255879899786283,5.29757305326312,5.0,0.5796034984784245,-9.2167651994501e-06,0.4358891403320502,0.029573457080453513,-5.8327433097011836e-06,-0.00016777784235996154,0.5828500099023708,-9.278129557961225e-06,0.0032465114245262177,0.5809625174389118,0.02476500000000003,0.02476500000000003,1.0,-0.05456008412465039,-0.054579655592827764,0.0,0.0,0.0,-0.05456008412465039,0.0,0.0,0.0,-0.03926206458069218,-0.0392525572724856,0.0,0.0,0.0,0.055,0.3,0.2607379354193081,0.0,0.0,0.0,1.1504666544300871e-06,0,0,0,0,0,inf,inf,0,0,0.0,1.495545532843271,-4.019755979259274e-07,0.057357016815470015,-1.0416923047603253e-05,-1.5762544671567291,-1.1611191673597182e-05,1.6437513589001378,-0.7853076702437723,-2.966718159174707e-05,0.09743446235765285,-2.277500383122828e-06,0.12159113316382603,4.954395951554719e-05,-0.02151739268970215,-4.159780529150928e-05,0.00032112369169913887,-25.037831145418778,0.05865639071272625,17.75066124578296,0.7397258219147549,1.9490834082174766,0.0007415355829011454,0.00032112369169913887,-25.037831145418778,0.05865639071272625,17.75066124578296,0.7397258219147549,1.9490834082174766,0.0007415355829011454
3.1909999999997596,2,1,1,2,0.0006956238856857524,5.251198264451782,5.291693946539109,5.0,0.5798991637619146,-9.270699409590674e-06,0.435887540620712,0.02956001014974519,-5.043354289739383e-06,-0.00015633641247075764,0.5831500099023708,-9.278129557961225e-06,0.003250846140464612,0.582482621417849,0.025065000000000028,0.025065000000000028,1.0,-0.05451743809433492,-0.054536720746778476,0.0,0.0,0.0,-0.05451743809433492,0.0,0.0,0.0,-0.03980742782461065,-0.03979811464018696,0.0,0.0,0.0,0.055,0.3,0.2601925721753897,0.0,0.0,0.0,1.1535471742277804e-06,0,0,0,0,0,inf,inf,0,0,0.0,1.496761931460041,-6.887626447967191e-07,0.05833130992368027,-1.0433918753191874e-05,-1.575038068539959,-1.113334859156205e-05,1.6435357861597106,-0.7853080717110956,-2.7881720392488185e-05,0.09742569432556819,-1.238096449062633e-06,0.12168032774593028,4.636385082754087e-05,-0.021589719540307178,-3.897381497521628e-05,0.00031846967212533747,-25.067080365007353,0.05964381883251989,17.752083641870858,0.7397474558289628,1.949742809898771,0.0007471207297073365,0.00031846967212533747,-25.067080365007353,0.05964381883251989,17.752083641870858,0.7397474558289628,1.949742809898771,0.0007471207297073365
3.2009999999997585,2,1,1,2,0.0006936438142926262,5.246678786083795,5.285985408475979,5.0,0.5801947027616393,-9.317033648414149e-06,0.4358860537551859,0.029548035481193155,-4.307131870365495e-06,-0.00014518087484097255,0.5834500099023708,-9.278129557961225e-06,0.0032553071409639933,0.5840177716858246,0.02536500000000003,0.02536500000000003,1.0,-0.05447837125149459,-0.054497368426814956,0.0,0.0,0.0,-0.05447837125149459,0.0,0.0,0.0,-0.040352384476188975,-0.04034326254507908,0.0,0.0,0.0,0.055,0.3,0.2596476155238115,0.0,0.0,0.0,1.1574226516474066e-06,0,0,0,0,0,inf,inf,0,0,0.0,1.4979792439886426,-9.581291319887933e-07,0.059305537274631885,-1.0440934133969551e-05,-1.5738207560113575,-1.0686593865198752e-05,1.6433194963209934,-0.7853084474711142,-2.6175355121409312e-05,0.09742091016134123,-2.7363492899141885e-07,0.1217735203088736,4.3313812451828914e-05,-0.02166097051301557,-3.644720740758761e-05,0.0003131060593501278,-25.096227628094184,0.060628519550624656,17.753422611793585,0.7397679518692555,1.9503787724674164,0.0007524777399598968,0.0003131060593501278,-25.096227628094184,0.060628519550624656,17.753422611793585,0.7397679518692555,1.9503787724674164,0.0007524777399598968
3.2109999999997574,2,1,1,2,0.0006917680538454365,5.242316688292325,5.280446016752836,5.0,0.5804901297653331,-9.356293210551455e-06,0.4358846768206044,0.02953745385596201,-3.622892537087281e-06,-0.00013432134966750113,0.5837500099023708,-9.278129557961225e-06,0.0032598801379747906,0.5855685117845948,0.02566500000000003,0.02566500000000003,1.0,-0.05444266374995194,-0.054461379559808655,0.0,0.0,0.0,-0.05444266374995194,0.0,0.0,0.0,-0.04089696911589667,-0.0408880356053415,0.0,0.0,0.0,0.055,0.3,0.25910303088410386,0.0,0.0,0.0,1.1620072159247138e-06,0,0,0,0,0,inf,inf,0,0,0.0,1.4991975104998825,-1.210871361159492e-06,0.060279738581357156,-1.043870785477614e-05,-1.5726024895001176,-1.0269611300306842e-05,1.6431024985190017,-0.7853087985158342,-2.4548968423427306e-05,0.0974200834438587,6.178820052695786e-07,0.12187072271242436,4.0396491665401064e-05,-0.02173143605664399,-3.402114478093911e-05,0.0003053490448096219,-25.125279745940404,0.06161083743436758,17.754679782255774,0.7397873554968586,1.9509908194538046,0.0007576138827943688,0.0003053490448096219,-25.125279745940404,0.06161083743436758,17.754679782255774,0.7397873554968586,1.9509908194538046,0.0007576138827943688
3.2209999999997563,2,1,1,2,0.0006899934904383278,5.238107153314806,5.275073896689724,5.0,0.5807854582670038,-9.38899045836617e-06,0.4358834068105087,0.02952818585629391,-2.989257690153879e-06,-0.00012376622443618273,0.5840500099023708,-9.278129557961225e-06,0.0032645516372493484,0.5871352483646585,0.02596500000000003,0.02596500000000003,1.0,-0.0544100990501337,-0.0544285382942437,0.0,0.0,0.0,-0.0544100990501337,0.0,0.0,0.0,-0.04144121414299286,-0.041432466265202354,0.0,0.0,0.0,0.055,0.3,0.2585587858570077,0.0,0.0,0.0,1.1672189795263513e-06,0,0,0,0,0,inf,inf,0,0,0.0,1.500416771018732,-1.4477913191726318e-06,0.06125395316748864,-1.0427957165648145e-05,-1.5713832289812681,-9.881064229352613e-06,1.6428847991553996,-0.7853091258637992,-2.3002880396873508e-05,0.0974231654467552,1.438706563817899e-06,0.12197191748509313,3.7613461006437045e-05,-0.02180137582627616,-3.169787717072712e-05,0.0002954956338548549,-25.154243177029667,0.06259109789033038,17.75585684013752,0.7398057148535622,1.951578584366914,0.00076253707789451,0.0002954956338548549,-25.154243177029667,0.06259109789033038,17.75585684013752,0.7398057148535622,1.951578584366914,0.00076253707789451
3.230999999999755,2,1,1,2,0.0006883169758961352,5.234045347840297,5.269866777956344,5.0,0.5810807009678003,-9.41562303441255e-06,0.435882240643566,0.029520152376028518,-2.4046830782527917e-06,-0.00011352226289903814,0.5843500099023707,-9.278129557961225e-06,0.0032693089374616477,0.588718264358682,0.02626500000000003,0.02626500000000003,1.0,-0.054380464971111535,-0.054398633057134466,0.0,0.0,0.0,-0.054380464971111535,0.0,0.0,0.0,-0.04198514981451094,-0.0419765848331,0.0,0.0,0.0,0.055,0.3,0.25801485018548953,0.0,0.0,0.0,1.1729801233462917e-06,0,0,0,0,0,inf,inf,0,0,0.0,1.500362934748778,-1.6696913635320032e-06,0.06222821976048296,-1.0409375601159231e-05,-1.570162934748778,-9.519605677327884e-06,1.6426664021947877,-0.7853094305514166,-2.1536904800094496e-05,0.09743008806259404,2.1913016206335875e-06,0.12207706145703291,3.496532339716149e-05,-0.021871020789086478,-2.9478823526230324e-05,0.00028382387042150933,-25.183124032553096,0.06356960721200307,17.756955522119075,0.7398230801530121,1.9521418044794439,0.0007672557620413666,0.00028382387042150933,-25.183124032553096,0.06356960721200307,17.756955522119075,0.7398230801530121,1.9521418044794439,0.0007672557620413666
3.240999999999754,2,1,1,2,0.0006867353392037414,5.230126446057763,5.264822046967667,5.0,0.5813758697816487,-9.436672357774397e-06,0.4358811751792182,0.02951327507029715,-1.8674862913769011e-06,-0.00010359471137633688,0.5846500099023708,-9.278129557961225e-06,0.003274140124560673,0.590317731366501,0.02656500000000003,0.02656500000000003,1.0,-0.054353554589113943,-0.05437145745722242,0.0,0.0,0.0,-0.054353554589113943,0.0,0.0,0.0,-0.042528804293908005,-0.042520419529557284,0.0,0.0,0.0,0.055,0.3,0.25747119570609256,0.0,0.0,0.0,1.179216954456299e-06,0,0,0,0,0,inf,inf,0,0,0.0,1.4991415676538418,-1.8773694576183043e-06,0.06320257631281977,-1.0383631098836263e-05,-1.5689415676538419,-9.183887499728756e-06,1.6424473094403826,-0.7853097136250795,-2.0150402990610017e-05,0.09744076649849179,2.878300288930639e-06,0.12218608911873276,3.245181294815391e-05,-0.021940575248186815,-2.7364650150801666e-05,0.00027059316179985814,-25.21192808315523,0.06454665274870384,17.757977604993293,0.7398395031179864,1.9526803145639153,0.0007717787686391829,0.00027059316179985814,-25.21192808315523,0.06454665274870384,17.757977604993293,0.7398395031179864,1.9526803145639153,0.0007717787686391829
3.250999999999753,2,1,1,2,0.000685245397148009,5.2263456501362375,5.259936795185437,5.0,0.5816709758450695,-9.452602384314891e-06,0.4358802072322744,0.029507476748907545,-1.3758722893887671e-06,-9.398740219268484e-05,0.5849500099023708,-9.278129557961225e-06,0.003279034061942961,0.591933721271941,0.02686500000000003,0.02686500000000003,1.0,-0.054329166995410835,-0.054346811047519074,0.0,0.0,0.0,-0.054329166995410835,0.0,0.0,0.0,-0.04307220370791547,-0.043063996543303465,0.0,0.0,0.0,0.055,0.3,0.2569277962920851,0.0,0.0,0.0,1.1858599383033014e-06,0,0,0,0,0,inf,inf,0,0,0.0,1.4979190893110355,-2.0716149317880852e-06,0.06417705984895317,-1.0351364503740166e-05,-1.5677190893110355,-8.87256853825066e-06,1.6422275207899175,-0.78530997613406,-1.8842335375927015e-05,0.09745510175452164,3.502468779045146e-06,0.12229891571806084,3.0071891026717057e-05,-0.02201021878239049,-2.5355346230251196e-05,0.00025604469126042984,-25.240660766763416,0.06552250318190248,17.758924896643386,0.7398550364649447,1.9531940406180464,0.0007761152195121117,0.00025604469126042984,-25.240660766763416,0.06552250318190248,17.758924896643386,0.7398550364649447,1.9531940406180464,0.0007761152195121117
3.260999999999752,2,1,1,2,0.0006838439642148633,5.222698208313837,5.255207863541199,5.0,0.5819660295306429,-9.46385861269455e-06,0.4358793335864973,0.02950268171772545,-9.279569706754454e-07,-8.47028540664393e-05,0.5852500099023707,-9.278129557961225e-06,0.0032839803769798884,0.5935662171168319,0.027165000000000033,0.027165000000000033,1.0,-0.054307107926213315,-0.05432449995963393,0.0,0.0,0.0,-0.054307107926213315,0.0,0.0,0.0,-0.043615372210255035,-0.04360734009430696,0.0,0.0,0.0,0.055,0.3,0.2563846277897456,0.0,0.0,0.0,1.192843698695764e-06,0,0,0,0,0,inf,inf,0,0,0.0,1.4966954622748767,-2.2532047445143825e-06,0.06515170633590488,-1.03131884266445e-05,-1.5664954622748768,-8.584321843300743e-06,1.6420070344726176,-0.7853102191241359,-1.7611310213483927e-05,0.09747298289613636,4.066672486967214e-06,0.12241544010830177,2.7823837286464663e-05,-0.02208010810057252,-2.3450296050365633e-05,0.00024040190313346082,-25.26932719733357,0.06649740889197109,17.759799227668307,0.7398697334344582,1.9536829936228153,0.0007802744282433543,0.00024040190313346082,-25.26932719733357,0.06649740889197109,17.759799227668307,0.7398697334344582,1.9536829936228153,0.0007802744282433543
3.2709999999997508,2,1,1,2,0.0006825278617447464,5.2191794307814225,5.2506318831917715,5.0,0.58226104046362,-9.470867313069196e-06,0.43587855100719686,0.029498816072123804,-5.217888044980564e-07,-7.574236929533422e-05,0.5855500099023708,-9.278129557961225e-06,0.003288969444398126,0.5952151232558611,0.02746500000000003,0.02746500000000003,1.0,-0.05428719027552881,-0.05430433742097729,0.0,0.0,0.0,-0.05428719027552881,0.0,0.0,0.0,-0.04415833205100051,-0.04415047250249784,0.0,0.0,0.0,0.055,0.3,0.2558416679490001,0.0,0.0,0.0,1.2001070071244262e-06,0,0,0,0,0,inf,inf,0,0,0.0,1.495470650189216,-2.422900216401649e-06,0.0661265505755007,-1.0269686423930167e-05,-1.5652706501892162,-8.317841014918573e-06,1.6417858472681015,-0.7853104436319244,-1.645562964751091e-05,0.09749428913168985,4.573845231319116e-06,0.12253554735980318,2.570533545551795e-05,-0.022150378810074103,-2.1648347651094805e-05,0.00022387104938280833,-25.297932174366565,0.06747160240304,17.760602443628954,0.7398836473671174,1.954147263359074,0.0007842658141288749,0.00022387104938280833,-25.297932174366565,0.06747160240304,17.760602443628954,0.7398836473671174,1.954147263359074,0.0007842658141288749
3.2809999999997497,2,1,1,2,0.0006812939263791942,5.215784703522051,5.246205312813155,5.0,0.5825560175412222,-9.474034964512393e-06,0.4358778562528721,0.02949580794636118,-1.5536857103031078e-07,-6.710612759933224e-05,0.5858500099023708,-9.278129557961225e-06,0.0032939923669741736,0.5968802748188373,0.027765000000000033,0.027765000000000033,1.0,-0.0542692345020855,-0.05428614416591091,0.0,0.0,0.0,-0.0542692345020855,0.0,0.0,0.0,-0.044701103650477116,-0.04469341426107042,0.0,0.0,0.0,0.055,0.3,0.2552988963495235,0.0,0.0,0.0,1.2075927339609575e-06,0,0,0,0,0,inf,inf,0,0,0.0,1.4942446179117548,-2.5814442090402173e-06,0.06710162611636113,-1.022141246829389e-05,-1.5640446179117549,-8.071845715216488e-06,1.6415639547080707,-0.7853106506798777,-1.537333291492962e-05,0.09751889170593378,5.026961530705264e-06,0.12265911114774954,2.3713553766321642e-05,-0.022221147099194594,-1.9947877731981705e-05,0.00020664178696116797,-25.32648019305436,0.06844529889388945,17.76133639789886,0.739896831323642,1.954587012322886,0.0007880988261015747,0.00020664178696116797,-25.32648019305436,0.06844529889388945,17.76133639789886,0.739896831323642,1.954587012322886,0.0007880988261015747
3.2909999999997486,2,1,1,2,0.0006801390178220726,5.2125095002660125,5.241924472632884,5.0,0.5828509689542093,-9.473747876261858e-06,0.43587724608593603,0.029493587722533757,1.7333273493261244e-07,-5.8793276507193435e-05,0.5861500099023708,-9.278129557961225e-06,0.0032990409539611133,0.5985614465071195,0.02806500000000003,0.02806500000000003,1.0,-0.05425306893989723,-0.054269748750376046,0.0,0.0,0.0,-0.05425306893989723,0.0,0.0,0.0,-0.045243705676692406,-0.045236184113358995,0.0,0.0,0.0,0.055,0.3,0.2547562943233082,0.0,0.0,0.0,1.2152477899639657e-06,0,0,0,0,0,inf,inf,0,0,0.0,1.4930173316158588,-2.7295587201946336e-06,0.06807696518386461,-1.0168890680546581e-05,-1.562817331615859,-7.845086406216953e-06,1.6413413512616473,-0.7853108412719106,-1.4362236690612904e-05,0.09754665562012181,5.429011793991711e-06,0.12278599592839985,2.1845219985287973e-05,-0.022292511334364426,-1.8346852693642698e-05,0.00018888781347596866,-25.354975454933214,0.06941869676109089,17.762002945090277,0.7399093377467385,1.9550024697579156,0.0007917828760457856,0.00018888781347596866,-25.354975454933214,0.06941869676109089,17.762002945090277,0.7399093377467385,1.9550024697579156,0.0007917828760457856
3.3009999999997475,2,1,1,2,0.0006790600259387871,5.209349392709562,5.237785575394664,5.0,0.5831459022103342,-9.470371981617308e-06,0.4358767172825556,0.029492088202543818,4.6635776638263453e-07,-5.080201819831619e-05,0.5864500099023708,-9.278129557961225e-06,0.003304107697629202,0.6002583607517439,0.028365000000000033,0.028365000000000033,1.0,-0.054238530022107975,-0.054254987779674246,0.0,0.0,0.0,-0.054238530022107975,0.0,0.0,0.0,-0.04578615512538822,-0.04577879913237447,0.0,0.0,0.0,0.055,0.3,0.2542138448746124,0.0,0.0,0.0,1.2230230428336798e-06,0,0,0,0,0,inf,inf,0,0,0.0,1.491788758871714,-2.867942866714755e-06,0.06905259862640689,-1.011261529414804e-05,-1.561588758871714,-7.636348367031936e-06,1.6411180305052029,-0.7853110163896134,-1.341997257510488e-05,0.09757744118908167,5.782980281908602e-06,0.12291605891589331,2.009669106125915e-05,-0.022364553573027152,-1.6842885765738445e-05,0.00017076753545352044,-25.38342187892955,0.07039197822756328,17.762603935037447,0.7399212181640544,1.9553939258359228,0.0007953272803306048,0.00017076753545352044,-25.38342187892955,0.07039197822756328,17.762603935037447,0.7399212181640544,1.9553939258359228,0.0007953272803306048
3.3109999999997464,2,1,1,2,0.0006780538772168934,5.206300059139419,5.2337847544424525,5.0,0.5834408241593246,-9.464252781834054e-06,0.4358762666416413,0.02949124474633262,7.257483765912189e-07,-4.312969273219167e-05,0.5867500099023708,-9.278129557961225e-06,0.0033091857482803687,0.6019706952599787,0.028665000000000034,0.028665000000000034,1.0,-0.05422546242673175,-0.05424170605797865,0.0,0.0,0.0,-0.05422546242673175,0.0,0.0,0.0,-0.0463284674018944,-0.04632127480218134,0.0,0.0,0.0,0.055,0.3,0.2536715325981063,0.0,0.0,0.0,1.2308732255058541e-06,0,0,0,0,0,inf,inf,0,0,0.0,1.4905588687087572,-2.997271226741097e-06,0.07002855587638128,-1.0053050825592575e-05,-1.5603588687087573,-7.444455043830164e-06,1.6408939852775142,-0.7853111769890164,-1.2544021755743e-05,0.09761110544531319,6.0918256870911445e-06,0.12304915187144659,1.8464017465534883e-05,-0.022437340993622514,-1.5433290208127792e-05,0.00015242475854205736,-25.41182311269622,0.07136530998476767,17.76314120731059,0.7399325229293974,1.9557617260018703,0.0007987412095303167,0.00015242475854205736,-25.41182311269622,0.07136530998476767,17.76314120731059,0.7399325229293974,1.9557617260018703,0.0007987412095303167
3.3209999999997453,2,1,1,2,0.0006771175406218568,5.20335729159153,5.2299180891045856,5.0,0.5837357410190793,-9.455715425855295e-06,0.4358758909930288,0.02949099537943003,9.53532777049895e-07,-3.577285762258113e-05,0.5870500099023708,-9.278129557961225e-06,0.003314268888049171,0.6036980899788384,0.028965000000000032,0.028965000000000032,1.0,-0.05421371915226574,-0.05422975666768286,0.0,0.0,0.0,-0.05421371915226574,0.0,0.0,0.0,-0.04687065640404784,-0.046863625100377365,0.0,0.0,0.0,0.055,0.3,0.2531293435959529,0.0,0.0,0.0,1.2387568115659887e-06,0,0,0,0,0,inf,inf,0,0,0.0,1.4893276316611945,-3.1181925132201467e-06,0.0710048649244044,-9.990632425332253e-06,-1.5591276316611946,-7.2682707850614435e-06,1.6406692078210692,-0.7853113239978654,-1.1731746895296736e-05,0.097647503399849,6.358464174222249e-06,0.12318512271644642,1.6943002341995274e-05,-0.022510927244394834,-1.41151286246865e-05,0.00013398939250805716,-25.440182544145795,0.07233884386029106,17.76361658624006,0.739943300999915,1.956106265505872,0.0008020336451501133,0.00013398939250805716,-25.440182544145795,0.07233884386029106,17.76361658624006,0.739943300999915,1.956106265505872,0.0008020336451501133
3.330999999999744,2,1,1,2,0.0006762480328670597,5.200517001674242,5.226181627551417,5.0,0.5840306584027847,-9.445064910394817e-06,0.4358755872048831,0.029491280872693947,1.1517142121815808e-06,-2.8727363734424204e-05,0.5873500099023707,-9.278129557961225e-06,0.003319351503783784,0.6054401535032288,0.029265000000000034,0.029265000000000034,1.0,-0.054203161531199036,-0.05421900098631222,0.0,0.0,0.0,-0.054203161531199036,0.0,0.0,0.0,-0.047412734605520326,-0.04740586258101747,0.0,0.0,0.0,0.055,0.3,0.2525872653944804,0.0,0.0,0.0,1.2466359041470215e-06,0,0,0,0,0,inf,inf,0,0,0.0,1.488095019798301,-3.231328551392814e-06,0.0719815523054068,-9.925766385530098e-06,-1.557895019798301,-7.106703013053629e-06,1.6404436899103234,-0.7853114583133673,-1.0980421321409947e-05,0.09768648916927865,6.585754717200306e-06,0.12332381698059416,1.552925561445089e-05,-0.02258535371298964,-1.288525845538012e-05,0.00011557816664483233,-25.468503313098722,0.07331271750554304,17.76403187642251,0.7399535997478744,1.956427984130828,0.0008052133428570839,0.00011557816664483233,-25.468503313098722,0.07331271750554304,17.76403187642251,0.7399535997478744,1.956427984130828,0.0008052133428570839
3.340999999999743,2,1,1,2,0.0006754424231266978,5.1977752251697025,5.222571407293147,5.0,0.5843255813466876,-9.432586384959117e-06,0.4358753521903631,0.029492044796932713,1.3222610609768636e-06,-2.198842750008421e-05,0.5876500099023708,-9.278129557961225e-06,0.00332442855927139,0.6071964689551866,0.029565000000000032,0.029565000000000032,1.0,-0.05419365918817263,-0.0542093086481089,0.0,0.0,0.0,-0.05419365918817263,0.0,0.0,0.0,-0.04795471313897076,-0.047947998457396515,0.0,0.0,0.0,0.055,0.3,0.25204528686102995,0.0,0.0,0.0,1.2544760938346339e-06,0,0,0,0,0,inf,inf,0,0,0.0,1.486861006741099,-3.337273533742241e-06,0.07295864309530013,-9.858830782567975e-06,-1.556661006741099,-6.958703881408363e-06,1.6402174229676811,-0.7853115808003722,-1.0287255605824253e-05,0.09772791697798756,6.776486570572421e-06,0.12346507909588669,1.4218243236546668e-05,-0.02266065071902236,-1.1740373751366381e-05,9.729534638971197e-05,-25.49678832297018,0.0742870550933493,17.76438885869147,0.739963464803539,1.9567273611361662,0.0008082888020209071,9.729534638971197e-05,-25.49678832297018,0.0742870550933493,17.76438885869147,0.739963464803539,1.9567273611361662,0.0008082888020209071
3.350999999999742,2,1,1,2,0.0006746978372240966,5.195128125524865,5.219083473477408,5.0,0.5846205143382872,-9.418545549023832e-06,0.43587518291358873,0.029493233554937538,1.4670982718281453e-06,-1.5550699470157246e-05,0.5879500099023708,-9.278129557961225e-06,0.00332949556704448,0.6089665993623452,0.029865000000000034,0.029865000000000034,1.0,-0.054185089949561886,-0.05420055745678582,0.0,0.0,0.0,-0.054185089949561886,0.0,0.0,0.0,-0.04849660187850699,-0.04849004268417431,0.0,0.0,0.0,0.055,0.3,0.2515033981214937,0.0,0.0,0.0,1.2622463185096354e-06,0,0,0,0,0,inf,inf,0,0,0.0,1.4856255676668946,-3.436593526845886e-06,0.07393616091702125,-9.79017623386569e-06,-1.5554255676668947,-6.823271465702472e-06,1.6399903981679695,-0.7853116922899518,-9.649421634442555e-06,0.09777164204430337,6.933368712259273e-06,0.12360875354682886,1.3005331782081008e-05,-0.022736838631959817,-1.0677043342950507e-05,7.923344982507856e-05,-25.525040252429857,0.07526196802336117,17.764689286523904,0.7399729399279305,1.9570049104210276,0.00081126824035485,7.923344982507856e-05,-25.525040252429857,0.07526196802336117,17.764689286523904,0.7399729399279305,1.9570049104210276,0.00081126824035485
3.360999999999741,2,1,1,2,0.0006740128962224026,5.19351961770297,5.215764617352967,5.0,0.5849154636885061,-9.400827248954127e-06,0.4358750778701678,0.029495707756886393,2.316757298712526e-06,-8.828904872219649e-06,0.5882500099023708,-9.278129557961225e-06,0.003334546216122029,0.6107505737411223,0.030165000000000015,0.030165000000000015,1.0,-0.054155071817697416,-0.05416888951340998,0.0,0.0,0.0,-0.054155071817697416,0.0,0.0,0.0,-0.04903832018211384,-0.04903190279270256,0.0,0.0,0.0,0.055,0.3,0.2509616798178868,0.0,0.0,0.0,7.809563649565576e-07,0,0,0,0,0,inf,inf,0,0,0.0,1.4843886765197154,-3.5294935700393667e-06,0.07491412870058396,-9.719106916118983e-06,-1.5541886765197155,-6.693379301941031e-06,1.6397626128974467,-0.7853117926484569,-8.95239490968667e-06,0.09781781705504428,7.383962751598937e-06,0.12375579102842219,1.3715538538750874e-05,-0.022811473580272423,-9.40041739655599e-06,3.515867348676325e-05,-25.553249698201842,0.0762103148313359,17.76490681521501,0.7399537991145305,1.9572265493462315,0.0008138277142934154,3.515867348676325e-05,-25.553249698201842,0.0762103148313359,17.76490681521501,0.7399537991145305,1.9572265493462315,0.0008138277142934154
3.3709999999997398,2,1,1,2,0.0006734025445718486,5.191903293157278,5.212685737710257,5.0,0.5852104613061694,-9.372803928496645e-06,0.4358750534714398,0.02950235379425017,3.0787652048306577e-06,3.621447153254467e-07,0.5885500099023707,-9.278129557961225e-06,0.0033395485975433194,0.612553717711928,0.03046499999999998,0.03046499999999998,1.0,-0.05410909285304946,-0.05412297959447089,0.0,0.0,0.0,-0.05410909285304946,0.0,0.0,0.0,-0.04957962299466942,-0.049573344135626356,0.0,0.0,0.0,0.055,0.3,0.2504203770053313,0.0,0.0,0.0,7.855318396993546e-07,0,0,0,0,0,inf,inf,0,0,0.0,1.4831502718014664,-3.614542707044193e-06,0.07589257789658257,-9.641884472635578e-06,-1.5529502718014665,-6.555075912789682e-06,1.6395341300739126,-0.7853118791630157,-8.140431921305643e-06,0.09786762698923598,7.965427820069634e-06,0.12391093164880491,1.3537885750391162e-05,-0.022877826856511716,-8.05792559754494e-06,-2.348021395148008e-05,-25.58132280683463,0.07714478360407777,17.76486130905228,0.7399319646922081,1.9572034532425153,0.0008183741636889862,-2.348021395148008e-05,-25.58132280683463,0.07714478360407777,17.76486130905228,0.7399319646922081,1.9572034532425153,0.0008183741636889862
3.3809999999997387,2,1,1,2,0.0006728841571023427,5.190138498199126,5.209792478244842,5.0,0.5855055361594058,-9.340303452750028e-06,0.43587512897182046,0.029510610948027288,3.3513376323945494e-06,1.0807769651192311e-05,0.5888500099023707,-9.278129557961225e-06,0.0033444737435427783,0.6143806479509452,0.03076499999999995,0.03076499999999995,1.0,-0.054058427475761686,-0.054072379064449005,0.0,0.0,0.0,-0.054058427475761686,0.0,0.0,0.0,-0.050120438145319364,-0.05011429853484675,0.0,0.0,0.0,0.055,0.3,0.24987956185468135,0.0,0.0,0.0,7.883879212933689e-07,0,0,0,0,0,inf,inf,0,0,0.0,1.4819102772994774,-3.6916390281761105e-06,0.0768715434024297,-9.559876752940137e-06,-1.5517102772994775,-6.42798781709153e-06,1.6393049889499174,-0.7853119526278192,-7.3657285983744735e-06,0.09792065304724036,8.373029814528228e-06,0.12407271440099364,1.1945239761352136e-05,-0.022944217699636574,-6.7680912274126415e-06,-6.26850237835972e-05,-25.609327064417432,0.07810025314611294,17.764658211458684,0.7399362410917552,1.9570532299047776,0.0008227452313182752,-6.26850237835972e-05,-25.609327064417432,0.07810025314611294,17.764658211458684,0.7399362410917552,1.9570532299047776,0.0008227452313182752
3.3909999999997376,2,1,1,2,0.0006724646092456646,5.188296049994518,5.207045161607094,5.0,0.5858006953553854,-9.30611325543387e-06,0.43587531140604974,0.02951907124066144,3.4601433727254442e-06,2.1614250877268944e-05,0.5891500099023707,-9.278129557961225e-06,0.003349314547102185,0.6162314765544615,0.031064999999999916,0.031064999999999916,1.0,-0.05400517029820192,-0.05401914898909372,0.0,0.0,0.0,-0.05400517029820192,0.0,0.0,0.0,-0.05066073095986724,-0.05065473104933297,0.0,0.0,0.0,0.055,0.3,0.24933926904013348,0.0,0.0,0.0,7.902312913019643e-07,0,0,0,0,0,inf,inf,0,0,0.0,1.48066863717001,-3.7613396420006606e-06,0.07785105431457896,-9.474461657402332e-06,-1.55046863717001,-6.3185502192228805e-06,1.6390751647312811,-0.7853120134185512,-6.657334110704184e-06,0.09797636589219232,8.664074725775466e-06,0.12423933212978742,1.0127927896401125e-05,-0.023014325351261244,-5.526517620669302e-06,-9.45398573231289e-05,-25.63731128519186,0.07906385849453387,17.764378405830612,0.7399471871312265,1.9568600204487476,0.000826081095453963,-9.45398573231289e-05,-25.63731128519186,0.07906385849453387,17.764378405830612,0.7399471871312265,1.9568600204487476,0.000826081095453963
3.4009999999997365,2,1,1,2,0.0006721453872476071,5.186407022130065,5.204415984907927,5.0,0.5860959379431943,-9.27124437919149e-06,0.4358756017865755,0.029527267824184418,3.501639396951122e-06,3.234929375463038e-05,0.5894500099023706,-9.278129557961225e-06,0.0033540719591834303,0.6181047504491888,0.03136499999999988,0.03136499999999988,1.0,-0.05395082757897718,-0.05396479173134937,0.0,0.0,0.0,-0.05395082757897718,0.0,0.0,0.0,-0.051200484150200155,-0.05119462397949961,0.0,0.0,0.0,0.055,0.3,0.2487995158498006,0.0,0.0,0.0,7.913567989567616e-07,0,0,0,0,0,inf,inf,0,0,0.0,1.479425310329317,-3.8243729404949746e-06,0.07883113523677125,-9.386664977904072e-06,-1.549225310329317,-6.2267622477367545e-06,1.6388446155765932,-0.7853120622920032,-6.025547273950715e-06,0.09803436727859013,8.861130481277046e-06,0.12440951845273568,8.430232802034268e-06,-0.023088763668269414,-4.381769064896615e-06,-0.00012301091115932253,-25.66529194987323,0.08003139686245125,17.76405106763085,0.7399591038715873,1.9566519274451475,0.000828713400073703,-0.00012301091115932253,-25.66529194987323,0.08003139686245125,17.76405106763085,0.7399591038715873,1.9566519274451475,0.000828713400073703
3.4109999999997354,2,1,1,2,0.0006719249391861906,5.184488961757791,5.20188404346595,5.0,0.5863912602927497,-9.236191761343195e-06,0.43587599791272924,0.02953504533267141,3.5030271059988824e-06,4.275959037957263e-05,0.5897500099023706,-9.278129557961225e-06,0.003358749609882724,0.6199985841419767,0.031664999999999846,0.031664999999999846,1.0,-0.05389656746241473,-0.05391048049397061,0.0,0.0,0.0,-0.05389656746241473,0.0,0.0,0.0,-0.05173969351270052,-0.05173397272964321,0.0,0.0,0.0,0.055,0.3,0.24826030648730024,0.0,0.0,0.0,7.9190998831659e-07,0,0,0,0,0,inf,inf,0,0,0.0,1.478180266683111,-3.881526727509825e-06,0.07981180720242417,-9.297361006549559e-06,-1.547980266683111,-6.150837141249075e-06,1.6386132995170588,-0.7853121003993397,-5.47365469144756e-06,0.09809432861396195,8.975248621642357e-06,0.1245822895449731,6.94005691927021e-06,-0.023167223313117106,-3.3638091590026904e-06,-0.000149264930586733,-25.693274815138107,0.0810016324655068,17.763688129142345,0.7399704493800807,1.9564387091457298,0.0008309508441251825,-0.000149264930586733,-25.693274815138107,0.0810016324655068,17.763688129142345,0.7399704493800807,1.9564387091457298,0.0008309508441251825
3.4209999999997343,2,1,1,2,0.0006717997114624443,5.182554446272496,5.199433227781395,5.0,0.5866866578906693,-9.20130948908131e-06,0.4358764955549962,0.029542353794756546,3.4714274210865784e-06,5.267562217431816e-05,0.5900500099023706,-9.278129557961225e-06,0.003363352012578535,0.6219110306364435,0.03196499999999981,0.03196499999999981,1.0,-0.05384331652422091,-0.05385714909754355,0.0,0.0,0.0,-0.05384331652422091,0.0,0.0,0.0,-0.05227836514597641,-0.05227278307185313,0.0,0.0,0.0,0.055,0.3,0.24772163485402432,0.0,0.0,0.0,7.919810275853067e-07,0,0,0,0,0,inf,inf,0,0,0.0,1.4769334849026217,-3.933601980559388e-06,0.08079308822469944,-9.20733515710459e-06,-1.5467334849026217,-6.088609485277877e-06,1.6383811792557406,-0.7853121290846833,-5.001666422603521e-06,0.09815596738630616,9.014222336552693e-06,0.12475684770612959,5.667986012146933e-06,-0.02324916217253459,-2.4843763270434537e-06,-0.00017353973653855774,-25.721261968842644,0.08197430961212211,17.763295540362275,0.7399809281140829,1.9562240626136707,0.0008329691121592231,-0.00017353973653855774,-25.721261968842644,0.08197430961212211,17.763295540362275,0.7399809281140829,1.9562240626136707,0.0008329691121592231
3.430999999999733,2,1,1,2,0.0006717647246003147,5.180613852816254,5.197051120465966,5.0,0.5869821259596395,-9.166914599903762e-06,0.43587708907857636,0.029549180625664865,3.4088849096067008e-06,6.197756999530345e-05,0.5903500099023705,-9.278129557961225e-06,0.003367883944567302,0.6238402033834376,0.03226499999999978,0.03226499999999978,1.0,-0.05379180543224535,-0.05380553545828887,0.0,0.0,0.0,-0.05379180543224535,0.0,0.0,0.0,-0.052816513308958396,-0.0528110690119453,0.0,0.0,0.0,0.055,0.3,0.24718348669104231,0.0,0.0,0.0,7.916372035259709e-07,0,0,0,0,0,inf,inf,0,0,0.0,1.475684950823327,-3.981388341562979e-06,0.08177499369200537,-9.117298967414745e-06,-1.545484950823327,-6.037956093674008e-06,1.6381482230900875,-0.7853121497453865,-4.607632585601761e-06,0.09821903635289297,8.98531276775481e-06,0.12493253845017209,4.601850827837845e-06,-0.02333402327283181,-1.744515544580011e-06,-0.00019579503308803886,-25.749254146635206,0.08294946606449544,17.762876975328076,0.7399906043212585,1.9560096327875085,0.0008348610212796992,-0.00019579503308803886,-25.749254146635206,0.08294946606449544,17.762876975328076,0.7399906043212585,1.9560096327875085,0.0008348610212796992
3.440999999999732,2,1,1,2,0.0006718139689611815,5.178676243767694,5.194728272423435,5.0,0.587277659686617,-9.133308990512408e-06,0.4358777718544371,0.029555527747272957,3.316799109146448e-06,7.058130558340842e-05,0.5906500099023705,-9.278129557961225e-06,0.003372350218862991,0.6257843163920414,0.03256499999999975,0.03256499999999975,1.0,-0.05374259740278713,-0.05375620937200076,0.0,0.0,0.0,-0.05374259740278713,0.0,0.0,0.0,-0.05335415862622628,-0.053348850990459024,0.0,0.0,0.0,0.055,0.3,0.24664584137377443,0.0,0.0,0.0,7.909341809281561e-07,0,0,0,0,0,inf,inf,0,0,0.0,1.4744346561563186,-4.025648002290715e-06,0.08275753668420872,-9.027890424995857e-06,-1.5442346561563187,-5.996915981832778e-06,1.6379144046395684,-0.7853121637546822,-4.2882196391071984e-06,0.0982833173153306,8.895992515552111e-06,0.12510882597625916,3.723390797610575e-06,-0.023421299134602596,-1.1395160202357728e-06,-0.00021593494701092628,-25.77725150458346,0.0839271996274771,17.762435076111238,0.7399996319002546,1.9557963259572888,0.0008366788504404847,-0.00021593494701092628,-25.77725150458346,0.0839271996274771,17.762435076111238,0.7399996319002546,1.9557963259572888,0.0008366788504404847
3.450999999999731,2,1,1,2,0.0006719407139205427,5.176749648712377,5.192457649777131,5.0,0.5875732543170858,-9.100778089214956e-06,0.435878536573174,0.029561403542516428,3.1970880691974206e-06,7.843111972956423e-05,0.5909500099023705,-9.278129557961225e-06,0.0033767555899419694,0.6277416970346458,0.032864999999999714,0.032864999999999714,1.0,-0.053696110391961066,-0.05370959453224476,0.0,0.0,0.0,-0.053696110391961066,0.0,0.0,0.0,-0.05389132653869376,-0.053886154325479316,0.0,0.0,0.0,0.055,0.3,0.24610867346130694,0.0,0.0,0.0,7.899200678016675e-07,0,0,0,0,0,inf,inf,0,0,0.0,1.4731825974017647,-4.067103851070542e-06,0.08374072823817873,-8.939671199781229e-06,-1.5429825974017648,-5.963718433102048e-06,1.6376797022481888,-0.7853121724197635,-4.0390519230305425e-06,0.09834861678083918,8.754010577842128e-06,0.12528527558027405,3.013339795606407e-06,-0.023510546511913213,-6.614934147518067e-07,-0.0002338810058598551,-25.805253888053308,0.08490759200837948,17.761971892317167,0.740008172912322,1.9555847445114296,0.0008384560463699974,-0.0002338810058598551,-25.805253888053308,0.08490759200837948,17.761971892317167,0.740008172912322,1.9555847445114296,0.0008384560463699974
3.46099999999973,2,1,1,2,0.0006721377630205796,5.174841161160973,5.190234178779694,5.0,0.5878689052004019,-9.069584336609789e-06,0.4358793755012337,0.02956681975494135,3.052356455895898e-06,8.549484867187094e-05,0.5912500099023704,-9.278129557961225e-06,0.003381104708400001,0.6297107893905597,0.03316499999999968,0.03316499999999968,1.0,-0.053652636509116856,-0.05366598793652369,0.0,0.0,0.0,-0.053652636509116856,0.0,0.0,0.0,-0.05442804595944552,-0.0544230078599399,0.0,0.0,0.0,0.055,0.3,0.2455719540405552,0.0,0.0,0.0,7.886370679572141e-07,0,0,0,0,0,inf,inf,0,0,0.0,1.4719287749190715,-4.106430515330035e-06,0.08472457757566394,-8.853124592379536e-06,-1.5417287749190716,-5.9367830927342875e-06,1.6374440983409106,-0.7853121769580673,-3.854970124494535e-06,0.0984147625851218,8.56724858782436e-06,0.12546153925230413,2.452965685184633e-06,-0.02360138541531478,-3.007237655722009e-07,-0.0002495930867836159,-25.833260935672083,0.08589068704840597,17.761489056036396,0.7400163741056389,1.9553753349425234,0.0008402167636736038,-0.0002495930867836159,-25.833260935672083,0.08589068704840597,17.761489056036396,0.7400163741056389,1.9553753349425234,0.0008402167636736038
3.4709999999997287,2,1,1,2,0.0006723976677631962,5.172956985085159,5.188054360783935,5.0,0.5881646078149394,-9.039960859898206e-06,0.4358802806944551,0.029571790093500985,2.885777778393325e-06,9.175998931190192e-05,0.5915500099023704,-9.278129557961225e-06,0.003385402095808772,0.6316901540121703,0.03346499999999965,0.03346499999999965,1.0,-0.053612359717773464,-0.053625577635387375,0.0,0.0,0.0,-0.053612359717773464,0.0,0.0,0.0,-0.05496434811385745,-0.054959442793490805,0.0,0.0,0.0,0.055,0.3,0.2450356518861433,0.0,0.0,0.0,7.871223260116832e-07,0,0,0,0,0,inf,inf,0,0,0.0,1.470673192129919,-4.14424775976276e-06,0.08570909230096121,-8.768655232818406e-06,-1.540473192129919,-5.914711677452808e-06,1.6372075788202953,-0.7853121784833526,-3.7302513863815466e-06,0.09848160113119661,8.343533787608449e-06,0.12563734319578337,2.024523753736031e-06,-0.023693493480044413,-4.6400993137950546e-08,-0.0002630723496784,-25.86127212873596,0.0868764876434429,17.76098786816232,0.7400243613463087,1.9551684420652609,0.0008419798067188757,-0.0002630723496784,-25.86127212873596,0.0868764876434429,17.76098786816232,0.7400243613463087,1.9551684420652609,0.0008419798067188757
3.4809999999997276,2,1,1,2,0.0006727129062374096,5.171102473501404,5.18591594432299,5.0,0.5884603577832472,-9.012106773342883e-06,0.43588124417588237,0.029576329471728082,2.7009122323535687e-06,9.723034459622164e-05,0.5918500099023704,-9.278129557961225e-06,0.0033896521295619683,0.6336784660928568,0.033764999999999615,0.033764999999999615,1.0,-0.0535753721201453,-0.05358845908332217,0.0,0.0,0.0,-0.0535753721201453,0.0,0.0,0.0,-0.0555002655488287,-0.055495491684076456,0.0,0.0,0.0,0.055,0.3,0.244499734451172,0.0,0.0,0.0,7.854084992603475e-07,0,0,0,0,0,inf,inf,0,0,0.0,1.4694158548378333,-4.181115939092776e-06,0.086694278573604,-8.686590604351284e-06,-1.5392158548378334,-5.8962772891827625e-06,1.6369701325268051,-0.7853121779977438,-3.658803662411284e-06,0.09854899509018922,8.090464604984107e-06,0.12581247680874522,1.7113792298703337e-06,-0.023786599285829258,1.128683856375031e-07,-0.0002743580207342627,-25.889286821975343,0.08786495897487412,17.76046935341095,0.7400322395653142,1.954964332338381,0.000843760262113112,-0.0002743580207342627,-25.889286821975343,0.08786495897487412,17.76046935341095,0.7400322395653142,1.954964332338381,0.000843760262113112
3.4909999999997265,2,1,1,2,0.0006730760306474506,5.169282171043211,5.183817646497932,5.0,0.5887561508812614,-8.986184307329237e-06,0.4358822580821782,0.02958045351932901,2.50152828428364e-06,0.00010192304712431654,0.5921500099023703,-9.278129557961225e-06,0.003393859033665693,0.6356745127406764,0.03406499999999958,0.03406499999999958,1.0,-0.053541688891901036,-0.053554650145012345,0.0,0.0,0.0,-0.053541688891901036,0.0,0.0,0.0,-0.056035831297416336,-0.05603118760561453,0.0,0.0,0.0,0.055,0.3,0.24396416870258436,0.0,0.0,0.0,7.835242291374818e-07,0,0,0,0,0,inf,inf,0,0,0.0,1.4681567706508942,-4.21753326947778e-06,0.08768014126017457,-8.607184155659943e-06,-1.5379567706508943,-5.8804131483201e-06,1.6367317507657575,-0.7853121763879373,-3.634337573532541e-06,0.09861682147615985,7.815265677788262e-06,0.12598678292578072,1.4980302187040447e-06,-0.023880475795743584,1.887015870589933e-07,-0.00028352220388517434,-25.91730426733333,0.08885603372124581,17.759934302765195,0.740040094360845,1.9547632067871379,0.0008455702399187975,-0.00028352220388517434,-25.91730426733333,0.08885603372124581,17.759934302765195,0.740040094360845,1.9547632067871379,0.0008455702399187975
3.5009999999997254,2,1,1,2,0.0006734797870755751,5.167499862701876,5.1817589177900185,5.0,0.5890519830434829,-8.962317601252494e-06,0.43588331478207687,0.02958417823701737,2.291447597172026e-06,0.0001058659062868664,0.5924500099023703,-9.278129557961225e-06,0.0033980268735630996,0.6376771896432113,0.03436499999999955,0.03436499999999955,1.0,-0.05351126187858217,-0.05352410476344672,0.0,0.0,0.0,-0.05351126187858217,0.0,0.0,0.0,-0.056571078185451554,-0.05656656344837474,0.0,0.0,0.0,0.055,0.3,0.24342892181454914,0.0,0.0,0.0,7.814945658876601e-07,0,0,0,0,0,inf,inf,0,0,0.0,1.4668959484956663,-4.253934698864658e-06,0.08866668406862306,-8.530619683696392e-06,-1.5366959484956664,-5.866201289588549e-06,1.6364924268973728,-0.7853121744245878,-3.6505165843738173e-06,0.09868497003234625,7.52467541617174e-06,0.1261601492008692,1.370100967210576e-06,-0.02397493427977429,1.9265385617170618e-07,-0.0002906642198910362,-25.945323634516292,0.08984961771256543,17.759383309499924,0.7400479940383754,1.9545652101932132,0.0008474192864123988,-0.0002906642198910362,-25.945323634516292,0.08984961771256543,17.759383309499924,0.7400479940383754,1.9545652101932132,0.0008474192864123988
3.5109999999997243,2,1,1,2,0.0006739172105267579,5.165758627904091,5.179739745270045,5.0,0.5893478503652341,-8.940592895208846e-06,0.4358844069699722,0.02958751974282679,2.0744174341685764e-06,0.0001090950536933972,0.5927500099023703,-9.278129557961225e-06,0.003402159553880108,0.6396854972687186,0.034664999999999516,0.034664999999999516,1.0,-0.05348399186429275,-0.05349672529822723,0.0,0.0,0.0,-0.05348399186429275,0.0,0.0,0.0,-0.05710603826680389,-0.057101651348712715,0.0,0.0,0.0,0.055,0.3,0.24289396173319677,0.0,0.0,0.0,7.793413623103959e-07,0,0,0,0,0,inf,inf,0,0,0.0,1.4656333982114687,-4.29069216188745e-06,0.08965390966792143,-8.457016668848428e-06,-1.5354333982114687,-5.852861384958832e-06,1.6362521559844085,-0.7853121727642312,-3.7010859404691206e-06,0.09875334187817257,7.224864431243813e-06,0.12633250053654557,1.3143257061789765e-06,-0.024069818822170647,1.3598896567138764e-07,-0.0002959050425412713,-25.973344029512074,0.09084559545377863,17.758816800873802,0.7400559916952639,1.9543704387178438,0.0008493146811686092,-0.0002959050425412713,-25.973344029512074,0.09084559545377863,17.758816800873802,0.7400559916952639,1.9543704387178438,0.0008493146811686092
3.5209999999997232,2,1,1,2,0.0006743816980905584,5.164060898324207,5.1777604896778495,5.0,0.5896437491027567,-8.92105985060781e-06,0.4358855277375094,0.029590494084696512,1.8540097309701302e-06,0.00011165286938898959,0.5930500099023702,-9.278129557961225e-06,0.0034062608183288378,0.6416985367004856,0.03496499999999948,0.03496499999999948,1.0,-0.05345973953732063,-0.053472373557648153,0.0,0.0,0.0,-0.05345973953732063,0.0,0.0,0.0,-0.05764074237413828,-0.057636482234975986,0.0,0.0,0.0,0.055,0.3,0.24235925762586238,0.0,0.0,0.0,7.77083638941088e-07,0,0,0,0,0,inf,inf,0,0,0.0,1.4643691302150095,-4.328116010143722e-06,0.09064181979541733,-8.386436270915223e-06,-1.5341691302150096,-5.8397397532506115e-06,1.6360109344914504,-0.7853121719532434,-3.7799809958102705e-06,0.09882184837385523,6.921381593878977e-06,0.12650379247276444,1.3185282262074806e-06,-0.024165001421065896,2.9495900217684284e-08,-0.0002993820637392674,-26.001364511451325,0.09184383529154633,17.75823506626487,0.7400641272179119,1.9541789466581276,0.0008512616932308991,-0.0002993820637392674,-26.001364511451325,0.09184383529154633,17.75823506626487,0.7400641272179119,1.9541789466581276,0.0008512616932308991
3.530999999999722,2,1,1,2,0.0006748670629242162,5.162408517742037,5.175821752227872,5.0,0.5899396756717258,-8.903733743633809e-06,0.43588667062590947,0.02959311710398339,1.6335444807502534e-06,0.00011358617248057239,0.5933500099023702,-9.278129557961225e-06,0.003410334251195505,0.6437155051824383,0.03526499999999945,0.03526499999999945,1.0,-0.053438335193585915,-0.053450880564672044,0.0,0.0,0.0,-0.053438335193585915,0.0,0.0,0.0,-0.05817521977234639,-0.05817108547672765,0.0,0.0,0.0,0.055,0.3,0.24182478022765427,0.0,0.0,0.0,7.747379235818357e-07,0,0,0,0,0,inf,inf,0,0,0.0,1.4631031552262428,-4.366457416601783e-06,0.091630415353854,-8.318887729527243e-06,-1.5329031552262429,-5.826298592895914e-06,1.6357687600300508,-0.7853121724334055,-3.881415856469903e-06,0.09889041016525457,6.61912408129068e-06,0.12667400545197882,1.3715980142302002e-06,-0.024260377656731735,-1.1665413260099673e-07,-0.00030124428886568933,-26.029384107933016,0.0928441941309407,17.75763828211342,0.7400724291463818,1.9539907525608688,0.000853263820627538,-0.00030124428886568933,-26.029384107933016,0.0928441941309407,17.75763828211342,0.7400724291463818,1.9539907525608688,0.000853263820627538
3.540999999999721,2,1,1,2,0.0006753675715841781,5.160802802440325,5.1739242673356065,5.0,0.5902356266446268,-8.888598304079257e-06,0.4358878296615783,0.029595404338855606,1.416034632110359e-06,0.0001149446591304202,0.5936500099023702,-9.278129557961225e-06,0.0034143832799632605,0.6457356914450435,0.035564999999999417,0.035564999999999417,1.0,-0.05341958723319469,-0.05343205511168224,0.0,0.0,0.0,-0.05341958723319469,0.0,0.0,0.0,-0.05870949790232353,-0.05870548862491758,0.0,0.0,0.0,0.055,0.3,0.24129050209767713,0.0,0.0,0.0,7.723185606698677e-07,0,0,0,0,0,inf,inf,0,0,0.0,1.4618354840471346,-4.4059115636748305e-06,0.09261969649967727,-8.254334949204272e-06,-1.5316354840471347,-5.812105473363786e-06,1.6355256311442303,-0.7853121745486988,-3.9999535357072915e-06,0.09895895637668739,6.322327779508257e-06,0.12684313987928472,1.4634626905154691e-06,-0.024355862892651563,-2.930148020545425e-07,-0.0003016480125788119,-26.057401828860886,0.0938465216596013,17.75702653391725,0.7400809163884833,1.9538058447753635,0.0008553230196571575,-0.0003016480125788119,-26.057401828860886,0.0938465216596013,17.75702653391725,0.7400809163884833,1.9538058447753635,0.0008553230196571575
3.55099999999972,2,1,1,2,0.0006758779670541773,5.159244600860614,5.172068817781415,5.0,0.5905315987473426,-8.87560899977556e-06,0.4358889993773658,0.029597370958852027,1.2041496615482614e-06,0.00011577956998999584,0.5939500099023701,-9.278129557961225e-06,0.0034184111787260545,0.6477584708726261,0.035864999999999383,0.035864999999999383,1.0,-0.05340328951690515,-0.05341569117053634,0.0,0.0,0.0,-0.05340328951690515,0.0,0.0,0.0,-0.05924360220338176,-0.05923971723124643,0.0,0.0,0.0,0.055,0.3,0.24075639779661892,0.0,0.0,0.0,7.698379932799416e-07,0,0,0,0,0,inf,inf,0,0,0.0,1.460566127385825,-4.446621437654809e-06,0.093609662723953,-8.192703084654543e-06,-1.5303661273858251,-5.796823124078518e-06,1.6352815471312154,-0.785312178552992,-4.130559024515824e-06,0.09902742392396252,6.0345745925868125e-06,0.12701121189915784,1.5850564345495404e-06,-0.02445138896890191,-4.90939849346572e-07,-0.000300752994638205,-26.085416678831066,0.09485066406638175,17.756399835489542,0.7400895997783941,1.9536241864756516,0.0008574399239359079,-0.000300752994638205,-26.085416678831066,0.09485066406638175,17.756399835489542,0.7400895997783941,1.9536241864756516,0.0008574399239359079
3.560999999999719,2,1,1,2,0.000676393479651565,5.157734351471467,5.170256169138088,5.0,0.5908275888552245,-8.864696596495281e-06,0.4358901748216795,0.029599031723528655,1.000195074754481e-06,0.00011614256852385171,0.5942500099023701,-9.278129557961225e-06,0.003422421072117252,0.649783300569918,0.03616499999999935,0.03616499999999935,1.0,-0.05338922765773805,-0.05340157423300658,0.0,0.0,0.0,-0.05338922765773805,0.0,0.0,0.0,-0.05977755600330607,-0.05977379473568251,0.0,0.0,0.0,0.055,0.3,0.2402224439966946,0.0,0.0,0.0,7.67307018321058e-07,0,0,0,0,0,inf,inf,0,0,0.0,1.4592950957194342,-4.488682067070915e-06,0.09460031292696408,-8.133884975064628e-06,-1.5290950957194342,-5.780199561975322e-06,1.6350365078927402,-0.7853121846183218,-4.268636823545644e-06,0.09909575692404834,5.758813459435065e-06,0.12717824981362433,1.7282842467394776e-06,-0.024546901345564746,-7.026302067369003e-07,-0.0002987191376305028,-26.11342766811027,0.09585646725808632,17.755758145683735,0.7400984834803729,1.9534457201754765,0.0008596140518228048,-0.0002987191376305028,-26.11342766811027,0.09585646725808632,17.755758145683735,0.7400984834803729,1.9534457201754765,0.0008596140518228048
3.5709999999997177,2,1,1,2,0.0006769098277950294,5.156272138031397,5.168487020587862,5.0,0.591123593988851,-8.855770846393443e-06,0.4358913515574498,0.02960040095934599,8.061052612471541e-07,0.0001160848113803469,0.5945500099023701,-9.278129557961225e-06,0.0034264159395502288,0.6518097143784627,0.03646499999999932,0.03646499999999932,1.0,-0.0533771843285519,-0.05338948666243625,0.0,0.0,0.0,-0.0533771843285519,0.0,0.0,0.0,-0.06031138046584611,-0.06030774241187643,0.0,0.0,0.0,0.055,0.3,0.2396886195341546,0.0,0.0,0.0,7.64735013493272e-07,0,0,0,0,0,inf,inf,0,0,0.0,1.458022399189492,-4.5321450585014265e-06,0.09559164548734146,-8.077747306583515e-06,-1.5278223991894921,-5.762058598935637e-06,1.6347905138126333,-0.7853121928435095,-4.410054565538536e-06,0.09916390618150445,5.497392161164362e-06,0.1273442910705438,1.8859821402229088e-06,-0.024642356653879403,-9.211567230351332e-07,-0.000295703657229052,-26.1414338222591,0.09686377958815005,17.755101382790087,0.7401075662402622,1.9532703717561652,0.0008618440005272764,-0.000295703657229052,-26.1414338222591,0.09686377958815005,17.755101382790087,0.7401075662402622,1.9532703717561652,0.0008618440005272764
3.5809999999997166,2,1,1,2,0.000677423210439925,5.154857741635066,5.166761969543503,5.0,0.5914196113096394,-8.848724186258557e-06,0.43589252565277126,0.029601492550038785,6.234473108155076e-07,0.00011565619205808876,0.59485000990237,-9.278129557961225e-06,0.003430398619606379,0.6538373178899003,0.036764999999999284,0.036764999999999284,1.0,-0.053366943669657184,-0.05337921214073488,0.0,0.0,0.0,-0.053366943669657184,0.0,0.0,0.0,-0.0608450945862638,-0.060841579361046484,0.0,0.0,0.0,0.055,0.3,0.23915490541373693,0.0,0.0,0.0,7.621301390486674e-07,0,0,0,0,0,inf,inf,0,0,0.0,1.4567480475246666,-4.57702329987024e-06,0.09658365832640299,-8.024136409780711e-06,-1.5265480475246667,-5.742290768613678e-06,1.6345435656568468,-0.7853122032628868,-4.551154389169343e-06,0.09923182873515851,5.252097294367913e-06,0.12750937975503662,2.051873517980627e-06,-0.024737720613610667,-1.140462060041972e-06,-0.0002918587240666657,-26.169434190460347,0.09787245412140104,17.75442943681007,0.7401168424919089,1.9530980540351488,0.0008641276254263325,-0.0002918587240666657,-26.169434190460347,0.09787245412140104,17.75442943681007,0.7401168424919089,1.9530980540351488,0.0008641276254263325
3.5909999999997155,2,1,1,2,0.0006779302927911448,5.153490689112298,5.165081487763726,5.0,0.5917156381154102,-8.843435347316365e-06,0.435893693664842,0.02960231993660213,4.5343361884095723e-07,0.00011490473949392522,0.59515000990237,-9.278129557961225e-06,0.003434371814469811,0.6558657834958621,0.03706499999999925,0.03706499999999925,1.0,-0.05335829488146041,-0.05337053929587363,0.0,0.0,0.0,-0.05335829488146041,0.0,0.0,0.0,-0.061378715226404854,-0.061375322545756644,0.0,0.0,0.0,0.055,0.3,0.23862128477359587,0.0,0.0,0.0,7.594995153949234e-07,0,0,0,0,0,inf,inf,0,0,0.0,1.455472049986103,-4.6232957178427926e-06,0.09757634896822609,-7.972883623449768e-06,-1.525272049986103,-5.720844708465148e-06,1.6342956644924838,-0.7853122158549397,-4.688753714158172e-06,0.09929948745146938,5.024200085243008e-06,0.12767356452172363,2.2205221688978394e-06,-0.024832966276667465,-1.3553451412745498e-06,-0.0002873295527589621,-26.197427852622926,0.09888235046201223,17.753742179806384,0.7401263033243108,1.9529286698981434,0.0008664622038099961,-0.0002873295527589621,-26.197427852622926,0.09888235046201223,17.753742179806384,0.7401263033243108,1.9529286698981434,0.0008664622038099961
3.6009999999997144,2,1,1,2,0.0006784281867418798,5.1521702975015975,5.163445906914848,5.0,0.5920116718359908,-8.839772800028922e-06,0.43589485261866245,0.029602896123798843,2.9694131656517767e-07,0.00011387615383458403,0.59545000990237,-9.278129557961225e-06,0.00343833809432241,0.6578948455125043,0.03736499999999922,0.03736499999999922,1.0,-0.05335103508636331,-0.053363264594304696,0.0,0.0,0.0,-0.05335103508636331,0.0,0.0,0.0,-0.061912257181608706,-0.06190898685585744,0.0,0.0,0.0,0.055,0.3,0.238087742818392,0.0,0.0,0.0,7.568493769580083e-07,0,0,0,0,0,inf,inf,0,0,0.0,1.4541944153312858,-4.670911992205734e-06,0.0985697145958584,-7.923810177786267e-06,-1.5239944153312859,-5.697719028049017e-06,1.6340468116227735,-0.7853122305507184,-4.820137021896853e-06,0.09936685065361459,4.814506007786165e-06,0.12783689691028283,2.3872823988397488e-06,-0.024928072559017675,-1.5614313103336995e-06,-0.00028225290363222946,-26.225413925336557,0.09989333618070177,17.75303947452643,0.7401359373198331,1.9527621150268648,0.0008688445823994321,-0.00028225290363222946,-26.225413925336557,0.09989333618070177,17.75303947452643,0.7401359373198331,1.9527621150268648,0.0008688445823994321
3.6109999999997133,2,1,1,2,0.0006789144272981431,5.150895714461846,5.161855411777103,5.0,0.5923077100289117,-8.837597975125576e-06,0.43589599998176415,0.029603233690764005,1.5453678669169046e-07,0.00011261346250300288,0.5957500099023699,-9.278129557961225e-06,0.003442299901646955,0.6599242954094596,0.037664999999999185,0.037664999999999185,1.0,-0.05334497154204286,-0.05335719458065577,0.0,0.0,0.0,-0.05334497154204286,0.0,0.0,0.0,-0.06244573327260367,-0.06244258519969453,0.0,0.0,0.0,0.055,0.3,0.23755426672739707,0.0,0.0,0.0,7.541852074487888e-07,0,0,0,0,0,inf,inf,0,0,0.0,1.4529151517928884,-4.719797145778619e-06,0.0995637521039743,-7.876731568756964e-06,-1.5227151517928885,-5.672954688915938e-06,1.6337970085353115,-0.7853122472418839,-4.943040173088284e-06,0.09943389177759664,4.623406455009111e-06,0.1279994299917582,2.5482469079366046e-06,-0.025023023025260327,-1.755131123350147e-06,-0.00027675596408243926,-26.253391566757497,0.10090528787520768,17.752321181484092,0.740145731272137,1.952598280250249,0.0008712713088078945,-0.00027675596408243926,-26.253391566757497,0.10090528787520768,17.752321181484092,0.740145731272137,1.952598280250249,0.0008712713088078945
3.6209999999997122,2,1,1,2,0.0006793869460993964,5.149665954588403,5.1603100395234485,5.0,0.592603750375217,-8.836768219008817e-06,0.435897133636087,0.02960334480382319,2.6503728603279424e-08,0.00011115678065077753,0.5960500099023699,-9.278129557961225e-06,0.003446259555415441,0.6619539771708819,0.03796499999999915,0.03796499999999915,1.0,-0.05333992328465834,-0.05335214754356988,0.0,0.0,0.0,-0.05333992328465834,0.0,0.0,0.0,-0.06297915445633608,-0.06297612861449442,0.0,0.0,0.0,0.055,0.3,0.23702084554366462,0.0,0.0,0.0,7.51511854019563e-07,0,0,0,0,0,inf,inf,0,0,0.0,1.451634267069561,-4.769855943225885e-06,0.10055845814820881,-7.83146141153714e-06,-1.521434267069561,-5.646627915308083e-06,1.6335462568612173,-0.7853122657882903,-5.055628701286571e-06,0.0995005890485927,4.450930974853936e-06,0.12816121729793287,2.7001930261781995e-06,-0.02511780489283292,-1.9335904428659915e-06,-0.00027095557174433777,-26.281359980507716,0.10191809190248,17.751587164678337,0.7401556707934497,1.9524370535507745,0.0008737387467996364,-0.00027095557174433777,-26.281359980507716,0.10191809190248,17.751587164678337,0.7401556707934497,1.9524370535507745,0.0008737387467996364
3.630999999999711,2,1,1,2,0.0006798440429860711,5.148479931701271,5.158809683711434,5.0,0.5928997906754145,-8.837139455257648e-06,0.4358982518479645,0.029603241230134306,-8.712653761482417e-08,0.00010954316119887337,0.5963500099023699,-9.278129557961225e-06,0.003450219255137916,0.6639837828106325,0.03826499999999912,0.03826499999999912,1.0,-0.05333572227656769,-0.05334795468254651,0.0,0.0,0.0,-0.05333572227656769,0.0,0.0,0.0,-0.06351252995044698,-0.06350962639060434,0.0,0.0,0.0,0.055,0.3,0.23648747004955378,0.0,0.0,0.0,7.488336246912561e-07,0,0,0,0,0,inf,inf,0,0,0.0,1.450351768326073,-4.820977045932967e-06,0.10155382919134161,-7.787814774316331e-06,-1.520151768326073,-5.618843648307989e-06,1.6332945583431868,-0.7853122860250343,-5.156471411699769e-06,0.09956692517241797,4.296798841921101e-06,0.12832231199088462,2.8405279840020283e-06,-0.025212408225448433,-2.094634225864344e-06,-0.0002649577391321273,-26.30931841867078,0.10293164482273702,17.750837296117364,0.7401657408229654,1.9522783217595863,0.0008762431759619788,-0.0002649577391321273,-26.30931841867078,0.10293164482273702,17.750837296117364,0.7401657408229654,1.9522783217595863,0.0008762431759619788
3.64099999999971,2,1,1,2,0.0006802843564316088,5.147336487227873,5.157354101823664,5.0,0.5931958288455554,-8.838568535938452e-06,0.43589935323703943,0.029602934351126497,-1.8654366611400562e-07,0.0001078065208212691,0.5966500099023698,-9.278129557961225e-06,0.003454181084782506,0.6660136480599226,0.038564999999999086,0.038564999999999086,1.0,-0.0533322141281392,-0.05334446084565553,0.0,0.0,0.0,-0.0533322141281392,0.0,0.0,0.0,-0.06404586736682802,-0.06404308620498472,0.0,0.0,0.0,0.055,0.3,0.2359541326331727,0.0,0.0,0.0,7.461543719541841e-07,0,0,0,0,0,inf,inf,0,0,0.0,1.449067662200619,-4.873036882770405e-06,0.10254986154646079,-7.745611004847631e-06,-1.5188676622006192,-5.589729549836607e-06,1.6330419148106992,-0.7853123077689158,-5.244510498007123e-06,0.09963288703834111,4.160468958368985e-06,0.1284827662344453,2.9672338180809342e-06,-0.025306825288183336,-2.236706124339972e-06,-0.00025885744518720755,-26.337266183967984,0.1039458535896671,17.75007145929985,0.7401759260442481,1.9521219719664449,0.0008787808767374781,-0.00025885744518720755,-26.337266183967984,0.1039458535896671,17.75007145929985,0.7401759260442481,1.9521219719664449,0.0008787808767374781
3.650999999999709,2,1,1,2,0.0006807068335205326,5.1462344148742485,5.1559429253694224,5.0,0.5934918629134481,-8.840915276978713e-06,0.4359004367447965,0.0296024351750407,-2.721267116363653e-07,0.00010597762942571633,0.5969500099023698,-9.278129557961225e-06,0.0034581470165602106,0.6680435482423951,0.03886499999999905,0.03886499999999905,1.0,-0.05332925845800571,-0.05334152490284369,0.0,0.0,0.0,-0.05332925845800571,0.0,0.0,0.0,-0.0645791728503561,-0.06457651426002342,0.0,0.0,0.0,0.055,0.3,0.23542082714964468,0.0,0.0,0.0,7.434775606326998e-07,0,0,0,0,0,inf,inf,0,0,0.0,1.4477819548174595,-4.925903208016936e-06,0.10354655141720444,-7.704676070930776e-06,-1.5175819548174596,-5.559430556601779e-06,1.6327883281609012,-0.7853123308242815,-5.3190292661841275e-06,0.09969846543062583,4.0411872966654655e-06,0.12864263073367818,3.078812540465962e-06,-0.025401050039313058,-2.358805752129766e-06,-0.0002527386528685345,-26.365202631195817,0.10496063552681646,17.74928955179885,0.7401862112238408,1.95196789267751,0.0008813482013319379,-0.0002527386528685345,-26.365202631195817,0.10496063552681646,17.74928955179885,0.7401862112238408,1.95196789267751,0.0008813482013319379
3.660999999999708,2,1,1,2,0.0006811107000422026,5.145172481808007,5.15457567172022,5.0,0.5937878910149886,-8.844044181700294e-06,0.43590150160328595,0.0296017543481285,-3.444131588446121e-07,0.00010408415188498206,0.5972500099023698,-9.278129557961225e-06,0.0034621189145942473,0.6700734943466604,0.03916499999999902,0.03916499999999902,1.0,-0.05332672895084187,-0.053339019814140624,0.0,0.0,0.0,-0.05332672895084187,0.0,0.0,0.0,-0.06511245121952042,-0.06510991542435851,0.0,0.0,0.0,0.055,0.3,0.23488754878048035,0.0,0.0,0.0,7.408063256986644e-07,0,0,0,0,0,inf,inf,0,0,0.0,1.4464946518033845,-4.979438327913733e-06,0.10454389493515748,-7.66484444286161e-06,-1.5162946518033846,-5.528103978274853e-06,1.6325338003439274,-0.7853123549882348,-5.379618428291425e-06,0.09976365474709034,3.938031286221737e-06,0.1288019544126164,3.1742321331139526e-06,-0.02549507773667307,-2.460425210669262e-06,-0.0002466745182035372,-26.393127168004845,0.1059759181239068,17.748491487078702,0.7401965814790331,1.9518159747489068,0.0008839416315165325,-0.0002466745182035372,-26.393127168004845,0.1059759181239068,17.748491487078702,0.7401965814790331,1.9518159747489068,0.0008839416315165325
3.6709999999997067,2,1,1,2,0.0006814954311676049,5.14414944660299,5.153251756994688,5.0,0.5940839113905957,-8.847825859777122e-06,0.4359025473045061,0.029600902164276126,-4.0406917228487407e-07,0.00010215073194795525,0.5975500099023697,-9.278129557961225e-06,0.0034660985384843707,0.6721035293054765,0.03946499999999899,0.03946499999999899,1.0,-0.05332451316591737,-0.0533368324463838,0.0,0.0,0.0,-0.05332451316591737,0.0,0.0,0.0,-0.06564570610621503,-0.0656432933729576,0.0,0.0,0.0,0.055,0.3,0.2343542938937857,0.0,0.0,0.0,7.381435186481434e-07,0,0,0,0,0,inf,inf,0,0,0.0,1.4452057583067617,-5.0335019862666896e-06,0.10554188819446775,-7.6259605509074244e-06,-1.5150057583067618,-5.495915128827071e-06,1.6322783333516167,-0.7853123800552145,-5.426141805966467e-06,0.09982845272371459,3.849950711860248e-06,0.12896078420434373,3.252873869829335e-06,-0.025588904638843262,-2.541486211156782e-06,-0.0002407277579076342,-26.421039255094783,0.10699163868478946,17.747677195662632,0.7402070224846621,1.9516661121226058,0.0008865578247647136,-0.0002407277579076342,-26.421039255094783,0.10699163868478946,17.747677195662632,0.7402070224846621,1.9516661121226058,0.0008865578247647136
3.6809999999997056,2,1,1,2,0.0006818607230731069,5.143164074215661,5.1519705094346815,5.0,0.5943799223817315,-8.8521381579255e-06,0.4359035735708121,0.02959988857295535,-4.5186153606600873e-07,0.00010019910938754817,0.5978500099023697,-9.278129557961225e-06,0.0034700875467857184,0.6741337244857485,0.039764999999998954,0.039764999999998954,1.0,-0.05332251214450816,-0.05333486318677892,0.0,0.0,0.0,-0.05332251214450816,0.0,0.0,0.0,-0.06617894009247297,-0.06617665072420972,0.0,0.0,0.0,0.055,0.3,0.23382105990752775,0.0,0.0,0.0,7.354917458924629e-07,0,0,0,0,0,inf,inf,0,0,0.0,1.4439152790181689,-5.087953907245852e-06,0.1065405272837393,-7.5878798543370825e-06,-1.513715279018169,-5.463033475077184e-06,1.6320219292087803,-0.785312405820953,-5.458702162284439e-06,0.0998928601648872,3.7758048457197663e-06,0.1291191649310094,3.314481438702486e-06,-0.025682527783933828,-2.6022789028067675e-06,-0.00023495114248478052,-26.448938405899373,0.10800774385893648,17.746846625756735,0.7402175206268251,1.9515182023884423,0.0008891936493997492,-0.00023495114248478052,-26.448938405899373,0.10800774385893648,17.746846625756735,0.7402175206268251,1.9515182023884423,0.0008891936493997492
3.6909999999997045,2,1,1,2,0.000682206465806994,5.142215148266349,5.150731182826157,5.0,0.5946759224274926,-8.856867021331152e-06,0.4359045803266449,0.029598723185557587,-4.886316375836027e-07,9.824826254383246e-05,0.5981500099023697,-9.278129557961225e-06,0.003474087500417922,0.6761641763919665,0.04006499999999892,0.04006499999999892,1.0,-0.05332063985875767,-0.0533330253961609,0.0,0.0,0.0,-0.05332063985875767,0.0,0.0,0.0,-0.0667121548423698,-0.0667099891722379,0.0,0.0,0.0,0.055,0.3,0.23328784515763093,0.0,0.0,0.0,7.328533982630169e-07,0,0,0,0,0,inf,inf,0,0,0.0,1.4426232181918293,-5.142656000073843e-06,0.10753980831525943,-7.550469560618992e-06,-1.5124232181918293,-5.429629282364424e-06,1.6317645899663262,-0.7853124320858346,-5.4776077649625315e-06,0.09995688067932547,3.7143956586450174e-06,0.12927713925462106,3.359112239564615e-06,-0.02577594483089599,-2.6434033030234334e-06,-0.00022938808625026596,-26.47682418582876,0.109024189083702,17.745999743427603,0.740228063111931,1.95137214719887,0.0008918462099786893,-0.00022938808625026596,-26.47682418582876,0.109024189083702,17.745999743427603,0.740228063111931,1.95137214719887,0.0008918462099786893
3.7009999999997034,2,1,1,2,0.0006825327176034615,5.141301480905328,5.149532969614644,5.0,0.5949719100612589,-8.861907107315049e-06,0.4359055676717878,0.029597415280223756,-5.152717330438408e-07,9.631456942284335e-05,0.5984500099023696,-9.278129557961225e-06,0.0034780998660152583,0.6781950035836878,0.04036499999999889,0.04036499999999889,1.0,-0.053318822539541906,-0.05333124473978289,0.0,0.0,0.0,-0.053318822539541906,0.0,0.0,0.0,-0.06724535122772106,-0.06724330961304152,0.0,0.0,0.0,0.055,0.3,0.2327546487722797,0.0,0.0,0.0,7.302306762133228e-07,0,0,0,0,0,inf,inf,0,0,0.0,1.44132957966722,-5.197474235729777e-06,0.1085397274516173,-7.513609034308608e-06,-1.5111295796672202,-5.395870733627119e-06,1.6315063176956839,-0.7853124586576884,-5.483340176732384e-06,0.10002052042200676,3.664497067651347e-06,0.12943474768233734,3.387091200995726e-06,-0.025869153950447962,-2.665714020282296e-06,-0.0002240733098652859,-26.504696211132423,0.11004093796051276,17.745136532414488,0.7402386380374502,1.9512278525545603,0.0008945128643969262,-0.0002240733098652859,-26.504696211132423,0.11004093796051276,17.745136532414488,0.7402386380374502,1.9512278525545603,0.0008945128643969262
3.7109999999997023,2,1,1,2,0.0006828396808143114,5.140421920518149,5.148375013448618,5.0,0.5952678839073783,-8.867162174263602e-06,0.43590653585631545,0.029595973805347096,-5.327036382786114e-07,9.441198146079614e-05,0.5987500099023696,-9.278129557961225e-06,0.003482126019242905,0.680226343805237,0.040664999999998855,0.040664999999998855,1.0,-0.05331699791608286,-0.053329458428533816,0.0,0.0,0.0,-0.05331699791608286,0.0,0.0,0.0,-0.06777852944654801,-0.06777661226342857,0.0,0.0,0.0,0.055,0.3,0.2322214705534528,0.0,0.0,0.0,7.27625608793902e-07,0,0,0,0,0,inf,inf,0,0,0.0,1.4400343668903968,-5.252280210186835e-06,0.10954028092977758,-7.4771899350760184e-06,-1.5098343668903969,-5.361921495220405e-06,1.6312471144841054,-0.7853124853540482,-5.476523666826204e-06,0.1000837878426638,3.6248802670035744e-06,0.1295920286125883,3.3989673780765934e-06,-0.025962153754583217,-2.6702687845813894e-06,-0.0002190335493236574,-26.5325541474434,0.11105796158971162,17.744256993651497,0.7402492344315409,1.9510852289816372,0.0008971912332327363,-0.0002190335493236574,-26.5325541474434,0.11105796158971162,17.744256993651497,0.7402492344315409,1.9510852289816372,0.0008971912332327363
3.720999999999701,2,1,1,2,0.0006831276795372923,5.139575357548429,5.147256420955191,5.0,0.5955638426778859,-8.872545271956892e-06,0.43590748525731804,0.029594407381983726,-5.418599180502649e-07,9.255220494408182e-05,0.5990500099023696,-9.278129557961225e-06,0.0034861672480767407,0.6822583513239323,0.04096499999999882,0.04096499999999882,1.0,-0.05331511439555211,-0.05332761439914635,0.0,0.0,0.0,-0.05331511439555211,0.0,0.0,0.0,-0.06831168913358769,-0.06830989677200303,0.0,0.0,0.0,0.055,0.3,0.2316883108664131,0.0,0.0,0.0,7.250400673804668e-07,0,0,0,0,0,inf,inf,0,0,0.0,1.4387375829346842,-5.306952412134253e-06,0.1105414650826784,-7.441116123431842e-06,-1.5085375829346843,-5.327938700542969e-06,1.630986982430498,-0.7853125120039183,-5.457896546844607e-06,0.10014669344153507,3.594335261599588e-06,0.12974901841067613,3.3954735204120896e-06,-0.02605494325528857,-2.6582811484752404e-06,-0.00021428829389268767,-26.560397708056446,0.11207523788032991,17.743361144563057,0.7402598422664024,1.9509441916185433,0.0008998792029576453,-0.00021428829389268767,-26.560397708056446,0.11207523788032991,17.743361144563057,0.7402598422664024,1.9509441916185433,0.0008998792029576453
3.7309999999997,2,1,1,2,0.0006833971390167995,5.138760728661749,5.146176272612695,5.0,0.5958597851692375,-8.877978757507382e-06,0.4359084163574688,0.02959272430539683,-5.436675628606969e-07,9.074488585943112e-05,0.5993500099023695,-9.278129557961225e-06,0.0034902247560704316,0.684291194472845,0.04126499999999879,0.04126499999999879,1.0,-0.05331313020681629,-0.053325670457599755,0.0,0.0,0.0,-0.05331313020681629,0.0,0.0,0.0,-0.06884482946238395,-0.0688431623217332,0.0,0.0,0.0,0.055,0.3,0.23115517053761683,0.0,0.0,0.0,7.22475777934083e-07,0,0,0,0,0,inf,inf,0,0,0.0,1.4374392305204957,-5.361377215703915e-06,0.11154327635843007,-7.405303371180795e-06,-1.5072392305204958,-5.294071320871976e-06,1.6307259236415481,-0.7853125384490939,-5.428284651264079e-06,0.10020924953311477,3.571688784221228e-06,0.12990575150452813,3.377488773168474e-06,-0.0261475218447228,-2.6310775793739593e-06,-0.00020985053311254186,-26.588226651991647,0.11309275085344062,17.74244901818859,0.7402704524514684,1.9508046602274822,0.0009025749235252728,-0.00020985053311254186,-26.588226651991647,0.11309275085344062,17.74244901818859,0.7402704524514684,1.9508046602274822,0.0009025749235252728
3.740999999999699,2,1,1,2,0.0006836485668177119,5.137977019494151,5.145133632634186,5.0,0.5961557102590578,-8.883394160884544e-06,0.4359093297254379,0.029590932545983686,-5.390341037038892e-07,8.899779466835154e-05,0.5996500099023695,-9.278129557961225e-06,0.0034942996656074617,0.6863250533912668,0.041564999999998756,0.041564999999998756,1.0,-0.05331101252860948,-0.053323593406277556,0.0,0.0,0.0,-0.05331101252860948,0.0,0.0,0.0,-0.0693779492387145,-0.06937640772384958,0.0,0.0,0.0,0.055,0.3,0.23062205076128622,0.0,0.0,0.0,7.199343284343369e-07,0,0,0,0,0,inf,inf,0,0,0.0,1.4361393120341177,-5.415449620507043e-06,0.11254571133719898,-7.369678911565119e-06,-1.5059393120341178,-5.260458891585827e-06,1.6304639402279586,-0.7853125645450743,-5.388577108523022e-06,0.1002714700186678,3.555818818420872e-06,0.1300622604930472,3.3460045802997526e-06,-0.0262398892904132,-2.5900590372954014e-06,-0.00020572750005646884,-26.616040781887634,0.11411048995089625,17.741520662182634,0.7402810568093885,1.9506665591444476,0.0009052768016742086,-0.00020572750005646884,-26.616040781887634,0.11411048995089625,17.741520662182634,0.7402810568093885,1.9506665591444476,0.0009052768016742086
3.750999999999698,2,1,1,2,0.0006838825357671488,5.137223266187849,5.144127557817372,5.0,0.5964516169028956,-8.888731924621892e-06,0.43591022599814067,0.02958903974982378,-5.288360638132206e-07,8.731700814279374e-05,0.5999500099023695,-9.278129557961225e-06,0.0034983930211453062,0.6883601179568428,0.04186499999999872,0.04186499999999872,1.0,-0.05330873661906176,-0.053321358171890355,0.0,0.0,0.0,-0.05330873661906176,0.0,0.0,0.0,-0.06991104698529492,-0.06990963150300558,0.0,0.0,0.0,0.055,0.3,0.23008895301470578,0.0,0.0,0.0,7.174171764298182e-07,0,0,0,0,0,inf,inf,0,0,0.0,1.4348378295453703,-5.469073762390875e-06,0.11354876674586818,-7.334180861670631e-06,-1.5046378295453704,-5.2272305615804496e-06,1.630201034300671,-0.7853125901616171,-5.339704485234944e-06,0.10033337016824047,3.545665982329832e-06,0.13021857626104474,3.302093826992075e-06,-0.026332045740248,-2.536667040935108e-06,-0.000201921395816802,-26.643839941766007,0.11512844936338278,17.740576137730947,0.7402916480405881,1.950529817179589,0.0009079834905165867,-0.000201921395816802,-26.643839941766007,0.11512844936338278,17.740576137730947,0.7402916480405881,1.950529817179589,0.0009079834905165867
3.760999999999697,2,1,1,2,0.0006840996686221781,5.136498555910974,5.143157105349395,5.0,0.5967475041309808,-8.89394104184308e-06,0.43591110586477844,0.02958705323907673,-5.139096126961819e-07,8.57070859676574e-05,0.6002500099023694,-9.278129557961225e-06,0.0035025057924594097,0.690396585900647,0.04216499999999869,0.04216499999999869,1.0,-0.05330628496041236,-0.05331894694814259,0.0,0.0,0.0,-0.05330628496041236,0.0,0.0,0.0,-0.07044412101785091,-0.07044283197378827,0.0,0.0,0.0,0.055,0.3,0.22955587898214974,0.0,0.0,0.0,7.14925653820083e-07,0,0,0,0,0,inf,inf,0,0,0.0,1.4335347848241082,-5.522163218830034e-06,0.11455243947057359,-7.298757546958767e-06,-1.5033347848241083,-5.19450443345819e-06,1.6299372079670074,-0.7853126151829791,-5.28261932923354e-06,0.10039496641283958,3.5402420517923165e-06,0.13037472809605308,3.2468832090642735e-06,-0.02642399173307588,-2.4723541403736257e-06,-0.00019843008843180906,-26.67162401470331,0.11614662738371499,17.739615518416812,0.7403022196774627,1.95039436748017,0.0009106938763631769,-0.00019843008843180906,-26.67162401470331,0.11614662738371499,17.739615518416812,0.7403022196774627,1.95039436748017,0.0009106938763631769
3.7709999999996957,2,1,1,2,0.000684300624404304,5.135802026534362,5.142221339581421,5.0,0.5970433710449893,-8.898978609259403e-06,0.43591197005260696,0.029584980012430102,-4.950432665118337e-07,8.417124031623558e-05,0.6005500099023694,-9.278129557961225e-06,0.003506638877877729,0.6924346610984562,0.04246499999999866,0.04246499999999866,1.0,-0.05330364642991365,-0.0533163483642778,0.0,0.0,0.0,-0.05330364642991365,0.0,0.0,0.0,-0.07097716951277387,-0.07097600730879004,0.0,0.0,0.0,0.055,0.3,0.22902283048722677,0.0,0.0,0.0,7.124609698945575e-07,0,0,0,0,0,inf,inf,0,0,0.0,1.4322301793555554,-5.574641132863506e-06,0.11555672656722056,-7.263366754970652e-06,-1.5020301793555555,-5.162387162552299e-06,1.6296724633266924,-0.7853126395078828,-5.218279090869932e-06,0.10045627614736546,3.53863590935767e-06,0.13053074380343216,3.1815287728836905e-06,-0.02651572821166015,-2.3985586291045924e-06,-0.00019524777412566647,-26.699392920443135,0.11716502579668223,17.738638889063846,0.7403127660334549,1.950260147363015,0.0009134070634523838,-0.00019524777412566647,-26.699392920443135,0.11716502579668223,17.738638889063846,0.7403127660334549,1.950260147363015,0.0009134070634523838
3.7809999999996946,2,1,1,2,0.0006844860863241256,5.1351328656254775,5.141319337807878,5.0,0.5973392168148111,-8.903809320381985e-06,0.43591281931435444,0.029582826745781717,-4.729724587139379e-07,8.271149703706345e-05,0.6008500099023694,-9.278129557961225e-06,0.00351079310751329,0.6944745520276036,0.042764999999998624,0.042764999999998624,1.0,-0.05330081550570438,-0.053313556688350076,0.0,0.0,0.0,-0.05330081550570438,0.0,0.0,0.0,-0.07151019056667153,-0.0715091555985503,0.0,0.0,0.0,0.055,0.3,0.22848980943332914,0.0,0.0,0.0,7.100242151673908e-07,0,0,0,0,0,inf,inf,0,0,0.0,1.4309240143545143,-5.6264401790535064e-06,0.11656162527009145,-7.2279749423105604e-06,-1.5007240143545144,-5.130973783496729e-06,1.6294068024677386,-0.7853126630492546,-5.147631361478126e-06,0.10051731754478929,3.540017214390138e-06,0.13068664981711453,3.1071945322490274e-06,-0.026607256535477627,-2.3166833041924008e-06,-0.00019236560028165157,-26.727146612977297,0.11818364930542176,17.737646344579645,0.7403232821461158,1.9501270981267478,0.0009161223571541447,-0.00019236560028165157,-26.727146612977297,0.11818364930542176,17.737646344579645,0.7403232821461158,1.9501270981267478,0.0009161223571541447
3.7909999999996935,2,1,1,2,0.0006846567512158444,5.134490308893229,5.1404501951010975,5.0,0.5976350406753259,-8.908404912966495e-06,0.4359136544172032,0.029580599793312116,-4.4837579990643087e-07,8.132884747551121e-05,0.6011500099023693,-9.278129557961225e-06,0.003514969246488299,0.6965164703822764,0.04306499999999859,0.04306499999999859,1.0,-0.053297791514103056,-0.053310571071762874,0.0,0.0,0.0,-0.053297791514103056,0.0,0.0,0.0,-0.07204318224820047,-0.0720422749037522,0.0,0.0,0.0,0.055,0.3,0.2279568177518002,0.0,0.0,0.0,7.076163636936609e-07,0,0,0,0,0,inf,inf,0,0,0.0,1.4296162907784995,-5.6775023941564125e-06,0.11756713299865847,-7.192556416128252e-06,-1.4994162907784996,-5.100347734325486e-06,1.6291402274622226,-0.7853126857337706,-5.071601337360082e-06,0.10057810938195247,3.5436380808941846e-06,0.13084247130412469,3.0250340369536965e-06,-0.02669857849152388,-2.228078005339851e-06,-0.0001897722398223502,-26.754885078121536,0.11920250500393277,17.73663798881674,0.7403337637199541,1.9499951648479004,0.0009188392463404076,-0.0001897722398223502,-26.754885078121536,0.11920250500393277,17.73663798881674,0.7403337637199541,1.9499951648479004,0.0009188392463404076
3.8009999999996924,2,1,1,2,0.0006848133203793119,5.133873638215594,5.139613028262479,5.0,0.5979308419231976,-8.912743586676384e-06,0.43591447613323187,0.029578305189078866,-4.218728344274566e-07,8.00233902699527e-05,0.6014500099023693,-9.278129557961225e-06,0.0035191679981402663,0.698560629836784,0.04336499999999856,0.04336499999999856,1.0,-0.05329457792310037,-0.05330739483994612,0.0,0.0,0.0,-0.05329457792310037,0.0,0.0,0.0,-0.07257614264262258,-0.0725753633001154,0.0,0.0,0.0,0.055,0.3,0.22742385735737813,0.0,0.0,0.0,7.052382752333782e-07,0,0,0,0,0,inf,inf,0,0,0.0,1.428307009339865,-5.727778894129764e-06,0.11857324736271971,-7.1570925084372155e-06,-1.4981070093398652,-5.0705810492903175e-06,1.6288727403619614,-0.7853127075012468,-4.99108139111366e-06,0.10063867087725951,3.5488330478887954e-06,0.13099823226164178,2.936174747006999e-06,-0.026789696301823342,-2.134025669987668e-06,-0.00018745441919753957,-26.78260833110683,0.1202216018932398,17.7356139334675,0.7403442070671993,1.9498642961699229,0.0009215573851404784,-0.00018745441919753957,-26.78260833110683,0.1202216018932398,17.7356139334675,0.7403442070671993,1.9498642961699229,0.0009215573851404784
3.8109999999996913,2,1,1,2,0.0006849564917376363,5.133282179347627,5.138806978958835,5.0,0.5982266199136821,-8.91680940666e-06,0.4359152852312201,0.029575948649230896,-3.940231093677013e-07,7.879446273480438e-05,0.6017500099023693,-9.278129557961225e-06,0.003523390007213687,0.7006072449481705,0.043664999999998524,0.043664999999998524,1.0,-0.05329118168519795,-0.05330403483233085,0.0,0.0,0.0,-0.05329118168519795,0.0,0.0,0.0,-0.07310906988956571,-0.07310841891646437,0.0,0.0,0.0,0.055,0.3,0.22689093011043496,0.0,0.0,0.0,7.028906986667729e-07,0,0,0,0,0,inf,inf,0,0,0.0,1.4269961705170104,-5.777229497815401e-06,0.11957996616597852,-7.12157075887114e-06,-1.4967961705170105,-5.04173469329706e-06,1.6286043431941422,-0.7853127283039102,-4.906922614591525e-06,0.1006990215404177,3.5550176087808557e-06,0.13115395560588672,2.8417050429798597e-06,-0.02688061262681563,-2.035731591074729e-06,-0.00018539739596860932,-26.81031641420684,0.12124095044468665,17.73457429700101,0.7403546090496461,1.949734444085129,0.0009242765748741223,-0.00018539739596860932,-26.81031641420684,0.12124095044468665,17.73457429700101,0.7403546090496461,1.949734444085129,0.0009242765748741223
3.82099999999969,2,1,1,2,0.0006850869532045991,5.132715299413622,5.138031216117077,5.0,0.5985223740574642,-8.920591703850387e-06,0.43591608246970837,0.02957353557492475,-3.653263694618402e-07,7.764076167897936e-05,0.6020500099023692,-9.278129557961225e-06,0.0035276358630238454,0.702656530189005,0.04396499999999849,0.04396499999999849,1.0,-0.053287612631367796,-0.05330050079350935,0.0,0.0,0.0,-0.053287612631367796,0.0,0.0,0.0,-0.0736419622144929,-0.07364143996647725,0.0,0.0,0.0,0.055,0.3,0.22635803778550773,0.0,0.0,0.0,7.005742733366132e-07,0,0,0,0,0,inf,inf,0,0,0.0,1.425683774564737,-5.825822276194666e-06,0.12058728740818658,-7.085984118871951e-06,-1.4954837745647371,-5.013859012620736e-06,1.6283350379569403,-0.7853127481055752,-4.81992818264356e-06,0.10075918103427009,3.5616855552072257e-06,0.13130966325254284,2.742663686341348e-06,-0.02697133056413325,-1.9343155761336046e-06,-0.00018358538668324619,-26.83800939441479,0.12226056220953359,17.7335192036536,0.7403649670218339,1.9496055637193481,0.0009269967461628592,-0.00018358538668324619,-26.83800939441479,0.12226056220953359,17.7335192036536,0.7403649670218339,1.9496055637193481,0.0009269967461628592
3.830999999999689,2,1,1,2,0.0006852053771628499,5.132172404252338,5.137284937651858,5.0,0.5988181038175268,-8.924084482118983e-06,0.43591686859120904,0.02957107105599004,-3.3622370410701617e-07,7.656045368688995e-05,0.6023500099023692,-9.278129557961225e-06,0.0035319061025875205,0.7047086991007424,0.04426499999999846,0.04426499999999846,1.0,-0.05328388291689036,-0.05329680481630383,0.0,0.0,0.0,-0.05328388291689036,0.0,0.0,0.0,-0.07417481795439645,-0.07417442477463136,0.0,0.0,0.0,0.055,0.3,0.22582518204560412,0.0,0.0,0.0,6.982895321479085e-07,0,0,0,0,0,inf,inf,0,0,0.0,1.4243698215238536,-5.8735330445607364e-06,0.1215952092859716,-7.05033018785803e-06,-1.4941698215238537,-4.986994278419305e-06,1.6280648266151754,-0.7853127668807587,-4.730848379895826e-06,0.10081916904866443,3.5684053688835506e-06,0.1314653761887199,2.640031537831812e-06,-0.02706185364260845,-1.8308066906912456e-06,-0.00018200194485428603,-26.865687361186282,0.12328044947477186,17.73244878247587,0.7403752787766879,1.9494776131168303,0.0009297179415906518,-0.00018200194485428603,-26.865687361186282,0.12328044947477186,17.73244878247587,0.7403752787766879,1.9494776131168303,0.0009297179415906518
3.840999999999688,2,1,1,2,0.0006853124159465198,5.131652935692612,5.136567371600936,5.0,0.5991138087060616,-8.927285842492025e-06,0.43591764431746055,0.02956855987537299,-3.0709947840631927e-07,7.555127504734442e-05,0.6026500099023692,-9.278129557961225e-06,0.0035362012137120534,0.7067639635597949,0.044564999999998425,0.044564999999998425,1.0,-0.053280006518805455,-0.05329296083657516,0.0,0.0,0.0,-0.053280006518805455,0.0,0.0,0.0,-0.07470763557823464,-0.07470737179686465,0.0,0.0,0.0,0.055,0.3,0.22529236442176595,0.0,0.0,0.0,6.960369043161837e-07,0,0,0,0,0,inf,inf,0,0,0.0,1.4230543112301024,-5.920344813340615e-06,0.12260373019246935,-7.014610489690234e-06,-1.4928543112301025,-4.961171301593808e-06,1.6277937110960559,-0.7853127846137541,-4.640377126849054e-06,0.10087900518620355,3.574815878039071e-06,0.13162111453672656,2.534725332392923e-06,-0.027152185811566323,-1.7261402774116269e-06,-0.00018063029100334708,-26.89335042425687,0.12430062496315596,17.73136316644131,0.7403855424939846,1.949350553031059,0.0009324402991400221,-0.00018063029100334708,-26.89335042425687,0.12430062496315596,17.73136316644131,0.7403855424939846,1.949350553031059,0.0009324402991400221
3.850999999999687,2,1,1,2,0.0006854086982369381,5.13115636880819,5.135877776741403,5.0,0.59940948828143,-8.930197429438152e-06,0.43591841034562884,0.029566006514364605,-2.782838964412566e-07,7.461062163908796e-05,0.6029500099023691,-9.278129557961225e-06,0.0035405216380349908,0.7088225331463794,0.04486499999999839,0.04486499999999839,1.0,-0.05327599878402441,-0.053288984178786865,0.0,0.0,0.0,-0.05327599878402441,0.0,0.0,0.0,-0.07524041370262267,-0.07524027963646532,0.0,0.0,0.0,0.055,0.3,0.2247595862973779,0.0,0.0,0.0,6.938167187673914e-07,0,0,0,0,0,inf,inf,0,0,0.0,1.4217372433224953,-5.966247211660014e-06,0.12361284871587737,-6.978829795707709e-06,-1.4915372433224954,-4.936412099564268e-06,1.627521693285054,-0.7853128012976878,-4.5491498418719e-06,0.10093870885963137,3.5806213714391233e-06,0.13177689761009112,2.4275933027703713e-06,-0.027242331425646513,-1.6211569489465266e-06,-0.00017945359747123323,-26.92099871154453,0.1253211015746924,17.730262491618564,0.7403957566916436,1.9492243467227202,0.0009351640367940587,-0.00017945359747123323,-26.92099871154453,0.1253211015746924,17.730262491618564,0.7403957566916436,1.9492243467227202,0.0009351640367940587
3.860999999999686,2,1,1,2,0.0006854948262680896,5.130682209204415,5.135215442757055,5.0,0.5997051421451748,-8.932823904777677e-06,0.4359191673453505,0.029563415158618007,-2.500560516366727e-07,7.373562918158256e-05,0.6032500099023691,-9.278129557961225e-06,0.0035448677740124303,0.7108846146086759,0.04516499999999836,0.04516499999999836,1.0,-0.0532718760265083,-0.05328489115078645,0.0,0.0,0.0,-0.0532718760265083,0.0,0.0,0.0,-0.07577315110327633,-0.07577314705568927,0.0,0.0,0.0,0.055,0.3,0.22422684889672428,0.0,0.0,0.0,6.916292083634976e-07,0,0,0,0,0,inf,inf,0,0,0.0,1.4204186172511248,-6.011235896116535e-06,0.124622563637045,-6.942995498776966e-06,-1.490218617251125,-4.912730597543187e-06,1.6272487750219538,-0.7853128169335737,-4.457742477160647e-06,0.10099829920054113,3.5855863448698444e-06,0.13193274396240795,2.319412455598111e-06,-0.0273322952254722,-1.5166032654983083e-06,-0.00017845522951894576,-26.94863236714279,0.12634189216811717,17.72914689640769,0.7404059201806099,1.9490989597660935,0.0009378894380708665,-0.00017845522951894576,-26.94863236714279,0.12634189216811717,17.72914689640769,0.7404059201806099,1.9490989597660935,0.0009378894380708665
3.8709999999996847,2,1,1,2,0.0006855713737584914,5.130229990369816,5.1345796900232195,5.0,0.6000007699391051,-8.935172456309922e-06,0.43591991595653135,0.02956078970490171,-2.226473388029326e-07,7.292324431320009e-05,0.6035500099023691,-9.278129557961225e-06,0.003549239979833635,0.7129504114141818,0.045464999999998326,0.045464999999998326,1.0,-0.053267655171424635,-0.05328069868572003,0.0,0.0,0.0,-0.053267655171424635,0.0,0.0,0.0,-0.07630584672268735,-0.07630597298358664,0.0,0.0,0.0,0.055,0.3,0.2236941532773133,0.0,0.0,0.0,6.894745122150116e-07,0,0,0,0,0,inf,inf,0,0,0.0,1.419098432284528,-6.055311955635996e-06,0.12563287392621114,-6.907117041187988e-06,-1.488898432284528,-4.890133348918247e-06,1.6269749580971176,-0.7853128315293832,-4.366671572182071e-06,0.10105779497900597,3.5895300312027952e-06,0.13208867142963263,2.2108872988337114e-06,-0.027422082314710935,-1.4131338247652205e-06,-0.00017761894535689478,-26.976251549411568,0.12736300937978492,17.728016520840093,0.7404160320234402,1.9489743598648883,0.0009406168385836468,-0.00017761894535689478,-26.976251549411568,0.12736300937978492,17.728016520840093,0.7404160320234402,1.9489743598648883,0.0009406168385836468
3.8809999999996836,2,1,1,2,0.0006856388844756192,5.129799271126991,5.133969869071388,5.0,0.6002963713424445,-8.937252340236113e-06,0.4359206567878029,0.029558133768574277,-1.962451130016288e-07,7.217028703462592e-05,0.603850009902369,-9.278129557961225e-06,0.003553638576273578,0.7150201233796467,0.04576499999999829,0.04576499999999829,1.0,-0.05326335344394882,-0.05327642402874143,0.0,0.0,0.0,-0.05326335344394882,0.0,0.0,0.0,-0.07683849967448819,-0.0768387565204958,0.0,0.0,0.0,0.055,0.3,0.22316150032551246,0.0,0.0,0.0,6.873526815086065e-07,0,0,0,0,0,inf,inf,0,0,0.0,1.4177766875166558,-6.098481321752105e-06,0.12664377873899604,-6.871205397810095e-06,-1.4875766875166558,-4.868620261300085e-06,1.6267002442479939,-0.7853128450991429,-4.276395174154216e-06,0.10111721453369159,3.5923208461508705e-06,0.13224469716653334,2.10264982294419e-06,-0.027511698133961197,-1.3113145136438347e-06,-0.0001769290601524338,-27.003856429167527,0.12838446547510024,17.726871505940704,0.7404260914957885,1.948850516678284,0.0009433466142420661,-0.0001769290601524338,-27.003856429167527,0.12838446547510024,17.726871505940704,0.7404260914957885,1.948850516678284,0.0009433466142420661
3.8909999999996825,2,1,1,2,0.0006856978713626607,5.129389633200294,5.133385359790974,5.0,0.6005919460690626,-8.939074461800189e-06,0.435921390415565,0.029555450691715786,-1.7099649085122516e-07,7.147350507192253e-05,0.604150009902369,-9.278129557961225e-06,0.0035580638494609913,0.7170939463736973,0.04606499999999826,0.04606499999999826,1.0,-0.05325898809996727,-0.05327208446578617,0.0,0.0,0.0,-0.05325898809996727,0.0,0.0,0.0,-0.07737110924493766,-0.07737149693963792,0.0,0.0,0.0,0.055,0.3,0.22262889075506306,0.0,0.0,0.0,6.852636821988498e-07,0,0,0,0,0,inf,inf,0,0,0.0,1.41645338187351,-6.140754192194006e-06,0.12765527741174995,-6.835272614715294e-06,-1.4862533818735102,-4.848185316651986e-06,1.6264246351559057,-0.7853128576620692,-4.18731448394094e-06,0.10117657571194959,3.5938708634005148e-06,0.13240083767799074,1.9952605671444254e-06,-0.02760114843205822,-1.211626683342284e-06,-0.0001763705739148856,-27.031447187977736,0.1294062722327261,17.725711993150938,0.7404360980525931,1.9487274016581848,0.0009460791702061396,-0.0001763705739148856,-27.031447187977736,0.1294062722327261,17.725711993150938,0.7404360980525931,1.9487274016581848,0.0009460791702061396
3.9009999999996814,2,1,1,2,0.0006857488161388916,5.129000678923422,5.132825570420657,5.0,0.6008874938647896,-8.940650993918817e-06,0.43592211738352327,0.029552743551859866,-1.4701221350421018e-07,7.082962074030891e-05,0.604450009902369,-9.278129557961225e-06,0.0035625160535641387,0.7191720720839248,0.04636499999999823,0.04636499999999823,1.0,-0.05325457619593022,-0.0532676970916537,0.0,0.0,0.0,-0.05325457619593022,0.0,0.0,0.0,-0.07790367489193097,-0.0779041936862184,0.0,0.0,0.0,0.055,0.3,0.22209632510806973,0.0,0.0,0.0,6.832074013674288e-07,0,0,0,0,0,inf,inf,0,0,0.0,1.4151285141194916,-6.182144474299775e-06,0.12866736945635462,-6.799331402461657e-06,-1.4849285141194917,-4.828817275702027e-06,1.6261481324431364,-0.7853128692417497,-4.099776095019546e-06,0.1012358958193576,3.5941304093241207e-06,0.13255710884584304,1.88921057711204e-06,-0.027690439235342347,-1.114472031226951e-06,-0.0001759292711865151,-27.05902401655725,0.13042844085384084,17.72453812380856,0.7404460512959844,1.948604987896054,0.0009488149315063195,-0.0001759292711865151,-27.05902401655725,0.13042844085384084,17.72453812380856,0.7404460512959844,1.948604987896054,0.0009488149315063195
3.9109999999996803,2,1,1,2,0.0006857921693173277,5.1286320290957095,5.13228993637666,5.0,0.6011830145048203,-8.941995034788044e-06,0.4359228382026621,0.029550015171260675,-1.2437049254303362e-07,7.023537089841769e-05,0.6047500099023689,-9.278129557961225e-06,0.0035669954133864356,0.7212546878421661,0.046664999999998194,0.046664999999998194,1.0,-0.0532501343948461,-0.053263278614404275,0.0,0.0,0.0,-0.0532501343948461,0.0,0.0,0.0,-0.0784361962419098,-0.07843684637441052,0.0,0.0,0.0,0.055,0.3,0.22156380375809087,0.0,0.0,0.0,6.81183651236467e-07,0,0,0,0,0,inf,inf,0,0,0.0,1.4138020828634996,-6.2226692535070414e-06,0.12968005455457005,-6.7633947823928296e-06,-1.4836020828634997,-4.810500358583815e-06,1.6258707376703285,-0.7853128798653762,-4.014074703645915e-06,0.10129519157813931,3.593082856402719e-06,0.1327135259519461,1.784924104603098e-06,-0.02777957681543935,-1.0201780076878102e-06,-0.00017559179084143065,-27.086587113270166,0.13145098189844098,17.72335003868384,0.7404559509482834,1.9484832499826708,0.0009515543345085184,-0.00017559179084143065,-27.086587113270166,0.13145098189844098,17.72335003868384,0.7404559509482834,1.9484832499826708,0.0009515543345085184
3.920999999999679,2,1,1,2,0.0006858283505668797,5.128283320993654,5.131777918960363,5.0,0.6014785077912171,-8.943120303498763e-06,0.4359235533515785,0.02954726812662372,-1.0312077534020002e-07,6.968754057682602e-05,0.6050500099023689,-9.278129557961225e-06,0.003571502126863803,0.7233419765024209,0.04696499999999816,0.04696499999999816,1.0,-0.053245678805498325,-0.05325884519312797,0.0,0.0,0.0,-0.053245678805498325,0.0,0.0,0.0,-0.07896867308501747,-0.07896945478256977,0.0,0.0,0.0,0.055,0.3,0.22103132691498323,0.0,0.0,0.0,6.79192173301836e-07,0,0,0,0,0,inf,inf,0,0,0.0,1.4124740865648213,-6.262348291011657e-06,0.13069333255201107,-6.727475783622482e-06,-1.4822740865648214,-4.793214895084412e-06,1.6255924523342142,-0.7853128895630331,-3.930456178739386e-06,0.10135447909388089,3.590739675764142e-06,0.13287010369807886,1.6827619013448322e-06,-0.027868567656076912,-9.290035704296218e-07,-0.0001753456734927752,-27.114136682734774,0.13247390524126915,17.722147877566037,0.7404657968264352,1.9483621638764854,0.0009542978197964988,-0.0001753456734927752,-27.114136682734774,0.13247390524126915,17.722147877566037,0.7404657968264352,1.9483621638764854,0.0009542978197964988
3.930999999999678,2,1,1,2,0.0006858577493674403,5.127954206541711,5.131289003982557,5.0,0.6017739735505063,-8.944040872469134e-06,0.4359242632771243,0.029544504759220803,-8.328738430444177e-08,6.918299085415242e-05,0.6053500099023689,-9.278129557961225e-06,0.003576036367468544,0.7254341163649063,0.04726499999999813,0.04726499999999813,1.0,-0.05324122485192652,-0.05325441230612066,0.0,0.0,0.0,-0.05324122485192652,0.0,0.0,0.0,-0.07950110536881491,-0.07950201884699516,0.0,0.0,0.0,0.055,0.3,0.22049889463118577,0.0,0.0,0.0,6.772326448077522e-07,0,0,0,0,0,inf,inf,0,0,0.0,1.411144523538833,-6.301203553631491e-06,0.13170720345183426,-6.691587187860874e-06,-1.480944523538833,-4.776937939403726e-06,1.6253132778656794,-0.7853128983670461,-3.849120891556244e-06,0.10141377382994084,3.5871357922382875e-06,0.13302685622327295,1.5830249566158692e-06,-0.027957418419452026,-8.411451380417365e-07,-0.000175179387040403,-27.141672934529826,0.13349722004733072,17.72093177889889,0.7404755888203481,1.9482417067833004,0.0009570458259924696,-0.000175179387040403,-27.141672934529826,0.13349722004733072,17.72093177889889,0.7404755888203481,1.9482417067833004,0.0009570458259924696
3.940999999999677,2,1,1,2,0.0006858807258953983,5.1276443506500975,5.130822700337115,5.0,0.6020694116313838,-8.944770935072716e-06,0.43592496839529005,0.02954172718532016,-6.487298318333159e-08,6.871868154096702e-05,0.6056500099023688,-9.278129557961225e-06,0.003580598286503076,0.7275312811407922,0.047564999999998095,0.047564999999998095,1.0,-0.053236787170293946,-0.053249994646614326,0.0,0.0,0.0,-0.053236787170293946,0.0,0.0,0.0,-0.08003349319084474,-0.08003453865452621,0.0,0.0,0.0,0.055,0.3,0.21996650680915594,0.0,0.0,0.0,6.753046838618513e-07,0,0,0,0,0,inf,inf,0,0,0.0,1.4098133919625453,-6.339258777974075e-06,0.1327216674082082,-6.655741318851203e-06,-1.4796133919625454,-4.761643845592548e-06,1.6250332156281644,-0.7853129063113885,-3.770227215854478e-06,0.10147309058895296,3.582325278208013e-06,0.13318379711910147,1.4859585732291214e-06,-0.02804613591258524,-7.567426146190094e-07,-0.0001750823337735455,-27.16919608200051,0.13452093476355997,17.719701879461347,0.7404853268740357,1.948121857046155,0.0009597987846540664,-0.0001750823337735455,-27.16919608200051,0.13452093476355997,17.719701879461347,0.7404853268740357,1.948121857046155,0.0009597987846540664
3.950999999999676,2,1,1,2,0.0006858976121081042,5.127353429703672,5.130378538552577,5.0,0.602364821902521,-8.945324607994096e-06,0.4359256690923001,0.02953893730685864,-4.786184647096425e-08,6.829168921219189e-05,0.6059500099023688,-9.278129557961225e-06,0.003585188015294518,0.7296336399532386,0.04786499999999806,0.04786499999999806,1.0,-0.05323237953026681,-0.05324560604313003,0.0,0.0,0.0,-0.05323237953026681,0.0,0.0,0.0,-0.08056583679030092,-0.08056701443423508,0.0,0.0,0.0,0.055,0.3,0.2194341632096998,0.0,0.0,0.0,6.734078530278555e-07,0,0,0,0,0,inf,inf,0,0,0.0,1.4084806898799982,-6.376539070171493e-06,0.13373672471963535,-6.6199498729142285e-06,-1.4782806898799983,-4.747304801002431e-06,1.6247522669163972,-0.7853129134311502,-3.693895119891443e-06,0.10153244350081728,3.576377404846315e-06,0.13334093944340905,1.3917566483664439e-06,-0.028134727054070285,-6.758853780343175e-07,-0.0001750448434928711,-27.19670634116076,0.13554505712268167,17.718458314089904,0.7404950109681511,1.94800259404509,0.0009625571161333405,-0.0001750448434928711,-27.19670634116076,0.13554505712268167,17.718458314089904,0.7404950109681511,1.94800259404509,0.0009625571161333405
3.960999999999675,2,1,1,2,0.0006859087129681687,5.12708113021187,5.129956069345202,5.0,0.6026602042504844,-8.945715763492208e-06,0.43592636572585663,0.029536136822268324,-3.222290144394018e-08,6.78992210853826e-05,0.6062500099023688,-9.278129557961225e-06,0.003589805667275038,0.7317413573697036,0.04816499999999803,0.04816499999999803,1.0,-0.05322801477827405,-0.053241259401868565,0.0,0.0,0.0,-0.05322801477827405,0.0,0.0,0.0,-0.08109813653903467,-0.08109944654844553,0.0,0.0,0.0,0.055,0.3,0.2189018634609661,0.0,0.0,0.0,6.715416657331799e-07,0,0,0,0,0,inf,inf,0,0,0.0,1.4071464152075308,-6.413070541720233e-06,0.13475237582218608,-6.584223786940986e-06,-1.476946415207531,-4.7338913161237955e-06,1.6244704329554593,-0.7853129197620647,-3.620209782705687e-06,0.10159184601658298,3.569373065181877e-06,0.13349829573287977,1.3005660886246268e-06,-0.028223198841622096,-5.986181343992633e-07,-0.0001750581525707256,-27.224203929689402,0.13656959415940256,17.717201215438692,0.7405046411062389,1.9478838981049449,0.000965321226281471,-0.0001750581525707256,-27.224203929689402,0.13656959415940256,17.717201215438692,0.7405046411062389,1.9478838981049449,0.000965321226281471
3.9709999999996737,2,1,1,2,0.0006859143077832799,5.126827147602724,5.129554862194207,5.0,0.6029555585777553,-8.94595789213709e-06,0.4359270586265065,0.029533327237400372,-1.7912535444430485e-08,6.75386252399349e-05,0.6065500099023687,-9.278129557961225e-06,0.0035944513399618263,0.733854593460895,0.048464999999997996,0.048464999999997996,1.0,-0.05322370480006398,-0.053236966668484785,0.0,0.0,0.0,-0.05322370480006398,0.0,0.0,0.0,-0.08163039293210136,-0.08163183548328445,0.0,0.0,0.0,0.055,0.3,0.21836960706789946,0.0,0.0,0.0,6.69705591563093e-07,0,0,0,0,0,inf,inf,0,0,0.0,1.405810565738925,-6.44887998134063e-06,0.13576862128270184,-6.548573140108317e-06,-1.4756105657389251,-4.721372670077233e-06,1.6241877149001667,-0.7853129253400928,-3.549225176318905e-06,0.1016513109076403,3.5614015695740008e-06,0.1336558780148259,1.212491249922179e-06,-0.028311558320701105,-5.249465701984054e-07,-0.0001751143737806736,-27.251689066016034,0.13759455223448838,17.71593071377451,0.7405142173019483,1.9477657504119288,0.0009680915040159474,-0.0001751143737806736,-27.251689066016034,0.13759455223448838,17.71593071377451,0.7405142173019483,1.9477657504119288,0.0009680915040159474
3.9809999999996726,2,1,1,2,0.0006859146516187955,5.12659118516615,5.129174503955492,5.0,0.6032508848008702,-8.946063991304882e-06,0.43592774809908896,0.029530509876470386,-4.877155935289558e-09,6.720739762105314e-05,0.6068500099023687,-9.278129557961225e-06,0.0035991251168171717,0.7359735038833249,0.04876499999999796,0.04876499999999796,1.0,-0.05321946050013534,-0.05323273880688913,0.0,0.0,0.0,-0.05321946050013534,0.0,0.0,0.0,-0.08216260657802764,-0.08216418183894687,0.0,0.0,0.0,0.055,0.3,0.2178373934219732,0.0,0.0,0.0,6.678990594541672e-07,0,0,0,0,0,inf,inf,0,0,0.0,1.4044731391504401,-6.483994562239481e-06,0.13678546179201642,-6.513007085594496e-06,-1.4742731391504402,-4.7097173118235225e-06,1.6239041138347592,-0.7853129302010634,-3.480967565164769e-06,0.10171085026965546,3.552557810971071e-06,0.133813697818492,1.1275983416715851e-06,-0.02839981255450485,-4.548427386684232e-07,-0.00017520645770384218,-27.279161968492442,0.13861993706606215,17.714646936805163,0.740523739568602,1.9476481329400834,0.000970868319429174,-0.00017520645770384218,-27.279161968492442,0.13861993706606215,17.714646936805163,0.740523739568602,1.9476481329400834,0.000970868319429174
3.9909999999996715,2,1,1,2,0.0006859099767636814,5.126372953122992,5.1288145975273585,5.0,0.6035461828486596,-8.946046478412269e-06,0.4359284344242408,0.02952768589295565,6.944500809117386e-09,6.690318624693342e-05,0.6071500099023687,-9.278129557961225e-06,0.003603827069009383,0.7380982399809954,0.04906499999999793,0.04906499999999793,1.0,-0.05321529179578037,-0.05322858579271994,0.0,0.0,0.0,-0.05321529179578037,0.0,0.0,0.0,-0.08269477818895488,-0.08269648631983119,0.0,0.0,0.0,0.055,0.3,0.21730522181104595,0.0,0.0,0.0,6.661214652149278e-07,0,0,0,0,0,inf,inf,0,0,0.0,1.4031341330057283,-6.518441583723954e-06,0.1378028981582402,-6.477533808659941e-06,-1.4729341330057284,-4.698893217824404e-06,1.6236196307728807,-0.7853129343803646,-3.415438883231243e-06,0.10177047553069847,3.54293979008355e-06,0.1339717661861257,1.0459197383573419e-06,-0.02848796859556278,-3.8825013623814846e-07,-0.00017532814741301727,-27.30662285464662,0.13964575376666866,17.713350009534068,0.7405332079105834,1.9475310283817726,0.0009736520225996139,-0.00017532814741301727,-27.30662285464662,0.13964575376666866,17.713350009534068,0.7405332079105834,1.9475310283817726,0.0009736520225996139
4.000999999999671,2,1,1,2,0.0006859004942173222,5.126172167826528,5.128474760578788,5.0,0.6038414526606026,-8.945917126349343e-06,0.4359291178599284,0.029524856280398734,1.761930532733731e-08,6.662379301519865e-05,0.6074500099023686,-9.278129557961225e-06,0.003608557257058145,0.7402289489033756,0.0493649999999979,0.0493649999999979,1.0,-0.053211207623644174,-0.0532245166194628,0.0,0.0,0.0,-0.053211207623644174,0.0,0.0,0.0,-0.08322690857079379,-0.08322874972468068,0.0,0.0,0.0,0.055,0.3,0.21677309142920698,0.0,0.0,0.0,6.6437217321402e-07,0,0,0,0,0,inf,inf,0,0,0.0,1.4017935447606473,-6.552248245758673e-06,0.1388209313001463,-6.4421605075655875e-06,-1.4715935447606474,-4.688868207397525e-06,1.623334266657834,-0.7853129379126846,-3.352619956376258e-06,0.10183019746304717,3.532646484373731e-06,0.13413009368403478,9.67458133998115e-07,-0.028576033459072742,-3.2508843617478864e-07,-0.00017547392963550802,-27.334071940513468,0.14067200688315304,17.712040054143422,0.7405426223159335,1.9474144200885133,0.0009764429430614621,-0.00017547392963550802,-27.334071940513468,0.14067200688315304,17.712040054143422,0.7405426223159335,1.9474144200885133,0.0009764429430614621
4.010999999999674,2,1,1,2,0.0006858863951812169,5.125988551076285,5.128154624347996,5.0,0.6041366941852852,-8.94568701627715e-06,0.4359297986429866,0.029522021883045407,2.721791371668656e-08,6.636717345428724e-05,0.6077500099023686,-9.278129557961225e-06,0.0036133157323766157,0.7423657737366779,0.049664999999997864,0.049664999999997864,1.0,-0.053207215956879855,-0.0532205393152221,0.0,0.0,0.0,-0.053207215956879855,0.0,0.0,0.0,-0.08375899861350426,-0.08376097293684612,0.0,0.0,0.0,0.055,0.3,0.21624100138649643,0.0,0.0,0.0,6.626505234890063e-07,0,0,0,0,0,inf,inf,0,0,0.0,1.400451371767957,-6.585441454779568e-06,0.13983956224069258,-6.40689339399212e-06,-1.470251371767957,-4.679610217516926e-06,1.623048022363091,-0.785312940831798,-3.292473545825895e-06,0.10189002619816487,3.521776043069173e-06,0.1342886904137751,8.921905110682916e-07,-0.02866401409816099,-2.652578567166635e-07,-0.00017563898272122386,-27.361509440039704,0.14169870043914332,17.710717189899007,0.7405519827504474,1.9472982920159039,0.0009792413894742914,-0.00017563898272122386,-27.361509440039704,0.14169870043914332,17.710717189899007,0.7405519827504474,1.9472982920159039,0.0009792413894742914
4.0209999999996775,2,1,1,2,0.0006858678525324671,5.125821829543201,5.127853832517156,5.0,0.6044319073789653,-8.945366510090174e-06,0.435930476990644,0.029519183406282175,3.581317795416999e-08,6.613143475551507e-05,0.6080500099023686,-9.278129557961225e-06,0.0036181025387056137,0.7445088536456741,0.04996499999999783,0.04996499999999783,1.0,-0.053203323831087966,-0.05321666096838587,0.0,0.0,0.0,-0.053203323831087966,0.0,0.0,0.0,-0.08429104928159664,-0.08429315691476648,0.0,0.0,0.0,0.055,0.3,0.2157089507184041,0.0,0.0,0.0,6.609558333687601e-07,0,0,0,0,0,inf,inf,0,0,0.0,1.3991076112819048,-6.618047658868979e-06,0.14085879210070865,-6.371737709814397e-06,-1.4689076112819048,-4.671087539139767e-06,1.6227608986930413,-0.7853129431703935,-3.2349471941536014e-06,0.10194997124438807,3.510424287297725e-06,0.1344475660236096,8.200718857699122e-07,-0.02875191738112189,-2.086431529957683e-07,-0.00017581912301322094,-27.388935564556352,0.1427258379787925,17.7093815330769,0.740561289152819,1.9471826286759695,0.0009820476499843766,-0.00017581912301322094,-27.388935564556352,0.1427258379787925,17.7093815330769,0.740561289152819,1.9471826286759695,0.0009820476499843766
4.030999999999681,2,1,1,2,0.0006858450222725623,5.125671734285612,5.127572040166518,5.0,0.6047270922042406,-8.944965235538688e-06,0.4359311531020237,0.029516341426807476,4.347877705734352e-08,6.591483236653668e-05,0.6083500099023685,-9.278129557961225e-06,0.0036229177134468804,0.7466583240237715,0.0502649999999978,0.0502649999999978,1.0,-0.05319953737748778,-0.05321288776054162,0.0,0.0,0.0,-0.05319953737748778,0.0,0.0,0.0,-0.08482306160493318,-0.08482530268274742,0.0,0.0,0.0,0.055,0.3,0.21517693839506752,0.0,0.0,0.0,6.592874044409848e-07,0,0,0,0,0,inf,inf,0,0,0.0,1.397762260462693,-6.650092710249248e-06,0.14187862209277294,-6.336697757312044e-06,-1.467562260462693,-4.663269017395157e-06,1.6224728963839563,-0.7853129449599391,-3.179975862275195e-06,0.10201004150687752,3.4986834906978633e-06,0.1346067297202978,7.510388108898109e-07,-0.028839750070755194,-1.5511722521742472e-07,-0.00017601075016437999,-27.416350522317472,0.14375342261128995,17.708033196906985,0.7405705414311389,1.9470674150922453,0.0009848619925109567,-0.00017601075016437999,-27.416350522317472,0.14375342261128995,17.708033196906985,0.7405705414311389,1.9470674150922453,0.0009848619925109567
4.040999999999684,2,1,1,2,0.00068581804492887,5.125538000362751,5.12730891281008,5.0,0.6050222486288153,-8.94449208433176e-06,0.43593182715959955,0.029513496402525756,5.028805715901461e-08,6.571576542708836e-05,0.6086500099023685,-9.278129557961225e-06,0.003627761288895206,0.748814316649135,0.050564999999997765,0.050564999999997765,1.0,-0.05319586186180372,-0.053209225005228254,0.0,0.0,0.0,-0.05319586186180372,0.0,0.0,0.0,-0.08535503666989402,-0.08535741132210224,0.0,0.0,0.0,0.055,0.3,0.21464496333010671,0.0,0.0,0.0,6.576445236454946e-07,0,0,0,0,0,inf,inf,0,0,0.0,1.3964153163808286,-6.681601752957762e-06,0.14289905351529913,-6.301776940131338e-06,-1.4662153163808287,-4.656124218144959e-06,1.6221840161051466,-0.7853129462305821,-3.127484349767525e-06,0.10207024530943315,3.4866414181078268e-06,0.1347661902812981,6.850126214652085e-07,-0.02892751880574642,-1.0454434965541943e-07,-0.0001762107944307772,-27.443754518096945,0.1447814570533927,17.706672291535575,0.7405797394599181,1.946952636763788,0.0009876846658878648,-0.0001762107944307772,-27.443754518096945,0.1447814570533927,17.706672291535575,0.7405797394599181,1.946952636763788,0.0009876846658878648
4.0509999999996875,2,1,1,2,0.0006857870469094965,5.125420366518236,5.127064125513033,5.0,0.605317376624365,-8.943955221416726e-06,0.4359324993306055,0.029510648682100384,5.6313060169394237e-08,6.553277126920873e-05,0.6089500099023685,-9.278129557961225e-06,0.003632633293374185,0.7509769598446835,0.05086499999999773,0.05086499999999773,1.0,-0.05319230172762348,-0.05320567719115226,0.0,0.0,0.0,-0.05319230172762348,0.0,0.0,0.0,-0.08588697561095747,-0.08588948396270588,0.0,0.0,0.0,0.055,0.3,0.21411302438904328,0.0,0.0,0.0,6.560264689498012e-07,0,0,0,0,0,inf,inf,0,0,0.0,1.3950667760213453,-6.7125991335218045e-06,0.14392008774684995,-6.266977812580091e-06,-1.4648667760213454,-4.649623563630019e-06,1.6218942584602971,-0.7853129470110782,-3.0773894961568146e-06,0.10213059041778413,3.4743805941781105e-06,0.13492595606738292,6.219024011210466e-07,-0.029015230084179326,-5.6783041091699194e-08,-0.00017641666316063444,-27.471147752842857,0.14580994367275396,17.705298923999248,0.7405888830783661,1.9468382796288497,0.0009905159004355163,-0.00017641666316063444,-27.471147752842857,0.14580994367275396,17.705298923999248,0.7405888830783661,1.9468382796288497,0.0009905159004355163
4.060999999999691,2,1,1,2,0.0006857521417931436,5.125318574943718,5.126837362090139,5.0,0.6056124761654971,-8.943362102239946e-06,0.43593316976838137,0.029507798514159637,6.162373361714447e-08,6.536451920383674e-05,0.6092500099023684,-9.278129557961225e-06,0.0036375337522759326,0.7531463786410202,0.0511649999999977,0.0511649999999977,1.0,-0.05318886064301799,-0.05320224802877143,0.0,0.0,0.0,-0.05318886064301799,0.0,0.0,0.0,-0.08641887960273291,-0.08642152177500032,0.0,0.0,0.0,0.055,0.3,0.21358112039726787,0.0,0.0,0.0,6.544325110701837e-07,0,0,0,0,0,inf,inf,0,0,0.0,1.3937166362879003,-6.7431083324450235e-06,0.14494172624068977,-6.232302135059689e-06,-1.4635166362879004,-4.643738439862674e-06,1.621603623988953,-0.785312947328749,-3.029602164327404e-06,0.10219108406401356,3.461977780615845e-06,0.13508603503568717,5.616076877983152e-07,-0.029102890249082997,-1.168855632026711e-08,-0.0001766261914824369,-27.498530423382377,0.1468388845272118,17.70391319821439,0.7405979720887136,1.9467243300369526,0.000993355909466291,-0.0001766261914824369,-27.498530423382377,0.1468388845272118,17.70391319821439,0.7405979720887136,1.9467243300369526,0.000993355909466291
4.070999999999694,2,1,1,2,0.0006857134315601246,5.125232371095974,5.12662831438331,5.0,0.6059075472287971,-8.942719497347513e-06,0.43593383861365786,0.029504946056121764,6.628729771246192e-08,6.520980377614077e-05,0.6095500099023684,-9.278129557961225e-06,0.0036424626890141035,0.7553226949398291,0.051464999999997665,0.051464999999997665,1.0,-0.05318554154944259,-0.05319894049914292,0.0,0.0,0.0,-0.05318554154944259,0.0,0.0,0.0,-0.08695074985247295,-0.08695352596247953,0.0,0.0,0.0,0.055,0.3,0.21304925014752785,0.0,0.0,0.0,6.528619178434128e-07,0,0,0,0,0,inf,inf,0,0,0.0,1.3923648940067372,-6.773151914348222e-06,0.14596397051958643,-6.1977509337233974e-06,-1.4621648940067373,-4.638441278548219e-06,1.6213121131681423,-0.7853129472094605,-2.984029010222546e-06,0.10225173297179628,3.4495036337453836e-06,0.13524643475316808,5.040208969714277e-07,-0.029190505475999936,3.0884941629119434e-08,-0.00017683759303583585,-27.52590272217471,0.14786828140429745,17.70251521497506,0.7406070062559067,1.946610774720812,0.000996204890266426,-0.00017683759303583585,-27.52590272217471,0.14786828140429745,17.70251521497506,0.7406070062559067,1.946610774720812,0.000996204890266426
4.0809999999996975,2,1,1,2,0.0006856710077473285,5.125161503575974,5.126436681615352,5.0,0.6062025897919634,-8.942033522166634e-06,0.4359345059957672,0.029502091382615708,7.036776045143591e-08,6.506753764861307e-05,0.6098500099023684,-9.278129557961225e-06,0.003647420125889968,0.7575060276772605,0.05176499999999763,0.05176499999999763,1.0,-0.05318234671197513,-0.05319575690419656,0.0,0.0,0.0,-0.05318234671197513,0.0,0.0,0.0,-0.08748258759308286,-0.087485497754671,0.0,0.0,0.0,0.055,0.3,0.212517412406918,0.0,0.0,0.0,6.513139561433903e-07,0,0,0,0,0,inf,inf,0,0,0.0,1.3910115459305115,-6.802751494663895e-06,0.1469868221708685,-6.163324562649425e-06,-1.4608115459305115,-4.633705616165403e-06,1.621019726414106,-0.7853129466776235,-2.940574045939622e-06,0.1023125433821613,3.4370225220881453e-06,0.1354071624104373,4.490294872945492e-07,-0.029278081762517744,7.108253668248294e-08,-0.00017704941596132987,-27.553264837107676,0.148898135855762,17.7011050719623,0.7406159853067968,1.9464976007738983,0.0009990630256123268,-0.00017704941596132987,-27.553264837107676,0.148898135855762,17.7011050719623,0.7406159853067968,1.9464976007738983,0.0009990630256123268
4.090999999999701,2,1,1,2,0.0006856249525398475,5.125105724047794,5.126262169816701,5.0,0.6064976038330254,-8.941309671948723e-06,0.43593517203378807,0.02949923449349418,7.392555790478425e-08,6.493674425957009e-05,0.6101500099023683,-9.278129557961225e-06,0.0036524060848734516,0.7596964929859515,0.0520649999999976,0.0520649999999976,1.0,-0.05317927777017175,-0.05319269891760424,0.0,0.0,0.0,-0.05317927777017175,0.0,0.0,0.0,-0.08801439407663637,-0.08801743840062405,0.0,0.0,0.0,0.055,0.3,0.2119856059233645,0.0,0.0,0.0,6.497878946419618e-07,0,0,0,0,0,inf,inf,0,0,0.0,1.3896565887419754,-6.831927720867697e-06,0.14801028284174214,-6.1290227670945765e-06,-1.4594565887419755,-4.62950613289188e-06,1.6207264640841317,-0.7853129457562092,-2.899140005367305e-06,0.10237352107952313,3.424592477708266e-06,0.13556822483592926,3.965178612813679e-07,-0.029365624919653537,1.0904701163600366e-07,-0.00017726049874486476,-27.580616951334015,0.1499284492326878,17.699682863760202,0.7406249089312137,1.9463847956291864,0.0010019304849355622,-0.00017726049874486476,-27.580616951334015,0.1499284492326878,17.699682863760202,0.7406249089312137,1.9463847956291864,0.0010019304849355622
4.100999999999704,2,1,1,2,0.0006855753397804467,5.125064787205318,5.126104491321123,5.0,0.6067925893296359,-8.940552858187782e-06,0.43593583683760695,0.029496375321423563,7.70173103835362e-08,6.481655037510165e-05,0.6104500099023683,-9.278129557961225e-06,0.0036574205883114557,0.7618942043544452,0.052364999999997566,0.052364999999997566,1.0,-0.053176335788837174,-0.05318976763563247,0.0,0.0,0.0,-0.053176335788837174,0.0,0.0,0.0,-0.08854617056839989,-0.08854934916290715,0.0,0.0,0.0,0.055,0.3,0.21145382943160096,0.0,0.0,0.0,6.482830068002846e-07,0,0,0,0,0,inf,inf,0,0,0.0,1.388300019057522,-6.860700266326632e-06,0.14903435423486805,-6.09484474657249e-06,-1.4581000190575222,-4.625818673838112e-06,1.6204323264784544,-0.7853129444667798,-2.8596295225298965e-06,0.10243467141774962,3.412265263232657e-06,0.13572962851034626,3.4636902251371754e-07,-0.029453140565009178,1.44917572288933e-07,-0.00017746993247859911,-27.60795924314387,0.15095922271454537,17.698248681880244,0.7406337767816178,1.9462723470418963,0.0010048074257810286,-0.00017746993247859911,-27.60795924314387,0.15095922271454537,17.698248681880244,0.7406337767816178,1.9462723470418963,0.0010048074257810286
4.1109999999997076,2,1,1,2,0.0006855222359142535,5.125038450764366,5.125963364326196,5.0,0.6070875462584396,-8.939767447972641e-06,0.43593650050891514,0.029493513739040144,7.969567560682236e-08,6.470617863892638e-05,0.6107500099023683,-9.278129557961225e-06,0.003662463659558679,0.7640992727836576,0.05266499999999753,0.05266499999999753,1.0,-0.05317352130812736,-0.05318696362731287,0.0,0.0,0.0,-0.05317352130812736,0.0,0.0,0.0,-0.08907791834136135,-0.08908123131211072,0.0,0.0,0.0,0.055,0.3,0.21092208165863946,0.0,0.0,0.0,6.467985720970462e-07,0,0,0,0,0,inf,inf,0,0,0.0,1.3869418334305823,-6.889087834959365e-06,0.1500590381041988,-6.060789216737392e-06,-1.4567418334305824,-4.622620255025461e-06,1.6201373138422215,-0.7853129428295299,-2.821946135107465e-06,0.1024959993460595,3.400086532277566e-06,0.13589137958131806,2.984659998095132e-07,-0.029540634117612447,1.7882882317439478e-07,-0.000177677024509499,-27.63529188587055,0.15199045733739305,17.696802614790293,0.7406425884743346,1.9461602430727545,0.0010076939951465546,-0.000177677024509499,-27.63529188587055,0.15199045733739305,17.696802614790293,0.7406425884743346,1.9461602430727545,0.0010076939951465546
4.120999999999711,2,1,1,2,0.0006854657008545642,5.125026475489746,5.125838512513832,5.0,0.6073824745945111,-8.938957303887633e-06,0.4359371631421238,0.029490649565682005,8.200928670575591e-08,6.460494020725151e-05,0.6110500099023682,-9.278129557961225e-06,0.003667535323540388,0.766311806939405,0.0529649999999975,0.0529649999999975,1.0,-0.05317083439256683,-0.05318428698357264,0.0,0.0,0.0,-0.05317083439256683,0.0,0.0,0.0,-0.08960963867125447,-0.08961308612184593,0.0,0.0,0.0,0.055,0.3,0.21039036132874633,0.0,0.0,0.0,6.453338780100695e-07,0,0,0,0,0,inf,inf,0,0,0.0,1.3855820283548717,-6.917108175026352e-06,0.1510843362510732,-6.026854469227176e-06,-1.4553820283548717,-4.619889056322433e-06,1.6198414263674996,-0.7853129408633374,-2.785995125365074e-06,0.10255750943457786,3.3880960659412254e-06,0.13605348387821234,2.526930526668896e-07,-0.029628110794292308,2.1090997093344365e-07,-0.00017788126527333987,-27.66261504782524,0.15302215401935,17.695344747949733,0.7406513435906442,1.9460484720748923,0.001010590330728753,-0.00017788126527333987,-27.66261504782524,0.15302215401935,17.695344747949733,0.7406513435906442,1.9460484720748923,0.001010590330728753
4.130999999999714,2,1,1,2,0.0006854057887816503,5.125028625239353,5.125729664726452,5.0,0.607677374310855,-8.93812582435844e-06,0.4359378248252107,0.029487782573686748,8.400276233972646e-08,6.451222754208868e-05,0.6113500099023682,-9.278129557961225e-06,0.0036726356072515694,0.7685319133006633,0.05326499999999747,0.05326499999999747,1.0,-0.053168274678564935,-0.05318173736483998,0.0,0.0,0.0,-0.053168274678564935,0.0,0.0,0.0,-0.09014133283206507,-0.0901449148642269,0.0,0.0,0.0,0.055,0.3,0.20985866716793572,0.0,0.0,0.0,6.43888222794919e-07,0,0,0,0,0,inf,inf,0,0,0.0,1.3842206002674944,-6.944778100497369e-06,0.15211025052056376,-5.993038428798941e-06,-1.4540206002674945,-4.617604403457952e-06,1.6195446641953106,-0.7853129385858201,-2.7516842117906674e-06,0.10261920589938804,3.3763280699209796e-06,0.1362159469270268,2.0893667604741135e-07,-0.029715575607510942,2.4128422090687705e-07,-0.00017808229903125113,-27.689928892258656,0.15405431358266436,17.693875163847654,0.7406600416779782,1.9459370226809196,0.0010134965621520287,-0.00017808229903125113,-27.689928892258656,0.15405431358266436,17.693875163847654,0.7406600416779782,1.9459370226809196,0.0010134965621520287
4.140999999999718,2,1,1,2,0.0006853425488690104,5.125044667029417,5.12563655469372,5.0,0.6079722453779705,-8.93727598341727e-06,0.43593848564049337,0.02948491249425934,8.571677452783746e-08,6.44275074175883e-05,0.6116500099023682,-9.278129557961225e-06,0.0036777645401927985,0.7707596963029621,0.053564999999997434,0.053564999999997434,1.0,-0.053165841420061796,-0.053179314046837345,0.0,0.0,0.0,-0.053165841420061796,0.0,0.0,0.0,-0.09067300209200259,-0.09067671880581915,0.0,0.0,0.0,0.055,0.3,0.2093269979079982,0.0,0.0,0.0,6.424609148737872e-07,0,0,0,0,0,inf,inf,0,0,0.0,1.3828575455518928,-6.972113518576672e-06,0.15313678279807097,-5.95933870724412e-06,-1.4526575455518929,-4.615746741026635e-06,1.6192470274176802,-0.7853129360133996,-2.7189241047580967e-06,0.10268109262695109,3.364811514481738e-06,0.13637877396528758,1.6708641776635859e-07,-0.029803033364530034,2.700683630251828e-07,-0.0001782798976184221,-27.717233577346423,0.15508693677333454,17.69239394204512,0.7406686822511153,1.9458258837923617,0.0010164128121516356,-0.0001782798976184221,-27.717233577346423,0.15508693677333454,17.69239394204512,0.7406686822511153,1.9458258837923617,0.0010164128121516356
4.150999999999721,2,1,1,2,0.000685276025946451,5.125074371110445,5.1255589208055,5.0,0.608267087763468,-8.936410369764985e-06,0.43593914566533626,0.029482039022932456,8.718816539093038e-08,6.435031419550145e-05,0.6119500099023681,-9.278129557961225e-06,0.003682922154753264,0.7729952584766233,0.0538649999999974,0.0538649999999974,1.0,-0.05316353353219676,-0.05317701596434744,0.0,0.0,0.0,-0.05316353353219676,0.0,0.0,0.0,-0.09120464770991739,-0.09120849920403516,0.0,0.0,0.0,0.055,0.3,0.20879535229008342,0.0,0.0,0.0,6.41051276287345e-07,0,0,0,0,0,inf,inf,0,0,0.0,1.3814928605406513,-6.999129462099024e-06,0.154163935006158,-5.9257526537155135e-06,-1.4512928605406514,-4.614297598254279e-06,1.6189485160796881,-0.7853129331613659,-2.6876289395539125e-06,0.10274317319778516,3.353570506712788e-06,0.13654196995690082,1.270355282756151e-07,-0.029890488667745567,2.9737250622314067e-07,-0.00017847393662529825,-27.74452925619462,0.15612002427876667,17.690901159219923,0.740677264794036,1.9457150445702138,0.0010193391976817095,-0.00017847393662529825,-27.74452925619462,0.15612002427876667,17.690901159219923,0.740677264794036,1.9457150445702138,0.0010193391976817095
4.160999999999724,2,1,1,2,0.0006852062610957213,5.125117511054089,5.125496505926027,5.0,0.6085619014317438,-8.935531223513368e-06,0.43593980497278917,0.0294791618246042,8.845010353800763e-08,6.428024339486896e-05,0.6122500099023681,-9.278129557961225e-06,0.003688108486536726,0.7752387005796514,0.05416499999999737,0.05416499999999737,1.0,-0.053161349632654974,-0.053174841752706814,0.0,0.0,0.0,-0.053161349632654974,0.0,0.0,0.0,-0.09173627093214205,-0.09174025730395492,0.0,0.0,0.0,0.055,0.3,0.20826372906785875,0.0,0.0,0.0,6.396586425493624e-07,0,0,0,0,0,inf,inf,0,0,0.0,1.3801265415181516,-7.025840125643697e-06,0.15519170910161778,-5.892277401212224e-06,-1.4499265415181517,-4.61323954907491e-06,1.6186491301815114,-0.7853129300439449,-2.6577165998905143e-06,0.1028054509093072,3.342624683005264e-06,0.13670553960687182,8.86814639821366e-08,-0.02997794591614609,3.232999494504436e-07,-0.00017866437557822462,-27.77181607686518,0.15715357674197641,17.689396889213395,0.7406857887608546,1.9456044944261106,0.0010222758309069312,-0.00017866437557822462,-27.77181607686518,0.15715357674197641,17.689396889213395,0.7406857887608546,1.9456044944261106,0.0010222758309069312
4.170999999999728,2,1,1,2,0.000685133292188638,5.125173863846751,5.1254490572450875,5.0,0.608856686343696,-8.934640473385601e-06,0.4359404636321661,0.029476280538188303,8.953226569315355e-08,6.421694559375103e-05,0.6125500099023681,-9.278129557961225e-06,0.0036933235746447308,0.7774901217250335,0.054464999999997335,0.054464999999997335,1.0,-0.05315928808066035,-0.053172789786937485,0.0,0.0,0.0,-0.05315928808066035,0.0,0.0,0.0,-0.0922678729897333,-0.09227199433554878,0.0,0.0,0.0,0.055,0.3,0.2077321270102675,0.0,0.0,0.0,6.382823629041331e-07,0,0,0,0,0,inf,inf,0,0,0.0,1.378758584723081,-7.05225890433774e-06,0.1562201070727632,-5.858909909087983e-06,-1.448558584723081,-4.6125561680159114e-06,1.618348869680444,-0.7853129266743676,-2.6291089441798486e-06,0.10286792879777033,3.3319896097253426e-06,0.13686948737584761,5.19262447153493e-08,-0.030065409307705758,3.479471669244938e-07,-0.00017885123906503223,-27.799094182415114,0.1581875947753463,17.687881203079385,0.7406942535781007,1.945494223015876,0.0010252228200785633,-0.00017885123906503223,-27.799094182415114,0.1581875947753463,17.687881203079385,0.7406942535781007,1.945494223015876,0.0010252228200785633
4.180999999999731,2,1,1,2,0.0006850571543673125,5.125243209981818,5.125416326161614,5.0,0.6091514424564908,-8.933739768665976e-06,0.4359411217095647,0.029473394780870823,9.04610445778628e-08,6.416012067198832e-05,0.612850009902368,-9.278129557961225e-06,0.003698567461911085,0.7797496195025917,0.0547649999999973,0.0547649999999973,1.0,-0.05315734701353098,-0.053170858218412304,0.0,0.0,0.0,-0.05315734701353098,0.0,0.0,0.0,-0.09279945509609056,-0.09280371151127806,0.0,0.0,0.0,0.055,0.3,0.2072005449039102,0.0,0.0,0.0,6.369218027481221e-07,0,0,0,0,0,inf,inf,0,0,0.0,1.3773889863507962,-7.078398434448883e-06,0.15724913093693185,-5.825647001529106e-06,-1.4471889863507963,-4.6122319830720225e-06,1.6180477344928923,-0.785312923064937,-2.6017319474867542e-06,0.10293060965923617,3.321677186730038e-06,0.1370338174944076,1.6676706752659282e-08,-0.030152882842652797,3.714038893039437e-07,-0.00017903460195929925,-27.82636371095208,0.15922207897073629,17.686354169133192,0.7407026586459311,1.9453842202312532,0.0010281802704769658,-0.00017903460195929925,-27.82636371095208,0.15922207897073629,17.686354169133192,0.7407026586459311,1.9453842202312532,0.0010281802704769658
4.190999999999734,2,1,1,2,0.0006849778804682008,5.125325333558973,5.1253980681958184,5.0,0.6094461697233665,-8.932830512482567e-06,0.43594177926832656,0.0294705041519992,9.125976711562717e-08,6.41095124150413e-05,0.613150009902368,-9.278129557961225e-06,0.003703840195097144,0.7820172900945775,0.05506499999999727,0.05506499999999727,1.0,-0.05315552438070715,-0.05316904500902979,0.0,0.0,0.0,-0.05315552438070715,0.0,0.0,0.0,-0.093331018444926,-0.09333541002404852,0.0,0.0,0.0,0.055,0.3,0.20666898155507474,0.0,0.0,0.0,6.355763431330294e-07,0,0,0,0,0,inf,inf,0,0,0.0,1.3760177425555502,-7.104270634982374e-06,0.15827878273819448,-5.792485402030343e-06,-1.4458177425555503,-4.612252426695366e-06,1.6177457244963285,-0.7853129192270957,-2.575515769495039e-06,0.10299349606954121,3.3116960440843785e-06,0.1371985339770607,-1.71553579433676e-08,-0.030240370327473873,3.9375326317597726e-07,-0.00017921457590327564,-27.8536247957005,0.16025702990885016,17.68481585300283,0.7407110033397615,1.94527447619494,0.0010311482849313521,-0.00017921457590327564,-27.8536247957005,0.16025702990885016,17.68481585300283,0.7407110033397615,1.94527447619494,0.0010311482849313521
4.200999999999738,2,1,1,2,0.0006848955013996341,5.125420022376733,5.1253940429258815,5.0,0.609740868093473,-8.931913889851373e-06,0.4359424363694504,0.029467608236616816,9.194892208803046e-08,6.406490348164483e-05,0.613450009902368,-9.278129557961225e-06,0.0037091418250530116,0.7842932283862154,0.055364999999997236,0.055364999999997236,1.0,-0.05315381797524002,-0.053167347962833164,0.0,0.0,0.0,-0.05315381797524002,0.0,0.0,0.0,-0.09386256420856115,-0.09386709104549162,0.0,0.0,0.0,0.055,0.3,0.20613743579143964,0.0,0.0,0.0,6.342453810681508e-07,0,0,0,0,0,inf,inf,0,0,0.0,1.3746448494525731,-7.129886749605295e-06,0.15930906454525803,-5.759421763968598e-06,-1.4444448494525732,-4.612603785884161e-06,1.6174428395312042,-0.7853129151714893,-2.5503947602438343e-06,0.10305659040322947,3.3020519262681948e-06,0.13736364063589565,-4.965314783469512e-08,-0.03032787537955125,4.1507207740286516e-07,-0.0001793912984754099,-27.88087756507756,0.16129244816632346,17.68326631768006,0.7407192870119449,1.9451649812550775,0.0010341269647409007,-0.0001793912984754099,-27.88087756507756,0.16129244816632346,17.68326631768006,0.7407192870119449,1.9451649812550775,0.0010341269647409007
4.210999999999741,2,1,1,2,0.0006848100464712783,5.125527068022951,5.1254040139454915,5.0,0.6100355375117498,-8.930990896037246e-06,0.4359430930719541,0.029464706608657826,9.254639190994939e-08,6.402611073463704e-05,0.6137500099023679,-9.278129557961225e-06,0.0037144724068392185,0.7865775280700824,0.0556649999999972,0.0556649999999972,1.0,-0.05315222546283113,-0.05316576475516451,0.0,0.0,0.0,-0.05315222546283113,0.0,0.0,0.0,-0.09439409353652463,-0.09439875572454846,0.0,0.0,0.0,0.055,0.3,0.2056059064634761,0.0,0.0,0.0,6.329283299926945e-07,0,0,0,0,0,inf,inf,0,0,0.0,1.3732703031200275,-7.15525738833193e-06,0.16033997844955192,-5.726452697410568e-06,-1.4430703031200276,-4.613273152119497e-06,1.617139079402813,-0.7853129109080301,-2.526307413079177e-06,0.1031198948514357,3.2927480615588406e-06,0.13752914109383907,-8.08948700748714e-08,-0.030415401432342806,4.3543103209999464e-07,-0.00017956492383052424,-27.90812214277864,0.16232833432175492,17.68170562357149,0.7407275089933306,1.9450557259798695,0.001037116410092572,-0.00017956492383052424,-27.90812214277864,0.16232833432175492,17.68170562357149,0.7407275089933306,1.9450557259798695,0.001037116410092572
4.220999999999744,2,1,1,2,0.0006847215436802381,5.125646265961602,5.125427748838981,5.0,0.6103301779188267,-8.930062360468402e-06,0.43594374943319303,0.029461798833820996,9.306768258545172e-08,6.399298093269623e-05,0.6140500099023679,-9.278129557961225e-06,0.0037198319998256414,0.7888702817453109,0.05596499999999717,0.05596499999999717,1.0,-0.05315074440840187,-0.053164292959359,0.0,0.0,0.0,-0.05315074440840187,0.0,0.0,0.0,-0.09492560755442696,-0.09493040518633142,0.0,0.0,0.0,0.055,0.3,0.20507439244557374,0.0,0.0,0.0,6.316246204798533e-07,0,0,0,0,0,inf,inf,0,0,0.0,1.3718940996008249,-7.180392568489286e-06,0.16137152656348694,-5.6935747923427985e-06,-1.441694099600825,-4.614248371870863e-06,1.6168344438831006,-0.7853129064459548,-2.5031962739067343e-06,0.10318341143871289,3.283785510332169e-06,0.13769503879748635,-1.109538234689711e-07,-0.030502951741003998,4.548950503723338e-07,-0.0001797356146683776,-27.935358647868423,0.1633646889608198,17.680133828550154,0.7407356685948815,1.944946701153481,0.001040116720462929,-0.0001797356146683776,-27.935358647868423,0.1633646889608198,17.680133828550154,0.7407356685948815,1.944946701153481,0.001040116720462929
4.230999999999748,2,1,1,2,0.0006846300199595248,5.125777415610187,5.125465019170818,5.0,0.6106247892509618,-8.92912896956838e-06,0.4359444055091371,0.02945888447213403,9.3526146766489e-08,6.396538677301546e-05,0.6143500099023679,-9.278129557961225e-06,0.003725220667754339,0.79117158101116,0.05626499999999714,0.05626499999999714,1.0,-0.05314937230025956,-0.05316293007102556,0.0,0.0,0.0,-0.05314937230025956,0.0,0.0,0.0,-0.09545710736308742,-0.09546204053123968,0.0,0.0,0.0,0.055,0.3,0.2045428926369133,0.0,0.0,0.0,6.303336995900406e-07,0,0,0,0,0,inf,inf,0,0,0.0,1.3705162349043234,-7.2053017545762396e-06,0.16240371101887768,-5.660784638543461e-06,-1.4403162349043235,-4.615517998228407e-06,1.616528932712412,-0.785312901793881,-2.481007815205681e-06,0.1032471420388057,3.2751634898369605e-06,0.13786133702946524,-1.3989853700116289e-07,-0.03059052938838303,4.735236131934286e-07,-0.00017990353715325702,-27.962587194878978,0.16440151267878392,17.67855098800634,0.7407437651087111,1.9448378977710827,0.0010431279952352918,-0.00017990353715325702,-27.962587194878978,0.16440151267878392,17.67855098800634,0.7407437651087111,1.9448378977710827,0.0010431279952352918
4.240999999999751,2,1,1,2,0.0006845355013857237,5.125920320415611,5.12551560048684,5.0,0.6109193714399908,-8.928191287169606e-06,0.4359450613546071,0.029455963080240982,9.393320565208502e-08,6.394322328081119e-05,0.6146500099023678,-9.278129557961225e-06,0.0037306384787893997,0.793481516555147,0.056564999999997104,0.056564999999997104,1.0,-0.053148106571999934,-0.05316167353006721,0.0,0.0,0.0,-0.053148106571999934,0.0,0.0,0.0,-0.09598859403789038,-0.09599366283430488,0.0,0.0,0.0,0.055,0.3,0.20401140596211031,0.0,0.0,0.0,6.290550314058076e-07,0,0,0,0,0,inf,inf,0,0,0.0,1.3691367050079015,-7.229993896705499e-06,0.16343653396551597,-5.628078842326704e-06,-1.4389367050079016,-4.6170712440779115e-06,1.6162225456011845,-0.7853128969598604,-2.4596922826809007e-06,0.10331108838938696,3.2668796773308116e-06,0.1380280389203202,-1.6779293204712184e-07,-0.030678137291264746,4.913711111184238e-07,-0.00018006885492685717,-27.98980789391085,0.16543880608425615,17.676957154898624,0.740751797810289,1.9447293070353324,0.0010461503339501842,-0.00018006885492685717,-27.98980789391085,0.16543880608425615,17.676957154898624,0.740751797810289,1.9447293070353324,0.0010461503339501842
4.250999999999754,2,1,1,2,0.0006844380133634023,5.126074787914246,5.125579272324496,5.0,0.6112139244133098,-8.92724977248655e-06,0.43594571702348495,0.02945303421341559,9.429855204171983e-08,6.392640452745046e-05,0.6149500099023678,-9.278129557961225e-06,0.0037360855055347036,0.7958001782364192,0.05686499999999707,0.05686499999999707,1.0,-0.05314694462217559,-0.053160520740433814,0.0,0.0,0.0,-0.05314694462217559,0.0,0.0,0.0,-0.09652006862834804,-0.0965252731447446,0.0,0.0,0.0,0.055,0.3,0.20347993137165266,0.0,0.0,0.0,6.277880965006913e-07,0,0,0,0,0,inf,inf,0,0,0.0,1.3677555058584145,-7.2544774673873484e-06,0.1644699975698864,-5.595454040416194e-06,-1.4375555058584146,-4.61889793719818e-06,1.6159152822315688,-0.7853128919514265,-2.439203520089269e-06,0.10337525210577227,3.258930483512052e-06,0.1381951474598837,-1.9469654123118268e-07,-0.03076577820683564,5.084872051329098e-07,-0.00018023172636862794,-28.017020850737836,0.16647656980000503,17.675352379804206,0.7407597659589581,1.9446209203527305,0.0010491838365503986,-0.00018023172636862794,-28.017020850737836,0.16647656980000503,17.675352379804206,0.7407597659589581,1.9446209203527305,0.0010491838365503986
4.260999999999758,2,1,1,2,0.0006843375807697163,5.126240629791787,5.125655818229755,5.0,0.6115084480938667,-8.926304796039967e-06,0.435946372568883,0.029450097427327758,9.463034984344741e-08,6.391486066348252e-05,0.6152500099023678,-9.278129557961225e-06,0.003741561825042358,0.7981276551637426,0.05716499999999704,0.05716499999999704,1.0,-0.0531458838318717,-0.053159469087818365,0.0,0.0,0.0,-0.0531458838318717,0.0,0.0,0.0,-0.09705153215784842,-0.0970568724857017,0.0,0.0,0.0,0.055,0.3,0.2029484678421523,0.0,0.0,0.0,6.265323913840115e-07,0,0,0,0,0,inf,inf,0,0,0.0,1.3663726333735429,-7.278760496478301e-06,0.16550410401401372,-5.562906911211424e-06,-1.436172633373543,-4.6209884775616395e-06,1.6156071422589915,-0.7853128867756413,-2.419498779774074e-06,0.10343963469363938,3.251311303227085e-06,0.13836266550812049,-2.2066472656137822e-07,-0.030853454739268957,5.249171879818993e-07,-0.00018039230120244892,-28.04422616691377,0.1675148044646984,17.673736710968726,0.7407676687997666,1.944512729330189,0.0010522286035768334,-0.00018039230120244892,-28.04422616691377,0.1675148044646984,17.673736710968726,0.7407676687997666,1.944512729330189,0.0010522286035768334
4.270999999999761,2,1,1,2,0.0006842342280783112,5.126417661927787,5.1257450257788095,5.0,0.6118029424001808,-8.92535665521445e-06,0.43594702804329144,0.029447152279571356,9.493541658594449e-08,6.39085352513116e-05,0.6155500099023677,-9.278129557961225e-06,0.0037470675187930447,0.8004640357693651,0.057464999999997005,0.057464999999997005,1.0,-0.053144921580304434,-0.05315851595532707,0.0,0.0,0.0,-0.053144921580304434,0.0,0.0,0.0,-0.09758298562356803,-0.0975884618541496,0.0,0.0,0.0,0.055,0.3,0.2024170143764327,0.0,0.0,0.0,6.252874298102356e-07,0,0,0,0,0,inf,inf,0,0,0.0,1.364988083443033,-7.302850604173656e-06,0.1665388554944318,-5.53043418369476e-06,-1.434788083443033,-4.623333796964486e-06,1.615298125313648,-0.785312881439135,-2.4005385227344795e-06,0.10350423756078098,3.2440167390128152e-06,0.13853059580543428,-2.457489245673658e-07,-0.030941169346405117,5.407023393387664e-07,-0.00018055071914714,-28.071423939881427,0.16855351073286584,17.672110194354392,0.7407755055644657,1.9444047257702044,0.001055284736482896,-0.00018055071914714,-28.071423939881427,0.16855351073286584,17.672110194354392,0.7407755055644657,1.9444047257702044,0.001055284736482896
4.280999999999764,2,1,1,2,0.0006841279794594082,5.126605704435258,5.125846686602582,5.0,0.6120974072463603,-8.924405584683991e-06,0.4359476834986994,0.029444198330986524,9.521939442799928e-08,6.390738288291863e-05,0.6158500099023677,-9.278129557961225e-06,0.0037526026726785915,0.8028094078775705,0.05776499999999697,0.05776499999999697,1.0,-0.05314405525853821,-0.05315765873729213,0.0,0.0,0.0,-0.05314405525853821,0.0,0.0,0.0,-0.09811442999653007,-0.09812004222094385,0.0,0.0,0.0,0.055,0.3,0.20188557000347065,0.0,0.0,0.0,6.240527411537508e-07,0,0,0,0,0,inf,inf,0,0,0.0,1.3636018519298394,-7.326755031967726e-06,0.16757425422126498,-5.498032644246591e-06,-1.4334018519298395,-4.625925321161225e-06,1.614988231001929,-0.7853128759481466,-2.3822862133594036e-06,0.1035690620279287,3.237040798891289e-06,0.13869894098243413,-2.699968985740033e-07,-0.031028924346414664,5.558802745168321e-07,-0.00018070710806497982,-28.098614263080336,0.16959268927557555,17.670472873689047,0.740783275472709,1.944296901669093,0.0010583523375860902,-0.00018070710806497982,-28.098614263080336,0.16959268927557555,17.670472873689047,0.740783275472709,1.944296901669093,0.0010583523375860902
4.290999999999768,2,1,1,2,0.000684018858857687,5.126804581689486,5.125960596412609,5.0,0.6123918425421491,-8.923451769368848e-06,0.4359483389866939,0.029441235146775043,9.548690635630158e-08,6.391136706196863e-05,0.6161500099023677,-9.278129557961225e-06,0.0037581673769550047,0.8051638587696495,0.05806499999999694,0.05806499999999694,1.0,-0.05314328228146383,-0.05315689485132101,0.0,0.0,0.0,-0.05314328228146383,0.0,0.0,0.0,-0.09864586622179035,-0.09865161453100212,0.0,0.0,0.0,0.055,0.3,0.20135413377821043,0.0,0.0,0.0,6.228278698107062e-07,0,0,0,0,0,inf,inf,0,0,0.0,1.3622139346711701,-7.350480671550051e-06,0.16861030241741287,-5.465699141613611e-06,-1.4320139346711702,-4.628754934518834e-06,1.6146774589077806,-0.785312870308557,-2.3647081125157124e-06,0.10363410933868068,3.2303770702558104e-06,0.13886770356915176,-2.9345299242214653e-07,-0.03111672192446113,5.704852786574882e-07,-0.00018086158392282984,-28.12579722605607,0.17063234077950312,17.668824790513277,0.7407909777331326,1.9441892492130577,0.0010614315103159224,-0.00018086158392282984,-28.12579722605607,0.17063234077950312,17.668824790513277,0.7407909777331326,1.9441892492130577,0.0010614315103159224
4.300999999999771,2,1,1,2,0.0006839068900497394,5.127014122349906,5.126086555026735,5.0,0.6126862481929713,-8.922495352346825e-06,0.4359489945585359,0.029438262297437796,9.57416985776661e-08,6.392045833255604e-05,0.6164500099023676,-9.278129557961225e-06,0.003763761726198062,0.8075274752442196,0.058364999999996905,0.058364999999996905,1.0,-0.05314260009814137,-0.05315622174872399,0.0,0.0,0.0,-0.05314260009814137,0.0,0.0,0.0,-0.09917729521873352,-0.0991831797035956,0.0,0.0,0.0,0.055,0.3,0.2008227047812673,0.0,0.0,0.0,6.216123759906678e-07,0,0,0,0,0,inf,inf,0,0,0.0,1.3608243274794463,-7.37403409163734e-06,0.16964700231782956,-5.433430590270855e-06,-1.4306243274794463,-4.631814947232211e-06,1.6143658085939971,-0.7853128645259211,-2.34777307201831e-06,0.10369938066857688,3.224018869929333e-06,0.13903688600371128,-3.161583870677188e-07,-0.031204564139269763,5.845486235553369e-07,-0.00018101425037853893,-28.15297291456791,0.17167246594654975,17.66716598422669,0.7407986115440464,1.9440817607748038,0.0010645223590456385,-0.00018101425037853893,-28.15297291456791,0.17167246594654975,17.66716598422669,0.7407986115440464,1.9440817607748038,0.0010645223590456385
4.310999999999774,2,1,1,2,0.0006837920966904212,5.1272341593705555,5.126224366393781,5.0,0.6129806240999889,-8.921536443446453e-06,0.4359496502652247,0.029435279359551626,9.59867701395441e-08,6.393463264323115e-05,0.6167500099023676,-9.278129557961225e-06,0.003769385819246023,0.8099003436740272,0.05866499999999687,0.05866499999999687,1.0,-0.053142006200663165,-0.05315563692342508,0.0,0.0,0.0,-0.053142006200663165,0.0,0.0,0.0,-0.09970871788146482,-0.09971473863273611,0.0,0.0,0.0,0.055,0.3,0.20029128211853597,0.0,0.0,0.0,6.204058346265941e-07,0,0,0,0,0,inf,inf,0,0,0.0,1.3594330261431746,-7.397421562772325e-06,0.17068435616888933,-5.401223972406739e-06,-1.4292330261431747,-4.635098065075696e-06,1.614053279603452,-0.7853128586054962,-2.3314523336227257e-06,0.10376487713336463,3.217959372199468e-06,0.13920649064047003,-3.3815134769682516e-07,-0.03129245292957326,5.980988699398787e-07,-0.00018116519870915563,-28.180141410695057,0.17271306549329474,17.665496492133514,0.7408061760950138,1.9439744289107042,0.001067624989400614,-0.00018116519870915563,-28.180141410695057,0.17271306549329474,17.665496492133514,0.7408061760950138,1.9439744289107042,0.001067624989400614
4.320999999999778,2,1,1,2,0.0006836745023398863,5.127464530004792,5.126373838615778,5.0,0.6132749701601687,-8.920575126457005e-06,0.4359503061575414,0.02943228591638304,9.622448856570253e-08,6.3953869916365e-05,0.6170500099023676,-9.278129557961225e-06,0.0037750397591317948,0.8122825500589803,0.05896499999999684,0.05896499999999684,1.0,-0.05314149813159615,-0.053155137919481066,0.0,0.0,0.0,-0.05314149813159615,0.0,0.0,0.0,-0.10024013507928246,-0.10024629218764486,0.0,0.0,0.0,0.055,0.3,0.19975986492071834,0.0,0.0,0.0,6.192078347617361e-07,0,0,0,0,0,inf,inf,0,0,0.0,1.358040026427743,-7.420649080145451e-06,0.1717223662278303,-5.369076338734887e-06,-1.427840026427743,-4.638597361560627e-06,1.613739871460261,-0.7853128525522678,-2.315719334003029e-06,0.10383059979649169,3.212191717422759e-06,0.13937651975761295,-3.594674635208326e-07,-0.03138039012044592,6.11162146061778e-07,-0.00018131450823602436,-28.20730279294212,0.17375414015004584,17.66381634948716,0.7408136705671052,1.9438672463572368,0.0010707395079523304,-0.00018131450823602436,-28.20730279294212,0.17375414015004584,17.66381634948716,0.7408136705671052,1.9438672463572368,0.0010707395079523304
4.330999999999781,2,1,1,2,0.0006835541304820161,5.127705075800059,5.126534783967331,5.0,0.613569286266349,-8.919611464265291e-06,0.43595096228608343,0.029429281558375375,9.645669203856954e-08,6.397815281782266e-05,0.6173500099023675,-9.278129557961225e-06,0.0037807236530173166,0.8146741800756978,0.059264999999996806,0.059264999999996806,1.0,-0.05314107349019077,-0.05315472233733307,0.0,0.0,0.0,-0.05314107349019077,0.0,0.0,0.0,-0.1007715476572174,-0.10077784121328896,0.0,0.0,0.0,0.055,0.3,0.19922845234278339,0.0,0.0,0.0,6.180179795940208e-07,0,0,0,0,0,inf,inf,0,0,0.0,1.3566453240761436,-7.443722384508039e-06,0.17276103476226926,-5.336984808333538e-06,-1.4264453240761437,-4.642306252476523e-06,1.6134255836708864,-0.7853128463709723,-2.300549517794988e-06,0.10389654967587682,3.2067090999854163e-06,0.13954697556423587,-3.8013988264998144e-07,-0.0314683774294343,6.237624094113649e-07,-0.00018146224745696157,-28.234457136341554,0.1747956906593309,17.662125589533893,0.7408210941337482,1.9437602060282535,0.001073866022382744,-0.00018146224745696157,-28.234457136341554,0.1747956906593309,17.662125589533893,0.7408210941337482,1.9437602060282535,0.001073866022382744
4.340999999999784,2,1,1,2,0.0006834310045313588,5.127955642586436,5.126707018911341,5.0,0.6138635723073141,-8.918645503772677e-06,0.43595161870128546,0.029426265883512537,9.668478034530159e-08,6.40074657052184e-05,0.6176500099023675,-9.278129557961225e-06,0.0037864376121180634,0.8170753191237756,0.05956499999999677,0.05956499999999677,1.0,-0.053140729937409356,-0.05315438783889315,0.0,0.0,0.0,-0.053140729937409356,0.0,0.0,0.0,-0.10130295643662882,-0.10130938653097443,0.0,0.0,0.0,0.055,0.3,0.19869704356337195,0.0,0.0,0.0,6.168358854070161e-07,0,0,0,0,0,inf,inf,0,0,0.0,1.3552489148096263,-7.4666469812679604e-06,0.17380036404978072,-5.304946567694147e-06,-1.4250489148096264,-4.646218472683504e-06,1.6131104157251765,-0.7853128400661169,-2.285920160093846e-06,0.10396272775000007,3.2015048408195136e-06,0.13971786020692115,-4.0019952902045096e-07,-0.031556416472496115,6.359216824899707e-07,-0.00018160847437051632,-28.261604512554204,0.17583771777528395,17.66042424355557,0.7408284459616228,1.9436533010118087,0.0010770046413650948,-0.00018160847437051632,-28.261604512554204,0.17583771777528395,17.66042424355557,0.7408284459616228,1.9436533010118087,0.0010770046413650948
4.350999999999788,2,1,1,2,0.0006833051478302423,5.128216080457435,5.1268903641104595,5.0,0.6141578281678732,-8.917677280011977e-06,0.43595227545343035,0.02942323849756921,9.69097947277343e-08,6.404179373604436e-05,0.6179500099023675,-9.278129557961225e-06,0.003792181751625,0.8194860523693752,0.05986499999999674,0.05986499999999674,1.0,-0.05314046519993937,-0.0531541321515937,0.0,0.0,0.0,-0.05314046519993937,0.0,0.0,0.0,-0.10183436221584417,-0.10184092893898372,0.0,0.0,0.0,0.055,0.3,0.1981656377841566,0.0,0.0,0.0,6.156611819886836e-07,0,0,0,0,0,inf,inf,0,0,0.0,1.353850794328291,-7.489428157863996e-06,0.17484035637753262,-5.272958869132374e-06,-1.423650794328291,-4.650328055003795e-06,1.6127943670973546,-0.7853128336419987,-2.2718101989637278e-06,0.10402913496335539,3.196572443839148e-06,0.1398891757758181,-4.1967530529861265e-07,-0.031644508769734916,6.476602755436533e-07,-0.00018175323751125556,-28.288744989967302,0.1768802222624128,17.65871234091102,0.7408357252112593,1.9435465245667727,0.0010801554746070006,-0.00018175323751125556,-28.288744989967302,0.1768802222624128,17.65871234091102,0.7408357252112593,1.9435465245667727,0.0010801554746070006
4.360999999999791,2,1,1,2,0.0006831765836410588,5.128486243743595,5.127084644434132,5.0,0.6144520537289361,-8.916706819621333e-06,0.43595293259265455,0.029420199014266325,9.713248607722549e-08,6.408112212466494e-05,0.6182500099023674,-9.278129557961225e-06,0.0037979561906283047,0.8219064647854643,0.06016499999999671,0.06016499999999671,1.0,-0.0531402770732307,-0.05315395307147032,0.0,0.0,0.0,-0.0531402770732307,0.0,0.0,0.0,-0.10236576577083377,-0.10237246921324883,0.0,0.0,0.0,0.055,0.3,0.197634234229167,0.0,0.0,0.0,6.144935108706219e-07,0,0,0,0,0,inf,inf,0,0,0.0,1.3524509583116189,-7.512070999524407e-06,0.17588101404197407,-5.241019028713799e-06,-1.422250958311619,-4.654629311089989e-06,1.6124774372469421,-0.7853128271027199,-2.258200078688601e-06,0.10409577223131002,3.191905638769278e-06,0.14006092431025247,-4.385942877033188e-07,-0.031732655750898627,6.589969790870252e-07,-0.0001818965764338375,-28.315878633789367,0.17792320489496014,17.65698990907684,0.7408429310375754,1.9434398701199218,0.001083318632544609,-0.0001818965764338375,-28.315878633789367,0.17792320489496014,17.65698990907684,0.7408429310375754,1.9434398701199218,0.001083318632544609
4.370999999999794,2,1,1,2,0.0006830453351304435,5.128765990981408,5.1272896889606905,5.0,0.614746248867596,-8.915734141988055e-06,0.43595359016894375,0.029417147055340435,9.735337347593009e-08,6.412543553033047e-05,0.6185500099023674,-9.278129557961225e-06,0.003803761052034659,0.8243366411900374,0.060464999999996674,0.060464999999996674,1.0,-0.05314016342373004,-0.05315384846542785,0.0,0.0,0.0,-0.05314016342373004,0.0,0.0,0.0,-0.10289716785591138,-0.1029040081080503,0.0,0.0,0.0,0.055,0.3,0.19710283214408936,0.0,0.0,0.0,6.133325263117485e-07,0,0,0,0,0,inf,inf,0,0,0.0,1.3510494024189539,-7.5345804035195005e-06,0.1769223393485679,-5.209124423818718e-06,-1.420849402418954,-4.6591168141298334e-06,1.6121596256196364,-0.7853128204522024,-2.245071604246496e-06,0.1041626404444141,3.1874984112557534e-06,0.14023310780387738,-4.569819007245436e-07,-0.03182085876063599,6.699492472506488e-07,-0.00018203852336017698,-28.343005506142287,0.1789666664551942,17.655256973687294,0.740850062590275,1.94333333126307,0.0010864942266066483,-0.00018203852336017698,-28.343005506142287,0.1789666664551942,17.655256973687294,0.740850062590275,1.94333333126307,0.0010864942266066483
4.380999999999798,2,1,1,2,0.0006829114253514559,5.129055184873845,5.127505330974645,5.0,0.6150404134572073,-8.914759263705842e-06,0.4359542482321264,0.02941408225053423,9.757279562156616e-08,6.417471756386408e-05,0.6188500099023674,-9.278129557961225e-06,0.003809596462489755,0.8267766662814504,0.06076499999999664,0.06076499999999664,1.0,-0.053140122190324546,-0.05315381627271519,0.0,0.0,0.0,-0.053140122190324546,0.0,0.0,0.0,-0.10342856920445279,-0.10343554635673463,0.0,0.0,0.0,0.055,0.3,0.19657143079554798,0.0,0.0,0.0,6.121778931188991e-07,0,0,0,0,0,inf,inf,0,0,0.0,1.3496461222899327,-7.556961092022121e-06,0.17796433461156388,-5.177272490462017e-06,-1.4194461222899328,-4.663785383229178e-06,1.6118409316481328,-0.7853128136942001,-2.232407807217816e-06,0.10422974047219784,3.1833450240650923e-06,0.1404057282093897,-4.7486207657209523e-07,-0.0319091190635165,6.805333498208274e-07,-0.0001821791034977775,-28.3701256661505,0.18001060773303287,17.653513558572982,0.7408571190144243,1.9432269017498929,0.0010896823688219732,-0.0001821791034977775,-28.3701256661505,0.18001060773303287,17.653513558572982,0.7408571190144243,1.9432269017498929,0.0010896823688219732
4.390999999999801,2,1,1,2,0.0006827748772172673,5.129353692248856,5.127731407958905,5.0,0.6153345473674676,-8.913782197892321e-06,0.4359549068318579,0.029411004237529126,9.779095181122677e-08,6.422895040154065e-05,0.6191500099023673,-9.278129557961225e-06,0.0038154625522959142,0.8292266246715853,0.06106499999999661,0.06106499999999661,1.0,-0.053140151385162114,-0.05315385450577236,0.0,0.0,0.0,-0.053140151385162114,0.0,0.0,0.0,-0.10395997052962515,-0.10396708467244302,0.0,0.0,0.0,0.055,0.3,0.19604002947037566,0.0,0.0,0.0,6.110292881649746e-07,0,0,0,0,0,inf,inf,0,0,0.0,1.3482411135448695,-7.5792176236848374e-06,0.17900700215380735,-5.1454607204525315e-06,-1.4180411135448696,-4.668630069299762e-06,1.6115213547528984,-0.78531280683231,-2.2201928222621965e-06,0.10429707316650329,3.1794400275575823e-06,0.14057878744283503,-4.922574035721877e-07,-0.03199743784877426,6.907645191051643e-07,-0.00018231833626649658,-28.39723917002707,0.18105502952483754,17.651759685798158,0.7408640994508194,1.943120575492154,0.0010928831719777847,-0.00018231833626649658,-28.39723917002707,0.18105502952483754,17.651759685798158,0.7408640994508194,1.943120575492154,0.0010928831719777847
4.400999999999804,2,1,1,2,0.00068263571347879,5.129661384011099,5.127967761581892,5.0,0.6156286504644943,-8.912802956430497e-06,0.435955566017608,0.029407912661814264,9.800793672522056e-08,6.428811448937063e-05,0.6194500099023673,-9.278129557961225e-06,0.0038213594553358175,0.8316866009171832,0.061364999999996575,0.061364999999996575,1.0,-0.05314024909386361,-0.05315396125046991,0.0,0.0,0.0,-0.05314024909386361,0.0,0.0,0.0,-0.10449137252512124,-0.1044986237488449,0.0,0.0,0.0,0.055,0.3,0.19550862747487957,0.0,0.0,0.0,6.098863977716772e-07,0,0,0,0,0,inf,inf,0,0,0.0,1.3468343717851012,-7.601354404044969e-06,0.18005034430657837,-5.1136866584951004e-06,-1.4166343717851013,-4.673646142386112e-06,1.6112008943429015,-0.7853127998699823,-2.208411774964106e-06,0.10436463936438237,3.1757782632034986e-06,0.1407522873875138,-5.091892602493805e-07,-0.03208581623481723,7.006570691294979e-07,-0.00018245623589260276,-28.424346071155654,0.18209993263282806,17.649995375698445,0.7408710030362817,1.9430143465581486,0.0010960967494545724,-0.00018245623589260276,-28.424346071155654,0.18209993263282806,17.649995375698445,0.7408710030362817,1.9430143465581486,0.0010960967494545724
4.410999999999808,2,1,1,2,0.0006824939566950896,5.129978135089372,5.1282142376798046,5.0,0.6159227226109029,-8.911821550900621e-06,0.43595622583864035,0.029404807176508903,9.822377081725313e-08,6.435218832973864e-05,0.6197500099023673,-9.278129557961225e-06,0.003827287308994011,0.834156679549113,0.06166499999999654,0.06166499999999654,1.0,-0.05314041347525589,-0.05315413466585188,0.0,0.0,0.0,-0.05314041347525589,0.0,0.0,0.0,-0.10502277586589306,-0.10503016426087129,0.0,0.0,0.0,0.055,0.3,0.19497722413410778,0.0,0.0,0.0,6.087489188105993e-07,0,0,0,0,0,inf,inf,0,0,0.0,1.3454258925932954,-7.623375694866291e-06,0.1810943634094581,-5.081947899285753e-06,-1.4152258925932955,-4.6788290801870296e-06,1.6108795498162964,-0.7853127928105279,-2.197050680098952e-06,0.10443243989060155,3.1723548617516515e-06,0.14092622989751707,-5.256779272466552e-07,-0.03217425527347774,7.1022450709661e-07,-0.00018259281182982502,-28.451446420170743,0.1831453178646848,17.648220646916077,0.7408778289041038,1.9429082091683942,0.0010993232150226183,-0.00018259281182982502,-28.451446420170743,0.1831453178646848,17.648220646916077,0.7408778289041038,1.9429082091683942,0.0010993232150226183
4.420999999999811,2,1,1,2,0.0006823496292037981,5.130303824382304,5.128470686233996,5.0,0.6162167636658821,-8.91083799269977e-06,0.43595688634399166,0.029401687442146624,9.84384210996255e-08,6.442114834017569e-05,0.6200500099023672,-9.278129557961225e-06,0.0038332462540816327,0.8366369450997585,0.06196499999999651,0.06196499999999651,1.0,-0.05314064276063556,-0.05315437298343442,0.0,0.0,0.0,-0.05314064276063556,0.0,0.0,0.0,-0.10555418120888027,-0.10556170686544296,0.0,0.0,0.0,0.055,0.3,0.19444581879112058,0.0,0.0,0.0,6.076165576249844e-07,0,0,0,0,0,inf,inf,0,0,0.0,1.3440156715337237,-7.645285622516975e-06,0.18213906181021794,-5.050242084660047e-06,-1.4138156715337238,-4.68417455769962e-06,1.6105573205610662,-0.785312785657127,-2.1860963497033443e-06,0.10450047555978832,3.1691652344194032e-06,0.14110061680091243,-5.417426996198148e-07,-0.032262755954001236,7.194796243822544e-07,-0.00018272807044777788,-28.478540265033804,0.18419118603194903,17.64643551643514,0.740884576183943,1.9428021576931338,0.0011025626830793436,-0.00018272807044777788,-28.478540265033804,0.18419118603194903,17.64643551643514,0.740884576183943,1.9428021576931338,0.0011025626830793436
4.430999999999814,2,1,1,2,0.0006822027530940791,5.130638334696742,5.128736961343815,5.0,0.6165107734852657,-8.909852294011615e-06,0.435957547582453,0.029398553126425732,9.865182177723578e-08,6.449496877419628e-05,0.6203500099023672,-9.278129557961225e-06,0.003839236434764915,0.8391274821288219,0.062264999999996476,0.062264999999996476,1.0,-0.05314093525271554,-0.05315467450613728,0.0,0.0,0.0,-0.05314093525271554,0.0,0.0,0.0,-0.10608558919372929,-0.10609325220218958,0.0,0.0,0.0,0.055,0.3,0.19391441080627156,0.0,0.0,0.0,6.064890301242854e-07,0,0,0,0,0,inf,inf,0,0,0.0,1.3426037041525078,-7.667088185482869e-06,0.18318444186472851,-5.018566900850684e-06,-1.412403704152508,-4.689678437862041e-06,1.610234205955627,-0.785312778412836,-2.175536310983877e-06,0.10456874717825207,3.1662050618244844e-06,0.14127544990260385,-5.574019727151209e-07,-0.0323513192067896,7.28434580948014e-07,-0.000182862014265241,-28.505627651106295,0.18523753795081263,17.64463999961533,0.7408912440025565,1.942696186648819,0.0011058152682956537,-0.000182862014265241,-28.505627651106295,0.18523753795081263,17.64463999961533,0.7408912440025565,1.942696186648819,0.0011058152682956537
4.440999999999818,2,1,1,2,0.0006820533501740436,5.130981552689951,5.129012921194832,5.0,0.6168047519216044,-8.908864467689218e-06,0.4359582096025442,0.02939540390393059,9.886388554054711e-08,6.457362169306982e-05,0.6206500099023672,-9.278129557961225e-06,0.0038452579984932416,0.8416283752480694,0.06256499999999644,0.06256499999999644,1.0,-0.05314128932419231,-0.05315503760690146,0.0,0.0,0.0,-0.05314128932419231,0.0,0.0,0.0,-0.10661700044349982,-0.10662480089415645,0.0,0.0,0.0,0.055,0.3,0.193382999556501,0.0,0.0,0.0,6.053660600876459e-07,0,0,0,0,0,inf,inf,0,0,0.0,1.341189985977835,-7.688787261107463e-06,0.18423050593688492,-4.9869200758759444e-06,-1.410989985977835,-4.695336763039704e-06,1.6099102053693997,-0.7853127710805916,-2.1653587326993547e-06,0.10463725554551069,3.163470277991345e-06,0.14145073098687896,-5.726733313825635e-07,-0.0324399459069018,7.371009709916654e-07,-0.0001829946437130755,-28.532708621219612,0.1862843744404628,17.642834110225877,0.7408978314833378,1.9425902906962005,0.00110908108568778,-0.0001829946437130755,-28.532708621219612,0.1862843744404628,17.642834110225877,0.7408978314833378,1.9425902906962005,0.00110908108568778
4.450999999999821,2,1,1,2,0.0006819014419442706,5.131333368802066,5.129298428023067,5.0,0.6170986988242319,-8.907874527652678e-06,0.43595887245249554,0.02939223945583147,9.907451765336193e-08,6.465707698336982e-05,0.6209500099023672,-9.278129557961225e-06,0.0038513110959329778,0.8441397091440814,0.06286499999999641,0.06286499999999641,1.0,-0.05314170341611821,-0.05315546072704035,0.0,0.0,0.0,-0.05314170341611821,0.0,0.0,0.0,-0.10714841556535602,-0.10715635354849568,0.0,0.0,0.0,0.055,0.3,0.19285158443464484,0.0,0.0,0.0,6.042473799402671e-07,0,0,0,0,0,inf,inf,0,0,0.0,1.3397745125201521,-7.710386611644529e-06,0.1852772563985462,-4.955299377091108e-06,-1.4095745125201522,-4.701145747267736e-06,1.6095853181633428,-0.7853127636632186,-2.155552360331559e-06,0.10470600145555266,3.1609570546139377e-06,0.14162646181967437,-5.875736108630919e-07,-0.032528636877321666,7.454898839967039e-07,-0.0001831259565540827,-28.55978321574229,0.1873316963236504,17.64101786047728,0.7409043377471054,1.9424844646364476,0.001112360250541952,-0.0001831259565540827,-28.55978321574229,0.1873316963236504,17.64101786047728,0.7409043377471054,1.9424844646364476,0.001112360250541952
4.460999999999824,2,1,1,2,0.0006817470495682756,5.1316936771909045,5.129593348075225,5.0,0.617392614039328,-8.906882488555031e-06,0.4359595361802244,0.029389059469573466,9.928362090173574e-08,6.474530241356311e-05,0.6212500099023671,-9.278129557961225e-06,0.003857395880904078,0.8466615686001412,0.06316499999999638,0.06316499999999638,1.0,-0.05314217603603282,-0.05315594237438619,0.0,0.0,0.0,-0.05314217603603282,0.0,0.0,0.0,-0.10767983515123981,-0.10768791075714002,0.0,0.0,0.0,0.055,0.3,0.19232016484876108,0.0,0.0,0.0,6.031327304308748e-07,0,0,0,0,0,inf,inf,0,0,0.0,1.338357279272339,-7.731889889701442e-06,0.18632469562948567,-4.923702608922208e-06,-1.4081572792723391,-4.7071017691495e-06,1.6092595436904575,-0.7853127561634324,-2.1461064583683742e-06,0.10477498569786467,3.1586617811652766e-06,0.14180264415057753,-6.021189659397688e-07,-0.032617392891975704,7.536119511720786e-07,-0.00018325594870298204,-28.586851472643822,0.188379504425986,17.63919126105285,0.7409107619116773,1.9423787034083022,0.0011156528783519456,-0.00018325594870298204,-28.586851472643822,0.188379504425986,17.63919126105285,0.7409107619116773,1.9423787034083022,0.0011156528783519456
4.470999999999828,2,1,1,2,0.0006815901938453097,5.132062375664626,5.12989755156527,5.0,0.6176864974099826,-8.905888366072808e-06,0.4359602008333149,0.029385863638545045,9.94911019592283e-08,6.483826371849742e-05,0.6215500099023671,-9.278129557961225e-06,0.003863512510316802,0.849194038517008,0.06346499999999634,0.06346499999999634,1.0,-0.05314270575591862,-0.0531564811212592,0.0,0.0,0.0,-0.05314270575591862,0.0,0.0,0.0,-0.10821125977852464,-0.10821947309745703,0.0,0.0,0.0,0.055,0.3,0.1917887402214762,0.0,0.0,0.0,6.020218592416479e-07,0,0,0,0,0,inf,inf,0,0,0.0,1.336938281709861,-7.753300643146405e-06,0.18737282601735067,-4.892127610790193e-06,-1.406738281709861,-4.71320136531269e-06,1.608932881296262,-0.7853127485838455,-2.1370107598028972e-06,0.10484420905824522,3.15658104576413e-06,0.14197927971457786,-6.163249190625141e-07,-0.032706214678557645,7.614773898451324e-07,-0.00018338461482126522,-28.613913427555953,0.18942779957535888,17.637354321139487,0.740917103092065,1.9422730020853405,0.0011189590848290222,-0.00018338461482126522,-28.613913427555953,0.18942779957535888,17.637354321139487,0.740917103092065,1.9422730020853405,0.0011189590848290222
4.480999999999831,2,1,1,2,0.0006814308951835482,5.1324393656141645,5.13021091262764,5.0,0.6179803487762503,-8.904892176943007e-06,0.435960866458997,0.029382651661746965,9.969687466840829e-08,6.49359247108426e-05,0.621850009902367,-9.278129557961225e-06,0.003869661144116538,0.8517372039326307,0.06376499999999631,0.06376499999999631,1.0,-0.053143291210060485,-0.05315707560233259,0.0,0.0,0.0,-0.053143291210060485,0.0,0.0,0.0,-0.10874269001064833,-0.10875104113288213,0.0,0.0,0.0,0.055,0.3,0.1912573099893525,0.0,0.0,0.0,6.009145213425603e-07,0,0,0,0,0,inf,inf,0,0,0.0,1.3355175152909058,-7.774622319545551e-06,0.1884216499576293,-4.86057225523702e-06,-1.4053175152909059,-4.719441224350547e-06,1.60860533031924,-0.7853127409269695,-2.12825542199472e-06,0.10491367231943484,3.1547116151009294e-06,0.1421563702335957,-6.302064058809952e-07,-0.03279510292111229,7.690960358489996e-07,-0.0001835119478905093,-28.640969113830423,0.19047658260240946,17.635507048457743,0.7409233604006995,1.9421673558735972,0.0011222789857791688,-0.0001835119478905093,-28.640969113830423,0.19047658260240946,17.635507048457743,0.7409233604006995,1.9421673558735972,0.0011222789857791688
4.4909999999998345,2,1,1,2,0.0006812691735787182,5.132824551939622,5.130533309267567,5.0,0.6182741679752063,-8.903893938393637e-06,0.43596153310413144,0.029379423243451185,9.990086187530547e-08,6.50382474119532e-05,0.622150009902367,-9.278129557961225e-06,0.003875841945228067,0.8542911500408025,0.06406499999999628,0.06406499999999628,1.0,-0.05314393109278755,-0.05315772451235988,0.0,0.0,0.0,-0.05314393109278755,0.0,0.0,0.0,-0.1092741263977237,-0.10928261541352985,0.0,0.0,0.0,0.055,0.3,0.19072587360227716,0.0,0.0,0.0,5.99810478530127e-07,0,0,0,0,0,inf,inf,0,0,0.0,1.3340949754565081,-7.795858270189627e-06,0.18947116985362242,-4.8290344462460085e-06,-1.4038949754565082,-4.72581818116485e-06,1.608276890091263,-0.7853127331952199,-2.1198309880238522e-06,0.1049833762615791,3.153050415084065e-06,0.1423339174178037,-6.437778125816787e-07,-0.0328840582624393,7.764773705044882e-07,-0.0001836379395740109,-28.668018562595208,0.19152585434017566,17.63364944929048,0.7409295329473267,1.9420617601078538,0.0011256126971166043,-0.0001836379395740109,-28.668018562595208,0.19152585434017566,17.63364944929048,0.7409295329473267,1.9420617601078538,0.0011256126971166043
4.500999999999838,2,1,1,2,0.0006811050485875094,5.13321784298412,5.130864623308473,5.0,0.6185679548409964,-8.90289366871357e-06,0.43596220081518827,0.029376178092865256,1.0010299483507076e-07,6.514519219793648e-05,0.622450009902367,-9.278129557961225e-06,0.003882055079505605,0.8568559622092379,0.06436499999999624,0.06436499999999624,1.0,-0.0531446241561593,-0.0531584266038886,0.0,0.0,0.0,-0.0531446241561593,0.0,0.0,0.0,-0.10980556947712622,-0.10981419647678205,0.0,0.0,0.0,0.055,0.3,0.19019443052287469,0.0,0.0,0.0,5.987094987207678e-07,0,0,0,0,0,inf,inf,0,0,0.0,1.3326706576306604,-7.817011753763776e-06,0.1905213881164197,-4.797512117760809e-06,-1.4024706576306605,-4.7323292116574345e-06,1.607947559937991,-0.7853127253909191,-2.1117283533113827e-06,0.10505332166255113,3.151594510623731e-06,0.14251192296675858,-6.570530099926938e-07,-0.03297308130627752,7.836305450131904e-07,-0.00018376258085544482,-28.69506180280679,0.1925756156235179,17.631781528511404,0.7409356198387874,1.9419562102495962,0.0011289603349348366,-0.00018376258085544482,-28.69506180280679,0.1925756156235179,17.631781528511404,0.7409356198387874,1.9419562102495962,0.0011289603349348366
4.510999999999841,2,1,1,2,0.0006809385393091996,5.133619150459804,5.131204740337129,5.0,0.618861709204885,-8.901891386783632e-06,0.43596286963823416,0.029372915923790332,1.0030321476370569e-07,6.525671795596501e-05,0.622750009902367,-9.278129557961225e-06,0.003888300715684619,0.8594317259966426,0.06466499999999621,0.06466499999999621,1.0,-0.05314536920763132,-0.05315918068490151,0.0,0.0,0.0,-0.05314536920763132,0.0,0.0,0.0,-0.11033701977405863,-0.11034578484785286,0.0,0.0,0.0,0.055,0.3,0.1896629802259423,0.0,0.0,0.0,5.976113566155743e-07,0,0,0,0,0,inf,inf,0,0,0.0,1.3312445572204126,-7.838085939708773e-06,0.19157230716487791,-4.766003232392522e-06,-1.4010445572204127,-4.738971427707024e-06,1.6076173391792528,-0.7853127175163002,-2.1039387368163917e-06,0.10512350929814497,3.150341088423787e-06,0.14269038857035937,-6.700453749799999e-07,-0.033062172619336666,7.905643969819393e-07,-0.00018388586101335825,-28.722098861301085,0.19362586729008538,17.629903289612134,0.7409416201795023,1.941850701883436,0.001132322015265667,-0.00018388586101335825,-28.722098861301085,0.19362586729008538,17.629903289612134,0.7409416201795023,1.941850701883436,0.001132322015265667
4.5209999999998445,2,1,1,2,0.000680769664365837,5.134028389378872,5.13155354964658,5.0,0.6191554308952995,-8.900887111871545e-06,0.43596353961891765,0.029369636454290162,1.0050146975545233e-07,6.537278224969396e-05,0.6230500099023669,-9.278129557961225e-06,0.0038945790253379735,0.8620185271692243,0.06496499999999618,0.06496499999999618,1.0,-0.053146165107679944,-0.05315998561645825,0.0,0.0,0.0,-0.053146165107679944,0.0,0.0,0.0,-0.11086847780209177,-0.11087738104033013,0.0,0.0,0.0,0.055,0.3,0.18913152219790919,0.0,0.0,0.0,5.965158323091316e-07,0,0,0,0,0,inf,inf,0,0,0.0,1.3298166696159663,-7.859083911314599e-06,0.19262392942560086,-4.734505780302041e-06,-1.3996166696159664,-4.74574207237619e-06,1.607286227129404,-0.7853127095735087,-2.09645365575476e-06,0.10519393994216313,3.149287438387817e-06,0.1428693159096505,-6.827678184469442e-07,-0.033151332733130284,7.972874672047047e-07,-0.00018400776921981556,-28.749129762841115,0.19467661017876145,17.628014734729714,0.7409475330707066,1.9417452307155016,0.001135697854336139,-0.00018400776921981556,-28.749129762841115,0.19467661017876145,17.628014734729714,0.7409475330707066,1.9417452307155016,0.001135697854336139
4.530999999999848,2,1,1,2,0.0006805984418836999,5.134445477982979,5.131910944177259,5.0,0.6194491197378706,-8.899880863744414e-06,0.43596421080245584,0.029366339406363844,1.0069771445231935e-07,6.549334148729205e-05,0.6233500099023669,-9.278129557961225e-06,0.0039008901828346283,0.8646164517167686,0.06526499999999615,0.06526499999999615,1.0,-0.05314701076745776,-0.053160840310349025,0.0,0.0,0.0,-0.05314701076745776,0.0,0.0,0.0,-0.11139994406368191,-0.11140898555669324,0.0,0.0,0.0,0.055,0.3,0.18860005593631907,0.0,0.0,0.0,5.954227113129263e-07,0,0,0,0,0,inf,inf,0,0,0.0,1.328386990190757,-7.880008668583992e-06,0.19367625733291935,-4.703017778257217e-06,-1.398186990190757,-4.7526385153420015e-06,1.606954223097672,-0.7853127015646073,-2.0892649044613338e-06,0.10526461436641243,3.1484309379617306e-06,0.14304870665748284,-6.952328002884046e-07,-0.03324056214565354,8.038080088216911e-07,-0.00018412829276314541,-28.776154530162696,0.19572784513138278,17.62611586467175,0.7409533576111149,1.9416397925697255,0.001139087968338076,-0.00018412829276314541,-28.776154530162696,0.19572784513138278,17.62611586467175,0.7409533576111149,1.9416397925697255,0.001139087968338076
4.540999999999851,2,1,1,2,0.000680424889480973,5.134870337671162,5.1322768204565445,5.0,0.619742775555469,-8.898872662704425e-06,0.43596488323362603,0.02936302450562342,1.0089190844135893e-07,6.561835109118284e-05,0.6236500099023669,-9.278129557961225e-06,0.003907234365304224,0.8672255858677753,0.06556499999999611,0.06556499999999611,1.0,-0.053147905146469276,-0.05316174372675786,0.0,0.0,0.0,-0.053147905146469276,0.0,0.0,0.0,-0.11193141905066468,-0.11194059888880761,0.0,0.0,0.0,0.055,0.3,0.18806858094933626,0.0,0.0,0.0,5.943317846616178e-07,0,0,0,0,0,inf,inf,0,0,0.0,1.3269555143015346,-7.900863130899634e-06,0.1947292933288709,-4.671537268841637e-06,-1.3967555143015347,-4.759658248472112e-06,1.606621326388481,-0.7853126934915771,-2.0823645359189515e-06,0.10533553334061899,3.1477690370029176e-06,0.14322856247904547,-7.074523441137211e-07,-0.03332986132291737,8.101339988458056e-07,-0.00018424741844777964,-28.80317318401824,0.1967795729913317,17.6242066789424,0.7409590928963911,1.941534383385962,0.0011424924735999444,-0.00018424741844777964,-28.80317318401824,0.1967795729913317,17.6242066789424,0.7409590928963911,1.941534383385962,0.0011424924735999444
4.5509999999998545,2,1,1,2,0.0006802490242503725,5.135302892933016,5.132651078537059,5.0,0.6200363981682429,-8.89786252940159e-06,0.4359655569567542,0.02935969148098553,1.0108401295364203e-07,6.574776566812304e-05,0.6239500099023668,-9.278129557961225e-06,0.003913611752598336,0.8698460161043609,0.06586499999999608,0.06586499999999608,1.0,-0.05314884725029729,-0.05316269487199783,0.0,0.0,0.0,-0.05314884725029729,0.0,0.0,0.0,-0.11246290324472605,-0.11247222151839602,0.0,0.0,0.0,0.055,0.3,0.18753709675527488,0.0,0.0,0.0,5.932428482309175e-07,0,0,0,0,0,inf,inf,0,0,0.0,1.3255222372884372,-7.921650139520662e-06,0.19578303986317838,-4.640062319807195e-06,-1.3953222372884373,-4.766798881545768e-06,1.606287536301763,-0.7853126853563206,-2.075744845771583e-06,0.10540669763228055,3.1472992439310436e-06,0.14340888503228613,-7.194380530638675e-07,-0.033419230700322766,8.162731447859884e-07,-0.0001843651316016435,-28.830185743217914,0.1978317946044722,17.62228717576673,0.7409647380192451,1.9414289992171168,0.0011459114863949327,-0.0001843651316016435,-28.830185743217914,0.1978317946044722,17.62228717576673,0.7409647380192451,1.9414289992171168,0.0011459114863949327
4.560999999999858,2,1,1,2,0.0006800708627505416,5.135743071276979,5.133033621933966,5.0,0.6203299873936449,-8.896850484792857e-06,0.43596623201570994,0.029356340064369,1.0127399064528892e-07,6.588153917628117e-05,0.6242500099023668,-9.278129557961225e-06,0.003920022527264382,0.8724778291768043,0.06616499999999605,0.06616499999999605,1.0,-0.053149836128352106,-0.05316369279625016,0.0,0.0,0.0,-0.053149836128352106,0.0,0.0,0.0,-0.1129943971178507,-0.11300385391748746,0.0,0.0,0.0,0.055,0.3,0.18700560288215023,0.0,0.0,0.0,5.921557029807882e-07,0,0,0,0,0,inf,inf,0,0,0.0,1.324087154475062,-7.94237245993363e-06,0.1968374993932262,-4.608591023555905e-06,-1.3938871544750622,-4.774058138103812e-06,1.6059528521332602,-0.7853126771606657,-2.0693983588529184e-06,0.10547810800646203,3.14701911397469e-06,0.14358967596822797,-7.312011181687235e-07,-0.033508670683914187,8.222328895011747e-07,-0.00018448141678766207,-28.857192224669113,0.1988845108184018,17.620357352114397,0.7409702920691672,1.9413236362264088,0.001149345123163718,-0.00018448141678766207,-28.857192224669113,0.1988845108184018,17.620357352114397,0.7409702920691672,1.9413236362264088,0.001149345123163718
4.570999999999861,2,1,1,2,0.0006798904209943937,5.136190803164717,5.133424357561416,5.0,0.6206235430464636,-8.895836550308941e-06,0.4359669084538993,0.02935296999040703,1.0146180298654114e-07,6.601962508764623e-05,0.6245500099023668,-9.278129557961225e-06,0.003926466874513761,0.8751211121174637,0.06646499999999601,0.06646499999999601,1.0,-0.053150870871709895,-0.05316473659141144,0.0,0.0,0.0,-0.053150870871709895,0.0,0.0,0.0,-0.11352590113274826,-0.11353549654884396,0.0,0.0,0.0,0.055,0.3,0.18647409886725266,0.0,0.0,0.0,5.910701539271152e-07,0,0,0,0,0,inf,inf,0,0,0.0,1.3226502611685322,-7.963032784078649e-06,0.197892674384035,-4.577121496732986e-06,-1.3924502611685323,-4.78143385136934e-06,1.6056172731748097,-0.7853126689063663,-2.0633178174993432e-06,0.10554976522555,3.1469262379330514e-06,0.1437709369311969,-7.42752327174674e-07,-0.03359818165149838,8.280204197402363e-07,-0.0001845962570502767,-28.88419264341394,0.1999377224831209,17.618417203723475,0.7409757541326107,1.9412182906856124,0.0011527935004009345,-0.0001845962570502767,-28.88419264341394,0.1999377224831209,17.618417203723475,0.7409757541326107,1.9412182906856124,0.0011527935004009345
4.5809999999998645,2,1,1,2,0.0006797077144410071,5.136646021942929,5.1338231956686275,5.0,0.6209170649388506,-8.89482074784735e-06,0.43596758631426147,0.02934958099616832,1.0164740849224831e-07,6.616197654679785e-05,0.6248500099023667,-9.278129557961225e-06,0.003932944982194982,0.8777759522544993,0.06676499999999598,0.06676499999999598,1.0,-0.05315195061101859,-0.053165825388983665,0.0,0.0,0.0,-0.05315195061101859,0.0,0.0,0.0,-0.11405741574325858,-0.11406714986636604,0.0,0.0,0.0,0.055,0.3,0.18594258425674237,0.0,0.0,0.0,5.899860108790245e-07,0,0,0,0,0,inf,inf,0,0,0.0,1.3212115526595647,-7.983633732466484e-06,0.1989485673082333,-4.545651879920899e-06,-1.3910115526595648,-4.78892396027574e-06,1.6052807987146216,-0.7853126605951061,-2.0574961712060115e-06,0.10562167004897041,3.1470182332504927e-06,0.14395266955897107,-7.541020752609588e-07,-0.033687763953657315,8.336426651315953e-07,-0.00018470963423313893,-28.91118701266489,0.20099143045065768,17.61646672512232,0.7409811232926314,1.9411129589716511,0.0011562567346598436,-0.00018470963423313893,-28.91118701266489,0.20099143045065768,17.61646672512232,0.7409811232926314,1.9411129589716511,0.0011562567346598436
4.590999999999868,2,1,1,2,0.000679522757990241,5.137108663777557,5.134230049775397,5.0,0.6212105528803376,-8.893803099513962e-06,0.4359682656392667,0.02934617282088669,1.0183076153017694e-07,6.630854651854108e-05,0.6251500099023667,-9.278129557961225e-06,0.00393945704077624,0.8804424372252201,0.06706499999999595,0.06706499999999595,1.0,-0.053153074514464875,-0.05316695835804623,0.0,0.0,0.0,-0.053153074514464875,0.0,0.0,0.0,-0.11458894139473601,-0.11459881431547757,0.0,0.0,0.0,0.055,0.3,0.1854110586052649,0.0,0.0,0.0,5.889030871144531e-07,0,0,0,0,0,inf,inf,0,0,0.0,1.3197710242225342,-8.0041778562009e-06,0.2000051806460261,-4.514180337423543e-06,-1.3895710242225343,-4.796526505575899e-06,1.6049434280375452,-0.785312652228501,-2.0519265679215648e-06,0.10569382323287785,3.1472927353931926e-06,0.1441348754828517,-7.652603703143409e-07,-0.033777417914662045,8.391063063327869e-07,-0.00018482152905877164,-28.938175343839212,0.20204563557490687,17.614505909652504,0.7409863986287955,1.9410076375654555,0.0011597349426552435,-0.00018482152905877164,-28.938175343839212,0.20204563557490687,17.614505909652504,0.7409863986287955,1.9410076375654555,0.0011597349426552435
4.600999999999871,2,1,1,2,0.0006793355659756297,5.137578667589813,5.13464483660771,5.0,0.6215040066778623,-8.89278362825916e-06,0.4359689464709141,0.0293427452057146,1.0201181187825071e-07,6.645928793458067e-05,0.6254500099023667,-9.278129557961225e-06,0.003946003243319764,0.8831206549890982,0.06736499999999591,0.06736499999999591,1.0,-0.05315424178584251,-0.05316813470331947,0.0,0.0,0.0,-0.05315424178584251,0.0,0.0,0.0,-0.11512047852441419,-0.11513049033349078,0.0,0.0,0.0,0.055,0.3,0.18487952147558673,0.0,0.0,0.0,5.878212005860333e-07,0,0,0,0,0,inf,inf,0,0,0.0,1.3183286711155375,-8.024667638920792e-06,0.2010625168851604,-4.4827050571176295e-06,-1.3881286711155376,-4.804239625983241e-06,1.6046051604253275,-0.785312643808102,-2.0466023463045815e-06,0.10576622552983045,3.147747391746812e-06,0.14431755632768506,-7.762368377149375e-07,-0.03386714383325544,8.444177777829466e-07,-0.0001849319202575506,-28.965157646590946,0.20310033871239444,17.612534749489104,0.7409915792173627,1.9409023230483307,0.0011632282411975145,-0.0001849319202575506,-28.965157646590946,0.20310033871239444,17.612534749489104,0.7409915792173627,1.9409023230483307,0.0011632282411975145
4.6109999999998745,2,1,1,2,0.0006791461521632172,5.1380559749916035,5.135067476033285,5.0,0.6217974261357847,-8.891762357235428e-06,0.4359696288507338,0.029339297893474236,1.0219050224697603e-07,6.661415382638802e-05,0.6257500099023666,-9.278129557961225e-06,0.003952583785465719,0.8858106938409421,0.06766499999999588,0.06766499999999588,1.0,-0.053155451662682734,-0.05316935366328916,0.0,0.0,0.0,-0.053155451662682734,0.0,0.0,0.0,-0.1156520275617518,-0.11566217834995232,0.0,0.0,0.0,0.055,0.3,0.18434797243824916,0.0,0.0,0.0,5.86740172677284e-07,0,0,0,0,0,inf,inf,0,0,0.0,1.3168844885804585,-8.045105498666233e-06,0.2021205785208875,-4.451224250375933e-06,-1.3866844885804586,-4.812061554425955e-06,1.604265995156867,-0.785312635335396,-2.041517028674663e-06,0.10583887768844483,3.1483798549142698e-06,0.14450071371182022,-7.870407306654669e-07,-0.033956941983390776,8.495832723166568e-07,-0.00018504078549345156,-28.992133928841998,0.20415554072127576,17.61055323566213,0.7409966641307351,1.9407970121005047,0.0011667367472466715,-0.00018504078549345156,-28.992133928841998,0.20415554072127576,17.61055323566213,0.7409966641307351,1.9407970121005047,0.0011667367472466715
4.620999999999878,2,1,1,2,0.0006789545297476709,5.138540530225143,5.135497890997366,5.0,0.6220908110559007,-8.890739309960261e-06,0.43597031281978715,0.029335830628431106,1.0236676870316298e-07,6.677309745256545e-05,0.6260500099023666,-9.278129557961225e-06,0.003959198865418114,0.8885126424230354,0.06796499999999585,0.06796499999999585,1.0,-0.0531567034145,-0.0531706145084513,0.0,0.0,0.0,-0.0531567034145,0.0,0.0,0.0,-0.11618358892876006,-0.1161938787869712,0.0,0.0,0.0,0.055,0.3,0.1838164110712409,0.0,0.0,0.0,5.856598282535326e-07,0,0,0,0,0,inf,inf,0,0,0.0,1.3154384718430343,-8.065493789682732e-06,0.20317936805592146,-4.419736152031108e-06,-1.3852384718430344,-4.819990614324966e-06,1.6039259315084542,-0.7853126268118101,-2.0366643149294254e-06,0.1059117804530458,3.1491877790734607e-06,0.1446843492470249,-7.976809342671065e-07,-0.03404681261485351,8.546087412734031e-07,-0.00018514810074054405,-29.019104196811746,0.20521124246184813,17.608561358076823,0.741001652437572,1.94069170149915,0.001170260577940098,-0.00018514810074054405,-29.019104196811746,0.20521124246184813,17.608561358076823,0.741001652437572,1.94069170149915,0.001170260577940098
4.630999999999881,2,1,1,2,0.0006787607113513386,5.1390322801019135,5.1359360074590095,5.0,0.6223841612374573,-8.889714511587526e-06,0.43597099841866993,0.029332343156081183,1.0254054023995359e-07,6.693607241914052e-05,0.6263500099023666,-9.278129557961225e-06,0.003965848683929909,0.8912265897378053,0.06826499999999582,0.06826499999999582,1.0,-0.0531579963410869,-0.05317191653960986,0.0,0.0,0.0,-0.0531579963410869,0.0,0.0,0.0,-0.11671516304031333,-0.11672559205952944,0.0,0.0,0.0,0.055,0.3,0.1832848369596876,0.0,0.0,0.0,5.84579995619346e-07,0,0,0,0,0,inf,inf,0,0,0.0,1.3139906161129205,-8.08583480416437e-06,0.20423888800039441,-4.388239020383969e-06,-1.3837906161129205,-4.828025215958203e-06,1.603584968754012,-0.7853126182387128,-2.0320380768986827e-06,0.10598493456331412,3.1501688163479432e-06,0.14486846453836763,-8.081659705406205e-07,-0.034136755953808336,8.594999009473852e-07,-0.0001852538402466346,-29.046068455044814,0.20626744479648704,17.606559105532558,0.7410065432028483,1.940586388115364,0.00117379985064208,-0.0001852538402466346,-29.046068455044814,0.20626744479648704,17.606559105532558,0.7410065432028483,1.940586388115364,0.00117379985064208
4.6409999999998846,2,1,1,2,0.0006785647090259686,5.139531173942785,5.136381754327772,5.0,0.622677476477163,-8.888687987132948e-06,0.4359716856875173,0.029328835222940698,1.0271173721322965e-07,6.710303278697534e-05,0.6266500099023665,-9.278129557961225e-06,0.00397253344429271,0.8939526251601353,0.06856499999999578,0.06856499999999578,1.0,-0.053159329770942544,-0.05317325908628633,0.0,0.0,0.0,-0.053159329770942544,0.0,0.0,0.0,-0.11724675030444301,-0.11725731857577634,0.0,0.0,0.0,0.055,0.3,0.18275324969555795,0.0,0.0,0.0,5.835005065599718e-07,0,0,0,0,0,inf,inf,0,0,0.0,1.3125409165837605,-8.106130773943813e-06,0.20529914087180795,-4.3567311372426156e-06,-1.3823409165837606,-4.836163852875864e-06,1.6032431061653305,-0.7853126096174168,-2.0276323529137032e-06,0.10605834075392936,3.1513206132169695e-06,0.14505306118405684,-8.185040094676745e-07,-0.034226772203302974,8.642622365017866e-07,-0.00018535797671735712,-29.073026706438156,0.20732414858932566,17.604546465742455,0.741011335487227,1.9404810689127865,0.0011773546828906046,-0.00018535797671735712,-29.073026706438156,0.20732414858932566,17.604546465742455,0.741011335487227,1.9404810689127865,0.0011773546828906046
4.650999999999888,2,1,1,2,0.0006783665342529324,5.140037163521427,5.136835063401059,5.0,0.6229707565691974,-8.887659762682261e-06,0.4359723746660079,0.029325306576353648,1.0288027427382424e-07,6.727393317124731e-05,0.6269500099023665,-9.278129557961225e-06,0.003979253352326761,0.8966908384493882,0.06886499999999575,0.06886499999999575,1.0,-0.05316070305973621,-0.05317464150519969,0.0,0.0,0.0,-0.05316070305973621,0.0,0.0,0.0,-0.11777835112261612,-0.11778905873730715,0.0,0.0,0.0,0.055,0.3,0.18222164887738485,0.0,0.0,0.0,5.824211956535558e-07,0,0,0,0,0,inf,inf,0,0,0.0,1.311089368433253,-8.12638387213134e-06,0.20636012919498145,-4.3252108079804386e-06,-1.380889368433253,-4.844405098375331e-06,1.6029003430122941,-0.7853126009491813,-2.023441343188584e-06,0.10613199975421907,3.1526408103820925e-06,0.14523814077525438,-8.287028671441038e-07,-0.03431686154369136,8.689010060502969e-07,-0.00018546048080606334,-29.099978952266714,0.20838135470666247,17.60252342535161,0.7410160283476066,1.940375740945235,0.001180925192512693,-0.00018546048080606334,-29.099978952266714,0.20838135470666247,17.60252342535161,0.7410160283476066,1.940375740945235,0.001180925192512693
4.660999999999891,2,1,1,2,0.000678166197946444,5.14055020300764,5.1372958693023785,5.0,0.6232640013052182,-8.886629865412907e-06,0.43597306539337116,0.02932175696431335,1.0304605658188135e-07,6.744872883596736e-05,0.6272500099023665,-9.278129557961225e-06,0.003986008616374512,0.8994413197613303,0.06916499999999572,0.06916499999999572,1.0,-0.05316211558891191,-0.05317606317884878,0.0,0.0,0.0,-0.05316211558891191,0.0,0.0,0.0,-0.11830996588999933,-0.1183208129394273,0.0,0.0,0.0,0.055,0.3,0.18169003411000167,0.0,0.0,0.0,5.81341900988901e-07,0,0,0,0,0,inf,inf,0,0,0.0,1.309635966823225,-8.146596214705788e-06,0.2074218555019965,-4.293676361615348e-06,-1.379435966823225,-4.852747602063626e-06,1.602556678563106,-0.7853125922352141,-2.0194594048236057e-06,0.10620591228781315,3.1541270392425466e-06,0.145423704895872,-8.387700232577129e-07,-0.034407024132994145,8.734212466694503e-07,-0.00018556132188813523,-29.126925192207683,0.20943906401608073,17.60048996995514,0.7410206208363231,1.9402704013549377,0.001184511497605162,-0.00018556132188813523,-29.126925192207683,0.20943906401608073,17.60048996995514,0.7410206208363231,1.9402704013549377,0.001184511497605162
4.670999999999895,2,1,1,2,0.0006779637104550587,5.141070248914337,5.137764109420316,5.0,0.6235572104743656,-8.885598323193447e-06,0.4359737579083919,0.029318186135292596,1.0320898381004613e-07,6.762737577582388e-05,0.6275500099023664,-9.278129557961225e-06,0.003992799447295622,0.9022041596598724,0.06946499999999568,0.06946499999999568,1.0,-0.05316356676432892,-0.05317752351417039,0.0,0.0,0.0,-0.05316356676432892,0.0,0.0,0.0,-0.11884159499570905,-0.11885258157140269,0.0,0.0,0.0,0.055,0.3,0.18115840500429198,0.0,0.0,0.0,5.802624628698903e-07,0,0,0,0,0,inf,inf,0,0,0.0,1.308180706899706,-8.16676986206041e-06,0.20848432233213796,-4.262126150890955e-06,-1.377980706899706,-4.861190086477515e-06,1.6022121120845105,-0.7853125834766735,-2.0156810475595733e-06,0.10628007907230733,3.1557769238133746e-06,0.14560975512234264,-8.487126198270449e-07,-0.034497260107213185,8.778277751473171e-07,-0.00018566046715414838,-29.153865424363897,0.21049727738719104,17.598446084115643,0.7410251120015614,1.9401650473705425,0.001188113716550467,-0.00018566046715414838,-29.153865424363897,0.21049727738719104,17.598446084115643,0.7410251120015614,1.9401650473705425,0.001188113716550467
4.680999999999898,2,1,1,2,0.0006777590815678905,5.14159726004217,5.138239723848559,5.0,0.6238503838632689,-8.884565165321187e-06,0.4359744522494203,0.02931459383807859,1.0336894836094327e-07,6.780983078995877e-05,0.6278500099023664,-9.278129557961225e-06,0.0039996260584609635,0.9049794491289941,0.06976499999999565,0.06976499999999565,1.0,-0.05316505601501395,-0.05317902194126739,0.0,0.0,0.0,-0.05316505601501395,0.0,0.0,0.0,-0.11937323882304872,-0.11938436501669696,0.0,0.0,0.0,0.055,0.3,0.18062676117695228,0.0,0.0,0.0,5.791827251421117e-07,0,0,0,0,0,inf,inf,0,0,0.0,1.3067235837930034,-8.186906820504252e-06,0.20954753223183206,-4.230558552362802e-06,-1.3765235837930034,-4.8697313437781844e-06,1.601866642842013,-0.7853125746746717,-2.0121009293185996e-06,0.1063545008189319,3.1575880787643306e-06,0.1457962930233748,-8.585374727462139e-07,-0.03458756958061973,8.8212519870758e-07,-0.00018575788196185098,-29.18079964528663,0.21155599569117256,17.59639175137977,0.7410295008872136,1.9400596763047153,0.0011917319680713576,-0.00018575788196185098,-29.18079964528663,0.21155599569117256,17.59639175137977,0.7410295008872136,1.9400596763047153,0.0011917319680713576
4.690999999999901,2,1,1,2,0.0006775523205189418,5.142131197429695,5.13872265532695,5.0,0.6241435212560456,-8.883530421873857e-06,0.43597514845437996,0.02931097982163102,1.0352583634936901e-07,6.799605155113457e-05,0.6281500099023664,-9.278129557961225e-06,0.0040064886657528425,0.9077672795841842,0.07006499999999562,0.07006499999999562,1.0,-0.05316658279195612,-0.0531805579122228,0.0,0.0,0.0,-0.05316658279195612,0.0,0.0,0.0,-0.1199048977497338,-0.11991616365319668,0.0,0.0,0.0,0.055,0.3,0.18009510225026723,0.0,0.0,0.0,5.781025334715278e-07,0,0,0,0,0,inf,inf,0,0,0.0,1.3052645926177806,-8.207009043719918e-06,0.2106114877545807,-4.198971966485892e-06,-1.3750645926177807,-4.87837023252812e-06,1.6015202701000935,-0.7853125658302752,-2.008713851800729e-06,0.10642917823223728,3.159558110284342e-06,0.14598332015970253,-8.68251080574057e-07,-0.03467795264595895,8.86317918562646e-07,-0.00018585353040989026,-29.20772784999618,0.21261521980007855,17.594326954295056,0.7410337865321527,1.939954285553187,0.0011953663712686766,-0.00018585353040989026,-29.20772784999618,0.21261521980007855,17.594326954295056,0.7410337865321527,1.939954285553187,0.0011953663712686766
4.700999999999905,2,1,1,2,0.000677343435991933,5.142672024303332,5.139212849183524,5.0,0.624436622434306,-8.88249412413364e-06,0.43597584656077615,0.029307343834935468,1.0367952996172416e-07,6.81859966615198e-05,0.6284500099023663,-9.278129557961225e-06,0.004013387487561006,0.9105677428841588,0.07036499999999558,0.07036499999999558,1.0,-0.05316814656703518,-0.053182130900009686,0.0,0.0,0.0,-0.05316814656703518,0.0,0.0,0.0,-0.12043657214810541,-0.12044797785342498,0.0,0.0,0.0,0.055,0.3,0.17956342785189564,0.0,0.0,0.0,5.770217363047957e-07,0,0,0,0,0,inf,inf,0,0,0.0,1.3038037284731387,-8.227078434179813e-06,0.2116761914608932,-4.167364817691207e-06,-1.3736037284731388,-4.887105674544379e-06,1.6011729931224223,-0.7853125569445077,-2.0055147565617652e-06,0.10650411200978613,3.1616846179317775e-06,0.14617083808381437,-8.778596279110576e-07,-0.034768409374661455,8.904101327420535e-07,-0.00018594737417205776,-29.234650032003028,0.213674950587843,17.59225167442574,0.7410379679710646,1.9398488725924559,0.0011990170455901217,-0.00018594737417205776,-29.234650032003028,0.213674950587843,17.59225167442574,0.7410379679710646,1.9398488725924559,0.0011990170455901217
4.710999999999908,2,1,1,2,0.0006771324361267974,5.143219706027942,5.139710253277915,5.0,0.6247296871771485,-8.881456304708584e-06,0.4359765466057055,0.029303685626879534,1.0382990520438346e-07,6.83796257074001e-05,0.6287500099023663,-9.278129557961225e-06,0.004020322744787078,0.9133809313419744,0.07066499999999555,0.07066499999999555,1.0,-0.05316974683197749,-0.05318374039744381,0.0,0.0,0.0,-0.05316974683197749,0.0,0.0,0.0,-0.12096826238533348,-0.12097980798474472,0.0,0.0,0.0,0.055,0.3,0.1790317376146675,0.0,0.0,0.0,5.759401856178833e-07,0,0,0,0,0,inf,inf,0,0,0.0,1.3023409864427016,-8.247116844519367e-06,0.21274164591821473,-4.135735554456531e-06,-1.3721409864427017,-4.895936651845534e-06,1.6008248111720718,-0.7853125480183519,-2.002498720462111e-06,0.1065793028418614,3.163965193695668e-06,0.14635884833968701,-8.873690017638054e-07,-0.034858939816979975,8.944058454597684e-07,-0.00018603937370060736,-29.261566183327393,0.21473518892894927,17.59016589236801,0.7410420442335608,1.9397434349778424,0.001202684110932581,-0.00018603937370060736,-29.261566183327393,0.21473518892894927,17.59016589236801,0.7410420442335608,1.9397434349778424,0.001202684110932581
4.720999999999911,2,1,1,2,0.0006769193285268973,5.143774210060938,5.140214817945727,5.0,0.6250227152611616,-8.880416997378372e-06,0.4359772486258674,0.029300004946124912,1.0397683602093546e-07,6.857689930075885e-05,0.6290500099023663,-9.278129557961225e-06,0.004027294660842567,0.9162069377368127,0.07096499999999552,0.07096499999999552,1.0,-0.05317138309736893,-0.053185385916211705,0.0,0.0,0.0,-0.05317138309736893,0.0,0.0,0.0,-0.12149996882360964,-0.12151165440955146,0.0,0.0,0.0,0.055,0.3,0.17850003117639132,0.0,0.0,0.0,5.748577338271861e-07,0,0,0,0,0,inf,inf,0,0,0.0,1.3008763615947,-8.267126078868712e-06,0.21380785370085179,-4.104082649365775e-06,-1.3706763615947002,-4.904862203681822e-06,1.6004757235117277,-0.785312539052752,-1.999660951767331e-06,0.10665475141118429,3.1663974250832076e-06,0.14654735246250278,-8.967847919597522e-07,-0.0349495440021346,8.983088727182697e-07,-0.00018612948710245054,-29.28847629451757,0.21579593569941916,17.58806958776538,0.7410460143447188,1.9396379703425106,0.0012063676876259265,-0.00018612948710245054,-29.28847629451757,0.21579593569941916,17.58806958776538,0.7410460143447188,1.9396379703425106,0.0012063676876259265
4.730999999999915,2,1,1,2,0.0006767041202645199,5.144335505906165,5.1407264959443335,5.0,0.6253157064604199,-8.879376237531662e-06,0.4359779526575722,0.02929630154099887,1.041201922209172e-07,6.877777911964771e-05,0.6293500099023662,-9.278129557961225e-06,0.004034303461652855,0.9190458553249686,0.07126499999999548,0.07126499999999548,1.0,-0.05317305489178339,-0.0531870669859798,0.0,0.0,0.0,-0.05317305489178339,0.0,0.0,0.0,-0.1220316918203311,-0.1220435174854572,0.0,0.0,0.0,0.055,0.3,0.1779683081796699,0.0,0.0,0.0,5.737742370761379e-07,0,0,0,0,0,inf,inf,0,0,0.0,1.2994098489820642,-8.2871078941437e-06,0.21487481738989533,-4.072404599154933e-06,-1.3692098489820643,-4.913881423647894e-06,1.6001257294038997,-0.7853125300486143,-1.996996785953865e-06,0.10673045839264753,3.1689788949866112e-06,0.1467363519783723,-9.061123073623508e-07,-0.03504022193839628,9.021228467343292e-07,-0.00018621767136787695,-29.31538035466834,0.21685719177544263,17.585962739322767,0.7410498773242971,1.939532476394946,0.0012100678963993501,-0.00018621767136787695,-29.31538035466834,0.21685719177544263,17.585962739322767,0.7410498773242971,1.939532476394946,0.0012100678963993501
4.740999999999918,2,1,1,2,0.0006764868178903141,5.144903565069816,5.141245242399785,5.0,0.6256086605464778,-8.87833406112604e-06,0.4359786587367544,0.029292575159384944,1.0425984253212488e-07,6.898222793778041e-05,0.6296500099023662,-9.278129557961225e-06,0.004041349375663534,0.9218977778512262,0.07156499999999545,0.07156499999999545,1.0,-0.05317476176092652,-0.05318878315354618,0.0,0.0,0.0,-0.05317476176092652,0.0,0.0,0.0,-0.12256343172827565,-0.12257539756546554,0.0,0.0,0.0,0.055,0.3,0.1774365682717254,0.0,0.0,0.0,5.726895529344433e-07,0,0,0,0,0,inf,inf,0,0,0.0,1.297941443642513,-8.307064001295266e-06,0.21594253957314102,-4.040699924742785e-06,-1.367741443642513,-4.922993456891416e-06,1.5997748281111284,-0.7853125210068107,-1.994501681571087e-06,0.10680642445305888,3.1717071840442095e-06,0.14692584840404732,-9.153565799599317e-07,-0.03513097361317057,9.058512257789665e-07,-0.00018630388148410342,-29.34227835143801,0.21791895803412412,17.583845324821162,0.7410536321873541,1.9394269509182918,0.0012137848585860814,-0.00018630388148410342,-29.34227835143801,0.21791895803412412,17.583845324821162,0.7410536321873541,1.9394269509182918,0.0012137848585860814
4.750999999999921,2,1,1,2,0.0006762674274387861,5.145478361018609,5.141771014755116,5.0,0.6259015772883695,-8.877290506012092e-06,0.43597936689898176,0.029288825548627936,1.0439565359502122e-07,6.919020965233584e-05,0.6299500099023662,-9.278129557961225e-06,0.0040484326338404,0.9247627995599923,0.07186499999999542,0.07186499999999542,1.0,-0.05317650326687592,-0.053190533982074295,0.0,0.0,0.0,-0.05317650326687592,0.0,0.0,0.0,-0.12309518889576879,-0.12310729499813866,0.0,0.0,0.0,0.055,0.3,0.17690481110423226,0.0,0.0,0.0,5.716035416619217e-07,0,0,0,0,0,inf,inf,0,0,0.0,1.2964711405986515,-8.326996066517866e-06,0.21701102284500695,-4.008967171251235e-06,-1.3662711405986516,-4.932197497425329e-06,1.599423018896195,-0.7853125119281786,-1.9921712161551997e-06,0.10688265025089999,3.1745798716153622e-06,0.14711584324663934,-9.245223783850048e-07,-0.03522179899304034,9.094972972244965e-07,-0.00018638807091045522,-29.369170271064934,0.2189812353528551,17.5817173211308,0.7410572779435703,1.939321391768063,0.0012175186959201862,-0.00018638807091045522,-29.369170271064934,0.2189812353528551,17.5817173211308,0.7410572779435703,1.939321391768063,0.0012175186959201862
4.760999999999925,2,1,1,2,0.0006760459544384581,5.146059869136277,5.142303772719894,5.0,0.6261944564525971,-8.876245611513301e-06,0.4359800771794684,0.02928505245543791,1.0452749163913616e-07,6.940168930301402e-05,0.6302500099023661,-9.278129557961225e-06,0.0040555534696813346,0.9276410152065023,0.07216499999999539,0.07216499999999539,1.0,-0.05317827898733153,-0.05319231905034129,0.0,0.0,0.0,-0.05317827898733153,0.0,0.0,0.0,-0.12362696366684332,-0.12363921012775687,0.0,0.0,0.0,0.055,0.3,0.1763730363331577,0.0,0.0,0.0,5.705160653185755e-07,0,0,0,0,0,inf,inf,0,0,0.0,1.2949989348580675,-8.346905712417115e-06,0.21808026980644918,-3.977204908008485e-06,-1.3647989348580676,-4.9414927855359055e-06,1.5990703010223297,-0.7853125028135236,-1.990001082303695e-06,0.10695913643609337,3.177594537265731e-06,0.1473063380033313,-9.336142152938518e-07,-0.03531269802381035,9.130641856836068e-07,-0.00018647019159732223,-29.396056098383717,0.22004402460916558,17.57957870422467,0.7410608135976188,1.9392157968708372,0.0012212695307700634,-0.00018647019159732223,-29.396056098383717,0.22004402460916558,17.57957870422467,0.7410608135976188,1.9392157968708372,0.0012212695307700634
4.770999999999928,2,1,1,2,0.0006758224039183072,5.14664806668632,5.1428434782210655,5.0,0.6264872978031294,-8.875199417727066e-06,0.43598078961308506,0.029281255625806794,1.0465522462751025e-07,6.961663308829146e-05,0.6305500099023661,-9.278129557961225e-06,0.004062712119217526,0.9305325200678749,0.07246499999999535,0.07246499999999535,1.0,-0.053180088514957716,-0.05319413795208647,0.0,0.0,0.0,-0.053180088514957716,0.0,0.0,0.0,-0.12415875638139187,-0.12417114329447106,0.0,0.0,0.0,0.055,0.3,0.17584124361860912,0.0,0.0,0.0,5.69426987387446e-07,0,0,0,0,0,inf,inf,0,0,0.0,1.2935248214134332,-8.36679451913916e-06,0.21915028306487475,-3.94541172853217e-06,-1.3633248214134333,-4.950878605252925e-06,1.5987166737534186,-0.7853124936636215,-1.9879870837250997e-06,0.10703588364978449,3.180748763533921e-06,0.1474973341610938,-9.426363532957529e-07,-0.03540367063051604,9.1655485841842e-07,-0.00018655019351709266,-29.42293581684003,0.22110732668101202,17.577429449191566,0.7410642381489152,1.939110164223247,0.0012250374859700368,-0.00018655019351709266,-29.42293581684003,0.22110732668101202,17.577429449191566,0.7410642381489152,1.939110164223247,0.0012250374859700368
4.780999999999931,2,1,1,2,0.0006755967804167587,5.1472429327717215,5.14339009535514,5.0,0.6267801011013907,-8.874151966569269e-06,0.4359815042343711,0.02927743480492753,1.0477871864144972e-07,6.983500837660972e-05,0.6308500099023661,-9.278129557961225e-06,0.004069908821024683,0.9334374099540694,0.07276499999999532,0.07276499999999532,1.0,-0.053181931456749786,-0.05319599029537052,0.0,0.0,0.0,-0.053181931456749786,0.0,0.0,0.0,-0.12469056737531306,-0.12470309483444876,0.0,0.0,0.0,0.055,0.3,0.1753094326246879,0.0,0.0,0.0,5.683361735265998e-07,0,0,0,0,0,inf,inf,0,0,0.0,1.2920487952426085,-8.386664025457694e-06,0.22022106523405305,-3.913586250506568e-06,-1.3618487952426086,-4.960354281955316e-06,1.5983621363542118,-0.7853124844792186,-1.98612513092407e-06,0.10711289252413198,3.1840401344644473e-06,0.14768883319640014,-9.515928249911561e-07,-0.03549471671742523,9.199721344328963e-07,-0.00018662802588707603,-29.44980940850529,0.22217114244548697,17.575269530248317,0.7410675505913341,1.9390044918901832,0.0012288226850136485,-0.00018662802588707603,-29.44980940850529,0.22217114244548697,17.575269530248317,0.7410675505913341,1.9390044918901832,0.0012288226850136485
4.790999999999935,2,1,1,2,0.0006753690879898458,5.147844448297214,5.143943590341656,5.0,0.6270728661062523,-8.873103300920614e-06,0.4359822210775461,0.029273589737120034,1.0489784376841441e-07,7.005678371308352e-05,0.631150009902366,-9.278129557961225e-06,0.004077143816231473,0.9363557812190161,0.07306499999999529,0.07306499999999529,1.0,-0.053183807433459726,-0.05319787570199633,0.0,0.0,0.0,-0.053183807433459726,0.0,0.0,0.0,-0.12522239698065157,-0.1252350650800141,0.0,0.0,0.0,0.055,0.3,0.17477760301934941,0.0,0.0,0.0,5.672434920802312e-07,0,0,0,0,0,inf,inf,0,0,0.0,1.2905708513087477,-8.406515729824046e-06,0.22129261893402472,-3.881727115743212e-06,-1.3603708513087478,-4.969919180061421e-06,1.5980066880905308,-0.785312475261034,-1.9844112378906696e-06,0.10719016368211023,3.1874662403331875e-06,0.14788083657494258,-9.6048743007553e-07,-0.035585836168021884,9.233186856591166e-07,-0.00018670363597848537,-29.476676854091004,0.22323547277976133,17.573098920751526,0.7410707499134567,1.9388987780028457,0.001232625251951158,-0.00018670363597848537,-29.476676854091004,0.22323547277976133,17.573098920751526,0.7410707499134567,1.9388987780028457,0.001232625251951158
4.800999999999938,2,1,1,2,0.0006751393302203692,5.148452595934346,5.144503931477971,5.0,0.6273655925740269,-8.872053465470352e-06,0.4359829401765225,0.029269720165761227,1.0501247059515855e-07,7.028192882327918e-05,0.631450009902366,-9.278129557961225e-06,0.004084417348525293,0.9392877307715412,0.07336499999999525,0.07336499999999525,1.0,-0.0531857160790432,-0.05319979380696656,0.0,0.0,0.0,-0.0531857160790432,0.0,0.0,0.0,-0.1257542455257327,-0.12576705435978247,0.0,0.0,0.0,0.055,0.3,0.1742457544742683,0.0,0.0,0.0,5.661488117282879e-07,0,0,0,0,0,inf,inf,0,0,0.0,1.2890909845604084,-8.426351091378137e-06,0.22236494679100863,-3.8498329901238985e-06,-1.3588909845604085,-4.979572700801131e-06,1.5976503282294772,-0.7853124660097608,-1.982841517888264e-06,0.1072676977373198,3.191024676477856e-06,0.1480733457513512,-9.693237532869278e-07,-0.03567702884498115,9.265970474648338e-07,-0.00018677696960361627,-29.503538132961605,0.22430031856050406,17.570917593210154,0.7410738350985194,1.9387930207588113,0.0012364453114661997,-0.00018677696960361627,-29.503538132961605,0.22430031856050406,17.570917593210154,0.7410738350985194,1.9387930207588113,0.0012364453114661997
4.810999999999941,2,1,1,2,0.0006749075102253912,5.149067360085725,5.145071089095293,5.0,0.6276582802584547,-8.871002505431238e-06,0.43598366156491647,0.029265825833217837,1.0512247352062519e-07,7.051041461206429e-05,0.631750009902366,-9.278129557961225e-06,0.004091729664165815,0.9422333560862093,0.07366499999999522,0.07366499999999522,1.0,-0.053187657040178325,-0.05320174425798798,0.0,0.0,0.0,-0.053187657040178325,0.0,0.0,0.0,-0.12628611333529155,-0.12629906299878935,0.0,0.0,0.0,0.055,0.3,0.17371388666470944,0.0,0.0,0.0,5.650520037987088e-07,0,0,0,0,0,inf,inf,0,0,0.0,1.2876091899316644,-8.44617153092219e-06,0.22343805143730733,-3.817902563535451e-06,-1.3574091899316645,-4.989314280077046e-06,1.5972930560396397,-0.7853124567260678,-1.9814121798606897e-06,0.10734549529380603,3.1947130459599537e-06,0.14826636216890934,-9.781051682324524e-07,-0.03576829459013467,9.298096232753112e-07,-0.00018684797168676205,-29.530393223148025,0.22536568066317703,17.568725519296315,0.7410768051239287,1.938687218419776,0.0012402829889107008,-0.00018684797168676205,-29.530393223148025,0.22536568066317703,17.568725519296315,0.7410768051239287,1.938687218419776,0.0012402829889107008
4.820999999999945,2,1,1,2,0.0006746736306651171,5.149688726851165,5.145645035516047,5.0,0.6279509289106948,-8.869950467828816e-06,0.4359843852760594,0.029261906480786835,1.0522772869674294e-07,7.07422131616687e-05,0.6320500099023659,-9.278129557961225e-06,0.00409908101199398,0.9451927552142543,0.07396499999999519,0.07396499999999519,1.0,-0.05318962997577102,-0.05320372671498822,0.0,0.0,0.0,-0.05318962997577102,0.0,0.0,0.0,-0.12681800073059776,-0.12683109131861495,0.0,0.0,0.0,0.055,0.3,0.17318199926940323,0.0,0.0,0.0,5.639529408419725e-07,0,0,0,0,0,inf,inf,0,0,0.0,1.286125462342221,-8.465978431856753e-06,0.22451193551121035,-3.785934549793445e-06,-1.355925462342221,-4.999143386436442e-06,1.5969348707913043,-0.7853124474106001,-1.980119524754833e-06,0.10742355694588702,3.1985289592708177e-06,0.14845988725927578,-9.868348511303174e-07,-0.035859633224418666,9.329586903402807e-07,-0.0001869165856941852,-29.557242101359595,0.2264315599624172,17.56652266985604,0.7410796589616508,1.9385813693102283,0.0012441384103213924,-0.0001869165856941852,-29.557242101359595,0.2264315599624172,17.56652266985604,0.7410796589616508,1.9385813693102283,0.0012441384103213924
4.830999999999948,2,1,1,2,0.0006744376937517773,5.150316683995003,5.146225745012425,5.0,0.628243538279315,-8.868897400821392e-06,0.4359851113430112,0.02925796184863625,1.053281154971709e-07,7.097729772466031e-05,0.6323500099023659,-9.278129557961225e-06,0.004106471643441991,0.9481660267945051,0.07426499999999515,0.07426499999999515,1.0,-0.05319163455653922,-0.053205740849690986,0.0,0.0,0.0,-0.05319163455653922,0.0,0.0,0.0,-0.1273499080295752,-0.12736313963750398,0.0,0.0,0.0,0.055,0.3,0.1726500919704258,0.0,0.0,0.0,5.628514972800208e-07,0,0,0,0,0,inf,inf,0,0,0.0,1.2846397966975305,-8.485773141081129e-06,0.2255866016568963,-3.753927686559859e-06,-1.3544397966975306,-5.0090595191328235e-06,1.596575771756662,-0.785312438063981,-1.978959941989815e-06,0.10750188327798696,3.2024700358439253e-06,0.14865392244220266,-9.955157877714882e-07,-0.03595104454781977,9.360464050765986e-07,-0.00018698275380854557,-29.58408474299617,0.22749795733172665,17.564309014920543,0.7410823955779788,1.9384754718168593,0.0012480117023487274,-0.00018698275380854557,-29.58408474299617,0.22749795733172665,17.564309014920543,0.7410823955779788,1.9384754718168593,0.0012480117023487274
4.840999999999951,2,1,1,2,0.0006741997012568992,5.150951220915562,5.146813193766229,5.0,0.6285361081102779,-8.867843353558807e-06,0.43598583979856986,0.029253991675752874,1.054235182048251e-07,7.121564271692614e-05,0.6326500099023659,-9.278129557961225e-06,0.004113901812547186,0.95115327006407,0.07456499999999512,0.07456499999999512,1.0,-0.05319367046460006,-0.05320778634521292,0.0,0.0,0.0,-0.05319367046460006,0.0,0.0,0.0,-0.12788183554691812,-0.12789520827048143,0.0,0.0,0.0,0.055,0.3,0.17211816445308287,0.0,0.0,0.0,5.617475484448886e-07,0,0,0,0,0,inf,inf,0,0,0.0,1.2831521878889165,-8.505556969860904e-06,0.22666205252433275,-3.7218807352448455e-06,-1.3529521878889166,-5.019062206248336e-06,1.5962157582100203,-0.7853124286868125,-1.97792990621415e-06,0.10758047486447712,3.206533905860901e-06,0.14884846912525784,-1.0041507778786386e-06,-0.0360425283393027,9.390748080614443e-07,-0.00018704641703272897,-29.61092112215907,0.22856487364320366,17.562084523716113,0.7410850139334185,1.9383695243871704,0.0012519029924049029,-0.00018704641703272897,-29.61092112215907,0.22856487364320366,17.562084523716113,0.7410850139334185,1.9383695243871704,0.0012519029924049029
4.850999999999955,2,1,1,2,0.0006739596545214657,5.1515923286122245,5.147407359829908,5.0,0.6288286381469315,-8.866788376537948e-06,0.4359865706752853,0.029249995699888027,1.0551382260426375e-07,7.145722370621744e-05,0.6329500099023658,-9.278129557961225e-06,0.004121371775961702,0.9541545848692915,0.07486499999999509,0.07486499999999509,1.0,-0.05319573739309579,-0.0532098628956736,0.0,0.0,0.0,-0.05319573739309579,0.0,0.0,0.0,-0.12841378359420277,-0.12842729752946408,0.0,0.0,0.0,0.055,0.3,0.17158621640579821,0.0,0.0,0.0,5.6064097177014e-07,0,0,0,0,0,inf,inf,0,0,0.0,1.281662630793694,-8.525331194658177e-06,0.22773829076917493,-3.689792480908905e-06,-1.351462630793694,-5.029151002933405e-06,1.5958548294280124,-0.7853124192796771,-1.9770259735690176e-06,0.10765933226951994,3.210718208329867e-06,0.14904352870354395,-1.0127424526090558e-06,-0.036134084356746296,9.420458317133116e-07,-0.0001871075152999098,-29.63775121166263,0.22963230976730492,17.55984916467407,0.7410875129828279,1.9382635255280145,0.0012558124086037182,-0.0001871075152999098,-29.63775121166263,0.22963230976730492,17.55984916467407,0.7410875129828279,1.9382635255280145,0.0012558124086037182
4.860999999999958,2,1,1,2,0.0006737175544613552,5.152239999658574,5.14800822308878,5.0,0.6291211281299941,-8.865732521241112e-06,0.43598730400546815,0.029245973657509885,1.0559892000876038e-07,7.170201740044984e-05,0.6332500099023658,-9.278129557961225e-06,0.004128881792967019,0.9571700716762839,0.07516499999999506,0.07516499999999506,1.0,-0.05319783504584301,-0.05321197020585851,0.0,0.0,0.0,-0.05319783504584301,0.0,0.0,0.0,-0.1289457524799958,-0.1289594077233691,0.0,0.0,0.0,0.055,0.3,0.1710542475200052,0.0,0.0,0.0,5.595316459490279e-07,0,0,0,0,0,inf,inf,0,0,0.0,1.280171120275297,-8.545097057932751e-06,0.22881531905266292,-3.65766173215434e-06,-1.349971120275297,-5.039325489703673e-06,1.5954929846898096,-0.7853124098431385,-1.9762447789302152e-06,0.10773845604691927,3.215020594539232e-06,0.14923910255941902,-1.0212932731227771e-06,-0.036225712336858326,9.449613009033935e-07,-0.00018716598743632706,-29.664574983044055,0.23070026657269907,17.557602905440447,0.7410898916751163,1.938157473804663,0.0012597400797830281,-0.00018716598743632706,-29.664574983044055,0.23070026657269907,17.557602905440447,0.7410898916751163,1.938157473804663,0.0012597400797830281
4.870999999999961,2,1,1,2,0.0006734734015787771,5.152894228171338,5.148615765224388,5.0,0.6294135777975438,-8.86467584023901e-06,0.43598803982120415,0.02924192528375787,1.0567870431284221e-07,7.195000163370534e-05,0.6335500099023658,-9.278129557961225e-06,0.004136432125485168,0.9601998315819413,0.07546499999999502,0.07546499999999502,1.0,-0.05319996313699789,-0.053214107990874344,0.0,0.0,0.0,-0.05319996313699789,0.0,0.0,0.0,-0.12947774250995914,-0.12949153915821845,0.0,0.0,0.0,0.055,0.3,0.17052225749004185,0.0,0.0,0.0,5.584194511339522e-07,0,0,0,0,0,inf,inf,0,0,0.0,1.2786776511834077,-8.56485576890948e-06,0.22989314004151717,-3.6254873210141598e-06,-1.3484776511834078,-5.049585270826076e-06,1.5951302232773323,-0.7853124003777427,-1.9755830324489694e-06,0.10781784673997359,3.2194387261862635e-06,0.1494351920622158,-1.0298055452340576e-06,-0.03631741199508588,9.478229419858258e-07,-0.00018722177142654455,-29.691392406573843,0.23176874492586036,17.55534571288547,0.7410921489533143,1.9380513678400353,0.0012636861355837096,-0.00018722177142654455,-29.691392406573843,0.23176874492586036,17.55534571288547,0.7410921489533143,1.9380513678400353,0.0012636861355837096
4.880999999999965,2,1,1,2,0.0006732271959672123,5.153555009786011,5.149229969679066,5.0,0.6297059868850016,-8.863618387347366e-06,0.4359887781543627,0.02923785031239728,1.0575307411272145e-07,7.22011553514707e-05,0.6338500099023657,-9.278129557961225e-06,0.004144023038095166,0.9632439663243899,0.07576499999999499,0.07576499999999499,1.0,-0.05320212139074866,-0.05321627597585596,0.0,0.0,0.0,-0.05320212139074866,0.0,0.0,0.0,-0.1300097539869518,-0.13002369213724044,0.0,0.0,0.0,0.055,0.3,0.16999024601304918,0.0,0.0,0.0,5.573042677564454e-07,0,0,0,0,0,inf,inf,0,0,0.0,1.2771822183540875,-8.584608504315966e-06,0.23097175640783266,-3.5932681028372714e-06,-1.3469822183540876,-5.059929972778949e-06,1.594766544475464,-0.7853123908840189,-1.9750375167426263e-06,0.10789750488133144,3.2239702770371344e-06,0.1496317985679602,-1.038281422542945e-06,-0.036409183025524955,9.506323852058778e-07,-0.00018727480401124728,-29.718203451264692,0.23283774569131369,17.553077553112878,0.741094283754629,1.9379452063140954,0.0012676507064068433,-0.00018727480401124728,-29.718203451264692,0.23283774569131369,17.553077553112878,0.741094283754629,1.9379452063140954,0.0012676507064068433
4.890999999999968,2,1,1,2,0.0006729789373209052,5.154222341625891,5.149850821621592,5.0,0.6299983551251206,-8.862560216997142e-06,0.43598951903660904,0.02923374847577709,1.058219314995554e-07,7.245545859404112e-05,0.6341500099023657,-9.278129557961225e-06,0.004151654798043787,0.9663025782938933,0.07606499999999496,0.07606499999999496,1.0,-0.05320430954102217,-0.05321847389565316,0.0,0.0,0.0,-0.05320430954102217,0.0,0.0,0.0,-0.1305417872111284,-0.13055586696096855,0.0,0.0,0.0,0.055,0.3,0.16945821278887258,0.0,0.0,0.0,5.561859790099695e-07,0,0,0,0,0,inf,inf,0,0,0.0,1.2756848166099115,-8.604356409091025e-06,0.23205117082897153,-3.561002956171183e-06,-1.3454848166099116,-5.070359242788199e-06,1.5944019475722657,-0.7853123813624806,-1.9746050840692152e-06,0.10797743099284979,3.228612932531657e-06,0.1498289234190878,-1.0467229152342113e-06,-0.03650102510082039,9.533911686179608e-07,-0.0001873250210743539,-29.745008084881576,0.2339072697310792,17.550798391467477,0.7410962950102449,1.9378389879609863,0.0012716339234149403,-0.0001873250210743539,-29.745008084881576,0.2339072697310792,17.550798391467477,0.7410962950102449,1.9378389879609863,0.0012716339234149403
4.900999999999971,2,1,1,2,0.0006727286249429689,5.154896222279767,5.150478307913845,5.0,0.6302906822479711,-8.861501384897996e-06,0.43599026249941597,0.029229619504789205,1.0588518223454585e-07,7.271289247926953e-05,0.6344500099023657,-9.278129557961225e-06,0.004159327675260766,0.9693757705434127,0.07636499999999492,0.07636499999999492,1.0,-0.05320652733123008,-0.053220701494586645,0.0,0.0,0.0,-0.05320652733123008,0.0,0.0,0.0,-0.13107384248003526,-0.13108806392733696,0.0,0.0,0.0,0.055,0.3,0.16892615751996573,0.0,0.0,0.0,5.550644683882979e-07,0,0,0,0,0,inf,inf,0,0,0.0,1.274185440760108,-8.624100597065518e-06,0.23313138598745456,-3.528690782644956e-06,-1.3439854407601082,-5.0808727474226e-06,1.5940364318591904,-0.7853123718136261,-1.9742826534506185e-06,0.10805762558545286,3.233364389979769e-06,0.15002656794415734,-1.0551318967145343e-06,-0.03659293787206023,9.561007434469974e-07,-0.00018737235770752283,-29.77180627394945,0.23497731790445497,17.54850819254501,0.7410981816453045,1.9377327115704723,0.0012756359186085183,-0.00018737235770752283,-29.77180627394945,0.23497731790445497,17.54850819254501,0.7410981816453045,1.9377327115704723,0.0012756359186085183
4.910999999999975,2,1,1,2,0.0006724762577500478,5.155576651776272,5.151112417078632,5.0,0.630582967980923,-8.860441947449336e-06,0.4359910085740718,0.029225463128829444,1.0594273481951637e-07,7.297343918477159e-05,0.6347500099023656,-9.278129557961225e-06,0.0041670419423763495,0.972463646799039,0.07666499999999489,0.07666499999999489,1.0,-0.053208774513986146,-0.05322295852617336,0.0,0.0,0.0,-0.053208774513986146,0.0,0.0,0.0,-0.13160592008870348,-0.13162028333177386,0.0,0.0,0.0,0.055,0.3,0.1683940799112975,0.0,0.0,0.0,5.5393962066096e-07,0,0,0,0,0,inf,inf,0,0,0.0,1.272684085600697,-8.643842151615106e-06,0.23421240457085102,-3.4963305068513933e-06,-1.342484085600697,-5.091470171275459e-06,1.593669996631298,-0.7853123622379401,-1.9740672079460875e-06,0.10813808915899199,3.2382223577748796e-06,0.15022473345756257,-1.06351011306911e-06,-0.03668492096866262,9.58762477424983e-07,-0.0001874167478495277,-29.798597983762498,0.2360478910682126,17.54620692019954,0.7410999425789714,1.9376263759855086,0.0012796568247923816,-0.0001874167478495277,-29.798597983762498,0.2360478910682126,17.54620692019954,0.7410999425789714,1.9376263759855086,0.0012796568247923816
4.920999999999978,2,1,1,2,0.000672221834283864,5.156263631558032,5.15175313926857,5.0,0.6308752120486353,-8.859381962130578e-06,0.4359917572916947,0.029221279075763235,1.0599450199095756e-07,7.323708193179333e-05,0.6350500099023656,-9.278129557961225e-06,0.004174797874731279,0.9755663114711421,0.07696499999999486,0.07696499999999486,1.0,-0.05321105085088334,-0.05322524475288404,0.0,0.0,0.0,-0.05321105085088334,0.0,0.0,0.0,-0.13213802032974017,-0.13215252546729225,0.0,0.0,0.0,0.055,0.3,0.1678619796702608,0.0,0.0,0.0,5.528113217763729e-07,0,0,0,0,0,inf,inf,0,0,0.0,1.271180745914632,-8.66358212628857e-06,0.23529422927166704,-3.4639210762334277e-06,-1.3409807459146321,-5.102151215696128e-06,1.5933026411874756,-0.7853123526358938,-1.9739557925865756e-06,0.10821882220210666,3.243184556602783e-06,0.1504234212592454,-1.071859182313883e-06,-0.03677697399825004,9.613776583710871e-07,-0.0001874581247743474,-29.825383178390947,0.2371189900759418,17.543894537551235,0.741101576724276,1.937519980101763,0.0012836967756169424,-0.0001874581247743474,-29.825383178390947,0.2371189900759418,17.543894537551235,0.741101576724276,1.937519980101763,0.0012836967756169424
4.930999999999981,2,1,1,2,0.0006719653527139926,5.156957164460768,5.152400466235741,5.0,0.6311674141730351,-8.85832148722267e-06,0.4359925086832388,0.029217067071880147,1.0604039929056848e-07,7.35038049613862e-05,0.6353500099023656,-9.278129557961225e-06,0.004182595750398556,0.9786838696643367,0.07726499999999482,0.07726499999999482,1.0,-0.05321335611225526,-0.05322755994592328,0.0,0.0,0.0,-0.05321335611225526,0.0,0.0,0.0,-0.13267014349341633,-0.13268479062457772,0.0,0.0,0.0,0.055,0.3,0.16732985650658466,0.0,0.0,0.0,5.516794593145487e-07,0,0,0,0,0,inf,inf,0,0,0.0,1.2696754164719508,-8.683321545411643e-06,0.23637686278723297,-3.431461460965416e-06,-1.339475416471951,-5.112915597571354e-06,1.5929343648306535,-0.7853123430079462,-1.973945511402005e-06,0.1082998251920806,3.2482487181754286e-06,0.1506226326343915,-1.0801806067473876e-06,-0.036869096546551156,9.639474981827208e-07,-0.00018749642079815006,-29.852161820689776,0.23819061577819733,17.54157100699432,0.7411030829881452,1.9374135228666924,0.001287755905599955,-0.00018749642079815006,-29.852161820689776,0.23819061577819733,17.54157100699432,0.7411030829881452,1.9374135228666924,0.001287755905599955
4.940999999999985,2,1,1,2,0.0006717068108476878,5.1576572546896635,5.153054391302619,5.0,0.6314595740733072,-8.857260581785428e-06,0.43599326277950745,0.029212826841867153,1.0608034546276273e-07,7.377359352039222e-05,0.6356500099023655,-9.278129557961225e-06,0.004190435850193431,0.9818164271885663,0.07756499999999479,0.07756499999999479,1.0,-0.053215690076951545,-0.053229903885000415,0.0,0.0,0.0,-0.053215690076951545,0.0,0.0,0.0,-0.13320228986775348,-0.13321707909207509,0.0,0.0,0.0,0.055,0.3,0.1667977101322475,0.0,0.0,0.0,5.505439206685406e-07,0,0,0,0,0,inf,inf,0,0,0.0,1.2681680920299199,-8.703061404666646e-06,0.23746030781958866,-3.398950653840948e-06,-1.33796809202992,-5.12376304817482e-06,1.5925651668680265,-0.785312333354544,-1.9740335255769603e-06,0.10838109859470213,3.2534125857559327e-06,0.15082236885313954,-1.0884757739673825e-06,-0.03696128817724656,9.664731341242758e-07,-0.0001875315675945411,-29.87893387230478,0.23926276902199692,17.53923629020436,0.741104460271258,1.9373070032790878,0.0012918343501187963,-0.0001875315675945411,-29.87893387230478,0.23926276902199692,17.53923629020436,0.741104460271258,1.9373070032790878,0.0012918343501187963
4.950999999999988,2,1,1,2,0.000671446206136044,5.158363907796927,5.153714909333696,5.0,0.6317516914658734,-8.85619930584129e-06,0.4359940196111623,0.02920855810876839,1.0611426069918546e-07,7.40464338386661e-05,0.6359500099023655,-9.278129557961225e-06,0.004198318457694056,0.9849640905693916,0.07786499999999476,0.07786499999999476,1.0,-0.053218052532139556,-0.05323227635812519,0.0,0.0,0.0,-0.053218052532139556,0.0,0.0,0.0,-0.13373445973860754,-0.13374939115607198,0.0,0.0,0.0,0.055,0.3,0.16626554026139345,0.0,0.0,0.0,5.494045950755002e-07,0,0,0,0,0,inf,inf,0,0,0.0,1.2666587673331888,-8.722802671649303e-06,0.23854456707536809,-3.3663876701679823e-06,-1.336458767333189,-5.134693312080199e-06,1.592195046611274,-0.7853123236761238,-1.9742170508413865e-06,0.10846264286411869,3.2586739121415227e-06,0.15102263117027143,-1.0967459673684689e-06,-0.03705354843184994,9.689556362095682e-07,-0.00018756349575986135,-29.905699293680065,0.24033545065108775,17.53689034814512,0.7411057074682161,1.9372004203877247,0.0012959322454060027,-0.00018756349575986135,-29.905699293680065,0.24033545065108775,17.53689034814512,0.7411057074682161,1.9372004203877247,0.0012959322454060027
4.960999999999991,2,1,1,2,0.0006711835356801024,5.159077130662009,5.154382016708203,5.0,0.6320437660643792,-8.855137719886453e-06,0.43599477920873253,0.029204260593953674,1.0614206858257777e-07,7.43223131120163e-05,0.6362500099023655,-9.278129557961225e-06,0.004206243859254921,0.9881269670586239,0.07816499999999472,0.07816499999999472,1.0,-0.05322044327311719,-0.05323467716142026,0.0,0.0,0.0,-0.05322044327311719,0.0,0.0,0.0,-0.13426665338975094,-0.134281727100781,0.0,0.0,0.0,0.055,0.3,0.16573334661025005,0.0,0.0,0.0,5.482613726293179e-07,0,0,0,0,0,inf,inf,0,0,0.0,1.265147437113946,-8.742546286405094e-06,0.23962964326568198,-3.3337715476639777e-06,-1.334947437113946,-5.145706146111455e-06,1.591824003376782,-0.7853123139731111,-1.974493355782543e-06,0.10854445844269074,3.264030461507699e-06,0.1512234208249064,-1.104992365075758e-06,-0.037145876829561754,9.713960038925592e-07,-0.0001875921353504679,-29.932458044064123,0.24140866150525978,17.534533141075755,0.7411068234672372,1.937093773291139,0.00130004972864395,-0.0001875921353504679,-29.932458044064123,0.24140866150525978,17.534533141075755,0.7411068234672372,1.937093773291139,0.00130004972864395
4.970999999999995,2,1,1,2,0.0006709187962376231,5.15979693147076,5.155055711293628,5.0,0.6323357975796734,-8.854075885519863e-06,0.4359955416026249,0.029199934017084647,1.061636942807669e-07,7.460121948248889e-05,0.6365500099023654,-9.278129557961225e-06,0.004214212344027163,0.9913051646447943,0.07846499999999469,0.07846499999999469,1.0,-0.053222862103092385,-0.05323710609891256,0.0,0.0,0.0,-0.053222862103092385,0.0,0.0,0.0,-0.13479887110295272,-0.13481408720841953,0.0,0.0,0.0,0.055,0.3,0.16520112889704827,0.0,0.0,0.0,5.471141439351239e-07,0,0,0,0,0,inf,inf,0,0,0.0,1.2636340960920758,-8.76229316194521e-06,0.2407155391059992,-3.301101346353237e-06,-1.3334340960920759,-5.156801318337151e-06,1.591452036485869,-0.7853123042459219,-1.9748597595764556e-06,0.1086265457608423,3.269480007242118e-06,0.15142473904018572,-1.1132160482111378e-06,-0.037238272867124854,9.737951740578136e-07,-0.0001876174154876947,-29.959210081515643,0.2424824024205462,17.532164628557084,0.7411078071503933,1.9369870611366558,0.001304186937901291,-0.0001876174154876947,-29.959210081515643,0.2424824024205462,17.532164628557084,0.7411078071503933,1.9369870611366558,0.001304186937901291
4.980999999999998,2,1,1,2,0.0006706519842281924,5.160523319695235,5.1557359924200945,5.0,0.6326277857197954,-8.853013864712826e-06,0.43599630682313184,0.029195578096079224,1.0617906466227229e-07,7.488314201781458e-05,0.6368500099023654,-9.278129557961225e-06,0.004222224203971451,0.9944987920639405,0.07876499999999466,0.07876499999999466,1.0,-0.053225308833019735,-0.05323956298235972,0.0,0.0,0.0,-0.053225308833019735,0.0,0.0,0.0,-0.13533111315805677,-0.13534647175928782,0.0,0.0,0.0,0.055,0.3,0.16466888684194422,0.0,0.0,0.0,5.459628010876616e-07,0,0,0,0,0,inf,inf,0,0,0.0,1.2621187389753203,-8.782044184742252e-06,0.2418022573160263,-3.2683761484745674e-06,-1.3319187389753204,-5.167978607119661e-06,1.5910791452650106,-0.7853122944949638,-1.9753136301108144e-06,0.10870890523690811,3.275020331983031e-06,0.15162658702294943,-1.1214180046084937e-06,-0.03733073601868152,9.76154020956654e-07,-0.0001876392644310646,-29.98595536290989,0.2435566742289995,17.52978476945758,0.7411086573933896,1.936880283118841,0.001308344012146793,-0.0001876392644310646,-29.98595536290989,0.2435566742289995,17.52978476945758,0.7411086573933896,1.936880283118841,0.001308344012146793
4.991000000000001,2,1,1,2,0.0006703830957416603,5.1612563060755985,5.1564228608555815,5.0,0.6329197301899534,-8.851951720563232e-06,0.4359970749004435,0.029191192547080375,1.0618810798366466e-07,7.516807069323094e-05,0.6371500099023654,-9.278129557961225e-06,0.004230279733879524,0.9977079588097771,0.07906499999999463,0.07906499999999463,1.0,-0.05322778328142753,-0.05324204763108001,0.0,0.0,0.0,-0.05322778328142753,0.0,0.0,0.0,-0.1358633798330584,-0.13587888103184564,0.0,0.0,0.0,0.055,0.3,0.16413662016694258,0.0,0.0,0.0,5.448072363329586e-07,0,0,0,0,0,inf,inf,0,0,0.0,1.260601360459445,-8.801800215207547e-06,0.2428898006195862,-3.235595058394904e-06,-1.3304013604594451,-5.179237800202329e-06,1.5907053290460649,-0.785312284720635,-1.975852382311939e-06,0.10879153727697666,3.2806492267572695e-06,0.15182896596340928,-1.1295991320100282e-06,-0.037423265735612284,9.7847335982174e-07,-0.00018765760985590282,-30.012693843943214,0.2446314777582175,17.527393521960754,0.7411093730655783,1.9367734384808684,0.0013125210913551252,-0.00018765760985590282,-30.012693843943214,0.2446314777582175,17.527393521960754,0.7411093730655783,1.9367734384808684,0.0013125210913551252
5.001000000000005,2,1,1,2,0.0006701121265414714,5.161995902600944,5.157116318782014,5.0,0.6332116306925072,-8.850889516606325e-06,0.4359978458646534,0.02918677708442517,1.0619075357681315e-07,7.545599637327288e-05,0.6374500099023653,-9.278129557961225e-06,0.004238379231391618,1.0009327751443255,0.07936499999999459,0.07936499999999459,1.0,-0.05323028527424216,-0.0532445598717761,0.0,0.0,0.0,-0.05323028527424216,0.0,0.0,0.0,-0.13639567140417894,-0.13641131530278644,0.0,0.0,0.0,0.055,0.3,0.16360432859582205,0.0,0.0,0.0,5.436473432810512e-07,0,0,0,0,0,inf,inf,0,0,0.0,1.259081955228406,-8.821562088151076e-06,0.2439781717444944,-3.2027572025245383e-06,-1.3288819552284061,-5.190578693836608e-06,1.5903305871665026,-0.7853122749233264,-1.9764734761752435e-06,0.10887444227473068,3.286364490776934e-06,0.15203187703481533,-1.1377602432389105e-06,-0.03751586144636988,9.807539473761376e-07,-0.0001876723786691971,-30.03942547913859,0.2457068138313677,17.52499084356953,0.7411099530298462,1.9366665265116696,0.0013167183163991548,-0.0001876723786691971,-30.03942547913859,0.2457068138313677,17.52499084356953,0.7411099530298462,1.9366665265116696,0.0013167183163991548
5.011000000000008,2,1,1,2,0.0006698390720719918,5.162742122491911,5.15781636977207,5.0,0.6335034869269532,-8.849827317150725e-06,0.4359986197457697,0.02918233142060973,1.061869315502385e-07,7.574691079248415e-05,0.6377500099023653,-9.278129557961225e-06,0.004246522997011237,1.0041733521086398,0.07966499999999456,0.07966499999999456,1.0,-0.053232814644624996,-0.0532470995383732,0.0,0.0,0.0,-0.053232814644624996,0.0,0.0,0.0,-0.1369279881459389,-0.1369437748471108,0.0,0.0,0.0,0.055,0.3,0.1630720118540621,0.0,0.0,0.0,5.424830158401793e-07,0,0,0,0,0,inf,inf,0,0,0.0,1.257560517954521,-8.841330613224573e-06,0.24506737342243431,-3.169861729239959e-06,-1.3273605179545211,-5.202001091934417e-06,1.5899549189696374,-0.7853122651034219,-1.9771744153260267e-06,0.10895762061128104,3.2921639305080794e-06,0.15223532139311236,-1.1459020677662551e-06,-0.03760852255632102,9.82996485683403e-07,-0.00018768349671249374,-30.066150221849952,0.2467826832672923,17.52257669111277,0.7411103961428526,1.9365595465465484,0.0013209358291141379,-0.00018768349671249374,-30.066150221849952,0.2467826832672923,17.52257669111277,0.7411103961428526,1.9365595465465484,0.0013209358291141379
5.0210000000000115,2,1,1,2,0.0006695639274620626,5.163494980184812,5.158523018766789,5.0,0.6337952985899019,-8.848765187267733e-06,0.43599939657372133,0.029177855266260887,1.0617657273166716e-07,7.604080653836546e-05,0.6380500099023653,-9.278129557961225e-06,0.004254711334128017,1.0074298015329088,0.07996499999999453,0.07996499999999453,1.0,-0.05323537123281118,-0.053249666471866464,0.0,0.0,0.0,-0.05323537123281118,0.0,0.0,0.0,-0.1374603303312296,-0.1374762599381973,0.0,0.0,0.0,0.055,0.3,0.1625396696687714,0.0,0.0,0.0,5.413141486399911e-07,0,0,0,0,0,inf,inf,0,0,0.0,1.2560370432986467,-8.861106575346832e-06,0.24615740838883057,-3.136907808819195e-06,-1.3258370432986468,-5.213504805277354e-06,1.5895783238048558,-0.7853122552612982,-1.977952745277295e-06,0.10904107265499788,3.29804535894364e-06,0.15243930017659152,-1.1540252562673882e-06,-0.03770124844755987,9.852016238916931e-07,-0.00018769088927219455,-30.092868024266682,0.24785908687983518,17.520151020750813,0.7411107012547604,1.9364524979666202,0.0013251737724064433,-0.00018769088927219455,-30.092868024266682,0.24785908687983518,17.520151020750813,0.7411107012547604,1.9364524979666202,0.0013251737724064433
5.031000000000015,2,1,1,2,0.0006692866875339923,5.1642544913115,5.159236272053918,5.0,0.6340870653750618,-8.847703192368265e-06,0.4360001763783703,0.029173348330102104,1.0615960742200196e-07,7.63376770331974e-05,0.6383500099023652,-9.278129557961225e-06,0.004262944549033386,1.0107022360473712,0.0802649999999945,0.0802649999999945,1.0,-0.05323795488596329,-0.053252260520152056,0.0,0.0,0.0,-0.05323795488596329,0.0,0.0,0.0,-0.1379926982313827,-0.1380087708478728,0.0,0.0,0.0,0.055,0.3,0.1620073017686183,0.0,0.0,0.0,5.401406374641538e-07,0,0,0,0,0,inf,inf,0,0,0.0,1.254511525910354,-8.880890735115325e-06,0.24724827938272054,-3.1038946333758357e-06,-1.3243115259103542,-5.225089650732098e-06,1.5892008010278533,-0.785312245397326,-1.9788060518177773e-06,0.10912479876133506,3.304006594769356e-06,0.15264381450553172,-1.1621303852522209e-06,-0.037794038478736997,9.873699590468452e-07,-0.00018769448087992098,-30.11957883741734,0.2489360254778503,17.517713787980043,0.7411108672090757,1.936345380197446,0.0013294322900698635,-0.00018769448087992098,-30.11957883741734,0.2489360254778503,17.517713787980043,0.7411108672090757,1.936345380197446,0.0013294322900698635
5.041000000000018,2,1,1,2,0.0006690073468031124,5.1650206726883034,5.159956137246931,5.0,0.6343787869732171,-8.84664139926414e-06,0.4360009591895144,0.029168810318920976,1.0613596710125516e-07,7.663751651594132e-05,0.6386500099023652,-9.278129557961225e-06,0.004271222950942987,1.013990769092364,0.08056499999999446,0.08056499999999446,1.0,-0.05324056545801354,-0.05325488153790032,0.0,0.0,0.0,-0.05324056545801354,0.0,0.0,0.0,-0.138525092116239,-0.13854130784648033,0.0,0.0,0.0,0.055,0.3,0.16147490788376198,0.0,0.0,0.0,5.389623779018593e-07,0,0,0,0,0,inf,inf,0,0,0.0,1.2529839604281132,-8.900683829200977e-06,0.24833998914662428,-3.0708214168056453e-06,-1.3227839604281133,-5.236755450517437e-06,1.5888223500008687,-0.7853122355118702,-1.979731959775472e-06,0.10920879927264984,3.3100454624325285e-06,0.1528488654818315,-1.1702179553181886e-06,-0.037886891984873904,9.89502038560457e-07,-0.00018769419516829022,-30.146282611173667,0.2500134998651429,17.515264947638506,0.7411108928429635,1.9362381927091874,0.0013337115269923122,-0.00018769419516829022,-30.146282611173667,0.2500134998651429,17.515264947638506,0.7411108928429635,1.9362381927091874,0.0013337115269923122
5.0510000000000215,2,1,1,2,0.0006687258994891023,5.165793542295511,5.160682623264811,5.0,0.6346704630722118,-8.845579874744218e-06,0.4360017450369017,0.02916424093754033,1.061055818920196e-07,7.69403200268044e-05,0.6389500099023652,-9.278129557961225e-06,0.004279546852013114,1.0172955149292773,0.08086499999999443,0.08086499999999443,1.0,-0.05324320280951414,-0.05325752938638093,0.0,0.0,0.0,-0.05324320280951414,0.0,0.0,0.0,-0.13905751225421514,-0.1390738712029461,0.0,0.0,0.0,0.055,0.3,0.16094248774578584,0.0,0.0,0.0,5.377792666157273e-07,0,0,0,0,0,inf,inf,0,0,0.0,1.251454341479477,-8.920486570730118e-06,0.24943254042641247,-3.0376873947386893e-06,-1.321254341479477,-5.248502031478402e-06,1.5884429700929203,-0.7853122256052908,-1.980728131440551e-06,0.10929307451801762,3.316159790196965e-06,0.15305445418863592,-1.1782883986257577e-06,-0.03797980827716294,9.915983617811368e-07,-0.00018768995470178426,-30.17297929425366,0.2510915108404776,17.51280445391049,0.741110776987129,1.936130935015746,0.0013380116289840027,-0.00018768995470178426,-30.17297929425366,0.2510915108404776,17.51280445391049,0.741110776987129,1.936130935015746,0.0013380116289840027
5.061000000000025,2,1,1,2,0.0006684423395153785,5.166573119266195,5.161415740312473,5.0,0.6349620933569271,-8.844518686689069e-06,0.4360025339502327,0.029159639888786035,1.06068381465911e-07,7.72460833905042e-05,0.6392500099023651,-9.278129557961225e-06,0.004287916567362243,1.0206165886506737,0.0811649999999944,0.0811649999999944,1.0,-0.053245866807520636,-0.053260203933354164,0.0,0.0,0.0,-0.053245866807520636,0.0,0.0,0.0,-0.1395899589123691,-0.13960646118484488,0.0,0.0,0.0,0.055,0.3,0.16041004108763188,0.0,0.0,0.0,5.365912012343008e-07,0,0,0,0,0,inf,inf,0,0,0.0,1.2499226636812728,-8.940299649651245e-06,0.2505259359711727,-3.0044918245005204e-06,-1.319722663681273,-5.260329224405237e-06,1.5880626606800479,-0.7853122156779425,-1.9817922651152503e-06,0.10937762481304017,3.322347410064492e-06,0.15326058168995182,-1.186342079245892e-06,-0.03807278664277003,9.93659382595278e-07,-0.000187681681852772,-30.19966883422466,0.25217005919652163,17.510332260331076,0.7411105184654283,1.9360236066741987,0.001342332743044084,-0.000187681681852772,-30.19966883422466,0.25217005919652163,17.510332260331076,0.7411105184654283,1.9360236066741987,0.001342332743044084
5.071000000000028,2,1,1,2,0.0006681566605166991,5.167359423870364,5.162155499861835,5.0,0.6352536775092633,-8.843457903717493e-06,0.43600332595917124,0.0291550068734535,1.0602429480441032e-07,7.755480320003161e-05,0.6395500099023651,-9.278129557961225e-06,0.004296332415090245,1.0239541061910329,0.08146499999999436,0.08146499999999436,1.0,-0.05324855732541591,-0.05326290505290421,0.0,0.0,0.0,-0.05324855732541591,0.0,0.0,0.0,-0.14012243235646443,-0.14013907805846387,0.0,0.0,0.0,0.055,0.3,0.15987756764353656,0.0,0.0,0.0,5.353980791085165e-07,0,0,0,0,0,inf,inf,0,0,0.0,1.2483889216397945,-8.960123733088583e-06,0.25162017853307345,-2.9712339850792225e-06,-1.3181889216397946,-5.272236863365704e-06,1.587681421145552,-0.7853122057301763,-1.9829220939371895e-06,0.10946245045964755,3.328606156981606e-06,0.15346724903025322,-1.19437929571006e-06,-0.038165826344635,9.956855086101811e-07,-0.0001876692976052471,-30.22635117750589,0.2532491457208195,17.5078483197907,0.7411101160953234,1.935916207284584,0.0013466750171123943,-0.0001876692976052471,-30.22635117750589,0.2532491457208195,17.5078483197907,0.7411101160953234,1.935916207284584,0.0013466750171123943
5.0810000000000315,2,1,1,2,0.0006678688558431614,5.168152477501024,5.162901914633537,5.0,0.6355452152081172,-8.842397594695143e-06,0.43600412109335196,0.02915034159027901,1.0597325024851565e-07,7.786647680214295e-05,0.6398500099023651,-9.278129557961225e-06,0.004304794716300254,1.0273081843371226,0.08176499999999433,0.08176499999999433,1.0,-0.05325127424279976,-0.053265632625317166,0.0,0.0,0.0,-0.05325127424279976,0.0,0.0,0.0,-0.1406549328510327,-0.14067172208886536,0.0,0.0,0.0,0.055,0.3,0.1593450671489683,0.0,0.0,0.0,5.341997984339359e-07,0,0,0,0,0,inf,inf,0,0,0.0,1.2468531099510007,-8.979959465683527e-06,0.2527152708672265,-2.9379131771000288e-06,-1.3166531099510008,-5.284224785052388e-06,1.5872992508802377,-0.7853121957623392,-1.9841153846173893e-06,0.10954755174589421,3.3349338683667196e-06,0.153674457234078,-1.2024002815611415e-06,-0.038258926621249426,9.976771037205504e-07,-0.0001876527222106011,-30.253026269371272,0.2543287711949585,17.5053525845397,0.7411095686876058,1.9358087364895606,0.0013510386001892925,-0.0001876527222106011,-30.253026269371272,0.2543287711949585,17.5053525845397,0.7411095686876058,1.9358087364895606,0.0013510386001892925
5.091000000000035,2,1,1,2,0.000667578918563865,5.168952302660905,5.163654998579257,5.0,0.6358367061293642,-8.841337830012909e-06,0.43600491938238656,0.02914564373590674,1.0591517409562232e-07,7.818110228175395e-05,0.640150009902365,-9.278129557961225e-06,0.004313303795116987,1.0306789407386518,0.0820649999999943,0.0820649999999943,1.0,-0.053254017445334804,-0.05326838653693792,0.0,0.0,0.0,-0.053254017445334804,0.0,0.0,0.0,-0.14118746065943502,-0.1412043935399479,0.0,0.0,0.0,0.055,0.3,0.15881253934056597,0.0,0.0,0.0,5.329962576569275e-07,0,0,0,0,0,inf,inf,0,0,0.0,1.2453152232007163,-8.999807469922162e-06,0.2538112157315465,-2.9045287228102566e-06,-1.3151152232007164,-5.29629282817147e-06,1.5869161492826613,-0.7853121857747745,-1.9853699360425777e-06,0.10963292894574987,3.3413283823787045e-06,0.153882207305615,-1.2104052108899762e-06,-0.03835208668644205,9.996344899036808e-07,-0.0001876318752069577,-30.279694053950855,0.25540893639435974,17.50284500619162,0.7411088750463491,1.9357011939732862,0.0013554236424033743,-0.0001876318752069577,-30.279694053950855,0.25540893639435974,17.50284500619162,0.7411088750463491,1.9357011939732862,0.0013554236424033743
5.101000000000038,2,1,1,2,0.0006672868414721303,5.169758922948617,5.164414766864634,5.0,0.636128149945833,-8.840278680100125e-06,0.4360057208558722,0.029140913004856366,1.0584999153360419e-07,7.849867844716118e-05,0.640450009902365,-9.278129557961225e-06,0.004321859978711504,1.034066493918657,0.08236499999999426,0.08236499999999426,1.0,-0.0532567868246439,-0.053271166680050275,0.0,0.0,0.0,-0.0532567868246439,0.0,0.0,0.0,-0.14172001604392187,-0.1417370926745063,0.0,0.0,0.0,0.055,0.3,0.15827998395607912,0.0,0.0,0.0,5.317873563677255e-07,0,0,0,0,0,inf,inf,0,0,0.0,1.2437752559648376,-9.01966834645129e-06,0.25490801588661005,-2.871079966069291e-06,-1.3135752559648377,-5.308440832828987e-06,1.5865321157593775,-0.7853121757678226,-1.9866835781017197e-06,0.10971858231888125,3.347787537867795e-06,0.154090500228278,-1.2183941975536653e-06,-0.03844530572915463,1.0015579483641069e-06,-0.00018760667505008833,-30.306354474233345,0.2564896420884473,17.50032553572745,0.7411080339689462,1.9355935794612107,0.0013598302949639491,-0.00018760667505008833,-30.306354474233345,0.2564896420884473,17.50032553572745,0.7411080339689462,1.9355935794612107,0.0013598302949639491
5.1110000000000415,2,1,1,2,0.0006669926170882736,5.170572363048289,5.165181235852831,5.0,0.6364195463272884,-8.839220216191131e-06,0.43600652554339747,0.029136149089494228,1.0577762625827926e-07,7.881920481858958e-05,0.640750009902365,-9.278129557961225e-06,0.0043304635973191894,1.03747096328399,0.08266499999999423,0.08266499999999423,1.0,-0.05325958227815471,-0.05327397295274303,0.0,0.0,0.0,-0.05325958227815471,0.0,0.0,0.0,-0.14225259926569225,-0.14226981975429026,0.0,0.0,0.0,0.055,0.3,0.15774740073430873,0.0,0.0,0.0,5.305729933454285e-07,0,0,0,0,0,inf,inf,0,0,0.0,1.2422332028095444,-9.0395426743828e-06,0.25600567409550995,-2.8375662723487592e-06,-1.3120332028095445,-5.320668639948614e-06,1.5861471497251887,-0.7853121657418216,-1.9880541707528976e-06,0.10980451211042978,3.354309173649661e-06,0.15429933696427578,-1.22636729636002e-06,-0.038538582913200725,1.0034477192009283e-06,-0.00018757703940672162,-30.333007472067163,0.2575708890401539,17.49779412350002,0.7411070442460598,1.9354858927206413,0.001364258710159274,-0.00018757703940672162,-30.333007472067163,0.2575708890401539,17.49779412350002,0.7411070442460598,1.9354858927206413,0.001364258710159274
5.121000000000045,2,1,1,2,0.0006666962376650478,5.171392648715214,5.165954423088509,5.0,0.6367108949404077,-8.838162510896942e-06,0.436007333474551,0.029131351679999088,1.056979998562713e-07,7.914268161183103e-05,0.6410500099023649,-9.278129557961225e-06,0.004339114984262624,1.0408924691362476,0.0829649999999942,0.0829649999999942,1.0,-0.05326240370897802,-0.05327680525877718,0.0,0.0,0.0,-0.05326240370897802,0.0,0.0,0.0,-0.14278521058495053,-0.14280257504006158,0.0,0.0,0.0,0.055,0.3,0.15721478941505046,0.0,0.0,0.0,5.293530686036225e-07,0,0,0,0,0,inf,inf,0,0,0.0,1.2406890582915113,-9.05943101158691e-06,0.2571041931237098,-2.8039870287373114e-06,-1.3104890582915114,-5.332976090689825e-06,1.5857612506033993,-0.7853121556971072,-1.989479602592892e-06,0.1098907185507815,3.3608911272113135e-06,0.1545087184541628,-1.2343245064892703e-06,-0.038631917377031214,1.0053040046417361e-06,-0.00018754288503063533,-30.35965298816148,0.2586526780058455,17.495250719236278,0.7411059046615757,1.9353781335589024,0.0013687090414459544,-0.00018754288503063533,-30.35965298816148,0.2586526780058455,17.495250719236278,0.7411059046615757,1.9353781335589024,0.0013687090414459544
5.131000000000048,2,1,1,2,0.0006663976951903064,5.172219806765705,5.166734347282486,5.0,0.6370021954487577,-8.837105636854578e-06,0.4360081446789271,0.029126520464331767,1.056110324250942e-07,7.9469109727181e-05,0.6413500099023649,-9.278129557961225e-06,0.004347814475975014,1.04433113268181,0.08326499999999416,0.08326499999999416,1.0,-0.05326525102579519,-0.05327966350747457,0.0,0.0,0.0,-0.05326525102579519,0.0,0.0,0.0,-0.14331785026096305,-0.14333535879165055,0.0,0.0,0.0,0.055,0.3,0.15668214973903793,0.0,0.0,0.0,5.281274821028704e-07,0,0,0,0,0,inf,inf,0,0,0.0,1.2391428169581302,-9.079333894972012e-06,0.25820357573889485,-2.7703416439599153e-06,-1.3089428169581303,-5.345363025904685e-06,1.5853744178260696,-0.7853121456340135,-1.990957789850954e-06,0.1099772018553294,3.3675312342747453e-06,0.15471864561638507,-1.2422657711725927e-06,-0.03872530823348313,1.0071269701724022e-06,-0.00018750412767073343,-30.386290962087532,0.2597350097352033,17.49269527204171,0.7411046139926547,1.9352703018240882,0.0013731814434129598,-0.00018750412767073343,-30.386290962087532,0.2597350097352033,17.49269527204171,0.7411046139926547,1.9352703018240882,0.0013731814434129598
5.1410000000000515,2,1,1,2,0.0006660969813907782,5.173053865065256,5.16752102829692,5.0,0.6372934475127755,-8.836049668207777e-06,0.4360089591861328,0.029121655128203815,1.0551664120557368e-07,7.979849073724321e-05,0.6416500099023649,-9.278129557961225e-06,0.004356562412019282,1.04778707604288,0.08356499999999413,0.08356499999999413,1.0,-0.053268124142733096,-0.053282547613590615,0.0,0.0,0.0,-0.053268124142733096,0.0,0.0,0.0,-0.14385051855211306,-0.1438681712680103,0.0,0.0,0.0,0.055,0.3,0.15614948144788793,0.0,0.0,0.0,5.268961342997618e-07,0,0,0,0,0,inf,inf,0,0,0.0,1.2375944733477315,-9.099251840755932e-06,0.2593038247108204,-2.73662954839802e-06,-1.3073944733477316,-5.357829285580425e-06,1.5849866508342738,-0.7853121355528728,-1.9924866752529258e-06,0.11006396222423039,3.374227327711325e-06,0.15492911934681464,-1.2501909815578833e-06,-0.03881875456952365,1.0089167432544735e-06,-0.00018746068218326053,-30.412921332279012,0.2608178849709069,17.49012773040294,0.7411031710094815,1.9351623974040277,0.0013776760717062603,-0.00018746068218326053,-30.412921332279012,0.2608178849709069,17.49012773040294,0.7411031710094815,1.9351623974040277,0.0013776760717062603
5.151000000000055,2,1,1,2,0.000665794087736509,5.173894852517413,5.168314487130902,5.0,0.6375846507897408,-8.83499467929272e-06,0.43600977702579496,0.029116755355042927,1.0541474180640989e-07,8.013082687347485e-05,0.6419500099023648,-9.278129557961225e-06,0.004365359135115715,1.051260422267767,0.0838649999999941,0.0838649999999941,1.0,-0.053271022979230316,-0.053285457497185884,0.0,0.0,0.0,-0.053271022979230316,0.0,0.0,0.0,-0.14438321571595433,-0.14440101272727116,0.0,0.0,0.0,0.055,0.3,0.15561678428404666,0.0,0.0,0.0,5.256589256419605e-07,0,0,0,0,0,inf,inf,0,0,0.0,1.236044021989813,-9.119185344725243e-06,0.2604049428111588,-2.7028501941205776e-06,-1.305844021989813,-5.370374708322898e-06,1.5845979490783595,-0.7853121254540164,-1.994064227081602e-06,0.11015099984215293,3.3809772372432024e-06,0.15514014051826766,-1.2580999755035154e-06,-0.038912255445993915,1.0106734144306299e-06,-0.00018741246227797564,-30.439544036032576,0.26190130444867643,17.487548042190983,0.7411015744755194,1.9350544202262285,0.0013821930832088466,-0.00018741246227797564,-30.439544036032576,0.26190130444867643,17.487548042190983,0.7411015744755194,1.9350544202262285,0.0013821930832088466
5.161000000000058,2,1,1,2,0.0006654890054427478,5.1747427990547585,5.16911474590665,5.0,0.637875804933759,-8.833940745980622e-06,0.4360105982275658,0.029111820825965813,1.053052476481061e-07,8.04661210165967e-05,0.6422500099023648,-9.278129557961225e-06,0.004374204991158948,1.0547512953417326,0.08416499999999406,0.08416499999999406,1.0,-0.05327394745993176,-0.05328839308352256,0.0,0.0,0.0,-0.05327394745993176,0.0,0.0,0.0,-0.14491594200926378,-0.14493388342679256,0.0,0.0,0.0,0.055,0.3,0.1550840579907372,0.0,0.0,0.0,5.244157570449876e-07,0,0,0,0,0,inf,inf,0,0,0.0,1.2344914574052746,-9.139134882484473e-06,0.26150693281334225,-2.6690030549238e-06,-1.3042914574052746,-5.38299913083152e-06,1.5842083120182113,-0.7853121153377747,-1.9956884380713227e-06,0.11023831487802085,3.38777878836768e-06,0.15535170998001793,-1.2659925383258066e-06,-0.03900580989732569,1.0123970410320466e-06,-0.0001873593807043586,-30.466159009507752,0.26298526889687046,17.484956154664232,0.7410998231473127,1.9349463702576613,0.0013867326359783335,-0.0001873593807043586,-30.466159009507752,0.26298526889687046,17.484956154664232,0.7410998231473127,1.9349463702576613,0.0013867326359783335
5.1710000000000615,2,1,1,2,0.0006651817254746109,5.175597735627893,5.169921827856148,5.0,0.6381669095957331,-8.832887944297435e-06,0.43601142282113053,0.029106851219740583,1.051880690346386e-07,8.080437668394282e-05,0.6425500099023648,-9.278129557961225e-06,0.004383100329245834,1.0582598201975433,0.08446499999999403,0.08446499999999403,1.0,-0.05327689751457112,-0.05329135430294021,0.0,0.0,0.0,-0.05327689751457112,0.0,0.0,0.0,-0.14544869768809277,-0.1454667836232147,0.0,0.0,0.0,0.055,0.3,0.15455130231190822,0.0,0.0,0.0,5.231665293216067e-07,0,0,0,0,0,inf,inf,0,0,0.0,1.2329367741066535,-9.15910090969454e-06,0.2626097974924046,-2.6350876263762154e-06,-1.3027367741066536,-5.395702387386335e-06,1.5838177391235158,-0.7853121052044787,-1.997357324253916e-06,0.1103259074847457,3.39462980091962e-06,0.15556382855729245,-1.2738684067795703e-06,-0.039099416931279975,1.0140876472429552e-06,-0.00018730134965670757,-30.492766187726644,0.2640697790359256,17.482352014471203,0.7410979157743892,1.934838247504569,0.0013912948893170698,-0.00018730134965670757,-30.492766187726644,0.2640697790359256,17.482352014471203,0.7410979157743892,1.934838247504569,0.0013912948893170698
5.181000000000065,2,1,1,2,0.0006648722385503006,5.176459694194914,5.1707357573083295,5.0,0.6384579644233416,-8.831836351825698e-06,0.4360122508362132,0.029101846212760813,1.0506311462166164e-07,8.114559802120907e-05,0.6428500099023647,-9.278129557961225e-06,0.004392045501697979,1.061786122726098,0.084764999999994,0.084764999999994,1.0,-0.05327987307785252,-0.05329434109073632,0.0,0.0,0.0,-0.05327987307785252,0.0,0.0,0.0,-0.14598148300781755,-0.14599971357250843,0.0,0.0,0.0,0.055,0.3,0.15401851699218344,0.0,0.0,0.0,5.219111439017599e-07,0,0,0,0,0,inf,inf,0,0,0.0,1.231379966598371,-9.179083862301114e-06,0.2637135396248195,-2.601103425878673e-06,-1.301179966598371,-5.4084843093589875e-06,1.5834262298740303,-0.7853120950544583,-1.9990689241271443e-06,0.11041377779895617,3.4015280896241334e-06,0.15577649705076188,-1.28172726698905e-06,-0.039193075528643886,1.015745222455505e-06,-0.00018723827935318983,-30.519365504573805,0.26515483557941477,17.479735567652654,0.7410958510994973,1.9347300520114323,0.0013958800035708606,-0.00018723827935318983,-30.519365504573805,0.26515483557941477,17.479735567652654,0.7410958510994973,1.9347300520114323,0.0013958800035708606
5.191000000000068,2,1,1,2,0.0006645605351428821,5.177328707714951,5.17155655967656,5.0,0.6387489690610151,-8.83078604662362e-06,0.43601308230258223,0.029096805479009818,1.0493029004268492e-07,8.148978979039605e-05,0.6431500099023647,-9.278129557961225e-06,0.004401040864084725,1.065330329787223,0.08506499999999396,0.08506499999999396,1.0,-0.053282874089336574,-0.05329735338706731,0.0,0.0,0.0,-0.053282874089336574,0.0,0.0,0.0,-0.14651429822318818,-0.14653267353002453,0.0,0.0,0.0,0.055,0.3,0.1534857017768128,0.0,0.0,0.0,5.20649501648969e-07,0,0,0,0,0,inf,inf,0,0,0.0,1.2298210293769785,-9.199084156752975e-06,0.2648181619883359,-2.5670499927219425e-06,-1.2996210293769785,-5.421344724716736e-06,1.583033783759853,-0.785312084888044,-2.0008212975727802e-06,0.11050192594071735,3.408471462072802e-06,0.15598971623601138,-1.2895687571062482e-06,-0.03928678464294718,1.0173697249804549e-06,-0.00018717007972630695,-30.545956892795008,0.2662404392323088,17.477106759644986,0.7410936278582597,1.9346217838621047,0.001400488140401641,-0.00018717007972630695,-30.545956892795008,0.2662404392323088,17.477106759644986,0.7410936278582597,1.9346217838621047,0.001400488140401641
5.200000000000071,2,1,1,2,0.0006642780989155319,5.178116879905045,5.172301180019862,5.0,0.6390108300260116,-8.829841938012934e-06,0.43601383359780976,0.029092238000825128,1.048039388270646e-07,8.180210652787649e-05,0.6434200099023647,-9.278129557961225e-06,0.0044091798991421636,1.0685355301564359,0.08533499999999393,0.08533499999999393,1.0,-0.05328559671176506,-0.053300086217915744,0.0,0.0,0.0,-0.05328559671176506,0.0,0.0,0.0,-0.14699385768788317,-0.1470123633594045,0.0,0.0,0.0,0.055,0.3,0.15300614231211782,0.0,0.0,0.0,5.195085928638645e-07,0,0,0,0,0,inf,inf,0,0,0.0,1.2284161604182748,-9.217099577686513e-06,0.2658130770097977,-2.5363423458788995e-06,-1.298216160418275,-5.432986065077979e-06,1.582679780824899,-0.785312075724528,-2.002431708087538e-06,0.11058149689651768,3.414757225953288e-06,0.15618208496459246,-1.296610909393824e-06,-0.03937116515069189,1.018803439339648e-06,-0.00018710423886421167,-30.569882306715282,0.267217950874875,17.474730218038438,0.7410914903163593,1.9345242805060843,0.0014046552825071625,-0.00018710423886421167,-30.569882306715282,0.267217950874875,17.474730218038438,0.7410914903163593,1.9345242805060843,0.0014046552825071625
