time,phase,contact,contact_solver,contact_points,gap,normal_force,normal_force_filtered,force_desired,x,y,z,vx,vy,vz,x_des,y_des,cart_error,orientation_error_deg,original_progress,governed_progress,governor_scale,p_task_sample,p_task_physical,p_human,p_human_physical,p_residual,p_whole,human_fx,human_fy,human_fz,w_task_sample,w_task_physical,w_human,w_human_physical,w_residual,e_human,e_residual,e_whole,human_input,human_output,peak_human_output,qvel_prediction_error,prediction_bound_violation,qp_active,qp_fallback,qp_status,energy_row_active,minimum_margin,candidate_minimum_margin,torque_limited,rate_limited,solve_time_ms,joint_margin_min,q1,q2,q3,q4,q5,q6,q7,qd1,qd2,qd3,qd4,qd5,qd6,qd7,tau1,tau2,tau3,tau4,tau5,tau6,tau7,tau_nom1,tau_nom2,tau_nom3,tau_nom4,tau_nom5,tau_nom6,tau_nom7
0.001,0,0,0,0,0.02950209988724406,0.0,0.0,0.0,0.5544992800865032,2.762462544457669e-08,0.464502119552725,-0.00019794533758784618,2.7624629767984166e-05,-0.00030993476418642865,0.5544994780317353,3.8164741795656373e-17,1.9986354054139323e-07,5.3132753499819924e-05,0.0,0.0,1.0,0.0,0.0,0.0,0.0,0.0,0.0,-0.0,-0.0,0.0,0.0,0.0,0.0,0.0,0.0,0.055,0.3,0.3,0.0,0.0,0.0,2.3659072432420623e-06,0,0,0,1,0,0.3139455172346004,0.3139455172346004,0,0,0.28908299282193184,1.5009906022225576,-2.3554270239904714e-09,-4.907737771598801e-09,-3.188813265556087e-09,-1.5707906022225577,1.1497691152745295e-07,1.570789677186711,-0.7852999952086245,-2.3554270239904714e-06,-4.907737771598801e-06,-3.188813265556087e-06,-0.0006022225577830994,0.00011497691152745296,-0.00032281328891795393,4.791375535392223e-06,8.500036689242878e-11,-25.454424402265303,3.315235861212162e-11,18.72816321165686,0.7411607941716066,1.687216308550659,-2.965820649519801e-12,0.0,-25.454424405835937,1.1397810321958008e-15,18.7281632058492,0.7411607943030994,1.6872163098407762,1.3316908920709847e-18
0.011000000000000003,0,0,0,0,0.02948245794830956,0.0,0.0,0.0,0.5544901928459299,1.2790223023886223e-06,0.46448345298217947,-0.001291483351840621,0.0001769095834501005,-0.0030608662267243886,0.5544994780317353,3.8164741795656373e-17,9.372863676039342e-06,0.002707563103017481,0.0,0.0,1.0,0.0,0.0,0.0,0.0,0.0,0.0,-0.0,-0.0,0.0,0.0,0.0,0.0,0.0,0.0,0.055,0.3,0.3,0.0,0.0,0.0,2.521052531496757e-06,0,0,0,1,0,0.4953613821366305,0.4953613821366305,0,0,0.22429198725149035,1.5009715780932198,-1.3206047549370878e-07,1.9709051639592024e-07,-1.7833737366898193e-07,-1.5708284219067803,5.4349357867445075e-06,1.5707816780061723,-0.7852999582418494,-2.042818758420625e-05,7.294074104672914e-05,-2.755998278322686e-05,-0.006302929002452452,0.0007622356558047691,-0.0005171432498477715,-8.36047661055499e-06,-0.0030932222313526754,-25.498834556209445,-0.0030830095520800113,18.797180925109323,0.7315921187013161,1.7594183040650602,-0.0003739860352276345,-0.0030932223806416567,-25.498834563231526,-0.0030830096353947124,18.79718091368782,0.7315921189601027,1.7594183066023243,-0.0003739860295285844
0.02100000000000001,0,0,0,0,0.02943673394443369,0.0,0.0,0.0,0.5544756308392316,3.274166816158528e-06,0.4644395313025925,-0.0015127116533459018,0.00020820645432177937,-0.005445233819024362,0.5544994780317353,3.8164741795656373e-17,2.4070911047327512e-05,0.007664213125547813,0.0,0.0,1.0,0.0,0.0,0.0,0.0,0.0,0.0,-0.0,-0.0,0.0,0.0,0.0,0.0,0.0,0.0,0.055,0.3,0.3,0.0,0.0,0.0,3.5745592342114425e-06,0,0,0,1,0,0.4979747695069665,0.4979747695069665,0,0,0.19708299078047276,1.500879403822838,-4.0770906551453094e-07,2.2438368294352175e-06,-5.49961701756308e-07,-1.5709205961771622,1.4251549132167097e-05,1.5707898373712093,-0.7853002749008551,-3.2822580239331116e-05,0.00033672566359104503,-4.424068916204261e-05,-0.011541610329337064,0.0009398383089730978,0.002146541374431356,-5.071128668884888e-05,-0.004286437790469643,-25.51655474102466,-0.004267421201353807,18.828937291565122,0.7284180431093195,1.789355405912411,-0.0002287050557309147,-0.004286437939337891,-25.516554748065484,-0.004267421285717291,18.828937280113404,0.7284180433688454,1.7893554084564356,-0.00022870505002958554
0.03100000000000002,0,0,0,0,0.029367843478338318,0.0,0.0,0.0,0.5544610377712673,5.323104718593118e-06,0.46437285144603885,-0.0013829606775822019,0.00019894249115867557,-0.007647992560712087,0.5544994780317353,3.8164741795656373e-17,3.8807074982389583e-05,0.013810246850227763,0.0,0.0,1.0,0.0,0.0,0.0,0.0,0.0,0.0,-0.0,-0.0,0.0,0.0,0.0,0.0,0.0,0.0,0.055,0.3,0.3,0.0,0.0,0.0,3.893132466529094e-06,0,0,0,1,0,0.49896356007168996,0.49896356007168996,0,0,0.20158302504569292,1.5007369332166676,-7.889460025627455e-07,7.754947346235706e-06,-1.0639444001236937e-06,-1.5710630667833325,2.3784762828787775e-05,1.5708309654201915,-0.7853009847265252,-4.20700904602667e-05,0.000746226839330153,-5.6739099757156176e-05,-0.01640862341214835,0.0009503395089167617,0.005799059448871669,-8.596260538495475e-05,-0.004647052566791398,-25.526546227323127,-0.004617361681328234,18.84774330184617,0.7275554875041793,1.803396247610211,-7.09004447354321e-05,-0.004647052715299472,-25.52654623436983,-0.004617361766241651,18.847743290385413,0.7275554877639552,1.8033962501562357,-7.090043904309646e-05
0.04100000000000003,0,0,0,0,0.029277343970666447,0.0,0.0,0.0,0.5544486777103019,7.1965624425019405e-06,0.4642848070018656,-0.0011007902801328947,0.0001769673708249539,-0.009735775420400158,0.5544994780317353,3.8164741795656373e-17,5.1307535204091964e-05,0.02070585823820978,0.0,0.0,1.0,0.0,0.0,0.0,0.0,0.0,0.0,-0.0,-0.0,0.0,0.0,0.0,0.0,0.0,0.0,0.055,0.3,0.3,0.0,0.0,0.0,3.905634850764784e-06,0,0,0,1,0,0.4993470952476544,0.4993470952476544,0,0,0.20049995509907603,1.5005476398431434,-1.2493648241509185e-06,1.8040226960540487e-05,-1.6854494297301272e-06,-1.5712523601568567,3.3049043193964927e-05,1.5709105305942948,-0.7853019900828904,-4.89714456617104e-05,0.0012759732254713188,-6.616049850631877e-05,-0.020943879132561138,0.0009020069401166792,0.009737848580336245,-0.00011109649481532353,-0.004662051422261239,-25.53571996807458,-0.004617991153889888,18.862548912812645,0.7275401468808673,1.811363092318456,3.3043642462061716e-05,-0.004662051570253477,-25.535719975118425,-0.0046179912392132795,18.862548901357332,0.7275401471405684,1.811363094863235,3.304364813412077e-05
0.05100000000000004,0,0,0,0,0.02916630718644636,0.0,0.0,0.0,0.554439588095105,8.830397725932248e-06,0.46417640074993693,-0.0007442616512302009,0.00015220746835567725,-0.011731575946576481,0.5544994780317353,3.8164741795656373e-17,6.0537430021267374e-05,0.02816269267009183,0.0,0.0,1.0,0.0,0.0,0.0,0.0,0.0,0.0,-0.0,-0.0,0.0,0.0,0.0,0.0,0.0,0.0,0.055,0.3,0.3,0.0,0.0,0.0,3.8004626632282102e-06,0,0,0,1,0,0.4995049883248517,0.4995049883248517,0,0,0.19574997713789344,1.5003147133526744,-1.7676215840843011e-06,3.4191724259940634e-05,-2.3866346761469756e-06,-1.5714852866473257,4.170235192645273e-05,1.5710297198388739,-0.7853032018971283,-5.388218573957122e-05,0.0019064579891736766,-7.299638895655108e-05,-0.02516911258495694,0.0008337729809821091,0.013696026714034186,-0.00012844833662030227,-0.00453995382254746,-25.54649901164738,-0.004476509742873755,18.876588233218378,0.7278441522599355,1.8169162310618918,9.644915984702209e-05,-0.004539953969798322,-25.546499018681395,-0.00447650982859968,18.876588221779947,0.7278441525193066,1.8169162336028535,9.644916548780979e-05
0.06100000000000005,0,0,0,0,0.02903563983613766,0.0,0.0,0.0,0.5544343100228682,1.0218745607135626e-05,0.4640485059814551,-0.00034626596167073405,0.0001281095545822026,-0.013642522784017426,0.5544994780317353,3.8164741795656373e-17,6.596432476327569e-05,0.03608699152642823,0.0,0.0,1.0,0.0,0.0,0.0,0.0,0.0,0.0,-0.0,-0.0,0.0,0.0,0.0,0.0,0.0,0.0,0.055,0.3,0.3,0.0,0.0,0.0,3.650726537119393e-06,0,0,0,1,0,0.4995785937102537,0.4995785937102537,0,0,0.1978750224225223,1.5000411664993074,-2.3252133962284847e-06,5.712297061495836e-05,-3.1435708480627143e-06,-1.5717588335006927,4.963489077368684e-05,1.5711880791207058,-0.785304554746638,-5.70505559575343e-05,0.002620906522366422,-7.758653461849943e-05,-0.029099713425302917,0.0007597620513512305,0.017570015379464603,-0.00014015220616460185,-0.004366524635729607,-25.559636398968163,-0.004277615851290139,18.89097150916097,0.7282752505875681,1.8214212622095263,0.00013613390082829082,-0.004366524781983094,-25.559636405986108,-0.004277615937466692,18.89097149774968,0.7282752508463806,1.8214212647443673,0.00013613390642711049
0.07100000000000005,0,0,0,0,0.02888619919488644,0.0,0.0,0.0,0.5544331631186565,1.1375407529892711e-05,0.46390196013377566,7.74135703246421e-05,0.0001057812698036432,-0.015470190700329544,0.5544994780317353,3.8164741795656373e-17,6.728348677878187e-05,0.044421202622226305,0.0,0.0,1.0,0.0,0.0,0.0,0.0,0.0,0.0,-0.0,-0.0,0.0,0.0,0.0,0.0,0.0,0.0,0.055,0.3,0.3,0.0,0.0,0.0,3.4846014450116544e-06,0,0,0,1,0,0.49962052170741855,0.49962052170741855,0,0,0.1840839977376163,1.4997298714335952,-2.905948551883218e-06,8.758882266791883e-05,-3.93545429013208e-06,-1.572070128566405,5.6821748063658866e-05,1.5713845066072893,-0.7853060002258482,-5.86985190178648e-05,0.0034040924463377377,-8.02277323055064e-05,-0.03274901594888231,0.0006851937664500799,0.02131798313198049,-0.00014757715259034186,-0.004176002214026514,-25.57526536544309,-0.004054665928848658,18.906022857274543,0.7287617877731427,1.8253894770788943,0.0001621035855640829,-0.004176002359011883,-25.57526537243922,-0.004054666015553922,18.90602284589994,0.7287617880311857,1.8253894796054726,0.00016210359111054027
0.08100000000000006,0,0,0,0,0.028718832750377232,0.0,0.0,0.0,0.5544363507124667,1.2319940514171808e-05,0.46373759627191924,0.0005176422425680002,8.549035212100226e-05,-0.01721441293396756,0.5544994780317353,3.8164741795656373e-17,6.431826624150034e-05,0.05312222671591655,0.0,0.0,1.0,0.0,0.0,0.0,0.0,0.0,0.0,-0.0,-0.0,0.0,0.0,0.0,0.0,0.0,0.0,0.055,0.3,0.3,0.0,0.0,0.0,3.3131995750917368e-06,0,0,0,1,0,0.4996503282878093,0.4996503282878093,0,0,0.18733402248471975,1.4993835706332865,-3.495792330293011e-06,0.00012619822063430567,-4.744323995174364e-06,-1.5724164293667136,6.326989051904843e-05,1.5716176313212762,-0.7853075005815228,-5.903726172538777e-05,0.004241906830179688,-8.119494721911942e-05,-0.03612981010042737,0.0006120744845073199,0.024921932110078718,-0.00015158362868556948,-0.003981652199608112,-25.593291070956656,-0.003820205795180285,18.9217784859183,0.7292756168072017,1.8290143638514174,0.00017932347094656831,-0.003981652343047276,-25.593291077925596,-0.0038202058825124816,18.921778474589285,0.7292756170642781,1.8290143663677323,0.00017932347643067608
0.09100000000000007,0,0,0,0,0.028534389842287566,0.0,0.0,0.0,0.5544440017356537,1.3072693369895306e-05,0.4635562516841208,0.0009680302657521108,6.720793901280723e-05,-0.018874675878846812,0.5544994780317353,3.8164741795656373e-17,5.699574316451996e-05,0.062153297276993924,0.0,0.0,1.0,0.0,0.0,0.0,0.0,0.0,0.0,-0.0,-0.0,0.0,0.0,0.0,0.0,0.0,0.0,0.055,0.3,0.3,0.0,0.0,0.0,3.141167165275741e-06,0,0,0,1,0,0.49967526010009045,0.49967526010009045,0,0,0.18937501590698957,1.4990048791694284,-4.082767601156426e-06,0.0001734243766984433,-5.554860860441415e-06,-1.5727951208305717,6.899895115457609e-05,1.5718859621031298,-0.7853090250348808,-5.826789468899844e-05,0.005121202208485039,-8.074350905171714e-05,-0.039254831961912234,0.0005412382590190545,0.02837350111432049,-0.0001527630951208074,-0.003788370738415051,-25.61353701375184,-0.0035785616239514284,18.938172235870944,0.7298044094111059,1.8323714246977139,0.00019011641357152324,-0.00378837088002358,-25.61353702068835,-0.0035785617120220573,18.93817222459607,0.7298044096670252,1.8323714272018452,0.00019011641898370309
0.10100000000000008,0,0,0,0,0.028333723120801957,0.0,0.0,0.0,0.5544561889669645,1.3653086528754972e-05,0.46335876819659655,0.0014234705376105859,5.080562275216784e-05,-0.020450614866578114,0.5544994780317353,3.8164741795656373e-17,4.5391077322435265e-05,0.07148093391500307,0.0,0.0,1.0,0.0,0.0,0.0,0.0,0.0,0.0,-0.0,-0.0,0.0,0.0,0.0,0.0,0.0,0.0,0.055,0.3,0.3,0.0,0.0,0.0,2.9706735360496314e-06,0,0,0,1,0,0.4996979827427446,0.4996979827427446,0,0,0.19033404532819986,1.498596284414697,-4.656845159646608e-06,0.00022961402682246203,-6.354188390684534e-06,-1.5732037155853031,7.403414804819404e-05,1.5721879503095078,-0.7853105479020315,-5.65797874377277e-05,0.0060297347222370975,-7.910853828206206e-05,-0.04213688341700082,0.0004730802974441167,0.031668609569231114,-0.00015157156160051807,-0.0035977548278481202,-25.635800010783026,-0.003330899939667183,18.955104641882507,0.730341693820108,1.835492568992377,0.0001955929154004172,-0.003597754967341487,-25.635800017682257,-0.0033309000285990037,18.95510463066979,0.7303416940746905,1.8354925714825183,0.00019559292073160207
0.11100000000000008,0,0,0,0,0.028117686445736312,0.0,0.0,0.0,0.5544729383841056,1.407906869576223e-05,0.46314598963445996,0.0018795852166874755,3.612695916421998e-05,-0.021942176271471842,0.5544994780317353,3.8164741795656373e-17,3.0042853919786956e-05,0.0810737840901075,0.0,0.0,1.0,0.0,0.0,0.0,0.0,0.0,0.0,-0.0,-0.0,0.0,0.0,0.0,0.0,0.0,0.0,0.055,0.3,0.3,0.0,0.0,0.0,2.8029097508443312e-06,0,0,0,1,0,0.4997194598505408,0.4997194598505408,0,0,0.18816697411239147,1.4981601453886801,-5.20981802127623e-06,0.00029499631645458346,-7.1316686953551096e-06,-1.57363985461132,7.840356835855635e-05,1.5725220197284502,-0.7853120476286083,-5.414914324440653e-05,0.006956139319963941,-7.650469025528988e-05,-0.044788820878593205,0.0004078213689144287,0.03480539945708086,-0.0001483928420921696,-0.00341011169767879,-25.659871064053103,-0.0030772269074944045,18.97246859231724,0.730883262430763,1.8383937810355262,0.0001963484049332634,-0.003410111834773631,-25.659871070910423,-0.003077226997417812,18.972468581174322,0.7308832626838396,1.8383937835099777,0.00019634841017502914
0.1210000000000001,0,0,0,0,0.027887131680433164,0.0,0.0,0.0,0.554494235111483,1.4367000369198893e-05,0.46291875843984687,0.002332510253932319,2.3013373641707514e-05,-0.02334965630165805,0.5544994780317353,3.8164741795656373e-17,1.529375403160483e-05,0.09090216773297709,0.0,0.0,1.0,0.0,0.0,0.0,0.0,0.0,0.0,-0.0,-0.0,0.0,0.0,0.0,0.0,0.0,0.0,0.055,0.3,0.3,0.0,0.0,0.0,2.6386530051752993e-06,0,0,0,1,0,0.49974002553186625,0.49974002553186625,0,0,0.18983398331329226,1.497698692491826,-5.735164552102579e-06,0.00036969150050004127,-7.878699087274382e-06,-1.574101307508174,8.213702990292316e-05,1.5728865836750814,-0.7853135062392866,-5.113813074897645e-05,0.007889914262672016,-7.312645141483076e-05,-0.047223501414464,0.00034560371511241253,0.03778340959430165,-0.0001435662267812372,-0.0032252508371887205,-25.68554346725387,-0.002817170388123514,18.990158808563933,0.7314258715771732,1.8410853814360524,0.0001927724428552129,-0.0032252509716046945,-25.685543474064882,-0.0028171704791735163,18.990158797497994,0.7314258718285839,1.8410853838931915,0.00019277244799943967
0.1310000000000001,0,0,0,0,0.027642905284602726,0.0,0.0,0.0,0.554520028004074,1.453169142974493e-05,0.46267791218698706,0.0027788053186383484,1.1313445900677333e-05,-0.024673694766958652,0.5544994780317353,3.8164741795656373e-17,2.5168858117307443e-05,0.10093788373475623,0.0,0.0,1.0,0.0,0.0,0.0,0.0,0.0,0.0,-0.0,-0.0,0.0,0.0,0.0,0.0,0.0,0.0,0.055,0.3,0.3,0.0,0.0,0.0,2.478481038762189e-06,0,0,0,1,0,0.49975978366616425,0.49975978366616425,0,0,0.18924998585134745,1.4972140278500037,-6.227905521500659e-06,0.00045371949675340983,-8.588513751383681e-06,-1.5745859721499964,8.526551836946845e-05,1.5732800567400194,-0.7853149089647626,-4.7694468828497205e-05,0.008821406459873653,-6.914878795457448e-05,-0.04945371854675606,0.0002865263712085226,0.04060321234293732,-0.00013739810212759555,-0.003042798562459282,-25.71261611049951,-0.002550284740071799,19.008075285759116,0.7319667671260343,1.8435758058592142,0.00018517786204224783,-0.0030427986939214856,-25.71261611726004,-0.0025502848323858455,19.00807527477701,0.7319667673756227,1.8435758082975078,0.0001851778670814661
0.1410000000000001,0,0,0,0,0.02738584503382957,0.0,0.0,0.0,0.5545502336228416,1.4586493089094328e-05,0.4624242802608699,0.003215410031992937,8.860931364073076e-07,-0.02591525295553827,0.5544994780317353,3.8164741795656373e-17,5.280999724665271e-05,0.11115411426136156,0.0,0.0,1.0,0.0,0.0,0.0,0.0,0.0,0.0,-0.0,-0.0,0.0,0.0,0.0,0.0,0.0,0.0,0.055,0.3,0.3,0.0,0.0,0.0,2.3228554572669186e-06,0,0,0,1,0,0.49977875638909897,0.49977875638909897,0,0,0.1878330367617309,1.4967081262996054,-6.684458902292209e-06,0.0005470082828819038,-9.255993029373258e-06,-1.5750918737003947,8.78208397857384e-05,1.573700864006227,-0.7853162439428863,-4.39513407745186e-05,0.009741794808606397,-6.472798102076238e-05,-0.051492139273476116,0.00023065868992600333,0.04326622570838015,-0.00013016682401256074,-0.0028623265480847778,-25.740894950472537,-0.002276169868769568,19.026124473790794,0.7325035079394923,1.8458729712748427,0.0001738519568244658,-0.0028623266763272365,-25.740894957178714,-0.002276169962486129,19.026124462898863,0.7325035081871182,1.8458729736928672,0.00017385196175169156
0.1510000000000001,0,0,0,0,0.027116776979064228,0.0,0.0,0.0,0.5545847398796058,1.4543407362088822e-05,0.4621586807901097,0.0036396171456003837,-8.398520784272223e-06,-0.02707558645308913,0.5544994780317353,3.8164741795656373e-17,8.649331419243162e-05,0.12152536590067903,0.0,0.0,1.0,0.0,0.0,0.0,0.0,0.0,0.0,-0.0,-0.0,0.0,0.0,0.0,0.0,0.0,0.0,0.055,0.3,0.3,0.0,0.0,0.0,2.172155888408566e-06,0,0,0,1,0,0.4997969391288313,0.4997969391288313,0,0,0.18729199655354023,1.4961828369759143,-7.102495201550759e-06,0.0006494021118604226,-9.877481626257263e-06,-1.5756171630240858,8.983535862168164e-05,1.574147448813495,-0.785317501951767,-4.0027550453969645e-05,0.010643070779599487,-6.000255590643012e-05,-0.05335124621116106,0.00017804602916579623,0.04577459373027158,-0.00012212492449775188,-0.002683407607437609,-25.770193754093484,-0.0019945178455404284,19.044219607215073,0.7330338968875866,1.847984746223948,0.0001590753715947545,-0.002683407732203976,-25.770193760741645,-0.001994517940796514,19.044219596419268,0.7330338971331142,1.8479847486203709,0.00015907537640359176
0.16100000000000012,0,0,0,0,0.026836512679803692,0.0,0.0,0.0,0.5546234094523559,1.44132001609484e-05,0.46188191785924043,0.004049051820884179,-1.665895005769264e-05,-0.028156216926941174,0.5544994780317353,3.8164741795656373e-17,0.00012476673176741617,0.13202742496676262,0.0,0.0,1.0,0.0,0.0,0.0,0.0,0.0,0.0,-0.0,-0.0,0.0,0.0,0.0,0.0,0.0,0.0,0.055,0.3,0.3,0.0,0.0,0.0,2.0266956261642317e-06,0,0,0,1,0,0.49981432083141075,0.49981432083141075,0,0,0.1871249987743795,1.4956398854462027,-7.480795402808511e-06,0.0007606695179439759,-1.0450616396472831e-05,-1.5761601145537973,9.134177496966797e-05,1.5746182795014456,-0.7853186761587714,-3.602786214378652e-05,0.011518016242997716,-5.5094258755170365e-05,-0.0550432859510562,0.0001287126291438122,0.048131095147936204,-0.00011350034988247996,-0.002505642385768109,-25.80033453112111,-0.001705130777947088,19.062280709634805,0.733555950729446,1.8499190900910654,0.00014112804214638544,-0.002505642506812384,-25.800334537707833,-0.0017051308748757268,19.062280698940768,0.7335559509727487,1.8499190924646243,0.00014112804683100473
0.17100000000000012,0,0,0,0,0.026545846715098242,0.0,0.0,0.0,0.5546660830069858,1.420551253926471e-05,0.46159477900139384,0.004441653056365136,-2.4002787300020592e-05,-0.029158904361982686,0.5544994780317353,3.8164741795656373e-17,0.00016720949244807356,0.14263731852047523,0.0,0.0,1.0,0.0,0.0,0.0,0.0,0.0,0.0,-0.0,-0.0,0.0,0.0,0.0,0.0,0.0,0.0,0.055,0.3,0.3,0.0,0.0,0.0,1.8867302356093324e-06,0,0,0,1,0,0.4998308912271543,0.4998308912271543,0,0,0.1889580162242055,1.4950808763245302,-7.819113119205654e-06,0.0008805110868386921,-1.0974164042672374e-05,-1.5767191236754698,9.237292413957857e-05,1.5751118553193284,-0.7853197618799641,-3.2043482789728813e-05,0.012360178784103247,-5.010905721951005e-05,-0.05658022370622831,8.266348668175007e-05,0.05033906532639379,-0.00010449740613912103,-0.0023286737439068205,-25.831147812984494,-0.0014079267158953396,19.080234469099285,0.7340678840532019,1.8516840717985257,0.00012029012023166164,-0.0023286738609975687,-25.83114781950663,-0.0014079268146258964,19.080234458512134,0.734067884294164,1.851684074148077,0.00012029012478679754
0.18100000000000013,0,0,0,0,0.02624555446564769,0.0,0.0,0.0,0.554712582238042,1.3928967760517291e-05,0.4612980329634074,0.004815655868548785,-3.052714228741818e-05,-0.030085620291349303,0.5544994780317353,3.8164741795656373e-17,0.00021355893539837373,0.15333327794349483,0.0,0.0,1.0,0.0,0.0,0.0,0.0,0.0,0.0,-0.0,-0.0,0.0,0.0,0.0,0.0,0.0,0.0,0.055,0.3,0.3,0.0,0.0,0.0,1.7524634173857762e-06,0,0,0,1,0,0.4998466432797126,0.4998466432797126,0,0,0.18812494818121195,1.4945072963066917,-8.118042202008883e-06,0.0010085669667468035,-1.1447868888608313e-05,-1.5772927036933084,9.296159274158563e-05,1.5756267115994742,-0.7853207563486775,-2.8152655083071346e-05,0.013163844836737059,-4.5138151842844485e-05,-0.057973703974064414,3.988587386901093e-05,0.05240232575348442,-9.529766674791872e-05,-0.0021521953198538352,-25.86247283895071,-0.0011029400831532325,19.098014058529433,0.7345680983065147,1.853287846208158,9.684105632764256e-05,-0.0021521954327728982,-25.862472845405314,-0.0011029401838081995,19.098014048053955,0.7345680985450262,1.8532878485326285,9.684106074854781e-05
0.19100000000000014,0,0,0,0,0.02593639015630622,0.0,0.0,0.0,0.5547627127330963,1.3591273105078792e-05,0.46099242773219873,0.0051695737769853955,-3.6319199407959264e-05,-0.030938522213247825,0.5544994780317353,3.8164741795656373e-17,0.000263585338562759,0.16409470385532957,0.0,0.0,1.0,0.0,0.0,0.0,0.0,0.0,0.0,-0.0,-0.0,0.0,0.0,0.0,0.0,0.0,0.0,0.055,0.3,0.3,0.0,0.0,0.0,1.624051749435627e-06,0,0,0,1,0,0.4998615738520613,0.4998615738520613,0,0,0.18812500638887286,1.4939205175672432,-8.37889076709739e-06,0.0011444241003284786,-1.1872310782691183e-05,-1.5778794824327569,9.314034915297812e-05,1.5761614242563078,-0.7853216584933953,-2.4421335587761202e-05,0.013924010972840257,-4.025898937291985e-05,-0.059235016828939224,3.507296985163727e-07,0.05432511889820461,-8.606092945494366e-05,-0.001975956839394739,-25.89415767485238,-0.0007903192066948549,19.115558929534863,0.7350551726745372,1.8547386172822147,7.105808757630672e-05,-0.0019759569479401986,-25.894157681236813,-0.0007903193093900031,19.115558919175378,0.7350551729105014,1.8547386195806386,7.105809185878857e-05
0.20100000000000015,0,0,0,0,0.025619085146934784,0.0,0.0,0.0,0.5548162666630418,1.3199315847630475e-05,0.4606786888101395,0.005502181488021477,-4.1456817785125836e-05,-0.03171992925404198,0.5544994780317353,3.8164741795656373e-17,0.0003170634934266913,0.17490213188588755,0.0,0.0,1.0,0.0,0.0,0.0,0.0,0.0,0.0,-0.0,-0.0,0.0,0.0,0.0,0.0,0.0,0.0,0.055,0.3,0.3,0.0,0.0,0.0,1.501608921535346e-06,0,0,0,1,0,0.49987568372023494,0.49987568372023494,0,0,0.19216700457036495,1.4933218014645344,-8.603562367331444e-06,0.00128762316095117,-1.2248773112728857e-05,-1.5784781985354657,9.294138759631403e-05,1.5767146136589063,-0.7853224687255822,-2.0903936141943488e-05,0.014636353674379982,-3.553627113793561e-05,-0.060375069438427034,-3.598599764694764e-05,0.056112047520677534,-7.692624292190648e-05,-0.0017997672601450816,-25.92605927619097,-0.00047032202942606056,19.1328145909959,0.7355278556374715,1.8560445987111653,4.321461330960151e-05,-0.0017997673641315607,-25.92605928250279,-0.0004703221342689618,19.132814580756314,0.735527855870797,1.8560446009826717,4.3214617450029836e-05
0.21100000000000016,0,0,0,0,0.02529434645916495,0.0,0.0,0.0,0.5548730253003221,1.2759253090227748e-05,0.46035751772689004,0.005812497792380389,-4.6009154746139886e-05,-0.03243229908837681,0.5544994780317353,3.8164741795656373e-17,0.0003737651139527539,0.1857371990810179,0.0,0.0,1.0,0.0,0.0,0.0,0.0,0.0,0.0,-0.0,-0.0,0.0,0.0,0.0,0.0,0.0,0.0,0.055,0.3,0.3,0.0,0.0,0.0,1.385209704552275e-06,0,0,0,1,0,0.4998889773541124,0.4998889773541124,0,0,0.2098329714499414,1.4927123025037148,-8.79444483837666e-06,0.001437665179748945,-1.2579120849207356e-05,-1.5790876974962853,9.23963854894986e-05,1.57728494791907,-0.7853231887381552,-1.764410982721244e-05,0.01529719789324929,-3.1022950537558165e-05,-0.06140436240599359,-6.918203440847565e-05,0.05776801801167823,-6.801299970302002e-05,-0.0016234962671884247,-25.958043502377258,-0.00014331052550281133,19.149732377458093,0.735985056790815,1.8572139758842747,1.3578639549724426e-05,-0.0016234963664474476,-25.958043508614253,-0.000143310632591597,19.149732367342004,0.735985057021422,1.8572139781280672,1.35786435450431e-05
0.22100000000000017,0,0,0,0,0.02496285552658939,0.0,0.0,0.0,0.5549327613675099,1.2276595292413734e-05,0.4600295907751522,0.006099768729650317,-5.0037300173264956e-05,-0.03307820610814487,0.5544994780317353,3.8164741795656373e-17,0.000433457222632141,0.19658261082169157,0.0,0.0,1.0,0.0,0.0,0.0,0.0,0.0,0.0,-0.0,-0.0,0.0,0.0,0.0,0.0,0.0,0.0,0.055,0.3,0.3,0.0,0.0,0.0,1.2748937574026299e-06,0,0,0,1,0,0.49990146262388113,0.49990146262388113,0,0,0.1759580336511135,1.4920930725115436,-8.954307172894931e-06,0.001594017852948528,-1.2865688478213613e-05,-1.5797069274884565,9.153637384066516e-05,1.5778711456337955,-0.7853238213151932,-1.4675565358989063e-05,0.01590348468246391,-2.676121425630833e-05,-0.06233297056253936,-9.930748657175823e-05,0.05929818752357189,-5.9422083537908797e-05,-0.0014470744194052152,-25.989985086928996,0.0001902558813815282,19.166269210023806,0.7364258387859209,1.858254870535118,-1.758864206294839e-05,-0.0014470745137863772,-25.989985093089256,0.00019025577195835278,19.166269200034314,0.7364258390137354,1.8582548727505015,-1.758863821541099e-05
0.23100000000000018,0,0,0,0,0.02462526715601826,0.0,0.0,0.0,0.554995241219232,1.1756283442414033e-05,0.4596955579579376,0.006363451080459369,-5.359491249609678e-05,-0.03366032082433102,0.5544994780317353,3.8164741795656373e-17,0.0004959025592566983,0.207422108177956,0.0,0.0,1.0,0.0,0.0,0.0,0.0,0.0,0.0,-0.0,-0.0,0.0,0.0,0.0,0.0,0.0,0.0,0.055,0.3,0.3,0.0,0.0,0.0,1.1706693233622413e-06,0,0,0,1,0,0.4999131504878158,0.4999131504878158,0,0,0.19016599981114268,1.4914650649804826,-9.086204629063942e-06,0.0017561215216284989,-1.3111177633661261e-05,-1.5803349350195175,9.039162046051864e-05,1.5784719781191119,-0.7853243701533515,-1.2022895986348069e-05,0.01645273815962538,-2.278344225216007e-05,-0.06317052785088509,-0.00012644356928281664,0.060707914724983464,-5.1237056702492905e-05,-0.0012704921580868264,-26.02176756765379,0.0005298276839611575,19.182387351535976,0.7368494093477594,1.8591753084541578,-5.0034120157638805e-05,-0.0012704922474580237,-26.02176757373559,0.0005298275721254317,19.18238734167582,0.7368494095727184,1.8591753106405242,-5.003411645994159e-05
0.2410000000000002,0,0,0,0,0.024282208687604112,0.0,0.0,0.0,0.5550602268610471,1.1202759893530592e-05,0.45935604213512216,0.006603196244053302,-5.67288489219341e-05,-0.03418139048212139,0.5544994780317353,3.8164741795656373e-17,0.0005608607237129103,0.2182404356376439,0.0,0.0,1.0,0.0,0.0,0.0,0.0,0.0,0.0,-0.0,-0.0,0.0,0.0,0.0,0.0,0.0,0.0,0.055,0.3,0.3,0.0,0.0,0.0,1.0725168482698687e-06,0,0,0,1,0,0.49992405468435774,0.49992405468435774,0,0,0.17583300359547138,1.4908291395430124,-9.193392151396152e-06,0.001923394818568617,-1.3318564191352796e-05,-1.5809708604569876,8.899152572766095e-05,1.5790862711707359,-0.7853248396953054,-9.702410979252789e-06,0.016943032042098426,-1.9113141999321425e-05,-0.06392621596858365,-0.00015068136476459307,0.062002714039183025,-4.352537325047098e-05,-0.001093797847279177,-26.053283180472857,0.0008747732716650714,19.198054157494692,0.7372551133650221,1.859983190307158,-8.351387196962762e-05,-0.0010937979315266571,-26.053283186474733,0.0008747731573496298,19.198054147766257,0.7372551135870711,1.859983192463981,-8.351386842341193e-05
0.25100000000000017,0,0,0,0,0.023934279341849052,0.0,0.0,0.0,0.5551274778094047,1.0620032958850174e-05,0.4590116383572749,0.006818834552423483,-5.947978377719902e-05,-0.03464422086749224,0.5544994780317353,3.8164741795656373e-17,0.0006280895683363606,0.22902330916461822,0.0,0.0,1.0,0.0,0.0,0.0,0.0,0.0,0.0,-0.0,-0.0,0.0,0.0,0.0,0.0,0.0,0.0,0.055,0.3,0.3,0.0,0.0,0.0,9.803925460601917e-07,0,0,0,1,0,0.499934191435782,0.499934191435782,0,0,0.19112497102469206,1.4901860665403244,-9.279246072592187e-06,0.0020952399791271613,-1.3491014544599046e-05,-1.5816139334596757,8.73645305957577e-05,1.5797129063856656,-0.7853252349754044,-7.722959568536071e-06,0.01737295597285947,-1.5765852903363918e-05,-0.06460875645447751,-0.00017212061348502322,0.06318821323761042,-3.6339604900522405e-05,-0.0009170949981160195,-26.08443272032884,0.0012243873723896195,19.213241823993922,0.7376424250597543,1.8606862654754472,-0.00011779411674974063,-0.0009170950771445347,-26.08443272624951,0.0012243872555385503,19.21324181439924,0.7376424252788462,1.860686267602275,-0.00011779411335616373
0.2610000000000002,0,0,0,0,0.023582049741724842,0.0,0.0,0.0,0.5551967527973118,1.0011735412333625e-05,0.4586629133749701,0.00701036006474532,-6.188280985080578e-05,-0.03505165928184963,0.5544994780317353,3.8164741795656373e-17,0.0006973466380185892,0.23975738454986797,0.0,0.0,1.0,0.0,0.0,0.0,0.0,0.0,0.0,-0.0,-0.0,0.0,0.0,0.0,0.0,0.0,0.0,0.055,0.3,0.3,0.0,0.0,0.0,8.942319315929419e-07,0,0,0,1,0,0.49994357916486365,0.49994357916486365,0,0,0.18316699424758554,1.4895365316525975,-9.347193972794226e-06,0.002271047815165883,-1.3631810742785282e-05,-1.5822634683474026,8.553803648489435e-05,1.580350822077586,-0.785325561477599,-6.086738810056036e-06,0.017741581836526077,-1.275001726057072e-05,-0.0652264059230594,-0.0001908685430814985,0.06427011426515873,-2.9718667564312835e-05,-0.0007405388110707996,-26.115125372454816,0.001577899822633403,19.22792713387593,0.7380109402507575,1.8612921087879792,-0.00015265202150676715,-0.0007405388848038194,-26.115125378293236,0.0015778997032018334,19.227927124416627,0.7380109404668532,1.861292110884452,-0.00015265201826658185
0.2710000000000002,0,0,0,0,0.023226061598382697,0.0,0.0,0.0,0.5552678113307072,9.381177091621138e-06,0.45831040531203926,0.007177915878618759,-6.396801851056231e-05,-0.03540657865983979,0.5544994780317353,3.8164741795656373e-17,0.0007683905678707747,0.25043022602861237,0.0,0.0,1.0,0.0,0.0,0.0,0.0,0.0,0.0,-0.0,-0.0,0.0,0.0,0.0,0.0,0.0,0.0,0.055,0.3,0.3,0.0,0.0,0.0,8.139533335193494e-07,0,0,0,1,0,0.49995223822707846,0.49995223822707846,0,0,0.1894590095616877,1.4888811405609308,-9.400652495389786e-06,0.0024502023529353553,-1.3744284140560204e-05,-1.5829188594390693,8.353833665684856e-05,1.5809990138177334,-0.7853258250055855,-4.790078288822283e-06,0.01804843024669509,-1.0067814602511398e-05,-0.06578695416793952,-0.00020703873910385336,0.06525415717639067,-2.368903774330676e-05,-0.0005643321631966935,-26.145278517140433,0.0019344845400670334,19.242091202234757,0.7383603687247958,1.861808100000795,-0.00018787636545545628,-0.0005643322315753895,-26.145278522895747,0.001934484418022552,19.242091192912223,0.7383603689378629,1.861808102066612,-0.00018787636236902006
0.2810000000000002,0,0,0,0,0.022866827549171465,0.0,0.0,0.0,0.5553404151008897,8.731391829978855e-06,0.4579546234914684,0.007321779987817872,-6.576105513886999e-05,-0.035711862804070085,0.5544994780317353,3.8164741795656373e-17,0.000840982396653674,0.26103027514565447,0.0,0.0,1.0,0.0,0.0,0.0,0.0,0.0,0.0,-0.0,-0.0,0.0,0.0,0.0,0.0,0.0,0.0,0.055,0.3,0.3,0.0,0.0,0.0,7.394613863842663e-07,0,0,0,1,0,0.4999601906568014,0.4999601906568014,0,0,0.1889580162242055,1.488220423613692,-9.442972854902247e-06,0.002632085137548212,-1.383175717633493e-05,-1.583579576386308,8.139055863611143e-05,1.5816565346316787,-0.7853260315650131,-3.824195870769099e-06,0.01829343736831046,-7.715956739171507e-06,-0.06629772487175672,-0.00022075006112229448,0.06614608706338929,-1.826594930120708e-05,-0.0003887211538681064,-26.174817510985726,0.0022932685874505593,19.255719222337127,0.7386905267317605,1.8622414058776993,-0.000223268071619159,-0.00038872121685260946,-26.174817516657352,0.002293268462770357,19.255719213152265,0.7386905269417758,1.8622414079126606,-0.00022326806868636453
0.2910000000000002,0,0,0,0,0.022504831136966996,0.0,0.0,0.0,0.5554143292585955,8.065178986269707e-06,0.45759604840292795,0.007442351710028654,-6.72836471320931e-05,-0.0359703927091589,0.5544994780317353,3.8164741795656373e-17,0.0009148867768197755,0.2715468198580189,0.0,0.0,1.0,0.0,0.0,0.0,0.0,0.0,0.0,-0.0,-0.0,0.0,0.0,0.0,0.0,0.0,0.0,0.055,0.3,0.3,0.0,0.0,0.0,6.706504754958481e-07,0,0,0,1,0,0.4999674599284858,0.4999674599284858,0,0,0.19333296222612262,1.4875548404725976,-9.477393721032047e-06,0.0028160792082137925,-1.3897492874509805e-05,-1.5842451595274025,7.911861720601028e-05,1.5823224948812848,-0.7853261872575139,-3.175919863499905e-06,0.01847692222233365,-5.686441286896326e-06,-0.06676557867481797,-0.00023212560722266163,0.06695162385691099,-1.3454562293801961e-05,-0.00021399031642136933,-26.203675447501293,0.002653341223893408,19.26880021296705,0.7390013296179591,1.8625989647267502,-0.00025864061298162236,-0.00021399037398865537,-26.20367545308871,0.002653341096567178,19.268800203920573,0.739001329824906,1.8625989667307061,-0.0002586406102020373
0.3010000000000002,0,0,0,0,0.02214052692008145,0.0,0.0,0.0,0.5554893235555343,7.385139854071191e-06,0.4572351318011933,0.0075401387024105326,-6.855410234126424e-05,-0.03618503394625663,0.5544994780317353,3.8164741795656373e-17,0.0009898730733157496,0.28196996387269874,0.0,0.0,1.0,0.0,0.0,0.0,0.0,0.0,0.0,-0.0,-0.0,0.0,0.0,0.0,0.0,0.0,0.0,0.055,0.3,0.3,0.0,0.0,0.0,6.074080639914579e-07,0,0,0,1,0,0.4999717231651122,0.4999717231651122,0,0,0.18954102415591478,1.4868847847162319,-9.507001122277986e-06,0.003001572749794108,-1.3944651646295954e-05,-1.5849152152837682,7.674517748169854e-05,1.5829960618599332,-0.7853262981862299,-2.8283739737034518e-06,0.018599554604435162,-3.967261934534389e-06,-0.06719691836875555,-0.00024129172941558067,0.06767643488325872,-9.251096666446937e-06,-4.045759162165447e-05,-26.23179289976647,0.0030137628518031563,19.28132676813605,0.7392927846129445,1.862887473250799,-0.0002938203016739158,-4.0457643766001494e-05,-26.231792905269486,0.003013762721830768,19.281326759228275,0.7392927848168137,1.8628874752236801,-0.00029382029904676915
0.3110000000000002,0,0,0,0,0.021774340702322537,0.0,0.0,0.0,0.5555651733593366,6.693709257932586e-06,0.4568722969250192,0.0076157445777287405,-6.958777639205648e-05,-0.03635862507796534,0.5544994780317353,3.8164741795656373e-17,0.0010657163492294825,0.2922905962227515,0.0,0.0,1.0,0.0,0.0,0.0,0.0,0.0,0.0,-0.0,-0.0,0.0,0.0,0.0,0.0,0.0,0.0,0.055,0.3,0.3,0.0,0.0,0.0,5.496177576181521e-07,0,0,0,1,0,0.4999736423296287,0.4999736423296287,0,0,0.18891599029302597,1.4862105883809769,-9.534694981513477e-06,0.0031879624274768208,-1.3976254949014885e-05,-1.5855894116190232,7.42916275393947e-05,1.583676459127925,-0.7853263703724579,-2.7616223544042227e-06,0.018662323734738178,-2.5430741518420738e-06,-0.06759769599466427,-0.0002483771019855501,0.06832611005991543,-5.643924697870344e-06,0.00013153084744169555,-26.259117647726193,0.0033735737757929203,19.293294810032307,0.7395649837825339,1.8631133755731744,-0.00032864646872683803,0.00013153080071016357,-26.25911765314471,0.003373573643186318,19.293294801263418,0.7395649839833205,1.863113377514953,-0.00032864646625103955
0.32100000000000023,0,0,0,0,0.02140666987308093,0.0,0.0,0.0,0.5556416605479682,5.993182652582319e-06,0.4565079388263342,0.007669857129233276,-7.03975078326085e-05,-0.03649396707244702,0.5544994780317353,3.8164741795656373e-17,0.0011421982396354773,0.3025003610911796,0.0,0.0,1.0,0.0,0.0,0.0,0.0,0.0,0.0,-0.0,-0.0,0.0,0.0,0.0,0.0,0.0,0.0,0.055,0.3,0.3,0.0,0.0,0.0,4.971618502521601e-07,0,0,0,1,0,0.4999755411737906,0.4999755411737906,0,0,0.1883750082924962,1.4855325264214654,-9.563161873309534e-06,0.0033746564124541955,-1.399515535322457e-05,-1.5862674735785347,7.177806006339348e-05,1.584362965613809,-0.785326409682966,-2.9532728345280985e-06,0.01866650774176834,-1.3958154809883302e-06,-0.06797342163766408,-0.0002535118443509253,0.06890613961356828,-2.6146170598783296e-06,0.00030160583942288676,-26.28560439256248,0.0037318027003567793,19.304703346016414,0.7398180971619467,1.8632828543028275,-0.00036297154266383473,0.00030160579807796454,-26.285604397896538,0.003731802565136808,19.304703337386186,0.7398180973596531,1.8632828562135557,-0.0003629715403379212
0.33100000000000024,0,0,0,0,0.021037883847625283,0.0,0.0,0.0,0.5557185742897305,5.285739051410623e-06,0.45614242479993317,0.007703237168373504,-7.099402050411406e-05,-0.03659381368446063,0.5544994780317353,3.8164741795656373e-17,0.0012191077168549325,0.3125916278975483,0.0,0.0,1.0,0.0,0.0,0.0,0.0,0.0,0.0,-0.0,-0.0,0.0,0.0,0.0,0.0,0.0,0.0,0.055,0.3,0.3,0.0,0.0,0.0,4.49922932882931e-07,0,0,0,1,0,0.4999774128630381,0.4999774128630381,0,0,0.1909160055220127,1.4848508210746774,-9.594853577636693e-06,0.0035610771074559362,-1.4004012560715794e-05,-1.5869491789253227,6.922326245931883e-05,1.5850549145062218,-0.7853264217674956,-3.379037121013119e-06,0.01861364407067385,-5.052799646027391e-07,-0.06832917372170035,-0.00025682669955189816,0.06942189420477127,-1.3893828695632773e-07,0.0004693804750152857,-26.311214460444234,0.004087474901587074,19.315554230400064,0.7400523660793612,1.8634018235080465,-0.0003966610349036951,0.0004693804390164478,-26.31121446569404,0.004087474763786299,19.315554221908137,0.740052366273994,1.8634018253878115,-0.0003966610327260935
0.34100000000000025,0,0,0,0,0.02066832459814094,0.0,0.0,0.0,0.5557957117149834,4.573460112447832e-06,0.4557760949041943,0.007716707975810229,-7.138629293679267e-05,-0.036660862770100736,0.5544994780317353,3.8164741795656373e-17,0.0012962417514200395,0.32255746166519045,0.0,0.0,1.0,0.0,0.0,0.0,0.0,0.0,0.0,-0.0,-0.0,0.0,0.0,0.0,0.0,0.0,0.0,0.055,0.3,0.3,0.0,0.0,0.0,4.077839507602898e-07,0,0,0,1,0,0.4999792512009523,0.4999792512009523,0,0,0.18925004405900836,1.4841656461137094,-9.631970995897776e-06,0.003746663581816019,-1.4005274914119968e-05,-1.5876343538862907,6.664471487294271e-05,1.5857516919596724,-0.7853264120059247,-4.013247372118582e-06,0.01850550089345169,1.5035334680248837e-07,-0.06866961061969842,-0.0002584522690914014,0.06987860734419794,1.812211693630248e-06,0.0006344552688027741,-26.335915497822416,0.004439620016941513,19.325851931679292,0.740268096681919,1.8634759234711566,-0.0004295934394019756,0.0006344552380951864,-26.335915502988357,0.004439619876600632,19.325851923325047,0.7402680968734907,1.8634759253201114,-0.00042959343737068533
0.35100000000000026,0,0,0,0,0.02029830726634896,0.0,0.0,0.0,0.5558728784857112,3.858345712167732e-06,0.4554092625636562,0.007711145362954951,-7.158189492148054e-05,-0.036697748501163606,0.5544994780317353,3.8164741795656373e-17,0.0013734058736633334,0.3323915936915907,0.0,0.0,1.0,0.0,0.0,0.0,0.0,0.0,0.0,-0.0,-0.0,0.0,0.0,0.0,0.0,0.0,0.0,0.055,0.3,0.3,0.0,0.0,0.0,3.70625905867372e-07,0,0,0,1,0,0.4999810506076149,0.4999810506076149,0,0,0.19333400996401906,1.4834771309790233,-9.676452992174257e-06,0.003930873726466551,-1.4001165940299091e-05,-1.5883228690209767,6.405859554899226e-05,1.5864527356365588,-0.7853263854645361,-4.829329063969386e-06,0.018344049587301847,5.940375057052599e-07,-0.06899898340506265,-0.00025851830445742656,0.07028135998622752,3.2719125048117786e-06,0.0007964232054360944,-26.35968116030514,0.004787279405833567,19.335603305821724,0.7404656536725512,1.863510517099288,-0.00046166005460152986,0.0007964231799520477,-26.359681165387677,0.0047872792630029816,19.33560329760428,0.7404656538610797,1.8635105189176207,-0.00046166005271449853
0.36100000000000027,0,0,0,0,0.019928120848912323,0.0,0.0,0.0,0.5559498892690111,3.1423263313384865e-06,0.4550422152446577,0.007687468338430632,-7.158729171510547e-05,-0.03670703444431448,0.5544994780317353,3.8164741795656373e-17,0.001450414641208105,0.34208839254686213,0.0,0.0,1.0,0.0,0.0,0.0,0.0,0.0,0.0,-0.0,-0.0,0.0,0.0,0.0,0.0,0.0,0.0,0.055,0.3,0.3,0.0,0.0,0.0,3.383223471417163e-07,0,0,0,1,0,0.4999828060971673,0.4999828060971673,0,0,0.19183300901204348,1.4827853647766727,-9.72996972432647e-06,0.004113186139852319,-1.399367547456707e-05,-1.5890146352233274,6.147979296302937e-05,1.5871575331065657,-0.785326346860819,-5.8002305231565646e-06,0.018131438336325315,8.49419761625998e-07,-0.06932114958093707,-0.00025715305528634265,0.07063506718656938,4.276396568690834e-06,0.0009548746102607826,-26.382490797015464,0.005129513041726439,19.344817376143297,0.7406454542668698,1.8635106878719352,-0.0004927647349373254,0.0009548745899204089,-26.382490802015187,0.0051295128964653205,19.3448173680617,0.7406454544523758,1.863510689659873,-0.0004927647331921484
0.3710000000000003,0,0,0,0,0.01955802894718156,0.0,0.0,0.0,0.5560265681205199,2.427272576178891e-06,0.4546752151955876,0.007646630371349065,-7.140811660767572e-05,-0.03669120746959883,0.5544994780317353,3.8164741795656373e-17,0.0015270920178287602,0.35164283542645014,0.0,0.0,1.0,0.0,0.0,0.0,0.0,0.0,0.0,-0.0,-0.0,0.0,0.0,0.0,0.0,0.0,0.0,0.055,0.3,0.3,0.0,0.0,0.0,3.1073008241244703e-07,0,0,0,1,0,0.4999845132552011,0.4999845132552011,0,0,0.18745899433270097,1.4820904001345796,-9.793920035464362e-06,0.0042931017562550895,-1.3984554920813273e-05,-1.5897095998654205,5.89219241616995e-05,1.5878656201234644,-0.7853263005362096,-6.898809878751445e-06,0.01786996690155359,9.404477045431685e-07,-0.06963958763370662,-0.0002544826738140091,0.07094446671172762,4.8642817856386735e-06,0.001109401800713544,-26.404329132211224,0.005465405903806982,19.353505120245682,0.7408079623764457,1.8634812392088203,-0.0005228235794407266,0.0011094017854257415,-26.404329137128844,0.0054654057561815605,19.353505112298713,0.7408079625589556,1.8634812409666421,-0.0005228235778349347
0.3810000000000003,0,0,0,0,0.019188270573179622,0.0,0.0,0.0,0.5561027487836849,1.7150021398008577e-06,0.4543085002436451,0.007589611241120276,-7.104941280618227e-05,-0.036652672452324626,0.5544994780317353,3.8164741795656373e-17,0.0016032716692094217,0.3610504798866537,0.0,0.0,1.0,0.0,0.0,0.0,0.0,0.0,0.0,-0.0,-0.0,0.0,0.0,0.0,0.0,0.0,0.0,0.055,0.3,0.3,0.0,0.0,0.0,2.876764487390419e-07,0,0,0,1,0,0.49998616821497766,0.49998616821497766,0,0,0.19104097736999393,1.481392256909421,-9.869432485653364e-06,0.00447014522841332,-1.3975316213447629e-05,-1.5904077430905792,5.639735875187073e-05,1.5885765787982273,-0.7853262504361762,-8.098180508636304e-06,0.017562062594717546,8.91018253583429e-07,-0.06995741226694899,-0.00025063067494516134,0.07121410948940454,5.075864191098659e-06,0.0012596034819880974,-26.425185945815738,0.0057940738438483855,19.361679264417667,0.7409536830255506,1.8634266951452345,-0.0005517645643065797,0.0012596034716515973,-26.42518595065204,0.005794073693933158,19.361679256604027,0.7409536832050916,1.8634266968732367,-0.0005517645628374537
0.3910000000000003,0,0,0,0,0.018819061004101523,0.0,0.0,0.0,0.556178274910691,1.0072845134104973e-06,0.4539422846403811,0.0075174094616214954,-7.051584577846376e-05,-0.03659374773194515,0.5544994780317353,3.8164741795656373e-17,0.0016787971811430221,0.37030743599219246,0.0,0.0,1.0,0.0,0.0,0.0,0.0,0.0,0.0,-0.0,-0.0,0.0,0.0,0.0,0.0,0.0,0.0,0.055,0.3,0.3,0.0,0.0,0.0,2.689450884037231e-07,0,0,0,1,0,0.49998776763351227,0.49998776763351227,0,0,0.1872910070233047,1.4806909257380634,-9.95736961596638e-06,0.004643866076627446,-1.3967234060443065e-05,-1.5911090742619367,5.391724798758464e-05,1.5892900356862534,-0.7853262000970488,-9.372016319543116e-06,0.01721025748223046,7.246680527275774e-07,-0.070277390181445,-0.0002457174509844149,0.07144835179041932,4.952470553884751e-06,0.001405088856213416,-26.445055754394517,0.0061146689105504035,19.36935408585047,0.7410831570055485,1.8633513022067656,-0.0005795271263834633,0.0014050888507176583,-26.44505575915035,0.006114668758427026,19.369354078168723,0.7410831571821516,1.8633513039052738,-0.0005795271250482295
0.4010000000000003,0,0,0,0,0.01845059267795912,0.0,0.0,0.0,0.5562530002107091,3.0584372707939453e-07,0.4535767599486512,0.00743103526592032,-6.981188736960594e-05,-0.03651666129129499,0.5544994780317353,3.8164741795656373e-17,0.001753522205645985,0.37941033890436815,0.0,0.0,1.0,0.0,0.0,0.0,0.0,0.0,0.0,-0.0,-0.0,0.0,0.0,0.0,0.0,0.0,0.0,0.055,0.3,0.3,0.0,0.0,0.0,2.542640909906965e-07,0,0,0,1,0,0.49998930866705527,0.49998930866705527,0,0,0.20733400015160441,1.479986371428786,-1.0058335051626395e-05,0.004813839616759273,-1.3961351062297473e-05,-1.5918136285712141,5.149155841443899e-05,1.5900056598054368,-0.7853261526389933,-1.069481841829158e-05,0.01681716683753428,4.643036286900794e-07,-0.07060195627597454,-0.0002398598398473848,0.07165134903438772,4.5358704034858144e-06,0.0015454814207569705,-26.46393749398655,0.006426384120279641,19.376545222949858,0.7411969557712521,1.8632590323783664,-0.0006060617045123712,0.0015454814199830505,-26.463937498662833,0.00642638396603561,19.376545215398465,0.7411969559449522,1.8632590340477317,-0.0006060617033079989
0.4110000000000003,0,0,0,0,0.018083036123372698,0.0,0.0,0.0,0.5563267885309915,-3.8764060097938714e-07,0.4532120959639775,0.007331504136364967,-6.894197311931931e-05,-0.03642354761937102,0.5544994780317353,3.8164741795656373e-17,0.001827310540372721,0.38835632194027625,0.0,0.0,1.0,0.0,0.0,0.0,0.0,0.0,0.0,-0.0,-0.0,0.0,0.0,0.0,0.0,0.0,0.0,0.055,0.3,0.3,0.0,0.0,0.0,2.433014457164707e-07,0,0,0,1,0,0.49998896254758396,0.49998896254758396,0,0,0.1937500201165676,1.4792785361887244,-1.0172683067535855e-05,0.004979667679672621,-1.3958485319150631e-05,-1.5925214638112757,4.912910954444506e-05,1.5907231606007264,-0.7853261107645448,-1.2042144903503063e-05,0.016385468852235324,1.319694951084129e-07,-0.07093323015245076,-0.00023317074530224445,0.07182705111331723,3.867746522868778e-06,0.0016804224360877885,-26.481834206093858,0.006728457668555598,19.383269493981206,0.7412956765818357,1.8631535870682796,-0.0006313292446578846,0.0016804224399093648,-26.481834210691535,0.006728457512284671,19.38326948655853,0.741295676752666,1.8631535887088744,-0.0006313292435813213
0.4210000000000003,0,0,0,0,0.01771654091688052,0.0,0.0,0.0,0.5563995138761877,-1.0715336462829032e-06,0.4528484416636921,0.0072198308636758305,-6.791063431932561e-05,-0.036316445220809804,0.5544994780317353,3.8164741795656373e-17,0.0019000361466004726,0.39714299013034315,0.0,0.0,1.0,0.0,0.0,0.0,0.0,0.0,0.0,-0.0,-0.0,0.0,0.0,0.0,0.0,0.0,0.0,0.055,0.3,0.3,0.0,0.0,0.0,2.3567166195769082e-07,0,0,0,1,0,0.49998813571558065,0.49998813571558065,0,0,0.1901249634101987,1.478567342685104,-1.0300530257555593e-05,0.00514097913472683,-1.3959240157258153e-05,-1.593232657314896,4.68376150497759e-05,1.5914422858697794,-0.7853260767621193,-1.3390805642128124e-05,0.0159178856093183,-2.51347755345323e-07,-0.0712730328174916,-0.000225758807623218,0.07197919912932149,2.989222545366443e-06,0.0018095740492072446,-26.498752728013137,0.0070201765823033665,19.389544724222905,0.7413799378884612,1.863038401969438,-0.000655300674959445,0.0018095740574916482,-26.498752732533294,0.007020176424103216,19.389544716927183,0.7413799380564609,1.863038403581653,-0.0006553006740076483
0.4310000000000003,0,0,0,0,0.017351236661502623,0.0,0.0,0.0,0.5564710603710672,-1.7442469514306052e-06,0.4524859261775933,0.007097024117690182,-6.672260642249111e-05,-0.036197294735286135,0.5544994780317353,3.8164741795656373e-17,0.001971583110894128,0.40576839430348566,0.0,0.0,1.0,0.0,0.0,0.0,0.0,0.0,0.0,-0.0,-0.0,0.0,0.0,0.0,0.0,0.0,0.0,0.055,0.3,0.3,0.0,0.0,0.0,2.309538577980037e-07,0,0,0,1,0,0.49998761492267674,0.49998761492267674,0,0,0.19770802464336157,1.4778526969388408,-1.0441768968116368e-05,0.005297430229931,-1.3964015626258532e-05,-1.5939473030611593,4.462372698109563e-05,1.5921628196633015,-0.7853260525139428,-1.4719023995260051e-05,0.015417165315141729,-6.658814426406491e-07,-0.07162290348081661,-0.00021772812284712065,0.07211132344493255,1.940445966126066e-06,0.0019326220641272473,-26.5147033885936,0.007300879818662658,19.39538958175857,0.7414503749691811,1.8629166527258234,-0.0006779563571406845,0.0019326220767358938,-26.514703393037262,0.007300879658637895,19.395389574588147,0.7414503751343885,1.8629166543100477,-0.0006779563563103658
0.44100000000000034,0,0,0,0,0.016987233980665484,0.0,0.0,0.0,0.5565413221716764,-2.4042409588610983e-06,0.45212465977422134,0.006964081511623811,-6.538291546448545e-05,-0.036067937630240576,0.5544994780317353,3.8164741795656373e-17,0.0020418455554195372,0.41423100572553406,0.0,0.0,1.0,0.0,0.0,0.0,0.0,0.0,0.0,-0.0,-0.0,0.0,0.0,0.0,0.0,0.0,0.0,0.055,0.3,0.3,0.0,0.0,0.0,2.287172330798215e-07,0,0,0,1,0,0.49998737510808877,0.49998737510808877,0,0,0.19729201449081302,1.477134491050059,-1.0596082176796887e-05,0.005448704761300258,-1.397302143986297e-05,-1.594665508949941,4.2493082535167755e-05,1.5928845801726375,-0.7853260395078572,-1.6006567527307707e-05,0.014886065780893167,-1.0932150296941176e-06,-0.07198411635886162,-0.00020917800866403221,0.07222674294698697,7.602245745928488e-07,0.002049278353356846,-26.529699710394958,0.007569960818767853,19.400823421990196,0.7415076358110801,1.862791261316512,-0.0006992855186143709,0.0020492783701468757,-26.529699714763243,0.007569960657023927,19.40082341494316,0.7415076359735348,1.862791262873169,-0.0006992855179022693
0.45100000000000035,0,0,0,0,0.016624625521955427,0.0,0.0,0.0,0.5566102033297625,-3.0500282968900103e-06,0.45176473485721863,0.006821985141056358,-6.389694419253797e-05,-0.03593011543063886,0.5544994780317353,3.8164741795656373e-17,0.002110727501693393,0.4225296913169079,0.0,0.0,1.0,0.0,0.0,0.0,0.0,0.0,0.0,-0.0,-0.0,0.0,0.0,0.0,0.0,0.0,0.0,0.055,0.3,0.3,0.0,0.0,0.0,2.285472503514464e-07,0,0,0,1,0,0.4999873919389177,0.4999873919389177,0,0,0.19829196389764547,1.4764126057559388,-1.0762959517107715e-05,0.0055945140838313855,-1.3986291054495373e-05,-1.5953873942440613,4.045035291680089e-05,1.5936074176162311,-0.7853260388524751,-1.723484977704984e-05,0.014327339138673062,-1.5163828056376498e-06,-0.07235769739974401,-0.00020020281484807998,0.07232856542765127,-5.14285925700303e-07,0.002159282910862593,-26.54375811912806,0.007826869531056107,19.405866140909726,0.741552377239089,1.862664903071821,-0.0007192856715244893,0.0021592829316866677,-26.543758123422045,0.007826869367705517,19.40586613398434,0.7415523773988298,1.8626649046013117,-0.0007192856709272843
0.46100000000000035,0,0,0,0,0.016263486965531704,0.0,0.0,0.0,0.5566776176151039,-3.680177620787913e-06,0.4514062269666042,0.006671697578353234,-6.227047960745297e-05,-0.0357854694498631,0.5544994780317353,3.8164741795656373e-17,0.0021781426923745597,0.4306636894730928,0.0,0.0,1.0,0.0,0.0,0.0,0.0,0.0,0.0,-0.0,-0.0,0.0,0.0,0.0,0.0,0.0,0.0,0.055,0.3,0.3,0.0,0.0,0.0,2.3006644859865388e-07,0,0,0,1,0,0.4999876418623501,0.4999876418623501,0,0,0.1973749604076147,1.4756869128221088,-1.0941714171631275e-05,0.005734596976339046,-1.4003696602748515e-05,-1.5961130871778912,3.8499293861767946e-05,1.5943312121355948,-0.7853260512951906,-1.8387005188732902e-05,0.0137437177723884,-1.919943267961687e-06,-0.07274444085317779,-0.0001908917760287289,0.07241968898896732,-1.8478455628356435e-06,0.002262405548659715,-26.5568976611535,0.008071113920752462,19.410538037126592,0.7415852612889932,1.8625400142424917,-0.0007379620229074907,0.002262405573368016,-26.55689766537434,0.008071113755907378,19.410538030320904,0.7415852614460617,1.8625400157452436,-0.0007379620224219235
0.47100000000000036,0,0,0,0,0.0159038780323853,0.0,0.0,0.0,0.5567434883001968,-4.293317837320542e-06,0.45104919578014524,0.006514158302882961,-6.050974361593156e-05,-0.03563554098632299,0.5544994780317353,3.8164741795656373e-17,0.002244014375519668,0.43863258651006626,0.0,0.0,1.0,0.0,0.0,0.0,0.0,0.0,0.0,-0.0,-0.0,0.0,0.0,0.0,0.0,0.0,0.0,0.055,0.3,0.3,0.0,0.0,0.0,2.3294672484171592e-07,0,0,0,1,0,0.4999881021486867,0.4999881021486867,0,0,0.206666998565197,1.4749572772695168,-1.1131500376673937e-05,0.005868719372170423,-1.4024964421060585e-05,-1.5968427227304833,3.664279740987628e-05,1.5950558717105303,-0.7853260772425703,-1.9447939302746283e-05,0.013137901439139177,-2.2900274609962033e-06,-0.07314492561611502,-0.0001813289044975334,0.07250280438029767,-3.2073476093779986e-06,0.002358447244327238,-26.569139729732385,0.008302260986650553,19.41485968260877,0.7416069518232077,1.8624188000446047,-0.00075532688078021,0.0023584472727668404,-26.569139733881133,0.008302260820428828,19.41485967592103,0.7416069519776424,1.8624188015210255,-0.0007553268804028505
0.48100000000000037,0,0,0,0,0.01554584348798288,0.0,0.0,0.0,0.5568077479115499,-4.888142549943045e-06,0.4506936861103632,0.006350280547107935,-5.8621408475481006e-05,-0.035481771950977896,0.5544994780317353,3.8164741795656373e-17,0.0023082750555332055,0.4464362937546429,0.0,0.0,1.0,0.0,0.0,0.0,0.0,0.0,0.0,-0.0,-0.0,0.0,0.0,0.0,0.0,0.0,0.0,0.055,0.3,0.3,0.0,0.0,0.0,2.3691311415582565e-07,0,0,0,1,0,0.4999887509298151,0.4999887509298151,0,0,0.1942500239238143,1.4742235594393716,-1.1331331302498158e-05,0.005996673967550466,-1.404969093355268e-05,-1.5975764405606285,3.488294454074778e-05,1.5957813301024473,-0.7853261167826772,-2.0404356288373733e-05,0.012512545552749197,-2.6143645181143848e-06,-0.07355953129181883,-0.00017159292069828872,0.07258039818104911,-4.561992701032346e-06,0.002447241147382958,-26.580507800628233,0.00851993730683922,19.418851802064886,0.7416181113849903,1.8623032431089397,-0.0007713990600829029,0.0024472411794000063,-26.580507804706027,0.008519937139357697,19.418851795493186,0.7416181115368334,1.8623032445594532,-0.0007713990598103709
0.4910000000000004,0,0,0,0,0.015189414137175172,0.0,0.0,0.0,0.5568703379516313,-5.463414581653815e-06,0.4503397288930516,0.006180948538513523,-5.661259867618265e-05,-0.035325505891620285,0.5544994780317353,3.8164741795656373e-17,0.002370866214839716,0.45407502529828697,0.0,0.0,1.0,0.0,0.0,0.0,0.0,0.0,0.0,-0.0,-0.0,0.0,0.0,0.0,0.0,0.0,0.0,0.055,0.3,0.3,0.0,0.0,0.0,2.4174111699315287e-07,0,0,0,1,0,0.4999895672291561,0.4999895672291561,0,0,0.19412499386817217,1.4734856168993336,-1.1540097093867859e-05,0.006118279719006451,-1.4077358676284434e-05,-1.5983143831006665,3.322105830870885e-05,1.5965075448337585,-0.7853261697089113,-2.1244765869352284e-05,0.011870250597540306,-2.8822866238301374e-06,-0.0739884539066575,-0.0001617572189880059,0.07265475674434951,-5.8834224009228104e-06,0.0025286532582521294,-26.59102717757585,0.008723829140618531,19.42253516085483,0.7416193982878551,1.8621951122661184,-0.0007862032928333067,0.002528653293691002,-26.591027181583783,0.008723828971998498,19.422535154397437,0.7416193984371444,1.8621951136911212,-0.000786203292662243
0.5010000000000003,0,0,0,0,0.014834607806594513,0.0,0.0,0.0,0.5569312085953237,-6.017970450242156e-06,0.44998734216352687,0.006007015117262606,-5.449088085849715e-05,-0.035167989380544586,0.5544994780317353,3.8164741795656373e-17,0.002431738010119236,0.4615492764300641,0.0,0.0,1.0,0.0,0.0,0.0,0.0,0.0,0.0,-0.0,-0.0,0.0,0.0,0.0,0.0,0.0,0.0,0.055,0.3,0.3,0.0,0.0,0.0,2.472502088284092e-07,0,0,0,1,0,0.49999053098659885,0.49999053098659885,0,0,0.19687501480802894,1.472743306194654,-1.175658287591284e-05,0.006233381240983944,-1.410735226812382e-05,-1.599056693805346,3.1657757137519454e-05,1.5972344952105184,-0.7853262355449768,-2.1959471649109902e-05,0.011213552637303949,-3.0847155688559734e-06,-0.07443172123527582,-0.00015188986622049076,0.07272797082059819,-7.145815090472431e-06,0.00260258279177219,-26.600724748053892,0.008913682111289631,19.425930461295597,0.7416114639352712,1.8620959716032084,-0.0007997696451103781,0.0026025828304773835,-26.600724751993038,0.008913681941651581,19.425930454950688,0.7416114640820456,1.8620959730031112,-0.0007997696450373965
0.5110000000000003,0,0,0,0,0.014481430311085508,0.0,0.0,0.0,0.5569903183645278,-6.550724685083651e-06,0.44963653201715303,0.005829299709512221,-5.2264243314039604e-05,-0.03501037373305164,0.5544994780317353,3.8164741795656373e-17,0.0024908489467368507,0.468859802763067,0.0,0.0,1.0,0.0,0.0,0.0,0.0,0.0,0.0,-0.0,-0.0,0.0,0.0,0.0,0.0,0.0,0.0,0.055,0.3,0.3,0.0,0.0,0.0,2.532958086375742e-07,0,0,0,1,0,0.4999916230762502,0.4999916230762502,0,0,0.19691698253154755,1.4719964844484215,-1.1979486550090817e-05,0.0063418481144006476,-1.413897415582106e-05,-1.5998035155515786,3.0193007960166764e-05,1.5979621803946729,-0.7853263135706137,-2.2540542786916932e-05,0.010544914881724288,-3.214133008281365e-06,-0.07488920769081571,-0.0001420536307055589,0.0728019407832394,-8.325947115233101e-06,0.0026689622437909475,-26.609628749717896,0.009089300501014735,19.429058247194394,0.7415949503660583,1.862007189731024,-0.0008121329449650411,0.0026689622856064777,-26.609628753589288,0.00908930033048207,19.429058240960302,0.7415949505103556,1.8620071911062055,-0.0008121329449867682
0.5210000000000004,0,0,0,0,0.014129876401043517,0.0,0.0,0.0,0.5570476337843654,-7.060673887379065e-06,0.44928729355101354,0.005648586636434596,-4.994106654751634e-05,-0.03485371702514512,0.5544994780317353,3.8164741795656373e-17,0.0025481655348068982,0.4760076000662991,0.0,0.0,1.0,0.0,0.0,0.0,0.0,0.0,0.0,-0.0,-0.0,0.0,0.0,0.0,0.0,0.0,0.0,0.055,0.3,0.3,0.0,0.0,0.0,2.597612703086605e-07,0,0,0,1,0,0.49999282531994926,0.49999282531994926,0,0,0.19324995810166,1.4712450108154742,-1.2207436224196886e-05,0.006443574116494009,-1.4171459981592944e-05,-1.6005549891845259,2.8826178913543097e-05,1.5986906175315283,-0.785326402847763,-2.2981770912928894e-05,0.009866720270193478,-3.26453646080122e-06,-0.07536064874259948,-0.00013230603907972291,0.07287838238255394,-9.40322211273843e-06,0.002727757177141131,-26.61776854778135,0.00925054618585851,19.43193881642483,0.741570488019484,1.861929949206196,-0.0008233322238225252,0.0027277572219121518,-26.61776855158599,0.0092505460145534,19.431938810299844,0.7415704881613406,1.861929950557038,-0.0008233322239357011
0.5310000000000004,0,0,0,0,0.013779930687837727,0.0,0.0,0.0,0.5571031290242314,-7.546900453867489e-06,0.44893961178390185,0.005465623739172462,-4.753008631451483e-05,-0.03469898637974114,0.5544994780317353,3.8164741795656373e-17,0.002603661930134684,0.48299388481168115,0.0,0.0,1.0,0.0,0.0,0.0,0.0,0.0,0.0,-0.0,-0.0,0.0,0.0,0.0,0.0,0.0,0.0,0.055,0.3,0.3,0.0,0.0,0.0,2.665507783093123e-07,0,0,0,1,0,0.4999941204950724,0.4999941204950724,0,0,0.19737501861527562,1.4704887477948902,-1.2439007138853704e-05,0.0065384763819070334,-1.4203993441443847e-05,-1.6013112522051098,2.7556091322214678e-05,1.5994198399373327,-0.7853265022468661,-2.3278614097517852e-05,0.009181265031024344,-3.231383002464082e-06,-0.07584565482913974,-0.00012269945866769802,0.07295883295680733,-1.035967142866903e-05,0.0027789657458969362,-26.62517442356087,0.00939733724141567,19.434592141334694,0.741538693713752,1.8618652560545328,-0.0008334101733663388,0.002778965793469786,-26.62517442729973,0.009397337069460339,19.434592135317178,0.7415386938532034,1.861865257381404,-0.0008334101735675255
0.5410000000000004,0,0,0,0,0.01343156854480565,0.0,0.0,0.0,0.557156785526743,-8.008575895603105e-06,0.4485934625521148,0.005281121300186694,-4.5040350464389405e-05,-0.03454706049174277,0.5544994780317353,3.8164741795656373e-17,0.0026573195630770433,0.48982007544391204,0.0,0.0,1.0,0.0,0.0,0.0,0.0,0.0,0.0,-0.0,-0.0,0.0,0.0,0.0,0.0,0.0,0.0,0.055,0.3,0.3,0.0,0.0,0.0,2.735835204300544e-07,0,0,0,1,0,0.4999954923373586,0.4999954923373586,0,0,0.20054198103025556,1.4697275624062474,-1.2672737970656416e-05,0.0066264945045277825,-1.4235720521483575e-05,-1.6020724375937527,2.638107072974694e-05,1.6001498953511688,-0.7853266104730201,-2.342812961346808e-05,0.008490753172493905,-3.1115225155667373e-06,-0.07634372473948817,-0.00011328120290929043,0.07304465803359192,-1.1179928485571775e-05,0.002822617979448004,-26.63187737433439,0.009529646251259054,19.437037796756183,0.7415001688322602,1.8618139493459667,-0.000842412621143394,0.0028226180296702695,-26.63187737800844,0.009529646078776322,19.43703779084461,0.7415001689693388,1.8618139506492168,-0.0008424126214294149
0.5510000000000004,0,0,0,0,0.01308475698158923,0.0,0.0,0.0,0.5572085916274482,-8.444963698209828e-06,0.4482488133788164,0.005095751241773424,-4.248117084761516e-05,-0.03439873236339505,0.5544994780317353,3.8164741795656373e-17,0.0027091267581802795,0.49648777437894115,0.0,0.0,1.0,0.0,0.0,0.0,0.0,0.0,0.0,-0.0,-0.0,0.0,0.0,0.0,0.0,0.0,0.0,0.055,0.3,0.3,0.0,0.0,0.0,2.8078919195066387e-07,0,0,0,1,0,0.4999952725846426,0.4999952725846426,0,0,0.19466702360659838,1.4689613272351039,-1.2907146409076735e-05,0.006707589589155375,-1.4265763017563213e-05,-1.6028386727648962,2.529899675985962e-05,1.6008808442547047,-0.7853267260917483,-2.3428897147072642e-05,0.007797291860918392,-2.903122253722777e-06,-0.07685425844077183,-0.00010409365750962573,0.07313705825783023,-1.1851179902903139e-05,0.0028587748454143593,-26.637908924604925,0.009647498347533173,19.439294895376197,0.7414554977093657,1.8617767107762266,-0.0008503880260292622,0.0028587748981356268,-26.637908928215033,0.009647498174645332,19.43929488956908,0.7414554978441042,1.8617767120561939,-0.0008503880263968336
0.5610000000000004,0,0,0,0,0.012739455489867879,0.0,0.0,0.0,0.5572585421679587,-8.855421678010313e-06,0.4479056243150218,0.004910146582861414,-3.9862071453403394e-05,-0.03425471222246218,0.5544994780317353,3.8164741795656373e-17,0.0027590783472542543,0.5029987507343177,0.0,0.0,1.0,0.0,0.0,0.0,0.0,0.0,0.0,-0.0,-0.0,0.0,0.0,0.0,0.0,0.0,0.0,0.055,0.3,0.3,0.0,0.0,0.0,2.881047129072053e-07,0,0,0,1,0,0.4999947394583042,0.4999947394583042,0,0,0.196542008779943,1.4681899213533303,-1.3140743920318252e-05,0.0067817432616119845,-1.4293231260575428e-05,-1.6036100786466698,2.4307351612981704e-05,1.6016127582627435,-0.7853268475541659,-2.3280934027169834e-05,0.007102887640046193,-2.605584376807171e-06,-0.07737656933432505,-9.517442499054316e-05,0.07323707658642814,-1.2363096103199524e-05,0.0028875271144641673,-26.643300948800608,0.009750969016271128,19.44138203020552,0.7414052462104064,1.861754074211916,-0.0008573869955328474,0.002887527169536495,-26.64330095234764,0.009750968843099176,19.44138202450141,0.7414052463428353,1.8617540754689201,-0.0008573869959787764
0.5710000000000004,0,0,0,0,0.012395616858807634,0.0,0.0,0.0,0.5573066381049895,-9.23940380518961e-06,0.44756384875051836,0.004724901135601582,-3.7192733864660256e-05,-0.034115630596918245,0.5544994780317353,3.8164741795656373e-17,0.0028071752783635122,0.5093549237934655,0.0,0.0,1.0,0.0,0.0,0.0,0.0,0.0,0.0,-0.0,-0.0,0.0,0.0,0.0,0.0,0.0,0.0,0.055,0.3,0.3,0.0,0.0,0.0,2.9547196444018e-07,0,0,0,1,0,0.4999942600297659,0.4999942600297659,0,0,0.1949580037035048,1.4674132311200874,-1.3372049626522255e-05,0.006848956645459598,-1.4317235985718488e-05,-1.6043867688799127,2.3403267026578278e-05,1.6023457185869192,-0.785326973221352,-2.2985603953124343e-05,0.0064094434454320046,-2.2194580029458787e-06,-0.07790989592708605,-8.655648540748365e-05,0.07334560569315374,-1.2707744018669223e-05,0.0029089940469128493,-26.64808550538871,0.009840181696292465,19.443317223875674,0.7413499604961264,1.8617464351608453,-0.0008634618262871132,0.0029089941041907717,-26.64808550887348,0.00984018152295678,19.44331721827326,0.7413499606262743,1.8617464363951923,-0.0008634618268082154
0.5810000000000004,0,0,0,0,0.012053187958808609,0.0,0.0,0.0,0.5573528861176027,-9.596461471210253e-06,0.44722343419330113,0.004540569423698348,-3.448294102658314e-05,-0.03398204152102869,0.5544994780317353,3.8164741795656373e-17,0.0028534242230286015,0.5155583472032317,0.0,0.0,1.0,0.0,0.0,0.0,0.0,0.0,0.0,-0.0,-0.0,0.0,0.0,0.0,0.0,0.0,0.0,0.055,0.3,0.3,0.0,0.0,0.0,3.0283633213109355e-07,0,0,0,1,0,0.4999938321803523,0.4999938321803523,0,0,0.19466702360659838,1.4666311508693533,-1.359960324303029e-05,0.00690924931301479,-1.4336899298863265e-05,-1.6051688491306468,2.25835695495697e-05,1.603079814574347,-0.7853271013877615,-2.2545520611082075e-05,0.0057187563671292265,-1.7463472093232597e-06,-0.07845341290888061,-7.826837106082695e-05,0.07346339553084781,-1.2879484435954914e-05,0.002923321924377723,-26.65229468233326,0.009915305203275736,19.445117884482787,0.7412901659659352,1.8617540601314095,-0.0008686660689706118,0.002923321983718289,-26.65229468575646,0.009915305029896213,19.44511787898084,0.7412901660938281,1.8617540613433738,-0.0008686660695637216
0.5910000000000004,0,0,0,0,0.01171211049236709,0.0,0.0,0.0,0.5573972982147748,-9.926244187885867e-06,0.44688432301633507,0.004357666804896364,-3.1742520240734845e-05,-0.0338544258489109,0.5544994780317353,3.8164741795656373e-17,0.002897837183755308,0.5216111939023768,0.0,0.0,1.0,0.0,0.0,0.0,0.0,0.0,0.0,-0.0,-0.0,0.0,0.0,0.0,0.0,0.0,0.0,0.055,0.3,0.3,0.0,0.0,0.0,3.101458578216019e-07,0,0,0,1,0,0.4999934537099705,0.4999934537099705,0,0,0.1974159968085587,1.465843583489971,-1.3821977029800623e-05,0.0069626582178876,-1.4351364706876033e-05,-1.605956416510029,2.184482400246747e-05,1.6038151423225315,-0.7853272303035376,-2.196444747637735e-05,0.005032516113944492,-1.1888163040801185e-06,-0.07900624162991704,-7.033435311540341e-05,0.07359106100156419,-1.2874856373532593e-05,0.002930682446249332,-26.65596045377627,0.009976551006487163,19.446800767687662,0.741226366370574,1.8617770958487905,-0.0008730541181236217,0.0029306825075135204,-26.655960457138676,0.009976550833180397,19.446800762284983,0.7412263664962375,1.8617770970386505,-0.0008730541187856875
0.6010000000000004,0,0,0,0,0.011372321711116684,0.0,0.0,0.0,0.5574398913452389,-1.0228499718272095e-05,0.44654645317070385,0.0041766697805445,-2.898128620806531e-05,-0.03373319465289063,0.5544994780317353,3.8164741795656373e-17,0.002940431103841005,0.5275157417774314,0.0,0.0,1.0,0.0,0.0,0.0,0.0,0.0,0.0,-0.0,-0.0,0.0,0.0,0.0,0.0,0.0,0.0,0.055,0.3,0.3,0.0,0.0,0.0,3.17350828125818e-07,0,0,0,1,0,0.49999312235298066,0.49999312235298066,0,0,0.19408302614465356,1.465050440904233,-1.4037786725541986e-05,0.007009236615803613,-1.4359806191334032e-05,-1.606749559095767,2.118337501517484e-05,1.6045518033713513,-0.7853273581956072,-2.124719500670249e-05,0.004352304132669933,-5.50293575215105e-07,-0.07956745997620203,-6.277463813177461e-05,0.07372908968868458,-1.2692450784739121e-05,0.0029312710132131203,-26.659114547784434,0.010024170387376853,19.448381944776056,0.7411590430868252,1.8618155782980175,-0.0008766808280210316,0.0029312710762651323,-26.659114551086713,0.01002417021425815,19.448381939471528,0.7411590432102831,1.861815579466023,-0.0008766808287490043
0.6110000000000004,0,0,0,0,0.011033755098313724,0.0,0.0,0.0,0.5574806870113733,-1.0503073639814438e-05,0.44620975886440717,0.00399801647568452,-2.6208984858579354e-05,-0.033618692685210366,0.5544994780317353,3.8164741795656373e-17,0.002981227481228232,0.5332743600396571,0.0,0.0,1.0,0.0,0.0,0.0,0.0,0.0,0.0,-0.0,-0.0,0.0,0.0,0.0,0.0,0.0,0.0,0.055,0.3,0.3,0.0,0.0,0.0,3.2440365964498473e-07,0,0,0,1,0,0.49999283579323506,0.49999283579323506,0,0,0.1989169977605343,1.464251644451022,-1.4245701444670882e-05,0.007049052980004495,-1.4361436316523464e-05,-1.607548355548978,2.0595386553953162e-05,1.605289903472508,-0.7853274832874653,-2.0399516339264794e-05,0.0036795933360805923,1.6502538775099448e-07,-0.08013611164372603,-5.560557259773032e-05,0.0738778496084313,-1.2332775729212196e-05,0.0029253049180961014,-26.661788324958412,0.010058451506981198,19.44987677637819,0.7410886545458429,1.8618694415679533,-0.0008796011546674014,0.0029253049828026614,-26.66178832820113,0.010058451334166229,19.44987677117082,0.7410886546671146,1.861869442714325,-0.0008796011554583122
0.6210000000000004,0,0,0,0,0.010696341016260269,0.0,0.0,0.0,0.5575197108887645,-1.0749908354217436e-05,0.4458741712062936,0.003822107273669863,-2.3435238625224345e-05,-0.03351120188289603,0.5544994780317353,3.8164741795656373e-17,0.0030202519880315635,0.5388894963161068,0.0,0.0,1.0,0.0,0.0,0.0,0.0,0.0,0.0,-0.0,-0.0,0.0,0.0,0.0,0.0,0.0,0.0,0.055,0.3,0.3,0.0,0.0,0.0,3.312589720352017e-07,0,0,0,1,0,0.4999924128643758,0.4999924128643758,0,0,0.19808299839496613,1.4634471251794965,-1.444445252782417e-05,0.0070821899170630895,-1.4355513372957088e-05,-1.6083528748205036,2.007687936750392e-05,1.606029551436409,-0.7853276038175732,-1.9428002513227258e-05,0.003015748394064943,9.522738135500731e-07,-0.08071121481512905,-4.8839853662977985e-05,0.07403759694152064,-1.17981150245472e-05,0.002913021463405473,-26.66401266767354,0.010079716407126049,19.451299891544885,0.7410156358069776,1.8619385264721977,-0.0008818698243055824,0.002913021529637166,-26.664012670857208,0.010079716234728005,19.45129988643378,0.7410156359260818,1.8619385275971445,-0.0008818698251563869
0.6310000000000004,0,0,0,0,0.010360007318334918,0.0,0.0,0.0,0.557556992452889,-1.0969041560457464e-05,0.44553961881479587,0.0036493055898952926,-2.0669493735136883e-05,-0.03341094489683501,0.5544994780317353,3.8164741795656373e-17,0.0030575340971828882,0.5443636644458851,0.0,0.0,1.0,0.0,0.0,0.0,0.0,0.0,0.0,-0.0,-0.0,0.0,0.0,0.0,0.0,0.0,0.0,0.055,0.3,0.3,0.0,0.0,0.0,3.3787376669932363e-07,0,0,0,1,0,0.4999909283440036,0.4999909283440036,0,0,0.1971669844351709,1.462636824059271,-1.4632841346374443e-05,0.007108743088496958,-1.43413475669066e-05,-1.609163175940729,1.9623766299616265e-05,1.6067708580560884,-0.7853277180563152,-1.8339978148472906e-05,0.002362026543023269,1.8060084338035723e-06,-0.0812917702451581,-4.248674436935554e-05,0.0742084837089257,-1.1092382260373579e-05,0.002894676025116781,-26.665817879680272,0.010088317970608478,19.452665171871956,0.7409403982680929,1.862022588925713,-0.0008835410283314083,0.0028946760927488547,-26.665817882805456,0.010088317798736519,19.452665166856242,0.7409403983850481,1.8620225900294356,-0.0008835410292393304
0.6410000000000005,0,0,0,0,0.010024679925495827,0.0,0.0,0.0,0.5575925646142417,-1.1160604214416813e-05,0.4452060283913277,0.0034799387698044785,-1.7920970013269098e-05,-0.033318088627369694,0.5544994780317353,3.8164741795656373e-17,0.003093106717520032,0.5496994329708771,0.0,0.0,1.0,0.0,0.0,0.0,0.0,0.0,0.0,-0.0,-0.0,0.0,0.0,0.0,0.0,0.0,0.0,0.055,0.3,0.3,0.0,0.0,0.0,3.442076524987883e-07,0,0,0,1,0,0.49998947914024283,0.49998947914024283,0,0,0.19637501100078225,1.461820692112952,-1.48097460702173e-05,0.0071288201431204635,-1.4318306274650814e-05,-1.6099793078870481,1.9231885432337234e-05,1.6075139351074272,-0.7853278243214806,-1.7143398423187717e-05,0.0017195788695824358,2.72030195700701e-06,-0.08187676876360026,-3.65522917735479e-05,0.07439056535884528,-1.0220971896104874e-05,0.0028705400805991896,-26.667233595773865,0.010084636862662583,19.45398574037001,0.7408633295049969,1.8621213080591499,-0.0008846681444870175,0.002870540149509453,-26.66723359884097,0.010084636691426339,19.45398573544898,0.7408633296198164,1.8621213091418105,-0.0008846681454490665
0.6510000000000005,0,0,0,0,0.009690283367288999,0.0,0.0,0.0,0.5576264633630548,-1.1324818001621683e-05,0.44487332525837064,0.003314299096962059,-1.5198613624193525e-05,-0.03323274774993931,0.5544994780317353,3.8164741795656373e-17,0.003127005838464342,0.5548994143092352,0.0,0.0,1.0,0.0,0.0,0.0,0.0,0.0,0.0,-0.0,-0.0,0.0,0.0,0.0,0.0,0.0,0.0,0.055,0.3,0.3,0.0,0.0,0.0,3.502230781104597e-07,0,0,0,1,0,0.4999880718036458,0.4999880718036458,0,0,0.1955829793587327,1.4609986904767993,-1.4974127416051852e-05,0.007142539664641893,-1.4285818387330317e-05,-1.6108013095232008,1.8897031038939396e-05,1.6082588944246075,-0.7853279209922459,-1.5846748107105293e-05,0.001089452025760643,3.6888326583396473e-06,-0.08246519820647276,-3.1039546482662845e-05,0.07458380823504379,-9.19060903492596e-06,0.0028408992182743322,-26.668288701208688,0.010069078475851867,19.45527395477437,0.7407847932309439,1.8622342940547174,-0.0008853034842579967,0.0028408992883458954,-26.668288704218114,0.010069078305355776,19.455273949947294,0.740784793343642,1.8622342951164805,-0.0008853034852714026
0.6610000000000005,0,0,0,0,0.009356741287546821,0.0,0.0,0.0,0.5576587274246506,-1.1461992357224015e-05,0.4445414338624305,0.003152644897581772,-1.2511053097348808e-05,-0.03315498821553889,0.5544994780317353,3.8164741795656373e-17,0.0031592701853283703,0.5599662545992705,0.0,0.0,1.0,0.0,0.0,0.0,0.0,0.0,0.0,-0.0,-0.0,0.0,0.0,0.0,0.0,0.0,0.0,0.055,0.3,0.3,0.0,0.0,0.0,3.5588554423907317e-07,0,0,0,1,0,0.4999867121436796,0.4999867121436796,0,0,0.19458297174423933,1.4601707903951617,-1.5125033400473325e-05,0.007150030138589808,-1.4243377778513903e-05,-1.6116292096048384,1.8614982340362265e-05,1.6090058470494757,-0.7853280065216548,-1.4458943322088685e-05,0.00047259033390596164,4.7049705060714e-06,-0.08305604978816286,-2.5948782205051676e-05,0.07478809689963672,-8.009199323510887e-06,0.0028060511446521825,-26.669011260516545,0.010042069897619497,19.45654140499214,0.7407051293681347,1.8623610956901928,-0.0008854980656448801,0.002806051215771983,-26.66901126346866,0.010042069727965987,19.456541400258406,0.7407051294787246,1.8623610967312072,-0.0008854980667068112
0.6710000000000005,0,0,0,0,0.009023976915114973,0.0,0.0,0.0,0.5576893979263073,-1.1572521062743355e-05,0.444210278242197,0.0029952017285383744,-9.866558921955215e-06,-0.03308483071196011,0.5544994780317353,3.8164741795656373e-17,0.0031899408861341652,0.5649026241983485,0.0,0.0,1.0,0.0,0.0,0.0,0.0,0.0,0.0,-0.0,-0.0,0.0,0.0,0.0,0.0,0.0,0.0,0.055,0.3,0.3,0.0,0.0,0.0,3.6116378050926875e-07,0,0,0,1,0,0.49998540525973456,0.49998540525973456,0,0,0.19450002582743764,1.4593369731542,-1.526160312846938e-05,0.007151428942243323,-1.4190545931867289e-05,-1.6124630268458,1.8381530072040015e-05,1.6097549024532165,-0.7853280794476045,-1.2989236621492125e-05,-0.00013016175894916418,5.761859336084481e-06,-0.08364832392886475,-2.127771404798055e-05,0.07500324128624256,-6.685680287054925e-06,0.0027663037039696056,-26.66942845536741,0.010004056919000201,19.457798914389674,0.7406246542227946,1.8625012075795573,-0.0008853014110594864,0.002766303776026736,-26.669428458262455,0.010004056750292886,19.45779890974884,0.7406246543312826,1.862501208599928,-0.0008853014121671349
0.6810000000000005,0,0,0,0,0.00869191350007531,0.0,0.0,0.0,0.5577185180764099,-1.1656878462014685e-05,0.4438797824623687,0.0028421636365305518,-7.273006931984917e-06,-0.03302225407296734,0.5544994780317353,3.8164741795656373e-17,0.0032190611507137467,0.5697112088224622,0.0,0.0,1.0,0.0,0.0,0.0,0.0,0.0,0.0,-0.0,-0.0,0.0,0.0,0.0,0.0,0.0,0.0,0.055,0.3,0.3,0.0,0.0,0.0,3.6602987829068057e-07,0,0,0,1,0,0.49998415557260945,0.49998415557260945,0,0,0.19874999998137355,1.4584972299602554,-1.5383069653396086e-05,0.007146881360845028,-1.4126953770736973e-05,-1.6133027700397446,1.819250088012371e-05,1.6105061678285268,-0.7853281384023589,-1.1447125901879478e-05,-0.000718056916261942,6.8524946703937394e-06,-0.0842410355531241,-1.7021714395134986e-05,0.07522898366216456,-5.22987526306577e-06,0.0027219729243531296,-26.669566531093338,0.009955501101296102,19.459056544625483,0.740543660756133,1.8626540771013689,-0.0008847613694061009,0.002721972997242121,-26.669566533931572,0.009955500933633213,19.459056540077047,0.7405436608625279,1.862654078101206,-0.0008847613705568226
0.6910000000000005,0,0,0,0,0.0083604747160555,0.0,0.0,0.0,0.5577461328565351,-1.1715615331599644e-05,0.44354987101372934,0.0026936944766811897,-4.737845638817845e-06,-0.03296719862372754,0.5544994780317353,3.8164741795656373e-17,0.0032466759627407253,0.5743947013098486,0.0,0.0,1.0,0.0,0.0,0.0,0.0,0.0,0.0,-0.0,-0.0,0.0,0.0,0.0,0.0,0.0,0.0,0.055,0.3,0.3,0.0,0.0,0.0,3.704593771134098e-07,0,0,0,1,0,0.4999829668568265,0.4999829668568265,0,0,0.2103750011883676,1.4576515617680654,-1.5488761949224037e-05,0.007136539632994029,-1.405230273504835e-05,-1.6141484382319347,1.8043779577307883e-05,1.61125974745027,-0.7853281821206195,-9.842267584555826e-06,-0.0012904418741381415,7.969796856558384e-06,-0.0848332188765755,-1.3174025292438533e-05,0.0754650053808083,-3.652350981346909e-06,0.002673381103486984,-26.669450751488423,0.009896876916047898,19.46032360374081,0.7404624189430743,1.8628191110076229,-0.0008839239618703395,0.002673381177106104,-26.66945075427009,0.009896876749525487,19.460323599284433,0.740462419047383,1.8628191119870148,-0.0008839239630614305
0.7010000000000005,0,0,0,0,0.008029585029328268,0.0,0.0,0.0,0.5577722887269939,-1.1749354446554307e-05,0.4432204691801722,0.00254992927952052,-2.268067622481701e-06,-0.03291956945193428,0.5544994780317353,3.8164741795656373e-17,0.003272831785217394,0.5789557939910419,0.0,0.0,1.0,0.0,0.0,0.0,0.0,0.0,0.0,-0.0,-0.0,0.0,0.0,0.0,0.0,0.0,0.0,0.055,0.3,0.3,0.0,0.0,0.0,3.744313052502447e-07,0,0,0,1,0,0.49998184227325404,0.49998184227325404,0,0,0.1829580287449062,1.4567999790638417,-1.557810603983137e-05,0.007120562027750545,-1.3966365153741853e-05,-1.6150000209361584,1.7931329298458095e-05,1.6120157421024244,-0.7853282094461969,-8.184394434701968e-06,-0.0018467541663623977,9.106679278066473e-06,-0.08542393169901696,-9.725966396407703e-06,0.0757109334080853,-1.964279694721371e-06,0.0026208549443930205,-26.669105361480188,0.009828668970923831,19.461608657225582,0.7403811762104409,1.8629956817075806,-0.0008828332501056045,0.0026208550186443066,-26.66910536420545,0.009828668805635762,19.46160865286095,0.7403811763126686,1.8629956826666016,-0.0008828332513344409
0.7110000000000005,0,0,0,0,0.007699170035498859,0.0,0.0,0.0,0.5577970333462703,-1.1758785882966788e-05,0.4428915033734673,0.0024109756559233704,1.2981496891716946e-07,-0.032879239595174706,0.5544994780317353,3.8164741795656373e-17,0.003297576279855187,0.5833971716479374,0.0,0.0,1.0,0.0,0.0,0.0,0.0,0.0,0.0,-0.0,-0.0,0.0,0.0,0.0,0.0,0.0,0.0,0.055,0.3,0.3,0.0,0.0,0.0,3.779281770231156e-07,0,0,0,1,0,0.4999807844018538,0.4999807844018538,0,0,0.19516702741384506,1.4559425016080434,-1.5650625333417847e-05,0.007099111955633518,-1.3868983963085305e-05,-1.6158574983919567,1.7851209605308973e-05,1.6127742485689889,-0.7853282193373324,-6.483238316666134e-06,-0.0023865186465723237,1.0256111455258435e-05,-0.08601225922287951,-6.66713761046818e-06,0.07596634660888331,-1.7730664903388128e-07,0.002564723752605936,-26.66855355726724,0.009751369334564951,19.46291954178591,0.7403001579476078,1.8631831332237663,-0.000881531226237047,0.0025647238273950397,-26.668553559936175,0.00975136917060286,19.4629195375128,0.7403001580477561,1.8631831341624734,-0.0008815312275009165
0.7210000000000005,0,0,0,0,0.007369156764674201,0.0,0.0,0.0,0.55782041530467,-1.1744662098140363e-05,0.4425629014366584,0.0022769152302130067,2.4497907948179506e-06,-0.032846053136144374,0.5544994780317353,3.8164741795656373e-17,0.0033209580406645843,0.5877215050427944,0.0,0.0,1.0,0.0,0.0,0.0,0.0,0.0,0.0,-0.0,-0.0,0.0,0.0,0.0,0.0,0.0,0.0,0.055,0.3,0.3,0.0,0.0,0.0,3.809359516490604e-07,0,0,0,1,0,0.4999797952751317,0.4999797952751317,0,0,0.18666702089831233,1.455079158142483,-1.5705940212748806e-05,0.007072357115359037,-1.3760071822656357e-05,-1.6167208418575172,1.7799592597463342e-05,1.6135353591863746,-0.785328210870728,-4.748458121230035e-06,-0.002909343840185691,1.14111769187332e-05,-0.08659731741686759,-3.985615673938108e-06,0.0762307817819345,1.6965764434783066e-06,0.0025053177035589545,-26.66781746350733,0.009665474970327912,19.464263381545493,0.7402195680821463,1.8633807868174515,-0.0008800577235232554,0.0025053177787954114,-26.66781746612002,0.009665474807780778,19.464263377363743,0.7402195681802177,1.863380787735887,-0.0008800577248196596
0.7310000000000005,0,0,0,0,0.007039473956075959,0.0,0.0,0.0,0.5578424838724145,-1.1707792830020553e-05,0.4422345929170469,0.0021478050922679355,4.686365610241373e-06,-0.032819828198350304,0.5544994780317353,3.8164741795656373e-17,0.0033430263419884365,0.5919314449981292,0.0,0.0,1.0,0.0,0.0,0.0,0.0,0.0,0.0,-0.0,-0.0,0.0,0.0,0.0,0.0,0.0,0.0,0.055,0.3,0.3,0.0,0.0,0.0,3.834439579173565e-07,0,0,0,1,0,0.4999788764107125,0.4999788764107125,0,0,0.17208303324878216,1.4542099860662034,-1.5743766933957654e-05,0.0070404686778506005,-1.3639609681644084e-05,-1.6175900139337966,1.7772777094010277e-05,1.6142991614547177,-0.7853281832443444,-2.9895730395390957e-06,-0.00341491815700052,1.2565125795385767e-05,-0.0871782559451409,-1.6681440220915581e-06,0.07650373943352747,3.6451513672952906e-06,0.002442966187805973,-26.666918117140852,0.00957148528774789,19.465646606423565,0.740139589712647,1.8635879462843299,-0.0008784503465970412,0.0024429662634040737,-26.666918119697396,0.009571485126700098,19.465646602333006,0.7401395898086409,1.8635879471825385,-0.0008784503479233429
0.7410000000000005,0,0,0,0,0.006710052303143477,0.0,0.0,0.0,0.5578632887623242,-1.164903985501583e-05,0.44190650930980346,0.0020236792600910962,6.834574533049956e-06,-0.03280035983592833,0.5544994780317353,3.8164741795656373e-17,0.0033638309011236735,0.5960296170067914,0.0,0.0,1.0,0.0,0.0,0.0,0.0,0.0,0.0,-0.0,-0.0,0.0,0.0,0.0,0.0,0.0,0.0,0.055,0.3,0.3,0.0,0.0,0.0,3.8544478977405947e-07,0,0,0,1,0,0.49997802884436093,0.49997802884436093,0,0,0.1860410557128489,1.4533350310843567,-1.5763915888074236e-05,0.007003620508752444,-1.3507644848424749e-05,-1.6184649689156434,1.7767200956186612e-05,1.6150657377054571,-0.7853281357790387,-1.215901302964337e-06,-0.003903005993670758,1.3711422099596605e-05,-0.08775426068282535,2.996846399486919e-07,0.07678468928248879,5.656086350412371e-06,0.0023779962412634574,-26.665875457431007,0.009469899819436188,19.467074972438443,0.7400603857923476,1.863803902920657,-0.0008767444202522063,0.0023779963171383896,-26.66587545993133,0.009469899659974702,19.46707496843908,0.740060385886262,1.863803903798639,-0.0008767444216058209
0.7510000000000006,0,0,0,0,0.006380824670208618,0.0,0.0,0.0,0.5578828799071501,-1.1569311645170925e-05,0.4415785842732844,0.001904550144923547,8.889990393173741e-06,-0.03278742281214496,0.5544994780317353,3.8164741795656373e-17,0.003383421655592565,0.6000186163529259,0.0,0.0,1.0,0.0,0.0,0.0,0.0,0.0,0.0,-0.0,-0.0,0.0,0.0,0.0,0.0,0.0,0.0,0.055,0.3,0.3,0.0,0.0,0.0,3.869341779220854e-07,0,0,0,1,0,0.4999772531623812,0.4999772531623812,0,0,0.19574997713789344,1.4524543468341011,-1.5766289280347457e-05,0.006961988430394588,-1.3364288616188355e-05,-1.619345653165899,1.777945162668634e-05,1.6158351648224571,-0.7853280679191139,5.634955442418164e-07,-0.004373443753542275,1.484378576774633e-05,-0.08832455583894545,1.9332535364575145e-06,0.07707307549078128,7.717041653173531e-06,0.0023107310661465296,-26.66470832180588,0.009361216029717633,19.468553583699844,0.7399820998567661,1.8640279401632318,-0.0008749729555070405,0.00231073114222006,-26.664708324249993,0.009361215871921067,19.468553579791635,0.7399820999485996,1.8640279410210105,-0.0008749729568854324
0.7610000000000006,0,0,0,0,0.006051726281897873,0.0,0.0,0.0,0.5579013072515333,-1.1469557963618266e-05,0.44125075381720125,0.0017904100115670397,1.0848728296548122e-05,-0.03278077426206751,0.5544994780317353,3.8164741795656373e-17,0.0034018485550405676,0.6039010037225702,0.0,0.0,1.0,0.0,0.0,0.0,0.0,0.0,0.0,-0.0,-0.0,0.0,0.0,0.0,0.0,0.0,0.0,0.055,0.3,0.3,0.0,0.0,0.0,3.879108416724672e-07,0,0,0,1,0,0.49997654953396165,0.49997654953396165,0,0,0.1947919954545796,1.4515679944913333,-1.5750878282828267e-05,0.006915749523892908,-1.3209713496767938e-05,-1.6202320055086668,1.7806274965596043e-05,1.616607514013905,-0.7853279792318534,2.3398628213803288e-06,-0.004826135809610262,1.5956229517158078e-05,-0.08888840570804796,3.2487551902094526e-06,0.07736832161574188,9.815767533631116e-06,0.0022414886473327428,-26.663434447088633,0.009245927259810778,19.470086915856406,0.7399048567885402,1.8642593379063621,-0.0008731666321224746,0.0022414887235280797,-26.663434449476505,0.009245927103759015,19.47008691203941,0.7399048568782898,1.8642593387439321,-0.0008731666335231117
0.7710000000000006,0,0,0,0,0.005722694886439228,0.0,0.0,0.0,0.5579186205585178,-1.1350764433323028e-05,0.4409229564648176,0.0016812324271915666,1.2707446559619666e-05,-0.03278015623573845,0.5544994780317353,3.8164741795656373e-17,0.0034191613676903534,0.6076793012829375,0.0,0.0,1.0,0.0,0.0,0.0,0.0,0.0,0.0,-0.0,-0.0,0.0,0.0,0.0,0.0,0.0,0.0,0.055,0.3,0.3,0.0,0.0,0.0,3.883763254280308e-07,0,0,0,1,0,0.49997591774239547,0.49997591774239547,0,0,0.19687501480802894,1.450676042361841,-1.571775971561879e-05,0.006865081471819352,-1.3044150113807773e-05,-1.621123957638159,1.784458246646904e-05,1.6173828506321923,-0.7853278694061175,4.104797361925407e-06,-0.005261050434642352,1.7043090647258525e-05,-0.08944511607183225,4.263033275579865e-06,0.0776698352816896,1.1940194416783305e-05,0.0021705804671161666,-26.66207047571003,0.009124520812568608,19.471678840782886,0.7398287636134826,1.8644973765012325,-0.0008713537958658814,0.0021705805433598103,-26.662070478041553,0.009124520658338953,19.471678837057176,0.7398287637011429,1.8644973773185782,-0.0008713537972863077
0.7810000000000006,0,0,0,0,0.005393670894094371,0.0,0.0,0.0,0.5579348692304542,-1.1213947115633458e-05,0.4405951333903871,0.0015769736924624506,1.4463344192944649e-05,-0.03278529811901308,0.5544994780317353,3.8164741795656373e-17,0.0034354095011869356,0.6113559892092693,0.0,0.0,1.0,0.0,0.0,0.0,0.0,0.0,0.0,-0.0,-0.0,0.0,0.0,0.0,0.0,0.0,0.0,0.055,0.3,0.3,0.0,0.0,0.0,3.8833482361475757e-07,0,0,0,1,0,0.4999753572160808,0.4999753572160808,0,0,0.1972499885596335,1.4497785654602702,-1.5667092311712095e-05,0.0068101619416463316,-1.2867883805053743e-05,-1.62202143453973,1.7891456938748976e-05,1.6181612340389628,-0.785327738250084,5.850286704575253e-06,-0.005678215720816546,1.8099057932056583e-05,-0.08999403527206969,4.993433199056333e-06,0.07797701257009443,1.4078515177737313e-05,0.0020983103221372743,-26.660631966498237,0.008997476180326154,19.47333265229385,0.7397539103222323,1.8647413404433082,-0.0008695604699776921,0.002098310398359901,-26.660631968773306,0.008997476027991527,19.473332648659554,0.7397539104077986,1.8647413412404172,-0.00086956047141537
0.7910000000000006,0,0,0,0,0.0050645974919537595,0.0,0.0,0.0,0.5579501021440978,-1.1060147132973305e-05,0.4402672285330649,0.0014775742493885406,1.6114155133495495e-05,-0.03279591892999107,0.5544994780317353,3.8164741795656373e-17,0.0034506418376400996,0.61493350263802,0.0,0.0,1.0,0.0,0.0,0.0,0.0,0.0,0.0,-0.0,-0.0,0.0,0.0,0.0,0.0,0.0,0.0,0.055,0.3,0.3,0.0,0.0,0.0,3.8779299705370234e-07,0,0,0,1,0,0.49997486705847205,0.49997486705847205,0,0,0.19391701789572835,1.44887564508007,-1.5599112619485075e-05,0.00675116800995509,-1.2681250981896264e-05,-1.6229243549199301,1.7944156744875122e-05,1.6189427175125155,-0.7853275856882069,7.568742927159014e-06,-0.006077715509544885,1.9119193781463496e-05,-0.09053455497594196,5.457661586409717e-06,0.07828924212891675,1.621925951723462e-05,0.0020249732432116242,-26.65913340965681,0.008865263416261121,19.47505109268857,0.73968037071123,1.8649905217548088,-0.0008678103792689778,0.002024973319345636,-26.659133411875302,0.008865263265894398,19.475051089145854,0.7396803707946946,1.8649905225316494,-0.0008678103807213966
0.8010000000000006,0,0,0,0,0.004735420736353024,0.0,0.0,0.0,0.5579643674996309,-1.0890425365778058e-05,0.43993918868854626,0.0013829600608396583,1.765813943171907e-05,-0.03281172948969129,0.5544994780317353,3.8164741795656373e-17,0.0034649065825933,0.6184142290252015,0.0,0.0,1.0,0.0,0.0,0.0,0.0,0.0,0.0,-0.0,-0.0,0.0,0.0,0.0,0.0,0.0,0.0,0.055,0.3,0.3,0.0,0.0,0.0,3.867597843900541e-07,0,0,0,1,0,0.499974446078185,0.499974446078185,0,0,0.19454205175861716,1.4479673683573768,-1.551413059569886e-05,0.00668827562720018,-1.2484635292392798e-05,-1.6238326316426233,1.800011868165744e-05,1.6197273481947656,-0.7853274117574772,9.253031258186189e-06,-0.006459685350510647,2.0098951872132662e-05,-0.09106611065469708,5.673654763946953e-06,0.0786059090030249,1.835136046797869e-05,0.0019508545196181126,-26.657588245544236,0.008728341650198503,19.47683637993727,0.7396082032385456,1.8652442230693835,-0.0008661249858197026,0.0019508545955995702,-26.657588247706,0.008728341501868813,19.476836376486315,0.7396082033199022,1.8652442238259261,-0.0008661249872843528
0.8110000000000006,0,0,0,0,0.00440608962417921,0.0,0.0,0.0,0.5579777126833065,-1.0705857252697722e-05,0.43961096357969515,0.001293043957197915,1.90940716211727e-05,-0.03283243446630861,0.5544994780317353,3.8164741795656373e-17,0.00347825112761724,0.6218005058882066,0.0,0.0,1.0,0.0,0.0,0.0,0.0,0.0,0.0,-0.0,-0.0,0.0,0.0,0.0,0.0,0.0,0.0,0.055,0.3,0.3,0.0,0.0,0.0,3.8524621017205807e-07,0,0,0,1,0,0.4999740928164673,0.4999740928164673,0,0,0.19691704073920846,1.4470538278315945,-1.5412524940352296e-05,0.006621659122640832,-1.2278463631878054e-05,-1.6247461721684056,1.8056959596300832e-05,1.6205151670749918,-0.7853272166030592,1.0896493629614654e-05,-0.006824308507335762,2.1034190467449052e-05,-0.09158818179621775,5.65945629866812e-06,0.07892639818874674,2.046421314433566e-05,0.0018762288273317176,-26.656008886882276,0.008587157747691533,19.4786902353335,0.7395374518885369,1.8655017604287805,-0.0008645235353108612,0.0018762289030993765,-26.656008888987138,0.008587157601465757,19.47869023197448,0.7395374519677794,1.8655017611649878,-0.0008645235367852882
0.8210000000000006,0,0,0,0,0.004076556144335219,0.0,0.0,0.0,0.5579901841433563,-1.050752772190703e-05,0.4392825059074255,0.0012077269461228468,2.042122649991752e-05,-0.03285773429301761,0.5544994780317353,3.8164741795656373e-17,0.00349072192617049,0.625094618910693,0.0,0.0,1.0,0.0,0.0,0.0,0.0,0.0,0.0,-0.0,-0.0,0.0,0.0,0.0,0.0,0.0,0.0,0.055,0.3,0.3,0.0,0.0,0.0,3.832651927635185e-07,0,0,0,1,0,0.49997380557539817,0.49997380557539817,0,0,0.19649998284876347,1.4461351210052154,-1.529473822295485e-05,0.00655149074888443,-1.2063202042987194e-05,-1.6256648789947847,1.811247682752122e-05,1.6213062090076253,-0.7853270004733818,1.2492967360393071e-05,-0.0071718120257267945,2.192118166283964e-05,-0.0921002918717095,5.433103573179809e-06,0.07925009791670681,2.2547725882290415e-05,0.001801359461451622,-26.65440674403169,0.008442145111863596,19.480613911445687,0.7394681470419487,1.8657624657991798,-0.0008630231126601517,0.0018013595369464686,-26.654406746079488,0.008442144967806943,19.48061390817884,0.7394681471190683,1.8657624665150099,-0.0008630231141419393
0.8310000000000006,0,0,0,0,0.0037467753106267265,0.0,0.0,0.0,0.5580018272787848,-1.029652627800403e-05,0.43895377138309555,0.001126899481894054,2.163936256013274e-05,-0.032887326959878956,0.5544994780317353,3.8164741795656373e-17,0.0035023643823511065,0.6282988003884544,0.0,0.0,1.0,0.0,0.0,0.0,0.0,0.0,0.0,-0.0,-0.0,0.0,0.0,0.0,0.0,0.0,0.0,0.055,0.3,0.3,0.0,0.0,0.0,3.8083135298889713e-07,0,0,0,1,0,0.4999735824444367,0.4999735824444367,0,0,0.19395799608901143,1.445211349905237,-1.5161271847770868e-05,0.0064779402653373465,-1.1839351544482599e-05,-1.626588650094763,1.8164647561845388e-05,1.6221005027614024,-0.7853267637147613,1.4036799180878968e-05,-0.00750246287842185,2.2756616804014067e-05,-0.09260200807626946,5.0125233314857276e-06,0.07957640266805609,2.4592363978454653e-05,0.001726497670299017,-26.652792252984366,0.008293722624443637,19.48260822021257,0.7394003063455452,1.8660256893170908,-0.0008616387060319856,0.0017264977454640863,-26.652792254974923,0.008293722482619663,19.482608217038152,0.7394003064205332,1.8660256900124976,-0.0008616387075185778
0.8410000000000006,0,0,0,0,0.003416705177338941,0.0,0.0,0.0,0.5580126863406131,-1.0073942266433013e-05,0.4386247187436759,0.0010504426912584413,2.2748703307689488e-05,-0.03292090968094849,0.5544994780317353,3.8164741795656373e-17,0.0035132227521010983,0.6314152279965219,0.0,0.0,1.0,0.0,0.0,0.0,0.0,0.0,0.0,-0.0,-0.0,0.0,0.0,0.0,0.0,0.0,0.0,0.055,0.3,0.3,0.0,0.0,0.0,3.7796082604122066e-07,0,0,0,1,0,0.4999734213256626,0.4999734213256626,0,0,0.1960419467650354,1.4442826206483228,-1.501268090337912e-05,0.006401174559723213,-1.160744392575043e-05,-1.6275173793516773,1.8211627194238696e-05,1.6228980710972378,-0.7853265067656235,1.5522854827469306e-05,-0.007816564199791137,2.3537608334782185e-05,-0.09309294086260779,4.415436090897437e-06,0.07990471593006729,2.6589186270817187e-05,0.001651882090271626,-26.651174905737133,0.008142293724211444,19.484673561039948,0.7393339355784481,1.8662908012763189,-0.0008603832781587005,0.0016518821650512597,-26.651174907670242,0.008142293584683201,19.484673557958246,0.739333935651295,1.866290801951245,-0.0008603832796476879
0.8510000000000006,0,0,0,0,0.0030863068387356196,0.0,0.0,0.0,0.5580228043451351,-9.840860334045212e-06,0.43829530975092,0.000978229553163309,2.3749916711893663e-05,-0.032958180438182966,0.5544994780317353,3.8164741795656373e-17,0.0035233400564276414,0.6344460238568179,0.0,0.0,1.0,0.0,0.0,0.0,0.0,0.0,0.0,-0.0,-0.0,0.0,0.0,0.0,0.0,0.0,0.0,0.055,0.3,0.3,0.0,0.0,0.0,3.7467107700163874e-07,0,0,0,1,0,0.499973319958265,0.499973319958265,0,0,0.1956249470822513,1.4433490430116793,-1.4849568939511681e-05,0.006321357306708118,-1.1368037541223241e-05,-1.6284509569883208,1.8251746780859345e-05,1.6236989308722498,-0.7853262301503997,1.694652445196728e-05,-0.008114451621513655,2.4261688338390156e-05,-0.0935727432866228,3.659269257424688e-06,0.08023445269785258,2.8529874830461322e-05,0.0015777382786177421,-26.649563282723793,0.007988245618793664,19.486809948763497,0.7392690295107445,1.8665571938646268,-0.0008592678440999521,0.0015777383529595567,-26.649563284599253,0.007988245481620046,19.486809945774755,0.7392690295814414,1.8665571945190276,-0.0008592678455888324
0.8610000000000007,1,0,0,0,0.00276989889296142,0.0,0.0,0.0006939244549986068,0.5580495563538088,-1.0310285829463e-05,0.4379785921330539,0.0054313375659969946,-0.00015965409025879546,-0.029348800121165145,0.5580257015108488,-9.769049773550969e-06,2.3860982148960717e-05,0.6336863688243077,0.0,0.0,1.0,0.0,0.0,0.0,0.0,0.0,0.0,-0.0,-0.0,0.0,0.0,0.0,0.0,0.0,0.0,0.055,0.3,0.3,0.0,0.0,0.0,7.0151901229348336e-06,0,0,0,1,0,0.4625942167331676,0.4625942167331676,0,0,0.22374995751306415,1.442434737120238,-1.4540569191193686e-05,0.006242339979171417,-1.097791693835421e-05,-1.6293652628797621,1.4979694709583193e-05,1.6245474738236285,-0.7853263133182141,5.741403492261912e-05,-0.007265512418841974,6.73177061112604e-05,-0.08695073373278459,-0.0008741437121732005,0.09142221767722103,-4.380474450488348e-05,0.003973448228565174,-27.566554139867108,0.01033823559017729,20.50890618981438,0.7495441527392913,2.1333395273409264,0.0009760906848215199,0.003973448306486386,-27.56655414056194,0.01033823548810558,20.50890618870727,0.7495441527661376,2.133339527583529,0.0009760906838231025
0.8710000000000007,1,0,0,0,0.0025052620225437527,0.0,0.0,0.004933178929321103,0.558121548306767,-1.2417945821613492e-05,0.4377102338310493,0.00805523331201878,-0.00022347838239634724,-0.025025917555514386,0.5580257015108488,-9.769049773550969e-06,9.588339239953464e-05,0.6229813517158712,0.0,0.0,1.0,0.0,0.0,0.0,0.0,0.0,0.0,-0.0,-0.0,0.0,0.0,0.0,0.0,0.0,0.0,0.055,0.3,0.3,0.0,0.0,0.0,4.690219587741779e-06,0,0,0,1,0,0.48791819692390814,0.48791819692390814,0,0,0.19462499767541885,1.4416228404385942,-1.3652044853177732e-05,0.006176344410191949,-9.960685926424058e-06,-1.6301771595614059,2.8812293114004117e-06,1.62548021455832,-0.7853260839511861,0.00011186746879317426,-0.00618018400657175,0.00012723014894520357,-0.07680408413536426,-0.0013622099549840108,0.09289612961899447,9.431066701755512e-05,0.00812448421045222,-27.418273161245004,0.014442176820292746,20.262121847498292,0.7584117427243718,1.922064970963314,0.0011848813112299845,0.008124484287098723,-27.418273161977666,0.014442176718333711,20.262121846331997,0.7584117427522572,1.9220649712178761,0.0011848813102869622
0.8810000000000007,1,0,0,0,0.0022775208788575196,0.0,0.0,0.013019645595683804,0.5582044623129853,-1.4445097127241948e-05,0.4374782283793809,0.008296844833240986,-0.0001788050333390617,-0.021814918377330482,0.5580257015108488,-9.769049773550969e-06,0.0001788219499930244,0.6093465349214148,0.0,0.0,1.0,0.0,0.0,0.0,0.0,0.0,0.0,-0.0,-0.0,0.0,0.0,0.0,0.0,0.0,0.0,0.055,0.3,0.3,0.0,0.0,0.0,6.899224296935353e-06,0,0,0,1,0,0.4959572575179454,0.4959572575179454,0,0,0.19458302995190024,1.4409018717311637,-1.2304771839013238e-05,0.006117357289672105,-8.432287172254014e-06,-1.6308981282688364,-1.0986125103048783e-05,1.6263801882820514,-0.7853242671140735,0.00015155431317677307,-0.005743492799183897,0.00017167404585725175,-0.06847397860352977,-0.0013719625699729536,0.08713654682372245,0.0002466845098913746,0.008355194977539808,-27.34613552760666,0.014610337762091299,20.146911455655502,0.7594035214862636,1.8528853411495165,0.0004918749226531239,0.00835519505252327,-27.34613552834281,0.014610337661729946,20.146911454484187,0.759403521514162,1.852885341404866,0.0004918749217314981
0.8910000000000007,1,0,0,0,0.0020786752457100377,0.0,0.0,0.024940855708606158,0.558284954627598,-1.587708235707788e-05,0.4372750877445052,0.0077872655903052776,-0.00011376007593568456,-0.019147994424558234,0.5580257015108488,-9.769049773550969e-06,0.00025932505973425896,0.5954315567829805,0.0,0.0,1.0,0.0,0.0,0.0,0.0,0.0,0.0,-0.0,-0.0,0.0,0.0,0.0,0.0,0.0,0.0,0.055,0.3,0.3,0.0,0.0,0.0,6.978085631888182e-06,0,0,0,1,0,0.4985343741592434,0.4985343741592434,0,0,0.19904202781617641,1.4402564864602785,-1.0625720375093718e-05,0.006060311141435544,-6.535033360257636e-06,-1.6315435135397216,-2.4083973169186118e-05,1.627211425832881,-0.7853211917019695,0.00017966101492599532,-0.005725248087309639,0.00020253792615060047,-0.06150122036623323,-0.0012501857630139426,0.07978533904230475,0.00035007609895863117,0.007160302015340584,-27.296922281118956,0.013351196150292614,20.07570752215885,0.7581484584223447,1.8289798344255783,-3.7989475381226034e-05,0.007160302088795595,-27.29692228185664,0.013351196051445273,20.075707520985436,0.7581484584502604,1.828979834681265,-3.798947629809731e-05
0.9010000000000007,1,0,0,0,0.00190434810075657,0.0,0.0,0.04067842762616042,0.5583588604376823,-1.6677264552649413e-05,0.4370965969216317,0.007048292027937288,-5.38930079238483e-05,-0.016831763982316315,0.5580257015108488,-9.769049773550969e-06,0.00033323054175792894,0.5820063435450662,0.0,0.0,1.0,0.0,0.0,0.0,0.0,0.0,0.0,-0.0,-0.0,0.0,0.0,0.0,0.0,0.0,0.0,0.055,0.3,0.3,0.0,0.0,0.0,6.400576180933518e-06,0,0,0,1,0,0.49938237601202906,0.49938237601202906,0,0,0.19462499767541885,1.4396745087245304,-8.722755340717618e-06,0.006001706572571386,-4.398406871020455e-06,-1.6321254912754697,-3.576473405715593e-05,1.627969161031108,-0.7853173225811924,0.00019755610726979249,-0.006010365526613587,0.00022101369878824696,-0.055650348583641554,-0.0010998008029751286,0.07256445122692004,0.0004118170047710778,0.005576670727683711,-27.253714753206342,0.011703333212391257,20.020480642136366,0.7563405554382298,1.8197324765480274,-0.00036877422001407693,0.005576670799859051,-27.25371475395265,0.01170333311456735,20.020480640949483,0.7563405554664532,1.819732476806615,-0.0003687742209362918
0.9110000000000007,1,0,0,0,0.0017514290322163673,0.0,0.0,0.06020809515313169,0.5584249754891121,-1.6939538072369943e-05,0.43693970376289887,0.00625047271665151,-5.373422391189933e-06,-0.014793148804785859,0.5580257015108488,-9.769049773550969e-06,0.0003993383598160669,0.569253998776674,0.0,0.0,1.0,0.0,0.0,0.0,0.0,0.0,0.0,-0.0,-0.0,0.0,0.0,0.0,0.0,0.0,0.0,0.055,0.3,0.3,0.0,0.0,0.0,5.669854666805711e-06,0,0,0,1,0,0.49968034799050276,0.49968034799050276,0,0,0.19429204985499382,1.4391456076397797,-6.691364858048655e-06,0.0059389382056402994,-2.1380466680277103e-06,-1.6326543923602204,-4.5934836845617567e-05,1.6286579188784225,-0.7853130063590057,0.00020644982730033744,-0.0065246293817653915,0.00022864699646088981,-0.050767344108742674,-0.0009502451280109242,0.06596409261720243,0.00044414272512352716,0.004004317216235869,-27.21110276606084,0.010065045735645836,19.972052147292395,0.7544808047118338,1.8154333948701693,-0.0005826089998670506,0.004004317287402715,-27.21110276682517,0.01006504563826078,19.972052146077047,0.7544808047407247,1.8154333951349546,-0.000582609000803608
0.9210000000000007,1,0,0,0,0.0016173399568154556,0.0,0.0,0.08349974495773183,0.5584830829574332,-1.6781269250541114e-05,0.43680183307229115,0.005452507898846025,3.153134124174769e-05,-0.012998905664057932,0.5580257015108488,-9.769049773550969e-06,0.00045743519639572424,0.5571791788189452,0.0,0.0,1.0,0.0,0.0,0.0,0.0,0.0,0.0,-0.0,-0.0,0.0,0.0,0.0,0.0,0.0,0.0,0.055,0.3,0.3,0.0,0.0,0.0,4.941246159404314e-06,0,0,0,1,0,0.4998011614377271,0.4998011614377271,0,0,0.1861659693531692,1.4386607769736361,-4.61469933711209e-06,0.005870038362034638,1.470920873237081e-07,-1.633139223026364,-5.465236322764776e-05,1.6292846527428722,-0.7853084884937402,0.0002075942248099155,-0.007210924443879234,0.00022716909074481985,-0.046733679703712,-0.0008089212840759428,0.06009085564955987,0.0004553184174305198,0.00258366109552141,-27.167352578117296,0.008574398255653058,19.927242518551854,0.7527071252318488,1.812979241247988,-0.0007346414703539447,0.002583661165893306,-27.16735257890906,0.00857439815817954,19.92724251729303,0.7527071252617669,1.812979241522267,-0.00073464147131274
0.9310000000000007,1,0,0,0,0.0014997617036073274,0.0,0.0,0.1105174630041747,0.5585333214928201,-1.6311509938019423e-05,0.43668065300701175,0.004676928422028486,5.8221820821166364e-05,-0.011429955280154008,0.5580257015108488,-9.769049773550969e-06,0.000507662141469587,0.5457371251766309,0.0,0.0,1.0,0.0,0.0,0.0,0.0,0.0,0.0,-0.0,-0.0,0.0,0.0,0.0,0.0,0.0,0.0,0.055,0.3,0.3,0.0,0.0,0.0,4.258624233773277e-06,0,0,0,1,0,0.49983913949936076,0.49983913949936076,0,0,0.193290994502604,1.438212078751151,-2.563359683917451e-06,0.0057935560647097,2.3753752847508522e-06,-1.633587921248849,-6.200755250792508e-05,1.6298566276491984,-0.7853039501201963,0.0002022372322405929,-0.00802138754598761,0.00021828930862230104,-0.04345078743979586,-0.0006768087958677658,0.054935011897689096,0.0004505259663284052,0.0013533343153354052,-27.121926767484364,0.007267909340202895,19.88480768873364,0.7510474296619876,1.8113582703177793,-0.0008515846358741818,0.001353334385035823,-27.1219267683124,0.007267909242223792,19.884807687417254,0.7510474296932682,1.811358270604645,-0.0008515846368619171
0.9410000000000007,1,0,0,0,0.0013965330502778706,0.0,0.0,0.14121958992951628,0.558575977674554,-1.5622888060012687e-05,0.43657398677121206,0.003934085648328383,7.643519399302333e-05,-0.010073042763858488,0.5580257015108488,-9.769049773550969e-06,0.0005503072993925944,0.5348743937288722,0.0,0.0,1.0,0.0,0.0,0.0,0.0,0.0,0.0,-0.0,-0.0,0.0,0.0,0.0,0.0,0.0,0.0,0.055,0.3,0.3,0.0,0.0,0.0,3.630982404791498e-06,0,0,0,1,0,0.499849577113767,0.499849577113767,0,0,0.1906669931486249,1.4377924800611976,-5.957488880596278e-07,0.005708482125956123,4.4815957452375704e-06,-1.6340075199388024,-6.808917806910752e-05,1.6303807975599574,-0.7852995305798864,0.00019156928458606673,-0.008914602081236489,0.0002035855753512404,-0.04083420547246194,-0.0005531980054811537,0.0504544753704501,0.000433291870061174,0.0003130165300855087,-27.074695073031712,0.006143624723034174,19.84415088269452,0.7494973227531164,1.8102241635622978,-0.0009450666278022344,0.0003130165991452088,-27.074695073904184,0.0061436246242526265,19.844150881307687,0.7494973227860663,1.8102241638645673,-0.0009450666288247953
0.9510000000000007,1,0,0,0,0.0013056064431001824,0.0,0.0,0.17555878527937163,0.5586114133847128,-1.4790896595733e-05,0.4364797723591233,0.003229814409165502,8.783484831682077e-05,-0.00891790001780665,0.5580257015108488,-9.769049773550969e-06,0.0005857334019250426,0.5245416077150391,0.0,0.0,1.0,0.0,0.0,0.0,0.0,0.0,0.0,-0.0,-0.0,0.0,0.0,0.0,0.0,0.0,0.0,0.055,0.3,0.3,0.0,0.0,0.0,3.056795206588531e-06,0,0,0,1,0,0.49985862988281615,0.49985862988281615,0,0,0.19545899704098701,1.4373957282937482,1.2411629671939368e-06,0.005614191934974174,6.415386688051994e-06,-1.634404271706252,-7.297680874257517e-05,1.6308636502363383,-0.7852953390505959,0.00017669181753340068,-0.009854407818308762,0.00018446193593284934,-0.03881086942672513,-0.00043709949788506985,0.046600914555227524,0.0004062957896033743,-0.0005521364994311045,-27.025680117519293,0.005185572725825397,19.804911533788747,0.7480440407078357,1.8094450679675103,-0.0010201370007528192,-0.0005521364310600972,-27.025680118443443,0.005185572626050841,19.804911532319863,0.7480440407427298,1.809445068287716,-0.0010201370018150613
0.9610000000000007,1,0,0,0,0.0012250235550655963,0.0,0.0,0.21348210050346622,0.558640036618081,-1.3875396344278634e-05,0.436396039370003,0.002567932493985057,9.389456542741698e-05,-0.007956170919895129,0.5580257015108488,-9.769049773550969e-06,0.0006143488309260009,0.5146972986271938,0.0,0.0,1.0,0.0,0.0,0.0,0.0,0.0,0.0,-0.0,-0.0,0.0,0.0,0.0,0.0,0.0,0.0,0.055,0.3,0.3,0.0,0.0,0.0,2.5317376995226044e-06,0,0,0,1,0,0.4998663335593051,0.4998663335593051,0,0,0.1912500010803342,1.4370162466446519,2.91085462635962e-06,0.0055103967495260045,8.1394142567506e-06,-1.6347837533553482,-7.674058494863128e-05,1.6313111959167244,-0.785291460734577,0.00015860200880399793,-0.010809243902222977,0.00016213930094867427,-0.03731748147701757,-0.00032763402874407845,0.043327629110859224,0.0003717389620068364,-0.001262001400077336,-26.974972734247654,0.004373216430451854,19.76683167271953,0.7466737691761174,1.8089606298321703,-0.0010792740427474515,-0.001262001332511924,-26.974972735229954,0.004373216329592033,19.766831671158382,0.7466737692131972,1.8089606301725492,-0.0010792740438533462
0.9710000000000008,1,0,0,0,0.0011528988024822606,0.0,0.0,0.25493106059846116,0.558662286761224,-1.2922669092763524e-05,0.43632089287722786,0.0019511018187483033,9.587741965235424e-05,-0.007180915336353291,0.5580257015108488,-9.769049773550969e-06,0.0006365930617827848,0.5053088699406124,0.0,0.0,1.0,0.0,0.0,0.0,0.0,0.0,0.0,-0.0,-0.0,0.0,0.0,0.0,0.0,0.0,0.0,0.055,0.3,0.3,0.0,0.0,0.0,2.0511654536771803e-06,0,0,0,1,0,0.4998728344429708,0.4998728344429708,0,0,0.1913330052047968,1.436649043343714,4.386173286566544e-06,0.005397100363617957,9.627568730484986e-06,-1.635150956656286,-7.944288678445564e-05,1.6317289978880536,-0.7852879606803446,0.0001381869493037426,-0.011751681985746746,0.00013766093090432892,-0.03629929728086028,-0.00022411213637580136,0.04059169839013595,0.00033149898986968395,-0.0018376902491639418,-26.922701416280386,0.003685193513251388,19.72971035842931,0.7453737833091553,1.8087363527034834,-0.0011240449285637257,-0.0018376901825745528,-26.92270141732638,0.0036851934112969603,19.729710356767093,0.7453737833486309,1.8087363530659655,-0.0011240449297164248
0.9810000000000008,1,0,0,0,0.0010874068553367033,0.0,0.0,0.2998417542721704,0.5586786251185043,-1.1967487488407268e-05,0.4362525009811104,0.0013811649943757673,9.484487360036103e-05,-0.006586315491994564,0.5580257015108488,-9.769049773550969e-06,0.0006529273087888104,0.4963526025050117,0.0,0.0,1.0,0.0,0.0,0.0,0.0,0.0,0.0,-0.0,-0.0,0.0,0.0,0.0,0.0,0.0,0.0,0.055,0.3,0.3,0.0,0.0,0.0,1.6110391724380369e-06,0,0,0,1,0,0.4998782987444117,0.4998782987444117,0,0,0.19162503303959966,1.4362896318053642,5.648227995026152e-06,0.005274559954874808,1.086324920906733e-05,-1.635510368194636,-8.114020646471605e-05,1.6321222130551594,-0.7852848866153489,0.0001162232150846575,-0.012658039508597152,0.00011190412998209054,-0.03570911495932456,-0.00012602313249728822,0.03835434934939783,0.0002871952937729652,-0.00229992641053365,-26.869019337075166,0.003100881702464195,19.69338627391856,0.7441329691405499,1.8087487470731876,-0.0011557366063995314,-0.0022999263451263987,-26.869019338189542,0.0031008815994698403,19.693386272147787,0.7441329691825994,1.808748747459405,-0.0011557366076013716
0.9910000000000008,1,0,0,0,0.001026772701052392,0.0,0.0,0.34814493249014145,0.5586895277038406,-1.1035034512337865e-05,0.4361890847978077,0.0008593095946785902,9.167499004639064e-05,-0.006167463608205556,0.5580257015108488,-9.769049773550969e-06,0.00066382740017214,0.48781331872928096,0.0,0.0,1.0,0.0,0.0,0.0,0.0,0.0,0.0,-0.0,-0.0,0.0,0.0,0.0,0.0,0.0,0.0,0.055,0.3,0.3,0.0,0.0,0.0,1.2086649665401308e-06,0,0,0,1,0,0.4998828849523618,0.4998828849523618,0,0,0.19587500719353557,1.4359339601550685,6.685298080553888e-06,0.0051432505416875475,1.1837780857069846e-05,-1.6358660398449316,-8.188475823897676e-05,1.632495632707813,-0.7852822713386406,9.337972601503545e-05,-0.013508036783576828,8.559442565648319e-05,-0.03550639106961246,-3.3001616798740966e-05,0.036580788432460265,0.0002402206563093215,-0.002668277353353876,-26.81409733883728,0.0026011108294395516,19.65772953663093,0.7429418435910832,1.8089802537321713,-0.0011755733494730853,-0.00266827728935919,-26.81409734002389,0.0026011107255135574,19.65772953474549,0.7429418436358505,1.8089802541434497,-0.0011755733507260516
1.0010000000000006,1,0,1,2,0.0009706327404045692,0.38924773848575,0.026361238990439993,0.3997661152526455,0.5586959850440558,-1.0167573437449698e-05,0.43613023012263163,0.0005470072112605891,7.725673602437214e-05,-0.005479066621651691,0.5580257015108488,-9.769049773550969e-06,0.0006702836516800429,0.479524634800583,0.0,0.0,1.0,-0.0020712799538414152,-0.002094279916571313,0.0,0.0,0.0,-0.0020712799538414152,-0.0,-0.0,0.0,-1.059464030880691e-05,-1.1845309907994967e-05,0.0,0.0,0.0,0.055,0.3,0.2999894053596912,0.0,0.0,0.0,1.131899694814651e-05,0,0,0,1,0,0.49783478173769247,0.49783478173769247,0,0,0.1925419783219695,1.435580787995521,7.502429919690825e-06,0.005003551814114325,1.2565350953541194e-05,-1.6362192120044792,-8.18791483153658e-05,1.6328537824675988,-0.7852801823073229,7.533874514994491e-05,-0.014380012531441807,6.682963269115192e-05,-0.03483721687663958,-9.457866741540735e-06,0.03522725694489453,0.00018310019084078296,-0.002864205955323999,-26.752087626729757,0.002264085791818986,19.612739805413657,0.7424616391745238,1.800095570342207,-0.0009716172055540537,-0.0028642038599956694,-26.75208756681474,0.0022640860072082178,19.612739918613244,0.7424616361836568,1.800095550421759,-0.000971617168801847
1.0109999999999995,1,0,1,2,0.0009240200432586157,0.41279762315569835,0.07632471956079674,0.45462570643744205,0.5587004627142531,-9.523793844870648e-06,0.4360807676888586,0.0003611080791507424,5.5273951142002227e-05,-0.004539715285960238,0.5580257015108488,-9.769049773550969e-06,0.0006747612479759325,0.4708054136736167,0.0,0.0,1.0,-0.0017505333455318983,-0.0017727987948945416,0.0,0.0,0.0,-0.0017505333455318983,-0.0,-0.0,0.0,-2.9448604794918065e-05,-3.092568244966891e-05,0.0,0.0,0.0,0.055,0.3,0.29997055139520495,0.0,0.0,0.0,9.337482335183882e-06,0,0,0,1,0,0.49823942704698343,0.49823942704698343,0,0,0.19341602455824614,1.435239187329013,8.196029015577055e-06,0.004854865035280132,1.3182874232809783e-05,-1.6365608126709872,-8.22303987279391e-05,1.6331988913691624,-0.7852785124863283,6.387206251044971e-05,-0.015252363628046895,5.66395490295676e-05,-0.03365064362537766,-4.73118906140398e-05,0.03393395951329103,0.00015611662187380005,-0.0024805974176528383,-26.680100179109292,0.002496389358510599,19.554712779979074,0.7431453777139678,1.7808059071187177,-0.000837270079464009,-0.0024805957834846118,-26.680100123043914,0.0024963897485438015,19.554712883385484,0.7431453747589072,1.7808058917377005,-0.0008372700450350923
1.0209999999999984,1,0,1,2,0.0008859045868871698,0.44731228578280124,0.12343576512717143,0.5126391165312255,0.5587029351767617,-9.05543979710007e-06,0.4360396914210531,0.00015211234713281992,4.0788337678937346e-05,-0.003778232442298978,0.5580257015108488,-9.769049773550969e-06,0.0006772340418828608,0.4617427529437385,0.0,0.0,1.0,-0.001526052289363501,-0.001547152236882165,0.0,0.0,0.0,-0.001526052289363501,-0.0,-0.0,0.0,-4.565404129581581e-05,-4.734763730197374e-05,0.0,0.0,0.0,0.055,0.3,0.29995434595870407,0.0,0.0,0.0,8.033207966564142e-06,0,0,0,1,0,0.4985047746499318,0.4985047746499318,0,0,0.19641697872430086,1.4349079230111104,8.758301749180228e-06,0.004698026310169283,1.3671620976499532e-05,-1.6368920769888897,-8.269693752429143e-05,1.6335315080449357,-0.7852770694956333,4.973954221838078e-05,-0.0160222535231537,4.2137752173621646e-05,-0.03273399569568067,-4.1512197753164394e-05,0.03272791944529172,0.00013441076228171657,-0.002115299914012288,-26.60938276806507,0.0027027134914940944,19.49983250739379,0.7432540152155308,1.7647540831817072,-0.0008727952803043638,-0.002115298640044252,-26.609382720007325,0.0027027138968007017,19.49983259500201,0.743254012621196,1.7647540716359003,-0.0008727952523202983
1.0309999999999973,1,0,1,2,0.0008546513034405614,0.49196896290362346,0.16949606925137695,0.5737168930605274,0.5587032815442804,-8.70533600408347e-06,0.43600540375045693,-6.122351230449561e-05,3.079907800338973e-05,-0.0031626407709073423,0.5580257015108488,-9.769049773550969e-06,0.0006775808683781433,0.45246890711177246,0.0,0.0,1.0,-0.0013671575705667027,-0.0013868315469660998,0.0,0.0,0.0,-0.0013671575705667027,-0.0,-0.0,0.0,-5.999665370946254e-05,-6.189356770088462e-05,0.0,0.0,0.0,0.055,0.3,0.2999400033462905,0.0,0.0,0.0,7.193662191528148e-06,0,0,0,1,0,0.4986751879912834,0.4986751879912834,0,0,0.1923340023495257,1.4345845844177887,9.173608922351498e-06,0.004534012045549291,1.4005709788080074e-05,-1.6372154155822114,-8.29707857918241e-05,1.6338527079395295,-0.78527585790707,3.478671483917389e-05,-0.016698072761944245,2.6194465891775473e-05,-0.0320356059139669,-1.3632816230154715e-05,0.03164182318543895,0.00010979946894077717,-0.0018316717188665743,-26.539196543594265,0.0028200593083015754,19.44690960739424,0.7430564532915777,1.750802665459797,-0.0009216427425013461,-0.0018316704714829773,-26.539196492896966,0.0028200598044108433,19.44690969922704,0.7430564505300707,1.7508026542492647,-0.0009216427138015636
1.0409999999999962,1,0,1,2,0.0008289233600408388,0.5458806765863173,0.21595120277210836,0.6377648585209456,0.5587015276154421,-8.439052177194121e-06,0.4359765943118675,-0.0002671973287573257,2.353058249094378e-05,-0.0026667117237092587,0.5580257015108488,-9.769049773550969e-06,0.0006758274132819107,0.443073141196797,0.0,0.0,1.0,-0.0012523961608593224,-0.0012704988749183796,0.0,0.0,0.0,-0.0012523961608593224,-0.0,-0.0,0.0,-7.300740065212477e-05,-7.509249426786936e-05,0.0,0.0,0.0,0.055,0.3,0.29992699259934785,0.0,0.0,0.0,6.665648816112609e-06,0,0,0,1,0,0.49878226544324655,0.49878226544324655,0,0,0.19416597206145525,1.4342672461595938,9.440088724082417e-06,0.004363726121179444,1.418019189786724e-05,-1.6375327538404063,-8.29053084397901e-05,1.634163760576951,-0.7852749088392899,2.0083244629579472e-05,-0.017286308848103372,1.03944955533858e-05,-0.03150963631495335,2.384599590526289e-05,0.030685780941760922,8.243650150929485e-05,-0.0016188332820924565,-26.4690592439649,0.002859970042079824,19.395114044911516,0.7427070330689085,1.7381854955055012,-0.0009482627900095892,-0.0016188320660154788,-26.469059192796845,0.002859970572974265,19.395114137284256,0.7427070302753395,1.7381854847142142,-0.0009482627617532932
1.050999999999995,1,0,1,2,0.0008076271554588168,0.6081411709765334,0.263932426998072,0.7046842555920287,0.5586977879847295,-8.23557976916964e-06,0.43595218833411253,-0.00045895202391675914,1.7939652761869614e-05,-0.00226892941532668,0.5580257015108488,-9.769049773550969e-06,0.0006720882233037091,0.4336159731868464,0.0,0.0,1.0,-0.0011676981213400146,-0.0011841670776419036,0.0,0.0,0.0,-0.0011676981213400146,-0.0,-0.0,0.0,-8.50449673581246e-05,-8.730212614941428e-05,0.0,0.0,0.0,0.055,0.3,0.2999149550326419,0.0,0.0,0.0,6.342760808455456e-06,0,0,0,1,0,0.49884771727807764,0.49884771727807764,0,0,0.185375043656677,1.4339544068701542,9.56401098826017e-06,0.0041880138044541135,1.420181059175625e-05,-1.637845593129846,-8.244771446177547e-05,1.634465955528063,-0.7852742402020544,6.266026943757825e-06,-0.017792407497080782,-4.375107425073249e-06,-0.031116517080497046,6.366430305020847e-05,0.029856291656356553,5.411401821716624e-05,-0.0014546673054427976,-26.39866762380992,0.0028453409515312596,19.343873891789638,0.7422962327056059,1.7263955668723587,-0.000950832650724801,-0.0014546661275481746,-26.39866757394149,0.0028453414715730826,19.343873981674765,0.7422962299832588,1.7263955565950728,-0.000950832623563574
1.060999999999994,1,0,1,2,0.000789867550868766,0.6778668308658863,0.3142989477442246,0.7743718994139082,0.5586922269767537,-8.081738007515062e-06,0.43593130429971766,-0.0006328516844618109,1.3422962760761789e-05,-0.0019516458733443898,0.5580257015108488,-9.769049773550969e-06,0.0006665276016195163,0.4241388894422037,0.0,0.0,1.0,-0.0011044268754515836,-0.0011192601455748737,0.0,0.0,0.0,-0.0011044268754515836,-0.0,-0.0,0.0,-9.635875146497434e-05,-9.87715848474992e-05,0.0,0.0,0.0,0.055,0.3,0.299903641248535,0.0,0.0,0.0,6.153394928774435e-06,0,0,0,1,0,0.49888612945317634,0.49888612945317634,0,0,0.1974579645320773,1.4336449266294333,9.556443000778574e-06,0.004007669212507905,1.4083735644580785e-05,-1.6381550733705668,-8.159925247216915e-05,1.6347605025431386,-0.7852738522128735,-6.2961164493363775e-06,-0.018221267593598593,-1.764133857358661e-05,-0.03082286352009613,0.000101705407073309,0.029142457898483975,2.6469378712574372e-05,-0.0013212102026664138,-26.32784101964658,0.002794946784909056,19.29279930831969,0.7418766738328688,1.7151017230609242,-0.0009351270489806122,-0.0013212090427403664,-26.32784097053055,0.0027949472966050507,19.292799396808103,0.7418766711529643,1.7151017130135566,-0.000935127022154852
1.0709999999999928,1,0,1,2,0.0007749114442640306,0.7542254357367143,0.3676793469430429,0.8467203366908713,0.5586850330369725,-7.968825288965253e-06,0.435913219191326,-0.0007873450903875645,9.639175218216518e-06,-0.001700387763232489,0.5580257015108488,-9.769049773550969e-06,0.0006593339837659741,0.4146708534794862,0.0,0.0,1.0,-0.0010577001108139457,-0.0010709395351929996,0.0,0.0,0.0,-0.0010577001108139457,-0.0,-0.0,0.0,-0.00010713366530336007,-0.00010968601633081729,0.0,0.0,0.0,0.055,0.3,0.2998928663346966,0.0,0.0,0.0,6.050425200401954e-06,0,0,0,1,0,0.4989071588012193,0.4989071588012193,0,0,0.2704999642446637,1.4333379672050617,9.431113010023438e-06,0.003823439145215428,1.3842352605515353e-05,-1.6384620327949384,-8.039094694244165e-05,1.6350484813176072,-0.7852737314229454,-1.7410543163723655e-05,-0.018577512953517117,-2.9188705366716078e-05,-0.030601058412591642,0.00013578422819144237,0.028530022046732224,6.390531707772254e-07,-0.0012066000417235117,-26.256481886602206,0.002721454251842515,19.24162802490322,0.7414778330750427,1.7040900030776573,-0.0009072459839277582,-0.001206598888689184,-26.256481837864143,0.00272145475863414,19.241628112729646,0.7414778304160837,1.704089993084657,-0.000907245956827514
1.0809999999999917,1,0,1,2,0.0007621581264222457,0.8364517391002785,0.4245104729989686,0.9216180113765571,0.5586764023845128,-7.890642008667997e-06,0.4358973399751536,-0.0009221937453954386,6.400069987641649e-06,-0.001503285856580963,0.5580257015108488,-9.769049773550969e-06,0.000650703584900778,0.40523261244605613,0.0,0.0,1.0,-0.0010250904048727688,-0.0010368084360341074,0.0,0.0,0.0,-0.0010250904048727688,-0.0,-0.0,0.0,-0.00011752021514872724,-0.0001201965232411983,0.0,0.0,0.0,0.055,0.3,0.29988247978485116,0.0,0.0,0.0,6.003187269486463e-06,0,0,0,1,0,0.498917133893644,0.498917133893644,0,0,0.18783402629196644,1.4330329375589042,9.202984957565801e-06,0.0036360249911085475,1.3495247424604809e-05,-1.638767062441096,-7.886865844353703e-05,1.6353308225710472,-0.7852738556342544,-2.7003250283758442e-05,-0.018865630829972144,-3.896401077358191e-05,-0.030428656417617245,0.00016490396459159707,0.028003843616771197,-2.2700269175053266e-05,-0.0011038275095799654,-26.184548805314932,0.0026326492955281175,19.19018718599317,0.741114903645332,1.69322360753235,-0.0008719819078012362,-0.001103826363091496,-26.1845487570084,0.002632649795842035,19.19018727309362,0.7411149010087554,1.693223597545227,-0.0008719818801227008
1.0909999999999906,1,0,1,2,0.000751115147718944,0.9238530379407347,0.4850725472985344,0.9989494366852911,0.5586665288876872,-7.842351598290612e-06,0.4358831802193692,-0.0010379579796460563,3.6041854914030083e-06,-0.0013506052598734476,0.5580257015108488,-9.769049773550969e-06,0.0006408302732170022,0.3958395193131837,0.0,0.0,1.0,-0.0010056858164722894,-0.0010159751992075037,0.0,0.0,0.0,-0.0010056858164722894,-0.0,-0.0,0.0,-0.00012765361087677628,-0.00013043915907278464,0.0,0.0,0.0,0.055,0.3,0.29987234638912313,0.0,0.0,0.0,5.991769475232129e-06,0,0,0,1,0,0.4989201719778331,0.4989201719778331,0,0,0.18962501781061292,1.4327294457554978,8.887296697877321e-06,0.003446083711631897,1.3059942050966182e-05,-1.6390705542445023,-7.70839500683749e-05,1.6356083077555588,-0.7852741978705837,-3.50801939711791e-05,-0.019090032578313806,-4.701502719434241e-05,-0.030287720575362862,0.00018878807448185106,0.02754932514722119,-4.3215846482397894e-05,-0.0010091561978296303,-26.112038245593762,0.0025330042207313236,19.138366974333863,0.7407943214753329,1.6824161046439274,-0.0008327538808137714,-0.0010091550588403758,-26.11203819777094,0.002533004713798113,19.13836706063118,0.7407943188625032,1.6824160946409785,-0.0008327538523462847
1.1009999999999895,1,1,1,3,0.0007413860118661566,1.0727341175228406,0.550345154703326,1.0785953731643414,0.558655595941183,-7.818169785992727e-06,0.4358703480090366,-0.0011377663043328121,2.8766235570334217e-06,-0.0012272892376007116,0.5580257015108488,-9.769049773550969e-06,0.0006298974514146515,0.3865042241170183,0.0,0.0,1.0,-0.0014255011744656973,-0.0014388292205072119,0.0,0.0,0.0,-0.0014255011744656973,-0.0,-0.0,0.0,-0.00013809121301888459,-0.0001411936010833869,0.0,0.0,0.0,0.055,0.3,0.29986190878698105,0.0,0.0,0.0,6.14538978676759e-06,0,0,0,1,0,0.49894049152504305,0.49894049152504305,0,0,0.1915409811772406,1.4324272917596623,8.49432813902505e-06,0.003254238897474922,1.254677802754431e-05,-1.6393727082403378,-7.505877079263257e-05,1.6358815399331281,-0.7852747200756215,-4.6288782763108896e-05,-0.0192446547299337,-5.9793403557596555e-05,-0.03012994052813185,0.00023744429714793369,0.027114062675071857,-5.1677560758397135e-05,-0.0009208750161470286,-26.03911202752782,0.0024249173256188665,19.086221277051614,0.7405172621929513,1.6716352934058878,-0.000791892514089458,-0.0009208744617465467,-26.03911198341571,0.0024249180604479148,19.086221356660474,0.7405172600925477,1.671635283538452,-0.0007918924237249611
1.1109999999999884,1,1,1,4,0.0007332192782664995,1.188334639281977,0.6290322002408585,1.1604330125525095,0.5586436913671105,-7.792897134051547e-06,0.43585910945273176,-0.0012295156918056883,9.824966491277196e-07,-0.0010427110739180036,0.5580257015108488,-9.769049773550969e-06,0.0006179930158355278,0.3772947566616052,0.0,0.0,1.0,-0.0015595112137865086,-0.0015737682040345205,0.0,0.0,0.0,-0.0015595112137865086,-0.0,-0.0,0.0,-0.00015387522172099363,-0.0001572399759147066,0.0,0.0,0.0,0.055,0.3,0.29984612477827893,0.0,0.0,0.0,5.460011515178592e-06,0,0,0,1,0,0.49915623389695396,0.49915623389695396,0,0,0.19337498815730214,1.4321292539702575,7.995233689737604e-06,0.003061996552321638,1.1909730680197935e-05,-1.6396707460297426,-7.253593172474038e-05,1.63614805646908,-0.7852753623350842,-4.8769862319998515e-05,-0.019196278161695893,-6.144855954021306e-05,-0.029532258309574268,0.0002391243679829199,0.026280713253861117,-7.737637433686791e-05,-0.0008547384080133987,-25.96773647926833,0.0022956157224978953,19.034953597259687,0.7399920655442582,1.6633689140883439,-0.0008210421680643248,-0.0008547373454597481,-25.967736436803808,0.0022956161225417197,19.034953673924402,0.7399920632687264,1.6633689042438842,-0.0008210421379559105
1.1209999999999873,1,1,1,4,0.0007266500424903113,1.2824817038448193,0.7097620331929394,1.2443361671415698,0.5586310030618259,-7.797441903656461e-06,0.43584952410434574,-0.0012979480754213148,-1.4750468825406254e-06,-0.0008953050672348482,0.5580257015108488,-9.769049773550969e-06,0.0006053047619611199,0.36824347941925606,0.0,0.0,1.0,-0.0014833043684600636,-0.0014956832423713875,0.0,0.0,0.0,-0.0014833043684600636,-0.0,-0.0,0.0,-0.00016903552176526662,-0.00017253236329596396,0.0,0.0,0.0,0.055,0.3,0.29983096447823476,0.0,0.0,0.0,5.594409852137261e-06,0,0,0,1,0,0.4991101075519573,0.4991101075519573,0,0,0.1929589780047536,1.4318370131223292,7.5156725766669405e-06,0.0028705123012022896,1.1312007362033874e-05,-1.6399629868776708,-7.025276885442016e-05,1.6364067755632363,-0.7852762090778603,-4.744575216111422e-05,-0.0191037245170085,-5.8706361111863675e-05,-0.0289800936086552,0.00022105814507979488,0.02555345447814212,-8.870855398672766e-05,-0.0008992516480571381,-25.89579166266419,0.0020539202713025146,18.982928907007942,0.7401208425860689,1.6546675835450393,-0.0006471734127967439,-0.0008992506105574709,-25.8957916206629,0.0020539206758696657,18.982928982917116,0.7401208403108043,1.6546675736709249,-0.0006471733818496172
1.1309999999999862,1,1,1,4,0.0007213125782017651,1.3809589123958117,0.7925661442432975,1.3301754643485675,0.5586177387800397,-7.82147756367554e-06,0.43584122138418824,-0.0013471644670782733,-3.055393938736991e-06,-0.0007816840075980913,0.5580257015108488,-9.769049773550969e-06,0.0005920404725595278,0.3593415266338668,0.0,0.0,1.0,-0.0014256148529545889,-0.0014362993040535079,0.0,0.0,0.0,-0.0014256148529545889,-0.0,-0.0,0.0,-0.0001835363445106294,-0.00018714750576489015,0.0,0.0,0.0,0.055,0.3,0.2998164636554894,0.0,0.0,0.0,5.707739651051415e-06,0,0,0,1,0,0.49907454517898,0.49907454517898,0,0,0.19400002202019095,1.4315500302224675,7.045051399072051e-06,0.0026801546870975634,1.073288043158646e-05,-1.6402499697775326,-6.810269980042519e-05,1.6366587582756258,-0.7852771202087713,-4.680762580687039e-05,-0.018974808302241335,-5.740507192616579e-05,-0.028473273614512948,0.00021090315864803158,0.02491988134067236,-9.254871324859454e-05,-0.0008679260541035065,-25.823371201310202,0.001890142649176178,18.930288861382937,0.740152767269578,1.6455655138810559,-0.000582380834147947,-0.0008679250359262893,-25.82337115977817,0.0018901430543068617,18.930288936518863,0.7401527650028795,1.645565503992102,-0.0005823808020833626
1.1409999999999851,1,1,1,4,0.0007169066550521122,1.4830875510345345,0.8777036772303578,1.4178185461989667,0.5586040739502498,-7.857790097755463e-06,0.43583389838832426,-0.0013801227014578977,-4.028352067407516e-06,-0.000695680909983605,0.5580257015108488,-9.769049773550969e-06,0.0005783755973173127,0.35058387823320686,0.0,0.0,1.0,-0.001385716855341246,-0.0013948846693676562,0.0,0.0,0.0,-0.001385716855341246,-0.0,-0.0,0.0,-0.0001975586031819454,-0.00020126812414204988,0.0,0.0,0.0,0.055,0.3,0.2998024413968181,0.0,0.0,0.0,5.8025474137402965e-06,0,0,0,1,0,0.4990470040092396,0.4990470040092396,0,0,0.19183295080438256,1.4312679384448241,6.5793320315153845e-06,0.002491278788068272,1.016278295847106e-05,-1.640532061555176,-6.602898659462041e-05,1.6369048135093398,-0.7852780565736979,-4.6390098880102594e-05,-0.01881116807729019,-5.6743497429022806e-05,-0.027996698465719373,0.00020491452096956298,0.024357593261142927,-9.438908191642448e-05,-0.0008228371405387951,-25.750595313994513,0.001742171925755737,18.8771119667156,0.7401331945507358,1.6361537353608127,-0.0005503484357601151,-0.0008228361381866648,-25.75059527293946,0.0017421723289387787,18.877112041057526,0.7401331922979573,1.6361537254710656,-0.0005503484026201821
1.150999999999984,1,1,1,4,0.0007131859170471924,1.5882845428148296,0.9653142093181343,1.50713027341305,0.5585901572927768,-7.90140477354453e-06,0.4358273074878404,-0.0013992762505767658,-4.583271092457586e-06,-0.0006322565413363475,0.5580257015108488,-9.769049773550969e-06,0.0005644588717079219,0.34196820922554705,0.0,0.0,1.0,-0.0013631099380470328,-0.0013709297607592459,0.0,0.0,0.0,-0.0013631099380470328,-0.0,-0.0,0.0,-0.00021127734623912667,-0.00021507099664802614,0.0,0.0,0.0,0.055,0.3,0.29978872265376094,0.0,0.0,0.0,5.8816597389635095e-06,0,0,0,1,0,0.4990255963570236,0.4990255963570236,0,0,0.19512500148266554,1.4309905000853052,6.117746451071993e-06,0.002304220614606413,9.59785581119083e-06,-1.640809499914695,-6.400268911859705e-05,1.6371455552529164,-0.7852790077672486,-4.595507925008657e-05,-0.018614899805660036,-5.629921388113907e-05,-0.0275391020715173,0.00020095272260240305,0.023849287743881408,-9.566494189990914e-05,-0.0007817933838753442,-25.677572288472824,0.0015923250280377018,18.823470450869234,0.7400874445657677,1.626501613829977,-0.0005270683788613358,-0.0007817923953640039,-25.677572247905932,0.0015923254276644224,18.823470524389776,0.7400874423307122,1.626501603953102,-0.0005270683447703449
1.160999999999983,1,1,1,4,0.0007099482945806248,1.6960452902346286,1.0554455081214225,1.5979729337808974,0.5585761152700817,-7.94889525519362e-06,0.4358212462467135,-0.001406678180991534,-4.849799804407062e-06,-0.0005872886394026642,0.5580257015108488,-9.769049773550969e-06,0.0005504167687446214,0.3334940426779601,0.0,0.0,1.0,-0.001357374422694048,-0.0013640036835017638,0.0,0.0,0.0,-0.001357374422694048,-0.0,-0.0,0.0,-0.00022486315039173878,-0.00022872832603580172,0.0,0.0,0.0,0.055,0.3,0.2997751368496084,0.0,0.0,0.0,5.94749210901952e-06,0,0,0,1,0,0.49900892366317606,0.49900892366317606,0,0,0.19341701408848166,1.4307175730648043,5.661206339596833e-06,0.0021192935227208245,9.037292234389567e-06,-1.6410824269351958,-6.201093083570734e-05,1.6373814471361432,-0.7852799699250536,-4.5381386406748386e-05,-0.01838838608700196,-5.584514974421608e-05,-0.02709220384743147,0.00019777536724733627,0.02338163550275731,-9.661655802172313e-05,-0.000748712258340055,-25.604401780020385,0.0014368775531716426,18.769432767376358,0.7400302408468082,1.6166624445146462,-0.0005055550725816453,-0.0007487112824757325,-25.60440173994761,0.0014368779482988043,18.769432840058766,0.7400302386318436,1.6166624346626521,-0.0005055550376689498
1.1709999999999818,1,1,1,4,0.0007070281374350331,1.8059288961666242,1.1480754087169125,1.690206454504628,0.5585620556310663,-7.997890461162656e-06,0.43581554922327326,-0.001404061692945093,-4.916104042378172e-06,-0.0005574006633634179,0.5580257015108488,-9.769049773550969e-06,0.0005363570445883595,0.3251621246766887,0.0,0.0,1.0,-0.0013680909272905007,-0.0013736747367703128,0.0,0.0,0.0,-0.0013680909272905007,-0.0,-0.0,0.0,-0.00023848244419847692,-0.00024240804797433978,0.0,0.0,0.0,0.055,0.3,0.2997615175558017,0.0,0.0,0.0,6.001920060118203e-06,0,0,0,1,0,0.4989959548240621,0.4989959548240621,0,0,0.19554200116544962,1.4304490848547529,5.211442334124141e-06,0.001936786056640868,8.481901734879151e-06,-1.6413509151452472,-6.005009283125078e-05,1.6376128371797085,-0.7852809396075681,-4.461400083421108e-05,-0.018134173069182215,-5.526435283575984e-05,-0.02665004533742823,0.000194676370085109,0.022944407274351,-9.719334785545342e-05,-0.0007234771558270308,-25.53117722491162,0.0012761640566171784,18.715065350944105,0.7399701806694143,1.6066776441804071,-0.0004841814590941125,-0.0007234761919600165,-25.531177185338255,0.001276164446677918,18.715065422773257,0.7399701784762094,1.6066776343643319,-0.0004841814234808014
1.1809999999999807,1,1,1,4,0.0007042899340190803,1.9178797979760012,1.2431347241383512,1.7836886181805058,0.5585480695036937,-8.046767465130347e-06,0.4358100814994803,-0.0013933042135591631,-4.855147654540467e-06,-0.0005397167922171002,0.5580257015108488,-9.769049773550969e-06,0.0005223708320773128,0.3169740541152211,0.0,0.0,1.0,-0.0013925006979914382,-0.001396706098618751,0.0,0.0,0.0,-0.0013925006979914382,-0.0,-0.0,0.0,-0.00025229322702017903,-0.0002562680227036521,0.0,0.0,0.0,0.055,0.3,0.29974770677298,0.0,0.0,0.0,5.9285262331316305e-06,0,0,0,1,0,0.4989913010501572,0.4989913010501572,0,0,0.19395799608901143,1.4301850119490886,4.770570551119558e-06,0.0017569598952374647,7.93337633564309e-06,-1.6416149880509114,-5.812213882443915e-05,1.6378399826903531,-0.7852819119157098,-4.360869301024986e-05,-0.0178553852646922,-5.4463041489505343e-05,-0.026208622966177455,0.00019108038210644525,0.02252860826204508,-9.70240989015498e-05,-0.00070325929077347,-25.457989952902054,0.0011132221415464474,18.66044177048087,0.7399137427322646,1.5965894652779489,-0.0004646500562791466,-0.0007032583377383755,-25.4579899138271,0.0011132225258304006,18.660441841455828,0.7399137405613277,1.596589455504149,-0.00046465001968523396
1.1909999999999796,1,1,1,4,0.0007016279574210962,2.031716968563766,1.3405964375735326,1.8782752820878648,0.5585342121219118,-8.094666117266181e-06,0.4358047390294424,-0.0013792913838072203,-4.726615517500292e-06,-0.0005309826835882801,0.5580257015108488,-9.769049773550969e-06,0.0005085133676947275,0.3089343938403771,0.0,0.0,1.0,-0.0014232234967606224,-0.0014266924850815058,0.0,0.0,0.0,-0.0014232234967606224,-0.0,-0.0,0.0,-0.0002663763591380671,-0.00027038906519822166,0.0,0.0,0.0,0.055,0.3,0.29973362364086215,0.0,0.0,0.0,5.896424841118999e-06,0,0,0,1,0,0.4990041085106285,0.4990041085106285,0,0,0.19412499386817217,1.4299253533557175,4.3411217080212455e-06,0.0015800204870776752,7.394413461209725e-06,-1.6418746466442826,-5.623499874483867e-05,1.6380630105583425,-0.7852828771879433,-4.2379710030234696e-05,-0.017559714464798166,-5.3407688803244895e-05,-0.02576725104610459,0.00018671752232436226,0.022118390783019116,-9.608901151247982e-05,-0.0006848740492072946,-25.384956348030403,0.0009513758262108436,18.605753746718463,0.7398664282423437,1.5865749804681148,-0.0004484612443181663,-0.00068487310653075,-25.384956309436863,0.0009513762047865947,18.605753816874536,0.7398664260930681,1.5865749707308947,-0.0004484612071176081
1.2009999999999785,1,1,1,4,0.0006989622406657061,2.1463522689845065,1.440304792377531,1.9738206004467376,0.5585205065722211,-8.140934827981413e-06,0.43579944411971483,-0.0013631515169702855,-4.538564800233921e-06,-0.0005292574997979762,0.5580257015108488,-9.769049773550969e-06,0.0004948077399534591,0.30104967819275213,0.0,0.0,1.0,-0.0014668046450702287,-0.0014696435508460112,0.0,0.0,0.0,-0.0014668046450702287,-0.0,-0.0,0.0,-0.0002808379293389129,-0.00028488177758400983,0.0,0.0,0.0,0.055,0.3,0.29971916207066124,0.0,0.0,0.0,5.86876353360983e-06,0,0,0,1,0,0.49901483447665695,0.49901483447665695,0,0,0.19391695968806744,1.429670108388145,3.9247069244675105e-06,0.0014061114301105323,6.8668538522626735e-06,-1.6421298916118552,-5.4393592542570585e-05,1.6382819510723405,-0.7852838317224873,-4.102032930947769e-05,-0.017251009224590986,-5.220263432162376e-05,-0.0253258635919521,0.00018198052349187817,0.02171096752292279,-9.48884920616011e-05,-0.0006715985945824228,-25.312144132788795,0.0007875049692792981,18.5510849617852,0.7398240338043897,1.5766764534051863,-0.00043142103143252745,-0.000671597662261205,-25.312144094678636,0.0007875053420880285,18.5510850311146,0.7398240316773192,1.5766764437111607,-0.00043142099370308907
1.2109999999999774,1,1,1,4,0.0006962286161626688,2.2615510045049887,1.5420509933280377,2.0701772493014783,0.5585069738555934,-8.185083728369155e-06,0.4357941343157007,-0.0013449448258816949,-4.309347467786683e-06,-0.0005331926346490203,0.5580257015108488,-9.769049773550969e-06,0.000481274951316185,0.2933248212928721,0.0,0.0,1.0,-0.001522630265606215,-0.001524932671797938,0.0,0.0,0.0,-0.001522630265606215,-0.0,-0.0,0.0,-0.0002958031784534393,-0.0002998723926852436,0.0,0.0,0.0,0.055,0.3,0.2997041968215468,0.0,0.0,0.0,5.842759751529109e-06,0,0,0,1,0,0.49902419002182596,0.49902419002182596,0,0,0.19783299649134278,1.4294192779341437,3.5224566291905492e-06,0.0012353505341196802,6.352024631211389e-06,-1.6423807220658564,-5.260132989332018e-05,1.638496835421995,-0.7852847725951367,-3.9561616013486257e-05,-0.01693151135389398,-5.087834661543242e-05,-0.024884361600710437,0.00017693080816305173,0.02130690004129203,-9.338757992689194e-05,-0.0006619794162801282,-25.239608726394366,0.00062318023661093,18.496472799544254,0.7397862237854939,1.5668771378667306,-0.0004146103738256789,-0.0006619784943480161,-25.239608688769003,0.0006231806036361257,18.496472868040307,0.739786221681113,1.566877128222545,-0.00041461033564124867
1.2209999999999763,1,1,1,4,0.0006933755473839389,2.377090593209001,1.6456235468153901,2.167196653683621,0.558493634016238,-8.22678066733975e-06,0.4357887592981461,-0.0013247919639314298,-4.052867540214083e-06,-0.0005416776388370639,0.5580257015108488,-9.769049773550969e-06,0.00046793504698167056,0.28576326652164175,0.0,0.0,1.0,-0.0015900493367922875,-0.0015918974952927483,0.0,0.0,0.0,-0.0015900493367922875,-0.0,-0.0,0.0,-0.00031139099844790095,-0.000315480674840862,0.0,0.0,0.0,0.055,0.3,0.29968860900155236,0.0,0.0,0.0,5.816315414106983e-06,0,0,0,1,0,0.499032720211968,0.499032720211968,0,0,0.1937500201165676,1.4291728627264473,3.1352070108026513e-06,0.0010678344915344363,5.850962019919786e-06,-1.6426271372735528,-5.086097173655032e-05,1.6387076994981735,-0.7852856969054959,-3.803173753680001e-05,-0.016603230920944803,-4.946287239026467e-05,-0.024442846099193925,0.0001716355052376039,0.020906594079164214,-9.160980691347476e-05,-0.0006552339223486705,-25.1674112817909,0.00045928046350590895,18.4419623575744,0.7397525721346433,1.557166445253152,-0.00039841517358715826,-0.0006552330108565274,-25.167411244651028,0.00045928082476091316,18.441962425231633,0.7397525700533708,1.5571664356652424,-0.00039841513501815524
1.2309999999999752,1,1,1,4,0.000690361906072883,2.4927586987012584,1.7508101262686508,2.2647292167037163,0.558480505669506,-8.265814392621658e-06,0.4357832787553496,-0.0013028511255052922,-3.7798855879571476e-06,-0.0005537954869681107,0.5580257015108488,-9.769049773550969e-06,0.0004548066429247381,0.2783672786386114,0.0,0.0,1.0,-0.0016683797213734174,-0.001669845883291497,0.0,0.0,0.0,-0.0016683797213734174,-0.0,-0.0,0.0,-0.00032771359574360005,-0.00033181959692961063,0.0,0.0,0.0,0.055,0.3,0.2996722864042566,0.0,0.0,0.0,5.787834081783361e-06,0,0,0,1,0,0.4990408459461304,0.4990408459461304,0,0,0.19458302995190024,1.4289308616264336,2.7635273522790143e-06,0.0009036410330703732,5.364434527402341e-06,-1.6428691383735665,-4.9174596915548884e-05,1.638914582665824,-0.7852866021095153,-3.6456170537370234e-05,-0.016267974734452382,-4.798190158788574e-05,-0.024001567706312135,0.00016616302129710887,0.020510356016681313,-8.959732024065515e-05,-0.000650846611678924,-25.09561738623551,0.00029639866061978676,18.387604781010303,0.7397225933441682,1.5475385252861562,-0.0003829688541935288,-0.0006508457106721247,-25.095617349580806,0.00029639901614325116,18.38760484782527,0.7397225912863414,1.5475385157604842,-0.00038296881530626523
1.2409999999999741,1,1,1,4,0.0006871551696191738,2.6083516862111855,1.8573989579615835,2.362624550218888,0.5584676057206477,-8.302068045787393e-06,0.43577766065465173,-0.0012793017678537188,-3.498862020135771e-06,-0.0005687863148107111,0.5580257015108488,-9.769049773550969e-06,0.00044190664474900684,0.27113816949815006,0.0,0.0,1.0,-0.0017569124499898518,-0.0017580600940188401,0.0,0.0,0.0,-0.0017569124499898518,-0.0,-0.0,0.0,-0.00034487620489385024,-0.00034899506679879995,0.0,0.0,0.0,0.055,0.3,0.2996551237951064,0.0,0.0,0.0,5.756090056178594e-06,0,0,0,1,0,0.49904889471907654,0.49904889471907654,0,0,0.202000024728477,1.428693270368925,2.4077473645577645e-06,0.0007428308293879896,4.892968088198506e-06,-1.643106729631075,-4.754361262978869e-05,1.6391175269812879,-0.7852874861136793,-3.485761365614092e-05,-0.01592736946078261,-4.645847766669911e-05,-0.023560884004362966,0.00016057899000165783,0.02011842870923401,-8.739627605860291e-05,-0.0006484229601021897,-25.02429604134875,0.0001349898611011838,18.33345595459253,0.7396957848973753,1.537991201293153,-0.0003683072816073721,-0.0006484220696226169,-25.024296005178233,0.00013499021094829473,18.333456020563226,0.7396957828632736,1.5379911918352158,-0.00036830724246412485
1.250999999999973,1,1,1,4,0.0006837299577800151,2.7236733549028567,1.9651798317542306,2.4607317067204506,0.5584549492185619,-8.335499430615083e-06,0.43577187983756815,-0.0012543331565406878,-3.216518357462638e-06,-0.0005860180280408184,0.5580257015108488,-9.769049773550969e-06,0.0004292501015066492,0.2640764738419733,0.0,0.0,1.0,-0.0018549146575409855,-0.0018557996085354106,0.0,0.0,0.0,-0.0018549146575409855,-0.0,-0.0,0.0,-0.0003629768373637358,-0.00036710568772772785,0.0,0.0,0.0,0.055,0.3,0.2996370231626365,0.0,0.0,0.0,5.720134685164125e-06,0,0,0,1,0,0.4990571232986323,0.4990571232986323,0,0,0.1942919916473329,1.4284600806927243,2.0679854032935003e-06,0.0005854491845275114,4.436873788882431e-06,-1.6433399193072757,-4.5968798386347015e-05,1.6393165766874347,-0.7852883472801012,-3.325591950603722e-05,-0.015582880739747444,-4.4912791182843e-05,-0.023121224184200012,0.00015494352361627322,0.019731013525914116,-8.505125237356826e-05,-0.0006476334487487593,-24.953518852437927,-2.4571354635690896e-05,18.27957546517798,0.7396716606259829,1.5285251665657906,-0.0003544252267964718,-0.0006476325681379349,-24.95351881671314,-2.4571009824727843e-05,18.279575530370767,0.7396716586137763,1.5285251571704723,-0.00035442518740514285
1.260999999999972,1,1,1,4,0.0006800668436261195,2.8385339069671423,2.0739448215740217,2.558899412084028,0.5584425493038788,-8.366125841225658e-06,0.43576591687720306,-0.0012281364164106318,-2.938219066931187e-06,-0.000604962488541398,0.5580257015108488,-9.769049773550969e-06,0.00041685015383170857,0.25718208740543547,0.0,0.0,1.0,-0.0019616315504105693,-0.0019623029858226973,0.0,0.0,0.0,-0.0019616315504105693,-0.0,-0.0,0.0,-0.0003821060540453483,-0.00038624254151205353,0.0,0.0,0.0,0.055,0.3,0.29961789394595495,0.0,0.0,0.0,5.679228949657101e-06,0,0,0,1,0,0.4990657344677736,0.4990657344677736,0,0,0.19337498815730214,1.4282312797880712,1.744176896465534e-06,0.0004315275555249575,3.996276783090465e-06,-1.643568720211929,-4.445037051453612e-05,1.639511777876056,-0.7852891843969904,-3.166811430439387e-05,-0.015235829270046158,-4.3362132806826364e-05,-0.02268306023117817,0.00014930968322505225,0.019348283311506308,-8.260305373753007e-05,-0.000648190250505019,-24.88335937498301,-0.00018196610060646916,18.226025769572868,0.7396497722290571,1.5191433733315918,-0.0003412984690180535,-0.0006481893790166265,-24.88335933966074,-0.00018196576011589178,18.22602583406304,0.7396497702366184,1.5191433639920442,-0.00034129842937547834
1.2709999999999708,1,1,1,4,0.0006761513860941417,2.9527491200133857,2.1834887840769945,2.6569762988232863,0.5584304172218921,-8.39401203070999e-06,0.43575975714810655,-0.0012008991221054166,-2.668237182362051e-06,-0.0006251762303537726,0.5580257015108488,-9.769049773550969e-06,0.0004047180469092795,0.2504543764522915,0.0,0.0,1.0,-0.0020762877486335774,-0.0020767890944816446,0.0,0.0,0.0,-0.0020762877486335774,-0.0,-0.0,0.0,-0.0004023467537366179,-0.0004064889863969091,0.0,0.0,0.0,0.055,0.3,0.2995976532462637,0.0,0.0,0.0,5.632794797798801e-06,0,0,0,1,0,0.49907488944041134,0.49907488944041134,0,0,0.19204197451472282,1.428006850000028,1.4361021039811714e-06,0.00028108492450029204,3.5711448995951447e-06,-1.643793149999972,-4.29880566877498e-05,1.6397031782455949,-0.7852899966357221,-3.0108500553281685e-05,-0.01488740456134722,-4.1820981484447626e-05,-0.022246883848691647,0.00014372286334858795,0.018970389515301014,-8.008789847603297e-05,-0.0006498364578748826,-24.813892579898255,-0.0003369190606761762,18.1728715184966,0.7396297209975676,1.5098505642556344,-0.0003288934378472615,-0.0006498355955779624,-24.81389254497941,-0.0003369187244873297,18.172871582279587,0.7396297190251981,1.5098505549767538,-0.0003288933980069758
1.2809999999999697,1,1,1,4,0.0006719733415838916,3.0661396926916082,2.2936096906571004,2.7548111394876287,0.5584185623790058,-8.419260390458078e-06,0.4357533900680999,-0.0011728017210818923,-2.4099442891417095e-06,-0.0006462848561783031,0.5580257015108488,-9.769049773550969e-06,0.0003928631869498535,0.24389226553913965,0.0,0.0,1.0,-0.002198088305082466,-0.0021984580252809656,0.0,0.0,0.0,-0.002198088305082466,-0.0,-0.0,0.0,-0.00042377397304030253,-0.0004279204653450303,0.0,0.0,0.0,0.055,0.3,0.29957622602696,0.0,0.0,0.0,5.5803796087507775e-06,0,0,0,1,0,0.49908471705352464,0.49908471705352464,0,0,0.19249995239078999,1.4277867687347108,1.1434124925310434e-06,0.00013412904356473426,3.161315824446688e-06,-1.6440132312652893,-4.158117296167113e-05,1.6398908269088386,-0.78529078350359,-2.858882131319111e-05,-0.014538676871740977,-4.0301185255281126e-05,-0.021813188342355704,0.00013822079828461575,0.018597465713913637,-7.753722964018285e-05,-0.0006523405423342197,-24.74519440885391,-0.000489191687086871,18.120178999860922,0.7396111624843442,1.500652909555263,-0.000317172010504465,-0.0006523396892815982,-24.745194374338663,-0.0004891913551719778,18.120179062933673,0.7396111605322913,1.5006529003414,-0.0003171719705157558
1.2909999999999686,1,1,1,4,0.0006675260201277891,3.1785307360736255,2.4041088365386236,2.852253079843959,0.5584069924273601,-8.44200274242467e-06,0.43574680847916947,-0.0011440152713722486,-2.1659513166529198e-06,-0.000667970425729331,0.5580257015108488,-9.769049773550969e-06,0.0003812932258352386,0.2374943085972474,0.0,0.0,1.0,-0.0023262196528513724,-0.0023264919376214084,0.0,0.0,0.0,-0.0023262196528513724,-0.0,-0.0,0.0,-0.0004464546958696375,-0.0004506043228755106,0.0,0.0,0.0,0.055,0.3,0.2995535453041307,0.0,0.0,0.0,5.5216301555507595e-06,0,0,0,1,0,0.4990953206220312,0.4990953206220312,0,0,0.1942089875228703,1.427571008522922,8.656552339012661e-07,-9.342431436740701e-06,2.7665221470568872e-06,-1.644228991477078,-4.022869843531555e-05,1.6400747742231785,-0.7852915447965343,-2.7118463943321637e-05,-0.014190607700001955,-3.8812196673420836e-05,-0.02138245471646682,0.00013283395968739128,0.018229629012473395,-7.497783546091289e-05,-0.000655493211385173,-24.677341398019784,-0.000638577889237914,18.068015674233024,0.7395938064674351,1.4915577225892882,-0.00030609420181208747,-0.0006554923676010982,-24.677341363907058,-0.0006385775615570114,18.06801573659486,0.7395938045358613,1.4915577134441487,-0.00030609416171945795
1.3009999999999675,1,1,1,4,0.0006628057581920246,3.2897513882823946,2.5147909615577633,2.9491518714829845,0.5583957133666603,-8.46239335365926e-06,0.4357400081406827,-0.0011147001156666257,-1.9382173894003766e-06,-0.0006899612769933002,0.5580257015108488,-9.769049773550969e-06,0.0003700141629613852,0.23125874714947034,0.0,0.0,1.0,-0.002459850686239435,-0.0024600560461953015,0.0,0.0,0.0,-0.002459850686239435,-0.0,-0.0,0.0,-0.00047044767301401174,-0.00047459963098905064,0.0,0.0,0.0,0.055,0.3,0.2995295523269863,0.0,0.0,0.0,5.456273346811836e-06,0,0,0,1,0,0.4991067830560496,0.4991067830560496,0,0,0.19508303375914693,1.4273595372028307,6.022955343901866e-07,-0.00014934090548483547,2.386413888978332e-06,-1.6444404627971694,-3.892934458287154e-05,1.6402550716279911,-0.7852922805540542,-2.5704685410977757e-05,-0.013844059109754817,-3.736133429931508e-05,-0.020955141309607093,0.0001275861795997848,0.01786698031156272,-7.243213200369662e-05,-0.0006591054625510315,-24.61041035440009,-0.0007849010104302303,18.016449781338256,0.7395774139888884,1.4825732340027284,-0.0002956198013390325,-0.0006591046280377367,-24.610410320687997,-0.0007849006869339087,18.01644984299028,0.7395774120778925,1.4825732249294636,-0.0002956197611829673
1.3109999999999664,1,1,1,4,0.0006578114854407227,3.3996345322655332,2.6254643097018278,3.045358103491359,0.5583847296554465,-8.480602914982085e-06,0.4357329873131681,-0.0010850052155398126,-1.7281378899123715e-06,-0.0007120238262478125,0.5580257015108488,-9.769049773550969e-06,0.0003590304565194141,0.22518355853380032,0.0,0.0,1.0,-0.002598134132829925,-0.002598299905923509,0.0,0.0,0.0,-0.002598134132829925,-0.0,-0.0,0.0,-0.0004958032540038629,-0.0004999570264883756,0.0,0.0,0.0,0.055,0.3,0.29950419674599654,0.0,0.0,0.0,5.384101879116868e-06,0,0,0,1,0,0.49911917069905454,0.49911917069905454,0,0,0.19279104890301824,1.4271523181896617,3.527366571429675e-07,-0.00028588589674795816,2.020578370476874e-06,-1.6446476818103384,-3.768161766769234e-05,1.640431771481541,-0.7852929910174553,-2.4352845703696848e-05,-0.013499802091232468,-3.595405036583819e-05,-0.02053167636974271,0.0001224953845305682,0.017509604075684304,-6.991852962274787e-05,-0.000663007260209607,-24.544478072726967,-0.0009280115153763544,17.965550001931508,0.7395617927243548,1.4737084096904598,-0.00028570940854872945,-0.0006630064349357017,-24.544478039412223,-0.0009280111960026688,17.96555006287744,0.7395617908339439,1.473708400691563,-0.000285709368365079
1.3209999999999653,1,1,1,4,0.00065254436708198,3.5080165996738613,2.735940648350778,3.140723432832495,0.5583740443263491,-8.496813323056723e-06,0.4357257464149741,-0.0010550679447318227,-1.5366188282428388e-06,-0.0007339559774176087,0.5580257015108488,-9.769049773550969e-06,0.0003483451387578264,0.21926649630161377,0.0,0.0,1.0,-0.0027402083309740477,-0.0027403591097311265,0.0,0.0,0.0,-0.0027402083309740477,-0.0,-0.0,0.0,-0.0005225632348486583,-0.0005267185633410762,0.0,0.0,0.0,0.055,0.3,0.29947743676515176,0.0,0.0,0.0,5.30496345150557e-06,0,0,0,1,0,0.49913253622314424,0.49913253622314424,0,0,0.19379204604774714,1.4269493108059568,1.1633761236354654e-07,-0.0004190041680063716,1.6685574301623647e-06,-1.6448506891940433,-3.648387357372725e-05,1.640604926894742,-0.7852936765919969,-2.3066639673415686e-05,-0.013158524114787224,-3.4594191488738116e-05,-0.02011245304347936,0.00011757436437585961,0.01715756799729845,-6.745183707981784e-05,-0.0006670465372941331,-24.479621083915482,-0.0010677850860790934,17.915385163103185,0.7395467915423585,1.4649728017214323,-0.00027632508680155364,-0.0006670457212108727,-24.479621050994222,-0.0010677847707593452,17.915385223348196,0.7395467896724867,1.4649727927989318,-0.00027632504662253825
1.3309999999999642,1,1,1,4,0.000647007506862112,3.6147374464369078,2.846035263241892,3.235100813080763,0.5583636591015921,-8.511213150382183e-06,0.43571828773741,-0.001025014195557581,-1.3641419255312063e-06,-0.0007555818398348132,0.5580257015108488,-9.769049773550969e-06,0.000337959931491853,0.21350512443305408,0.0,0.0,1.0,-0.002885199487743516,-0.00288535747428457,0.0,0.0,0.0,-0.002885199487743516,-0.0,-0.0,0.0,-0.0005507607261454173,-0.0005549175846571492,0.0,0.0,0.0,0.055,0.3,0.29944923927385503,0.0,0.0,0.0,5.218752588945879e-06,0,0,0,1,0,0.49914692082593204,0.49914692082593204,0,0,0.193667015992105,1.4267504706508125,-1.0757143004037387e-07,-0.0005487289297263075,1.3298621156021266e-06,-1.6450495293491876,-3.533436499335182e-05,1.6407745915621124,-0.7852943378131503,-2.1848320636064145e-05,-0.012820835993356317,-3.328424425181962e-05,-0.01969782632538441,0.00011283152734889982,0.016810922786431367,-6.504367461244874e-05,-0.0006710883482590196,-24.415915428334937,-0.0012041209470549804,17.86602397792633,0.7395322948259851,1.4563764241999786,-0.00026743076231696507,-0.0006710875412869299,-24.415915395802,-0.0012041206357098252,17.866024037477924,0.7395322929765263,1.4563764153553245,-0.00026743072217062433
1.340999999999963,1,1,1,4,0.0006412056986057893,3.7196402878777692,2.955566941243433,3.328344721156431,0.5583535745062141,-8.523993728364864e-06,0.43571061520668286,-0.0009949586930437329,-1.2108230706700231e-06,-0.0007767475088550262,0.5580257015108488,-9.769049773550969e-06,0.0003278753593278515,0.2078968466202816,0.0,0.0,1.0,-0.0030322244574506243,-0.003032409753716209,0.0,0.0,0.0,-0.0030322244574506243,-0.0,-0.0,0.0,-0.0005804200466100609,-0.0005845786194081134,0.0,0.0,0.0,0.055,0.3,0.29941957995339036,0.0,0.0,0.0,5.1254043763012006e-06,0,0,0,1,0,0.499162355912379,0.499162355912379,0,0,0.1948749995790422,1.4265557499906898,-3.196758970970161e-07,-0.0006750991083900384,1.0039850242090083e-06,-1.6452442500093103,-3.423128128802703e-05,1.640940819591914,-0.7852949753169474,-2.0698911321771302e-05,-0.012487278144393993,-3.202556100351778e-05,-0.019288111578743793,0.00010827161118570923,0.01646970220594674,-6.270287775783965e-05,-0.0006750140798900924,-24.35343644880725,-0.001336940320855093,17.817534812523053,0.7395182169186094,1.4479296481336579,-0.000258992447216397,-0.0006750132819312385,-24.353436416656812,-0.0013369400133989044,17.817534871390084,0.7395182150893836,1.447929639367861,-0.0002589924071276612
1.350999999999962,1,1,1,4,0.0006351452164925211,3.82257168319344,3.064357949900448,3.420311381711698,0.5583437899773717,-8.535345787484936e-06,0.4357027341831409,-0.0009650054411431751,-1.0764656875422948e-06,-0.0007973177085882155,0.5580257015108488,-9.769049773550969e-06,0.00031809085897013914,0.20243893157433052,0.0,0.0,1.0,-0.003180394050259493,-0.0031806248907024163,0.0,0.0,0.0,-0.003180394050259493,-0.0,-0.0,0.0,-0.0006115566473131759,-0.0006157173092426808,0.0,0.0,0.0,0.055,0.3,0.29938844335268716,0.0,0.0,0.0,5.024889609348765e-06,0,0,0,1,0,0.49917886439279324,0.49917886439279324,0,0,0.19333296222612262,1.426365098157936,-5.206655960858643e-07,-0.0007981586744819399,6.90410506279779e-07,-1.645434901842064,-3.317278155923076e-05,1.641103665338243,-0.7852955898142615,-1.961839946246469e-05,-0.012158326322539709,-3.08185636167174e-05,-0.01888358429786518,0.00010389633401134439,0.01613392340049091,-6.043588060342655e-05,-0.0006787206637782672,-24.292258599516074,-0.001466184951801432,17.769985475242862,0.739504496915664,1.4396431109180658,-0.00025097834050342153,-0.0006787198747110118,-24.29225856774147,-0.0014661846481409699,17.769985533436067,0.739504495106429,1.4396431022316747,-0.00025097830049349164
1.360999999999961,1,1,1,4,0.0006288336361134619,3.9233815607707907,3.1722340202558574,3.510858988821865,0.5583343039687102,-8.545456605008053e-06,0.4356946512901238,-0.0009352482472034335,-9.606098559251104e-07,-0.0008171731322801813,0.5580257015108488,-9.769049773550969e-06,0.0003086048835943934,0.19712853509262968,0.0,0.0,1.0,-0.0033288168538500996,-0.0033291097876482533,0.0,0.0,0.0,-0.0033288168538500996,-0.0,-0.0,0.0,-0.0006441770718476261,-0.0006483403706979287,0.0,0.0,0.0,0.055,0.3,0.29935582292815266,0.0,0.0,0.0,4.917210978701447e-06,0,0,0,1,0,0.4991964617003877,0.4991964617003877,0,0,0.17625000327825546,1.4261784619461766,-7.112253619223087e-07,-0.000917956025162951,3.886229550829308e-07,-1.6456215380538235,-3.215702158188614e-05,1.6412631832380435,-0.7852961820687759,-1.860591654187268e-05,-0.011834396880358717,-2.9662924583460935e-05,-0.018484480833761068,9.970497705516691e-05,0.015803587521167353,-5.82470717799083e-05,-0.0006821197637234189,-24.232455267940427,-0.001591815665626784,17.723443023893367,0.7394910939244265,1.431527637185535,-0.00024335884441823596,-0.0006821189833983443,-24.232455236533912,-0.0015918153656601793,17.72344308142547,0.7394910921348706,1.4315276285786058,-0.00024335880450496343
1.3709999999999598,1,1,1,4,0.0006222796799098254,4.021923277212734,3.279024337525639,3.5998479246397896,0.5583251140492435,-8.554507624168541e-06,0.43568637426621726,-0.0009057712868588279,-8.625776154290863e-07,-0.0008362083452911509,0.5580257015108488,-9.769049773550969e-06,0.0002994150017292617,0.1919627194561098,0.0,0.0,1.0,-0.003476603528428709,-0.0034769735580382336,0.0,0.0,0.0,-0.003476603528428709,-0.0,-0.0,0.0,-0.0006782789573573807,-0.0006824455978046085,0.0,0.0,0.0,0.055,0.3,0.2993217210426429,0.0,0.0,0.0,4.802400044580554e-06,0,0,0,1,0,0.4992151565952012,0.4992151565952012,0,0,0.19441702170297503,1.4259957859942536,-8.920273964467662e-07,-0.001034543417181207,9.811340897223205e-08,-1.6458042140057465,-3.118217529668972e-05,1.6414194276558887,-0.785296752878343,-1.765989913152934e-05,-0.011515851604415546,-2.855772587346564e-05,-0.01809099985008132,9.569489719333972e-05,0.01547868062004059,-5.6139119660331386e-05,-0.00068513692627157,-24.17409860764159,-0.0017138109478840066,17.67797358789693,0.739477982849164,1.4235941686034885,-0.0002361065232821783,-0.0006851361545219169,-24.174098576594787,-0.0017138106515043783,17.677973644781886,0.7394779810789265,1.4235941600757125,-0.00023610648348059365
1.3809999999999587,1,1,1,4,0.0006154930818367535,4.118053704103316,3.3845615427118925,3.6871409746764887,0.5583162169964899,-8.562672506120452e-06,0.43567791183591636,-0.0008766496832039256,-7.815146505334725e-07,-0.0008543301395092046,0.5580257015108488,-9.769049773550969e-06,0.00029051799039539786,0.18693847060043278,0.0,0.0,1.0,-0.0036228715163533214,-0.0036233321989539565,0.0,0.0,0.0,-0.0036228715163533214,-0.0,-0.0,0.0,-0.0007138510808522296,-0.0007180219095780047,0.0,0.0,0.0,0.055,0.3,0.299286148919148,0.0,0.0,0.0,4.680514780743441e-06,0,0,0,1,0,0.4992349518137127,0.4992349518137127,0,0,0.19308296032249928,1.4258170131525212,-1.0637251253667043e-06,-0.0011479764459966602,-1.8161531766574666e-07,-1.645982986847479,-3.024645155636513e-05,1.641572452738993,-0.7852973030594215,-1.677823287265164e-05,-0.01120300216656662,-2.7501596641513467e-05,-0.01770330431494588,9.186197096579593e-05,0.015159174772800245,-5.4113265418368716e-05,-0.0006877106953416222,-24.117259380269406,-0.001832165537014274,17.633642202965962,0.7394651507143534,1.4158537008298788,-0.00022919602388508969,-0.0006877099319860236,-24.11725934957342,-0.0018321652441108827,17.6336422592189,0.7394651489630355,1.4158536923806297,-0.00022919598420751309
1.3909999999999576,1,1,1,4,0.0006084844671182801,4.211633337480169,3.488681747084211,3.7726035393759307,0.5583076088838195,-8.570115578796089e-06,0.4356692735946888,-0.0008479500826253694,-7.164284396851757e-07,-0.000871456247500589,0.5580257015108488,-9.769049773550969e-06,0.00028190992245467726,0.1820527134115433,0.0,0.0,1.0,-0.003766750092015266,-0.0037673136101242224,0.0,0.0,0.0,-0.003766750092015266,-0.0,-0.0,0.0,-0.0007508734545570394,-0.0007550494462070178,0.0,0.0,0.0,0.055,0.3,0.2992491265454432,0.0,0.0,0.0,4.551637554107302e-06,0,0,0,1,0,0.4992558446029818,0.4992558446029818,0,0,0.1948749995790422,1.4256420848270297,-1.226948401781199e-06,-0.001258313567465247,-4.510447709659374e-07,-1.6461579151729704,-2.9348106791180463e-05,1.641722312284483,-0.785297833434265,-1.595837960714151e-05,-0.010896114224923092,-2.6492831251352937e-05,-0.017321523867538668,8.820097393608596e-05,0.014845029380328171,-5.216958402986546e-05,-0.0006897916948415181,-24.062006805557246,-0.0019468890314291334,17.59051265644617,0.7394525935133874,1.408317226295645,-0.0002226039715349204,-0.0006897909396702804,-24.062006775202146,-0.001946888741883109,17.59051271208413,0.73945259178052,1.408317217923847,-0.00022260393199064453
1.4009999999999565,1,1,1,4,0.0006012652438413249,4.302526425742006,3.591224560576233,3.856103841657799,0.5582992851621217,-8.576990648683749e-06,0.4356604699052876,-0.0008197312158437274,-6.662229069721628e-07,-0.0008875143406225186,0.5580257015108488,-9.769049773550969e-06,0.00027358624828147603,0.17730232542064978,0.0,0.0,1.0,-0.003907385665395478,-0.003908062872614762,0.0,0.0,0.0,-0.003907385665395478,-0.0,-0.0,0.0,-0.0007893174732306802,-0.0007934997169376709,0.0,0.0,0.0,0.055,0.3,0.29921068252676963,0.0,0.0,0.0,4.415873433282402e-06,0,0,0,1,0,0.4992778271651741,0.4992778271651741,0,0,0.19024999346584082,1.425470941298622,-1.3822998919918993e-06,-0.00136561565874927,-7.10638073843435e-07,-1.6463290587013781,-2.8485454212946635e-05,1.6418690596204242,-0.7852983448205507,-1.5197488459546841e-05,-0.010595411204852684,-2.5529489277878777e-05,-0.01694575742664333,8.470590049587165e-05,0.014536192597737618,-5.030721427344857e-05,-0.0006913416916222335,-24.008408418380817,-0.0020580045188089767,17.548647341896533,0.739440313550557,1.400995681815403,-0.00021630885113595562,-0.0006913409444111516,-24.008408388356248,-0.002058004232497914,17.548647396937618,0.7394403118356359,1.4009956735196971,-0.00021630881173203566
1.4109999999999554,1,1,1,4,0.0005938475038031179,4.390601112247172,3.692033134468584,3.937513130108199,0.558291240735975,-8.583440139493739e-06,0.4356515118028117,-0.00079204443715436,-6.297296112150489e-07,-0.0009024412484196899,0.5580257015108488,-9.769049773550969e-06,0.00026554187193513336,0.17268414912109825,0.0,0.0,1.0,-0.0040439472435963505,-0.004044747691119923,0.0,0.0,0.0,-0.0040439472435963505,-0.0,-0.0,0.0,-0.0008291461154714406,-0.00083333580172568,0.0,0.0,0.0,0.055,0.3,0.2991708538845289,0.0,0.0,0.0,4.2733487307300295e-06,0,0,0,1,0,0.4993008870396167,0.4993008870396167,0,0,0.191833998542279,1.4253035220151298,-1.5303524884218601e-06,-0.001469945615405942,-9.608380512359622e-07,-1.6464964779848703,-2.765687012214957e-05,1.6420127475016029,-0.7852988380231443,-1.4492491851538784e-05,-0.010301077787043221,-2.460947921722207e-05,-0.016576075932107404,8.137022976897776e-05,0.014232602840481001,-4.852455938418108e-05,-0.000692332644210697,-23.956529932171176,-0.0021655472295658805,17.508107121853694,0.7394283172378548,1.3938999002865178,-0.00021029088105411307,-0.0006923319054214202,-23.956529902492914,-0.0021655469465852346,17.50810717626791,0.7394283155418687,1.3938998920726728,-0.00021029084183065273
1.4209999999999543,1,1,1,4,0.0005862439306390235,4.475729589831583,3.7909542182160294,4.016705877505002,0.5582834700345641,-8.589594523889892e-06,0.4356424109066077,-0.0007649342380126878,-6.057355259735562e-07,-0.0009161823474699643,0.5580257015108488,-9.769049773550969e-06,0.00025777122208082764,0.16819500308523766,0.0,0.0,1.0,-0.004175631949333232,-0.004176563898545823,0.0,0.0,0.0,-0.004175631949333232,-0.0,-0.0,0.0,-0.000870314200034588,-0.0008745126077383881,0.0,0.0,0.0,0.055,0.3,0.29912968579996574,0.0,0.0,0.0,4.12420977342994e-06,0,0,0,1,0,0.49932500744004815,0.49932500744004815,0,0,0.19379198784008622,1.4251397658558458,-1.6716476048065684e-06,-0.0015713679818589324,-1.2020661109103838e-06,-1.6466602341441543,-2.686079782548112e-05,1.6421534280205725,-0.7852993138277186,-1.3840187552863622e-05,-0.010013263127253471,-2.3730627626255043e-05,-0.01621252513088318,7.818714344665613e-05,0.01393419032081789,-4.681946034118896e-05,-0.0006927457575138897,-23.90643510828154,-0.0022695632294922868,17.46895119773471,0.7394166133061337,1.3870405659529885,-0.00020453188420397207,-0.0006927450275266253,-23.906435078962353,-0.002269562949912083,17.468951251497845,0.7394166116298879,1.3870405578258298,-0.00020453184519631141
1.4309999999999532,1,1,1,4,0.0005784677137107,4.557788263913744,3.8878382299610683,4.093559974371726,0.5582759670776105,-8.595572015135879e-06,0.43563317933754964,-0.0007384387334564396,-5.930074968619999e-07,-0.0009286910769136586,0.5580257015108488,-9.769049773550969e-06,0.00025026831792415683,0.16383169202555115,0.0,0.0,1.0,-0.004301670492215403,-0.004302740918128054,0.0,0.0,0.0,-0.004301670492215403,-0.0,-0.0,0.0,-0.0009127686971644997,-0.0009169771807586558,0.0,0.0,0.0,0.055,0.3,0.29908723130283577,0.0,0.0,0.0,3.9686217422201836e-06,0,0,0,1,0,0.4993501675424483,0.4993501675424483,0,0,0.17554202349856496,1.424979611368205,-1.8066942213974572e-06,-0.0016699486127161396,-1.4347217432432581e-06,-1.6468203886317951,-2.6095749610930166e-05,1.6422911525340549,-0.7852997729959669,-1.3237308062751328e-05,-0.009732083833164451,-2.289073533432541e-05,-0.015855128340862657,7.514970150466539e-05,0.013640878576622065,-4.518934405236474e-05,-0.0006925705428653926,-23.858185630772052,-0.0023701081504278257,17.43123698648436,0.7394052113769765,1.3804281727529115,-0.0001990151612194329,-0.0006925698213032785,-23.858185601795828,-0.0023701078740802164,17.4312370396252,0.7394052097196196,1.380428164709158,-0.000199015122423403
1.440999999999952,1,1,1,4,0.0005705324666518677,4.636657921762652,3.9825393398297155,4.1679569172615025,0.55826872553659,-8.601478484581375e-06,0.4356238296396385,-0.0007125901210666269,-5.903134802767844e-07,-0.0009399285454604078,0.5580257015108488,-9.769049773550969e-06,0.00024302683043268803,0.15959101591971434,0.0,0.0,1.0,-0.004421332488517556,-0.004422547078597292,0.0,0.0,0.0,-0.004421332488517556,-0.0,-0.0,0.0,-0.0009564490938876586,-0.0009606690704834107,0.0,0.0,0.0,0.055,0.3,0.2990435509061125,0.0,0.0,0.0,3.8067676849547715e-06,0,0,0,1,0,0.49937634276258347,0.49937634276258347,0,0,0.18450000789016485,1.4248229969772574,-1.9359685582785763e-06,-0.00176575436258956,-1.6591825193956825e-06,-1.6469770030227426,-2.536030717485809e-05,1.6424259716043752,-0.7853002162621687,-1.2680578227154731e-05,-0.009457626714019897,-2.208762229875556e-05,-0.015503889129187496,7.22509807008035e-05,0.013352585948969459,-4.363134863683361e-05,-0.0006918039003833488,-23.81184098639146,-0.0024672459728004963,17.395020003477683,0.7393941208556734,1.374072985492051,-0.00019372536567627212,-0.0006918031868682705,-23.811840957742056,-0.0024672456995189313,17.39502005602507,0.7393941192163479,1.3740729775283118,-0.00019372532708625392
1.450999999999951,1,1,1,4,0.000562452149771935,4.712223906152244,4.0749155650615085,4.239781991480788,0.5582617387915072,-8.607407576351108e-06,0.43561437470516295,-0.0006874151134340821,-5.964407085268767e-07,-0.0009498632012033454,0.5580257015108488,-9.769049773550969e-06,0.00023604013911448203,0.15546977829830624,0.0,0.0,1.0,-0.0045339315304006615,-0.0045352946826843,0.0,0.0,0.0,-0.0045339315304006615,-0.0,-0.0,0.0,-0.0010012878112074042,-0.0010055207476997092,0.0,0.0,0.0,0.055,0.3,0.29899871218879287,0.0,0.0,0.0,3.638847593436472e-06,0,0,0,1,0,0.4994035050027452,0.4994035050027452,0,0,0.19079097546637058,1.4246698611690047,-2.05991426663689e-06,-0.0018588528022717295,-1.875804482454297e-06,-1.6471301388309953,-2.465312084277828e-05,1.6425579349552781,-0.7853006443308927,-1.2166762453690436e-05,-0.00918995132604592,-2.131916256134504e-05,-0.015158793867390144,6.948418133251353e-05,0.013069226983493049,-4.214242803838691e-05,-0.0006904492332237631,-23.76745834968153,-0.002561047864917595,17.360353751050138,0.7393833501061576,1.3679850036113927,-0.00018864838528920636,-0.0006904485273625672,-23.767458321342346,-0.0025610475945324115,17.360353803033906,0.7393833484839711,1.3679849957240333,-0.00018864834689762285
1.46099999999995,1,1,1,4,0.0005542409957932917,4.784376290924646,4.164828875799721,4.308924447971126,0.5582549999834863,-8.613440985123442e-06,0.43560482770292686,-0.0006629353456059382,-6.102109451582108e-07,-0.0009584705410773515,0.5580257015108488,-9.769049773550969e-06,0.0002293013846131869,0.15146479377807726,0.0,0.0,1.0,-0.004638829909775607,-0.004640344733708694,0.0,0.0,0.0,-0.004638829909775607,-0.0,-0.0,0.0,-0.0010472106701656166,-0.0010514580703399295,0.0,0.0,0.0,0.055,0.3,0.2989527893298347,0.0,0.0,0.0,3.465077556125679e-06,0,0,0,1,0,0.4994316228839346,0.4994316228839346,0,0,0.19183300901204348,1.4245201426490233,-2.178943040064419e-06,-0.0019493119593242262,-2.084922839982407e-06,-1.6472798573509768,-2.3972907875650665e-05,1.6426870914412135,-0.785301057875645,-1.1692702610934657e-05,-0.008929092330862051,-2.0583310642185975e-05,-0.014819814130437724,6.684270681476508e-05,0.012790713730118997,-4.0719438193221143e-05,-0.0006885155963882674,-23.72509247297006,-0.002651591081500794,17.327289612597298,0.7393729058634846,1.3621739273413502,-0.00018377122993555643,-0.0006885148977949609,-23.72509244492479,-0.0026515908138462167,17.32728966404673,0.7393729042575589,1.3621739195267375,-0.0001837711917340564
1.4709999999999488,1,1,1,4,0.0005459134386025235,4.853010056689502,4.252145310260765,4.375277674076151,0.5582485020634134,-8.619648873177237e-06,0.43559520200925295,-0.0006391677593028792,-6.30493015577238e-07,-0.0009657328415793735,0.5580257015108488,-9.769049773550969e-06,0.00022280351735438098,0.14757289490954065,0.0,0.0,1.0,-0.004735442911416651,-0.0047371112343179795,0.0,0.0,0.0,-0.004735442911416651,-0.0,-0.0,0.0,-0.0010941374028403247,-0.0010984007945165596,0.0,0.0,0.0,0.055,0.3,0.29890586259715995,0.0,0.0,0.0,3.2856889791211482e-06,0,0,0,1,0,0.49946066196789984,0.49946066196789984,0,0,0.19166601123288274,1.4243737804780627,-2.293435558637652e-06,-0.0020372000812984453,-2.286852879200476e-06,-1.6474262195219374,-2.3318450110036285e-05,1.6428134890289712,-0.7853014575382838,-1.1255347682688166e-05,-0.008675061683204087,-1.9878120598375624e-05,-0.014486908916944,6.432022029139272e-05,0.012516956922401434,-3.9359206843770546e-05,-0.0006860168897894179,-23.684795581214537,-0.002738957928574752,17.29587675199011,0.739362792848342,1.3566491261169478,-0.0001790819263851056,-0.0006860161980599933,-23.684795553446282,-0.0027389576634808863,17.295876802935695,0.7393627912577583,1.3566491183711877,-0.00017908188836338878
1.4809999999999477,1,1,1,4,0.0005374840448614518,4.918025264879553,4.33673509793255,4.438739357930589,0.5582422378368568,-8.626090397664523e-06,0.4355855111416305,-0.0006161249658207503,-6.562128114429769e-07,-0.0009716388965101944,0.5580257015108488,-9.769049773550969e-06,0.00021653934246955783,0.14379093839853294,0.0,0.0,1.0,-0.004823242600525195,-0.004825064981995506,0.0,0.0,0.0,-0.004823242600525195,-0.0,-0.0,0.0,-0.001141982203550732,-0.0011462631258338713,0.0,0.0,0.0,0.055,0.3,0.29885801779644955,0.0,0.0,0.0,3.1009278830857717e-06,0,0,0,1,0,0.4994905849650435,0.4994905849650435,0,0,0.19099999917671084,1.4242307141864983,-2.4037426889874543e-06,-0.002122585419966086,-2.4818910376708208e-06,-1.6475692858135018,-2.2688591140445442e-05,1.6429371747903814,-0.7853018439290544,-1.0851776197476891e-05,-0.008427850663083648,-1.9201758863301914e-05,-0.014160026676147542,6.191068209516463e-05,0.012247867023405499,-3.8058588980794116e-05,-0.0006829710992464381,-23.64661727165574,-0.0028232347967585324,17.266162018182538,0.7393530135491462,1.351419609139019,-0.00017456942116842358,-0.0006829704139823726,-23.646617244147855,-0.002823234534058741,17.266162068654324,0.7393530119729955,1.3514196014582136,-0.0001745693833154192
1.4909999999999466,1,1,1,4,0.000528967448447464,4.979327228563115,4.418472789405231,4.499211646217728,0.5582362000054707,-8.63281432557875e-06,0.4355757686949971,-0.0005938155895019629,-6.863609781082661e-07,-0.0009761837510907267,0.5580257015108488,-9.769049773550969e-06,0.00021050156120337192,0.14011581075144747,0.0,0.0,1.0,-0.004901761042406083,-0.004903736798441973,0.0,0.0,0.0,-0.004901761042406083,-0.0,-0.0,0.0,-0.0011906543148604183,-0.0011949543055873846,0.0,0.0,0.0,0.055,0.3,0.29880934568513984,0.0,0.0,0.0,2.911054273128621e-06,0,0,0,1,0,0.49952135193985625,0.49952135193985625,0,0,0.20287500228732824,1.4240908838696134,-2.5101868734412125e-06,-0.0022055360350808875,-2.6703160729377323e-06,-1.6477091161303867,-2.208223321626613e-05,1.6430581949047078,-0.7853022176271081,-1.047921239285352e-05,-0.008187431766229927,-1.855251187759385e-05,-0.013839107134239888,5.960837147752874e-05,0.011983355130284517,-3.681450975746677e-05,-0.0006793995881345409,-23.610604418283184,-0.0029045112640528137,17.238189854915944,0.7393435681432654,1.3464939979977057,-0.0001702234909596254,-0.0006793989089277647,-23.610604391018743,-0.002904511003578903,17.23818990494454,0.7393435665806183,1.3464939903778077,-0.0001702234532630221
1.5009999999999455,1,1,1,4,0.0005203782877895293,5.0368266784942755,4.497237391415071,4.556601295052152,0.5582303812050544,-8.639859713786416e-06,0.43556598828073695,-0.0005722445935296682,-7.199984994632275e-07,-0.0009793684249166353,0.5580257015108488,-9.769049773550969e-06,0.00020468280897592648,0.13654443338917294,0.0,0.0,1.0,-0.004970592905667871,-0.004972720143659613,0.0,0.0,0.0,-0.004970592905667871,-0.0,-0.0,0.0,-0.0012400586424208477,-0.001244379225907622,0.0,0.0,0.0,0.055,0.3,0.2987599413575794,0.0,0.0,0.0,2.716341630249176e-06,0,0,0,1,0,0.4995529205043352,0.4995529205043352,0,0,0.19808299839496613,1.4239542302657295,-2.6130636505336563e-06,-0.002286119616324442,-2.852390284118489e-06,-1.6478457697342705,-2.1498333993587405e-05,1.6431765946692853,-0.7853025791813864,-1.0135037003590193e-05,-0.007953760465347466,-1.7928789420163457e-05,-0.013524082918462485,5.7407895639444236e-05,0.011723333734357086,-3.5623996609949434e-05,-0.0006753264449147018,-23.576801081127147,-0.002982879271889991,17.212002215480258,0.7393344545267756,1.3418805012795345,-0.00016603466089502305,-0.0006753257713509238,-23.576801054089028,-0.0029828790134732107,17.212002265096682,0.7393344529766873,1.3418804937163775,-0.0001660346233412689
1.5109999999999444,1,1,1,4,0.0005117311462245746,5.090439923042913,4.5729125056795965,4.61081981375504,0.5582247740404533,-8.647256633932986e-06,0.4355561834685354,-0.0005514135896080819,-7.562603965692909e-07,-0.0009811996188960421,0.5580257015108488,-9.769049773550969e-06,0.00019907569028633338,0.1330737672663201,0.0,0.0,1.0,-0.005029397414915702,-0.005031673080163565,0.0,0.0,0.0,-0.005029397414915702,-0.0,-0.0,0.0,-0.001290096392291049,-0.0012944390674928246,0.0,0.0,0.0,0.055,0.3,0.29870990360770927,0.0,0.0,0.0,2.51707656644072e-06,0,0,0,1,0,0.49958524600771237,0.49958524600771237,0,0,0.19941700156778097,1.4238206948191983,-2.7126432577063583e-06,-0.0023644033222075234,-3.028360747001349e-06,-1.6479793051808018,-2.0935903253883817e-05,1.643292418516971,-0.7853029291117787,-9.816793496437579e-06,-0.007726776853511827,-1.7329124454156493e-05,-0.013214880982361543,5.530418874427595e-05,0.011467717337715165,-3.4484202175659336e-05,-0.0006707778836164751,-23.54524842041774,-0.003058432370382823,17.187638482506195,0.7393256684316312,1.3375868910916533,-0.00016199413096089403,-0.000670777215286217,-23.545248393589052,-0.0030584321138572928,17.18763853174109,0.7393256668931677,1.337586883581079,-0.00016199409353586899
1.5209999999999433,1,1,1,4,0.0005030404955334291,5.140089000767178,4.645386470117204,4.66178360130039,0.558219371117436,-8.655026925096795e-06,0.435546367731262,-0.0005313211328603752,-7.943577556985087e-07,-0.0009816894035948507,0.5580257015108488,-9.769049773550969e-06,0.00019367281059182965,0.12970081703077502,0.0,0.0,1.0,-0.005077899633745216,-0.005080319567610127,0.0,0.0,0.0,-0.005077899633745216,-0.0,-0.0,0.0,-0.0013406657241105953,-0.0013450319533111934,0.0,0.0,0.0,0.055,0.3,0.2986593342758898,0.0,0.0,0.0,2.3135587504477673e-06,0,0,0,1,0,0.4996182817198145,0.4996182817198145,0,0,0.19287498435005546,1.4236902197301946,-2.8091722748556254e-06,-0.0024404536348048554,-3.198460531861032e-06,-1.6481097802698055,-2.03939996765939e-05,1.6434057100389914,-0.7853032679104639,-9.522190503674945e-06,-0.007506407179813098,-1.6752170212770153e-05,-0.01291142383960848,5.329250325381956e-05,0.011216422931022199,-3.3392419457034924e-05,-0.0006657817027493743,-23.515984615663754,-0.0031312650370169965,17.16513539279272,0.7393172036053961,1.3336204814492187,-0.00015809370954246552,-0.0006657810392327757,-23.51598458902727,-0.003131264782214834,17.16513544167737,0.7393172020776001,1.3336204739869226,-0.000158093672230902
1.5309999999999422,1,1,1,4,0.0004943206428450189,5.1857018245160535,4.71455250107544,4.709414075221735,0.5582141650717058,-8.66318495913619e-06,0.4355365543930797,-0.0005119630030371295,-8.335782959987894e-07,-0.0009808548883261832,0.5580257015108488,-9.769049773550969e-06,0.0001884668053209576,0.12642263475159732,0.0,0.0,1.0,-0.005115891073513913,-0.005118450082836503,0.0,0.0,0.0,-0.005115891073513913,-0.0,-0.0,0.0,-0.0013916624133921336,-0.001396053611537377,0.0,0.0,0.0,0.055,0.3,0.2986083375866082,0.0,0.0,0.0,2.106101291787042e-06,0,0,0,1,0,0.49965197900900615,0.49965197900900615,0,0,0.19529100973159075,1.4235627479931836,-2.9028752745248865e-06,-0.0025143362292960364,-3.3629098799738448e-06,-1.6482372520068165,-1.9871727730956554e-05,1.6435165120118387,-0.7853035960433654,-9.249101137078175e-06,-0.007292565286208094,-1.6196695164362776e-05,-0.012613630617005437,5.136839561472821e-05,0.010969370340193362,-3.234609057161492e-05,-0.0006603667976547375,-23.48904478971162,-0.0032014720628019532,17.14452696718708,0.7393090520368314,1.3299881084618455,-0.0001543257545363746,-0.00066036613852993,-23.489044763250085,-0.0032014718095558187,17.144527015752843,0.739309050518742,1.3299881010434633,-0.00015432571732216697
1.540999999999941,1,1,1,4,0.0004855856810801742,5.227212316106722,4.7803088352371965,4.753637792780616,0.558209148595168,-8.671738404004806e-06,0.4355267565809636,-0.0004933324728847707,-8.732856816472346e-07,-0.0009787178718824259,0.5580257015108488,-9.769049773550969e-06,0.0001834503661414851,0.1232363232431174,0.0,0.0,1.0,-0.005143229637353289,-0.005145921574362765,0.0,0.0,0.0,-0.005143229637353289,-0.0,-0.0,0.0,-0.0014429805162321173,-0.0014473980410158944,0.0,0.0,0.0,0.055,0.3,0.2985570194837681,0.0,0.0,0.0,1.8950319591229094e-06,0,0,0,1,0,0.4996862875144905,0.4996862875144905,0,0,0.19179197261109948,1.4234382234257854,-2.9939564509817974e-06,-0.002586115857368975,-3.5219173207744632e-06,-1.6483617765742147,-1.9368234733822625e-05,1.6436248664269602,-0.7853039139516664,-8.99555979717395e-06,-0.0070851539534753155,-1.5661576417827116e-05,-0.01232141793977165,4.952770803216397e-05,0.010726482452149346,-3.13428102740863e-05,-0.0006545627286740282,-23.46446093785889,-0.003269148007330686,17.125844445545606,0.7393012042091889,1.3266961122724914,-0.0001506831211678211,-0.0006545620735172593,-23.46446091155501,-0.0032691477554737986,17.12584449382392,0.7393012026998396,1.3266961048936101,-0.00015068308403418486
1.55099999999994,1,1,1,4,0.00047684944310308255,5.264560530749124,4.842558869931767,4.794386564209955,0.5582043144595796,-8.680688974174317e-06,0.435516987179804,-0.0004754205643036151,-9.129177736063014e-07,-0.0009753044770467103,0.5580257015108488,-9.769049773550969e-06,0.00017861626461085494,0.12013903900858236,0.0,0.0,1.0,-0.005159838921843765,-0.0051626567734160324,0.0,0.0,0.0,-0.005159838921843765,-0.0,-0.0,0.0,-0.0014945130299053074,-0.0014989581727072139,0.0,0.0,0.0,0.055,0.3,0.29850548697009494,0.0,0.0,0.0,1.6806959995100253e-06,0,0,0,1,0,0.49972115531347194,0.49972115531347194,0,0,0.1925000105984509,1.423316590689643,-3.0826012061917368e-06,-0.0026558562436153855,-3.6756807167877984e-06,-1.648483409310357,-1.88827081042947e-05,1.6437308145220961,-0.7853042220533363,-8.75975702411651e-06,-0.006884066163132854,-1.5145792053913572e-05,-0.012034700663916367,4.776654779672702e-05,0.01048768533164549,-3.038032532212378e-05,-0.0006483993398079356,-23.442261862096846,-0.0033343867166102602,17.109116226808446,0.7392936493696437,1.323750320690059,-0.00014715911614106815,-0.0006483986881936951,-23.442261835933323,-0.003334386465976351,17.109116274830836,0.7392936478680651,1.3237503133462185,-0.00014715907907054783
1.5609999999999389,1,1,1,4,0.000468125459719442,5.297692770534513,4.901211300646837,4.831597557857737,0.5581996555377085,-8.690033158975159e-06,0.43550725879124097,-0.00045821629272222255,-9.519840062011291e-07,-0.0009706447719544085,0.5580257015108488,-9.769049773550969e-06,0.00017395737333475002,0.11712799482495334,0.0,0.0,1.0,-0.00516570691028847,-0.005168642895132985,0.0,0.0,0.0,-0.00516570691028847,-0.0,-0.0,0.0,-0.0015461525430974757,-0.0015506265208579165,0.0,0.0,0.0,0.055,0.3,0.2984538474569028,0.0,0.0,0.0,1.4634622724463857e-06,0,0,0,1,0,0.4997565290838961,0.4997565290838961,0,0,0.1959170331247151,1.4231977953047354,-3.1689776758101003e-06,-0.0027236199941114976,-3.824388227931743e-06,-1.6486022046952646,-1.841437283277894e-05,1.6438343968132476,-0.7853045207446302,-8.540032871991558e-06,-0.006689186281275551,-1.4648412796639552e-05,-0.011753392471641274,4.6081265376786506e-05,0.01025290824251875,-2.9456530633928328e-05,-0.0006419064297896285,-23.422473110561672,-0.0033972809046847532,17.09436781422994,0.7392863757996253,1.3211560344678712,-0.0001437474578009943,-0.0006419057812873129,-23.42247308452106,-0.0033972806551069447,17.094367862028225,0.7392863743048382,1.3211560271545342,-0.00014374742077538814
1.5709999999999378,1,1,1,4,0.0004594269216228455,5.32656168643893,4.956180254615478,4.865213397068865,0.5581951648221031,-8.6997629208322e-06,0.43549758369633784,-0.00044170689994850096,-9.900620617511477e-07,-0.0009647723820310581,0.5580257015108488,-9.769049773550969e-06,0.00016946668473661683,0.11420046198985301,0.0,0.0,1.0,-0.005160884101425329,-0.005163929773560699,0.0,0.0,0.0,-0.005160884101425329,-0.0,-0.0,0.0,-0.0015977918699260024,-0.0016022958180291701,0.0,0.0,0.0,0.055,0.3,0.29840220813007423,0.0,0.0,0.0,1.2437368992041074e-06,0,0,0,1,0,0.4997923542600109,0.4997923542600109,0,0,0.191457977052778,1.4230817836584102,-3.2532381827801434e-06,-0.0027894685164318016,-3.968219190565032e-06,-1.6487182163415899,-1.7962489171213717e-05,1.6439356531263967,-0.7853048104015392,-8.334869226034627e-06,-0.0065003911694261,-1.4168593374681447e-05,-0.011477406346202318,4.446843226319251e-05,0.010022083587394629,-2.8569463056003298e-05,-0.0006351134680974522,-23.405116922276424,-0.0034579217910885177,17.081621765801362,0.7392793710808336,1.3189180141709616,-0.00014044224152793153,-0.0006351128222783323,-23.405116896341355,-0.003457921542401486,17.0816218134072,0.7392793695918614,1.318918006883586,-0.0001404422045284741
1.5809999999999367,1,1,1,4,0.0004507666453566197,5.35112636843191,5.007385419438091,4.895182248655799,0.5581908354416067,-8.709866356039655e-06,0.4354879738221692,-0.0004258780756206082,-1.0267940027880395e-06,-0.000957724096636607,0.5580257015108488,-9.769049773550969e-06,0.0001651373275703182,0.11135377224863262,0.0,0.0,1.0,-0.005145481125424643,-0.005148627482170725,0.0,0.0,0.0,-0.005145481125424643,-0.0,-0.0,0.0,-0.001649324662382057,-0.0016538596286000118,0.0,0.0,0.0,0.055,0.3,0.2983506753376182,0.0,0.0,0.0,1.0219959966701056e-06,0,0,0,1,0,0.4998285751851974,0.4998285751851974,0,0,0.19195902859792113,1.4229685030102535,-3.335520609996489e-06,-0.0028534619503905664,-4.1073449098119436e-06,-1.6488314969897466,-1.752635054249135e-05,1.6440346226282434,-0.7853050913811673,-8.142881422605813e-06,-0.006317551226760446,-1.370556385998694e-05,-0.011206654942689534,4.2924819343276715e-05,0.009795146780169286,-2.7717293461297464e-05,-0.0006280493563923979,-23.390212177262995,-0.0035163987937153036,17.0708976499033,0.7392726223460624,1.3170404685836357,-0.0001372379099631405,-0.0006280487128220261,-23.39021215141593,-0.0035163985457527603,17.07089769734866,0.7392726208619166,1.3170404613176012,-0.00013723787297045646
1.5909999999999356,1,1,1,4,0.0004421570433198732,5.371352423388267,5.054752165790683,4.921457902821579,0.5581866606757114,-8.720328316328813e-06,0.435478440712354,-0.0004107141672823386,-1.0618820080461033e-06,-0.0009495394747264367,0.5580257015108488,-9.769049773550969e-06,0.00016096258127265282,0.10858531941927355,0.0,0.0,1.0,-0.00511966590513861,-0.005122903497777175,0.0,0.0,0.0,-0.00511966590513861,-0.0,-0.0,0.0,-0.0017006459963818214,-0.0017052129359147003,0.0,0.0,0.0,0.055,0.3,0.2982993540036184,0.0,0.0,0.0,7.988751530923439e-07,0,0,0,1,0,0.4998651352572612,0.4998651352572612,0,0,0.19341695588082075,1.422857901493752,-3.4159496867755584e-06,-0.002915659108845724,-4.2419293662508895e-06,-1.6489420985062482,-1.7105281660408724e-05,1.644131343855362,-0.7853053640230229,-7.962809475803262e-06,-0.006140531367409812,-1.3258621215054006e-05,-0.010941050870744566,4.144737639293561e-05,0.009572036065363857,-2.68983177724518e-05,-0.0006207422302512764,-23.377774352102165,-0.0035727992715058107,17.062212006224332,0.7392661165110256,1.31552704460423,-0.00013412922737699018,-0.0006207415884937821,-23.377774326325568,-0.0035727990241018587,17.06221205354127,0.739266115030715,1.3155270373548842,-0.00013412919037116835
1.6009999999999345,1,1,1,4,0.0004336100977865567,5.3872120406304225,5.098211663365671,4.943999844411978,0.5581826339668783,-8.731130984592864e-06,0.4354689955015121,-0.000396198379040255,-1.09508384314015e-06,-0.0009402604538293977,0.5580257015108488,-9.769049773550969e-06,0.00015693588828194464,0.10589256073237131,0.0,0.0,1.0,-0.0050836604247336,-0.005086979469990188,0.0,0.0,0.0,-0.0050836604247336,-0.0,-0.0,0.0,-0.0017516529272183425,-0.0017562526988472045,0.0,0.0,0.0,0.055,0.3,0.29824834707278186,0.0,0.0,0.0,5.754702809528891e-07,0,0,0,1,0,0.4999019770702129,0.4999019770702129,0,0,0.19229197641834617,1.4227499281155387,-3.4946381866288625e-06,-0.0029761174279336194,-4.3721298400849064e-06,-1.6490500718844614,-1.6698636846495063e-05,1.6442258547413235,-0.7853056286502164,-7.79350916300217e-06,-0.005969191935989462,-1.2827121228778543e-05,-0.01068050690445642,4.003321311216239e-05,0.009352692297880803,-2.611094742301798e-05,-0.0006132192978929056,-23.367815481017313,-0.003627208313024988,17.055578311972052,0.7392598404827803,1.314380818575817,-0.00013111125787667655,-0.000613218657514414,-23.367815455293705,-0.003627208066015113,17.055578359192438,0.7392598390053184,1.314380811338508,-0.00013111122083741018
1.6109999999999334,1,1,1,4,0.0004251373388895743,5.398684045018294,5.137700989287905,4.962773315386936,0.558178748930933,-8.742254405458589e-06,0.435459648893598,-0.0003823129587243321,-1.126208182473863e-06,-0.0009299309664683471,0.5580257015108488,-9.769049773550969e-06,0.0001530508644312166,0.10327301790144254,0.0,0.0,1.0,-0.005037737170097964,-0.005041127660656008,0.0,0.0,0.0,-0.005037737170097964,-0.0,-0.0,0.0,-0.0018022450108408565,-0.001806878374191463,0.0,0.0,0.0,0.055,0.3,0.2981977549891593,0.0,0.0,0.0,3.547730093798965e-07,0,0,0,1,0,0.49993904255190835,0.49993904255190835,0,0,0.19329198403283954,1.4226445327528732,-3.571688036086315e-06,-0.003034892926131986,-4.498097457449672e-06,-1.649155467247127,-1.6305798526643077e-05,1.644318192641458,-0.7853058855705626,-7.633943173068256e-06,-0.0058033895640324925,-1.2410470974378873e-05,-0.01042493613358463,3.8679581981686164e-05,0.009137058695785322,-2.535369965587907e-05,-0.0006055067128767635,-23.360344122551144,-0.003679708567350263,17.05100695340034,0.7392537813420926,1.3136042890051427,-0.00012817934649993692,-0.0006055060734345296,-23.360344096862807,-0.003679708320567897,17.051007000556638,0.7392537798664746,1.313604281775114,-0.00012817930940618727
1.6209999999999323,1,1,1,4,0.00041674982646103167,5.4057539375868995,5.173163228345148,4.977749368414938,0.5581749993656528,-8.753676968293066e-06,0.43545041114400895,-0.0003690393734678892,-1.1551098834257703e-06,-0.0009185965678506674,0.5580257015108488,-9.769049773550969e-06,0.0001493013075328188,0.10072427793956162,0.0,0.0,1.0,-0.004982215305989945,-0.0049856671183439,0.0,0.0,0.0,-0.004982215305989945,-0.0,-0.0,0.0,-0.0018523247880368986,-0.0018569924019353338,0.0,0.0,0.0,0.055,0.3,0.2981476752119633,0.0,0.0,0.0,1.554249836016891e-07,0,0,0,1,0,0.4999762730937749,0.4999762730937749,0,0,0.19241601694375277,1.4225416661498729,-3.647191336118193e-06,-0.003092040171573204,-4.619977664620851e-06,-1.6492583338501272,-1.5926175888374774e-05,1.644408394355049,-0.7853061350775862,-7.483172478613223e-06,-0.005642977969644677,-1.2008121882125467e-05,-0.010174252069000076,3.7383863098467355e-05,0.008925080577623376,-2.4625187986970346e-05,-0.0005976294772473312,-23.35536533189846,-0.003730380113276045,17.04850520267282,0.7392479264983776,1.3131993706210399,-0.0001253291030389638,-0.0005976288383022595,-23.355365306227785,-0.003730379866556389,17.048505249797156,0.7392479250236065,1.3131993633935637,-0.00012532906586952018
1.6309999999999312,1,1,1,4,0.00040845813559522905,5.408413923824725,5.2045475644659325,4.9889049115077,0.5581713792576648,-8.765375843213173e-06,0.43544129204533855,-0.00035635847364142613,-1.1816852993847427e-06,-0.0009063040782571997,0.5580257015108488,-9.769049773550969e-06,0.00014568120427402905,0.0982439937366728,0.0,0.0,1.0,-0.004917456653820678,-0.00492095965193568,0.0,0.0,0.0,-0.004917456653820678,-0.0,-0.0,0.0,-0.0019017982292374388,-0.0019065006511224047,0.0,0.0,0.0,0.055,0.3,0.2980982017707628,0.0,0.0,0.0,1.6510381668269605e-07,0,0,0,1,0,0.49998639031963976,0.49998639031963976,0,0,0.1907499972730875,1.422441279912886,-3.721231299095914e-06,-0.003147612257051304,-4.737910636610105e-06,-1.649358720087114,-1.555920367858741e-05,1.6444964961448651,-0.7853063774514335,-7.340348054193271e-06,-0.0054878087023896216,-1.1619563483860053e-05,-0.009928368713787258,3.614355104238984e-05,0.008716705094453296,-2.3924113077125222e-05,-0.0005896113703322243,-23.352880638953167,-0.0037793003614561465,17.048077200064316,0.7392422638177052,1.313167389726207,-0.00012255638811571135,-0.0005896107314455707,-23.35288061328259,-0.00377930011463517,17.048077247188797,0.7392422623427848,1.313167382496543,-0.0001225563508490457
1.64099999999993,1,1,1,4,0.0004002723457669768,5.406662929722385,5.231809362968751,4.996222743626345,0.5581678827877642,-8.777327370411672e-06,0.4354323009166121,-0.00034425064510945917,-1.2058677038634474e-06,-0.0008931012430912533,0.5580257015108488,-9.769049773550969e-06,0.00014218473553304634,0.09582988441273546,0.0,0.0,1.0,-0.004843861531591208,-0.00484740566500602,0.0,0.0,0.0,-0.004843861531591208,-0.0,-0.0,0.0,-0.0019505751382922643,-0.001955312824634446,0.0,0.0,0.0,0.055,0.3,0.29804942486170793,0.0,0.0,0.0,3.68410852637122e-07,0,0,0,1,0,0.4999490069884738,0.4999490069884738,0,0,0.19208301091566682,1.4223433265052972,-3.7938831052627037e-06,-0.0032016607821851056,-4.852031627034937e-06,-1.649456673494703,-1.5204341121575106e-05,1.644582533754024,-0.7853066129596967,-7.204703028595958e-06,-0.00533773183520763,-1.1244317855497635e-05,-0.009687200609973601,3.49562437427455e-05,0.00851188096538602,-2.32492541949383e-05,-0.0005814749018494148,-23.352888032118184,-0.0038265439877253875,17.049723941508045,0.7392367817237144,1.3135090808012284,-0.0001198573008308938,-0.0005814742625736031,-23.352888006429854,-0.0038265437406368556,17.049723988665342,0.7392367802476298,1.3135090735645374,-0.00011985726344464591
1.650999999999929,1,1,1,4,0.00039220203330816907,5.400506605780972,5.254910243192013,4.999691581204152,0.558164504334777,-8.789507405736868e-06,0.4354234465958125,-0.0003326959498341742,-1.2276228844440836e-06,-0.0008790364130431936,0.5580257015108488,-9.769049773550969e-06,0.00013880628023865623,0.09347973546017643,0.0,0.0,1.0,-0.004761864513976992,-0.004765439909187965,0.0,0.0,0.0,-0.004761864513976992,-0.0,-0.0,0.0,-0.001998569514159398,-0.002003342821825774,0.0,0.0,0.0,0.055,0.3,0.2980014304858408,0.0,0.0,0.0,5.911427301461258e-07,0,0,0,1,0,0.49991163637879965,0.49991163637879965,0,0,0.1925000105984509,1.4222477592419576,-3.865214683400263e-06,-0.00325423584221693,-4.962471266268947e-06,-1.6495522407580425,-1.4861070937815637e-05,1.6446665424202678,-0.7853068418581559,-7.0755453300257e-06,-0.005192596605007975,-1.0881934759147244e-05,-0.00945066286932122,3.3819633249154864e-05,0.008310558223943915,-2.2599461382816574e-05,-0.0005732412845197905,-23.355381947916115,-0.003872182892368868,17.053443271479136,0.739231469273515,1.314224584316165,-0.00011722816781563504,-0.0005732406444141976,-23.35538192219244,-0.003872182644849269,17.0534433187014,0.7392314677952675,1.3142245770676728,-0.00011722813028763163
1.6609999999999279,1,1,1,4,0.00038425624794527404,5.390841373782188,5.2738372069857,5.0,0.5581612384777755,-8.80189156699866e-06,0.43541473741662645,-0.00032167439257536174,-1.2469201704794903e-06,-0.0008641669494663975,0.5580257015108488,-9.769049773550969e-06,0.00013554041758340966,0.09119139950915899,0.0,0.0,1.0,-0.0046725059443476925,-0.004676210395206848,0.0,0.0,0.0,-0.0046725059443476925,-0.0,-0.0,0.0,-0.002045701137594235,-0.002050510685206262,0.0,0.0,0.0,0.055,0.3,0.29795429886240604,0.0,0.0,0.0,6.713144504655399e-07,0,0,0,1,0,0.49989841110515965,0.49989841110515965,0,0,0.19145803526043892,1.4221545322425175,-3.935287853851536e-06,-0.0033053860193126,-5.0693564321419225e-06,-1.6496454677574826,-1.4528895977557957e-05,1.6447485569179472,-0.785307064391781,-6.952449394768513e-06,-0.0050522503235030875,-1.053227018337404e-05,-0.009218690044014297,3.273262800962635e-05,0.008112701911262902,-2.1973808520810766e-05,-0.0005649285489272628,-23.359850172908345,-0.003916284226794187,17.05880023086729,0.7392263118175831,1.3152345314754168,-0.00011466769518639469,-0.0005649279076059453,-23.359850147133546,-0.00391628397868706,17.058800278183437,0.7392263103362744,1.3152345242108363,-0.00011466765749649498
1.6709999999999268,1,1,1,4,0.0003764429649663328,5.381286040606786,5.288920745107777,5.0,0.5581580799908532,-8.814454177449158e-06,0.4354061806669766,-0.00031116688055019475,-1.2635337595525768e-06,-0.0008486496986062237,0.5580257015108488,-9.769049773550969e-06,0.00013238192180587327,0.08896281925617211,0.0,0.0,1.0,-0.004579919320458551,-0.0045837918469862045,0.0,0.0,0.0,-0.004579919320458551,-0.0,-0.0,0.0,-0.002091918749767659,-0.002096766312557758,0.0,0.0,0.0,0.055,0.3,0.29790808125023266,0.0,0.0,0.0,6.360778320427593e-07,0,0,0,1,0,0.49990429125718383,0.49990429125718383,0,0,0.1913749729283154,1.4220635992582429,-4.004170573758724e-06,-0.003355158276292819,-5.1728268068459656e-06,-1.6497364007417572,-1.4207273253302204e-05,1.6448286124366882,-0.7853072808080004,-6.837110978927102e-06,-0.004916520631962444,-1.0198081513718531e-05,-0.008991432041403095,3.1705682522771355e-05,0.007918438544420963,-2.1374019434869156e-05,-0.000556530418254316,-23.3642360875055,-0.0039588878191848965,17.06404101333908,0.7392211841010379,1.316217461346348,-0.00011220033195491933,-0.0005565297757250535,-23.364236061679453,-0.00395888757048227,17.064041060749187,0.7392211826166635,1.3162174540657785,-0.00011220029410548923
1.6809999999999257,1,1,1,4,0.0003687682127988248,5.372180612755035,5.300730729053424,5.0,0.5581550238446394,-8.827167573669403e-06,0.43539778172680743,-0.0003011528351384165,-1.2773611063799093e-06,-0.0008326791281045941,0.5580257015108488,-9.769049773550969e-06,0.00012932576370980434,0.08679206265259962,0.0,0.0,1.0,-0.004485633007989212,-0.00448962307637325,0.0,0.0,0.0,-0.004485633007989212,-0.0,-0.0,0.0,-0.0021372004154221152,-0.002142087387325768,0.0,0.0,0.0,0.055,0.3,0.2978627995845782,0.0,0.0,0.0,6.048734051820612e-07,0,0,0,1,0,0.49990947958174714,0.49990947958174714,0,0,0.19524997333064675,1.4219749118129341,-4.071952065434214e-06,-0.0034035977758968424,-5.273054548483241e-06,-1.649825088187066,-1.3895536479358606e-05,1.644906746006319,-0.7853074913876078,-6.7314322913584186e-06,-0.004785225822224238,-9.88219416996463e-06,-0.008769118921986452,3.0749367662729166e-05,0.007727960837046802,-2.0804114912956567e-05,-0.0005480486589095698,-23.368353970116093,-0.004000039460169717,17.069009627051734,0.7392159194412053,1.3171454874574784,-0.00010983622695825609,-0.0005480480152354919,-23.36835394424133,-0.0040000392108971265,17.06900967455119,0.7392159179539104,1.3171454801617268,-0.00010983618895528044
1.6909999999999246,1,1,1,4,0.000361236237845868,5.363477465735778,5.309763131645602,5.0,0.5581520652280381,-8.840004539376636e-06,0.4353895442308701,-0.0002916095799916043,-1.2885454599105406e-06,-0.0008164135164422376,0.5580257015108488,-9.769049773550969e-06,0.0001263671323838722,0.08467731304386832,0.0,0.0,1.0,-0.004390441938981941,-0.004394508765546076,0.0,0.0,0.0,-0.004390441938981941,-0.0,-0.0,0.0,-0.0021815336579901375,-0.0021864609828690655,0.0,0.0,0.0,0.055,0.3,0.29781846634201015,0.0,0.0,0.0,5.770958671293986e-07,0,0,0,1,0,0.49991407887981776,0.49991407887981776,0,0,0.19362499006092548,1.4218884195661572,-4.1387332403651866e-06,-0.0034507478940149273,-5.3702287477331714e-06,-1.649911580433843,-1.3592959422900389e-05,1.644982996293067,-0.7853076964465474,-6.636041667841565e-06,-0.004658189912734425,-9.585478834554097e-06,-0.008551901800989681,2.9866368982558014e-05,0.007541408394715591,-2.0266919828583014e-05,-0.0005395029012901806,-23.372237437005143,-0.004039802195067483,17.073737108246654,0.7392104365747841,1.3180249472912948,-0.00010756119186065483,-0.000539502256528821,-23.37223741108398,-0.004039801945249231,17.073737155831186,0.7392104350847021,1.3180249399811068,-0.0001075611537096841
1.7009999999999235,1,1,1,4,0.00035384984519451403,5.355135467009085,5.31644148833194,5.0,0.5581491995631066,-8.852940003490957e-06,0.43538147040522346,-0.00028251341561968404,-1.2973436789629995e-06,-0.0007999804228882555,0.5580257015108488,-9.769049773550969e-06,0.00012350145006666754,0.08261685286410671,0.0,0.0,1.0,-0.00429497898810414,-0.004299089740158208,0.0,0.0,0.0,-0.00429497898810414,-0.0,-0.0,0.0,-0.002224913030708118,-0.002229881289655803,0.0,0.0,0.0,0.055,0.3,0.2977750869692922,0.0,0.0,0.0,5.522391549713675e-07,0,0,0,1,0,0.4999181750322168,0.4999181750322168,0,0,0.18620799528434873,1.4218040710399056,-4.204616354057504e-06,-0.0034966502805706067,-5.4645398849792685e-06,-1.6499959289600945,-1.3298818085593077e-05,1.6450574030971539,-0.7853078963183753,-6.5507262648581776e-06,-0.004535243099638271,-9.30756787629258e-06,-0.008339866089434227,2.9054464371834483e-05,0.0073588744379157545,-1.97633317957266e-05,-0.0005309144942486805,-23.375915125480752,-0.004078239793790606,17.07824998407691,0.7392047114549672,1.318861246156737,-0.00010535752389992027,-0.0005309138484498841,-23.375915099515197,-0.004078239543448682,17.07825003174274,0.7392047099622203,1.318861238832769,-0.00010535748560603516
1.7109999999999224,1,1,1,4,0.000346610677341346,5.347119070836917,5.3211274173511836,5.0,0.5581464225107612,-8.865951684352306e-06,0.4353735613424339,-0.00027384040129964344,-1.3040435137016358e-06,-0.0007834823335559683,0.5580257015108488,-9.769049773550969e-06,0.00012072437784471483,0.08060905083601823,0.0,0.0,1.0,-0.004199745824920112,-0.004203874151503084,0.0,0.0,0.0,-0.004199745824920112,-0.0,-0.0,0.0,-0.0022673386710746254,-0.002272348153599944,0.0,0.0,0.0,0.055,0.3,0.29773266132892573,0.0,0.0,0.0,5.298790262034791e-07,0,0,0,1,0,0.499921840025934,0.499921840025934,0,0,0.1955830375663936,1.4217218141995458,-4.269698434745138e-06,-0.003541344922044001,-5.556170396056337e-06,-1.6500781858004543,-1.3012427595539787e-05,1.6451300069330792,-0.785308091336337,-6.474749032925214e-06,-0.004416221883822079,-9.047360763064077e-06,-0.008133044932319023,2.8308609571713737e-05,0.007180413660880393,-1.9292632212960617e-05,-0.0005223022024030166,-23.37941144759151,-0.004115412179592112,17.082570957581865,0.7391987548269282,1.3196590092047142,-0.00010321028590339289,-0.0005223015556100226,-23.37941142158335,-0.004115411928746404,17.082571005325672,0.739198753331622,1.3196590018675485,-0.00010321024747128401
1.7209999999999213,1,1,1,4,0.00033951944171353634,5.339397538284276,5.32412961669458,5.0,0.5581437299700274,-8.879020121539027e-06,0.43536581722614365,-0.000265566898515038,-1.308917767902711e-06,-0.0007670012798125926,0.5580257015108488,-9.769049773550969e-06,0.00011803181490105627,0.07865235185880154,0.0,0.0,1.0,-0.004105137925510438,-0.004109262757468271,0.0,0.0,0.0,-0.004105137925510438,-0.0,-0.0,0.0,-0.0023088151306853134,-0.002313865892729947,0.0,0.0,0.0,0.055,0.3,0.29769118486931495,0.0,0.0,0.0,5.096589575491677e-07,0,0,0,1,0,0.4999251343952744,0.4999251343952744,0,0,0.19458302995190024,1.42164159691406,-4.3340673165179015e-06,-0.003584870204947634,-5.645289310959326e-06,-1.6501584030859402,-1.273316239555066e-05,1.6452008486825858,-0.785308281819949,-6.4070687052594635e-06,-0.004300969140198291,-8.803361450427479e-06,-0.007931430227448856,2.76223124472864e-05,0.007006049029630676,-1.8852986427597867e-05,-0.0005136818789435074,-23.382747228534058,-0.004151374953722557,17.086719486549843,0.7391925974458797,1.320422206512558,-0.00010110836090010882,-0.0005136812311929231,-23.38274720248483,-0.004151374702390665,17.086719534368793,0.7391925959481068,1.3204221991626943,-0.00010110832233392299
1.7309999999999202,1,1,1,4,0.0003325760962938065,5.331944265040018,5.325711557662122,5.0,0.5581411180728734,-8.892128391053213e-06,0.4353582375142143,-0.00025766993870462025,-1.3122022262047913e-06,-0.0007506026155486154,0.5580257015108488,-9.769049773550969e-06,0.00011541989334889519,0.0767452689460138,0.0,0.0,1.0,-0.004011464858564737,-0.004015569428578487,0.0,0.0,0.0,-0.004011464858564737,-0.0,-0.0,0.0,-0.002349350428370304,-0.0023544423395733616,0.0,0.0,0.0,0.055,0.3,0.29765064957163,0.0,0.0,0.0,4.912786557296216e-07,0,0,0,1,0,0.49992810919999897,0.49992810919999897,0,0,0.19116699695587158,1.4215633673174526,-4.397799486060569e-06,-0.003627262979685139,-5.732049608431665e-06,-1.6502366326825475,-1.2460465470179386e-05,1.645269969310203,-0.7853084680663635,-6.346493056123929e-06,-0.004189334131144678,-8.573902554898068e-06,-0.007734981635920211,2.6988529198043645e-05,0.006835777612824348,-1.8441888298830856e-05,-0.0005050670842210072,-23.385940247712536,-0.004186179945286857,17.090712273104995,0.7391862803205316,1.3211542563922452,-9.90439999427578e-05,-0.0005050664355511445,-23.38594022162383,-0.00418617969348664,17.090712320996104,0.7391862788203865,1.3211542490301942,-9.904396124681212e-05
1.740999999999919,1,1,1,4,0.00032578000099483997,5.324736202247042,5.326098063196528,5.0,0.5581385831761053,-8.905261683154092e-06,0.4353508210880034,-0.00025012746228152485,-1.3140881534589902e-06,-0.0007343381059923519,0.5580257015108488,-9.769049773550969e-06,0.0001128849701286176,0.07488637672856227,0.0,0.0,1.0,-0.003918966744485401,-0.00392303778676106,0.0,0.0,0.0,-0.003918966744485401,-0.0,-0.0,0.0,-0.002388955284480082,-0.002394088066661099,0.0,0.0,0.0,0.055,0.3,0.29761104471552025,0.0,0.0,0.0,4.744846533532096e-07,0,0,0,1,0,0.4999308076317619,0.4999308076317619,0,0,0.19129103748127818,1.421487074089468,-4.460959187391529e-06,-0.0036685586242573916,-5.816587359371784e-06,-1.650312925910532,-1.2193850506091266e-05,1.6453374096322508,-0.7853086503456024,-6.291784566853995e-06,-0.0040811724685826025,-8.357291452435938e-06,-0.007543633928538598,2.6400234471057646e-05,0.006669575545994053,-1.805649828759937e-05,-0.0004964697471492523,-23.38900569752204,-0.00421987585629993,17.094563678092626,0.7391798483548712,1.321858111027805,-9.701206879729104e-05,-0.0004964690975887502,-23.389005671395115,-0.004219875604045902,17.094563726053675,0.739179846852429,1.3218581036539665,-9.701202997519304e-05
1.750999999999918,1,1,1,4,0.00031913004101827205,5.317753357594182,5.325480932105727,5.0,0.5581361218514124,-8.918406858205838e-06,0.43534356637393784,-0.0002429184640009817,-1.3147231833341719e-06,-0.0007182484530707172,0.5580257015108488,-9.769049773550969e-06,0.00011042361705510993,0.07307430615711082,0.0,0.0,1.0,-0.003827827612637591,-0.003831854709367002,0.0,0.0,0.0,-0.003827827612637591,-0.0,-0.0,0.0,-0.0024276425021660004,-0.0024328157606365356,0.0,0.0,0.0,0.055,0.3,0.29757235749783434,0.0,0.0,0.0,4.590625751218176e-07,0,0,0,1,0,0.49993326632873525,0.49993326632873525,0,0,0.19270903430879116,1.4214126666706264,-4.523598384611317e-06,-0.003708791107334735,-5.8990220167152575e-06,-1.6503873333293737,-1.1932899647346329e-05,1.6454032101311886,-0.7853088288986108,-6.2417316208596925e-06,-0.003976346030727928,-8.151902152473684e-06,-0.00735730295614948,2.585076858877388e-05,0.006507402229959282,-1.7693882159337344e-05,-0.0004879006535469807,-23.391956572536216,-0.004252508768093368,17.09828607204935,0.7391733463133136,1.322536327706721,-9.50093526965674e-05,-0.00048790000312720925,-23.391956546372374,-0.004252508515400598,17.098286120077898,0.7391733448086525,1.3225363203215172,-9.500931375200631e-05
1.7609999999999169,1,1,1,4,0.00031262472732620974,5.31097836569824,5.324023747097961,5.0,0.5581337308743467,-8.931552036533744e-06,0.4353364714424558,-0.00023602307082601007,-1.3142165749594743e-06,-0.000702365359653272,0.5580257015108488,-9.769049773550969e-06,0.0001080326098000536,0.07130774012485452,0.0,0.0,1.0,-0.0037381862427193803,-0.0037421612904641995,0.0,0.0,0.0,-0.0037381862427193803,-0.0,-0.0,0.0,-0.002465426467962344,-0.0024706397169817337,0.0,0.0,0.0,0.055,0.3,0.297534573532038,0.0,0.0,0.0,4.448307585547076e-07,0,0,0,1,0,0.4999355164506063,0.4999355164506063,0,0,0.1912920270115137,1.4213400954239828,-4.585757292193463e-06,-0.0037479930502789,-5.979457406057068e-06,-1.6504599045760173,-1.1677258659795953e-05,1.6454674108081955,-0.7853090039372439,-6.195194642343957e-06,-0.003874722840273116,-7.956229623221704e-06,-0.0071758904843525675,2.5334033416035626e-05,0.006349203860014241,-1.7351170734436724e-05,-0.00047936975635697943,-23.394803999779814,-0.004284122491267928,17.1018901326375,0.7391668163730555,1.323191128269271,-9.303399977050373e-05,-0.00047936910510382473,-23.394803973580157,-0.0042841222381494355,17.101890180731484,0.7391668148662419,1.3231911208730591,-9.303396070681208e-05
1.7709999999999158,1,1,1,4,0.0003062622783905058,5.304396118280722,5.3218659846932965,5.0,0.5581314072128065,-8.944686253037342e-06,0.43532953408843444,-0.00022942257173211503,-1.3126463115881677e-06,-0.0006867132164583897,0.5580257015108488,-9.769049773550969e-06,0.00010570891637689673,0.06958540980146109,0.0,0.0,1.0,-0.0036501449643490955,-0.003654061738409883,0.0,0.0,0.0,-0.0036501449643490955,-0.0,-0.0,0.0,-0.002502322749201275,-0.0025075754326514548,0.0,0.0,0.0,0.055,0.3,0.29749767725079906,0.0,0.0,0.0,4.316349777538574e-07,0,0,0,1,0,0.4999375845650038,0.4999375845650038,0,0,0.1913749729283154,1.4212693117538355,-4.6474652619767646e-06,-0.003786195787766737,-6.057983109816725e-06,-1.6505306882461646,-1.1426630728788925e-05,1.6455300510677793,-0.7853091756455151,-6.151134088272839e-06,-0.003776176910855327,-7.76891838111211e-06,-0.006999288092958583,2.4844586812475268e-05,0.0061949163756580316,-1.702566088226332e-05,-0.00047088635112817537,-23.397557519095088,-0.004314758794150687,17.105385096851037,0.7391602967525455,1.3238244488783557,-9.10850997781277e-05,-0.0004708856990632021,-23.397557492860535,-0.0043147585406178406,17.105385145008757,0.739160295243637,1.32382444147144,-9.108506059824167e-05
1.7809999999999147,1,1,1,4,0.0003000406866564822,5.297993445945903,5.319126528063466,5.0,0.5581291480154126,-8.957799184870617e-06,0.4353227518965036,-0.00022309941385993716,-1.3100665248165674e-06,-0.000671310480211582,0.5580257015108488,-9.769049773550969e-06,0.00010344968551895983,0.06790609151784781,0.0,0.0,1.0,-0.0035637767988329913,-0.0035676305976889795,0.0,0.0,0.0,-0.0035637767988329913,-0.0,-0.0,0.0,-0.0025383477700211955,-0.0025436392781789403,0.0,0.0,0.0,0.055,0.3,0.2974616522299791,0.0,0.0,0.0,4.193440657367398e-07,0,0,0,1,0,0.4999394933776333,0.4999394933776333,0,0,0.19091699505224824,1.421200268189792,-4.708741874817616e-06,-0.0038234294267350706,-6.13467603613653e-06,-1.6505997318102081,-1.1180769702105163e-05,1.6455911696290848,-0.785309344181608,-6.108625415953944e-06,-0.0036805880683746742,-7.588773741724819e-06,-0.0068273803068154134,2.437767055658454e-05,0.006044467912457513,-1.6714874280394344e-05,-0.0004624591607088941,-23.4002253212061,-0.004344457547606072,17.108778974973156,0.7391538210590111,1.3244379818095864,-8.916237389267452e-05,-0.00046245850785821805,-23.40022529493775,-0.004344457293671434,17.1087790231926,0.7391538195480725,1.3244379743923134,-8.91623345997924e-05
1.7909999999999136,1,1,1,4,0.0002939577725123701,5.291758844479507,5.315906669281887,5.0,0.5581269506000592,-8.970880952528017e-06,0.4353161222940066,-0.00021703717564736116,-1.3065143950288096e-06,-0.0006561707992034737,0.5580257015108488,-9.769049773550969e-06,0.000101252235231622,0.06626860408146912,0.0,0.0,1.0,-0.0034791312543725264,-0.003482918609551592,0.0,0.0,0.0,-0.0034791312543725264,-0.0,-0.0,0.0,-0.0025735185511560612,-0.00257884823428038,0.0,0.0,0.0,0.055,0.3,0.29742648144884426,0.0,0.0,0.0,4.0784626863602503e-07,0,0,0,1,0,0.4999412623389159,0.4999412623389159,0,0,0.19270897610113025,1.4211329184430932,-4.769598128550831e-06,-0.00385972290342893,-6.209602033601605e-06,-1.650667081556907,-1.0939473302606737e-05,1.6456508044593243,-0.7853095096803056,-6.066864838113149e-06,-0.00358784175320242,-7.414761692488761e-06,-0.006660047096304891,2.3929196010218423e-05,0.005897780828978496,-1.641658655786576e-05,-0.00045409636711544506,-23.4028144499118,-0.004373256820222886,17.112078732165813,0.7391474181055282,1.3250332106394822,-8.726594966277325e-05,-0.0004540957135004148,-23.40281442361057,-0.004373256565897215,17.112078780445287,0.739147416592614,1.3250332032121408,-8.726591025978046e-05
1.8009999999999124,1,1,1,4,0.00028801122805824277,5.285682239535034,5.312292674987214,5.0,0.5581248124428237,-8.983921983112701e-06,0.4353096425938774,-0.00021122052474808196,-1.3020161064754622e-06,-0.0006413039322141599,0.5580257015108488,-9.769049773550969e-06,9.911404170237674e-05,0.06467180642936021,0.0,0.0,1.0,-0.0033962390272284895,-0.003399957466639603,0.0,0.0,0.0,-0.0033962390272284895,-0.0,-0.0,0.0,-0.0026078525014723154,-0.0026132196807934875,0.0,0.0,0.0,0.055,0.3,0.29739214749852805,0.0,0.0,0.0,3.9704620717515247e-07,0,0,0,1,0,0.49994290814815745,0.49994290814815745,0,0,0.19183300901204348,1.4210672174408623,-4.8300376464123305e-06,-0.0038951040383921596,-6.282817462348634e-06,-1.6507327825591378,-1.0702576635891944e-05,1.6457089927254456,-0.7853096722555917,-6.0251686988786985e-06,-0.0034978288086572606,-7.246001591855154e-06,-0.006497165862083353,2.349570427278355e-05,0.005754773373111566,-1.6128836167767756e-05,-0.0004458056121558767,-23.405330973841945,-0.004401192942766228,17.11529044265173,0.7391411120259169,1.325611439950214,-8.539620000683035e-05,-0.0004458049577932749,-23.405330947508556,-0.004401192688058705,17.11529049098993,0.7391411105110718,1.3256114325130417,-8.539616049617651e-05
1.8109999999999113,1,1,1,4,0.0002821986525446676,5.279754784416061,5.30835797877815,5.0,0.5581227311673507,-8.996912928222342e-06,0.43530331002928446,-0.00020563516642977737,-1.2965917035925636e-06,-0.0006267164984278862,0.5580257015108488,-9.769049773550969e-06,9.703272868558213e-05,0.06311459555036121,0.0,0.0,1.0,-0.003315115813808354,-0.0033187636687596047,0.0,0.0,0.0,-0.003315115813808354,-0.0,-0.0,0.0,-0.002641367251475546,-0.0026467712280650317,0.0,0.0,0.0,0.055,0.3,0.29735863274852486,0.0,0.0,0.0,3.8686233839971233e-07,0,0,0,1,0,0.49994444517331127,0.49994444517331127,0,0,0.19104097736999393,1.421003121342885,-4.890057854205245e-06,-0.003929599589289467,-6.3543706668750195e-06,-1.650796878657115,-1.0469946181566439e-05,1.645765770760746,-0.7853098320032627,-5.982968570590589e-06,-0.0034104452604340287,-7.0817546346616675e-06,-0.006338612998813352,2.3074312248315657e-05,0.00561536104394691,-1.5849919797037628e-05,-0.00043759398791784135,-23.407780132380296,-0.004428300561292067,17.11841942067534,0.7391349225661126,1.3261738204701072,-8.355362919156684e-05,-0.0004375933328295057,-23.4077801060157,-0.00442830030621319,17.118419469070552,0.7391349210493909,1.326173813023394,-8.35535895761158e-05
1.8209999999999102,1,1,1,4,0.00027651758101512793,5.2739686863850785,5.304165054507761,5.0,0.5581207045347886,-9.009844624284177e-06,0.4352971217815611,-0.00020026778656671545,-1.2902588536037442e-06,-0.000612412589136214,0.5580257015108488,-9.769049773550969e-06,9.500605743924946e-05,0.061595904622090414,0.0,0.0,1.0,-0.003235765400181635,-0.0032393416480898116,0.0,0.0,0.0,-0.003235765400181635,-0.0,-0.0,0.0,-0.0026740805208403644,-0.002679520582753148,0.0,0.0,0.0,0.055,0.3,0.29732591947916004,0.0,0.0,0.0,3.7722482493772e-07,0,0,0,1,0,0.4999458858029435,0.4999458858029435,0,0,0.19525003153830767,1.420940587544704,-4.9496510923243665e-06,-0.003963235301491977,-6.424303320003764e-06,-1.650859412455296,-1.024147436423604e-05,1.6458211740436604,-0.7853099890034431,-5.939803619080681e-06,-0.0033255920909854705,-6.921410112275692e-06,-0.006184265116123396,2.266265229428605e-05,0.00547945769782303,-1.55783792003313e-05,-0.0004294680208229922,-23.41016645965532,-0.004454612681490704,17.121470331773008,0.7391288654746394,1.326721370398931,-8.173879373395695e-05,-0.0004294673650229869,-23.410166433260066,-0.0044546124260484024,17.121470380224114,0.7391288639560787,1.3267213629428707,-8.173875401595523e-05
1.8309999999999091,1,1,1,4,0.0002709655074006048,5.268317057531126,5.299767016812625,5.0,0.5581187304343067,-9.022708084618704e-06,0.43529107500265674,-0.00019510599217136196,-1.2830356085822547e-06,-0.0005983942664354256,0.5580257015108488,-9.769049773550969e-06,9.303191724158515e-05,0.06011470132352757,0.0,0.0,1.0,-0.003158182164296845,-0.0031616863005532172,0.0,0.0,0.0,-0.003158182164296845,-0.0,-0.0,0.0,-0.002706010013504939,-0.0027114854415141894,0.0,0.0,0.0,0.055,0.3,0.2972939899864954,0.0,0.0,0.0,3.680737500832764e-07,0,0,0,1,0,0.49994724074156793,0.49994724074156793,0,0,0.19049999536946416,1.4208795746700746,-5.008805641834529e-06,-0.0039960359563946885,-6.492651623959224e-06,-1.6509204253299254,-1.0017074738962131e-05,1.6458752371863998,-0.7853101433229392,-5.8953113673058835e-06,-0.0032431750121922915,-6.764470841311498e-06,-0.006033999981253678,2.225881047707686e-05,0.005346976440302389,-1.5312982933001944e-05,-0.00042143366166636414,-23.412493889900553,-0.004480160716169332,17.12444728734945,0.7391229529341428,1.3272549935361753,-7.995224838572058e-05,-0.0004214330051749112,-23.412493863475536,-0.0044801604603732816,17.12444733585489,0.7391229514137936,1.3272549860710336,-7.99522085677195e-05
1.840999999999908,1,1,1,4,0.0002655399030941632,5.26279378679725,5.295208988506516,5.0,0.5581168068742164,-9.035494514744386e-06,0.4352851668331258,-0.00019013825153537414,-1.2749423019590042e-06,-0.000584661969546434,0.5580257015108488,-9.769049773550969e-06,9.110831651199e-05,0.05866998629071839,0.0,0.0,1.0,-0.0030823531008733964,-0.0030857850345269713,0.0,0.0,0.0,-0.0030823531008733964,-0.0,-0.0,0.0,-0.002737173335080802,-0.0027426834072661636,0.0,0.0,0.0,0.055,0.3,0.29726282666491954,0.0,0.0,0.0,3.5935761511103346e-07,0,0,0,1,0,0.4999485192570641,0.4999485192570641,0,0,0.19533297745510936,1.420820042555279,-5.067506653297839e-06,-0.00402802541746429,-6.5594473655481845e-06,-1.650979957444721,-9.796677786343298e-06,1.645927993931504,-0.7853102950173927,-5.849217673072949e-06,-0.003163104239068564,-6.61053866708213e-06,-0.005887697236437357,2.1861266617664964e-05,0.0052178303397666485,-1.5052705428419737e-05,-0.0004134962801754598,-23.41476584699271,-0.00450497453396024,17.127353925081707,0.7391171940016615,1.3277754947247036,-7.819451050050327e-05,-0.0004134956230060291,-23.414765820538513,-0.0045049742778178765,17.127353973640414,0.7391171924795592,1.3277754872506649,-7.819447058465693e-05
1.850999999999907,1,1,1,4,0.0002602382318366561,5.25739343020392,5.290529268729779,5.0,0.5581149319736818,-9.048195341035545e-06,0.4352793944164799,-0.00018535383540973962,-1.2660027283827784e-06,-0.0005712148456372034,0.5580257015108488,-9.769049773550969e-06,8.92333745214903e-05,0.05726079169318661,0.0,0.0,1.0,-0.003008259458381757,-0.0030116194272707814,0.0,0.0,0.0,-0.003008259458381757,-0.0,-0.0,0.0,-0.0027675879283117176,-0.002773131923714644,0.0,0.0,0.0,0.055,0.3,0.29723241207168866,0.0,0.0,0.0,3.5103207261556615e-07,0,0,0,1,0,0.499949729391006,0.499949729391006,0,0,0.2020830288529396,1.4207619522272943,-5.125736973847346e-06,-0.004059226674040273,-6.624718829583405e-06,-1.6510380477727058,-9.580227287950726e-06,1.645979477154689,-0.7853104441332197,-5.801326500541932e-06,-0.003085294266713245,-6.459300616784115e-06,-0.0057452389345851165,2.146883803840139e-05,0.00509193299294655,-1.4796705090676406e-05,-0.0004056606664169233,-23.41698532054067,-0.004529082511632751,17.130193477300544,0.7391115950343733,1.3282835930325365,-7.646603761695816e-05,-0.0004056600085849979,-23.41698529405795,-0.004529082255152034,17.130193525911313,0.7391115935105557,1.328283585549808,-7.646599760546275e-05
1.8609999999999058,1,1,1,4,0.0002550579616046591,5.252111116733524,5.28576033083345,5.0,0.55811310395501,-9.060802250679145e-06,0.43527375491058423,-0.00018074276017929233,-1.2562447522363902e-06,-0.0005580510189586057,0.5580257015108488,-9.769049773550969e-06,8.740531368228981e-05,0.055886179911294256,0.0,0.0,1.0,-0.0029358780608267575,-0.002939166562590598,0.0,0.0,0.0,-0.0029358780608267575,-0.0,-0.0,0.0,-0.0027972710231147866,-0.00280284822463519,0.0,0.0,0.0,0.055,0.3,0.2972027289768855,0.0,0.0,0.0,3.4305886142585063e-07,0,0,0,1,0,0.499950878134539,0.499950878134539,0,0,0.19104202510789037,1.4207052658774373,-5.183477872774963e-06,-0.004089661882931673,-6.6884915790831715e-06,-1.6510947341225628,-9.367677238813825e-06,1.64602971887266,-0.7853105907093302,-5.751509886303783e-06,-0.0030096636522396413,-6.310516043601384e-06,-0.005606509928979413,2.108062804835472e-05,0.004969198968016274,-1.4544302541953722e-05,-0.0003979310402488311,-23.419154930548952,-0.004552511591118444,17.132968829156287,0.7391061600873454,1.3287799330243513,-7.476721431789747e-05,-0.0003979303817728415,-23.41915490403848,-0.004552511334308116,17.132968877817714,0.7391061585618602,1.328779925533166,-7.476717421312564e-05
1.8709999999999047,1,1,1,4,0.00024999657405069733,5.246942467677977,5.280929674775241,5.0,0.5581113211364952,-9.073307232461581e-06,0.43526824549664456,-0.00017629573364117294,-1.245700477395587e-06,-0.0005451678095929795,0.5580257015108488,-9.769049773550969e-06,8.562245239132358e-05,0.054545242301431256,0.0,0.0,1.0,-0.0028651823734792987,-0.0028684001095353098,0.0,0.0,0.0,-0.0028651823734792987,-0.0,-0.0,0.0,-0.002826239598387217,-0.002831849295063714,0.0,0.0,0.0,0.055,0.3,0.29717376040161303,0.0,0.0,0.0,3.354049011310349e-07,0,0,0,1,0,0.4999519715780518,0.4999519715780518,0,0,0.19004102796316147,1.4206499468317706,-5.240709669155554e-06,-0.004119352407866915,-6.7507891132548345e-06,-1.6511500531682295,-9.158989246670199e-06,1.6460787502547853,-0.7853107347786346,-5.699698369571623e-06,-0.0029361348030269236,-6.164004941618422e-06,-0.005471398146222659,2.0695979624485102e-05,0.004849544146866617,-1.4294959756396413e-05,-0.0003903110652384321,-23.421276982368212,-0.0045752873378491375,17.13568256811224,0.7391008912775432,1.329265094419587,-7.309834622606069e-05,-0.0003903104061302083,-23.421276955830486,-0.004575287080715798,17.135682616823374,0.7391008897504208,1.3292650869201084,-7.309830602990632e-05
1.8809999999999036,1,1,1,4,0.0002450515719585591,5.241883527550411,5.276060555208685,5.0,0.55810958192579,-9.085702619073163e-06,0.43526286338624226,-0.00017200410374731273,-1.2344060941082606e-06,-0.0005325619110568223,0.5580257015108488,-9.769049773550969e-06,8.388319840127464e-05,0.05323709803723789,0.0,0.0,1.0,-0.0027961433606717213,-0.0027992911907682235,0.0,0.0,0.0,-0.0027961433606717213,-0.0,-0.0,0.0,-0.0028545103532910394,-0.0028601518420809063,0.0,0.0,0.0,0.055,0.3,0.2971454896467092,0.0,0.0,0.0,3.2804153047729693e-07,0,0,0,1,0,0.499953015039585,0.499953015039585,0,0,0.19108300330117345,1.4205959595193138,-5.297412267158094e-06,-0.004148318856865724,-6.811633415430694e-06,-1.6512040404806863,-8.954130365362248e-06,1.646126601637719,-0.7853108763693488,-5.645872057221602e-06,-0.0028646337722821012,-6.019637501707189e-06,-0.00533979476630739,2.031443436195002e-05,0.00473288598467404,-1.4048260532486583e-05,-0.00038280387044204475,-23.42335351338962,-0.004597434003990548,17.1383370260678,0.7390957891091334,1.3297396003777306,-7.145965801257044e-05,-0.0003828032107111876,-23.42335348682507,-0.004597433746540048,17.13833707482787,0.7390957875803978,1.329739592870092,-7.145961772678836e-05
1.8909999999999025,1,1,1,4,0.0002402204850825698,5.236930704934487,5.271172603370795,5.0,0.5581078848137706,-9.09798112560405e-06,0.43525760582678286,-0.0001678598104890139,-1.2224014999950903e-06,-0.0005202295343167704,0.5580257015108488,-9.769049773550969e-06,8.218604268523628e-05,0.051960893017662,0.0,0.0,1.0,-0.0027287301747846186,-0.00273180908018504,0.0,0.0,0.0,-0.0027287301747846186,-0.0,-0.0,0.0,-0.002882099686158289,-0.00288777227331187,0.0,0.0,0.0,0.055,0.3,0.297117900313842,0.0,0.0,0.0,3.2094386070004466e-07,0,0,0,1,0,0.4999540131714819,0.4999540131714819,0,0,0.1926249824464321,1.4205432694388687,-5.353565605976358e-06,-0.0041765811176101815,-6.871045403387983e-06,-1.6512567305611314,-8.75307131049322e-06,1.646173302542243,-0.7853110155061119,-5.59005242087596e-06,-0.0027950900626076878,-5.8773249038015675e-06,-0.005211594329259854,1.9935696520453084e-05,0.004619143701923077,-1.3803892560705992e-05,-0.0003754120740245676,-23.42538633272017,-0.0046189745906617665,17.140934315219567,0.7390908527623782,1.330203924622623,-6.985129499815056e-05,-0.00037541141368729853,-23.425386306129475,-0.004618974332901893,17.140934364027327,0.7390908512320716,1.3302039171070295,-6.985125462481774e-05
1.9009999999999014,1,1,1,4,0.0002355008746780787,5.232080721867361,5.26628235824324,5.0,0.5581062283688653,-9.110135884658434e-06,0.43525247010566115,-0.00016385534097765545,-1.2097297748446643e-06,-0.0005081665243994826,0.5580257015108488,-9.769049773550969e-06,8.052955376448625e-05,0.0507157988358251,0.0,0.0,1.0,-0.002662910708270857,-0.002665921761975428,0.0,0.0,0.0,-0.002662910708270857,-0.0,-0.0,0.0,-0.0029090236795091258,-0.002914726681615977,0.0,0.0,0.0,0.055,0.3,0.2970909763204911,0.0,0.0,0.0,3.14090226185936e-07,0,0,0,1,0,0.49995497005305367,0.49995497005305367,0,0,0.19225000869482756,1.4204918431251063,-5.4091500319935895e-06,-0.004204158390897809,-6.929045294174671e-06,-1.6513081568748937,-8.555785008005621e-06,1.6462188816917143,-0.7853111522109347,-5.53229487285907e-06,-0.002727436438047292,-5.73701129587057e-06,-0.005086694784194385,1.9559601854790605e-05,0.004508238421530609,-1.3561631191525612e-05,-0.00036813781197368153,-23.427377054892546,-0.0046399309127012085,17.143476358596185,0.7390860803449418,1.3306584975757694,-6.827332677082518e-05,-0.00036813715104323113,-23.42737702827629,-0.00463993065463876,17.143476407450592,0.7390860788130961,1.3306584900523943,-6.827328631190683e-05
1.9109999999999003,1,1,1,4,0.0002308903369647444,5.227330570537855,5.261403720211793,5.0,0.5581046112318179,-9.122160473980733e-06,0.43524745355338257,-0.00015998368768350223,-1.1964365718607666e-06,-0.0004963684546479933,0.5580257015108488,-9.769049773550969e-06,7.891237247209656e-05,0.04950101180176669,0.0,0.0,1.0,-0.0025986520345992106,-0.002601596377303632,0.0,0.0,0.0,-0.0025986520345992106,-0.0,-0.0,0.0,-0.002935298089960044,-0.002941030834729812,0.0,0.0,0.0,0.055,0.3,0.29706470191004014,0.0,0.0,0.0,3.074617187287099e-07,0,0,0,1,0,0.4999558892688232,0.4999558892688232,0,0,0.19262504065409303,1.4204416481144218,-5.464146601036325e-06,-0.00423106922226297,-6.985652894889301e-06,-1.6513583518855783,-8.362245429967823e-06,1.6462633670316313,-0.7853112865039952,-5.472682128187942e-06,-0.002661608744860506,-5.598666880482721e-06,-0.004964997493595355,1.918609083465439e-05,0.004400093261566114,-1.3321324925607741e-05,-0.000360982768207299,-23.42932712850118,-0.004660323662330483,17.145964916069914,0.7390814691099152,1.3311037116462423,-6.672575186691882e-05,-0.00036098210669655814,-23.42932710185989,-0.004660323403972105,17.14596496496998,0.7390814675765638,1.331103704115251,-6.672571132418312e-05
1.9209999999998992,1,1,1,4,0.00022638650573544774,5.222677476263499,5.256548338525115,5.0,0.5581030321108472,-9.134048938752601e-06,0.4352425535458517,-0.00015623830973919003,-1.182569474008022e-06,-0.0004848307027554831,0.5580257015108488,-9.769049773550969e-06,7.733320711161689e-05,0.04831575201526919,0.0,0.0,1.0,-0.002535920759188486,-0.0025387995799152044,0.0,0.0,0.0,-0.002535920759188486,-0.0,-0.0,0.0,-0.0029609383420308253,-0.002966700168860201,0.0,0.0,0.0,0.055,0.3,0.2970390616579694,0.0,0.0,0.0,3.010417911511961e-07,0,0,0,1,0,0.4999567739763604,0.4999567739763604,0,0,0.1943330280482769,1.4203926529109392,-5.5185373184966915e-06,-0.00425733153185462,-7.0408878299813804e-06,-1.651407347089061,-8.172426676015057e-06,1.6463067857499263,-0.7853114184042976,-5.411318334945147e-06,-0.00259754574113952,-5.46228201472102e-06,-0.0048464072032198685,1.8815185826595812e-05,0.004294633392279181,-1.3082882574397038e-05,-0.0003539482061053388,-23.431237860526345,-0.004680172472119292,17.148401606516824,0.7390770156425935,1.331539925798631,-6.520850348177907e-05,-0.00035394754402422326,-23.431237833860457,-0.004680172213470638,17.148401655461758,0.7390770141077619,1.3315399182601562,-6.520846285689528e-05
1.9309999999998981,1,1,1,4,0.0002219870542667082,5.218118865847689,5.251725942209052,5.0,0.5581014897771804,-9.145795808009963e-06,0.4352377675059794,-0.00015261309717254913,-1.1681773518322361e-06,-0.00047354851195159636,0.5580257015108488,-9.769049773550969e-06,7.579082899040902e-05,0.04715926248411492,0.0,0.0,1.0,-0.002474683297447005,-0.0024774978179827574,0.0,0.0,0.0,-0.002474683297447005,-0.0,-0.0,0.0,-0.002985959525047219,-0.0029917497854147846,0.0,0.0,0.0,0.055,0.3,0.297014040474953,0.0,0.0,0.0,2.9481592355510015e-07,0,0,0,1,0,0.49995762696191504,0.49995762696191504,0,0,0.20058295922353864,1.4203448269529726,-5.572305324824395e-06,-0.004282962642658769,-7.094769714657476e-06,-1.6514551730470275,-7.986302263197235e-06,1.646349164297664,-0.7853115479302138,-5.348323937472879e-06,-0.00253518893524057,-5.3278622233009e-06,-0.004730831985987233,1.8446971807017914e-05,0.00419178606462794,-1.2846262004864e-05,-0.0003470350003767889,-23.43311043699118,-0.0046994959762324574,17.150787926706066,0.7390727160194887,1.3319674695070962,-6.372145537374359e-05,-0.0003470343377349093,-23.43311041030116,-0.004699495717299013,17.1507879756951,0.7390727144832024,1.3319674619612654,-6.372141466832922e-05
1.940999999999897,1,1,1,4,0.00021768969666871498,5.213652340546981,5.246944622686257,5.0,0.5580999830609297,-9.157396103290952e-06,0.4352330929047492,-0.00014910233791209386,-1.153309748544079e-06,-0.00046251704009898215,0.5580257015108488,-9.769049773550969e-06,7.428406829611748e-05,0.04603080828520723,0.0,0.0,1.0,-0.0024149060938464936,-0.002417657556276048,0.0,0.0,0.0,-0.0024149060938464936,-0.0,-0.0,0.0,-0.0030103763924893673,-0.003016194450212379,0.0,0.0,0.0,0.055,0.3,0.29698962360751086,0.0,0.0,0.0,2.8877133262377123e-07,0,0,0,1,0,0.49995845069171585,0.49995845069171585,0,0,0.19287498435005546,1.420298140580152,-5.62543503346289e-06,-0.004307979307153207,-7.147318282965269e-06,-1.651501859419848,-7.80384459124243e-06,1.6463905284098987,-0.7853116750999167,-5.283831225026509e-06,-0.002474482432906628,-5.195424023435352e-06,-0.00461818316657971,1.8081580187374586e-05,0.004091480616232683,-1.2611460358251682e-05,-0.00034024366963410663,-23.434945940502995,-0.00471831187047147,17.15312526740285,0.739068565942066,1.3323866461792528,-6.226442775121013e-05,-0.0003402430064470181,-23.434945913789456,-0.004718311611260544,17.15312531643478,0.7390685644043635,1.332386638626258,-6.226438696713485e-05
1.950999999999896,1,1,1,4,0.00021349218878499634,5.209275652989344,5.242211075149088,5.0,0.5580985108472799,-9.168845343337023e-06,0.43522852726184674,-0.0001457006873955699,-1.1380163102245694e-06,-0.00045173139895269583,0.5580257015108488,-9.769049773550969e-06,7.281181028438208e-05,0.04492967576476768,0.0,0.0,1.0,-0.0023565557933409756,-0.0023592454500994406,0.0,0.0,0.0,-0.0023565557933409756,-0.0,-0.0,0.0,-0.0030342033632604747,-0.0030400485946412625,0.0,0.0,0.0,0.055,0.3,0.2969657966367397,0.0,0.0,0.0,2.828967285487319e-07,0,0,0,1,0,0.4999592473528327,0.4999592473528327,0,0,0.1948330318555236,1.420252565001389,-5.677912227796348e-06,-0.004332397732480358,-7.19855347813548e-06,-1.651547434998611,-7.625024554289565e-06,1.646430903126489,-0.7853117999317274,-5.217980513068678e-06,-0.002415372792884703,-5.064991464430523e-06,-0.004508375232141633,1.771917536127533e-05,0.003993648459629473,-1.2378505616723671e-05,-0.0003335744074176624,-23.436745365145182,-0.004736636969056315,17.15541492710226,0.7390645608491038,1.332797736129995,-6.083719326133426e-05,-0.00033357374369178826,-23.436745338408436,-0.004736636709572324,17.15541497617657,0.7390645593100028,1.332797728569926,-6.083715240000603e-05
1.9609999999998948,1,1,1,4,0.00020939232873320914,5.204986687463167,5.237530804706205,5.0,0.5580970720729699,-9.180139540756175e-06,0.4352240681459457,-0.00014240314060649938,-1.1223462725352835e-06,-0.0004411866854217212,0.5580257015108488,-9.769049773550969e-06,7.137299175972867e-05,0.043855171775780945,0.0,0.0,1.0,-0.0022995993743255144,-0.00230222848029524,0.0,0.0,0.0,-0.0022995993743255144,-0.0,-0.0,0.0,-0.0030574545244513186,-0.0030633263183358055,0.0,0.0,0.0,0.055,0.3,0.2969425454755489,0.0,0.0,0.0,2.771821081931583e-07,0,0,0,1,0,0.4999600188897626,0.4999600188897626,0,0,0.19175000488758087,1.4202080722637906,-5.7297241231237565e-06,-0.00435623360422176,-7.248495511819893e-06,-1.6515919277362094,-7.449811273889572e-06,1.646470312812716,-0.7853119224443817,-5.150916900184866e-06,-0.002357808890765837,-4.936593290359472e-06,-0.004401325733342527,1.735994361021653e-05,0.003898223056793069,-1.2147449382821202e-05,-0.0003270271131267081,-23.438509629115988,-0.004754487259841048,17.15765812375066,0.7390606960097285,1.3332009991652471,-5.943948254161267e-05,-0.00032702644887445736,-23.438509602356554,-0.00475448700009021,17.157658172866373,0.7390606944692594,1.3332009915982643,-5.9439441604716185e-05
1.9709999999998937,1,1,1,4,0.0002053879571499986,5.200783443104482,5.2329083024455265,5.0,0.5580956657230415,-9.191275196081725e-06,0.43521971317471153,-0.0001392050063669777,-1.1063480096750597e-06,-0.0004308780063343836,0.5580257015108488,-9.769049773550969e-06,6.996659782494619e-05,0.04280662295052141,0.0,0.0,1.0,-0.0022440042506042686,-0.002246574056872525,0.0,0.0,0.0,-0.0022440042506042686,-0.0,-0.0,0.0,-0.0030801436352583646,-0.0030860413930249766,0.0,0.0,0.0,0.055,0.3,0.2969198563647419,0.0,0.0,0.0,2.716185758757477e-07,0,0,0,1,0,0.4999607670354984,0.4999607670354984,0,0,0.2050419570878148,1.4201646352225965,-5.780859399105114e-06,-0.004379502108854889,-7.297164897984605e-06,-1.6516353647774036,-7.278171931507613e-06,1.6465087811795884,-0.7853120426572328,-5.082787544563218e-06,-0.002301741790763704,-4.8102606415342095e-06,-0.004296955179219786,1.7004084044476773e-05,0.003805139883201336,-1.1918360756498896e-05,-0.0003206014211995433,-23.44023958545556,-0.00477187795619802,17.159856004748814,0.7390569666000983,1.3335966768325238,-5.807098950000933e-05,-0.00032060075643488504,-23.440239558674037,-0.00477187769618701,17.15985605390487,0.7390569650582972,1.3335966692587946,-5.8070948489207576e-05
1.9809999999998926,1,1,1,4,0.00020147695721353578,5.196664019551996,5.22834719580577,5.0,0.5580942908278321,-9.202249287636755e-06,0.4352154600145941,-0.00013610188371673213,-1.0900686480150623e-06,-0.0004208004979329124,0.5580257015108488,-9.769049773550969e-06,6.859165887353794e-05,0.04178337500526807,0.0,0.0,1.0,-0.0021897383484286844,-0.0021922500973909262,0.0,0.0,0.0,-0.0021897383484286844,-0.0,-0.0,0.0,-0.0031022841317799423,-0.0031082072672737296,0.0,0.0,0.0,0.055,0.3,0.29689771586822034,0.0,0.0,0.0,2.66198190123285e-07,0,0,0,1,0,0.49996149333886475,0.49996149333886475,0,0,0.19233301281929016,1.4201222275121927,-5.831308207565755e-06,-0.004402217954969823,-7.344582466419519e-06,-1.6516777724878073,-7.110071681816592e-06,1.6465463313037425,-0.7853121605903962,-5.013739403630627e-06,-0.0022471246250917562,-4.6860252177892534e-06,-0.0041951869284541435,1.6651801283188615e-05,0.00371433638407524,-1.1691321176610115e-05,-0.0003142967288990519,-23.44193603114629,-0.0047888235462647775,17.162009655495698,0.739053367765959,1.3339849943830426,-5.673137625725101e-05,-0.00031429606362591073,-23.441936004342868,-0.0047888232859970735,17.162009704691712,0.7390533662228362,1.3339849868026301,-5.6731335173781636e-05
1.9909999999998915,1,1,1,4,0.0001976572544798152,5.19262660470875,5.22385037700784,5.0,0.5580929464601929,-9.21305925627232e-06,0.4352113063804459,-0.00013308964021723193,-1.0735537435229238e-06,-0.0004109493410966681,0.5580257015108488,-9.769049773550969e-06,6.724724780793485e-05,0.04078479207639734,0.0,0.0,1.0,-0.00213677016352395,-0.002139225085075915,0.0,0.0,0.0,-0.00213677016352395,-0.0,-0.0,0.0,-0.003123889132469105,-0.003129837071893073,0.0,0.0,0.0,0.055,0.3,0.29687611086753124,0.0,0.0,0.0,2.6091383674891156e-07,0,0,0,1,0,0.4999621991870873,0.4999621991870873,0,0,0.1937500201165676,1.4200808235182214,-5.881062159996162e-06,-0.0044243953933198405,-7.390769360099395e-06,-1.6517191764817787,-6.9454736308344665e-06,1.6465829856468701,-0.7853122762648496,-4.943917383958043e-06,-0.002193912480587066,-4.5639178356793535e-06,-0.004095947079151691,1.630329961752063e-05,0.00362575192492723,-1.1466420117736933e-05,-0.0003081122224636623,-23.44359971483014,-0.0048053378392775336,17.164120106693737,0.7390498946729136,1.3343661624870589,-5.542027765399443e-05,-0.0003081115566929156,-23.443599688005296,-0.004805337578758773,17.164120155928874,0.739049893128498,1.3343661549001022,-5.5420236499353414e-05
2.0009999999998906,1,1,1,4,0.00019392681657528967,5.188669464314074,5.219420112749708,5.0,0.5580916317329155,-9.223702988353301e-06,0.43520725003500726,-0.00013016439202714176,-1.0568470206683967e-06,-0.0004013197731092504,0.5580257015108488,-9.769049773550969e-06,6.593247746656582e-05,0.03981025608573551,0.0,0.0,1.0,-0.0020850688020971563,-0.0020874681107078876,0.0,0.0,0.0,-0.0020850688020971563,-0.0,-0.0,0.0,-0.003144971444065694,-0.003150943625839056,0.0,0.0,0.0,0.055,0.3,0.29685502855593465,0.0,0.0,0.0,2.557591162537375e-07,0,0,0,1,0,0.49996288582600634,0.49996288582600634,0,0,0.1912919688038528,1.42004039835079,-5.930114298572691e-06,-0.0044460482357765,-7.435747019992576e-06,-1.65175960164921,-6.784338865365605e-06,1.6466187660746319,-0.7853123897024924,-4.873462851678166e-06,-0.0021420622922340947,-4.443967318137307e-06,-0.003999164358754787,1.5958778426845798e-05,0.0035393277381633777,-1.1243751529880281e-05,-0.00030204690220550354,-23.445231343354813,-0.004821434009784413,17.16618834059208,0.7390465425464511,1.3347403787343395,-5.413730531905924e-05,-0.0003020462359496388,-23.445231316509055,-0.004821433749020672,17.16618838986538,0.7390465410007736,1.3347403711409898,-5.4137264094811436e-05
2.0109999999998895,1,1,1,4,0.00019028365278120265,5.184790933050173,5.215058137900568,5.0,0.5580903457963468,-9.234178796655238e-06,0.4352032887882926,-0.0001273224856062609,-1.0399901683284335e-06,-0.0003919070966336509,0.5580257015108488,-9.769049773550969e-06,6.464649823847124e-05,0.03885916613347893,0.0,0.0,1.0,-0.0020346040090582092,-0.002036948901552942,0.0,0.0,0.0,-0.0020346040090582092,-0.0,-0.0,0.0,-0.00316554356786575,-0.003171539442456946,0.0,0.0,0.0,0.055,0.3,0.29683445643213463,0.0,0.0,0.0,2.507282469721839e-07,0,0,0,1,0,0.49996355437802653,0.49996355437802653,0,0,0.19225000869482756,1.4200009278187804,-5.978459054046104e-06,-0.004467189873256148,-7.479537160344789e-06,-1.6517990721812197,-6.626626522315872e-06,1.6466536938750196,-0.7853125009261743,-4.8025124567504895e-06,-0.0020915327432143617,-4.326199663473331e-06,-0.003904770015284446,1.561842865073079e-05,0.0034550068670973736,-1.1023410931031703e-05,-0.00029609960450054497,-23.44683158732235,-0.004837124637607967,17.168215296331294,0.7390433067035777,1.3351078289494285,-5.288205155620912e-05,-0.0002960989377691822,-23.446831560456125,-0.004837124376604388,17.168215345641993,0.7390433051566625,1.3351078213498078,-5.2882010263798254e-05
2.0209999999998884,1,1,1,4,0.00018672581352876996,5.180989406961982,5.210765735530318,5.0,0.5580890878361817,-9.244485398985656e-06,0.4351994204968977,-0.0001245604809120784,-1.0230226880854463e-06,-0.0003827066864368922,0.5580257015108488,-9.769049773550969e-06,6.338849585679997e-05,0.03793093791725452,0.0,0.0,1.0,-0.0019853461860714814,-0.001987637839986709,0.0,0.0,0.0,-0.0019853461860714814,-0.0,-0.0,0.0,-0.0031856177062152785,-0.0031916367359560646,0.0,0.0,0.0,0.055,0.3,0.2968143822937851,0.0,0.0,0.0,2.4581598692612027e-07,0,0,0,1,0,0.4999642058556,0.4999642058556,0,0,0.1925829565152526,1.4199623884052308,-6.02609219339858e-06,-0.004487833292681149,-7.522161736966297e-06,-1.6518376115947693,-6.472293888309461e-06,1.6466877897761498,-0.7853126099596981,-4.7311972287656215e-06,-0.002042284171126649,-4.210637446866899e-06,-0.003812697710836704,1.528243014288501e-05,0.0033727341084910964,-1.0805493057767345e-05,-0.00029026902360214423,-23.44840108579115,-0.0048524217467516804,17.170201874522718,0.7390401825766857,1.335468688348368,-5.165409260238212e-05,-0.0002902683564011122,-23.44840105890471,-0.0048524214855121895,17.170201923870312,0.7390401810285493,1.3354686807425595,-5.165405124296832e-05
2.0309999999998873,1,1,1,4,0.00018325138982946878,5.177263336994303,5.206543805269448,5.0,0.5580878570714123,-9.25462189541083e-06,0.4351956430632488,-0.00012187513596548863,-1.0059817894225374e-06,-0.0003737139943043003,0.5580257015108488,-9.769049773550969e-06,6.215768934731177e-05,0.03702500317657949,0.0,0.0,1.0,-0.001937266401560353,-0.0019395059739568937,0.0,0.0,0.0,-0.001937266401560353,-0.0,-0.0,0.0,-0.003205205769138697,-0.0032112474280243924,0.0,0.0,0.0,0.055,0.3,0.29679479423086164,0.0,0.0,0.0,2.410175608843465e-07,0,0,0,1,0,0.49996484117625983,0.49996484117625983,0,0,0.19149994477629662,1.4199247572437659,-6.073010759772854e-06,-0.004507991093035643,-7.56364291062089e-06,-1.6518752427562342,-6.321296521615132e-06,1.6467210739634792,-0.7853127168278,-4.659641905978736e-06,-0.001994278480028707,-4.0972994136464895e-06,-0.003722883418005625,1.4950949758322684e-05,0.003292455954492336,-1.0590089998493225e-05,-0.00028455373075644055,-23.44994045026062,-0.004867336840649646,17.172148941174118,0.7390371657315633,1.335823122554273,-5.045299173435742e-05,-0.000284553063095008,-23.449940423354406,-0.004867336579179207,17.1721489905579,0.7390371641822305,1.335823114942394,-5.045295030928827e-05
2.0409999999998862,1,1,1,4,0.00017985851265814225,5.1736112234848015,5.20239292170232,5.0,0.5580866527524271,-9.264587745363026e-06,0.43519195443481484,-0.00011926339266962857,-9.889023263259723e-07,-0.0003649245525022079,0.5580257015108488,-9.769049773550969e-06,6.095332912865403e-05,0.036140809160437076,0.0,0.0,1.0,-0.0018903363943720448,-0.0018925250210159827,0.0,0.0,0.0,-0.0018903363943720448,-0.0,-0.0,0.0,-0.0032243193810311955,-0.0032303831545111516,0.0,0.0,0.0,0.055,0.3,0.29677568061896914,0.0,0.0,0.0,2.3632860287632426e-07,0,0,0,1,0,0.4999654611720292,0.4999654611720292,0,0,0.19216700457036495,1.4198880120960466,-6.119213006808877e-06,-0.004527675500572062,-7.604003007238257e-06,-1.6519119879039534,-6.173588389776927e-06,1.646753566096439,-0.7853128215561163,-4.587964462687753e-06,-0.0019474790579477761,-3.986200229746019e-06,-0.003635265319694623,1.4624140045602249e-05,0.0032141205346418226,-1.0377289736121228e-05,-0.0002789521919560694,-23.451450268045697,-0.004881880935221668,17.174057331060133,0.7390342518803492,1.3361712884954482,-4.9278301903537744e-05,-0.0002789515238451636,-23.451450241120153,-0.004881880673525723,17.174057380479233,0.7390342503298457,1.3361712808776287,-4.927826041424762e-05
2.050999999999885,1,1,1,4,0.00017654535229785686,5.170031611468029,5.198313384248487,5.0,0.5580854741592439,-9.274382743769343e-06,0.43518835260328703,-0.00011672236377593538,-9.718167699765565e-07,-0.0003563339760801602,0.5580257015108488,-9.769049773550969e-06,5.9774695244989896e-05,0.03527781811765837,0.0,0.0,1.0,-0.0018445285724904763,-0.0018466673673267835,0.0,0.0,0.0,-0.0018445285724904763,-0.0,-0.0,0.0,-0.0032429698873594846,-0.0032490552721210265,0.0,0.0,0.0,0.055,0.3,0.2967570301126408,0.0,0.0,0.0,2.3174510316781887e-07,0,0,0,1,0,0.49996606660037357,0.49996606660037357,0,0,0.19304099259898067,1.4198521313302008,-6.164698329200943e-06,-0.00454689838322131,-7.643264476353725e-06,-1.6519478686697993,-6.029122017515611e-06,1.6467852853244935,-0.7853129241711345,-4.516275804415894e-06,-0.001901850699533635,-3.877350359442786e-06,-0.003549783712641304,1.4302138434595053e-05,0.003137677558484602,-1.0167175041779532e-05,-0.00027346278456285493,-23.452931105135967,-0.004896064590016228,17.17592785061777,0.7390314368900942,1.3365133351960685,-4.812956817242032e-05,-0.0002734621160096302,-23.45293107819141,-0.004896064328099006,17.175927900071624,0.7390314353384396,1.3365133275724037,-4.8129526620080916e-05
2.060999999999884,2,1,1,4,0.00017331214955365517,5.165822711647569,5.194235547454454,5.0,0.5580843727423472,-9.283347981160352e-06,0.43518483558469756,-9.963140049816279e-05,-7.700662967686084e-07,-0.00034794446645393644,0.5580850210777458,-9.278252918510013e-06,6.483554185228729e-07,0.03442927050895548,1.1308461824966476e-08,1.1308461824966476e-08,1.0,-0.0017974122810309097,-0.0017994662018558873,0.0,0.0,0.0,-0.0017974122810309097,-0.0,-0.0,0.0,-0.0032611550241842618,-0.0032672599099636225,0.0,0.0,0.0,0.055,0.3,0.29673884497581615,0.0,0.0,0.0,3.089475985155177e-07,0,0,0,1,0,0.49996981588837186,0.49996981588837186,0,0,0.1914160093292594,1.4198171554270138,-6.208558464652138e-06,-0.004565599968738381,-7.680794178188511e-06,-1.6519828445729863,-5.888672224796674e-06,1.6468163689263704,-0.7853130261179148,-4.187412099676279e-06,-0.0018370099942678355,-3.584752121505881e-06,-0.0034486081733082026,1.37438274365598e-05,0.003095775140605827,-1.0296838245466953e-05,4.812125399154949e-05,-23.4469460366638,-0.004593293217862466,17.192623866266388,0.7391814485054939,1.3554347849809116,-4.011888794523342e-05,4.812193090277133e-05,-23.446946009399134,-0.004593292953046464,17.192623916416448,0.7391814469248302,1.3554347771123676,-4.011884442141793e-05
2.070999999999883,2,1,1,4,0.00017016260974364508,5.163234794045643,5.190269381099425,5.0,0.5580835066063967,-9.28949382139222e-06,0.4351814013038088,-7.654176954510347e-05,-4.958550058410819e-07,-0.000339763829854998,0.5580852646503139,-9.278252918510013e-06,1.758079853925113e-06,0.033577533838223955,2.548810298957471e-07,2.548810298957471e-07,1.0,-0.001754864571591247,-0.0017568686486017816,0.0,0.0,0.0,-0.001754864571591247,-0.0,-0.0,0.0,-0.0032788944009194735,-0.0032850195490674097,0.0,0.0,0.0,0.055,0.3,0.29672110559908105,0.0,0.0,0.0,4.5911731688419446e-07,0,0,0,1,0,0.4999256138974426,0.4999256138974426,0,0,0.19299995619803667,1.4197832942274937,-6.247836512813195e-06,-0.004583544659242326,-7.714452222732591e-06,-1.6520167057725064,-5.755529508772178e-06,1.6468471504470248,-0.7853131276016507,-3.7213208521962225e-06,-0.0017598000025573436,-3.1908222742472444e-06,-0.003334800706081535,1.2951811738671765e-05,0.003061467089318101,-9.942506309323395e-06,3.4132994708543925e-05,-23.44790937052385,-0.004625549255498537,17.194295493757984,0.7391787791083677,1.355705230493664,-3.2765953710641055e-05,3.413367210140766e-05,-23.447909343241133,-0.004625548990508494,17.194295543942037,0.7391787775265961,1.3557052226185082,-3.27659101263114e-05
2.080999999999882,2,1,1,4,0.00016709293765496038,5.1605270624291455,5.1864796739193775,5.0,0.5580828540730088,-9.293178837642865e-06,0.43517804773219393,-5.630198722636183e-05,-2.706092180648523e-07,-0.0003317811358736756,0.5580861447906099,-9.278252918510013e-06,3.2907514511296275e-06,0.032727887752949644,1.1350213259032966e-06,1.1350213259032966e-06,1.0,-0.0017133176132681383,-0.0017152749618411169,0.0,0.0,0.0,-0.0017133176132681383,-0.0,-0.0,0.0,-0.0032962136236309074,-0.003302358553147394,0.0,0.0,0.0,0.055,0.3,0.2967037863763696,0.0,0.0,0.0,1.1278359714537576e-06,0,0,0,1,0,0.49981698270361297,0.49981698270361297,0,0,0.19350001821294427,1.4197505780746356,-6.282656767835147e-06,-0.004600720209893706,-7.74432769034613e-06,-1.6520494219253645,-5.630617574900069e-06,1.6468775196499639,-0.7853132234180988,-3.2910558561609533e-06,-0.0016829559068167787,-2.82570310520944e-06,-0.003219709397221648,1.2110024540204637e-05,0.0030155939301255022,-9.265746882150958e-06,2.418463020472321e-05,-23.448590275601003,-0.004652995332086282,17.196800397642733,0.7391770194881476,1.3570427585753122,-2.9629421882184336e-05,2.4185307764748436e-05,-23.448590248324212,-0.004652995067403298,17.19680044782277,0.7391770179061238,1.3570427506919776,-2.9629378193239072e-05
2.0909999999998807,2,1,1,4,0.00016409986465284934,5.15776843868621,5.182831110092292,5.0,0.5580823968770451,-9.294819784426834e-06,0.43517477293791396,-3.709340269665756e-05,-8.156586283487227e-08,-0.0003239881737647211,0.5580880702258041,-9.278252918510013e-06,5.673372947582017e-06,0.03188434936919828,3.0604565201018993e-06,3.0604565201018993e-06,1.0,-0.0016729884925848857,-0.0016749016752408098,0.0,0.0,0.0,-0.0016729884925848857,-0.0,-0.0,0.0,-0.003313123891583774,-0.0033192881498714977,0.0,0.0,0.0,0.055,0.3,0.2966868761084168,0.0,0.0,0.0,1.8562836778855902e-06,0,0,0,1,0,0.4997033276838412,0.4997033276838412,0,0,0.19483297364786267,1.4197190218314586,-6.313334273798481e-06,-0.004617123281364455,-7.77071631427291e-06,-1.6520809781685415,-5.514229369757219e-06,1.6469073949014488,-0.7853133120622585,-2.888484789688429e-06,-0.0016051551276603949,-2.490385232881622e-06,-0.0031028602628508906,1.1252359335643707e-05,0.0029640794303993205,-8.538307920098668e-06,1.5430446557778765e-05,-23.448906805715694,-0.0046784602029378425,17.20017145171976,0.7391759072434144,1.3594935858889026,-2.7650825167677197e-05,1.5431123942462933e-05,-23.44890677847109,-0.00467845993908973,17.200171501853973,0.7391759056621023,1.3594935779959012,-2.7650781332394483e-05
2.1009999999998796,2,1,1,4,0.00016118102644249645,5.15501789291192,5.179301703399134,5.0,0.5580821335135533,-9.294721135714716e-06,0.43517157505742776,-1.7348377616880846e-05,8.142921506001658e-08,-0.00031637910731093806,0.5580914468179861,-9.278252918510013e-06,9.313318992689228e-06,0.031048425138315367,6.437048702087454e-06,6.437048702087454e-06,1.0,-0.0016341238515633271,-0.0016359945906318696,0.0,0.0,0.0,-0.0016341238515633271,-0.0,-0.0,0.0,-0.0033296386937743338,-0.0033358218494284864,0.0,0.0,0.0,0.055,0.3,0.29667036130622626,0.0,0.0,0.0,2.630911794970678e-06,0,0,0,1,0,0.49958402146302183,0.49958402146302183,0,0,0.19574997713789344,1.4196886486315863,-6.340090564045707e-06,-0.004632735650942045,-7.793906069223556e-06,-1.6521113513684138,-5.406442297862854e-06,1.6469367449990746,-0.7853133936280484,-2.5031729162517636e-06,-0.0015247872866937214,-2.182507351837726e-06,-0.0029831635665259195,1.0390487881613253e-05,0.0029113035626834407,-7.85353570097571e-06,6.650401830580839e-06,-23.448789837604465,-0.0047031341230789215,17.204447931608108,0.739175292044068,1.3631116457952508,-2.5661995923837377e-05,6.6510786685863855e-06,-23.448789810420873,-0.004703133860646208,17.20444798165055,0.7391752904645419,1.3631116378912151,-2.5661951900502287e-05
2.1109999999998785,2,1,1,4,0.00015833473713874804,5.152326304921455,5.1758797983015645,5.0,0.5580820770065286,-9.293095909143331e-06,0.4351684522756506,4.298477867545605e-06,2.2678389568258885e-07,-0.0003089498114376509,0.558096676451725,-9.278252918510013e-06,1.4599452741736776e-05,0.030219721305282676,1.1666682441021021e-05,1.1666682441021021e-05,1.0,-0.0015970504459810876,-0.0015988794424589181,0.0,0.0,0.0,-0.0015970504459810876,-0.0,-0.0,0.0,-0.003345774386251247,-0.0033519760195867034,0.0,0.0,0.0,0.055,0.3,0.2966542256137494,0.0,0.0,0.0,3.4502443327879464e-06,0,0,0,1,0,0.49945870059288033,0.49945870059288033,0,0,0.19754201639443636,1.4196594951493984,-6.363031183901479e-06,-0.004647521795946404,-7.814143433731763e-06,-1.6521405048506017,-5.307319457258683e-06,1.646965575666012,-0.7853134687042187,-2.1227091473222552e-06,-0.0014400353694160664,-1.8966161244323549e-06,-0.0028590696850282742,9.518443168030082e-06,0.0028604411038346766,-7.23452367748947e-06,-2.7769320064595534e-06,-23.44818106978601,-0.004727593472436282,17.209673204087657,0.7391751713928882,1.367955641942131,-2.32015818256546e-05,-2.776256147067489e-06,-23.44818104269621,-0.0047275932120694275,17.209673253985702,0.7391751698164122,1.367955634026219,-2.3201537574051948e-05
2.1209999999998774,2,1,1,4,0.00015555981393336384,5.149737873889274,5.172561692764007,5.0,0.5580822531001399,-9.290080527746253e-06,0.4351654028117238,2.9047669691970808e-05,3.6159174786075227e-07,-0.0003016973704907502,0.5581041559325319,-9.278252918510013e-06,2.1902835585482538e-05,0.029396422318607524,1.91461632479594e-05,1.91461632479594e-05,1.0,-0.0015622221698631455,-0.0015640089994659074,0.0,0.0,0.0,-0.0015622221698631455,-0.0,-0.0,0.0,-0.0033615512541582586,-0.003367770946371071,0.0,0.0,0.0,0.055,0.3,0.2966384487458424,0.0,0.0,0.0,4.313402902686089e-06,0,0,0,1,0,0.4993272098919488,0.4993272098919488,0,0,0.21041702711954713,1.419631615496466,-6.382131637685444e-06,-0.004661427196330887,-7.831609073628328e-06,-1.652168384503534,-5.217049515320872e-06,1.6469939190036116,-0.7853135379332096,-1.7337696954089084e-06,-0.0013489406515844514,-1.6254008489631428e-06,-0.002728692529135924,8.61922732189846e-06,0.002813725336010173,-6.675915851966842e-06,-1.3245024864287034e-05,-23.44703146610075,-0.0047521691768162115,17.215892904133064,0.7391756537393713,1.3740867266295664,-2.00823889229949e-05,-1.3244350490277486e-05,-23.447031439142105,-0.004752168919248856,17.21589295382599,0.7391756521674386,1.3740867187017414,-2.0082344405413295e-05
2.1309999999998763,2,1,1,4,0.00015285544126178354,5.147291197342112,5.169349747009921,5.0,0.5580826987735423,-9.285746540581473e-06,0.4351624249090969,5.796342811502086e-05,4.918714239289235e-07,-0.0002946196993535738,0.5581142758992436,-9.278252918510013e-06,3.157712659039422e-05,0.028575666507053468,2.926612995953096e-05,2.926612995953096e-05,1.0,-0.0015302647527607651,-0.0015320078166582553,0.0,0.0,0.0,-0.0015302647527607651,-0.0,-0.0,0.0,-0.003376995030603727,-0.0033832323522099608,0.0,0.0,0.0,0.055,0.3,0.2966230049693969,0.0,0.0,0.0,5.2190929575231245e-06,0,0,0,1,0,0.4991895590958899,0.4991895590958899,0,0,0.19483402138575912,1.4196050840287218,-6.397233984468068e-06,-0.004674377213562408,-7.846405931131473e-06,-1.6521949159712783,-5.136024896558145e-06,1.6470218252494817,-0.7853136018322887,-1.323127241259827e-06,-0.0012494548129192006,-1.3608659823998656e-06,-0.0025899075435730236,7.670427075886323e-06,0.002772653686194676,-6.160936753965099e-06,-2.5053454503986315e-05,-23.445300041800934,-0.004777079140097381,17.22315349082015,0.7391769122029556,1.38156666545679,-1.6230259933004505e-05,-2.5052782214532675e-05,-23.445300015016482,-0.004777078886161914,17.223153540237416,0.7391769106373486,1.3815666575181744,-1.623021511619357e-05
2.1409999999998752,2,1,1,4,0.00015022106562959017,5.145020102191616,5.166250874213761,5.0,0.5580834610033122,-9.280110509818855e-06,0.43515951682886306,9.199558967464297e-05,6.227141606982955e-07,-0.00028771525827547514,0.558127419753308,-9.278252918510013e-06,4.395875003510249e-05,0.02775384172308992,4.240998402403737e-05,4.240998402403737e-05,1.0,-0.001502018561569325,-0.0015037150749938003,0.0,0.0,0.0,-0.001502018561569325,-0.0,-0.0,0.0,-0.0033921388519517763,-0.003398393350953798,0.0,0.0,0.0,0.055,0.3,0.29660786114804877,0.0,0.0,0.0,6.16550307619952e-06,0,0,0,1,0,0.4990458890072307,0.4990458890072307,0,0,0.19474996952340007,1.419579997287099,-6.408052202014597e-06,-0.004686276433121609,-7.858557405310502e-06,-1.652220002712901,-5.064872328959638e-06,1.6470493563350261,-0.7853136607250822,-8.784105223981348e-07,-0.001139481952904432,-1.0951963880210976e-06,-0.0024404298051138545,6.648277450541853e-06,0.0027381483673417513,-5.6688375162113855e-06,-3.8456384315138563e-05,-23.442952913122273,-0.00480247569667996,17.231501098334,0.7391791465693058,1.3904563811829687,-1.1622016135771176e-05,-3.845571483283822e-05,-23.4429528865622,-0.004802475447328779,17.23150114739242,0.7391791450121863,1.3904563732364008,-1.1621970994726863e-05
2.150999999999874,2,1,1,4,0.000147656314183813,5.142954287650454,5.163275332619134,5.0,0.5580845957151717,-9.273142699765977e-06,0.43515667684553294,0.00013199631411721122,7.583850704050752e-07,-0.0002809828394304882,0.5581439626079088,-9.278252918510013e-06,5.936689295705182e-05,0.026926818533901484,5.895283862473378e-05,5.895283862473378e-05,1.0,-0.001478579466132505,-0.0014802254726838547,0.0,0.0,0.0,-0.001478579466132505,-0.0,-0.0,0.0,-0.003407025630655882,-0.003413296820744469,0.0,0.0,0.0,0.055,0.3,0.2965929743693447,0.0,0.0,0.0,7.150353526258527e-06,0,0,0,1,0,0.4988964449712383,0.4988964449712383,0,0,0.19708299078047276,1.419556475246104,-6.414183721134818e-06,-0.00469700838178078,-7.8680124647769e-06,-1.652243524753896,-5.0044505968306785e-06,1.647076580850191,-0.7853137147232291,-3.886099300410523e-07,-0.0010169126367112916,-8.213174492912487e-07,-0.0022778765220353584,5.530344611326736e-06,0.0027106821300227077,-5.178411850329385e-06,-5.367993710448695e-05,-23.439962549224322,-0.0048284624715746755,17.240980617610106,0.7391825563267485,1.4008147942224367,-6.2601378157497555e-06,-5.3679271308238475e-05,-23.439962522947585,-0.004828462227903471,17.240980666210756,0.7391825547807553,1.4008147862731328,-6.260092337791062e-06
2.160999999999873,2,1,1,4,0.0001451609316812921,5.141119824727369,5.160435756383136,5.0,0.5580861668802183,-9.264774900162976e-06,0.435153903244635,0.00017873283801720792,9.024004189351431e-07,-0.00027442140853503453,0.5581642702598046,-9.278252918510013e-06,7.810338074928486e-05,0.02609013458248396,7.92604905206672e-05,7.92604905206672e-05,1.0,-0.0014613374425488535,-0.0014629278456191376,0.0,0.0,0.0,-0.0014613374425488535,-0.0,-0.0,0.0,-0.003421710824657733,-0.0034279981736572373,0.0,0.0,0.0,0.055,0.3,0.29657828917534274,0.0,0.0,0.0,8.170968445129591e-06,0,0,0,1,0,0.4987415559930586,0.4987415559930586,0,0,0.20158401457592845,1.4195346620072102,-6.415124831625227e-06,-0.004706435549434388,-7.874654979423406e-06,-1.6522653379927899,-4.955827544131194e-06,1.6471035701111816,-0.78531376373247,1.5562420165103334e-07,-0.0008796516317250965,-5.332146192737519e-07,-0.0020998172800495516,4.297152659080507e-06,0.002690376940551473,-4.669758603457926e-06,-7.092822426666785e-05,-23.436307179292026,-0.0048551003005649655,17.25163495899937,0.7391873232010151,1.4126978961437358,-1.6148591588178933e-07,-7.092756321169109e-05,-23.436307153367384,-0.004855100063834247,17.251635007025413,0.7391873216693492,1.4126978881998782,-1.6144010476117647e-07
2.170999999999872,2,1,1,4,0.00014273473169976094,5.139539546209251,5.157746376134955,5.0,0.5580882457213144,-9.254907551980356e-06,0.4351511943216522,0.00023289719059796008,1.0575922296792856e-06,-0.0002680299888256948,0.5581886981867071,-9.278252918510013e-06,0.00010045246810545385,0.02523914068400354,0.00010368841742318632,0.00010368841742318632,1.0,-0.001452012421834631,-0.001453541027276822,0.0,0.0,0.0,-0.001452012421834631,-0.0,-0.0,0.0,-0.0034362655781207596,-0.003442568496814288,0.0,0.0,0.0,0.055,0.3,0.2965637344218796,0.0,0.0,0.0,9.224344534922686e-06,0,0,0,1,0,0.49858161820067126,0.49858161820067126,0,0,0.19666703883558512,1.419514726044778,-6.4102881771818335e-06,-0.0047143996597703705,-7.878315247161813e-06,-1.652285273955222,-4.920245179785856e-06,1.64713039509492,-0.7853138074711373,7.618384338645764e-07,-0.0007256406284557514,-2.2608051279475852e-07,-0.0019038146328657032,2.9330567658473143e-06,0.0026770816284332325,-4.125178348910951e-06,-9.03852469552182e-05,-23.43197031832786,-0.004882409335931354,17.26350445778587,0.7391936008449549,1.4261580071585362,6.648321617271218e-06,-9.038459192753881e-05,-23.431970292836585,-0.004882409107599763,17.26350450509768,0.7391935993315374,1.4261579992323656,6.6483677336880325e-06
2.180999999999871,2,1,1,4,0.00014037755890136585,5.138233355713325,5.155222390887609,5.0,0.5580909100033365,-9.243416266795243e-06,0.4351485483819343,0.00029511358471168457,1.22616610276817e-06,-0.000261807577704263,0.5582175905729402,-9.278252918510013e-06,0.00012668057439360226,0.0243691168587787,0.00013258080365624353,0.00013258080365624353,1.0,-0.001452686804154239,-0.0014541463703908889,0.0,0.0,0.0,-0.001452686804154239,-0.0,-0.0,0.0,-0.003450780202808273,-0.0034570980342329403,0.0,0.0,0.0,0.055,0.3,0.296549219797192,0.0,0.0,0.0,1.0307210701435379e-05,0,0,0,1,0,0.49841708161503107,0.49841708161503107,0,0,0.19529199926182628,1.4194968600895246,-6.3990210416797326e-06,-0.004720722145386574,-7.87878231031112e-06,-1.6523031399104755,-4.899079051925351e-06,1.6471571240566527,-0.7853138454948019,1.4357434293152843e-06,-0.0005528769584327391,1.0365453515058404e-07,-0.001687457062210404,1.4266019418730985e-06,0.00267043318309524,-3.529598562967822e-06,-0.00011221534991859816,-23.426940384120673,-0.004910369943942342,17.27662639190301,0.7392015096198483,1.4412431800340288,1.4138060163066077e-05,-0.00011221468914108642,-23.426940358481744,-0.004910369715525467,17.27662643959259,0.7392015080890518,1.4412431719288672,1.4138107811435683e-05
2.1909999999998697,2,1,1,4,0.00013808925988281675,5.137218466843626,5.1528794615415405,5.0,0.5580942433871692,-9.230157793116242e-06,0.4351459637413029,0.0003659440319824025,1.4097552177331537e-06,-0.00025575308864362776,0.5582512793660551,-9.278252918510013e-06,0.00015703598625094772,0.023475364669103688,0.00016626959677108706,0.00016626959677108706,1.0,-0.0014658340203600143,-0.0014672163128663027,0.0,0.0,0.0,-0.0014658340203600143,-0.0,-0.0,0.0,-0.0034653679633907977,-0.003471699972660187,0.0,0.0,0.0,0.055,0.3,0.2965346320366095,0.0,0.0,0.0,1.1416077910534378e-05,0,0,0,1,0,0.49824843973520183,0.49824843973520183,0,0,0.19475002773106098,1.4194812807166908,-6.3806235266283286e-06,-0.004725204791945628,-7.875816138978056e-06,-1.6523187192833093,-4.893796005797773e-06,1.6471838206880365,-0.7853138772235383,2.181256309193679e-06,-0.00035942910992388676,4.583665091074002e-07,-0.0014483858973933176,-2.294551320381883e-07,0.002669905336533461,-2.8707235197588303e-06,-0.00013656317375504277,-23.42121038124279,-0.004938923296946827,17.29103459328704,0.7392111346855569,1.4579967204568443,2.227284206221941e-05,-0.0001365624859873264,-23.421210354399555,-0.0049389230528145015,17.29103464334274,0.7392111330723838,1.4579967118118196,2.2272893506196406e-05
2.2009999999998686,2,1,1,4,0.00013586966069187214,5.136509589476373,5.150733299979236,5.0,0.5580983348321304,-9.214975452759123e-06,0.4351434387271277,0.0004458926104876684,1.6094721917510845e-06,-0.00024986531219538044,0.558290083366985,-9.278252918510013e-06,0.00019174854529545234,0.022553280847959094,0.00020507359770109617,0.00020507359770109617,1.0,-0.0014943425221195673,-0.0014956383718273797,0.0,0.0,0.0,-0.0014943425221195673,-0.0,-0.0,0.0,-0.003480169123701625,-0.0034865144883948905,0.0,0.0,0.0,0.055,0.3,0.29651983087629863,0.0,0.0,0.0,1.2547282332334846e-05,0,0,0,1,0,0.49807622061834045,0.49807622061834045,0,0,0.1982920221053064,1.4194682276932262,-6.354365999181551e-06,-0.004727630522233125,-7.869159098677523e-06,-1.6523317723067739,-4.905913022366672e-06,1.647210542703718,-0.7853139019697007,3.000595311656486e-06,-0.00014344954893979336,8.393280421462736e-07,-0.0011843172634663183,-2.038344672111996e-06,0.0026748470868456866,-2.1390156439283404e-06,-0.00016355354253264244,-23.414777636251422,-0.004967972056170727,17.30675913533579,0.7392225263172527,1.4764568024727611,3.1015436105397224e-05,-0.00016355284447077014,-23.414777609000538,-0.00496797180712364,17.306759186299555,0.7392225246673328,1.4764567935130966,3.101549010490686e-05
2.2109999999998675,2,1,1,4,0.0001337185495271778,5.1361191031342885,5.148799337764134,5.0,0.5581032780352065,-9.197704071095991e-06,0.4351409716797031,0.0005354087067727206,1.8259589552896468e-06,-0.0002441428922519386,0.5583343073562346,-9.278252918510013e-06,0.00023102933506979133,0.021598416107757017,0.00024929758695058264,0.00024929758695058264,1.0,-0.0015415346301831062,-0.0015427339940548123,0.0,0.0,0.0,-0.0015415346301831062,-0.0,-0.0,0.0,-0.003495355205090258,-0.003501713006238521,0.0,0.0,0.0,0.055,0.3,0.29650464479491,0.0,0.0,0.0,1.3697020740703713e-05,0,0,0,1,0,0.49790097987407855,0.49790097987407855,0,0,0.19774999236688018,1.4194579631273054,-6.3195054200011435e-06,-0.004727764296576996,-7.858546372032883e-06,-1.6523420368726947,-4.9369587642949575e-06,1.6472373407691523,-0.7853139189649002,3.894402735680876e-06,9.6814525351535e-05,1.2468219087910681e-06,-0.0008930602239566494,-3.999600680496296e-06,0.0026845135430028,-1.3275745924459569e-06,-0.00019329149344504194,-23.407643577578,-0.00499738127063038,17.323826068883285,0.7392357019118034,1.4966561628609265,4.0327137611100787e-05,-0.00019329080273750113,-23.407643550934036,-0.004997381034212633,17.323826118878696,0.7392357002848926,1.4966561538980432,4.0327192335171365e-05
2.2209999999998664,2,1,1,4,0.00013163566350529645,5.136057184288962,5.147092460040021,5.0,0.5581091708982593,-9.178174419133412e-06,0.4351385609538048,0.0006348894839037708,2.0594347203316827e-06,-0.00023858431402868117,0.5583842412584966,-9.278252918510013e-06,0.00027507037844304435,0.02060652211885234,0.00029923148921261324,0.00029923148921261324,1.0,-0.0016111796826682023,-0.0016122717055910827,0.0,0.0,0.0,-0.0016111796826682023,-0.0,-0.0,0.0,-0.003511133402349231,-0.003517502616034879,0.0,0.0,0.0,0.055,0.3,0.296488866597651,0.0,0.0,0.0,1.486138051217715e-05,0,0,0,1,0,0.49772329498066314,0.49772329498066314,0,0,0.19979197531938553,1.419450770453644,-6.2753003549037055e-06,-0.004725354111373208,-7.843715183533754e-06,-1.652349229546356,-4.988438652229868e-06,1.6472642577028245,-0.785313927385432,4.861883064603714e-06,0.0003630121189173677,1.6802643152277962e-06,-0.0005725318542354181,-6.109438872947762e-06,0.002698090765567866,-4.3195888964426285e-07,-0.0002258622816779242,-23.39981353915857,-0.005026979401773517,17.34225721614044,0.739250648459749,1.518621857519563,5.0168376172991585e-05,-0.0002258616008650832,-23.39981351331484,-0.005026979182081768,17.342257264820557,0.7392506468664006,1.518621848603869,5.0168431361672196e-05
2.2309999999998653,2,1,1,4,0.00012962067858449024,5.1363319106206955,5.145626789698803,5.0,0.5581161150166241,-9.156217183628507e-06,0.4351362049203081,0.0007446817762213951,2.309742237397835e-06,-0.00023318790050356808,0.5584401593479895,-9.278252918510013e-06,0.00032404435434490694,0.019573589077874022,0.0003551495787055787,0.0003551495787055787,1.0,-0.0017075010075349503,-0.0017084740863343606,0.0,0.0,0.0,-0.0017075010075349503,-0.0,-0.0,0.0,-0.0035277510974951395,-0.0035341305870811536,0.0,0.0,0.0,0.055,0.3,0.29647224890250506,0.0,0.0,0.0,1.6036366938505876e-05,0,0,0,1,0,0.49754376000699874,0.49754376000699874,0,0,0.19508297555148602,1.419446953283314,-6.221024538971275e-06,-0.004720132079532809,-7.824412774330736e-06,-1.652353046716686,-5.061803934698775e-06,1.6472913278990127,-0.7853139263757232,5.900951470025342e-06,0.0006566809196310475,2.138330358396079e-06,-0.00022076962599185305,-8.361168111983839e-06,0.0027147157188144298,5.500248872997675e-07,-0.0002613315512335134,-23.391296584897546,-0.005056559562392407,17.362070008025917,0.7392673254530034,1.5423750721184712,6.049918690892514e-05,-0.0002613308723404615,-23.391296559517038,-0.005056559355516222,17.362070056044143,0.7392673238709477,1.542375063116652,6.049924346112119e-05
2.240999999999864,2,1,1,4,0.00012767320197473644,5.136949362332638,5.144415515190318,5.0,0.5581242151841943,-9.131666488931988e-06,0.4351339019678123,0.0008650835567096645,2.5763917763420385e-06,-0.00022795181571904334,0.5585023194966906,-9.278252918510013e-06,0.00037810434091118105,0.018495875790644024,0.00041730972740662526,0.00041730972740662526,1.0,-0.0018351763271909583,-0.0018360181749789853,0.0,0.0,0.0,-0.0018351763271909583,-0.0,-0.0,0.0,-0.003545500407471688,-0.0035518889164761276,0.0,0.0,0.0,0.055,0.3,0.2964544995925285,0.0,0.0,0.0,1.7217924998845286e-05,0,0,0,1,0,0.4973629818009533,0.4973629818009533,0,0,0.2180419978685677,1.4194468341413427,-6.155978959942641e-06,-0.004711815579495221,-7.800403144260101e-06,-1.6523531658586574,-5.158424862312309e-06,1.6473185769290153,-0.7853139150695825,7.008380528878356e-06,0.0009792409428335672,2.6190745519044408e-06,0.0001640582444786641,-1.074559603580918e-05,0.002733492545161816,1.6185465976391459e-06,-0.000299745632113737,-23.382105350996582,-0.0050858809454780345,17.383277350955385,0.7392856680768263,1.5679309791575662,7.127951912507117e-05,-0.0002997449043313042,-23.382105323645344,-0.005085880716808105,17.383277402963742,0.7392856663504973,1.5679309691577088,7.127958302204032e-05
2.250999999999863,2,1,1,4,0.00012579276648647022,5.137913683367652,5.143470751288595,5.0,0.5581335789114183,-9.104362988670995e-06,0.4351316505042021,0.0009963451001055899,2.8586030493214875e-06,-0.00022287407253300165,0.5585709624675265,-9.278252918510013e-06,0.00043738359067469645,0.017369933860065617,0.00048595269824249003,0.00048595269824249003,1.0,-0.0019993312486687566,-0.002000028962000606,0.0,0.0,0.0,-0.0019993312486687566,-0.0,-0.0,0.0,-0.0035647226980803255,-0.0035711188437055337,0.0,0.0,0.0,0.055,0.3,0.2964352773019199,0.0,0.0,0.0,1.840196239063095e-05,0,0,0,1,0,0.497181575533691,0.497181575533691,0,0,0.19508297555148602,1.4194507531114766,-6.079502474964764e-06,-0.004700108461429718,-7.771472623493795e-06,-1.6523492468885235,-5.279567885987772e-06,1.6473460212875537,-0.7853138926091892,8.179947290607785e-06,0.001331989341970381,3.1200450815675287e-06,0.0005836443842620087,-1.3251429731199265e-05,0.0027535057039886715,2.7719794363207708e-06,-0.00034113184763481645,-23.372255892090262,-0.0051146703559733445,17.405887538588637,0.7393055900186172,1.595298632979804,8.246951913810411e-05,-0.00034113105623101973,-23.372255862087737,-0.0051146700957619,17.405887595970206,0.7393055880977711,1.5952986216394398,8.24695929417931e-05
2.260999999999862,2,1,1,4,0.00012398063695342933,5.138161012648268,5.142770927569339,5.0,0.5581443226428138,-9.074157169490196e-06,0.43512945028923844,0.001141418079153193,3.154905723815543e-06,-0.0002174048665752293,0.5586463112544591,-9.278252918510013e-06,0.0005019886531353565,0.016191157040926888,0.0005613014851750542,0.0005613014851750542,1.0,-0.0022043253761334816,-0.0022047023837070117,0.0,0.0,0.0,-0.0022043253761334816,-0.0,-0.0,0.0,-0.0035858099593367,-0.003592211506218686,0.0,0.0,0.0,0.055,0.3,0.2964141900406635,0.0,0.0,0.0,1.862332065749851e-05,0,0,0,1,0,0.49704404363749055,0.49704404363749055,0,0,0.1943749957717955,1.419459062865309,-5.990897573438341e-06,-0.004684703259740786,-7.737315641614536e-06,-1.652340937134691,-5.426813797404183e-06,1.6473736965151378,-0.7853138589579824,9.429156696622787e-06,0.0017157158534157212,3.6658217413671563e-06,0.001038103214013984,-1.5966253267612275e-05,0.002785417060927804,3.7794394164872574e-06,-0.00038772479600912324,-23.361704755240815,-0.005144866436148767,17.42980173241393,0.7393281747994813,1.6243652446547705,9.652186115281772e-05,-0.00038772393778162446,-23.361704722444312,-0.005144866141715299,17.429801795555623,0.7393281726654329,1.624365231805211,9.652194635243073e-05
2.270999999999861,2,1,1,4,0.00012227542353179712,5.13916450017105,5.1421865267772,5.0,0.5581567020441908,-9.040815733117296e-06,0.435127329775841,0.0013262687868064126,3.4951931950751437e-06,-0.0002060243803946692,0.5587285704712743,-9.278252918510013e-06,0.0005718684763749869,0.014928736428483486,0.0006435607019903936,0.0006435607019903936,1.0,-0.0024426335457264016,-0.002442028698193918,0.0,0.0,0.0,-0.0024426335457264016,-0.0,-0.0,0.0,-0.003609142446456026,-0.003615540856250018,0.0,0.0,0.0,0.055,0.3,0.2963908575535442,0.0,0.0,0.0,1.7460328776498487e-05,0,0,0,1,0,0.4970893855610161,0.4970893855610161,0,0,0.1948749995790422,1.4194721476079453,-5.888850239587684e-06,-0.004665241884107015,-7.697090302486078e-06,-1.6523278523920548,-5.603896172130104e-06,1.6474021148920626,-0.7853138189379371,1.0907062221325591e-05,0.0021452549575041143,4.3526778385706115e-06,0.0015415750161496893,-1.9306047972219226e-05,0.00290945355261988,4.084147435702996e-06,-0.00044798933691064715,-23.349895028772305,-0.005184535473608338,17.453869068124952,0.7393570699559442,1.65384808456431,0.00012155025871333748,-0.0004479884385208131,-23.349894994173063,-0.0051845351527632436,17.453869135191784,0.7393570676668902,1.6538480705170933,0.00012155035348588477
2.28099999999986,2,1,1,4,0.00012079288548397151,5.142066406617166,5.141943517010217,5.0,0.558171257581129,-9.003547047220896e-06,0.4351253806205211,0.001569268003812134,3.930094020220691e-06,-0.00018445276214266968,0.5588179257907506,-9.278252918510013e-06,0.0006466682679694529,0.013509520960775614,0.0007329160214666132,0.0007329160214666132,1.0,-0.002725736232765031,-0.002724634090706953,0.0,0.0,0.0,-0.002725736232765031,-0.0,-0.0,0.0,-0.0036350796586063503,-0.003641469379430406,0.0,0.0,0.0,0.055,0.3,0.29636492034139383,0.0,0.0,0.0,1.7280511025471092e-05,0,0,0,1,0,0.49714551816977637,0.49714551816977637,0,0,0.208082958124578,1.4194907310541247,-5.769619023349648e-06,-0.004641081318548873,-7.648712615911747e-06,-1.6523092689458754,-5.820282356567536e-06,1.6474324739309583,-0.7853137767386431,1.2817339846615951e-05,0.0026490756772319943,5.2681055766644486e-06,0.0021311438578769876,-2.3701727975942574e-05,0.003153776578846431,4.396103947320926e-06,-0.0005242173784439433,-23.336567636038946,-0.0052351719219468325,17.47704542111835,0.7393970325429265,1.682609364540187,0.0001560111910022688,-0.0005242164548682959,-23.33656760019419,-0.005235171579049177,17.47704549109511,0.739397030130469,1.6826093494567174,0.00015601129453050207
2.2909999999998587,2,1,1,4,0.00011964480558532189,5.1464030930431965,5.142213996227039,5.0,0.5581885163716036,-8.961448248065501e-06,0.4351236939236679,0.0018606418236046037,4.451056972241882e-06,-0.0001546531697064017,0.5589145434357417,-9.278252918510013e-06,0.0007260271332575043,0.011870717868108942,0.0008295336664576686,0.0008295336664576686,1.0,-0.003071747309460136,-0.0030700551580288607,0.0,0.0,0.0,-0.003071747309460136,-0.0,-0.0,0.0,-0.0036641827121738756,-0.003670558227558786,0.0,0.0,0.0,0.055,0.3,0.2963358172878264,0.0,0.0,0.0,1.726211208158504e-05,0,0,0,1,0,0.49716511672189845,0.49716511672189845,0,0,0.18916698172688484,1.419515721206363,-5.629051169351534e-06,-0.00461145841876338,-7.5899823948322374e-06,-1.6522842787936372,-6.086151074061052e-06,1.6474657274261153,-0.7853137283716126,1.512751953695091e-05,0.003230289863049004,6.398563799140569e-06,0.0028144275296273086,-2.9088193825414723e-05,0.003474489342887836,5.303075637935713e-06,-0.0006104432070299384,-23.32208662174699,-0.005290043795916223,17.499663660256434,0.7394473084532543,1.7110217783796846,0.00019270645046310078,-0.0006104422665846134,-23.32208658505324,-0.005290043436165127,17.499663732446184,0.7394473059377336,1.7110217623549377,0.00019270656234406967
2.3009999999998576,2,1,1,4,0.00011891861656457194,5.151922021310902,5.143105020786157,5.0,0.5582089187596534,-8.913713097229795e-06,0.4351223428693777,0.002192836415495852,5.048060487170954e-06,-0.00011821925949626726,0.5590185697235721,-9.278252918510013e-06,0.000809651045984497,0.009969163748634487,0.0009335599542880774,0.0009335599542880774,1.0,-0.003493279907256066,-0.00349093510194854,0.0,0.0,0.0,-0.003493279907256066,-0.0,-0.0,0.0,-0.003697151529582094,-0.0037035065779921377,0.0,0.0,0.0,0.055,0.3,0.29630284847041816,0.0,0.0,0.0,1.7348656339202443e-05,0,0,0,1,0,0.49716024715038154,0.49716024715038154,0,0,0.19187497673556209,1.4195480791111308,-5.463412632717625e-06,-0.004575591626316355,-7.518890938935254e-06,-1.6522519208888693,-6.410749820019392e-06,1.647502454695052,-0.7853136669561228,1.7786927563633414e-05,0.003890092356140995,7.715664217127097e-06,0.003595367999557338,-3.533486441073514e-05,0.003839693008432098,6.936697898090161e-06,-0.0007045584740559517,-23.3067487484606,-0.00534626665717575,17.521995172281997,0.7395068798943362,1.7393812944627691,0.00022925884473545902,-0.000704557522700841,-23.30674871123891,-0.005346266285494117,17.52199524613292,0.7395068772912615,1.7393812775637008,0.00022925896473518058
2.3109999999998565,2,1,1,4,0.00011868323011934769,5.158430696389368,5.144679385379071,5.0,0.5582328406881043,-8.85964059442171e-06,0.4351213867173236,0.002560231587854031,5.710200344943248e-06,-7.63934744029187e-05,0.5591301306649913,-9.278252918510013e-06,0.0008972900745344959,0.007776107331266972,0.001045120895707303,0.001045120895707303,1.0,-0.004001482868433846,-0.003998436075402345,0.0,0.0,0.0,-0.004001482868433846,-0.0,-0.0,0.0,-0.003734803635312394,-0.0037411314132163834,0.0,0.0,0.0,0.055,0.3,0.2962651963646878,0.0,0.0,0.0,1.749800845654529e-05,0,0,0,1,0,0.49713984540747025,0.49713984540747025,0,0,0.19445904763415456,1.4195887921393084,-5.269549590318153e-06,-0.004532693647783888,-7.433791322547384e-06,-1.6522112078606916,-6.801713679016134e-06,1.6475429706671345,-0.7853135853302615,2.0732881004969516e-05,0.004628606936744075,9.178280353710068e-06,0.004475649811782784,-4.2261272994996794e-05,0.004226952778407,9.263165852435565e-06,-0.0008056079227250941,-23.290784233410516,-0.005402098275788173,17.544223752438427,0.739574225147148,1.7678812569202937,0.0002648204756244999,-0.0008056069609956216,-23.29078419570352,-0.005402097892560773,17.544223827955502,0.7395742224520991,1.7678812390851402,0.0002648206044737158
2.3209999999998554,2,1,1,4,0.000118993393771776,5.165780284797525,5.146968528732431,5.0,0.5582606100250532,-8.798642044059736e-06,0.4351208738309523,0.002958618241012557,6.426050251324215e-06,-3.015139715186863e-05,0.5592493316187871,-9.278252918510013e-06,0.0009887217100591178,0.005274465614621665,0.0011643218495030487,0.0011643218495030487,1.0,-0.004606464248299511,-0.0046026681653856,0.0,0.0,0.0,-0.004606464248299511,-0.0,-0.0,0.0,-0.0037780620768983015,-0.0037843553061647104,0.0,0.0,0.0,0.055,0.3,0.29622193792310186,0.0,0.0,0.0,1.76784724836093e-05,0,0,0,1,0,0.49711057009897663,0.49711057009897663,0,0,0.193290994502604,1.419638855455706,-5.044963279978492e-06,-0.004481980245208313,-7.3334781636124385e-06,-1.652161144544294,-7.2647595446600505e-06,1.6475874052743815,-0.7853134770719429,2.3898561766562044e-05,0.005445218523729992,1.0740819608272494e-05,0.005455399661286074,-4.9670425125470895e-05,0.00462065285230777,1.2185078427575355e-05,-0.0009130316549243571,-23.274375135736832,-0.005456192252239593,17.56646780746825,0.739647597345735,1.796638771486052,0.00029913345269992056,-0.0009130306819857928,-23.274375097497312,-0.005456191855871967,17.56646788485358,0.7396475945463393,1.7966387525953569,0.0002991335916292262
2.3309999999998543,2,1,1,4,0.00011989295559502924,5.173853762729286,5.14998181080179,5.0,0.5582925184792135,-8.730243647007756e-06,0.435120843983165,0.0033848171335646737,7.18413926783461e-06,1.9734959293016504e-05,0.5593762570030041,-9.278252918510013e-06,0.0010837386623453276,0.002466638639493728,0.0012912472337201452,0.0012912472337201452,1.0,-0.005317497060970425,-0.005312898819316167,0.0,0.0,0.0,-0.005317497060970425,-0.0,-0.0,0.0,-0.0038279462814677233,-0.003834197185432442,0.0,0.0,0.0,0.055,0.3,0.2961720537185325,0.0,0.0,0.0,1.786597244094724e-05,0,0,0,1,0,0.4970774211146838,0.4970774211146838,0,0,0.1942919916473329,1.419699259312148,-4.787819483469801e-06,-0.004422676261416556,-7.217199476221133e-06,-1.652100740687852,-7.803649884284892e-06,1.647635760594632,-0.7853133368668902,2.7218455095694347e-05,0.006338808790920414,1.235879012319923e-05,0.006533682767463984,-5.7370637358318996e-05,0.005010080518316783,1.558490441496727e-05,-0.0010264053000926467,-23.257668741688693,-0.005507345828486233,17.58879655999588,0.7397252317061863,1.8257139126712196,0.00033217826804441807,-0.0010264043081810437,-23.25766870271638,-0.005507345418642474,17.58879663979015,0.7397252287764144,1.825713892504103,0.0003321784191303735
2.340999999999853,2,1,1,4,0.00012092516716857762,5.182497349630415,5.153713173174759,5.0,0.5583288304679996,-8.653955135070544e-06,0.43512133018378985,0.0038365736762932734,8.102776133797987e-06,7.271438880976575e-05,0.5595109700635605,-9.278252918510013e-06,0.0011821397604093275,0.0008925931550701522,0.0014259602942765562,0.0014259602942765562,1.0,-0.006143091068121658,-0.006137503587063404,0.0,0.0,0.0,-0.006143091068121658,-0.0,-0.0,0.0,-0.003885564219849083,-0.003891764314219706,0.0,0.0,0.0,0.055,0.3,0.2961144357801511,0.0,0.0,0.0,1.737490827773974e-05,0,0,0,1,0,0.49704418762051605,0.49704418762051605,0,0,0.1925830147229135,1.4197709804239433,-4.4968363029803674e-06,-0.00435401972946321,-7.084520587778048e-06,-1.6520290195760567,-8.420220562400716e-06,1.647687952575472,-0.7853131610889981,3.07110746240658e-05,0.0073078848147599745,1.4097740391736858e-05,0.007708817858025893,-6.508778105082758e-05,0.00538873044424982,1.8844965792705634e-05,-0.0011453522757046968,-23.240787308153784,-0.005554417015811107,17.611241899916195,0.7398054737155619,1.8551237276203711,0.0003640339251511573,-0.0011453512341291004,-23.240787267357394,-0.005554416582737152,17.611241984541532,0.739805470558324,1.8551237054378051,0.0003640340943779468
2.350999999999852,2,1,1,4,0.00012082091910939254,5.190060649615559,5.158019044914371,5.0,0.5583699205162624,-8.560739786759947e-06,0.4351224102570638,0.004342638111416316,1.0270314408858215e-05,0.00014011347649236637,0.5596535127008947,-9.278252918510013e-06,0.0012835923851729945,0.004308569526787191,0.0015685029316107148,0.0015685029316107148,1.0,-0.007068490716633344,-0.007060497932423452,0.0,0.0,0.0,-0.007068490716633344,-0.0,-0.0,0.0,-0.003952010961212785,-0.003958140625370594,0.0,0.0,0.0,0.055,0.3,0.2960479890387873,0.0,0.0,0.0,1.4500171103460268e-05,0,0,0,1,0,0.49732109511730416,0.49732109511730416,0,0,0.19462499767541885,1.4198549511400667,-4.165982116891879e-06,-0.004275293693322202,-6.928212433180804e-06,-1.6519450488599334,-9.108227231065764e-06,1.647744362577322,-0.7853129729619807,3.499746592826842e-05,0.008344138903655731,1.6838336368852338e-05,0.008973277459681923,-7.186057184417524e-05,0.005873523747148614,1.9417168972945093e-05,-0.0013819917968498979,-23.22290732147491,-0.005709248793447718,17.632304444745124,0.7398527026729832,1.8831939533961144,0.0004531439910998794,-0.0013819907835207746,-23.222907282071326,-0.005709248373250563,17.632304527587802,0.7398526995326312,1.883193930939485,0.00045314416361300324
2.360999999999851,2,1,1,4,0.00012134187966014644,5.199154341189617,5.162861896911047,5.0,0.5584164225369984,-8.447396632159232e-06,0.4351242695951141,0.004909509345110134,1.217335408274054e-05,0.00022566728308931664,0.5598039053551194,-9.278252918510013e-06,0.0013874830668887592,0.008289128926625599,0.0017188955858353332,0.0017188955858353332,1.0,-0.008091039549958056,-0.008081190855013886,0.0,0.0,0.0,-0.008091039549958056,-0.0,-0.0,0.0,-0.004028235270938245,-0.004034274601737812,0.0,0.0,0.0,0.055,0.3,0.29597176472906195,0.0,0.0,0.0,1.3612820260423201e-05,0,0,0,1,0,0.4975263996595434,0.4975263996595434,0,0,0.19391701789572835,1.4199520658344484,-3.793011599361297e-06,-0.004185844609915907,-6.7457588523465696e-06,-1.6518479341655516,-9.865628130884972e-06,1.6478063984934086,-0.7853127617935418,3.917164955858888e-05,0.009446797585062637,1.9378721380736772e-05,0.010329852284900113,-7.89854558877379e-05,0.006486894450773104,2.2762150116269482e-05,-0.0015966382343875047,-23.20357774144185,-0.005831011449855301,17.65095706167568,0.7399031400766373,1.9087873950933254,0.0005125474152732031,-0.001596637268309535,-23.203577704279287,-0.0058310110564216856,17.65095714089327,0.7399031370259953,1.908787372912321,0.0005125475882728837
2.37099999999985,2,1,1,4,0.0001226891204108285,5.228286923581205,5.169075619376383,5.0,0.5584690260854931,-8.27235685695152e-06,0.4351271403641056,0.005584398547366615,2.4795893439078913e-05,0.0003534487617544011,0.5599621469499965,-9.278252918510013e-06,0.0014931212033328656,0.012837865664694031,0.0018771371807124746,0.0018771371807124746,1.0,-0.0090073769968496,-0.008981167732266206,0.0,0.0,0.0,-0.0090073769968496,-0.0,-0.0,0.0,-0.004114625534736805,-0.004120461060814363,0.0,0.0,0.0,0.055,0.3,0.2958853744652634,0.0,0.0,0.0,3.906116780780407e-06,0,0,0,1,0,0.4984556222073111,0.4984556222073111,0,0,0.19554200116544962,1.4200634748463974,-3.3637013165682865e-06,-0.004084891130715995,-6.519731923047319e-06,-1.6517365251536027,-1.0600414120009116e-05,1.647875422785262,-0.7853124870164513,4.739321889760483e-05,0.01065371786384662,2.6911801416315306e-05,0.011854576028203084,-6.426529140117458e-05,0.007330235606319525,3.259860976019632e-05,-0.0022189993108832234,-23.182272542718334,-0.006349521504007483,17.66558140357118,0.7395584482103194,1.930177099772416,0.0005645025633297589,-0.002218998385774817,-23.182272507305417,-0.006349521132414703,17.665581477992955,0.7395584454038009,1.930177078849498,0.0005645027255905074
2.380999999999849,2,1,1,4,0.00012560264047253768,5.263589999745551,5.1792540383369765,5.0,0.5585296625261981,-7.961860377976018e-06,0.4351318660884684,0.006477806704361303,3.5231347123848805e-05,0.000580556414882961,0.5601282148958875,-9.278252918510013e-06,0.0015985529117076432,0.01826427029797334,0.0020432051266034484,0.0020432051266034484,1.0,-0.009682201682682618,-0.009658423272596965,0.0,0.0,0.0,-0.009682201682682618,-0.0,-0.0,0.0,-0.004208475172929216,-0.004214062212841431,0.0,0.0,0.0,0.055,0.3,0.29579152482707094,0.0,0.0,0.0,2.7681027439947438e-06,0,0,0,1,0,0.4993507873204397,0.4993507873204397,0,0,0.19545899704098701,1.4201921260172181,-2.826907192275008e-06,-0.003970758173676849,-6.191723466574213e-06,-1.651607873982782,-1.1264273855293093e-05,1.6479556658507315,-0.7853121092729626,5.896448840407806e-05,0.012064037359645322,3.763639284652393e-05,0.01374254998201394,-7.207459423094135e-05,0.008623086595852392,4.2326318123133855e-05,-0.0030177141190625913,-23.156204587731658,-0.007031819747542391,17.66928022178759,0.7393624572216452,1.9400347101034807,0.00070266851482743,-0.003017713210260797,-23.156204552726173,-0.007031819376725346,17.669280295092364,0.7393624544701981,1.9400346894924745,0.0007026686730185212
2.3909999999998477,2,1,1,4,0.00013072231573699102,5.294837684323673,5.192525252710706,5.0,0.5585998399422819,-7.570775752995091e-06,0.4351391602252014,0.0074680676613073675,4.201886581937962e-05,0.0008557062453802162,0.5603020651516695,-9.278252918510013e-06,0.001702226065760012,0.024775801056848495,0.0022170553823854335,0.0022170553823854335,1.0,-0.010292956263068262,-0.010271066337919603,0.0,0.0,0.0,-0.010292956263068262,-0.0,-0.0,0.0,-0.004308698341971385,-0.004314058592319749,0.0,0.0,0.0,0.055,0.3,0.2956913016580288,0.0,0.0,0.0,2.1588588951191e-06,0,0,0,1,0,0.499717644463777,0.499717644463777,0,0,0.19325001630932093,1.4203413751299168,-2.170468874010785e-06,-0.00384150615496565,-5.756802873133338e-06,-1.6514586248700833,-1.2105708485051246e-05,1.6480493454876697,-0.7853116146387972,7.115843883062234e-05,0.013654857866193984,4.823206660654732e-05,0.015932943490709874,-9.50344452442693e-05,0.009967436460573716,5.598017660589991e-05,-0.003704598815374493,-23.128945733825287,-0.0075862826709910975,17.667495065314725,0.7394038699441244,1.9442503859114009,0.0008287428324834588,-0.003704597916822771,-23.128945699062,-0.007586282300053084,17.6674951379667,0.739403867224371,1.9442503654831234,0.0008287429885278105
2.4009999999998466,2,1,1,4,0.0001383461115577458,5.323438236688831,5.208032076591476,5.0,0.5586801520845234,-7.118458358814583e-06,0.4351493306989042,0.0084949721545004,4.778481298770458e-05,0.0011507430879708319,0.5604836323454492,-9.278252918510013e-06,0.001803481554178348,0.03239831668322988,0.002398622576165146,0.002398622576165146,1.0,-0.010864330092447578,-0.010843518193090748,0.0,0.0,0.0,-0.010864330092447578,-0.0,-0.0,0.0,-0.004414793859275502,-0.004419941844615122,0.0,0.0,0.0,0.055,0.3,0.29558520614072464,0.0,0.0,0.0,1.7695504222387059e-06,0,0,0,1,0,0.49987807800951867,0.49987807800951867,0,0,0.1948749995790422,1.42051392283621,-1.3912046696495369e-06,-0.0036954697613591314,-5.218437506705385e-06,-1.65128607716379,-1.3199014498814057e-05,1.648155886532943,-0.7853109617982139,8.344307672399549e-05,0.015401759129740357,5.8322744973209655e-05,0.018369821242136913,-0.00012107378464907717,0.011192096320953155,7.330206718412553e-05,-0.004358700801012026,-23.102414616686364,-0.00808999492069977,17.663311904506067,0.7394976307244918,1.946090286560243,0.0009206587538357571,-0.004358699909901354,-23.102414582090873,-0.00808999454932978,17.663311976714652,0.7394976280260002,1.9460902662563573,0.0009206589085670831
2.4109999999998455,2,1,1,4,0.00014860436585381522,5.34998397190171,5.225162310108937,5.0,0.5587708087615509,-6.610776581217207e-06,0.4351624930638056,0.009533153461661545,5.3162126065717656e-05,0.0014518359857314308,0.5606728299537427,-9.278252918510013e-06,0.0019020230626825986,0.04108723023195586,0.0025878201844586417,0.0025878201844586417,1.0,-0.011417039519037253,-0.01139646149894361,0.0,0.0,0.0,-0.011417039519037253,-0.0,-0.0,0.0,-0.004526484828992431,-0.004531426659271628,0.0,0.0,0.0,0.055,0.3,0.2954735151710077,0.0,0.0,0.0,1.481858971215155e-06,0,0,0,1,0,0.49995752478602906,0.49995752478602906,0,0,0.19745802273973823,1.4207119945646958,-4.906449457553927e-07,-0.00353119939595032,-4.583343913441376e-06,-1.6510880054353043,-1.45494184244654e-05,1.648273740578419,-0.7853101245219689,9.538615319813285e-05,0.017285006991295183,6.761304008455088e-05,0.02101108663164451,-0.0001461906398362026,0.012243477165262162,9.239320677533162e-05,-0.005009540846152565,-23.077398137761364,-0.008570989212074493,17.657991884023364,0.7395864287563472,1.9468326220693677,0.0009864855067012897,-0.005009539960865616,-23.077398103291923,-0.00857098884015491,17.657991955905807,0.7395864260733737,1.9468326018571802,0.0009864856605613184
2.4209999999998444,2,1,1,4,0.00016153524421538747,5.374735449443944,5.243441406913446,5.0,0.5588718518463138,-6.05133056457749e-06,0.4351786617048883,0.010570950410942229,5.815667183133877e-05,0.0017511591788401434,0.5608695505386302,-9.278252918510013e-06,0.001997701298570531,0.050772284841136314,0.0027845407693461812,0.0027845407693461812,1.0,-0.011968437797429909,-0.011947316257467495,0.0,0.0,0.0,-0.011968437797429909,-0.0,-0.0,0.0,-0.004643682627337436,-0.004648416289764295,0.0,0.0,0.0,0.055,0.3,0.29535631737266266,0.0,0.0,0.0,1.2524069603605662e-06,0,0,0,1,0,0.4999942123729777,0.4999942123729777,0,0,0.19566697301343083,1.4209374383562288,5.257368883493727e-07,-0.0033474279730902603,-3.8609218332756614e-06,-1.6508625616437713,-1.613916808214096e-05,1.6484011037763746,-0.7853090939565791,0.00010662344773376441,0.019287363810900755,7.585671090370948e-05,0.023821963830395268,-0.00016905007326382262,0.013112491875930004,0.00011172933286724704,-0.005661902115211647,-23.054236846095957,-0.009032814345134888,17.65207883911829,0.7396546520697074,1.9469811908605326,0.001034640513263604,-0.005661901234588771,-23.05423681172318,-0.009032813972610965,17.652078910757076,0.739654649398276,1.9469811707170095,0.0010346406665463113
2.4309999999998433,2,1,1,4,0.00017711807854961428,5.397815107818519,5.262483484015912,5.0,0.5589832406161481,-5.444775588209959e-06,0.4351977892481156,0.01160215055075593,6.260938013079239e-05,0.00204358619560121,0.5610736660422361,-9.278252918510013e-06,0.0020904289410509573,0.061374913548820985,0.0029886562729520955,0.0029886562729520955,1.0,-0.012532992140209831,-0.012510651527331279,0.0,0.0,0.0,-0.012532992140209831,-0.0,-0.0,0.0,-0.004766455901057628,-0.004770972155664718,0.0,0.0,0.0,0.055,0.3,0.2952335440989424,0.0,0.0,0.0,1.0683008342332257e-06,0,0,0,1,0,0.4999611144241707,0.4999611144241707,0,0,0.19395799608901143,1.4211917810476824,1.6491905373234202e-06,-0.0031430515579657153,-3.062744341008017e-06,-1.6506082189523177,-1.794285338499625e-05,1.6485361839650403,-0.7853078736309042,0.0001168572306957581,0.021393183810486043,8.28608770887029e-05,0.026772239409732657,-0.00018920894024025735,0.013806188959610327,0.00013028775164416917,-0.006310075853695726,-23.033092847737457,-0.009468711251164994,17.645832039238144,0.7397001882073091,1.9467387691302989,0.0010702788809494543,-0.006310074976776269,-23.033092813437083,-0.009468710878004764,17.64583211070113,0.7397001855441893,1.9467387490364862,0.0010702790338876988
2.440999999999842,2,1,1,4,0.0001952896874405632,5.419286033307499,5.281966566380599,5.0,0.5591048860016333,-4.79748313930964e-06,0.43521978520947413,0.012622757943705123,6.635051077864808e-05,0.002325348828601818,0.5612850281377265,-9.278252918510013e-06,0.0021801467406729266,0.07281491611920862,0.0032000183684425245,0.0032000183684425245,1.0,-0.013122726153096845,-0.013098599015005909,0.0,0.0,0.0,-0.013122726153096845,-0.0,-0.0,0.0,-0.004895004193374267,-0.004899287640419807,0.0,0.0,0.0,0.055,0.3,0.2951049958066258,0.0,0.0,0.0,9.297961263355225e-07,0,0,0,1,0,0.49993299542065794,0.49993299542065794,0,0,0.19420799799263477,1.4214762661844522,2.868351414830322e-06,-0.0029171159054597966,-2.20200488234396e-06,-1.6503237338155479,-1.9932552548936627e-05,1.648677293346062,-0.7853064752554041,0.0001258554131019312,0.023588011298263503,8.848872559567572e-05,0.02983499572358387,-0.00020652544005561908,0.014336815551439593,0.00014739462220956622,-0.006944799376867512,-23.014054854735864,-0.009868524563374366,17.6393957420926,0.7397250373122484,1.9461918728207828,0.0010962734221583855,-0.00694479850271388,-23.014054820481864,-0.009868524189471596,17.63939581344957,0.7397250346542211,1.9461918527571302,0.0010962735749768273
2.450999999999841,2,1,1,4,0.0002159535917968516,5.439185584815521,5.301618447205044,5.0,0.5592366648116834,-4.117337661429573e-06,0.43524452608883246,0.013629724674041287,6.924710986831172e-05,0.002593473129039983,0.561503468635863,-9.278252918510013e-06,0.002266809699194285,0.0850129727652249,0.0034184588665789545,0.0034184588665789545,1.0,-0.01374758199082635,-0.013721204030018187,0.0,0.0,0.0,-0.01374758199082635,-0.0,-0.0,0.0,-0.005029635574740047,-0.005033665713432493,0.0,0.0,0.0,0.055,0.3,0.29497036442526,0.0,0.0,0.0,8.421336597440125e-07,0,0,0,1,0,0.4999080965182574,0.4999080965182574,0,0,0.19862502813339233,1.4217918830484433,4.169878213322731e-06,-0.0026688057735236373,-1.2929659968098076e-06,-1.6500081169515568,-2.2079590956112085e-05,1.648822874342934,-0.7853049159695352,0.00013344772174128704,0.025858377863251646,9.265717174708832e-05,0.032985953253916345,-0.00022096309949919018,0.014717670367856279,0.0001625997054537853,-0.007556349983431199,-22.997179550262548,-0.010221782619589424,17.6328658677684,0.7397321748424686,1.9453827842967137,0.0011143069387159095,-0.007556349111250761,-22.997179516034368,-0.010221782244905239,17.632865939076375,0.7397321721868598,1.9453827642472608,0.001114307091601722
2.46099999999984,2,1,1,4,0.0002389861024006115,5.457541484745499,5.321207680494318,5.0,0.5593784260909589,-3.4132965060175156e-06,0.43527186177546695,0.01462045184837312,7.121302072546591e-05,0.002845528972362223,0.5617287999459972,-9.278252918510013e-06,0.002350381172525317,0.097891542603366,0.0036437901767132352,0.0036437901767132352,1.0,-0.014415690462966738,-0.01438669258387872,0.0,0.0,0.0,-0.014415690462966738,-0.0,-0.0,0.0,-0.005170747389464913,-0.005174499606262284,0.0,0.0,0.0,0.055,0.3,0.29482925261053505,0.0,0.0,0.0,8.088788509256973e-07,0,0,0,1,0,0.499885427518588,0.499885427518588,0,0,0.19745802273973823,1.4221393907293864,5.539040173428477e-06,-0.0023974357668376176,-3.5045009303133004e-07,-1.6496606092706136,-2.435519033030941e-05,1.6489715005412895,-0.7853032165451319,0.00013951988242915777,0.028191679369219756,9.533145790585414e-05,0.03620307660863442,-0.0002325282372907063,0.014961596648690687,0.00017560294439202171,-0.008135818825883703,-22.982507934984312,-0.010518961326354406,17.62631629413592,0.7397245388595325,1.9443374271480616,0.0011255060325621724,-0.00813581795492071,-22.9825079007612,-0.010518960950812875,17.626316365451437,0.7397245362037311,1.9443374070969672,0.0011255061856957462
2.470999999999839,2,1,1,4,0.0002642409330645681,5.474381292876244,5.340537455220162,5.0,0.5595299943806523,-2.694932419608142e-06,0.43530162026670016,0.015592593177939122,7.220593909559627e-05,0.0030795120942094527,0.5619608155902445,-9.278252918510013e-06,0.0024308301242809685,0.11137514711181563,0.003875805820960503,0.003875805820960503,1.0,-0.01513355202637403,-0.01510165316279675,0.0,0.0,0.0,-0.01513355202637403,-0.0,-0.0,0.0,-0.005318809209072096,-0.005322255688674487,0.0,0.0,0.0,0.055,0.3,0.2946811907909279,0.0,0.0,0.0,8.263129951313376e-07,0,0,0,1,0,0.49986463507113443,0.49986463507113443,0,0,0.19275001250207424,1.4225193390250028,6.960240806638523e-06,-0.002102442209128886,6.106078014560089e-07,-1.6492806609749973,-2.673078256358132e-05,1.6491218689566713,-0.7853014001271016,0.00014400696548456455,0.03057608523304288,9.651851692034621e-05,0.03946630806017569,-0.00024125293510289967,0.015080493823737226,0.000186213881674611,-0.00867556399900442,-22.970071748959807,-0.01075192877890581,17.61980918049896,0.7397047566367109,1.9430758717382344,0.0011307455805698253,-0.008675563128560214,-22.970071714721986,-0.010751928402418698,17.619809251875566,0.7397047539782585,1.9430758516704856,0.0011307457341193082
2.480999999999838,2,1,1,4,0.00029155308284448036,5.489739533451907,5.359441387091269,5.0,0.559691171761621,-1.9720322970386837e-06,0.4353336115800437,0.016543977871877193,7.222034977261884e-05,0.0032937876104661137,0.5621992907694247,-9.278252918510013e-06,0.002508129649393323,0.1253904343378675,0.004114281000140716,0.004114281000140716,1.0,-0.015906133988151206,-0.015871136506883033,0.0,0.0,0.0,-0.015906133988151206,-0.0,-0.0,0.0,-0.005474347130286189,-0.005477457708071116,0.0,0.0,0.0,0.055,0.3,0.2945256528697139,0.0,0.0,0.0,8.83333531617405e-07,0,0,0,1,0,0.49984556348984355,0.49984556348984355,0,0,0.19462499767541885,1.4229320871058009,8.41747397784013e-06,-0.0017833758425633024,1.5755393286429649e-06,-1.6488679128941992,-2.917825095434958e-05,1.6492727898409258,-0.7852994912769916,0.0001468866100147143,0.03300046044363749,9.626015594973474e-05,0.042757374142375286,-0.0002471932599095205,0.015085212745097507,0.00019432800172569073,-0.009169300841717059,-22.959895875066504,-0.010914027991792091,17.61339887862102,0.7396751337626407,1.9416159602244667,0.0011307798402043876,-0.009169299971163433,-22.95989584079569,-0.010914027614263693,17.613398950108262,0.7396751310992689,1.9416159401261714,0.001130779994324182
2.4909999999998367,2,1,1,4,0.0003207423718619975,5.503664035523729,5.377780771780955,5.0,0.5598617394196532,-1.2542728638949427e-06,0.4353676312979478,0.017472580276678352,7.127960134010176e-05,0.003487066855350249,0.5624439829792216,-9.278252918510013e-06,0.0025822560262662325,0.1398661823032329,0.004358973209937572,0.004358973209937572,1.0,-0.016736889600761414,-0.0166986781397183,0.0,0.0,0.0,-0.016736889600761414,-0.0,-0.0,0.0,-0.005637928610354369,-0.005640671597284441,0.0,0.0,0.0,0.055,0.3,0.29436207138964565,0.0,0.0,0.0,9.666412096862397e-07,0,0,0,1,0,0.49982807973575283,0.49982807973575283,0,0,0.19404198974370956,1.4233778205347176,9.894713452815985e-06,-0.0014398952787383068,2.530255547337419e-06,-1.6484221794652825,-3.167018413839023e-05,1.6494231762977498,-0.7852975152032208,0.00014817251057048177,0.03545429189887723,9.462658719012061e-05,0.046059642584302694,-0.0002504321337163587,0.014985584205580785,0.00019991125823233405,-0.009612032837793884,-22.95199904846341,-0.011000000951896793,17.607133203933895,0.739637736471031,1.9399741884792723,0.0011262929078850053,-0.009612031966548827,-22.951999014142054,-0.011000000573214203,17.607133275579343,0.7396377338005781,1.9399741683370861,0.0011262930627205922
2.5009999999998356,2,1,1,4,0.0003516168693445112,5.516221858633662,5.395443030233446,5.0,0.5600414590179793,-5.50974180811446e-07,0.4354034640056524,0.018376506968410086,6.942835101387129e-05,0.0036584057291621334,0.56269463267487,-9.278252918510013e-06,0.0026531880104909136,0.1547333057196846,0.004609622905585996,0.004609622905585996,1.0,-0.017627706436241137,-0.01758625048553889,0.0,0.0,0.0,-0.017627706436241137,-0.0,-0.0,0.0,-0.005810147097052796,-0.005812490113489443,0.0,0.0,0.0,0.055,0.3,0.2941898529029472,0.0,0.0,0.0,1.0652126216679523e-06,0,0,0,1,0,0.4998120067844529,0.4998120067844529,0,0,0.19641697872430086,1.42385656708042,1.1376239716475534e-05,-0.0010717611811304451,3.4614980866563856e-06,-1.6479434329195801,-3.418016506621367e-05,1.6495720344181137,-0.7852954971217069,0.0001479083608520124,0.03792761533534231,9.171054401351829e-05,0.04935801884776073,-0.0002510830241347446,0.014790481106610425,0.00020298861887963173,-0.009999913933154659,-22.946393804167265,-0.011005844759278311,17.6010535892489,0.7395945036524466,1.9381655099435955,0.001117914436248509,-0.009999913060684443,-22.94639376977844,-0.011005844379311727,17.60105366109811,0.7395945009728488,1.938165489744729,0.001117914591937265
2.5109999999998345,2,1,1,4,0.0003839763849680369,5.527504567749637,5.412341121208986,5.0,0.5602300739755969,1.2907578440507953e-07,0.43544088680170195,0.019253989019493874,6.672587105240696e-05,0.003807218537912331,0.5629509639825503,-9.278252918510013e-06,0.0027209062695676,0.16992489131238234,0.004865954213266288,0.004865954213266288,1.0,-0.018578795023623196,-0.018534155082879276,0.0,0.0,0.0,-0.018578795023623196,-0.0,-0.0,0.0,-0.005991605802881277,-0.0059935166582228815,0.0,0.0,0.0,0.055,0.3,0.29400839419711866,0.0,0.0,0.0,1.1714900665127426e-06,0,0,0,1,0,0.49979710498651064,0.49979710498651064,0,0,0.1935840118676424,1.4243682116811962,1.2846909206045847e-05,-0.000678831182150412,4.357035137904538e-06,-1.6474317883188039,-3.668309390117585e-05,1.649718454022604,-0.7852934617182613,0.00014616234771579046,0.040410941468255725,8.762207171010627e-05,0.05263887539450142,-0.00024929294470862174,0.014507874366507448,0.00020363475478415378,-0.010330085397128801,-22.943086058401793,-0.010928642959597817,17.595194773113782,0.7395473611663784,1.9362027665793313,0.0011062215692448692,-0.010330084522938892,-22.943086023929023,-0.010928642578195934,17.595194845211285,0.7395473584756221,1.9362027463113034,0.0011062217259195798
2.5209999999998334,2,1,1,4,0.0004176161505583245,5.53763224677087,5.428413669782657,5.0,0.5604273106698358,7.777354809903087e-07,0.4354796730106495,0.020103374018373053,6.324043843624197e-05,0.003933302741195172,0.563212685455539,-9.278252918510013e-06,0.002785392938120998,0.18537626965025336,0.005127675686255094,0.005127675686255094,1.0,-0.01958853392295173,-0.019540870533975734,0.0,0.0,0.0,-0.01958853392295173,-0.0,-0.0,0.0,-0.006182900110242256,-0.006184347760772075,0.0,0.0,0.0,0.055,0.3,0.2938170998897576,0.0,0.0,0.0,1.2807678043599684e-06,0,0,0,1,0,0.49978307784229625,0.49978307784229625,0,0,0.19545899704098701,1.4249125108510612,1.4292371693439763e-05,-0.00026105554284379634,5.205809124027726e-06,-1.646887489148939,-3.9155533399687124e-05,1.6498615998520687,-0.7852914326964703,0.0001430222307276626,0.042895181529095175,8.248400054361411e-05,0.05589000707238745,-0.00024524399463142927,0.014144867516396613,0.00020196603085143036,-0.010600510907779347,-22.942074518194893,-0.010766395727208559,17.589584342399768,0.7394983227220747,1.9340960794156892,0.0010917362823465579,-0.010600510031391407,-22.94207448362128,-0.010766395344187508,17.589584414791148,0.7394983200181088,1.9340960590657184,0.0010917364401410068
2.5309999999998323,2,1,1,4,0.00045233077517661726,5.546755404944,5.443625496292938,5.0,0.5606328795456775,1.3875745406213754e-06,0.43551959618025277,0.02092311541876844,5.904492856886161e-05,0.004036869598400657,0.5634794908730446,-9.278252918510013e-06,0.0028466313089281405,0.20102512217509583,0.005394481103760617,0.005394481103760617,1.0,-0.02065329352817781,-0.02060287786590162,0.0,0.0,0.0,-0.02065329352817781,-0.0,-0.0,0.0,-0.006384598289381696,-0.006385553896367322,0.0,0.0,0.0,0.055,0.3,0.2936154017106182,0.0,0.0,0.0,1.3902677938465059e-06,0,0,0,1,0,0.4997695923920844,0.4997695923920844,0,0,0.1926249824464321,1.425489106746502,1.569924168243137e-05,0.0001815264462285911,5.998042669751037e-06,-1.646310893253498,-4.1576058958954394e-05,1.6500007029686976,-0.7852894324005755,0.000138591004217342,0.04537157376480937,7.642805862557428e-05,0.05910060455141471,-0.00023915286727594202,0.013707706785445887,0.00019813337578848558,-0.010809825801778333,-22.943350043321427,-0.010517864812414384,17.584242322775395,0.7394495647608409,1.931852382599365,0.001074922077240836,-0.01080982492271935,-22.943350008629146,-0.01051786442755014,17.584242395508536,0.7394495620415047,1.9318523621540273,0.0010749222362944992
2.540999999999831,2,1,1,4,0.000487918502561884,5.555053853175268,5.4579681523372665,5.0,0.5608464760995376,1.9519014482502763e-06,0.4355604343893151,0.021711758393309324,5.421368204452586e-05,0.004118574553476439,0.5637510600795365,-9.278252918510013e-06,0.0029046056898024714,0.21681161611248467,0.005666050310252522,0.005666050310252522,1.0,-0.021767266929301518,-0.021714490997409568,0.0,0.0,0.0,-0.021767266929301518,-0.0,-0.0,0.0,-0.006597220467581437,-0.006597658560966527,0.0,0.0,0.0,0.055,0.3,0.2934027795324184,0.0,0.0,0.0,1.4984175302758953e-06,0,0,0,1,0,0.49975630903351287,0.49975630903351287,0,0,0.1972499885596335,1.426097541019877,1.7055229489686808e-05,0.000648789347344004,6.725308869822582e-06,-1.645702458980123,-4.39255901747567e-05,1.650135052139458,-0.785287481506082,0.00013298310953186856,0.0478316137798682,6.959154735966502e-05,0.062261235559333036,-0.00023126781955280467,0.013201770681505553,0.00019231576813462752,-0.010957213004640986,-22.94689506347405,-0.010182445731017096,17.579180959695126,0.7394034636618017,1.9294752167581979,0.001056181714635496,-0.010957212122428842,-22.946895028643837,-0.010182445344034813,17.57918103282198,0.7394034609247531,1.9294751962029548,0.0010561818750989245
2.55099999999983,2,1,1,4,0.0005241857332049229,5.562731768154639,5.471460005371986,5.0,0.5610677817033847,2.4647669763152336e-06,0.43560197482406054,0.022467922494467288,4.882065873776865e-05,0.004179540028802618,0.56402705986227,-9.278252918510013e-06,0.0029593014581437696,0.23267855544650268,0.005942050092985986,0.005942050092985986,1.0,-0.02292234076547883,-0.022867724722107182,0.0,0.0,0.0,-0.02292234076547883,-0.0,-0.0,0.0,-0.0068212160985184405,-0.006821115828979261,0.0,0.0,0.0,0.055,0.3,0.2931787839014814,0.0,0.0,0.0,1.6043710353717101e-06,0,0,0,1,0,0.4997429165218328,0.4997429165218328,0,0,0.20299997413530946,1.426737268471128,1.834923722090442e-05,0.0011405238010246145,7.380570939250202e-06,-1.6450627315288722,-4.6187676186095415e-05,1.650263985044659,-0.7852855987730997,0.00012632114146554795,0.05026699276302546,6.21144781214676e-05,0.06536382159517819,-0.00022186270342435555,0.012631548482003308,0.0001847141300648891,-0.011042315521771219,-22.952683147070456,-0.009760077024779228,17.574404802314415,0.7393625851112156,1.9269648525969443,0.0010358566856977767,-0.011042314635903565,-22.952683112081033,-0.00976007663534213,17.574404875892373,0.739362582353857,1.9269648319157378,0.0010358568477372998
2.560999999999829,2,1,1,4,0.0005609516971976916,5.570008572007795,5.484145392358648,5.0,0.5612964642434359,2.9209559734168325e-06,0.4356440185036779,0.02319028238026282,4.293881193874296e-05,0.0042213627072159275,0.5643071448645987,-9.278252918510013e-06,0.003010705336518725,0.2485715328621315,0.00622213509531467,0.00622213509531467,1.0,-0.024108040620422978,-0.024052234537379827,0.0,0.0,0.0,-0.024108040620422978,-0.0,-0.0,0.0,-0.007056940522020083,-0.0070562869578661026,0.0,0.0,0.0,0.055,0.3,0.2929430594779797,0.0,0.0,0.0,1.7077050605629924e-06,0,0,0,1,0,0.4997291675713562,0.4997291675713562,0,0,0.19299995619803667,1.4274076703791376,1.9571424189396468e-05,0.0016564381994129327,7.95819523584008e-06,-1.6443923296208625,-4.834870433227334e-05,1.6503868792723666,-0.7852838008593552,0.00011873297501725041,0.052669548411099304,5.413705616208166e-05,0.06840159672319508,-0.0002112279105910775,0.012000621155645524,0.00017554545085226791,-0.011065191796727727,-22.960678810222642,-0.009251192831179686,17.56991117023413,0.7393296191824291,1.9243187718358907,0.0010142286792829268,-0.011065190906675942,-22.960678775050276,-0.009251192438878524,17.569911244327223,0.7393296164018553,1.924318751010827,0.0010142288430846204
2.570999999999828,2,1,1,4,0.0005980530870916259,5.577105923842191,5.496092416161564,5.0,0.5615321785647966,3.3159788143710365e-06,0.43568638495819867,0.023877548654071885,3.664050250041921e-05,0.004246097899148834,0.5645909585325732,-9.278252918510013e-06,0.003058805895434412,0.2644390657775133,0.006505948763289292,0.006505948763289292,1.0,-0.025311582763336178,-0.025255360378225806,0.0,0.0,0.0,-0.025311582763336178,-0.0,-0.0,0.0,-0.007304631538894167,-0.007303416938280947,0.0,0.0,0.0,0.055,0.3,0.2926953684611056,0.0,0.0,0.0,1.8082264324316394e-06,0,0,0,1,0,0.4997149099918854,0.4997149099918854,0,0,0.20833296002820134,1.4281080672626043,2.071324552537871e-05,0.0021961599618445147,8.453940501582623e-06,-1.6436919327373958,-5.039800232946347e-05,1.6505031432088793,-0.7852821021913665,0.00011034922907151117,0.055031233456556715,4.579739946115642e-05,0.07136903584508142,-0.00019965850047324834,0.011311660492737423,0.000165037003094181,-0.011026314982594059,-22.97083763693799,-0.008656719721343213,17.565691039301946,0.7393072612270443,1.9215324838545937,0.0009915230753208184,-0.011026314087805605,-22.970837601556465,-0.008656719325688149,17.56569111398129,0.7393072584200098,1.9215324628658208,0.0009915232410924748
2.5809999999998268,2,1,1,4,0.0006353483954130426,5.584231939133436,5.507389105284059,5.0,0.5617745667369776,3.646071319318817e-06,0.4357289165974617,0.02452845137556143,2.9998643073729748e-05,0.004256215568557973,0.5648781340922312,-9.278252918510013e-06,0.003103594265807475,0.2802326997343184,0.006793124322947208,0.006793124322947208,1.0,-0.026518056149591858,-0.026462299000843445,0.0,0.0,0.0,-0.026518056149591858,-0.0,-0.0,0.0,-0.007564387204471357,-0.007562612173079019,0.0,0.0,0.0,0.055,0.3,0.29243561279552843,0.0,0.0,0.0,1.9058481483213459e-06,0,0,0,1,0,0.49970010844326485,0.49970010844326485,0,0,0.2007090370170772,1.428837730710136,2.176746688820624e-05,0.002759236612243077,8.864925134918215e-06,-1.642962269289864,-5.232780980983462e-05,1.6506122070933864,-0.7852805148933054,0.00010130098506434294,0.05734410589088466,3.722939892338506e-05,0.07426174312598562,-0.00018744032723875257,0.010566461784272554,0.00015342058208360162,-0.010926610422155465,-22.983106751555923,-0.007978111994000689,17.56173032779698,0.7392980476370269,1.9186006058478637,0.0009679143434576782,-0.01092660952206501,-22.983106715936685,-0.007978111594416202,17.561730403140523,0.7392980447999564,1.9186005846736534,0.0009679145114289159
2.5909999999998257,2,1,1,4,0.0006727216640043656,5.591564515882705,5.518137893798455,5.0,0.5620232581815889,3.90820818153253e-06,0.43577148247343545,0.025141728868465094,2.3088147187999456e-05,0.004254526023026564,0.5651682955548983,-9.278252918510013e-06,0.0031450650171767893,0.29590706475468903,0.0070832857856143495,0.0070832857856143495,1.0,-0.027710745812420633,-0.027656417491704652,0.0,0.0,0.0,-0.027710745812420633,-0.0,-0.0,0.0,-0.007836146216956642,-0.007833820652232358,0.0,0.0,0.0,0.055,0.3,0.29216385378304305,0.0,0.0,0.0,2.0005092403180268e-06,0,0,0,1,0,0.4996848530482654,0.4996848530482654,0,0,0.21883303998038173,1.4295958938559608,2.2728157441564096e-05,0.0033451368898292718,9.189573551837481e-06,-1.6422041061440393,-5.4133106325451026e-05,1.65071351464074,-0.7852790487732779,9.1717692829701e-05,0.05960034319172264,2.856066169219843e-05,0.07707629703232217,-0.0001748355346609886,0.009766021690549031,0.0001409267907029254,-0.010767518457603056,-22.99742564354078,-0.007217412417364003,17.55801150530402,0.7393041652425004,1.9155180905521627,0.0009435330928845358,-0.010767517554354919,-22.99742560775929,-0.007217412014345014,17.558011581171158,0.7393041623799687,1.915518069232149,0.0009435332628046297
2.6009999999998246,2,1,1,4,0.0007100853544547417,5.599236103003983,5.528448668897105,5.0,0.56227786972766,4.100130300656615e-06,0.43581398114202896,0.0257161239814881,1.5987198810420236e-05,0.0042440776875531635,0.565461058747748,-9.278252918510013e-06,0.003183217133458872,0.311419874687809,0.0073760489784640525,0.0073760489784640525,1.0,-0.028871592567024273,-0.028819704434638358,0.0,0.0,0.0,-0.028871592567024273,-0.0,-0.0,0.0,-0.008119672300752293,-0.008116816029949956,0.0,0.0,0.0,0.055,0.3,0.29188032769924743,0.0,0.0,0.0,2.0921241213076936e-06,0,0,0,1,0,0.4996693533544616,0.4996693533544616,0,0,0.19516696920618415,1.4303817600825561,2.359066270623414e-05,0.003953252134133874,9.427542365593937e-06,-1.641418239917444,-5.581129895009224e-05,1.6508065157176905,-0.7852777113659632,8.172522128850352e-05,0.061792280301714145,1.9910526772153188e-05,0.07981005592409088,-0.00016206917446543977,0.008910666183153207,0.0001277794942062735,-0.01055106392272811,-23.01372730028246,-0.0063773196133183096,17.55451539344468,0.7393272609488737,1.9122814597755837,0.0009184743685817114,-0.010551063017152383,-23.01372726436128,-0.006377319206739182,17.554515469807196,0.7393272580612069,1.912281438317917,0.0009184745404499086
2.6109999999998235,2,1,1,4,0.0007473820958822366,5.60732218490282,5.5384309160334135,5.0,0.5625380056765573,4.22038167245515e-06,0.4358563423798073,0.02625038898143956,8.777889895886854e-06,0.004228033880693849,0.5657560323667921,-9.278252918510013e-06,0.0032180550014253946,0.3267318654529714,0.0076710225975080626,0.0076710225975080626,1.0,-0.02998176676745291,-0.029933337963611896,0.0,0.0,0.0,-0.02998176676745291,-0.0,-0.0,0.0,-0.008414543839269624,-0.008411186880425804,0.0,0.0,0.0,0.055,0.3,0.29158545616073017,0.0,0.0,0.0,2.180554201244983e-06,0,0,0,1,0,0.49965391876571896,0.49965391876571896,0,0,0.19429100211709738,1.4311945096135514,2.435155865599216e-05,0.004582898166991132,9.57962728575247e-06,-1.6406054903864487,-5.736179080048023e-05,1.650890660560092,-0.7852765080288101,7.144404426900905e-05,0.06391246824362598,1.1388192517333465e-05,0.08246093579029441,-0.00014931876153556823,0.008000224796684417,0.00011419065647048996,-0.010279911173359786,-23.031939562388594,-0.005461240785671583,17.551222998447606,0.7393682811990259,1.9088899007876168,0.000892806651572451,-0.010279910265179623,-23.03193952630488,-0.005461240374849433,17.5512230753743,0.7393682782828644,1.9088898791732405,0.0008928068256067055
2.6209999999998224,2,1,1,2,0.0007843210095314348,5.287429749132336,5.538656178012276,5.0,0.562803163398964,4.274121082752296e-06,0.4358982489409209,0.026681401891818377,5.3641724473992955e-06,0.00402451890793066,0.5660528190494175,-9.278252918510013e-06,0.0032496839097619487,0.3417646938787478,0.007967809280133572,0.007967809280133572,1.0,-0.027279859422410777,-0.027102720471529517,0.0,0.0,0.0,-0.027279859422410777,-0.0,-0.0,0.0,-0.008712321089863407,-0.008705928092237799,0.0,0.0,0.0,0.055,0.3,0.2912876789101364,0.0,0.0,0.0,7.358913600856332e-06,0,0,0,1,0,0.4972917993963508,0.4972917993963508,0,0,0.196542008779943,1.4320330408627326,2.5006110227500183e-05,0.005233551873541485,9.64275078824436e-06,-1.6397669591372674,-5.8747145871666124e-05,1.6509651605416211,-0.7852754482564018,5.93572365604985e-05,0.06610956454021831,-1.380172582499685e-07,0.08485251566228673,-0.00011140915646814296,0.006881165136420147,9.621380555680471e-05,-0.010021483976453222,-23.0537417608116,-0.0045365171126343015,17.550678406292704,0.7392534197293238,1.9082834453704163,0.000855798738977835,-0.010021483222352792,-23.05374172956957,-0.00453651676188854,17.550678470325597,0.7392534173642789,1.9082834273401972,0.0008557988733870908
2.6309999999998213,2,1,1,2,0.0008153094654111117,5.330855292212654,5.507649391721614,5.0,0.5630714965035027,4.372725113926587e-06,0.43593382535188346,0.026985161375415293,1.245271032651743e-05,0.0032028200025749666,0.5663510164635305,-9.278252918510013e-06,0.0032795483709531625,0.3556973548590657,0.008266006694246522,0.008266006694246522,1.0,-0.03266986767182103,-0.032493115992824444,0.0,0.0,0.0,-0.03266986767182103,-0.0,-0.0,0.0,-0.009015601342848987,-0.00900742207900018,0.0,0.0,0.0,0.055,0.3,0.2909843986571508,0.0,0.0,0.0,3.1403772976766863e-06,0,0,0,1,0,0.4987470009110797,0.4987470009110797,0,0,0.19545800751075149,1.432890957480501,2.551128834088305e-05,0.005909625175031541,9.533462204731164e-06,-1.638909042519499,-5.9261931160115804e-05,1.6510265004634357,-0.785274679812242,4.403804463879719e-05,0.06881180404845255,-1.839283334748632e-05,0.08657649014834108,-1.1235170356254602e-05,0.005623092414879545,6.16503359465653e-05,-0.010286671552642724,-23.096372599101212,-0.004106094046991396,17.57226688397556,0.7380028043590409,1.926607308940578,0.0008309647216836387,-0.010286670821516629,-23.09637256980729,-0.004106093738704416,17.57226694359527,0.7380028021961571,1.9266072921532122,0.0008309648463669054
2.64099999999982,2,1,1,2,0.0008393814841245175,5.374115093610388,5.486659791369038,5.0,0.563343637598266,4.507682294332995e-06,0.435962125790796,0.027410903736308685,1.3660498930573197e-05,0.0025448991768424224,0.5666502184103199,-9.278252918510013e-06,0.003306609550378288,0.36858160261850587,0.008565208641035906,0.008565208641035906,1.0,-0.03716614304832855,-0.037003895579568,0.0,0.0,0.0,-0.03716614304832855,-0.0,-0.0,0.0,-0.009367681976325945,-0.009357807849393114,0.0,0.0,0.0,0.055,0.3,0.2906323180236738,0.0,0.0,0.0,1.9747492230075215e-06,0,0,0,1,0,0.4995129221054859,0.4995129221054859,0,0,0.18854200607165694,1.433766692712999,2.5887223978691498e-05,0.006611957011125156,9.284814489563967e-06,-1.638033307287001,-5.9053802461313285e-05,1.651077987213661,-0.7852742171833869,3.280932739474854e-05,0.0713753566943038,-2.928903720567265e-05,0.08840317163164359,4.1426631056563666e-05,0.004795115682361968,3.518102749747443e-05,-0.010417330566003316,-23.134811067157987,-0.00351808152936425,17.584175974696507,0.7373324797281313,1.9345159909751888,0.000868802621009746,-0.010417329833856159,-23.134811038429408,-0.003518081239019805,17.58417603305862,0.7373324776301398,1.9345159745422023,0.0008688027432825578
2.650999999999819,2,1,1,2,0.000857847929190996,5.413843353353061,5.474086441199677,5.0,0.5636202648533168,4.633438136522068e-06,0.4359845561894249,0.02786864307657639,1.1289906864264164e-05,0.002010888253636619,0.5669500159376205,-9.278252918510013e-06,0.003329780145680711,0.380684748431189,0.008865006168336475,0.008865006168336475,1.0,-0.040942235371709414,-0.04079974882208433,0.0,0.0,0.0,-0.040942235371709414,-0.0,-0.0,0.0,-0.009760654025315216,-0.009749264089782102,0.0,0.0,0.0,0.055,0.3,0.29023934597468454,0.0,0.0,0.0,2.4993019663777937e-06,0,0,0,1,0,0.49990967673866415,0.49990967673866415,0,0,0.18345797434449196,1.4346611447109554,2.616628926799751e-05,0.007339157716695211,8.9546132137396e-06,-1.6371388552890447,-5.849399939070999e-05,1.6511219948868703,-0.7852739660552359,2.4201372331439894e-05,0.07379907108907838,-3.553034912780548e-05,0.09030679080236703,6.451282916604761e-05,0.004080880334829747,1.8137132006488046e-05,-0.010402713578920076,-23.171892748115397,-0.002761598008183289,17.590924793187362,0.7370362489863046,1.9369889766011956,0.0008964282482494158,-0.01040271283611399,-23.17189271933778,-0.0027615977241152415,17.590924851679528,0.7370362468930319,1.9369889601314039,0.0008964283712800187
2.660999999999818,2,1,1,2,0.0008717410626643265,5.448553269707598,5.4682223080231145,5.0,0.5639014144935754,4.723608706913784e-06,0.43600219520151506,0.02831159211405194,6.954881613139022e-06,0.0015730573782534753,0.567250009769284,-9.278252918510013e-06,0.003348624549367457,0.39213462366872526,0.009165000000000017,0.009165000000000017,1.0,-0.04411292396035274,-0.043991822197572375,0.0,0.0,0.0,-0.04411292396035274,-0.0,-0.0,0.0,-0.01018796834860436,-0.010175269425953926,0.0,0.0,0.0,0.055,0.3,0.2898120316513954,0.0,0.0,0.0,2.9780940659103405e-06,0,0,0,1,0,0.49991927490200805,0.49991927490200805,0,0,0.19362499006092548,1.4355748939094088,2.636875071328729e-05,0.008089810155561709,8.578820772889227e-06,-1.6362251060905912,-5.780614197147842e-05,1.6511587550778755,-0.7852738445558765,1.7188907013594743e-05,0.07607946305310513,-3.893550109649364e-05,0.09225245803540884,7.042201880994293e-05,0.00333416571003122,8.085435582420418e-06,-0.010273166081663138,-23.209024643996756,-0.0018675592551630539,17.595023718945264,0.7369697895767318,1.9367522367498984,0.0009018065851945993,-0.010273165324991881,-23.209024614909627,-0.0018675589718100721,17.595023778157977,0.7369697874618135,1.936752220076744,0.000901806710305354
2.670999999999817,2,1,1,2,0.0008818878154525913,5.4776948371245755,5.467451484172581,5.0,0.5641868101628063,4.764791246098983e-06,0.4360158915628023,0.028719612659456894,1.7208240825260958e-06,0.0012118887307731362,0.567550009769284,-9.278252918510013e-06,0.003363228924724246,0.40299003893359014,0.009465000000000017,0.009465000000000017,1.0,-0.046791185915122255,-0.04669075084282117,0.0,0.0,0.0,-0.046791185915122255,-0.0,-0.0,0.0,-0.010644198867824648,-0.010630404541671565,0.0,0.0,0.0,0.055,0.3,0.28935580113217513,0.0,0.0,0.0,3.1718078557455276e-06,0,0,0,1,0,0.4998725846946588,0.4998725846946588,0,0,0.19104103557765484,1.4365081700280042,2.6506490464717183e-05,0.008862469010810425,8.178688776511306e-06,-1.6352918299719958,-5.711364361429541e-05,1.6511876182993015,-0.785273798103932,1.1075749331047183e-05,0.07821489547065805,-4.0720639458703657e-05,0.09420619849607494,6.741559684836052e-05,0.0025072230656652266,2.289855329319018e-06,-0.010062096268475703,-23.246588380586818,-0.000870364954052724,17.598137339180774,0.737034832888083,1.9356460290315833,0.0008892477212367211,-0.010062095499099543,-23.246588351170683,-0.0008703646701640026,17.598137399163686,0.73703483074754,1.935646012140971,0.0008892478484746528
2.6809999999998158,2,1,1,2,0.0008889615790864383,5.501532954128206,5.4703562104404755,5.0,0.564476062758997,4.751922286655964e-06,0.436026330064215,0.029086589604886737,-3.7497211460144886e-06,0.0009130643208887862,0.567850009769284,-9.278252918510013e-06,0.0033739761816054844,0.4132819000689624,0.009765000000000017,0.009765000000000017,1.0,-0.04905118425284042,-0.04896892840536387,0.0,0.0,0.0,-0.04905118425284042,-0.0,-0.0,0.0,-0.011124861053773822,-0.011110164468387215,0.0,0.0,0.0,0.055,0.3,0.2888751389462259,0.0,0.0,0.0,3.261634416328035e-06,0,0,0,1,0,0.4998618285745071,0.4998618285745071,0,0,0.19204203272238374,1.437460891626061,2.658587680945333e-05,0.009655689671085162,7.765798743431718e-06,-1.6343391083739391,-5.647478192583364e-05,1.6512077604956155,-0.7852737962556489,5.415331479207942e-06,0.08020651458725463,-4.167254853381868e-05,0.09613931358656355,6.072778595806857e-05,0.0015995888884781557,-1.3289905089248143e-06,-0.009796102111717683,-23.284700908416077,0.00020216818254458965,17.600873902496765,0.7371670975307422,1.9342934921238155,0.0008654475570042946,-0.009796101331764983,-23.284700878721225,0.00020216846676891737,17.600873963141197,0.7371670953674897,1.9342934750462766,0.0008654476860477681
2.6909999999998147,2,1,1,2,0.0008935147390793088,5.520565578682728,5.475762847961532,5.0,0.5647687537558617,4.684914328556726e-06,0.4360340701602946,0.029411565132980513,-9.076374589052467e-06,0.0006653406107193144,0.568150009769284,-9.278252918510013e-06,0.003381284844307583,0.4230302580970202,0.010065000000000017,0.010065000000000017,1.0,-0.05094981804503174,-0.05088324137865342,0.0,0.0,0.0,-0.05094981804503174,-0.0,-0.0,0.0,-0.011626092110621305,-0.01161066119933762,0.0,0.0,0.0,0.055,0.3,0.28837390788937844,0.0,0.0,0.0,3.290271041533362e-06,0,0,0,1,0,0.49986688856239647,0.49986688856239647,0,0,0.19412505207583308,1.4384327192693789,2.660981428615003e-05,0.010468046752624955,7.345582865947218e-06,-1.6333672807306212,-5.590775720931078e-05,1.6512184456963224,-0.7852738251423511,-6.564116883928793e-08,0.08205682335262056,-4.228187217369687e-05,0.09802838239126813,5.3486042805942726e-05,0.0006253804451430673,-4.111872954974707e-06,-0.009493325897965777,-23.323362008241855,0.0013305606106963467,17.60349491986626,0.7373264682809433,1.9329316478352572,0.00083533861481642,-0.009493325109472903,-23.323361978330908,0.0013305608946337533,17.60349498103424,0.7373264660995011,1.9329316306095794,0.0008353387452829624
2.7009999999998136,2,1,1,2,0.0008960017257091659,5.535344361743498,5.482726103713923,5.0,0.5650644698927184,4.566422711553186e-06,0.4360395716682265,0.02969600437264644,-1.4058949101966622e-05,0.00045970437407744856,0.5684500097692841,-9.278252918510013e-06,0.003385568184346526,0.43225139783820354,0.010365000000000017,0.010365000000000017,1.0,-0.05253647280891841,-0.05248328067261694,0.0,0.0,0.0,-0.05253647280891841,-0.0,-0.0,0.0,-0.012144555614084717,-0.012128534332659181,0.0,0.0,0.0,0.055,0.3,0.28785544438591504,0.0,0.0,0.0,3.2822163502518122e-06,0,0,0,1,0,0.49987807027610764,0.49987807027610764,0,0,0.19450002582743764,1.4394231078221313,2.6579183286624374e-05,0.011298146278881864,6.919750246426052e-06,-1.6323768921778687,-5.540769529484709e-05,1.6512191094547282,-0.7852738811955431,-5.518215170920816e-06,0.08376945174417,-4.2835875213392176e-05,0.09985511014071301,4.741586861810034e-05,-0.0003967440230048892,-6.863608602316136e-06,-0.009165824739059917,-23.36250525910145,0.0025013726288453703,17.60612787568902,0.737489178143526,1.9316593419407584,0.0008022711458921267,-0.009165823943781806,-23.362505229035374,0.002501372911747782,17.60612793724526,0.7374891759486201,1.9316593246049842,0.0008022712774126512
2.7109999999998124,2,1,1,2,0.0008967969612519158,5.546409458858118,5.490501071534952,5.0,0.5653628192195068,4.4004534073922285e-06,0.4360432139777891,0.029942442746679836,-1.8607150974480408e-05,0.0002888425684087544,0.568750009769284,-9.278252918510013e-06,0.003387218169458055,0.44096104714301065,0.010665000000000018,0.010665000000000018,1.0,-0.0538542475009371,-0.05381242706420779,0.0,0.0,0.0,-0.0538542475009371,-0.0,-0.0,0.0,-0.012677373632369204,-0.012660884513115157,0.0,0.0,0.0,0.055,0.3,0.2873226263676305,0.0,0.0,0.0,3.2509338675260627e-06,0,0,0,1,0,0.4998909678640606,0.4998909678640606,0,0,0.19720802083611488,1.4404313550712702,2.6493841805553194e-05,0.012144635711918483,6.4879339343407375e-06,-1.63136864492873,-5.495777041088877e-05,1.6512093761714555,-0.7852739667642695,-1.1009654804952128e-05,0.08534892950909666,-4.348542806435156e-05,0.10160581345729525,4.334042715175385e-05,-0.001448154790798807,-1.002369961430845e-05,-0.008821594646343389,-23.40203933338267,0.0037052288385894215,17.608832754162826,0.7376421840208206,1.930510573229928,0.0007684555367350038,-0.00882159384572706,-23.402039303215737,0.003705229119716284,17.60883281598631,0.737642181816822,1.93051055581807,0.0007684556689803827
2.7209999999998113,2,1,1,2,0.0008962092088608256,5.554259532061906,5.49851269812231,5.0,0.5656634376657054,4.191535169173645e-06,0.4360453109534316,0.030153805584873565,-2.269431150862046e-05,0.00014677940018102218,0.569050009769284,-9.278252918510013e-06,0.003386598890912247,0.4491756601177117,0.010965000000000018,0.010965000000000018,1.0,-0.05494076216290573,-0.05490859014285222,0.0,0.0,0.0,-0.05494076216290573,-0.0,-0.0,0.0,-0.013222068518960082,-0.013205215568590297,0.0,0.0,0.0,0.055,0.3,0.2867779314810396,0.0,0.0,0.0,3.2039150664445828e-06,0,0,0,1,0,0.49990376554355787,0.49990376554355787,0,0,0.193667015992105,1.4414566443092987,2.6353299513007237e-05,0.013006211716218402,6.04877933821652e-06,-1.6303433556907014,-5.453623068018818e-05,1.6511890466215629,-0.7852740871861376,-1.6551872020434677e-05,0.08680046497468383,-4.429259828943984e-05,0.10327077048165724,4.152378997980235e-05,-0.00251219416437404,-1.3791621914793163e-05,-0.008466019802477786,-23.44186799103406,0.0049353999942944975,17.611636045531885,0.737779258220486,1.9294910884192076,0.0007353242464403189,-0.008466018997693666,-23.44186796081265,0.004935400272965455,17.611636107518688,0.7377792560112328,1.9294910709604705,0.0007353243791268317
2.7309999999998102,2,1,1,2,0.0008944932343533376,5.559340629936235,5.506326623179182,5.0,0.565965990924122,3.944256113994778e-06,0.4360461227958928,0.030333078396898937,-2.6328041075891457e-05,2.8613137562357798e-05,0.569350009769284,-9.278252918510013e-06,0.0033840446774763763,0.4569127823839741,0.011265000000000018,0.011265000000000018,1.0,-0.055828786160067354,-0.05580480611374436,0.0,0.0,0.0,-0.055828786160067354,-0.0,-0.0,0.0,-0.013776511672958276,-0.013759383158223346,0.0,0.0,0.0,0.055,0.3,0.2862234883270413,0.0,0.0,0.0,3.1455572530168046e-06,0,0,0,1,0,0.4999158533266266,0.4999158533266266,0,0,0.19341695588082075,1.4424980803208445,2.6157152729141658e-05,0.013881625852442186,5.6006396059767186e-06,-1.6293019196791556,-5.4120647365343796e-05,1.6511580740121683,-0.785274248895944,-2.2121945493428027e-05,0.08812975125596435,-4.5263841684215885e-05,0.10484356614570757,4.19006306046965e-05,-0.003574812281058765,-1.8214452209981414e-05,-0.008102851995855703,-23.481899146729038,0.006186842806479086,17.614547742577166,0.7378983438819443,1.9285958963883272,0.0007037887760865441,-0.008102851187854521,-23.481899116492606,0.0061868430820843845,17.614547804638757,0.7378983416707546,1.9285958789075908,0.0007037889089707197
2.740999999999809,2,1,1,2,0.0008918593717493198,5.562044773343827,5.513623112391927,5.0,0.5662701741210394,3.6630269328509642e-06,0.4360458656395372,0.030483155879381656,-2.953233698043706e-05,-6.968426853664699e-05,0.569650009769284,-9.278252918510013e-06,0.0033798604240218764,0.4641910087539243,0.011565000000000018,0.011565000000000018,1.0,-0.05654678446142381,-0.0565297731159506,0.0,0.0,0.0,-0.05654678446142381,-0.0,-0.0,0.0,-0.01433887808427695,-0.014321549019266109,0.0,0.0,0.0,0.055,0.3,0.28566112191572274,0.0,0.0,0.0,3.0786809840738366e-06,0,0,0,1,0,0.4999271380760826,0.4999271380760826,0,0,0.1935840118676424,1.4435547190866014,2.5905348678328428e-05,0.014769688510850296,5.141999404196311e-06,-1.6282452809133987,-5.369033010830709e-05,1.651116537463119,-0.7852744582493548,-2.76766342304587e-05,0.08934280480819677,-4.637274675436336e-05,0.10632049083750808,4.422613239729754e-05,-0.004624588296170288,-2.3246563024114697e-05,-0.007734847826571206,-23.5220485014621,0.0074555739875913005,17.6175696281925,0.7379998082942729,1.9278171326280045,0.0006744128554139481,-0.0077348470161341274,-23.5220484712443,0.007455574259586618,17.61756969025306,0.7379998060840156,1.9278171151465644,0.0006744129882856291
2.750999999999808,2,1,1,2,0.0008884814036919922,5.562713185994225,5.5201746223374375,5.0,0.5665757105153458,3.351979052754376e-06,0.436044719390759,0.030606779419740566,-3.2337195100594574e-05,-0.0001514253171634325,0.569950009769284,-9.278252918510013e-06,0.003374322891764711,0.4710297830454127,0.011865000000000018,0.011865000000000018,1.0,-0.057119416787005065,-0.05710834883926763,0.0,0.0,0.0,-0.057119416787005065,-0.0,-0.0,0.0,-0.01490760606792837,-0.014890140351156485,0.0,0.0,0.0,0.055,0.3,0.2850923939320713,0.0,0.0,0.0,3.0052970172985727e-06,0,0,0,1,0,0.49993771484677385,0.49993771484677385,0,0,0.19270798657089472,1.4446255918764208,2.5598330164594813e-05,0.015669271400717492,4.671714275338242e-06,-1.6271744081235793,-5.322756120552864e-05,1.6510646169070935,-0.785274720829083,-3.316245257559334e-05,0.0904458344349244,-4.757534494557805e-05,0.10770001370545883,4.817124628784578e-05,-0.005652491530096485,-2.8789580150076127e-05,-0.007364170071022224,-23.562240583320612,0.008738274842087888,17.620699215409758,0.7380853168892637,1.9271472134658865,0.0006475269629719921,-0.00736416925881252,-23.56224055315103,0.008738275109979172,17.620699277402768,0.7380853146824693,1.9271471960024327,0.0006475270956453822
2.760999999999807,2,1,1,2,0.0008845030624327335,5.56164144160373,5.525826945119328,5.0,0.5668823498307606,3.014938634355254e-06,0.4360428341595634,0.03070651670951587,-3.4772986677213726e-05,-0.000219334705441774,0.570250009769284,-9.278252918510013e-06,0.003367682375773276,0.47744915631810575,0.01216500000000002,0.01216500000000002,1.0,-0.05756799864699242,-0.05756201421611778,0.0,0.0,0.0,-0.05756799864699242,-0.0,-0.0,0.0,-0.01548136177806137,-0.015463813990067049,0.0,0.0,0.0,0.055,0.3,0.2845186382219383,0.0,0.0,0.0,2.926980912615571e-06,0,0,0,1,0,0.4999477201714446,0.4999477201714446,0,0,0.19158300710842013,1.4457097245047197,2.5237098076410426e-05,0.016579308877888176,4.189127103932702e-06,-1.6260902754952804,-5.271809120646176e-05,1.6510025709438294,-0.7852750410715149,-3.852252559441885e-05,0.09144513652287052,-4.882021039732561e-05,0.10898233366085641,5.338130471253899e-05,-0.00665155727856226,-3.471872633573466e-05,-0.0069926319330706884,-23.60240863324823,0.010032049495030126,17.623931585076956,0.7381571269077595,1.9265798085723917,0.0006233037886946234,-0.0069926311196591125,-23.602408603153048,0.010032049758363287,17.62393164694323,0.738157124706686,1.926579791143546,0.0006233039210034609
2.770999999999806,2,1,1,2,0.0008800433908101859,5.559085105905197,5.530483611241677,5.0,0.5671898665010077,2.6554395025857643e-06,0.4360403355456018,0.03078476023451106,-3.686775869445919e-05,-0.000275653938873164,0.570550009769284,-9.278252918510013e-06,0.0033601644597188833,0.48346955343332826,0.01246500000000002,0.01246500000000002,1.0,-0.057910924288037936,-0.05790930054378657,0.0,0.0,0.0,-0.057910924288037936,-0.0,-0.0,0.0,-0.016059008124251452,-0.016041425022106152,0.0,0.0,0.0,0.055,0.3,0.28394099187574817,0.0,0.0,0.0,2.8450499920931227e-06,0,0,0,1,0,0.4999572740607472,0.4999572740607472,0,0,0.18520798766985536,1.4468061525007243,2.482321865937315e-05,0.017498798347447973,3.694104534629875e-06,-1.6249938474992758,-5.2151189408180535e-05,1.6509307180018131,-0.7852754221028447,-4.3701139507135865e-05,0.0923470119352203,-5.005495221916958e-05,0.11016900286758925,5.951053929869195e-05,-0.0076165584254894916,-4.089990032316828e-05,-0.006621839325196351,-23.642494035747433,0.011334282832619983,17.627260248506342,0.7382176593709203,1.9261098880725909,0.0006018082196220172,-0.006621838511087708,-23.642494005750553,0.011334283090968204,17.62726031019195,0.7382176571776258,1.9261098706935054,0.0006018083514141283
2.7809999999998047,2,1,1,2,0.0008752011573755205,5.55526517353141,5.534093131254415,5.0,0.5674980579480535,2.2767528406693585e-06,0.43603732898233194,0.030843733410241936,-3.8646251497057686e-05,-0.0003222275741288293,0.570850009769284,-9.278252918510013e-06,0.0033519717376506186,0.4891115661182121,0.01276500000000002,0.01276500000000002,1.0,-0.058164049764277595,-0.058166176971048415,0.0,0.0,0.0,-0.058164049764277595,-0.0,-0.0,0.0,-0.016639577699244994,-0.01662199945174286,0.0,0.0,0.0,0.055,0.3,0.28336042230075464,0.0,0.0,0.0,2.7606444124852445e-06,0,0,0,1,0,0.4999664630353209,0.4999664630353209,0,0,0.1942919916473329,1.4479139328736137,2.4358794743324844e-05,0.01842679993493473,3.187022842694208e-06,-1.6238860671263864,-5.151944037126708e-05,1.6508494206369384,-0.7852758657095666,-4.864665740259376e-05,0.0931577004472361,-5.123023474347617e-05,0.11126261433331172,6.624106146063063e-05,-0.008543706638342589,-4.72005026337683e-05,-0.006253268603333885,-23.682445618722106,0.012642561535680432,17.630677582747207,0.7382692521787534,1.925733442453881,0.0005830308149015341,-0.0062532677889868505,-23.682445588845862,0.012642561788633249,17.630677644201725,0.7382692499951582,1.9257334251387228,0.0005830309460347599
2.7909999999998036,2,1,1,2,0.0008700584862652285,5.550372991286227,5.536638646042722,5.0,0.5678067429380795,1.8819210053427015e-06,0.4360339033034485,0.030885499208360676,-4.012986335879108e-05,-0.00036057449275036314,0.571150009769284,-9.278252918510013e-06,0.0033432854580657417,0.4943957764520445,0.01306500000000002,0.01306500000000002,1.0,-0.058341035236692575,-0.05834639688580715,0.0,0.0,0.0,-0.058341035236692575,-0.0,-0.0,0.0,-0.017222249313286773,-0.017204710519451837,0.0,0.0,0.0,0.055,0.3,0.2827777506867129,0.0,0.0,0.0,2.6747638979774447e-06,0,0,0,1,0,0.4999753405102474,0.4999753405102474,0,0,0.19395799608901143,1.449032153063744,2.3846414478765964e-05,0.01936243558205506,2.668723372208133e-06,-1.622767846936256,-5.081840834876027e-05,1.6507590726006862,-0.7852763723927593,-5.331328388672297e-05,0.09388332929239476,-5.2302119904699195e-05,0.11226654455590014,7.329204243508056e-05,-0.009430393879616139,-5.349606478698369e-05,-0.005888304627411956,-23.72221896040223,0.013954633863154478,17.634175092391683,0.7383140287390542,1.9254471414112593,0.0005669105696517998,-0.005888303813245273,-23.722218930667736,0.013954634110311991,17.634175153567515,0.7383140265669623,1.9254471241734064,0.0005669106999921553
2.8009999999998025,2,1,1,2,0.0008646838359402656,5.544574565875141,5.538129586223047,5.0,0.568115760026506,1.473788812541935e-06,0.4360301336665074,0.0309119691016739,-4.133708399981527e-05,-0.0003919467981890332,0.5714500097692841,-9.278252918510013e-06,0.0033342670789270963,0.4993426089412449,0.01336500000000002,0.01336500000000002,1.0,-0.05845364713932274,-0.05846180363621691,0.0,0.0,0.0,-0.05845364713932274,-0.0,-0.0,0.0,-0.017806327729564034,-0.01778885825850251,0.0,0.0,0.0,0.055,0.3,0.2821936722704356,0.0,0.0,0.0,2.588285394089751e-06,0,0,0,1,0,0.49998393324878165,0.49998393324878165,0,0,0.2020830288529396,1.4501599375828051,2.328908709496347e-05,0.02030488769232904,2.1404511254168534e-06,-1.621640062417195,-5.004624549950484e-05,1.650660088268068,-0.7852769414723095,-5.766202445031564e-05,0.09452987306296702,-5.323328221763736e-05,0.11318474267338889,8.0422877259902e-05,-0.0102749744480211,-5.9674075916180404e-05,-0.005528255374220745,-23.761775752817712,0.015268392306556645,17.637743607456287,0.7383538385530656,1.9252480359839816,0.0005533506870731286,-0.005528254560623849,-23.761775723245293,0.015268392547522545,17.637743668307657,0.7383538363942067,1.925248018836306,0.0005533508164925914
2.8109999999998014,2,1,1,2,0.0008591344391440095,5.538014258253481,5.538594988261304,5.0,0.5684249660902522,1.0550293083012804e-06,0.43602608394573983,0.030924911552674295,-4.2284110897831795e-05,-0.00041737841318797454,0.571750009769284,-9.278252918510013e-06,0.003325059735432026,0.5039722075369386,0.01366500000000002,0.01366500000000002,1.0,-0.058512022213745955,-0.05852259755408121,0.0,0.0,0.0,-0.058512022213745955,-0.0,-0.0,0.0,-0.018391226209479642,-0.01837385189399913,0.0,0.0,0.0,0.055,0.3,0.2816087737905201,0.0,0.0,0.0,2.5019734125008494e-06,0,0,0,1,0,0.4999922488735178,0.4999922488735178,0,0,0.18966698553413153,1.4512964527652734,2.269017231014875e-05,0.021253397427806693,1.6037855743834476e-06,-1.6205035472347267,-4.920328963520178e-05,1.6505528940403023,-0.7852775712185333,-6.166108559443534e-05,0.09510312278868076,-5.399347558773934e-05,0.11402155851695962,8.743279135633979e-05,-0.011076583512543791,-6.563594771653627e-05,-0.00517435351786281,-23.801083231997936,0.016581868929276992,17.641373458992245,0.738390241234625,1.9251333335931682,0.0005422297399291685,-0.0051743527051949945,-23.80108320260712,0.01658186916365635,17.64137351947514,0.7383902390906527,1.9251333165480498,0.0005422298683054339
2.8209999999998003,2,1,1,2,0.0008534582981578878,5.53081791483794,5.53807816586645,5.0,0.5687342349414513,6.281631674973389e-07,0.43602180868738083,0.03092595987842403,-4.2985485592577666e-05,-0.00043772509162826116,0.572050009769284,-9.278252918510013e-06,0.003315789626313604,0.5083043338180974,0.01396500000000002,0.01396500000000002,1.0,-0.05852489635408935,-0.05853756726589571,0.0,0.0,0.0,-0.05852489635408935,-0.0,-0.0,0.0,-0.018976451502029288,-0.018959194712986408,0.0,0.0,0.0,0.055,0.3,0.28102354849797045,0.0,0.0,0.0,2.4164881693047195e-06,0,0,0,1,0,0.4999966373573874,0.4999966373573874,0,0,0.19470800179988146,1.4524409099833737,2.205330797554894e-05,0.022207262738888407,1.0605696644737215e-06,-1.6193590900166264,-4.829167784203181e-05,1.6504379213860583,-0.7852782589962668,-6.528589053528865e-05,0.09560866248250921,-5.4559512166334656e-05,0.11478160303008537,9.41584611495546e-05,-0.01183498685696981,-7.129775185829182e-05,-0.004827751515244702,-23.84011366966271,0.01789323700600646,17.645054644302903,0.7384245155827618,1.925100244061998,0.0005334097475036186,-0.004827750703842547,-23.8401136404727,0.017893237233401305,17.645054704374335,0.7384245134552826,1.925100227131524,0.0005334098747184885
2.8309999999997992,2,1,1,2,0.0008476958139331517,5.523095504070299,5.536632483707511,5.0,0.5690434560166192,1.955720430261172e-07,0.43601735470526093,0.030916619554513386,-4.3454664712221905e-05,-0.0004536972807666806,0.572350009769284,-9.278252918510013e-06,0.003306567324676872,0.5123582830358323,0.01426500000000002,0.01426500000000002,1.0,-0.05849980171933478,-0.05851428881845187,0.0,0.0,0.0,-0.05849980171933478,-0.0,-0.0,0.0,-0.019561590944132377,-0.019544471067617517,0.0,0.0,0.0,0.055,0.3,0.2804384090558673,0.0,0.0,0.0,2.3323934355371526e-06,0,0,0,1,0,0.4999919782740716,0.4999919782740716,0,0,0.19333302043378353,1.45359256761804,2.138233907870629e-05,0.023165836194236508,5.12840853937762e-07,-1.6182074323819602,-4.7314990028741545e-05,1.650315601238062,-0.7852790014116465,-6.85188348537048e-05,0.09605185180367123,-5.491493135494097e-05,0.11546963553350713,0.000100470634312145,-0.01255045664589405,-7.65901572653197e-05,-0.004489514200096325,-23.878843916741594,0.019200815061808266,17.64877698213114,0.7384576820628735,1.9251458837596434,0.0005267421505527254,-0.004489513390264476,-23.87884388777077,0.01920081528181944,17.64877704174986,0.7384576799534253,1.9251458669554344,0.0005267422764936657
2.840999999999798,2,1,1,2,0.0008418811145479979,5.514943329673503,5.534318023873101,5.0,0.5693525331363458,-2.4049324881038155e-07,0.4360127623813387,0.030898275080493236,-4.3704487832294e-05,-0.0004658870434368796,0.572650009769284,-9.278252918510013e-06,0.0032974890183097576,0.5161528153194476,0.01456500000000002,0.01456500000000002,1.0,-0.05844323574020416,-0.05845929632044147,0.0,0.0,0.0,-0.05844323574020416,-0.0,-0.0,0.0,-0.0201463013745132,-0.020129335209863673,0.0,0.0,0.0,0.055,0.3,0.2798536986254865,0.0,0.0,0.0,2.250164599878597e-06,0,0,0,1,0,0.49998454933989644,0.49998454933989644,0,0,0.19208301091566682,1.454750732028267,2.0681250194121606e-05,0.024128522665843376,-3.723341946394273e-08,-1.617049267971733,-4.627792883452706e-05,1.6501863595106383,-0.7852797944552528,-7.13488708126228e-05,0.09643781376336558,-5.504948065671924e-05,0.11609047322127707,0.00010627035324520845,-0.013223668632520634,-8.145785577472092e-05,-0.004160611238381328,-23.917254989212452,0.020503071028841947,17.65253025492141,0.7384905314756351,1.92526722320644,0.0005220723211754322,-0.004160610430407389,-23.917254960479102,0.020503071241063715,17.652530314046622,0.7384905293857236,1.9252672065399765,0.0005220724457330436
2.850999999999797,2,1,1,2,0.0008360431373264079,5.506445887466047,5.531198972915262,5.0,0.5696613833317605,-6.779085961386755e-07,0.43600806672483616,0.03087219652031029,-4.3747532142699636e-05,-0.00047479005933434375,0.572950009769284,-9.278252918510013e-06,0.0032886376832209456,0.519706099889835,0.01486500000000002,0.01486500000000002,1.0,-0.05836080557793895,-0.05837822772532361,0.0,0.0,0.0,-0.05836080557793895,-0.0,-0.0,0.0,-0.02073029959977671,-0.02071350169300453,0.0,0.0,0.0,0.055,0.3,0.279269700400223,0.0,0.0,0.0,2.1701968778938815e-06,0,0,0,1,0,0.4999774478256971,0.4999774478256971,0,0,0.1901249634101987,1.4559147577194669,1.995410272774713e-05,0.025094776914773957,-5.874144460599335e-07,-1.6158852422805332,-4.518603773629354e-05,1.6500506135455082,-0.7852806336376374,-7.37709838747477e-05,0.09677142660779493,-5.495849139190605e-05,0.11664891905051923,0.00011148513962407045,-0.013855616966298424,-8.585867142591201e-05,-0.0038419107400362077,-23.955331688488638,0.021798625275664854,17.65630433533287,0.7385236554617682,1.925461065260891,0.0005192430237842281,-0.003841909934168438,-23.955331660010053,0.02179862547969186,17.65630439392607,0.7385236533928154,1.9254610487430301,0.0005192431468557777
2.860999999999796,2,1,1,2,0.0008302065095721336,5.497677425002049,5.527341588901057,5.0,0.5699699357350099,-1.114675408113756e-06,0.4360032982343448,0.030839545801038693,-4.359635936062669e-05,-0.00048082356193050523,0.573250009769284,-9.278252918510013e-06,0.0032800841931750735,0.523035670557751,0.01516500000000002,0.01516500000000002,1.0,-0.058257351369145366,-0.058275949147990225,0.0,0.0,0.0,-0.058257351369145366,-0.0,-0.0,0.0,-0.02131335418576249,-0.02129673711020626,0.0,0.0,0.0,0.055,0.3,0.2786866458142372,0.0,0.0,0.0,2.0928134615153866e-06,0,0,0,1,0,0.4999706902744834,0.4999706902744834,0,0,0.1937499619089067,1.4570840468767643,1.9204977769860128e-05,0.026064101115356623,-1.1354444033450647e-06,-1.6147159531232358,-4.404545653335797e-05,1.6499087693276628,-0.7852815141148471,-7.578560707458375e-05,0.09705731917224791,-5.4642205750920705e-05,0.11714970484162232,0.00011606534196028594,-0.014447543458073428,-8.976248589513088e-05,-0.0035341746587317035,-23.99306225054253,0.023086251912730046,17.66008929535079,0.7385574763255159,1.925724043770299,0.0005180971034278981,-0.0035341738551985555,-23.99306222233582,0.023086252108151767,17.6600893533742,0.7385574742789044,1.9257240274116871,0.0005180972249143197
2.870999999999795,2,1,1,2,0.0008243922650160987,5.488703254956141,5.522812634161623,5.0,0.5702781305316456,-1.5489213670592743e-06,0.4359984835995009,0.030801382821851325,-4.3263668072849695e-05,-0.000484340928327375,0.573550009769284,-9.278252918510013e-06,0.003271888367327973,0.5261583911091217,0.015465000000000022,0.015465000000000022,1.0,-0.0581370512851912,-0.05815666079232441,0.0,0.0,0.0,-0.0581370512851912,-0.0,-0.0,0.0,-0.0218952783789669,-0.02187885297272979,0.0,0.0,0.0,0.055,0.3,0.2781047216210327,0.0,0.0,0.0,2.0182733754675307e-06,0,0,0,1,0,0.4999642916389764,0.4999642916389764,0,0,0.19533297745510936,1.4582580484004164,1.8437924988053597e-05,0.027036042349233888,-1.6790917024679905e-06,-1.6135419515995837,-4.286271194109629e-05,1.649761219341171,-0.7852824308026208,-7.739800612505903e-05,0.09729986912252138,-5.410509339056654e-05,0.11759744694978198,0.00011998075096461815,-0.015000878761970152,-9.315007024809417e-05,-0.0032380562040416963,-24.030438019649527,0.02436487817552652,17.663875497587355,0.738592274814147,1.9260526352510121,0.0005184795882032367,-0.0032380554031795575,-24.03043799173891,0.024364878361785226,17.66387555498845,0.7385922727917886,1.9260526190665264,0.0005184797079723192
2.8809999999997937,2,1,1,2,0.0008186184265105692,5.479580865256679,5.517678181069349,5.0,0.5705859179731823,-1.978902260542501e-06,0.43599364627232295,0.030758671399865902,-4.276236775517257e-05,-0.0004856435204279435,0.573850009769284,-9.278252918510013e-06,0.0032640999577063924,0.5290904294100139,0.015765000000000022,0.015765000000000022,1.0,-0.05800351109577316,-0.05802398721877676,0.0,0.0,0.0,-0.05800351109577316,-0.0,-0.0,0.0,-0.022475923991253886,-0.022459699559177385,0.0,0.0,0.0,0.055,0.3,0.27752407600874585,0.0,0.0,0.0,1.946778872817444e-06,0,0,0,1,0,0.49995826468333693,0.49995826468333693,0,0,0.1883330405689776,1.4594362565566923,1.7656917716368032e-05,0.028010190095391064,-2.2161895668461856e-06,-1.6123637434433078,-4.1644540327648926e-05,1.649608340957374,-0.7852833784786895,-7.861765893577692e-05,0.0975032035952027,-5.3355183158699226e-05,0.11799661231844806,0.00012321752831634622,-0.015517193425743855,-9.601188448220188e-05,-0.0029540992383384514,-24.067453143957867,0.025633581931527885,17.667653669284462,0.7386282152125448,1.926443178382034,0.0005202393335699085,-0.0029540984403912595,-24.06745311636342,0.025633582108132002,17.66765372601977,0.7386282132160156,1.9264431623839788,0.00052023945151261
2.8909999999997926,2,1,1,2,0.0008129004800301589,5.470360861349134,5.512002715890707,5.0,0.5708932574482593,-2.4030041999361554e-06,0.4359888069328846,0.030712285061659628,-4.210559107895265e-05,-0.00048499027471083674,0.574150009769284,-9.278252918510013e-06,0.0032567595780998247,0.5318472392308395,0.016065000000000024,0.016065000000000024,1.0,-0.05785984058230149,-0.05788105432923432,0.0,0.0,0.0,-0.05785984058230149,-0.0,-0.0,0.0,-0.023055176106081456,-0.023039160592542195,0.0,0.0,0.0,0.055,0.3,0.2769448238939182,0.0,0.0,0.0,1.8784823025620797e-06,0,0,0,1,0,0.4999526196846351,0.4999526196846351,0,0,0.18554198322817683,1.4606182093377447,1.6865814198329948e-05,0.028986173737821624,-2.744668092743841e-06,-1.6111817906622554,-4.03977393795298e-05,1.649450495266179,-0.7852843518730932,-7.945764651491664e-05,0.09767120182374994,-5.2403426756494935e-05,0.11835149309603592,0.00012577545942365676,-0.015998157155033513,-9.834688668122014e-05,-0.0026827395015073465,-24.104104290900523,0.026891587481251752,17.671414960375575,0.7386653675297108,1.926891897718611,0.0005232303007533856,-0.0026827387066161363,-24.104104263637428,0.02689158764778738,17.671415016412002,0.7386653655601998,1.926891881916345,0.0005232304167867177
2.9009999999997915,2,1,1,2,0.0008072517605185727,5.461087770096076,5.505848480145663,5.0,0.5712001166108631,-2.819745698099061e-06,0.4359839838695154,0.030663012678091937,-4.130665998344558e-05,-0.0004826054524756622,0.5744500097692841,-9.278252918510013e-06,0.0032498995759048916,0.5344435489105184,0.016365000000000022,0.016365000000000022,1.0,-0.05770871882562289,-0.05773055511957601,0.0,0.0,0.0,-0.05770871882562289,-0.0,-0.0,0.0,-0.02363294848612278,-0.023617148623762366,0.0,0.0,0.0,0.055,0.3,0.27636705151387697,0.0,0.0,0.0,1.8134923629320483e-06,0,0,0,1,0,0.49994736432017484,0.49994736432017484,0,0,0.1943749957717955,1.4618034866075833,1.6068324800649276e-05,0.02996366010871759,-3.2625801736659562e-06,-1.6099965133924168,-3.912904549643483e-05,1.6492880262759064,-0.7852853457467814,-7.993406724839333e-05,0.09780749940018661,-5.126310494417737e-05,0.1186661883059565,0.0001276655207885041,-0.016445504950907974,-0.00010016137999138903,-0.0024243074306085012,-24.1403903811682,0.028138259895516948,17.675150987155696,0.7387037268164208,1.927394929312589,0.0005273125360567818,-0.002424306638880823,-24.1403903542507,0.02813826005157498,17.675151042462286,0.7387037248750319,1.9273949137148574,0.000527312650104457
2.9109999999997904,2,1,1,2,0.0008016837663611656,5.451800729371,5.499275000656733,5.0,0.5715064705639881,-3.2277792161773423e-06,0.4359791932899937,0.03061156393403445,-4.037901913841382e-05,-0.0004786848906126073,0.574750009769284,-9.278252918510013e-06,0.003243544848545184,0.5368933560690454,0.016665000000000024,0.016665000000000024,1.0,-0.057552450096263544,-0.057574805948280655,0.0,0.0,0.0,-0.057552450096263544,-0.0,-0.0,0.0,-0.024209179580769038,-0.024193601019314306,0.0,0.0,0.0,0.055,0.3,0.2757908204192307,0.0,0.0,0.0,1.7518797714352177e-06,0,0,0,1,0,0.49994250368033,0.49994250368033,0,0,0.19237503875046968,1.462991708097552,1.5267984915228478e-05,0.03094235108184166,-3.768121751871689e-06,-1.608808291902448,-3.7845033870490405e-05,1.6491212604191872,-0.7852863549589797,-8.006548290699574e-05,0.09791549387040274,-4.994928262476173e-05,0.11894459130966176,0.00012890774248331885,-0.01686100902192774,-0.00010146791622071145,-0.002179032317926036,-24.17631234027396,0.029373098151569063,17.67885386331776,0.7387432297804813,1.9279483467161491,0.000532352902347127,-0.0021790315294403905,-24.176312313715492,0.02937309829674592,17.67885391786553,0.7387432278682385,1.9279483313311445,0.0005323530143389618
2.9209999999997893,2,1,1,2,0.0007962064161832474,5.442534082922582,5.492338768932911,5.0,0.571812301097034,-3.6258919228995782e-06,0.4359744495771458,0.03055857462203459,-3.9336148322441945e-05,-0.0004734010329349397,0.575050009769284,-9.278252918510013e-06,0.003237713606165304,0.5392099276498219,0.01696500000000002,0.01696500000000002,1.0,-0.05739301181209877,-0.05741579480250526,0.0,0.0,0.0,-0.05739301181209877,-0.0,-0.0,0.0,-0.0247838290477955,-0.02476847646635617,0.0,0.0,0.0,0.055,0.3,0.2752161709522043,0.0,0.0,0.0,1.69368235823812e-06,0,0,0,1,0,0.4999380403556841,0.4999380403556841,0,0,0.21062500309199095,1.4641825313033179,1.4468133199724269e-05,0.03192198122796215,-4.259646905573052e-06,-1.6076174686966822,-3.655203843060366e-05,1.6489505063122634,-0.785287374523965,-7.987240192517408e-05,0.0979983514043366,-4.847831601486415e-05,0.11919038201331547,0.0001295293413803031,-0.017246455567794704,-0.00010228426812255336,-0.0019470475420009228,-24.211872866947342,0.03059572733669364,17.682516220156256,0.7387837689359064,1.9285481864221306,0.0005382256021263475,-0.0019470467568030623,-24.21187284076035,0.03059572747059423,17.682516273918644,0.7387837670537427,1.92854817125738,0.0005382257119991117
2.930999999999788,2,1,1,2,0.0007908282591320417,5.433317896519867,5.48509303820886,5.0,0.5721175959751252,-4.013005503961877e-06,0.4359697654997494,0.03050461174875602,-3.819146313277165e-05,-0.0004669069721319126,0.575350009769284,-9.278252918510013e-06,0.003232418082411055,0.5414058046325003,0.017265000000000023,0.017265000000000023,1.0,-0.05723209579975678,-0.05725522281116166,0.0,0.0,0.0,-0.05723209579975678,-0.0,-0.0,0.0,-0.025356874716840734,-0.025341751922446597,0.0,0.0,0.0,0.055,0.3,0.274643125283159,0.0,0.0,0.0,1.6389096170356992e-06,0,0,0,1,0,0.499933974567063,0.499933974567063,0,0,0.19087502732872963,1.4653756493258587,1.367189476353729e-05,0.03290231554184455,-4.7356782997996656e-06,-1.6064243506741414,-3.525608908534522e-05,1.6487760547232246,-0.7852883996579744,-7.93768033863709e-05,0.09805901431776601,-4.686741291947109e-05,0.11940702294172467,0.00012956309947363123,-0.017603625685173145,-0.00010263247764189486,-0.0017283966276068839,-24.24707621771515,0.0318058901648008,17.686131217612093,0.7388252045428422,1.9291904721715332,0.0005448125258756397,-0.0017283958457166321,-24.24707619191119,0.031805890287038965,17.68613127056457,0.7388252026916081,1.9291904572339886,0.0005448126335722957
2.940999999999787,2,1,1,2,0.0007855566477019396,5.424178408412483,5.477587712658641,5.0,0.5724223482784045,-4.388174953360619e-06,0.4359651523875572,0.030450178444262944,-3.6958211488431816e-05,-0.00045933969093400143,0.575650009769284,-9.278252918510013e-06,0.00322766519524082,0.5434928108070121,0.01756500000000002,0.01756500000000002,1.0,-0.057071143899546935,-0.05709454005524792,0.0,0.0,0.0,-0.057071143899546935,-0.0,-0.0,0.0,-0.025928309933605176,-0.02591341994823731,0.0,0.0,0.0,0.055,0.3,0.27407169006639454,0.0,0.0,0.0,1.587546768060064e-06,0,0,0,1,0,0.49993030432308716,0.49993030432308716,0,0,0.19220897229388356,1.4665707886909778,1.2882168881004953e-05,0.03388314724823264,-5.194913530023782e-06,-1.6052292113090223,-3.396286395266724e-05,1.6485981787114798,-0.7852894258170351,-7.860170353240078e-05,0.09810020925304867,-4.513424555931634e-05,0.11959775844723262,0.00012904596215163896,-0.017934279769387666,-0.000102537983913448,-0.001523039903010507,-24.281928007071055,0.033003438036875964,17.68969254769102,0.7388673745992868,1.9298712377986722,0.0005520034524842714,-0.0015230391244135685,-24.281927981660495,0.03300343814707839,17.68969259981175,0.7388673727797279,1.9298712230945256,0.0005520035579550883
2.950999999999786,2,1,1,2,0.0007803978804614966,5.415138424711456,5.469869308309203,5.0,0.572726555789305,-4.750586332175933e-06,0.43596062027758314,0.030395718666148798,-3.56493716541309e-05,-0.00045082265679138595,0.575950009769284,-9.278252918510013e-06,0.0032234571597599,0.5454820650494324,0.017865000000000023,0.017865000000000023,1.0,-0.05691137878526538,-0.05693497655554067,0.0,0.0,0.0,-0.05691137878526538,-0.0,-0.0,0.0,-0.02649814123312365,-0.026483486371081073,0.0,0.0,0.0,0.055,0.3,0.27350185876687605,0.0,0.0,0.0,1.5395583634131718e-06,0,0,0,1,0,0.4999270255885291,0.4999270255885291,0,0,0.19212497863918543,1.4677677071752493,1.2101620802491351e-05,0.03486429569247432,-5.636227875680349e-06,-1.6040322928247508,-3.267765450853059e-05,1.6484171339064866,-0.785290448726519,-7.757076537328956e-05,0.09812445585263795,-4.329661428606132e-05,0.11976561644129767,0.00012801783275926025,-0.01824014488529686,-0.00010202883224596283,-0.00133086155389715,-24.316435022635343,0.034188321844023865,17.69319443162747,0.7389101031278978,1.9305865484372875,0.0005596961250009101,-0.0013308607785558152,-24.316434997627667,0.03418832194182982,17.693194482896725,0.7389101013406774,1.9305865339721267,0.0005596962282022134
2.960999999999785,2,1,1,2,0.0007753573206305256,5.406217668354263,5.461980969219026,5.0,0.5730302204257,-5.099553536531246e-06,0.4359561780373976,0.030341621692745298,-3.427755601320107e-05,-0.0004414678960733106,0.576250009769284,-9.278252918510013e-06,0.00321979205517775,0.5473839965844477,0.018165000000000025,0.018165000000000025,1.0,-0.05675383072909993,-0.056777569174739397,0.0,0.0,0.0,-0.05675383072909993,-0.0,-0.0,0.0,-0.02706638629838409,-0.027051968235490838,0.0,0.0,0.0,0.055,0.3,0.27293361370161556,0.0,0.0,0.0,1.4948914796051995e-06,0,0,0,1,0,0.4999241324572985,0.4999241324572985,0,0,0.19291701028123498,1.4689661916607184,1.1332677233747584e-05,0.03584560431991527,-6.058673959548431e-06,-1.6028338083392817,-3.140534181277351e-05,1.6482331588985515,-0.7852914644032299,-7.630795102355483e-05,0.09813407578227543,-4.137215974182292e-05,0.11991341213672316,0.00012652054171343618,-0.018522904661886882,-0.00010113496346162577,-0.001151676896915344,-24.35060505470508,0.03536058268696064,17.69663161198341,0.7389532069840447,1.9313325200059221,0.0005677962225933942,-0.0011516761247626064,-24.350605030108614,0.03536058277202501,17.696631662384156,0.7389532052297244,1.9313325057845911,0.000567796323488526
2.970999999999784,2,1,1,2,0.000770439495321378,5.39743308871426,5.453962525748098,5.0,0.5733333477178106,-5.43451415040469e-06,0.4359518334700621,0.030288226401910846,-3.2854923565562346e-05,-0.000431377650498255,0.576550009769284,-9.278252918510013e-06,0.0032166643480035172,0.5492083627623437,0.018465000000000023,0.018465000000000023,1.0,-0.05659936092238422,-0.056623185050360875,0.0,0.0,0.0,-0.05659936092238422,-0.0,-0.0,0.0,-0.027633072167192477,-0.027618892003075303,0.0,0.0,0.0,0.055,0.3,0.2723669278328072,0.0,0.0,0.0,1.4534785494670685e-06,0,0,0,1,0,0.4999216173291996,0.4999216173291996,0,0,0.1754579716362059,1.4701660560360563,1.0577525061795436e-05,0.03682693874686545,-6.461478781447531e-06,-1.6016339439639438,-3.015038217678143e-05,1.648046475718599,-0.7852924691708174,-7.483721566732142e-05,0.09813120198096549,-3.937812049203565e-05,0.12004375337242504,0.00012459697045670343,-0.018784191332060975,-9.98875815609605e-05,-0.000985239720322043,-24.384446739571867,0.0365203426602496,17.69999934071226,0.73899650138777,1.9321053369434866,0.0005762172453750819,-0.0009852389512726132,-24.384446715394027,0.03652034273224271,17.699999390229458,0.738996499666834,1.932105322970268,0.0005762173439331369
2.9809999999997827,2,1,1,2,0.0007656481792982775,5.388799137661678,5.445850584376281,5.0,0.5736359463267149,-5.755024479884572e-06,0.43594759340439393,0.030235825334023653,-3.1393103092415974e-05,-0.00042064569934800527,0.576850009769284,-9.278252918510013e-06,0.0032140653736347684,0.550964268918927,0.018765000000000025,0.018765000000000025,1.0,-0.05644868186363353,-0.056472542074652236,0.0,0.0,0.0,-0.05644868186363353,-0.0,-0.0,0.0,-0.028198233655729852,-0.02818429197017334,0.0,0.0,0.0,0.055,0.3,0.2718017663442698,0.0,0.0,0.0,1.4152398440967171e-06,0,0,0,1,0,0.4999194710803918,0.4999194710803918,0,0,0.1908330013975501,1.4713671391579628,9.83811291968446e-06,0.037808184924814275,-6.844038562991863e-06,-1.6004328608420373,-2.8916800823673958e-05,1.647857290387275,-0.7852934596692845,-7.318224151272213e-05,0.0981177880325587,-3.7331132822288065e-05,0.12015904716301548,0.00012229031252185803,-0.01902557959470871,-9.831859668649468e-05,-0.0008312495674915265,-24.417969415968898,0.03766779582092423,17.70329336406326,0.7390398043591527,1.9329012682151445,0.0005848803287367085,-0.0008312488014346086,-24.417969392215976,0.03766779587953496,17.703293412684427,0.7390398026719863,1.9329012544935869,0.0005848804249331873
2.9909999999997816,2,1,1,2,0.0007609864663807022,5.380328016819379,5.437678640649931,5.0,0.5739380276022971,-6.060753884070611e-06,0.4359434637735345,0.030184668539705823,-2.9903128099894856e-05,-0.0004093584152979903,0.577150009769284,-9.278252918510013e-06,0.0032119837784992107,0.5526601899278814,0.019065000000000023,0.019065000000000023,1.0,-0.05630237524156963,-0.05632622685279288,0.0,0.0,0.0,-0.05630237524156963,-0.0,-0.0,0.0,-0.028761911971889882,-0.02874820887609268,0.0,0.0,0.0,0.055,0.3,0.2712380880281097,0.0,0.0,0.0,1.3800856553886857e-06,0,0,0,1,0,0.4999176832319643,0.4999176832319643,0,0,0.3066250355914235,1.4725693028833848,9.116155201152762e-06,0.03878924739860579,-7.205911805898466e-06,-1.5992306971166153,-2.7708192258751457e-05,1.647665793516714,-0.785294432859321,-7.136620969882361e-05,0.09809561756936412,-3.524706919845126e-05,0.12026150717465642,0.0001196434558137839,-0.01924858202274121,-9.64601396080388e-05,-0.000689358858784788,-24.451182993995673,0.038803199440321734,17.70650990506344,0.739082940215948,1.933716681612534,0.0005937140001921398,-0.000689358095590435,-24.45118297067296,0.03880319948525768,17.706509952778408,0.7390829385628497,1.9337166681455447,0.0005937140940084297
3.0009999999997805,2,1,1,2,0.0007564568309628419,5.372029899952674,5.429477208549134,5.0,0.5742396051785047,-6.351478521727757e-06,0.43593944968416,0.030134967214446966,-2.839538399699368e-05,-0.0003975956087991859,0.5774500097692841,-9.278252918510013e-06,0.003210405924880158,0.5543039930910406,0.019365000000000025,0.019365000000000025,1.0,-0.0561609076720934,-0.05618471050148257,0.0,0.0,0.0,-0.0561609076720934,-0.0,-0.0,0.0,-0.029324153495372936,-0.029310688678780172,0.0,0.0,0.0,0.055,0.3,0.27067584650462667,0.0,0.0,0.0,1.3479182027995313e-06,0,0,0,1,0,0.4999162421134824,0.4999162421134824,0,0,0.19516597967594862,1.4737724301804103,8.413138158223205e-06,0.03977004765846614,-7.546810930805461e-06,-1.5980275698195898,-2.6527726217529175e-05,1.6474721609508465,-0.7852953860221557,-6.9411607838312e-05,0.09806631363191828,-3.314091180780315e-05,0.12035316187845245,0.00011669847189246744,-0.019454645780092848,-9.434414347175309e-05,-0.0005591797678228874,-24.484097835861434,0.0399268656177831,17.70964564419331,0.7391257422723531,1.9345480563995525,0.0006026538909759147,-0.0005591790073320199,-24.48409781297265,0.039926865648778564,17.709645690995206,0.7391257406535006,1.9345480431891056,0.0006026539824012108
3.0109999999997794,2,1,1,2,0.0007520611816422542,5.3639131337374515,5.421273960950926,5.0,0.5745406946037919,-6.6270746379729646e-06,0.43593555547820656,0.030086897123675932,-2.6879567457685355e-05,-0.00038543120539006297,0.577750009769284,-9.278252918510013e-06,0.003209316260545894,0.5559029620493526,0.019665000000000026,0.019665000000000026,1.0,-0.0560246445899105,-0.05604836259109952,0.0,0.0,0.0,-0.0560246445899105,-0.0,-0.0,0.0,-0.02988500870477325,-0.029871781478038758,0.0,0.0,0.0,0.055,0.3,0.2701149912952263,0.0,0.0,0.0,1.3186332932504422e-06,0,0,0,1,0,0.49991513502214313,0.49991513502214313,0,0,0.1925419783219695,1.4749764233234348,7.730327738995958e-06,0.04075052258508439,-7.866592827722509e-06,-1.5968235766765653,-2.537815819245808e-05,1.6472765544323018,-0.7852963167555757,-6.734007069841163e-05,0.09803134792102014,-3.102665760820645e-05,0.12043586317453206,0.00011349619954107976,-0.01964515044392627,-9.2001988211655e-05,-0.0004402907873544235,-24.51672464778461,0.041039153314752386,17.71269769876797,0.7391680548605826,1.9353919943556208,0.0006116424131979649,-0.00044029002932817815,-24.516724625329694,0.041039153331596225,17.71269774465781,0.7391680532758781,1.9353919814014733,0.0006116425022376223
3.0209999999997783,2,1,1,2,0.0007478009085273565,5.355984419560524,5.413093876971022,5.0,0.5748413130046874,-6.887511509197066e-06,0.4359317847885723,0.030040601822959687,-2.536465754083209e-05,-0.0003729337916810601,0.578050009769284,-9.278252918510013e-06,0.0032086976552453397,0.5574638214303171,0.019965000000000024,0.019965000000000024,1.0,-0.05589386254708641,-0.05591746348598606,0.0,0.0,0.0,-0.05589386254708641,-0.0,-0.0,0.0,-0.03044453123462933,-0.03043154056916254,0.0,0.0,0.0,0.055,0.3,0.26955546876537034,0.0,0.0,0.0,1.2921217382360113e-06,0,0,0,1,0,0.4999143483701476,0.4999143483701476,0,0,0.19641598919406533,1.4761812021763505,7.068778848582096e-06,0.04173062298636987,-8.165248613825269e-06,-1.5956187978236496,-2.4261843659370023e-05,1.64707912228584,-0.7852972229667096,-6.517225140246744e-05,0.09799204988915056,-2.891725137793806e-05,0.12051129531602159,0.00011007591118051116,-0.019821406757364025,-8.946420283123293e-05,-0.0003322429371356541,-24.549074382379075,0.04214046085097952,17.715663601475473,0.7392097347789341,1.9362452292749779,0.0006206284116173455,-0.00033224218141755677,-24.549074360361303,0.04214046085342889,17.715663646447698,0.7392097332284968,1.9362452165787274,0.0006206284982651196
3.030999999999777,2,1,1,2,0.0007436769254739175,5.348248978743342,5.4049593928764,5.0,0.5751414787804583,-7.132844160610358e-06,0.4359281405899498,0.02999619567893135,-2.3858897864518358e-05,-0.00036016705868996537,0.578350009769284,-9.278252918510013e-06,0.003208531706097573,0.5589927619786936,0.020265000000000026,0.020265000000000026,1.0,-0.05576876013280779,-0.055792215298424395,0.0,0.0,0.0,-0.05576876013280779,-0.0,-0.0,0.0,-0.031002777047716416,-0.030990021612188855,0.0,0.0,0.0,0.055,0.3,0.2689972229522833,0.0,0.0,0.0,1.268270592867878e-06,0,0,0,1,0,0.4999138678327173,0.4999138678327173,0,0,0.19291701028123498,1.477386702565947,6.429345742477646e-06,0.042710312224029656,-8.442892859946681e-06,-1.594413297434053,-2.318075523211676e-05,1.6468800001098518,-0.7852981028621316,-6.29277205174227e-05,0.0979496156269456,-2.682454339923231e-05,0.12058098399093987,0.00010647505196568092,-0.019984656161184916,-8.676022070934218e-05,-0.00023456557703080102,-24.581158150906987,0.04323121889381026,17.718541278353147,0.7392506522606045,1.9371046349982046,0.000629566797908519,-0.00023456482345497707,-24.58115812932872,0.043231218881645744,17.718541322404143,0.7392506507444807,1.9371046225608906,0.0006295668821628038
3.040999999999776,2,1,1,2,0.000739689708223106,5.340710702935466,5.396890553977544,5.0,0.5754412113269206,-7.363205962535273e-06,0.43592462524567843,0.02995376669720783,-2.2369788949357473e-05,-0.0003471901654611426,0.578650009769284,-9.278252918510013e-06,0.0032087990138241537,0.5604954659485516,0.020565000000000024,0.020565000000000024,1.0,-0.05564946769213664,-0.0556727516358324,0.0,0.0,0.0,-0.05564946769213664,-0.0,-0.0,0.0,-0.03155980370979441,-0.031547281903915335,0.0,0.0,0.0,0.055,0.3,0.26844019629020527,0.0,0.0,0.0,1.2469642042359675e-06,0,0,0,1,0,0.4999136784849798,0.4999136784849798,0,0,0.20879204384982586,1.478592874746449,5.812693288072286e-06,0.04368956492771396,-8.699752514273482e-06,-1.5932071252535511,-2.2136502069913397e-05,1.6466793114688734,-0.7852989549357868,-6.0624890379759066e-05,0.09790511650913801,-2.4759268557276096e-05,0.12064630544623672,0.00010272904235311339,-0.02013607097494051,-8.391818308524803e-05,-0.0001467718042501314,-24.612987144725125,0.0443118839553854,17.72132902656233,0.7392906915397781,1.9379672320261816,0.000638418174770802,-0.0001467710526384679,-24.612987123587672,0.04431188392841165,17.72132906969069,0.7392906900579345,1.9379672198482305,0.00063841825663508
3.050999999999775,2,1,1,2,0.000735839329220749,5.333372291358922,5.38890516548955,5.0,0.5757405307874983,-7.578801200783863e-06,0.43592124055132375,0.02991337916410763,-2.090408972519913e-05,-0.0003340580412141772,0.578950009769284,-9.278252918510013e-06,0.0032094794317241372,0.5619771325610452,0.020865000000000026,0.020865000000000026,1.0,-0.05553605599620305,-0.05555914629464437,0.0,0.0,0.0,-0.05553605599620305,-0.0,-0.0,0.0,-0.03211566975566148,-0.03210337974147986,0.0,0.0,0.0,0.055,0.3,0.2678843302443382,0.0,0.0,0.0,1.2280851047656868e-06,0,0,0,1,0,0.4999137649317369,0.4999137649317369,0,0,0.19658298697322607,1.4797996819550785,5.219308856255523e-06,0.04466836579416213,-8.936155720589666e-06,-1.5920003180449216,-2.113035094891465e-05,1.6464771685812476,-0.7852997779551932,-5.828096206486348e-05,0.09785950757144836,-2.2731043829973288e-05,0.1207084955594847,9.887113588050286e-05,-0.020276755115780604,-8.096478597893084e-05,-6.836342020247025e-05,-24.644572565324584,0.04538293240666102,17.724025492153793,0.7393297510855711,1.9388301927997018,0.0006471484552758376,-6.836267036497373e-05,-24.6445725446283,0.04538293236470689,17.724025534360237,0.7393297496378956,1.9388301808809274,0.0006471485347584171
3.060999999999774,2,1,1,2,0.0007321254896995024,5.326235376253331,5.381018940824311,5.0,0.5760394578297098,-7.779897708664001e-06,0.43591798777549773,0.02987507610936298,-1.9467827136841734e-05,-0.00032082164045412457,0.579250009769284,-9.278252918510013e-06,0.0032105522892131827,0.5634425033561032,0.021165000000000028,0.021165000000000028,1.0,-0.055428543992601075,-0.05545142103049099,0.0,0.0,0.0,-0.055428543992601075,-0.0,-0.0,0.0,-0.03267043413675356,-0.03265837386770111,0.0,0.0,0.0,0.055,0.3,0.2673295658632462,0.0,0.0,0.0,1.211514778972009e-06,0,0,0,1,0,0.4999141114314287,0.4999141114314287,0,0,0.19524997333064675,1.4810070990576782,4.649514630553478e-06,0.04564670846853038,-9.152520699327022e-06,-1.5907929009423218,-2.0163248487305768e-05,1.6462736729970942,-0.7853005709463313,-5.5911892491675006e-05,0.09781363559597862,-2.074838135537915e-05,0.12076865878158902,9.493232474229045e-05,-0.02040774525857441,-7.792516595171936e-05,1.1645348781308824e-06,-24.675925562359936,0.04644485500449245,17.726629648019976,0.7393677435623852,1.9396908457150828,0.000655728482834917,1.1652831326552536e-06,-24.675925542104395,0.04644485494741091,17.7266296893068,0.7393677421487095,1.939690834054863,0.0006557285599475849
3.070999999999773,2,1,1,2,0.0007285475494971652,5.319300637686544,5.373245646150496,5.0,0.5763380134453301,-7.966819632935986e-06,0.43591486769834265,0.029838881597255545,-1.8066312764361135e-05,-0.00030752816239630886,0.5795500097692841,-9.278252918510013e-06,0.0032119965916779978,0.5648958872924364,0.021465000000000026,0.021465000000000026,1.0,-0.055326905744893864,-0.05534955251445408,0.0,0.0,0.0,-0.055326905744893864,-0.0,-0.0,0.0,-0.03322415574170407,-0.03321232298956011,0.0,0.0,0.0,0.055,0.3,0.2667758442582957,0.0,0.0,0.0,1.197134312298158e-06,0,0,0,1,0,0.49991470201064914,0.49991470201064914,0,0,0.1925830147229135,1.482215111282764,4.1034801457654705e-06,0.04662459450488901,-9.349344832747272e-06,-1.5895848887172361,-1.923584408324437e-05,1.646068916262647,-0.7853013331775842,-5.353237925831846e-05,0.09776824688814668,-1.8818714482668825e-05,0.12082777688926086,9.094128648848996e-05,-0.020530012354538135,-7.482282029858383e-05,6.231967827079218e-05,-24.7070571790887,0.04749815192512582,17.72914077218153,0.7394045955687419,1.9405466779512546,0.000664133655886383,6.232042513800356e-05,-24.707057159272715,0.047498151852794115,17.729140812552707,0.7394045941888379,1.9405466665484816,0.0006641337306447108
3.0809999999997717,2,1,1,2,0.0007251045549581383,5.3125679087314825,5.365597240360026,5.0,0.5766362187725597,-8.13994040148632e-06,0.4359118806479733,0.029804802853761993,-1.6704165393291153e-05,-0.00029422124356191207,0.579850009769284,-9.278252918510013e-06,0.0032137911983173345,0.5663411854679237,0.021765000000000027,0.021765000000000027,1.0,-0.05523107665455582,-0.05525347856925689,0.0,0.0,0.0,-0.05523107665455582,-0.0,-0.0,0.0,-0.033776892982281786,-0.03376528536221308,0.0,0.0,0.0,0.055,0.3,0.26622310701771795,0.0,0.0,0.0,1.1848249555268141e-06,0,0,0,1,0,0.49991552057315003,0.49991552057315003,0,0,0.19237503875046968,1.4834237130418217,3.581234891433764e-06,0.04760203240273319,-9.527194070873052e-06,-1.5883762869581783,-1.8348513187976297e-05,1.6458629805677658,-0.7853020641430487,-5.115586092967786e-05,0.0977239947328968,-1.6948434437362855e-05,0.12088671749888433,8.692436584147255e-05,-0.02064446343717477,-7.167955750705035e-05,0.0001156086032121856,-24.737978304667354,0.04854332829017494,17.73155842652942,0.73944024719904,1.94139533718351,0.000672343560442554,0.00011560934889553669,-24.737978285288776,0.04854332820249384,17.731558465990815,0.7394402458526114,1.9413953260365415,0.0006723436328660999
3.0909999999997706,2,1,1,2,0.0007217952651889228,5.306036271876235,5.358084009820538,5.0,0.5769340949385992,-8.299675942261605e-06,0.4359090265351121,0.02977283223733704,-1.5385338506561753e-05,-0.0002809411303972936,0.580150009769284,-9.278252918510013e-06,0.0032159149795713826,0.5677819153538917,0.022065000000000026,0.022065000000000026,1.0,-0.055140959044949436,-0.05516310376557189,0.0,0.0,0.0,-0.055140959044949436,-0.0,-0.0,0.0,-0.034328703437978315,-0.03431731843178539,0.0,0.0,0.0,0.055,0.3,0.26567129656202143,0.0,0.0,0.0,1.1744686057523085e-06,0,0,0,1,0,0.4999165509980814,0.4999165509980814,0,0,0.19308400806039572,1.4846329068332527,3.0826808375240186e-06,0.04857903671625223,-9.68669275233876e-06,-1.5871670931667474,-1.7501380593050457e-05,1.6456559393741022,-0.7853027635455,-4.8794530635106785e-05,0.09768144652199667,-1.5142935457856493e-05,0.12094624230430182,8.29055862439688e-05,-0.020751943654507367,-6.851547405417752e-05,0.00016153360428018467,-24.768699632772314,0.04958089016500779,17.733882436117536,0.7394746514651986,1.9422346322635822,0.0006803416136315104,0.00016153434898059035,-24.76869961382844,0.049580890061901514,17.733882474676296,0.7394746501519046,1.942234621370421,0.0006803416837424732
3.1009999999997695,2,1,1,2,0.0007186181768708269,5.299704147430693,5.350714697486243,5.0,0.5772316629211017,-8.446478201585308e-06,0.43590630488608295,0.029742949060973394,-1.4113151732177577e-05,-0.000267724837156479,0.5804500097692841,-9.278252918510013e-06,0.003218346955667519,0.5692212344526975,0.022365000000000027,0.022365000000000027,1.0,-0.05505642717600011,-0.05507830444739292,0.0,0.0,0.0,-0.05505642717600011,-0.0,-0.0,0.0,-0.03487964355325181,-0.034868478530935984,0.0,0.0,0.0,0.055,0.3,0.26512035644674786,0.0,0.0,0.0,1.165948238999466e-06,0,0,0,1,0,0.49991777723369024,0.49991777723369024,0,0,0.19362499006092548,1.4858427022270426,2.6076047602994847e-06,0.04955562723303936,-9.828513914128197e-06,-1.5859572977729575,-1.6694343461327612e-05,1.645447858021942,-0.785303431279251,-4.645936098389351e-05,0.09764109054771433,-1.3406666481956385e-05,0.12100701501015151,7.89066863100427e-05,-0.020853238475203466,-6.534895389295517e-05,0.0002005897957302311,-24.799231626043966,0.050611341011087635,17.736112869074955,0.739507773613014,1.943062532943316,0.0006881147201549987,0.00020059053965061136,-24.7992316075313,0.05061134089250308,17.736112906739706,0.739507772332462,1.943062522301539,0.0006881147879786148
3.1109999999997684,2,1,1,2,0.0007155715477861471,5.293569374587507,5.343496626092149,5.0,0.5775289434270763,-8.580828993512985e-06,0.4359037148742955,0.029715121273084993,-1.2890325349598283e-05,-0.0002546062930073775,0.580750009769284,-9.278252918510013e-06,0.003221066417710723,0.5706619633048727,0.02266500000000003,0.02266500000000003,1.0,-0.054977331748234284,-0.05499893324557052,0.0,0.0,0.0,-0.054977331748234284,-0.0,-0.0,0.0,-0.03542976838206374,-0.03541882062181476,0.0,0.0,0.0,0.055,0.3,0.26457023161793597,0.0,0.0,0.0,1.1591482897793656e-06,0,0,0,1,0,0.49991918338102126,0.49991918338102126,0,0,0.1934590400196612,1.4870531149269894,2.155690265474238e-06,0.05053182821889438,-9.95337014613777e-06,-1.5847468850730106,-1.5927093876887917e-05,1.6452387943142481,-0.7853040674131158,-4.4160138455147965e-05,0.09760334246119563,-1.174318767720319e-05,0.12106960894012628,7.494717686250939e-05,-0.020949076023910624,-6.219668724983533e-05,0.00023326260062065372,-24.82958448587348,0.05163517856564375,17.738250017195924,0.7395395903596952,1.9438771687186178,0.0006956529435019484,0.00023326334395665227,-24.82958446778812,0.051635178431550834,17.738250053976202,0.7395395891114609,1.9438771583255383,0.0006956530090653008
3.1209999999997673,2,1,1,2,0.0007126534191642378,5.287629285733267,5.336435815277857,5.0,0.5778259567878427,-8.70323420740337e-06,0.4359012553503,0.0296893070046641,-1.1719017036416353e-05,-0.00024161648130173688,0.581050009769284,-9.278252918510013e-06,0.0032240530327194332,0.5721066077836788,0.022965000000000027,0.022965000000000027,1.0,-0.054903503947661976,-0.054924823131208854,0.0,0.0,0.0,-0.054903503947661976,-0.0,-0.0,0.0,-0.03597913137489137,-0.03596839808158532,0.0,0.0,0.0,0.055,0.3,0.2640208686251083,0.0,0.0,0.0,1.1539549976082425e-06,0,0,0,1,0,0.4999207537708028,0.4999207537708028,0,0,0.19170803716406226,1.4882641659071587,1.7265294233084375e-06,0.05150766772536914,-1.0062005030590342e-05,-1.5835358340928414,-1.519914072951812e-05,1.6450287990768127,-0.7853046721736534,-4.190550557495696e-05,0.0975685513964059,-1.0155230315027395e-05,0.12113451430591951,7.104441470842001e-05,-0.021040129507579195,-5.90737056306085e-05,0.0002600255911195357,-24.859768127081477,0.0526528921253233,17.740294377246265,0.7395700890774155,1.9446768268738623,0.0007029491931060413,0.0002600263340651971,-24.859768109418884,0.05265289197571332,17.740294413152842,0.739570087861035,1.9446768167264583,0.0007029492564386748
3.130999999999766,2,1,1,2,0.0007098616369370639,5.2818807745269725,5.3295370925824885,5.0,0.5781227228687728,-8.814218391535729e-06,0.435898924870487,0.02966545598999727,-1.0600860119818453e-05,-0.00022878357314710934,0.581350009769284,-9.278252918510013e-06,0.0032272869338717527,0.5735573806308437,0.02326500000000003,0.02326500000000003,1.0,-0.05483475907585524,-0.05485579105349074,0.0,0.0,0.0,-0.05483475907585524,-0.0,-0.0,0.0,-0.03652778420387346,-0.036517262526161325,0.0,0.0,0.0,0.055,0.3,0.2634722157961263,0.0,0.0,0.0,1.150256720219713e-06,0,0,0,1,0,0.4999224730312892,0.4999224730312892,0,0,0.19212497863918543,1.4894758806191153,1.3196339463502893e-06,0.05248317695672639,-1.0155185192396857e-05,-1.5823241193808848,-1.4509830785517896e-05,1.644817916693806,-0.785305245928836,-3.970300934386172e-05,0.09753700576268809,-8.644758682156514e-06,0.121202145128038,6.721368973674033e-05,-0.021127019700345567,-5.599343022193551e-05,0.00028133865621634803,-24.88979215706018,0.05366496020596429,17.74224663301794,0.739599266942717,1.9454599498017953,0.0007099989280958945,0.00028133939896126395,-24.88979213981531,0.05366496004084927,17.742246668062588,0.7395992657576923,1.9454599398967585,0.0007099989892292077
3.140999999999765,2,1,1,2,0.0007071938719666318,5.276320358218712,5.322804198326751,5.0,0.578419260992568,-8.914319724797535e-06,0.43589672172447924,0.029643510868057103,-9.537002678769416e-06,-0.00021613305679644385,0.581650009769284,-9.278252918510013e-06,0.0032307487972139674,0.5750162221945453,0.023565000000000027,0.023565000000000027,1.0,-0.05477089980427849,-0.05479164120108897,0.0,0.0,0.0,-0.05477089980427849,-0.0,-0.0,0.0,-0.03707577662215974,-0.037065463668220715,0.0,0.0,0.0,0.055,0.3,0.26292422337784005,0.0,0.0,0.0,1.1479442334309207e-06,0,0,0,1,0,0.4999243261519537,0.4999243261519537,0,0,0.1947919954545796,1.490688288266432,9.344458550601878e-07,0.05345838969302376,-1.02336929745111e-05,-1.581111711733568,-1.3858368828513156e-05,1.6446061856182828,-0.785305789172264,-3.7559154529794326e-05,0.09750893871080571,-7.213032905628726e-06,0.12127284580409971,6.346832232213657e-05,-0.02121031745941299,-5.2967731133507445e-05,0.00029764647457996207,-24.9196658589784,0.05467184855299403,17.744107638147277,0.7396271300698357,1.9462251316728076,0.0007167998786381869,0.000297647217312937,-24.9196658421457,0.05467184837240514,17.744107672342796,0.7396271289156338,1.9462251220065248,0.0007167999376054206
3.150999999999764,2,1,1,2,0.0007046476392838221,5.270944234630316,5.31623988445603,5.0,0.5787155898749283,-9.004085380949219e-06,0.43589464396124417,0.02962340837147112,-8.528146925425338e-06,-0.00020368786388471157,0.581950009769284,-9.278252918510013e-06,0.0032344199059756765,0.5764848203432386,0.02386500000000003,0.02386500000000003,1.0,-0.05471171908709741,-0.05473216792163975,0.0,0.0,0.0,-0.05471171908709741,-0.0,-0.0,0.0,-0.03762315635389887,-0.03761304920592651,0.0,0.0,0.0,0.055,0.3,0.2623768436461008,0.0,0.0,0.0,1.1469109987109627e-06,0,0,0,1,0,0.49992629853639814,0.49992629853639814,0,0,0.19591697491705418,1.4919014211429316,5.703475896134055e-07,0.05443334176609171,-1.029831974202768e-05,-1.5798985788570685,-1.3243836782129275e-05,1.644393638857468,-0.7853063025080224,-3.5479460584058594e-05,0.09748453327887681,-5.860671735914841e-06,0.12134689732396635,5.981976837526285e-05,-0.021290546248733857,-5.000699519411656e-05,0.0003093772683575491,-24.949398178672244,0.05567400847481206,17.74587839971142,0.7396536926411752,1.9469711145278277,0.0007233517844692608,0.00030937801124917614,-24.949398162245952,0.05567400827880198,17.74587843307084,0.7396536915172568,1.9469711050966283,0.000723351841304141
3.160999999999763,2,1,1,2,0.0007022203163820342,5.265748334187298,5.30984600746289,5.0,0.5790117275715279,-9.084067286498411e-06,0.435892689413965,0.029605080409770185,-7.574588373645431e-06,-0.00019146849317120125,0.582250009769284,-9.278252918510013e-06,0.003238282203578358,0.5779646295367437,0.02416500000000003,0.02416500000000003,1.0,-0.05465700276309624,-0.05467715832990094,0.0,0.0,0.0,-0.05465700276309624,-0.0,-0.0,0.0,-0.03816996901162122,-0.038160064739106984,0.0,0.0,0.0,0.055,0.3,0.26183003098837837,0.0,0.0,0.0,1.147053415902319e-06,0,0,0,1,0,0.49992837605009455,0.49992837605009455,0,0,0.20054203923791647,1.4931153140311526,2.2667153782024264e-07,0.05540807058524551,-1.0349859810071525e-05,-1.5786846859688475,-1.2665211751062683e-05,1.6441803044328578,-0.7853067866362511,-3.346852107861184e-05,0.09746392722585083,-4.587714486095528e-06,0.12142452313407659,5.6277729721630855e-05,-0.021368184650917763,-4.712020027223554e-05,0.00031694181507483635,-24.978997714867734,0.05667187547342886,17.747560062604673,0.7396789760479031,1.9476967838680201,0.0007296561511586907,0.0003169425582979639,-24.978997698841635,0.05667187526206638,17.747560095142138,0.7396789749536967,1.9476967746679226,0.0007296562058967406
3.170999999999762,2,1,1,2,0.0006999091605854038,5.260728367343447,5.3036236155406336,5.0,0.5793076914352701,-9.154818265943002e-06,0.43589085572368436,0.029588455053367678,-6.6762543747470075e-06,-0.00017949313217431107,0.5825500097692841,-9.278252918510013e-06,0.003242318336363576,0.579456889042767,0.02446500000000003,0.02446500000000003,1.0,-0.054606531873513116,-0.05462639463151946,0.0,0.0,0.0,-0.054606531873513116,-0.0,-0.0,0.0,-0.03871625803805676,-0.038706553709931264,0.0,0.0,0.0,0.055,0.3,0.26128374196194293,0.0,0.0,0.0,1.148271057234826e-06,0,0,0,1,0,0.4999305450615448,0.4999305450615448,0,0,0.19729201449081302,1.4943300036575489,-9.729104059228412e-08,0.05638261470965382,-1.0389104983297493e-05,-1.5774699963424512,-1.2121382938626868e-05,1.6439662058153417,-0.7853072423394876,-3.153006469205995e-05,0.09744721756122796,-3.393681467520886e-06,0.12150589465586764,5.285026778923996e-05,-0.021443668851117842,-4.4314994312994634e-05,0.00032073269335448315,-25.008472712405577,0.05766586814505661,17.749153894697276,0.7397030080493138,1.9484011638039163,0.0007357160236338354,0.0003207334370677783,-25.008472696773246,0.05766586791842927,17.749153926427162,0.7397030069842371,1.9484011548308646,0.0007357160763110495
3.1809999999997607,2,1,1,2,0.0006977113255175185,5.255879867731213,5.297573030144686,5.0,0.5796034980828653,-9.216888568436235e-06,0.43588914036174664,0.029573457424499183,-5.832741671584004e-06,-0.00016777777687524372,0.582850009769284,-9.278252918510013e-06,0.003246511686998706,0.5809626402950965,0.02476500000000003,0.02476500000000003,1.0,-0.05456008472029074,-0.05457965618696337,0.0,0.0,0.0,-0.05456008472029074,-0.0,-0.0,0.0,-0.039262064669684835,-0.03925255736537513,0.0,0.0,0.0,0.055,0.3,0.26073793533031486,0.0,0.0,0.0,1.150466876103461e-06,0,0,0,1,0,0.4999327924761927,0.4999327924761927,0,0,0.19979197531938553,1.4955455282010024,-4.022817040705311e-07,0.05735701346437787,-1.041683968893066e-05,-1.5762544717989977,-1.1611167417436674e-05,1.6437513623357063,-0.7853076704698175,-2.9667016897365718e-05,0.09743446478052059,-2.277632387129845e-06,0.12159113646515783,4.9543918870020575e-05,-0.021517395079348554,-4.159777752650871e-05,0.0003211237433197985,-25.03783105816109,0.05865638732908518,17.750661272767378,0.7397258219603293,1.949083411834455,0.0007415357766503845,0.0003211244876747609,-25.037831042915755,0.05865638708729645,17.75066130370462,0.7397258209237872,1.9490834030842452,0.0007415358273035633
3.1909999999997596,2,1,1,2,0.0006956238766847858,5.251198231329246,5.291693922156624,5.0,0.5798991633698367,-9.270822762522291e-06,0.4358875406510507,0.02956001050109988,-5.043352685918665e-06,-0.00015633634952283662,0.583150009769284,-9.278252918510013e-06,0.003250846399455774,0.5824827433942238,0.025065000000000028,0.025065000000000028,1.0,-0.05451743868659373,-0.054536721337540464,0.0,0.0,0.0,-0.05451743868659373,-0.0,-0.0,0.0,-0.03980742791954185,-0.03979811473900002,0.0,0.0,0.0,0.055,0.3,0.2601925720804579,0.0,0.0,0.0,1.1535473945570944e-06,0,0,0,1,0,0.49993510576444256,0.49993510576444256,0,0,0.19833300029858947,1.4967619268513048,-6.890671365897267e-07,0.05833130659719411,-1.0433836680560822e-05,-1.5750380731486953,-1.113332474586641e-05,1.6435357895709948,-0.7853080719368584,-2.7881561618807544e-05,0.09742569681660569,-1.2382222863300144e-06,0.12168033114098234,4.636380946995809e-05,-0.021589722000146864,-3.8973786347482715e-05,0.00031846971618950813,-25.067080279370074,0.059643815477370195,17.752083669201614,0.739747455871668,1.9497428133165753,0.000747120921715972,0.00031847046132823636,-25.067080264504852,0.059643815220539076,17.752083699361478,0.7397474548630554,1.9497428047849021,0.0007471209703823601
3.2009999999997585,2,1,1,2,0.0006936438061967689,5.246678751924534,5.285985382857708,5.0,0.5801947023731131,-9.31715698528395e-06,0.4358860537861403,0.02954803583935628,-4.307130309849869e-06,-0.00014518081447035443,0.5834500097692841,-9.278252918510013e-06,0.0032553073964034403,0.5840178927571744,0.02536500000000003,0.02536500000000003,1.0,-0.05447837183947263,-0.05449736901331201,0.0,0.0,0.0,-0.05447837183947263,-0.0,-0.0,0.0,-0.040352384577020006,-0.040343262649777084,0.0,0.0,0.0,0.055,0.3,0.2596476154229797,0.0,0.0,0.0,1.1574228708695785e-06,0,0,0,1,0,0.4999374729852548,0.4999374729852548,0,0,0.1995839993469417,1.4979792394143536,-9.584320684355038e-07,0.059305533973417354,-1.0440853286259743e-05,-1.5738207605856465,-1.0686570436474021e-05,1.6433194997073042,-0.7853084476965865,-2.6175202230790978e-05,0.09742091271761133,-2.7375469937580393e-07,0.12177352379365779,4.331377049316346e-05,-0.02166097304057334,-3.644717800686891e-05,0.0003131060967231766,-25.09622754409844,0.06062851622525423,17.753422639448534,0.7397679519090491,1.9503787756825253,0.0007524779301515251,0.000313106842779005,-25.096227529606214,0.06062851595351376,17.753422668846596,0.7397679509277533,1.9503787673649937,0.0007524779768686118
3.2109999999997574,2,1,1,2,0.000691768046637258,5.242316653125378,5.280445989927235,5.0,0.5804901293804238,-9.356416532228647e-06,0.43588467685214927,0.029537454220416873,-3.6228910284472738e-06,-0.00013432129190798345,0.583750009769284,-9.278252918510013e-06,0.003259880389797352,0.5855686319267005,0.02566500000000003,0.02566500000000003,1.0,-0.054442664332711735,-0.05446138014110329,0.0,0.0,0.0,-0.054442664332711735,-0.0,-0.0,0.0,-0.040896969222579516,-0.0408880357158766,0.0,0.0,0.0,0.055,0.3,0.25910303077742014,0.0,0.0,0.0,1.162007433637136e-06,0,0,0,1,0,0.49993988280207313,0.49993988280207313,0,0,0.18545897910371423,1.499197505960916,-1.2111728008529939e-06,0.060279735306049874,-1.0438628171881088e-05,-1.5726024940390841,-1.0269588293985844e-05,1.643102501879677,-0.7853087987410087,-2.454882137167813e-05,0.09742008606231237,6.177681992091328e-07,0.12187072628280668,4.039644920974055e-05,-0.021731438649353646,-3.4021114690918334e-05,0.00030534907620703185,-25.12527966360478,0.06161083413986693,17.754679810213418,0.7397873555335918,1.9509908224629853,0.000757614071061593,0.00030534982329841713,-25.125279649478347,0.06161083385336534,17.754679838865293,0.7397873545790028,1.9509908143552013,0.0007576141158670204
3.2209999999997563,2,1,1,2,0.0006899934840983992,5.238107117169571,5.275073868685397,5.0,0.5807854578857717,-9.389113765306132e-06,0.43588340684261706,0.029528186226510038,-2.989256241011005e-06,-0.00012376616931494873,0.584050009769284,-9.278252918510013e-06,0.0032645518853946284,0.5871353675540394,0.02596500000000003,0.02596500000000003,1.0,-0.054410099626742696,-0.054428538869413255,0.0,0.0,0.0,-0.054410099626742696,-0.0,-0.0,0.0,-0.041441214255470246,-0.041432466381517485,0.0,0.0,0.0,0.055,0.3,0.25855878574452945,0.0,0.0,0.0,1.167219195411476e-06,0,0,0,1,0,0.4999423244955046,0.4999423244955046,0,0,0.18908403581008315,1.5004167665159196,-1.4480913202283535e-06,0.06125394991869323,-1.0427878588497457e-05,-1.5713832334840805,-9.881041649860595e-06,1.6428848024898026,-0.7853091260886692,-2.300273913334299e-05,0.09742316812424605,1.438598617583459e-06,0.12197192113681325,3.761341815178732e-05,-0.021801378481492873,-3.169784647266016e-05,0.00029549566024975065,-25.15424309637003,0.06259109462800702,17.755856868377048,0.739805714887314,1.9515785871676852,0.0007625372641502856,0.00029549640848809515,-25.154243082602168,0.06259109432690393,17.755856896298525,0.7398057139588179,1.9515785792651843,0.000762537307081551
3.230999999999755,2,1,1,2,0.0006883169704064154,5.2340453107448,5.269866748801892,5.0,0.5810807005903001,-9.41574632730782e-06,0.4358822406762124,0.02952015275146676,-2.4046816952901476e-06,-0.00011352221043648086,0.584350009769284,-9.278252918510013e-06,0.003269309181875023,0.588718382572841,0.02626500000000003,0.02626500000000003,1.0,-0.0543804655406555,-0.05439863362526166,0.0,0.0,0.0,-0.0543804655406555,-0.0,-0.0,0.0,-0.041985149932716265,-0.041976584955128814,0.0,0.0,0.0,0.055,0.3,0.2580148500672834,0.0,0.0,0.0,1.1729803368105456e-06,0,0,0,1,0,0.499944787970398,0.499944787970398,0,0,0.19975000759586692,1.500362939214646,-1.6699899835233485e-06,0.062228216538772085,-1.040929807174013e-05,-1.5701629392146461,-9.519583528145769e-06,1.642666405502308,-0.7853094307759763,-2.1536769267687052e-05,0.09743009079589729,2.191199427508333e-06,0.12207706518572843,3.496528023504863e-05,-0.021871023504093447,-2.947879229634715e-05,0.00028382389270404317,-25.18312395358299,0.06356960398306845,17.756955550620482,0.739823080183776,1.9521418070703098,0.0007672559461948421,0.0002838246421936122,-25.18312394016624,0.06356960366753385,17.756955577827625,0.7398230792807545,1.9521417993685748,0.0007672559872897791
3.240999999999754,2,1,1,2,0.0006867353345435803,5.230126408039841,5.264822016691607,5.0,0.5813758694079294,-9.436795637070002e-06,0.4358811752123751,0.02951327545041295,-1.8674849804578885e-06,-0.00010359466158644092,0.584650009769284,-9.278252918510013e-06,0.003274140365193183,0.5903178485837234,0.02656500000000003,0.02656500000000003,1.0,-0.0543535551506515,-0.05437145801737573,0.0,0.0,0.0,-0.0543535551506515,-0.0,-0.0,0.0,-0.04252880441776545,-0.042520419657224216,0.0,0.0,0.0,0.055,0.3,0.2574711955822342,0.0,0.0,0.0,1.1792171659428904e-06,0,0,0,1,0,0.49994726375959386,0.49994726375959386,0,0,0.1967499847523868,1.4991415720820207,-1.8776667535130005e-06,0.06320257311873356,-1.0383554560213303e-05,-1.5689415720820208,-9.183865783459228e-06,1.6424473127204366,-0.7853097138493245,-2.0150273125944047e-05,0.09744076928432055,2.8782037402560655e-06,0.12218609291995995,3.245176956351707e-05,-0.021940578020206204,-2.7364618460864797e-05,0.0002705931808149565,-25.211928005885667,0.06454664955427468,17.757977633737184,0.7398395031458006,1.9526803169431628,0.0007717789506702618,0.00027059393164185477,-25.211927992812708,0.06454664922449226,17.757977660245697,0.7398395022676489,1.9526803094377585,0.0007717789899659364
3.250999999999753,2,1,1,2,0.0006852453932975336,5.2263456112231985,5.259936763816172,5.0,0.5816709754751747,-9.452725650935044e-06,0.43588020726591503,0.02950747713315318,-1.3758710555109743e-06,-9.398735508290818e-05,0.584950009769284,-9.278252918510013e-06,0.0032790342987510848,0.5919338374715557,0.02686500000000003,0.02686500000000003,1.0,-0.054329167548052816,-0.054346811598812786,0.0,0.0,0.0,-0.054329167548052816,-0.0,-0.0,0.0,-0.04307220383734014,-0.04306399667652397,0.0,0.0,0.0,0.055,0.3,0.2569277961626595,0.0,0.0,0.0,1.1858601461150646e-06,0,0,0,1,0,0.4999497430220494,0.4999497430220494,0,0,0.19408302614465356,1.4979190937008247,-2.0719109598862557e-06,0.06417705668299858,-1.0351288900074832e-05,-1.5677190937008247,-8.872547256681136e-06,1.6422275240419513,-0.7853099763579857,-1.8842211109455092e-05,0.09745510458954254,3.502377764467801e-06,0.12229891958731658,3.0071847498133975e-05,-0.022010221608598064,-2.5355314148017e-05,0.00025604470791899207,-25.240660691202464,0.06552250002312947,17.75892492561128,0.7398550364898602,1.9531940427853132,0.0007761153993399145,0.00025604546016332795,-25.240660678465908,0.06552249967929104,17.758924951437027,0.7398550356359724,1.953194035471776,0.0007761154368734135
3.260999999999752,2,1,1,2,0.0006838439611542005,5.222698168532444,5.255207831106926,5.0,0.5819660291646114,-9.463981867517525e-06,0.4358793336205955,0.029502682105553412,-9.279558180617475e-07,-8.470280963838848e-05,0.585250009769284,-9.278252918510013e-06,0.0032839806099246565,0.5935663322791708,0.027165000000000033,0.027165000000000033,1.0,-0.054307108469055454,-0.05432450050116464,0.0,0.0,0.0,-0.054307108469055454,-0.0,-0.0,0.0,-0.043615372345152975,-0.04360734023298745,0.0,0.0,0.0,0.055,0.3,0.25638462765484665,0.0,0.0,0.0,1.1928439035193815e-06,0,0,0,1,0,0.49995221753896213,0.49995221753896213,0,0,0.19325001630932093,1.49669546662562,-2.2534995603878765e-06,0.06515170319855534,-1.0313113703210392e-05,-1.5664954666256201,-8.58430099747156e-06,1.6420070376961051,-0.7853102193477391,-1.76111914698081e-05,0.09747298577698471,4.0665868944642345e-06,0.12241544404104149,2.7823793685601377e-05,-0.022080110978105062,-2.3450263637888654e-05,0.00024040191807826524,-25.26932712348711,0.06649740576970285,17.759799256841983,0.7398697334564822,1.9536829955776318,0.0007802746058641676,0.000240402671811408,-25.269327111079534,0.06649740541200812,17.759799282000763,0.7398697326262581,1.9536829884515086,0.0007802746416721588
3.2709999999997508,2,1,1,2,0.0006825278594525799,5.219179390157548,5.250631849720435,5.0,0.5822610401014839,-9.47099055697559e-06,0.4358785510417251,0.02949881646299004,-5.217877365081649e-07,-7.574232754480947e-05,0.5855500097692841,-9.278252918510013e-06,0.0032889696734474537,0.5952152373620586,0.02746500000000003,0.02746500000000003,1.0,-0.054287190807722395,-0.054304337951905944,0.0,0.0,0.0,-0.054287190807722395,-0.0,-0.0,0.0,-0.04415833219126898,-0.04415047264653597,0.0,0.0,0.0,0.055,0.3,0.2558416678087307,0.0,0.0,0.0,1.2001072078410541e-06,0,0,0,1,0,0.49995467970595797,0.49995467970595797,0,0,0.19508402328938246,1.4954706545003043,-2.423193874836405e-06,0.0661265474671959,-1.0269612527129681e-05,-1.5652706545003043,-8.317820605187763e-06,1.6417858504625447,-0.7853104438552018,-1.6455516345407797e-05,0.09749429205498657,4.573764947435496e-06,0.12253555135146404,2.5705291847606224e-05,-0.022150381736041506,-2.1648314967629286e-05,0.00022387106361586786,-25.297932102237702,0.06747159931844564,17.760602472991735,0.7398836473863768,1.9541472651020557,0.0007842659894654939,0.00022387181888982352,-25.297932090151896,0.06747159894710683,17.760602497498862,0.7398836465792348,1.9541472581590238,0.000784266023583799
3.2809999999997497,2,1,1,2,0.000681293924835207,5.215784662081513,5.246205278332444,5.0,0.5825560171830092,-9.474158198044548e-06,0.4358778562878042,0.029495808339726627,-1.5536759012857578e-07,-6.710608851629841e-05,0.585850009769284,-9.278252918510013e-06,0.0032939925921004164,0.5968803878511741,0.027765000000000033,0.027765000000000033,1.0,-0.054269235022795445,-0.054286144685392744,0.0,0.0,0.0,-0.054269235022795445,-0.0,-0.0,0.0,-0.044701103796005025,-0.04469341441035551,0.0,0.0,0.0,0.055,0.3,0.2552988962039947,0.0,0.0,0.0,1.2075929313540415e-06,0,0,0,1,0,0.4999571225225088,0.4999571225225088,0,0,0.19325001630932093,1.494244622182624,-2.5817367639808127e-06,0.06710162303750694,-1.0221339345670944e-05,-1.564044622182624,-8.071825741322181e-06,1.6415639578730015,-0.785310650902827,-1.5373224967954726e-05,0.0975188946682961,5.026886440665839e-06,0.122659115193765,2.371351021082652e-05,-0.022221150070689855,-1.9947844831367333e-05,0.0002066418012333292,-25.32648012264429,0.0684452958478645,17.761336427433854,0.7398968313402895,1.9545870138544945,0.000788098999142482,0.0002066425581013233,-25.32648011087287,0.06844529546309568,17.76133645130486,0.7398968305556438,1.954587007090173,0.0007880990316068804
3.2909999999997486,2,1,1,2,0.0006801390170053925,5.21250945803367,5.241924437170166,5.0,0.5828509685999419,-9.473871100476322e-06,0.43587724612124557,0.029493588117867398,1.733336269694526e-07,-5.879324007647158e-05,0.586150009769284,-9.278252918510013e-06,0.003299041175141734,0.5985615584488767,0.02806500000000003,0.02806500000000003,1.0,-0.05425306944831042,-0.05426974925760539,0.0,0.0,0.0,-0.05425306944831042,-0.0,-0.0,0.0,-0.04524370582736041,-0.04523618426777214,0.0,0.0,0.0,0.055,0.3,0.25475629417263934,0.0,0.0,0.0,1.2152479831753813e-06,0,0,0,1,0,0.4999595395779277,0.4999595395779277,0,0,0.19525003153830767,1.4930173358459902,-2.7298502246914086e-06,0.06807696213483316,-1.0168818280799587e-05,-1.5628173358459903,-7.845066867339497e-06,1.6413413543966269,-0.7853108414945298,-1.4362134006948615e-05,0.09754665861818032,5.428941781866155e-06,0.12278600002422131,2.1845176535223765e-05,-0.02229251434847582,-1.8346819626652678e-05,0.00018888782849384658,-25.354975386240298,0.06941869375443874,17.762002974781886,0.7399093377608519,1.9550024710794354,0.0007917830467616179,0.00018888858698893149,-25.354975374776224,0.06941869335646553,17.762002998031758,0.7399093369981394,1.9550024644896107,0.0007917830776068682
3.3009999999997475,2,1,1,2,0.0006790600258274873,5.2093493497103935,5.237785538976979,5.0,0.5831459018600286,-9.470495197518632e-06,0.4358767173182156,0.029492088599325065,4.6635856860535856e-07,-5.080198439950644e-05,0.5864500097692841,-9.278252918510013e-06,0.003304107914848103,0.6002584715870777,0.028365000000000033,0.028365000000000033,1.0,-0.054238530517493666,-0.05425498827391256,0.0,0.0,0.0,-0.054238530517493666,-0.0,-0.0,0.0,-0.045786155281069246,-0.045778799291789046,0.0,0.0,0.0,0.055,0.3,0.25421384471893044,0.0,0.0,0.0,1.2230232331615509e-06,0,0,0,1,0,0.49996192503698156,0.49996192503698156,0,0,0.19299995619803667,1.4917887630606343,-2.8682333728738164e-06,0.06905259560753671,-1.0112543567140723e-05,-1.5615887630606344,-7.63632926185189e-06,1.6411180336098206,-0.7853110166119011,-1.3419875058226117e-05,0.09757744421949047,5.78291523062694e-06,0.12291606305700367,2.0096647763991296e-05,-0.022364556626843144,-1.6842852577802423e-05,0.00017076755200592965,-25.383421811950104,0.07039197526115558,17.762603964870635,0.7399212181757686,1.9553939269490663,0.0007953274487354779,0.00017076831215532464,-25.383421800786284,0.07039197485020751,17.76260398751422,0.7399212174344326,1.9553939205295483,0.0007953274779958701
3.3109999999997464,2,1,1,2,0.0006780538777903236,5.20630001539724,5.233784717096502,5.0,0.5834408238129929,-9.464375990309646e-06,0.4358762666776262,0.0294912451440533,7.257490887199867e-07,-4.3129661539891185e-05,0.586750009769284,-9.278252918510013e-06,0.003309185961525337,0.6019708049740863,0.028665000000000034,0.028665000000000034,1.0,-0.05422546290832712,-0.05424170653849113,0.0,0.0,0.0,-0.05422546290832712,-0.0,-0.0,0.0,-0.046328467562453936,-0.046321274966463336,0.0,0.0,0.0,0.055,0.3,0.2536715324375457,0.0,0.0,0.0,1.2308734093400697e-06,0,0,0,1,0,0.49996427362129214,0.49996427362129214,0,0,0.19108300330117345,1.4905588728560384,-2.9975607856777643e-06,0.0700285528879776,-1.0052979722363973e-05,-1.5603588728560385,-7.44443637058503e-06,1.640893988351389,-0.7853111772109718,-1.2543929304513974e-05,0.0976111085047629,6.0917654787863805e-06,0.12304915605337749,1.8463974362795853e-05,-0.02243734408424328,-1.5433256940778962e-05,0.00015242477728825683,-25.411823047424118,0.0713653070593002,17.763141237271334,0.7399325229388569,1.9557617269091803,0.0007987413756067852,0.0001524255391080938,-25.41182303655362,0.07136530663561236,17.763141259323124,0.739932522218356,1.955761720655888,0.0007987414033158162
3.3209999999997453,2,1,1,2,0.0006771175418587008,5.203357247128507,5.229918050856582,5.0,0.5837357406767282,-9.455838627747919e-06,0.43587589102931257,0.029490995777596493,9.53533399425717e-07,-3.577282900702764e-05,0.587050009769284,-9.278252918510013e-06,0.003314269097313546,0.6036981985579729,0.028965000000000032,0.028965000000000032,1.0,-0.054213719619412515,-0.05422975713379054,0.0,0.0,0.0,-0.054213719619412515,-0.0,-0.0,0.0,-0.04687065656934442,-0.04686362526938582,0.0,0.0,0.0,0.055,0.3,0.2531293434306552,0.0,0.0,0.0,1.2387569915370672e-06,0,0,0,1,0,0.49996658059159627,0.49996658059159627,0,0,0.191833998542279,1.4893276357664527,-3.118481175015143e-06,0.0710048619667397,-9.990561898102744e-06,-1.5591276357664527,-7.268252541607309e-06,1.6406692108638494,-0.7853113242194877,-1.1731659404450886e-05,0.09764750648508577,6.358408690714769e-06,0.1231851269348047,1.6942959468869943e-05,-0.022510930368951965,-1.4115095314712111e-05,0.0001339894140972298,-25.440182480572645,0.07233884097644144,17.763616616315343,0.7399433010072358,1.9561062662093511,0.0008020338089151491,0.00013399017759095551,-25.440182469989125,0.072338840540242,17.76361663778868,0.7399433003070721,1.9561062601185368,0.000802033835103739
3.330999999999744,2,1,1,2,0.0006762480347454461,5.200516956514177,5.226181588427108,5.0,0.584030658064416,-9.44518810639305e-06,0.4358755872414397,0.02949128127082867,1.1517147458567503e-06,-2.8727337661352795e-05,0.587350009769284,-9.278252918510013e-06,0.0033193517090656785,0.6054402609345156,0.029265000000000034,0.029265000000000034,1.0,-0.05420316198327029,-0.05421900143740029,0.0,0.0,0.0,-0.05420316198327029,-0.0,-0.0,0.0,-0.047412734775405946,-0.047405862754604886,0.0,0.0,0.0,0.055,0.3,0.2525872652245936,0.0,0.0,0.0,1.246636079256007e-06,0,0,0,1,0,0.4999688417251056,0.4999688417251056,0,0,0.19187497673556209,1.4880950238611952,-3.2316163650525593e-06,0.07198154937872135,-9.925696387703825e-06,-1.5578950238611953,-7.106685196925498e-06,1.6404436929216841,-0.7853114585346564,-1.098033868175377e-05,0.09768649227711065,6.585703839810124e-06,0.12332382123106972,1.5529213000926484e-05,-0.02258535686864824,-1.2885225136019456e-05,0.00011557819170235216,-25.46850325121459,0.07331271466391735,17.764031906599463,0.7399535997532664,1.9564279846337271,0.000805213504307606,0.00011557895686711476,-25.46850324091132,0.07331271421545152,17.764031927508267,0.7399535990729224,1.956427978701472,0.0008052135290080179
3.340999999999743,2,1,1,2,0.0006754424256254768,5.197775179335757,5.222571367317992,5.0,0.5843255810122979,-9.432709576125664e-06,0.4358753522271675,0.02949204519457614,1.3222615075730854e-06,-2.198840393096947e-05,0.587650009769284,-9.278252918510013e-06,0.003324428760574245,0.6071965752268048,0.029565000000000032,0.029565000000000032,1.0,-0.054193659624616974,-0.05420930908361392,0.0,0.0,0.0,-0.054193659624616974,-0.0,-0.0,0.0,-0.04795471331329157,-0.04794799863540954,0.0,0.0,0.0,0.055,0.3,0.2520452866867081,0.0,0.0,0.0,1.2544762647467539e-06,0,0,0,1,0,0.49997105329603264,0.49997105329603264,0,0,0.1935839536599815,1.486861010761332,-3.3375605471609127e-06,0.07295864019980265,-9.858761268740872e-06,-1.5566610107613321,-6.958686489865255e-06,1.6402174259473274,-0.7853115810213283,-1.0287177704549645e-05,0.09772792010528743,6.776440179742394e-06,0.12346508337425507,1.4218200908322863e-05,-0.022660653902977584,-1.1740340451548307e-05,9.729537550879021e-05,-25.496788262763097,0.0742870522945021,17.76438888895769,0.7399634648071723,1.956727361441821,0.0008082889611852073,9.72961423313595e-05,-25.4967882527336,0.07428705183401946,17.764388909315485,0.7399634641461466,1.956727355664309,0.0008082889844288079
3.350999999999742,2,1,1,2,0.0006746978403217299,5.195128079040323,5.2190834326765625,5.0,0.5846205140078695,-9.4186687363126e-06,0.4358751829506158,0.029493233951648764,1.4670986336022035e-06,-1.5550678362855755e-05,0.587950009769284,-9.278252918510013e-06,0.0033294957643754015,0.6089667044634127,0.029865000000000034,0.029865000000000034,1.0,-0.054185090369824614,-0.0542005578761717,0.0,0.0,0.0,-0.054185090369824614,-0.0,-0.0,0.0,-0.048496602057103606,-0.04849004286645413,0.0,0.0,0.0,0.055,0.3,0.251503397942896,0.0,0.0,0.0,1.262246483734717e-06,0,0,0,1,0,0.4999732120511555,0.4999732120511555,0,0,0.19454205175861716,1.48562557164421,-3.436879786771743e-06,0.07393615805288951,-9.790107159831104e-06,-1.55542557164421,-6.823254495770927e-06,1.639990401115633,-0.7853116925105749,-9.649348355492956e-06,0.09777164518801605,6.933326688065619e-06,0.12360875784896096,1.3005289760500558e-05,-0.022736841841444255,-1.0677010089552647e-05,7.923348351430655e-05,-25.52504019388608,0.07526196526772941,17.764689316867518,0.7399729399300037,1.9570049105331324,0.0008112683972603458,7.923425197378643e-05,-25.52504018412394,0.07526196479548179,17.764689336687546,0.739972939287809,1.9570049049066442,0.0008112684190779234
3.360999999999741,2,1,1,2,0.0006740128999960507,5.193519585210723,5.215764577473483,5.0,0.5849154633622077,-9.400950308086122e-06,0.435875077907496,0.02949570819650739,2.3167747045132208e-06,-8.828857265688935e-06,0.588250009769284,-9.278252918510013e-06,0.0033345464093336866,0.6107506776946783,0.030165000000000015,0.030165000000000015,1.0,-0.054155071726378554,-0.05416888942409284,0.0,0.0,0.0,-0.054155071726378554,-0.0,-0.0,0.0,-0.049038320361377126,-0.049031902975435984,0.0,0.0,0.0,0.055,0.3,0.2509616796386224,0.0,0.0,0.0,7.809565166201665e-07,0,0,0,1,0,0.49998816127510115,0.49998816127510115,0,0,0.17883296823129058,1.4843886804537092,-3.5297791018758176e-06,0.07491412586801346,-9.719038181286328e-06,-1.5541886804537093,-6.6933624432676255e-06,1.6397626158133205,-0.7853117928686959,-8.952322291747828e-06,0.09781782022594297,7.383934112415312e-06,0.12375579540492816,1.3715533789677234e-05,-0.02281147669381538,-9.400376501551374e-06,3.5157811373307594e-05,-25.553249640465882,0.07621031119396011,17.764906843541254,0.7399537982438325,1.957226547228643,0.0008138278737392933,3.5158584339443495e-05,-25.55324963086081,0.07621031071092962,17.7649068630518,0.7399537976130365,1.9572265416888364,0.0008138278945686067
3.3709999999997398,2,1,1,2,0.000673402549347806,5.191903256722064,5.21268569855216,5.0,0.5852104609845072,-9.372926895493214e-06,0.4358750535094323,0.029502354269704704,3.0787699217106828e-06,3.622223769771157e-07,0.588550009769284,-9.278252918510013e-06,0.0033395487861186857,0.6125538206187565,0.03046499999999998,0.03046499999999998,1.0,-0.05410909264669173,-0.0541229793904838,0.0,0.0,0.0,-0.05410909264669173,-0.0,-0.0,0.0,-0.04957962317235109,-0.049573344316801424,0.0,0.0,0.0,0.055,0.3,0.25042037682764845,0.0,0.0,0.0,7.855319573201198e-07,0,0,0,1,0,0.4999897021909867,0.4999897021909867,0,0,0.19141699885949492,1.4831502756911648,-3.6148275339244458e-06,0.07589257509588519,-9.641816022747593e-06,-1.5529502756911648,-6.555059372039188e-06,1.639534132959094,-0.7853118793828587,-8.140363302513636e-06,0.09786763018758216,7.965399734604354e-06,0.12391093611471006,1.353783992318221e-05,-0.022877829912329787,-8.057886240694847e-06,-2.3480579186904663e-05,-25.58132274958575,0.07714478052820106,17.76486133455313,0.7399319645474642,1.9572034483184297,0.0008183743439873138,-2.3479804048267206e-05,-25.581322740091327,0.07714478003839031,17.764861353850186,0.7399319639243981,1.9572034428382326,0.0008183743640705881
3.3809999999997387,2,1,1,2,0.0006728841630551366,5.190138459243773,5.209792439286449,5.0,0.585505535842533,-9.340426398002268e-06,0.43587512901066466,0.02951061142709489,3.3513383958558993e-06,1.0807859135718239e-05,0.5888500097692839,-9.278252918510013e-06,0.003344473927328868,0.6143807498386213,0.03076499999999995,0.03076499999999995,1.0,-0.05405842718901236,-0.05407237877961632,0.0,0.0,0.0,-0.05405842718901236,-0.0,-0.0,0.0,-0.05012043832047236,-0.05011429871351466,0.0,0.0,0.0,0.055,0.3,0.24987956167952718,0.0,0.0,0.0,7.883880172445594e-07,0,0,0,1,0,0.49998229246173165,0.49998229246173165,0,0,0.1894170418381691,1.4819102811442098,-3.6919231934904074e-06,0.0768715406338022,-9.559808574985993e-06,-1.5517102811442098,-6.427971796995991e-06,1.6393049918044145,-0.7853119528472683,-7.365664484823685e-06,0.09792065625958056,8.373003434123812e-06,0.12407271891820414,1.1945185020991238e-05,-0.022944220784054708,-6.768051880428851e-06,-6.26852047465855e-05,-25.60932700868494,0.07810025029821498,17.764658235919185,0.7399362411486838,1.9570532240509593,0.0008227453928552193,-6.268442751353022e-05,-25.60932699930286,0.07810024980164586,17.76465825499916,0.7399362405334527,1.9570532186313871,0.0008227454121892399
3.3909999999997376,2,1,1,2,0.0006724646164456829,5.188296009089784,5.207045122524259,5.0,0.5858006950432685,-9.306236201587313e-06,0.43587531144581426,0.029519071712292937,3.460142799559285e-06,2.1614343934521996e-05,0.5891500097692839,-9.278252918510013e-06,0.0033493147261323057,0.6162315774155718,0.031064999999999916,0.031064999999999916,1.0,-0.05400516995495791,-0.05401914864714478,0.0,0.0,0.0,-0.05400516995495791,-0.0,-0.0,0.0,-0.05066073113182501,-0.05065473122482141,0.0,0.0,0.0,0.055,0.3,0.2493392688681745,0.0,0.0,0.0,7.902313709916642e-07,0,0,0,1,0,0.499979753969517,0.499979753969517,0,0,0.1936250482685864,1.4806686409694143,-3.761623191299228e-06,0.07785105157810317,-9.474393732368377e-06,-1.5504686409694144,-6.31853474687989e-06,1.6390751675546844,-0.7853120136376107,-6.65727455757322e-06,0.09797636910830791,8.66405033796218e-06,0.1242393366718419,1.0127873795020641e-05,-0.023014328481331385,-5.526479103192148e-06,-9.453995933351405e-05,-25.637311231280673,0.0790638557628326,17.76437842987804,0.7399471872325573,1.9568600142871382,0.0008260812407345254,-9.453918010310222e-05,-25.637311222012332,0.07906385525955426,17.764378448737776,0.7399471866252568,1.9568600089290888,0.000826081259315333
3.4009999999997365,2,1,1,2,0.0006721453957100046,5.186406979567146,5.204415945475768,5.0,0.5860959376357328,-9.271367334542773e-06,0.43587560182726914,0.029527268284385476,3.5016382342992826e-06,3.234938582021393e-05,0.5894500097692839,-9.278252918510013e-06,0.003354072133558168,0.6181048502665389,0.03136499999999988,0.03136499999999988,1.0,-0.05395082719762696,-0.0539647913507085,0.0,0.0,0.0,-0.05395082719762696,-0.0,-0.0,0.0,-0.0512004843185024,-0.0511946241513422,0.0,0.0,0.0,0.055,0.3,0.24879951568149714,0.0,0.0,0.0,7.913568651409546e-07,0,0,0,1,0,0.4999788676220309,0.4999788676220309,0,0,0.19395904382690787,1.479425314083262,-3.824655918949821e-06,0.0788311325324376,-9.386597285683054e-06,-1.5492253140832621,-6.226747299288895e-06,1.6388446183684613,-0.7853120625106855,-6.025492190677702e-06,0.09803437049009711,8.861108099295108e-06,0.12440952299906552,8.430181986342426e-06,-0.02308876683982875,-4.381732062187298e-06,-0.0001230109676825617,-25.66529189784936,0.08003139421144251,17.764051091508026,0.7399591039719874,1.956651921188202,0.000828713535000232,-0.00012301018654652972,-25.665291888696036,0.0800313937015076,17.7640511101449,0.7399591033726981,1.95665191589243,0.0008287135528241244
3.4109999999997354,2,1,1,2,0.0006719249488905945,5.184488917733879,5.2018840035218465,5.0,0.5863912599898202,-9.236314730637952e-06,0.43587599795432497,0.02953504577988476,3.503025544217155e-06,4.275967848123472e-05,0.5897500097692838,-9.278252918510013e-06,0.0033587497797254243,0.6199986828967098,0.031664999999999846,0.031664999999999846,1.0,-0.05389656705771678,-0.053910480089491467,0.0,0.0,0.0,-0.05389656705771678,-0.0,-0.0,0.0,-0.05173969367704992,-0.05173397289753727,0.0,0.0,0.0,0.055,0.3,0.24826030632294968,0.0,0.0,0.0,7.91910042421675e-07,0,0,0,1,0,0.49997857587185646,0.49997857587185646,0,0,0.19637501100078225,1.4781802703916487,-3.8818091790589935e-06,0.07981180453014665,-9.297293527358362e-06,-1.5479802703916488,-6.15082268001184e-06,1.6386133022770282,-0.7853121006176623,-5.473603934844396e-06,0.09809433181377024,8.975228192998717e-06,0.12458229407881764,6.940009924985198e-06,-0.023167226516314848,-3.3637740118170227e-06,-0.00014926495028039357,-25.6932747649869,0.08100162988580363,17.763688152960334,0.7399704494684263,1.956438702871254,0.0008309509724046412,-0.00014926416733917588,-25.69327475594973,0.08100162936927408,17.763688171371687,0.739970448877228,1.9564386976385182,0.0008309509894681268
3.4209999999997343,2,1,1,2,0.0006717997223633912,5.182554400950698,5.199433187208497,5.0,0.5866866575921369,-9.20143247590731e-06,0.4358764955974419,0.02954235422833587,3.4714254998239794e-06,5.267570420484776e-05,0.5900500097692838,-9.278252918510013e-06,0.003363352178024201,0.6219111283107296,0.03196499999999981,0.03196499999999981,1.0,-0.05384331610810891,-0.05385714868126482,0.0,0.0,0.0,-0.05384331610810891,-0.0,-0.0,0.0,-0.05227836530620728,-0.05227278323562863,0.0,0.0,0.0,0.055,0.3,0.24772163469379235,0.0,0.0,0.0,7.919810709597303e-07,0,0,0,1,0,0.49997852601685033,0.49997852601685033,0,0,0.22129196440801024,1.476933488565956,-3.933883947566997e-06,0.08079308558432699,-9.207267871696597e-06,-1.546733488565956,-6.088595473334001e-06,1.6383811819835536,-0.7853121293026651,-5.001619826116138e-06,0.0981559705683656,9.014203811466282e-06,0.12475685221364924,5.6679427362267494e-06,-0.02324916539677758,-2.484343148943726e-06,-0.0001735397206874654,-25.721261920520686,0.08197430710207214,17.76329556418274,0.7399809281892743,1.9562240563543507,0.0008329692358593144,-0.00017353893603947083,-25.721261911600784,0.08197430657901114,17.763295582366087,0.7399809276062425,1.9562240511853548,0.000832969252159141
3.430999999999733,2,1,1,2,0.0006717647366334669,5.180613806343269,5.197051079183808,5.0,0.5869821256653674,-9.167037607857347e-06,0.435877089121802,0.029549181045355137,3.4088826398538777e-06,6.197764443185158e-05,0.5903500097692838,-9.278252918510013e-06,0.003367884105752601,0.6238402999614587,0.03226499999999978,0.03226499999999978,1.0,-0.05379180501426603,-0.053805535039852394,0.0,0.0,0.0,-0.05379180501426603,-0.0,-0.0,0.0,-0.05281651346501092,-0.0528110691715391,0.0,0.0,0.0,0.055,0.3,0.24718348653498873,0.0,0.0,0.0,7.916372375116735e-07,0,0,0,1,0,0.4999785957445584,0.4999785957445584,0,0,0.19866699585691094,1.4756849544417856,-3.981669864648686e-06,0.08177499108333146,-9.117231856933305e-06,-1.5454849544417857,-6.037942495360773e-06,1.6381482257855888,-0.7853121499630473,-4.60758996916939e-06,0.09821903951204079,8.985296117099243e-06,0.12493254291996572,4.60181098082461e-06,-0.02333402650830152,-1.74448432337699e-06,-0.00019579498090005582,-25.7492541000883,0.08294946362459303,17.762876999191214,0.7399906043851091,1.956009626559855,0.0008348611416160805,-0.0001957941946497563,-25.749254091286797,0.0829494630950702,17.76287701714405,0.7399906038103184,1.956009621455315,0.0008348611571491199
3.440999999999732,2,1,1,2,0.0006718139820506,5.17867619627881,5.194728230381273,5.0,0.5872776593964656,-9.133432022881057e-06,0.43587777189836163,0.02955552815302602,3.3167965073626956e-06,7.058137135543923e-05,0.5906500097692837,-9.278252918510013e-06,0.0033723503759276996,0.6257844118601179,0.03256499999999975,0.03256499999999975,1.0,-0.053742596990403936,-0.05375620895895534,0.0,0.0,0.0,-0.053742596990403936,-0.0,-0.0,0.0,-0.05335415877812439,-0.05334885114589265,0.0,0.0,0.0,0.055,0.3,0.24664584122187524,0.0,0.0,0.0,7.909342063765414e-07,0,0,0,1,0,0.49997873851442987,0.49997873851442987,0,0,0.19983301172032952,1.4744346597303306,-4.025929120222255e-06,0.08275753410697946,-9.027823470755496e-06,-1.5442346597303307,-5.996902764695346e-06,1.6379144073026943,-0.7853121639720413,-4.288180813910706e-06,0.09828332044717845,8.895977731524572e-06,0.12510883039902623,3.723354043376296e-06,-0.023421302372639376,-1.1394866697477208e-06,-0.0002159348576293265,-25.777251459752485,0.0839271972582873,17.76243510004542,0.7399996319551623,1.9557963197719956,0.0008366789682155225,-0.00021593406987255068,-25.77725145107032,0.08392719672236812,17.762435117765534,0.7399996313886795,1.9557963147325463,0.0008366789829792613
3.450999999999731,2,1,1,2,0.0006719407279791858,5.176749600334354,5.192457606948639,5.0,0.5875732540309155,-9.100901149400866e-06,0.435878536617706,0.029561403934419216,3.197085165048367e-06,7.843117614028257e-05,0.5909500097692837,-9.278252918510013e-06,0.0033767557430255304,0.6277417913810569,0.032864999999999714,0.032864999999999714,1.0,-0.053696109990831214,-0.0537095941303254,0.0,0.0,0.0,-0.053696109990831214,-0.0,-0.0,0.0,-0.053891326686525964,-0.05388615447683966,0.0,0.0,0.0,0.055,0.3,0.24610867331347364,0.0,0.0,0.0,7.899200853523346e-07,0,0,0,1,0,0.4999789331316875,0.4999789331316875,0,0,0.19975000759586692,1.4731826009318434,-4.067384600691946e-06,0.08374072569210024,-8.939604383077832e-06,-1.5429826009318435,-5.963705568080455e-06,1.6376797048789553,-0.7853121726368388,-4.039016694022294e-06,0.09834861988168425,8.753997669544054e-06,0.1252852799485488,3.0133057962537692e-06,-0.023510549745043414,-6.614658049325114e-07,-0.0002338808787755489,-25.805253844876585,0.08490758971008813,17.76197191634295,0.7400081729605895,1.955584738376193,0.0008384561620888136,-0.000233880089617316,-25.805253836314858,0.08490758916784588,17.76197193382803,0.740008172402484,1.9555847334024998,0.0008384561760806812
3.46099999999973,2,1,1,2,0.0006721377779560769,5.174841112010791,5.190234135158431,5.0,0.5878689049180762,-9.069707427296778e-06,0.4358793755462771,0.029566820133180547,3.052353290340679e-06,8.5494895338384e-05,0.5912500097692837,-9.278252918510013e-06,0.003381104857638972,0.6297108826058331,0.03316499999999968,0.03316499999999968,1.0,-0.05365263612333899,-0.05366598754988808,0.0,0.0,0.0,-0.05365263612333899,-0.0,-0.0,0.0,-0.05442804610334807,-0.05442300800736228,0.0,0.0,0.0,0.055,0.3,0.24557195389665154,0.0,0.0,0.0,7.886370786821478e-07,0,0,0,1,0,0.49997916727768055,0.49997916727768055,0,0,0.19987503765150905,1.4719287784057955,-4.1067109315114605e-06,0.08472457506040867,-8.853057894350758e-06,-1.5417287784057956,-5.936770554096958e-06,1.6374441009394027,-0.7853121771748754,-3.854938292753952e-06,0.09841476565186885,8.567237575637346e-06,0.1254615435602216,2.4529341121732525e-06,-0.02360138863716955,-3.0069773947279827e-07,-0.00024959292244475316,-25.83326089408654,0.085890684820209,17.761489080168243,0.7400163741492735,1.9553753288634106,0.000840216877786545,-0.0002495921319913831,-25.833260885646183,0.08589068427171989,17.761489097415986,0.7400163735996131,1.9553753239561311,0.0008402168910042745
3.4709999999997287,2,1,1,2,0.000672397683480457,5.172956935269216,5.1880543163793345,5.0,0.5881646075363224,-9.040083983521899e-06,0.43588028073991203,0.029571790458334177,2.8857744012416964e-06,9.176002610999526e-05,0.5915500097692836,-9.278252918510013e-06,0.0033854022413390425,0.6316902460888719,0.03346499999999965,0.03346499999999965,1.0,-0.05361235935008215,-0.05362557726682318,0.0,0.0,0.0,-0.05361235935008215,-0.0,-0.0,0.0,-0.054964348253999915,-0.05495944293714441,0.0,0.0,0.0,0.055,0.3,0.24503565174599964,0.0,0.0,0.0,7.871223307060607e-07,0,0,0,1,0,0.4999794321107147,0.4999794321107147,0,0,0.200167007278651,1.4706731955739172,-4.1445278753749445e-06,0.08570908981617369,-8.768588634360033e-06,-1.5404731955739173,-5.914699442672518e-06,1.6372075813866562,-0.7853121786999083,-3.730222751449766e-06,0.0984816041612871,8.343524698180718e-06,0.1256373474388629,2.024494293856296e-06,-0.023693496685271036,-4.637637711904037e-08,-0.0002630721489544849,-25.861272088678156,0.08687648548413068,17.760987892409172,0.7400243613870368,1.9551684360464854,0.0008419799195999735,-0.0002630713573110394,-25.861272080360145,0.08687648492947139,17.760987909417416,0.7400243608458849,1.9551684312062398,0.0008419799320416625
3.4809999999997276,2,1,1,2,0.0006727129226406217,5.171102423124979,5.185915899156989,5.0,0.588460357508207,-9.012229931661064e-06,0.43588124422165486,0.02957632982347296,2.7009086992393056e-06,9.723037161807194e-05,0.5918500097692836,-9.278252918510013e-06,0.0033896522715154325,0.633678557025378,0.033764999999999615,0.033764999999999615,1.0,-0.05357537177214842,-0.053588458734517536,0.0,0.0,0.0,-0.05357537177214842,-0.0,-0.0,0.0,-0.05550026568540167,-0.05549549182415199,0.0,0.0,0.0,0.055,0.3,0.24449973431459787,0.0,0.0,0.0,7.854084929995588e-07,0,0,0,1,0,0.499979720473672,0.499979720473672,0,0,0.2002500114031136,1.4694158582397727,-4.181395785002611e-06,0.08669427611890583,-8.686524086078429e-06,-1.5392158582397728,-5.896265338768012e-06,1.6369701350612267,-0.7853121782140601,-3.6587780243740497e-06,0.09854899808153542,8.090457466779265e-06,0.1258124809836963,1.7113515892433723e-06,-0.02378660246995445,1.1289177616603991e-07,-0.00027435778536018653,-25.889286783383806,0.08786495688235847,17.760469377773642,0.7400322396046873,1.9549643263846757,0.0008437603741214858,-0.0002743569925929892,-25.889286775186996,0.08786495632163818,17.760469394544472,0.7400322390719704,1.9549643216108952,0.0008437603857925567
3.4909999999997265,2,1,1,2,0.0006730760476402467,5.169282120383683,5.183817600615454,5.0,0.5887561506096679,-8.986307501531045e-06,0.4358822581281685,0.02958045385825448,2.5015246721693183e-06,0.00010192306458200738,0.5921500097692836,-9.278252918510013e-06,0.0033938591721724685,0.6356746025254008,0.03406499999999958,0.03406499999999958,1.0,-0.05354168856640676,-0.053554649818809974,0.0,0.0,0.0,-0.05354168856640676,-0.0,-0.0,0.0,-0.0560358314306322,-0.056031187742325676,0.0,0.0,0.0,0.055,0.3,0.2439641685693673,0.0,0.0,0.0,7.835242082747048e-07,0,0,0,1,0,0.4999800262723577,0.4999800262723577,0,0,0.21999998716637492,1.468156774011477,-4.2178128746065726e-06,0.08768013883516448,-8.607117698043835e-06,-1.537956774011477,-5.880401464876e-06,1.6367317532684764,-0.7853121766040255,-3.634314744760534e-06,0.09861682442604323,7.815260485192812e-06,0.12598678702867872,1.4980042867540253e-06,-0.02388047895375074,1.8872393314421698e-07,-0.00028352193713897613,-25.917304230192496,0.08885603169175536,17.759934327139607,0.7400400944015174,1.9547632009253029,0.0008455703507113545,-0.00028352114249655363,-25.91730422206569,0.08885603112595673,17.759934343776628,0.7400400938738779,1.9547631961889127,0.0008455703617966097
3.5009999999997254,2,1,1,2,0.0006734798045654735,5.1674998118203845,5.181758871252926,5.0,0.5890519827752096,-8.96244083173775e-06,0.43588331482819154,0.029584178563285227,2.2914439631230956e-06,0.00010586591447071395,0.5924500097692835,-9.278252918510013e-06,0.0033980270087496395,0.6376772782788174,0.03436499999999955,0.03436499999999955,1.0,-0.053511261575714966,-0.05352410445993647,0.0,0.0,0.0,-0.053511261575714966,-0.0,-0.0,0.0,-0.05657107831553721,-0.056566563581948934,0.0,0.0,0.0,0.055,0.3,0.24342892168446228,0.0,0.0,0.0,7.814945397699351e-07,0,0,0,1,0,0.49998034424234494,0.49998034424234494,0,0,0.19895803416147828,1.466895951815636,-4.254214090319311e-06,0.08866668167286966,-8.530553267434879e-06,-1.536695951815636,-5.866189856576639e-06,1.6364924293686784,-0.7853121746404575,-3.650496386004353e-06,0.0986849729377898,7.524672141897012e-06,0.12616015322766821,1.3700766250256414e-06,-0.023974937406863458,1.926753027052965e-07,-0.0002906639238494803,-25.945323598756822,0.08984961574359975,17.7593833338885,0.7400479940795494,1.9545652044196824,0.0008474193958681794,-0.00029066312742501664,-25.945323590700653,0.08984961517279584,17.759383350390216,0.740047993557035,1.9545651997211155,0.000847419406366187
3.5109999999997243,2,1,1,2,0.0006739172284228314,5.165758576859938,5.1797396981400325,5.0,0.5893478501001549,-8.940716161862749e-06,0.43588440701612036,0.029587520056601615,2.07441381631031e-06,0.00010909505300387322,0.5927500097692835,-9.278252918510013e-06,0.0034021596858725338,0.6396855847558006,0.034664999999999516,0.034664999999999516,1.0,-0.05348399158338045,-0.05349672501676527,0.0,0.0,0.0,-0.05348399158338045,-0.0,-0.0,0.0,-0.057106038393982386,-0.05710165147937384,0.0,0.0,0.0,0.055,0.3,0.2428939616060171,0.0,0.0,0.0,7.793413313508655e-07,0,0,0,1,0,0.4999806698384841,0.4999806698384841,0,0,0.20016595954075456,1.4656334014916035,-4.290971365005063e-06,0.08965390730096631,-8.456950274888228e-06,-1.5354334014916036,-5.852850187520472e-06,1.6362521584246317,-0.785312172979891,-3.701068197405301e-06,0.09875334473669992,7.2248630522613515e-06,0.12633250448422356,1.3143027602395842e-06,-0.024069821914518397,1.3600964390182265e-07,-0.0002959047193393893,-25.973343995066617,0.09084559354280607,17.758816825278913,0.7400559917371158,1.9543704330323113,0.000849314789462626,-0.00029590392122689043,-25.973343987081783,0.090845592967071,17.758816841643863,0.7400559912197706,1.9543704283719963,0.0008493147993721956
3.5209999999997232,2,1,1,2,0.0006743817163056545,5.164060847171808,5.177760442015989,5.0,0.5896437488407474,-8.921183153269786e-06,0.43588552778360434,0.029590494386183528,1.8540061628781293e-06,0.00011165286032690929,0.5930500097692835,-9.278252918510013e-06,0.0034062609472513827,0.6416986230414261,0.03496499999999948,0.03496499999999948,1.0,-0.053459739277160086,-0.05347237329705007,0.0,0.0,0.0,-0.053459739277160086,-0.0,-0.0,0.0,-0.05764074249862297,-0.05763648236293841,0.0,0.0,0.0,0.055,0.3,0.2423592575013765,0.0,0.0,0.0,7.770836037094268e-07,0,0,0,1,0,0.4999809991592348,0.4999809991592348,0,0,0.19774999236688018,1.4643691334561133,-4.3283950485390075e-06,0.09064181745677981,-8.386369880415558e-06,-1.5341691334561134,-5.839728778563946e-06,1.6360109369009557,-0.7853121721687001,-3.779965538378955e-06,0.09882185118344652,6.921382090254544e-06,0.12650379633920156,1.3185064700110448e-06,-0.024165004475570632,2.951593882509727e-08,-0.00029938171538649195,-26.00136447825354,0.09184383343615674,17.758235090687,0.7400641272610456,1.9541789410609258,0.0008512618005667536,-0.00029938091567918116,-26.00136447034066,0.09184383285556498,17.758235106913705,0.7400641267489138,1.9541789364392783,0.0008512618098866151
3.530999999999722,2,1,1,2,0.0006748670813775661,5.162408466528882,5.1758217040939165,5.0,0.5899396754126657,-8.903857081641554e-06,0.43588667067187176,0.029593117393429447,1.633540995131233e-06,0.0001135861556232663,0.5933500097692834,-9.278252918510013e-06,0.00341033437716885,0.6437155903814401,0.03526499999999945,0.03526499999999945,1.0,-0.05343833495255617,-0.05345088032332526,0.0,0.0,0.0,-0.05343833495255617,-0.0,-0.0,0.0,-0.05817521989433617,-0.058171085602191426,0.0,0.0,0.0,0.055,0.3,0.2418247801056633,0.0,0.0,0.0,7.747378847055839e-07,0,0,0,1,0,0.49998132888837343,0.49998132888837343,0,0,0.2049169852398336,1.4631031584291352,-4.366736312226812e-06,0.09163041304303557,-8.318821323835314e-06,-1.5329031584291353,-5.826287830158769e-06,1.6357687624092316,-0.7853121726486647,-3.881402521299124e-06,0.0988904129243021,6.619126434524376e-06,0.12667400923583186,1.3715772489174317e-06,-0.024260380670895202,-1.1663460764057629e-07,-0.00030124391755337283,-26.0293840759173,0.09284419232851622,17.757638306550867,0.7400724291913264,1.9539907470520437,0.0008532639271708804,-0.000301243116352769,-26.029384068077075,0.09284419174314879,17.757638322637753,0.7400724286844561,1.9539907424695242,0.0008532639359000624
3.540999999999721,2,1,1,2,0.000675367590199343,5.160802751209795,5.173924218787448,5.0,0.5902356263883966,-8.888721676187382e-06,0.435887829707333,0.029595404616547836,1.4160312606668665e-06,0.00011494463511085174,0.5936500097692834,-9.278252918510013e-06,0.0034143834031067537,0.6457357755075647,0.035564999999999417,0.035564999999999417,1.0,-0.0534195870093788,-0.053432054887677966,0.0,0.0,0.0,-0.0534195870093788,-0.0,-0.0,0.0,-0.05870949802199935,-0.05870548874806495,0.0,0.0,0.0,0.055,0.3,0.24129050197800012,0.0,0.0,0.0,7.723185183298039e-07,0,0,0,1,0,0.4999816562406416,0.4999816562406416,0,0,0.1972499885596335,1.461835487212646,-4.406190336886514e-06,0.09261969421616542,-8.25426850985649e-06,-1.531635487212646,-5.812094913701314e-06,1.6355256334935009,-0.785312174763765,-3.9999421664617205e-06,0.09895895908395513,6.322331970259261e-06,0.12684314357987667,1.4634427302152652e-06,-0.02435586586448174,-2.929956668583567e-07,-0.0003016476205953403,-26.057401797962946,0.0938465199074426,17.757026558366398,0.7400809164356571,1.9538058393548294,0.0008553231255539061,-0.0003016468179935591,-26.05740179019597,0.09384651931737438,17.7570265743121,0.7400809159340883,1.9538058348118337,0.000855323133691626
3.55099999999972,2,1,1,2,0.0006758779857611022,5.159244549650662,5.172068768874661,5.0,0.5905315984938269,-8.875732404857976e-06,0.435888999422845,0.02959737122511453,1.2041464339787786e-06,0.00011577953947821735,0.5939500097692834,-9.278252918510013e-06,0.0034184112991550485,0.6477585538056289,0.035864999999999383,0.035864999999999383,1.0,-0.05340328930817948,-0.05341569096175414,0.0,0.0,0.0,-0.05340328930817948,-0.0,-0.0,0.0,-0.05924360232090424,-0.059239717352239284,0.0,0.0,0.0,0.055,0.3,0.24075639767909526,0.0,0.0,0.0,7.698379478969071e-07,0,0,0,1,0,0.49998197891006546,0.49998197891006546,0,0,0.19658298697322607,1.4605661305147892,-4.446900107286837e-06,0.09360966046722473,-8.192636593392708e-06,-1.5303661305147893,-5.796812760402656e-06,1.6352815494510078,-0.7853121787678681,-4.130549472188419e-06,0.0990274265785517,6.034580599203306e-06,0.12701121551638372,1.5850371072712823e-06,-0.02445139189683848,-4.909209865700402e-07,-0.00030075258434087413,-26.085416648987433,0.09485066236168199,17.756399859945393,0.7400895998281184,1.9536241811430584,0.0008574400292641418,-0.00030075178044279083,-26.085416641294447,0.09485066176699793,17.756399875748297,0.7400895993319,1.9536241766400468,0.0008574400368094801
3.560999999999719,2,1,1,2,0.0006763934983863009,5.157734300314754,5.1702561199256065,5.0,0.5908275886043101,-8.864820033064434e-06,0.4358901748668218,0.029599031978711127,1.000192018386565e-06,0.00011614253220605287,0.5942500097692833,-9.278252918510013e-06,0.0034224211899448785,0.6497833823816626,0.03616499999999935,0.03616499999999935,1.0,-0.05338922746185936,-0.05340157403720204,0.0,0.0,0.0,-0.05338922746185936,-0.0,-0.0,0.0,-0.059777556118813836,-0.05977379485466079,0.0,0.0,0.0,0.055,0.3,0.24022244388118566,0.0,0.0,0.0,7.673069703452308e-07,0,0,0,1,0,0.4999822950195498,0.4999822950195498,0,0,0.2057079691439867,1.4592950988126832,-4.488960650509179e-06,0.09460031069648908,-8.133818413865493e-06,-1.5290950988126832,-5.7801893888261055e-06,1.6350365101835005,-0.7853121848330102,-4.268628946873896e-06,0.09909575952536276,5.758821256672647e-06,0.1271782533478577,1.7282653959984742e-06,-0.024546904228435622,-7.026115041077288e-07,-0.0002987187116091731,-26.11342763925952,0.09585646559783083,17.755758170139416,0.7400984835328004,1.9534457149295377,0.0008596141567443141,-0.0002987179065101988,-26.11342763164108,0.09585646499860942,17.755758185798108,0.7400984830419726,1.9534457104669163,0.000859614163696806
3.5709999999997177,2,1,1,2,0.0006769098465004,5.1562720874437975,5.168486971141514,5.0,0.5911235937404293,-8.855894312256044e-06,0.43589135160220116,0.02960040120367135,8.061024407325513e-07,0.00011608476985447948,0.5945500097692833,-9.278252918510013e-06,0.0034264160548850672,0.6518097950786642,0.03646499999999932,0.03646499999999932,1.0,-0.053377184148027494,-0.05338948648239833,0.0,0.0,0.0,-0.053377184148027494,-0.0,-0.0,0.0,-0.060311380579472655,-0.06030774252897726,0.0,0.0,0.0,0.055,0.3,0.23968861942052685,0.0,0.0,0.0,7.647349131988132e-07,0,0,0,1,0,0.4999826030819554,0.4999826030819554,0,0,0.19945896929129958,1.458022402247861,-4.532423571815878e-06,0.09559164328257906,-8.077680657883586e-06,-1.527822402247861,-5.762048611269316e-06,1.6347905160748248,-0.7853121930580115,-4.410048247958068e-06,0.09916390872734274,5.497401660699911e-06,0.12734429451958856,1.8859639482447594e-06,-0.024642359488399823,-9.211380809250091e-07,-0.0002957032208725905,-26.141433794464653,0.09686377796627985,17.755101406970144,0.7401075663008917,1.953270366661448,0.0008618441039304673,-0.00029570241249366,-26.141433786790593,0.09686377736484483,17.755101422750613,0.7401075658067869,1.9532703621641558,0.0008618441107729427
3.5809999999997166,2,1,1,2,0.0006774232290614737,5.154857691764617,5.166761919988931,5.0,0.5914196110636004,-8.848847678772142e-06,0.43589252569708103,0.02960149278319729,6.234447771164183e-07,0.00011565614564398576,0.5948500097692833,-9.278252918510013e-06,0.003430398732558565,0.6538373974907955,0.036764999999999284,0.036764999999999284,1.0,-0.05336694350531054,-0.05337921197691961,0.0,0.0,0.0,-0.05336694350531054,-0.0,-0.0,0.0,-0.0608450946981756,-0.060841579476437695,0.0,0.0,0.0,0.055,0.3,0.23915490530182393,0.0,0.0,0.0,7.621300337149143e-07,0,0,0,1,0,0.4999829019213047,0.4999829019213047,0,0,0.19712501671165228,1.4567480505490509,-4.577301758208558e-06,0.09658365614676671,-8.024069657719003e-06,-1.526548050549051,-5.742280956767476e-06,1.6345435678909928,-0.7853122034772027,-4.551149550151914e-06,0.09923183121975292,5.252108284116259e-06,0.12750938311099233,2.051856470356089e-06,-0.02473772339275637,-1.1404434914728932e-06,-0.0002918582814075611,-26.169434163688425,0.0978724525329944,17.754429460616894,0.7401168425559658,1.9530980490947392,0.0008641277257589922,-0.00029185746905601096,-26.169434155910846,0.09787245193027146,17.75442947661717,0.7401168420553971,1.9530980445351098,0.0008641277326694702
3.5909999999997155,2,1,1,2,0.0006779303112768023,5.153490639939844,5.1650814382101915,5.0,0.5917156378716393,-8.843558863705318e-06,0.4358936937086627,0.029602320158127044,4.534313376701162e-07,0.00011490468846431095,0.5951500097692832,-9.278252918510013e-06,0.0034343719251539186,0.6558658620121418,0.03706499999999925,0.03706499999999925,1.0,-0.053358294731392204,-0.053370539146405195,0.0,0.0,0.0,-0.053358294731392204,-0.0,-0.0,0.0,-0.0613787153367533,-0.06137532265959019,0.0,0.0,0.0,0.055,0.3,0.2386212846632463,0.0,0.0,0.0,7.594994047028949e-07,0,0,0,1,0,0.49998319068416963,0.49998319068416963,0,0,0.19833300029858947,1.4554720529774723,-4.623574135538298e-06,0.09757634681307457,-7.97281675420667e-06,-1.5252720529774724,-5.720835060203347e-06,1.6342956666991686,-0.7853122160690706,-4.688750271418332e-06,0.09929948986967681,5.0242123726464595e-06,0.12767356777764827,2.2205063771737683e-06,-0.02483296899499328,-1.3553267334253487e-06,-0.00028732910403906964,-26.197427826798165,0.09888234890611922,17.753742203251257,0.7401263033894757,1.9529286651037716,0.0008664623008441612,-0.0002873282878206671,-26.19742781891674,0.09888234830222672,17.753742219472247,0.7401263028824198,1.9529286604815468,0.0008664623078251035
3.6009999999997144,2,1,1,2,0.0006784282050418524,5.152170249017934,5.16344585745509,5.0,0.5920116715943698,-8.839896338128289e-06,0.4358948526619494,0.029602896333268864,2.969392365599455e-07,0.0001138760984941024,0.5954500097692832,-9.278252918510013e-06,0.0034383382028565683,0.6578949229606916,0.03736499999999922,0.03736499999999922,1.0,-0.05335103494863513,-0.053363264457250086,0.0,0.0,0.0,-0.05335103494863513,-0.0,-0.0,0.0,-0.061912257290526,-0.06190898696826621,0.0,0.0,0.0,0.055,0.3,0.2380877427094736,0.0,0.0,0.0,7.568492613730119e-07,0,0,0,1,0,0.4999834687612146,0.4999834687612146,0,0,0.20599999697878957,1.454194418290674,-4.671190382771748e-06,0.0985697124645029,-7.92374317930628e-06,-1.5239944182906742,-5.697709530849016e-06,1.6340468138026305,-0.7853122307646667,-4.820134893912007e-06,0.09936685300101578,4.814519429533975e-06,0.12783690006037074,2.3872678459692434e-06,-0.024928075212068933,-1.5614131503012723e-06,-0.00028225244827683333,-26.225413900385337,0.09989333465718575,17.753039497621867,0.7401359373859003,1.9527621103760848,0.0008688446763483217,-0.00028225162829349884,-26.22541389239969,0.09989333405223941,17.753039514064536,0.7401359368723319,1.9527621056909852,0.0008688446834023127
3.6109999999997133,2,1,1,2,0.0006789144453655796,5.150895666662093,5.16185536249053,5.0,0.592307709789317,-8.837721532977734e-06,0.4358960000244762,0.029603233887856264,1.5453486034441392e-07,0.00011261340320064819,0.5957500097692832,-9.278252918510013e-06,0.0034423000081548424,0.6599243718077379,0.037664999999999185,0.037664999999999185,1.0,-0.05334497141466065,-0.053357194454023746,0.0,0.0,0.0,-0.05334497141466065,-0.0,-0.0,0.0,-0.06244573338020222,-0.06244258531079174,0.0,0.0,0.0,0.055,0.3,0.23755426661979737,0.0,0.0,0.0,7.54185087557013e-07,0,0,0,1,0,0.49998373576250765,0.49998373576250765,0,0,0.19975000759586692,1.4529151547213808,-4.720075521920177e-06,0.0995637499956856,-7.876664430470543e-06,-1.5227151547213809,-5.6729453306996435e-06,1.6337970106890145,-0.7853122474556522,-4.943039279537724e-06,0.09943389405044015,4.623420874247285e-06,0.12799943303124284,2.548233535286226e-06,-0.02502302560927525,-1.755113280037178e-06,-0.0002767555016176229,-26.253391542605907,0.1009052863837964,17.752321204240594,0.7401457313393012,1.952598275741963,0.0008712713999411713,-0.0002767546779794327,-26.253391534515774,0.10090528577791816,17.75232122090578,0.7401457308191984,1.95259827099375,0.0008712714070708854
3.6209999999997122,2,1,1,2,0.0006793869638907204,5.149665907471473,5.160309990478394,5.0,0.592603750137525,-8.836891795481501e-06,0.43589713367818683,0.029603344988321467,2.650191964167001e-08,0.00011115671777377461,0.5960500097692831,-9.278252918510013e-06,0.003446259660020626,0.6619540525390168,0.03796499999999915,0.03796499999999915,1.0,-0.053339923165615206,-0.05335214742535943,0.0,0.0,0.0,-0.053339923165615206,-0.0,-0.0,0.0,-0.06297915456270832,-0.06297612872437326,0.0,0.0,0.0,0.055,0.3,0.23702084543729132,0.0,0.0,0.0,7.515117298257875e-07,0,0,0,1,0,0.4999839914845683,0.4999839914845683,0,0,0.1989169977605343,1.451634269968285,-4.770134316847369e-06,0.10055845606222356,-7.831394124111438e-06,-1.521434269968285,-5.646618684632589e-06,1.633546258989475,-0.7853122660018823,-5.0556289622156285e-06,0.09950059124374115,4.450946277975089e-06,0.12816122022298407,2.7001807678360963e-06,-0.02511780740461079,-1.933572965023183e-06,-0.0002709551014728671,-26.281359957082042,0.10191809044306999,17.75158718710387,0.7401556708622452,1.9524370491844805,0.0008737388353833914,-0.00027095427428010065,-26.281359948886962,0.10191808983637499,17.751587203992624,0.7401556703355822,1.9524370443728598,0.0008737388425916487
3.630999999999711,2,1,1,2,0.000679844060461037,5.148479885267493,5.1588096349670405,5.0,0.5928997904394976,-8.837263049280748e-06,0.43589825188941855,0.029603241401921578,-8.712825494997903e-08,0.00010954309516210692,0.5963500097692831,-9.278252918510013e-06,0.003450219357968074,0.6639838571696391,0.03826499999999912,0.03826499999999912,1.0,-0.053335722163896204,-0.053347954570785006,0.0,0.0,0.0,-0.053335722163896204,-0.0,-0.0,0.0,-0.06351253005566546,-0.06350962649933815,0.0,0.0,0.0,0.055,0.3,0.2364874699443342,0.0,0.0,0.0,7.488334970117038e-07,0,0,0,1,0,0.49998423588007634,0.49998423588007634,0,0,0.19624998094514012,1.4503517711961902,-4.8212554281390654e-06,0.10155382712686828,-7.787747329448349e-06,-1.5201517711961903,-5.618834534405464e-06,1.6332945604467368,-0.7853122862384537,-5.156472746984088e-06,0.09956692728729509,4.296814934083585e-06,0.1283223147985101,2.840516772010232e-06,-0.02521241066227946,-2.094617143792618e-06,-0.0002649572608158295,-26.309318395897296,0.10293164339472079,17.75083731821749,0.7401657408936614,1.952278317534379,0.000876243262230497,-0.0002649564301811931,-26.309318387597028,0.10293164278733366,17.750837335330566,0.7401657403604189,1.9522783126591245,0.0008762432695201004
3.64099999999971,2,1,1,2,0.0006802843735538569,5.147336441479893,5.157354053431336,5.0,0.5931958286112866,-8.83869214667098e-06,0.43589935327781837,0.029602934510175843,-1.8654530968712852e-07,0.0001078064520569422,0.5966500097692831,-9.278252918510013e-06,0.003454181185964536,0.6660137214321731,0.038564999999999086,0.038564999999999086,1.0,-0.05333221401991887,-0.053344460738425345,0.0,0.0,0.0,-0.05333221401991887,-0.0,-0.0,0.0,-0.06404586747094582,-0.0640430863126274,0.0,0.0,0.0,0.055,0.3,0.23595413252905378,0.0,0.0,0.0,7.461542405159688e-07,0,0,0,1,0,0.49998446903139837,0.49998446903139837,0,0,0.1995839993469417,1.4490676650433167,-4.873315283861466e-06,0.10254985950268489,-7.745543395101505e-06,-1.5188676650433168,-5.589720542632991e-06,1.6330419168903039,-0.7853123079821667,-5.244512827009235e-06,0.09963288907088372,4.1604857588535555e-06,0.12848276892240093,2.9672235820188375e-06,-0.02530682764779427,-2.236689451535577e-06,-0.00025885695897481044,-26.337266161773506,0.10394585219202544,17.750071481077967,0.7401759261170784,1.9521219678815003,0.0008787809609879988,-0.0002588561250042338,-26.337266153367693,0.10394585158406595,17.75007149841627,0.7401759255772318,1.952121962942351,0.0008787809683618404
3.650999999999709,2,1,1,2,0.0006807068502576999,5.146234369815101,5.155942877374066,5.0,0.5934918626807003,-8.841038903938953e-06,0.43590043678487556,0.029602435321402183,-2.721282905694374e-07,0.00010597755837232172,0.596950009769283,-9.278252918510013e-06,0.0034581471162212335,0.668043620651361,0.03886499999999905,0.03886499999999905,1.0,-0.05332925835242324,-0.05334152479831994,0.0,0.0,0.0,-0.05332925835242324,-0.0,-0.0,0.0,-0.06457917295340765,-0.06457651436661016,0.0,0.0,0.0,0.055,0.3,0.23542082704659192,0.0,0.0,0.0,7.434774264450128e-07,0,0,0,1,0,0.4999846911248833,0.4999846911248833,0,0,0.20166701870039105,1.4477819576339432,-4.926181637484314e-06,0.10354654939329347,-7.704608289608706e-06,-1.5175819576339433,-5.559421646693617e-06,1.6327883302173438,-0.7853123310373678,-5.319032507708857e-06,0.0996984673792356,4.041204736796297e-06,0.1286426333003795,3.0788032152219827e-06,-0.02540105231982884,-2.3587894900954203e-06,-0.0002527381588526897,-26.36520260950839,0.10496063415854048,17.749289573256192,0.7401862112989858,1.951967888731276,0.0008813482837668075,-0.00025273732165838266,-26.36520260099668,0.10496063355013441,17.74928959082061,0.7401862107525119,1.9519678837279844,0.0008813482912280982
3.660999999999708,2,1,1,2,0.0006811107163658117,5.14517243744248,5.154575624161224,5.0,0.5937878907836351,-8.844167824148298e-06,0.4359015016426444,0.029601754481920196,-3.4441467797153723e-07,0.00010408407897938045,0.597250009769283,-9.278252918510013e-06,0.003462119012860939,0.6700735658167606,0.03916499999999902,0.03916499999999902,1.0,-0.053326728846180324,-0.05333901971060494,0.0,0.0,0.0,-0.053326728846180324,-0.0,-0.0,0.0,-0.06511245132152256,-0.0651099155299068,0.0,0.0,0.0,0.055,0.3,0.234887548678477,0.0,0.0,0.0,7.408061887689493e-07,0,0,0,1,0,0.4999849024323524,0.4999849024323524,0,0,0.20108401076868176,1.4464946545948734,-4.9797167944123895e-06,0.10454389293026531,-7.664776483930295e-06,-1.5162946545948734,-5.528095156922011e-06,1.632533802378007,-0.7853123552011606,-5.379622487915573e-06,0.09976365661059226,3.938049291297668e-06,0.12880195685706444,3.1742236534514683e-06,-0.025495079936576993,-2.4604093500521324e-06,-0.0002466740161444649,-26.393127146753784,0.10597591678265206,17.748491508215245,0.7401965815566142,1.951815970940076,0.0008839417123246299,-0.0002466731766545918,-26.393127138135885,0.10597591617479533,17.748491526006745,0.7401965810034564,1.9518159658723708,0.000883941719903916
3.6709999999997067,2,1,1,2,0.0006814954470533421,5.144149402935655,5.1532517099068045,5.0,0.5940839111605125,-8.847949517103915e-06,0.43590254734312783,0.02960090228567293,-4.040706346331552e-07,0.0001021506576177245,0.597550009769283,-9.278252918510013e-06,0.0034660986354807443,0.6721035998621612,0.03946499999999899,0.03946499999999899,1.0,-0.05332451306058573,-0.05333683234223907,0.0,0.0,0.0,-0.05332451306058573,-0.0,-0.0,0.0,-0.0656457062071681,-0.06564329347746842,0.0,0.0,0.0,0.055,0.3,0.23435429379283143,0.0,0.0,0.0,7.381433794742586e-07,0,0,0,1,0,0.49998510329002,0.49998510329002,0,0,0.19662495469674468,1.4452057610744804,-5.033780496698627e-06,0.10554188620773863,-7.625892409933867e-06,-1.5150057610744805,-5.495906387841815e-06,1.6322783353641461,-0.7853123802679841,-5.426146428499076e-06,0.09982845450131528,3.8499690366379694e-06,0.12896078652605283,3.2528661896524765e-06,-0.025588906756945945,-2.5414707438884965e-06,-0.00024072724605446667,-26.421039234210845,0.10699163736732746,17.747677216477047,0.7402070225648949,1.9516661084492657,0.0008865579040162638,-0.00024072640658271785,-26.4210392254865,0.10699163676249011,17.74767723449633,0.7402070220049457,1.951666103316946,0.0008865579117910451
3.6809999999997056,2,1,1,2,0.0006818607385010436,5.143164031252203,5.151970462848669,5.0,0.5943799221527951,-8.852261829584218e-06,0.4359035736086855,0.02959988868218119,-4.518629405864858e-07,0.00010019903404516943,0.5978500097692829,-9.278252918510013e-06,0.003470087642635341,0.6741337941551528,0.039764999999998954,0.039764999999998954,1.0,-0.053322512037061356,-0.05333486308057492,0.0,0.0,0.0,-0.053322512037061356,-0.0,-0.0,0.0,-0.06617894019236224,-0.0661766508276689,0.0,0.0,0.0,0.055,0.3,0.2338210598076373,0.0,0.0,0.0,7.354916042157297e-07,0,0,0,1,0,0.49998529408389314,0.49998529408389314,0,0,0.19400002202019095,1.443915281763346,-5.088232465707667e-06,0.10654052531431152,-7.587811529588095e-06,-1.5137152817633461,-5.4630248066833e-06,1.6320219312005833,-0.7853124060335699,-5.458707074604398e-06,0.09989286185613878,3.7758232306920582e-06,0.1291191671299453,3.3144745179510685e-06,-0.025682529819340837,-2.6022638205942585e-06,-0.0002349506214985513,-26.44893838531564,0.10800774256419689,17.74684664624669,0.7402175207097377,1.9515181988489652,0.000889193727193594,-0.0002349497822011726,-26.44893837648438,0.10800774196256165,17.746846664494825,0.7402175201429623,1.9515181936517227,0.0008891937351709896
3.6909999999997045,2,1,1,2,0.0006822064807600328,5.1422151060124275,5.150731136769456,5.0,0.5946759221995833,-8.856990706750604e-06,0.4359045803637616,0.029598723282878065,-4.886329799140108e-07,9.824818658279386e-05,0.5981500097692829,-9.278252918510013e-06,0.0034740875952403655,0.6761642452009702,0.04006499999999892,0.04006499999999892,1.0,-0.053320639747903284,-0.05333302528659564,0.0,0.0,0.0,-0.053320639747903284,-0.0,-0.0,0.0,-0.0667121549411669,-0.06670998927461758,0.0,0.0,0.0,0.055,0.3,0.2332878450588326,0.0,0.0,0.0,7.32853254964385e-07,0,0,0,1,0,0.4999854752345718,0.4999854752345718,0,0,0.1822920166887343,1.4426232209156908,-5.142934608120565e-06,0.10753980636226848,-7.550401052730155e-06,-1.512423220915691,-5.429620679186329e-06,1.6317645919382326,-0.7853124322983027,-5.477612727544006e-06,0.0999568822840906,3.7144138841517654e-06,0.12927714133114493,3.359106038523244e-06,-0.02577594678297846,-2.6433885911759594e-06,-0.00022938755712379602,-26.47682416548028,0.10902418781015429,17.74599976358982,0.740228063197504,1.9513721437908211,0.0008918462865132151,-0.00022938671816935652,-26.476824156541852,0.10902418721191305,17.745999782067624,0.7402280626238757,1.9513721385284193,0.0008918462947003143
3.7009999999997034,2,1,1,2,0.0006825327320692234,5.141301439366789,5.1495329241117895,5.0,0.5949719098342587,-8.862030805673588e-06,0.43590556770814415,0.029597415365937876,-5.15273006023613e-07,9.631449321319225e-05,0.5984500097692829,-9.278252918510013e-06,0.0034780999599286497,0.6781950715597516,0.04036499999999889,0.04036499999999889,1.0,-0.053318822424146664,-0.053331244625711156,0.0,0.0,0.0,-0.053318822424146664,-0.0,-0.0,0.0,-0.06724535132538557,-0.06724330971430162,0.0,0.0,0.0,0.055,0.3,0.232754648674614,0.0,0.0,0.0,7.302305315022642e-07,0,0,0,1,0,0.49998564718709293,0.49998564718709293,0,0,0.185999961104244,1.4413295823709866,-5.197752892680155e-06,0.10853972551419888,-7.513540345927595e-06,-1.5111295823709867,-5.395862188677799e-06,1.6315063196485298,-0.7853124588700114,-5.48334497818659e-06,0.10002052194042658,3.6645149465693e-06,0.12943474963715348,3.387085681180418e-06,-0.0258691558188203,-2.6656996592170965e-06,-0.0002240727735343572,-26.504696190956363,0.1100409367066248,17.745136552245715,0.7402386381255667,1.9512278492761286,0.0008945129397920532,-0.0002240719350908158,-26.504696181910514,0.11004093611196841,17.745136570953974,0.7402386375450608,1.9512278439483481,0.0008945129481960567
3.7109999999997023,2,1,1,2,0.0006828396947820827,5.140421879701897,5.148374968521639,5.0,0.595267883681173,-8.867285884855812e-06,0.43590653589190986,0.029595973879780753,-5.327048352679106e-07,9.441190534590999e-05,0.5987500097692828,-9.278252918510013e-06,0.0034821261123613757,0.6802264109762941,0.040664999999998855,0.040664999999998855,1.0,-0.053316997795158715,-0.05332945830896766,0.0,0.0,0.0,-0.053316997795158715,-0.0,-0.0,0.0,-0.06777852954302888,-0.06777661236351848,0.0,0.0,0.0,0.055,0.3,0.2322214704569707,0.0,0.0,0.0,7.27625462839786e-07,0,0,0,1,0,0.4999858103988539,0.4999858103988539,0,0,0.19429100211709738,1.4400343695752795,-5.252558913380245e-06,0.1095402790070702,-7.477121070578363e-06,-1.5098343695752796,-5.3619130019194605e-06,1.6312471164187283,-0.7853124855662293,-5.476528119635089e-06,0.10008378927512783,3.6248976373723205e-06,0.12959203044669582,3.3989624972788e-06,-0.025962155539078675,-2.6702547506364665e-06,-0.00021903300690704524,-26.532554127379555,0.11105796035372398,17.74425701314735,0.7402492345220777,1.9510852258302416,0.0008971913076349477,-0.00021903216913442177,-26.53255411822591,0.11105795976283854,17.744257032087024,0.7402492339346618,1.9510852204368092,0.0008971913162632331
3.720999999999701,2,1,1,2,0.0006831276930016885,5.139575317460162,5.147256376624078,5.0,0.5955638424523648,-8.872668994158218e-06,0.4359074852921542,0.02959440744548635,-5.41861031204829e-07,9.255212924111491e-05,0.5990500097692828,-9.278252918510013e-06,0.00348616734051098,0.6822584177183332,0.04096499999999882,0.04096499999999882,1.0,-0.05331511426828026,-0.05332761427325257,0.0,0.0,0.0,-0.05331511426828026,-0.0,-0.0,0.0,-0.06831168922882501,-0.06830989687086306,0.0,0.0,0.0,0.055,0.3,0.23168831077117452,0.0,0.0,0.0,7.250399207483409e-07,0,0,0,1,0,0.49998596533263795,0.49998596533263795,0,0,0.19379204604774714,1.4387375856018843,-5.307231157148561e-06,0.11054146317382568,-7.441047088693795e-06,-1.5085375856018843,-5.327930252718628e-06,1.6309869843477367,-0.7853125122159608,-5.45790048370694e-06,0.100146694788653,3.594351982515334e-06,0.1297490201253309,3.3954692398723133e-06,-0.026054944955931678,-2.6582674172005375e-06,-0.00021428774621474973,-26.560397688047036,0.11207523666071548,17.74336116371936,0.7402598423593495,1.9509441885919305,0.0008998792764538702,-0.00021428690927639263,-26.560397678785264,0.11207523607378983,17.743361182891345,0.7402598417649952,1.9509441831325887,0.0008998792853140321
3.7309999999997,2,1,1,2,0.0006833971519738793,5.138760689307955,5.1461762288955795,5.0,0.5958597849442927,-8.878102490310559e-06,0.4359084163915521,0.02959272435833245,-5.436685848987872e-07,9.074481085577731e-05,0.5993500097692828,-9.278252918510013e-06,0.0034902248479284654,0.6842912601192987,0.04126499999999879,0.04126499999999879,1.0,-0.05331313007252067,-0.05332567032469799,0.0,0.0,0.0,-0.05331313007252067,-0.0,-0.0,0.0,-0.0688448295563104,-0.06884316241929622,0.0,0.0,0.0,0.055,0.3,0.2311551704436891,0.0,0.0,0.0,7.224756304999815e-07,0,0,0,1,0,0.49998611244992497,0.49998611244992497,0,0,0.19179197261109948,1.4374392331711991,-5.361655996540076e-06,0.11154327446258283,-7.405234173394437e-06,-1.5072392331711992,-5.294062912730009e-06,1.6307259255422415,-0.7853125386610006,-5.428287921932534e-06,0.100209250795691,3.571704730849303e-06,0.12990575310120261,3.3774850542864298e-06,-0.026147523461721254,-2.631064125416717e-06,-0.00020984998144710424,-26.588226631981414,0.113092749648189,17.742449037001048,0.7402704525465681,1.9508046573232616,0.0009025749962366255,-0.00020984914551080443,-26.588226622611185,0.11309274906541558,17.742449056406127,0.740270451945248,1.9508046517977808,0.0009025750053363345
3.740999999999699,2,1,1,2,0.0006836485792667537,5.137976980881014,5.145133589547631,5.0,0.5961557100345867,-8.883517903277404e-06,0.43590932975877683,0.029590932588728202,-5.390350288426916e-07,8.899772062197639e-05,0.5996500097692827,-9.278252918510013e-06,0.0034942997569917624,0.6863251183186867,0.041564999999998756,0.041564999999998756,1.0,-0.053311012386765,-0.05332359326583568,0.0,0.0,0.0,-0.053311012386765,-0.0,-0.0,0.0,-0.06937794933125688,-0.0693764078200425,0.0,0.0,0.0,0.055,0.3,0.23062205066874267,0.0,0.0,0.0,7.199341806521303e-07,0,0,0,1,0,0.49998625220399906,0.49998625220399906,0,0,0.19179098308086395,1.436139314669495,-5.415728429747891e-06,0.11254570945351705,-7.369609559100759e-06,-1.505939314669495,-5.260450517722144e-06,1.6304639421129405,-0.7853125647568477,-5.388579577703479e-06,0.10027147119767597,3.5558338784523903e-06,0.13006226197339502,3.3460013851311098e-06,-0.026239890824131876,-2.590045833883752e-06,-0.0002057269453218081,-26.616040761823832,0.11411048875833452,17.74152068064685,0.7402810569065585,1.9506665563600536,0.0009052768736457382,-0.000205726110555805,-26.616040752344915,0.11411048817990697,17.74152070028585,0.7402810562982453,1.950666550768208,0.0009052768829927796
3.750999999999698,2,1,1,2,0.0006838825477090962,5.137223228322644,5.1441275153765815,5.0,0.5964516166787981,-8.888855675892348e-06,0.4359102260307457,0.029589039782763664,-5.288368867902851e-07,8.73169352835782e-05,0.5999500097692827,-9.278252918510013e-06,0.003498393112156017,0.6883601821941271,0.04186499999999872,0.04186499999999872,1.0,-0.053308736469298,-0.05332135802353166,0.0,0.0,0.0,-0.053308736469298,-0.0,-0.0,0.0,-0.06991104707637559,-0.06990963159775083,0.0,0.0,0.0,0.055,0.3,0.230088952923624,0.0,0.0,0.0,7.174170284759355e-07,0,0,0,1,0,0.4999863850368471,0.4999863850368471,0,0,0.19166700076311827,1.4348378321665756,-5.469352591337118e-06,0.1135487648735219,-7.334111363961105e-06,-1.5046378321665757,-5.227222216946671e-06,1.6302010361707715,-0.7853125903732601,-5.33970603026591e-06,0.1003333712648038,3.54568005389158e-06,0.13021857762687525,3.3020911209177446e-06,-0.026332047191186106,-2.5366540645847954e-06,-0.00020192083913713496,-26.643839921598623,0.11512844818161765,17.74057615584276,0.7402916481396693,1.9505298145128651,0.0009079835618471089,-0.00020192000570338066,-26.64383991201066,0.11512844760772532,17.740576175716637,0.7402916475243311,1.9505298088543779,0.0009079835714495459
3.760999999999697,2,1,1,2,0.0006840996800609725,5.13649851879969,5.143157063568416,5.0,0.5967475039071607,-8.894064800645594e-06,0.4359111058966628,0.029587053262602518,-5.139103301049538e-07,8.570701449683238e-05,0.6002500097692827,-9.278252918510013e-06,0.003502505883192675,0.6903966494769439,0.04216499999999869,0.04216499999999869,1.0,-0.053306284802477864,-0.05331894679161007,0.0,0.0,0.0,-0.053306284802477864,-0.0,-0.0,0.0,-0.07044412110738917,-0.07044283206700515,0.0,0.0,0.0,0.055,0.3,0.22955587889261045,0.0,0.0,0.0,7.149255057585481e-07,0,0,0,1,0,0.4999865113751416,0.4999865113751416,0,0,0.19666703883558512,1.4335347874322757,-5.5224420576186155e-06,0.1145524376087453,-7.298687914415497e-06,-1.5033347874322758,-5.1944961133538164e-06,1.629937209823051,-0.7853126153944935,-5.282619838668041e-06,0.10039496742820893,3.5402550402964647e-06,0.13037472934930225,3.2468809587951483e-06,-0.026423993101860097,-2.4723413671716896e-06,-0.00019842953064678773,-26.671623994384777,0.1161466262111188,17.73961553617217,0.7403022197784156,1.9503943649286772,0.000910693947114035,-0.00019842869871298857,-26.671623984687457,0.11614662564195628,17.739615556281738,0.7403022191560226,1.9503943592033146,0.0009106939569799746
3.7709999999996957,2,1,1,2,0.0006843006353448857,5.135801990183855,5.142221298473246,5.0,0.597043370821355,-8.899102374618893e-06,0.43591197008378524,0.029584980026934396,-4.950438757016587e-07,8.417117040736678e-05,0.6005500097692826,-9.278252918510013e-06,0.0035066389684252543,0.6924347240427803,0.04246499999999866,0.04246499999999866,1.0,-0.05330364626368896,-0.05331634819944869,0.0,0.0,0.0,-0.05330364626368896,-0.0,-0.0,0.0,-0.07097716960068723,-0.07097600740039603,0.0,0.0,0.0,0.055,0.3,0.22902283039931237,0.0,0.0,0.0,7.124608218198115e-07,0,0,0,1,0,0.49998663162737333,0.49998663162737333,0,0,0.1944159739650786,1.4322301819518,-5.574919970570768e-06,0.11555672471510571,-7.263296998912249e-06,-1.5020301819518,-5.162378862579296e-06,1.629672465169496,-0.7853126397192702,-5.218278462862717e-06,0.10045627708290172,3.5386477268457294e-06,0.13053074494613956,3.181526949468296e-06,-0.026515729499028248,-2.3985460403199257e-06,-0.00019524721628956,-26.6993928999285,0.11716502463140988,17.73863890645884,0.7403127661360289,1.9502601449244366,0.0009134071336358988,-0.00019524638602127998,-26.699392890121505,0.11716502406717057,17.738638926805038,0.7403127655065519,1.9502601391319425,0.0009134071437737111
3.7809999999996946,2,1,1,2,0.0006844860967744329,5.135132830041204,5.141319297384636,5.0,0.5973392165912734,-8.903933091226383e-06,0.43591281934484377,0.029582826751656497,-4.7297295851764927e-07,8.271142883758953e-05,0.6008500097692826,-9.278252918510013e-06,0.0035107931979641146,0.6944746143689795,0.042764999999998624,0.042764999999998624,1.0,-0.05330081533118657,-0.05331355651521137,0.0,0.0,0.0,-0.05330081533118657,-0.0,-0.0,0.0,-0.07151019065287699,-0.07150915568846225,0.0,0.0,0.0,0.055,0.3,0.2284898093471226,0.0,0.0,0.0,7.100240672499315e-07,0,0,0,1,0,0.499986746183003,0.499986746183003,0,0,0.19416603026911616,1.4309240169399298,-5.626719003785497e-06,0.11656162342689964,-7.227905074909062e-06,-1.5007240169399299,-5.130965499535685e-06,1.6294068042981127,-0.7853126632605171,-5.1476295027790324e-06,0.10051731840194462,3.540027777647599e-06,0.13068665085140113,3.1071931096994137e-06,-0.026607257742263943,-2.3166708827594817e-06,-0.00019236504312514045,-26.727146592224134,0.11818364814594552,17.737646361610597,0.7403232822502642,1.9501270957986088,0.0009161224268265537,-0.00019236421468836164,-26.727146582307135,0.11818364758682368,17.737646382194278,0.7403232816136722,1.9501270899387266,0.0009161224372446943
3.7909999999996935,2,1,1,2,0.0006846567611838153,5.134490274081282,5.140450155374084,5.0,0.5976350404518017,-8.908528688314368e-06,0.43591365444702096,0.029580599790943764,-4.48376190979688e-07,8.132878110654872e-05,0.6011500097692826,-9.278252918510013e-06,0.00351496933692569,0.6965165321496164,0.04306499999999859,0.04306499999999859,1.0,-0.05329779133138746,-0.05331057089040748,0.0,0.0,0.0,-0.05329779133138746,-0.0,-0.0,0.0,-0.07204318233261554,-0.07204227499188748,0.0,0.0,0.0,0.055,0.3,0.22795681766738402,0.0,0.0,0.0,7.076162162344822e-07,0,0,0,1,0,0.49998685541026044,0.49998685541026044,0,0,0.19354198593646288,1.4296162933541574,-5.677781193128917e-06,0.11756713116361424,-7.192486450367218e-06,-1.4994162933541575,-5.100339462502217e-06,1.6291402292809676,-0.7853126859449098,-5.071598162198352e-06,0.10057811016225468,3.543647310204802e-06,0.13084247223217244,3.0250329916491476e-06,-0.02669857961865639,-2.2280657361602477e-06,-0.00018977168418107332,-26.75488505708989,0.11920250384861762,17.73663800548043,0.7403337638255612,1.9499951626277898,0.0009188393155372507,-0.00018977085774730788,-26.754885047062626,0.1192025032948121,17.736638026302366,0.7403337631818264,1.9499951567002987,0.0009188393262443109
3.8009999999996924,2,1,1,2,0.0006848133298741612,5.133873604182163,5.139612989242285,5.0,0.5979308416996064,-8.912867365341074e-06,0.43591447616239654,0.029578305178851037,-4.2187311822228795e-07,8.002332582997295e-05,0.6014500097692825,-9.278252918510013e-06,0.0035191680886446043,0.6985606910587367,0.04336499999999856,0.04336499999999856,1.0,-0.05329457773239373,-0.0533073946505733,0.0,0.0,0.0,-0.05329457773239373,-0.0,-0.0,0.0,-0.07257614272516638,-0.07257536338639285,0.0,0.0,0.0,0.055,0.3,0.22742385727483322,0.0,0.0,0.0,7.05238128616894e-07,0,0,0,1,0,0.4999869596562483,0.4999869596562483,0,0,0.1949580037035048,1.4283070119068169,-5.728057653737845e-06,0.11857324553506324,-7.157022458078108e-06,-1.498107011906817,-5.070572785936705e-06,1.628872742169869,-0.7853127077122642,-4.9910768204068525e-06,0.10063867158229882,3.5488408668029805e-06,0.1309982330856799,2.936174059816461e-06,-0.02678969735029724,-2.1340135421566283e-06,-0.00018745386568679877,-26.782608309759205,0.12022160074067968,17.735613949760797,0.7403442071741708,1.9498642940554418,0.000921557453868115,-0.00018745304142044186,-26.782608299621316,0.12022160019238483,17.73561397082194,0.7403442065232597,1.949864288060069,0.0009215574648730003
3.8109999999996913,2,1,1,2,0.0006849270196415394,5.131271625220216,5.138622156898801,5.0,0.5982265346361071,-8.943629667604379e-06,0.435915251626422,0.02955189542234196,-6.293675342523025e-06,6.975918169163273e-05,0.6017500097692825,-9.278252918510013e-06,0.003523475149064942,0.7005911407296562,0.043664999999998524,0.043664999999998524,1.0,-0.053130974593310336,-0.053148766190515055,-0.0005347875329810883,-0.0005348093797601218,-0.0005347875329810853,-0.05366576212629147,-0.018096941916843915,-0.006333929670895369,0.0,-0.07310857079947342,-0.0731079381850685,-2.0602674277790815e-06,-2.060306285150246e-06,-2.0602674277791027e-06,0.054997939732572214,0.29999793973257227,0.2268893689330984,0.0,2.0602674277790815e-06,0.0005347875329810883,7.19800060111589e-07,0,0,0,1,0,0.49976925872448996,0.49976925872448996,0,0,0.1947919954545796,1.4269962457171868,-5.781516391608828e-06,0.11957992438970912,-7.1378197396030275e-06,-1.4967962457171868,-5.09835673816959e-06,1.6286040954972696,-0.7853127277721494,-6.04154130529259e-06,0.10068707239771219,-4.020875908494741e-07,0.13113356856017241,-8.321760004302976e-06,-0.026951039802827273,-1.0911634556722413e-06,9.009724588284802e-05,-26.810803482871744,0.12152537074694537,17.735511745328175,0.7405726899898483,1.9507750259724514,0.000886074459395269,9.009806674939304e-05,-26.810803472982855,0.12152537019125599,17.73551176582048,0.7405726893595102,1.9507750201388117,0.0008860744692859128
3.82099999999969,2,1,1,2,0.0006848833827103043,5.132515004011063,5.137780480116776,5.0,0.5985216120371452,-9.078200117907388e-06,0.43591583895644503,0.029457884687091644,-2.229445159488539e-05,4.485219784043868e-05,0.6020500097692825,-9.278252918510013e-06,0.0035283977378086,0.7025182944095318,0.04396499999999849,0.04396499999999849,1.0,-0.05241827636743937,-0.05245181253621295,-0.0021261003865600675,-0.002126499140291543,-0.002126100386560041,-0.05454437675399937,-0.07218949378692857,-0.025266322825424993,0.0,-0.0736363483571584,-0.07363598211696143,-1.5301703972888204e-05,-1.5303477274966804e-05,-1.5301703972888197e-05,0.054984698296027104,0.29998469829602725,0.22634834993886827,0.0,1.5301703972888204e-05,0.0021261003865600675,1.03066912802203e-06,0,0,0,1,0,0.49935239574273327,0.49935239574273327,0,0,0.1924170064739883,1.4256844086385783,-5.8650561401194966e-06,0.12058684913644153,-7.202585499844502e-06,-1.4954844086385783,-5.267382785528145e-06,1.6283328207780172,-0.7853127015623501,-1.1173456000469346e-05,0.10068681482142075,-1.3771947190809135e-05,0.13121453461187205,-2.8002317293744664e-05,-0.02730643023968576,6.080030948920423e-06,0.0009828058709140006,-26.840453755624253,0.12344700285377617,17.73853766925831,0.7410684887159604,1.9552105607725605,0.0006707858552634988,0.0009828066947228566,-26.84045374586499,0.12344700228522465,17.738537689346902,0.7410684881038013,1.955210555060775,0.0006707858644155859
3.830999999999689,2,1,1,2,0.0006845770778435558,5.132817082504537,5.137233605779991,5.0,0.5988152373410149,-9.498154791901173e-06,0.4359160931785454,0.02926657296705302,-6.227531021859277e-05,3.971362787421632e-06,0.6023500097692824,-9.278252918510013e-06,0.0035347724351076585,0.7042069935629257,0.04426499999999846,0.04426499999999846,1.0,-0.051272543319843246,-0.05132526526127072,-0.004728697505456163,-0.004730547002784641,-0.004728697505456185,-0.05600124082529951,-0.16168500629237104,-0.056589752202329854,0.0,-0.07415455731692079,-0.07415462917335369,-5.007149127672078e-05,-5.008401017045739e-05,-5.0071491276720804e-05,0.05494992850872327,0.29994992850872343,0.22579537119180204,0.0,5.007149127672078e-05,0.004728697505456163,2.9989123987157793e-06,0,0,0,1,0,0.4987613730828606,0.4987613730828606,0,0,0.1920409849844873,1.4243722277455613,-6.043491938712181e-06,0.12159332585435338,-7.501258965753151e-06,-1.4941722277455614,-5.789688645933337e-06,1.6280565918791794,-0.785312604080223,-2.497901297356358e-05,0.10059978983618803,-4.646647427696969e-05,0.13120365945135545,-7.64687722364263e-05,-0.027924639819759716,1.1824186721679121e-05,0.003290302850988462,-26.871948288992222,0.1267995345051191,17.74612412582679,0.7423983974023584,1.9648280504051248,0.0002168666136286707,0.003290303683885554,-26.871948279622767,0.12679953390548468,17.746124144889645,0.7423983968307268,1.964828044997836,0.00021686662044324758
3.840999999999688,2,1,1,2,0.0006838780249938383,5.13082585737212,5.1367142843182565,5.0,0.5991063157641823,-1.0481373218702733e-05,0.43591583578176635,0.028958144145041803,-0.00013276580063708755,-5.580797495745613e-05,0.6026500097692824,-9.278252918510013e-06,0.0035436942093359366,0.7054899169997851,0.044564999999998425,0.044564999999998425,1.0,-0.04976468825347923,-0.04983863318435529,-0.008257711523400742,-0.008262885358542867,-0.008257711523400742,-0.05802239977687992,-0.28560294787002233,-0.0999610317545078,0.0,-0.07465925928439342,-0.07465997439749834,-0.00011604936472806616,-0.00011609680383100461,-0.00011604936472806615,0.05488395063527192,0.299883950635272,0.2252246913508781,0.0,0.00011604936472806616,0.008257711523400742,5.435244769300839e-06,0,0,0,1,0,0.49807189464329205,0.49807189464329205,0,0,0.19158300710842013,1.4230608790271386,-6.4311205843823e-06,0.12259828489858174,-8.263681573868543e-06,-1.4928608790271387,-6.95373743992803e-06,1.6277725942754215,-0.7853125036337382,-5.245937457771057e-05,0.1003900693696771,-0.00010483951515082749,0.13105455459386345,-0.0001530039144273377,-0.02883147274099217,6.058059184314605e-06,0.007532223837567616,-26.905455111924315,0.13209260874096287,17.759436593439315,0.7447972254620425,1.9809498289552219,-0.0004900131173471719,0.007532224657020599,-26.905455102903062,0.13209260813540946,17.759436611514044,0.7447972249280522,1.980949823843952,-0.0004900131118065718
3.850999999999687,2,1,1,2,0.0006826446459351756,5.125850175901316,5.135862001145843,5.0,0.599393627123464,-1.235760263623443e-05,0.4359148739508274,0.0285251403504408,-0.0002379307939210817,-0.00013488559685296766,0.6029500097692824,-9.278252918510013e-06,0.0035563839789697536,0.7061925107407812,0.04486499999999839,0.04486499999999839,1.0,-0.04796537081947168,-0.048060478423323706,-0.012588659372297072,-0.012599732966402221,-0.012588659372297082,-0.060554030191768776,-0.44258564762046143,-0.15490497666716146,0.0,-0.07514722098790373,-0.0751487926610495,-0.00022184601583057802,-0.00022197527227206683,-0.00022184601583057802,0.05477815398416942,0.2997781539841695,0.22463093299626527,0.0,0.00022184601583057802,0.012588659372297072,8.119306485719709e-06,0,0,0,1,0,0.49733509815535326,0.49733509815535326,0,0,0.19099999917671084,1.4217519799197644,-7.191122564010288e-06,0.12360032806443123,-9.772559537864666e-06,-1.4915519799197645,-9.015623842554384e-06,1.6274779997039839,-0.7853125735056441,-9.835528685825926e-05,0.10002742108406895,-0.00019332745951115564,0.13072534036708203,-0.00025267892460422526,-0.030011957428975725,-2.170541936776696e-05,0.014142587972328646,-26.940789356648587,0.13974340586819087,17.779068763427617,0.7484233347301975,2.0042599221595108,-0.0014404076738687177,0.014142588793305337,-26.940789348079697,0.13974340523708764,17.779068780303135,0.7484233342399461,2.004259917402569,-0.001440407670689401
3.860999999999686,2,1,1,2,0.000680738290328913,5.117536413682364,5.134293939755406,5.0,0.599675922702375,-1.5487270204354645e-05,0.43591301985743347,0.02796797320048846,-0.00037999317997413045,-0.00023213864891726886,0.6032500097692823,-9.278252918510013e-06,0.003574092460154018,0.7061498664237029,0.04516499999999836,0.04516499999999836,1.0,-0.045946036032409356,-0.046060830708981065,-0.017562443350025086,-0.017582505847461856,-0.017562443350025075,-0.06350847938243441,-0.6309131702344807,-0.22081960958206823,0.0,-0.07561592032940036,-0.07561855302693961,-0.00037463136958875966,-0.00037491809978827255,-0.00037463136958875955,0.05462536863041124,0.29962536863041134,0.22400944830101047,0.0,0.00037463136958875966,0.017562443350025086,1.0933551804503537e-05,0,0,0,1,0,0.49658421504549954,0.49658421504549954,0,0,0.19220798276364803,1.4204475314419165,-8.531198630412315e-06,0.12459778868083447,-1.2345087758268684e-05,-1.4902475314419166,-1.2168689152343066e-05,1.627170262698618,-0.7853130865358198,-0.00016684673086261886,0.09948781445508087,-0.00031459203214100957,0.13018075999066966,-0.0003683543967393599,-0.03142899824747118,-8.085684762192126e-05,0.023484244800955324,-26.97756549221676,0.15009368150861868,17.805247409684604,0.7533800394462357,2.0350378185463796,-0.0026148634233404363,0.023484245625701936,-26.97756548500088,0.15009368082278976,17.80524742365408,0.7533800390515403,2.0350378146182013,-0.002614863426516448
3.8709999999996847,2,1,1,2,0.000678032184030313,5.105754184417981,5.131645445296104,5.0,0.5999519884320894,-2.0243784075536718e-05,0.4359101023987954,0.027292308438566764,-0.0005595328899697235,-0.00034551059100207236,0.6035500097692823,-9.278252918510013e-06,0.0035980380467372603,0.7052163193739919,0.045464999999998326,0.045464999999998326,1.0,-0.04377792073622605,-0.043909971680740886,-0.022993278821457658,-0.02302569649256412,-0.022993278821457654,-0.06677119955768374,-0.848522159964254,-0.2969827559874888,0.0,-0.07606354978860916,-0.07606742764754205,-0.0005798301935786115,-0.0005803826779164506,-0.0005798301935786114,0.054420169806421385,0.29942016980642155,0.2233566200178118,0.0,0.0005798301935786115,0.022993278821457658,1.3796605017275738e-05,0,0,0,1,0,0.4958422666003779,0.4958422666003779,0,0,0.19229197641834617,1.4191498456024003,-1.0696830811582448e-05,0.12558879476502782,-1.631598906600317e-05,-1.4889498456024004,-1.652891867310488e-05,1.626847278369901,-0.7853144005945917,-0.0002613604988933461,0.09875358803284792,-0.0004696650981776366,0.12939321533239628,-0.0004919574776836264,-0.03303403379757757,-0.00017912344111947339,0.035852462369414695,-27.01528708602587,0.1634152556437208,17.837950054537604,0.7597284066854805,2.073291475511374,-0.003988744460131319,0.03585246326462331,-27.01528707979338,0.16341525484384045,17.837950066411743,0.7597284063623483,2.0732914721784006,-0.003988744470811213
3.8809999999996836,2,1,1,2,0.0006744170586427114,5.090530201493683,5.127593055988153,5.0,0.6002206881525973,-2.6998405419802457e-05,0.43590597443351253,0.02650749244738779,-0.0007757155917282107,-0.0004723680289820217,0.6038500097692823,-9.278252918510013e-06,0.003629364875724303,0.7032708242622744,0.04576499999999829,0.04576499999999829,1.0,-0.04153023016600793,-0.04167648745057041,-0.028678369684624457,-0.028726524515756295,-0.028678369684624443,-0.07020859985063231,-1.0930284471806946,-0.382559956513243,0.0,-0.07648900471738256,-0.07649428391909521,-0.0008409073708394912,-0.0008418678599804203,-0.0008409073708394911,0.0541590926291605,0.2991590926291607,0.2226700879117775,0.0,0.0008409073708394912,0.028678369684624457,1.664612288804789e-05,0,0,0,1,0,0.49512630948429237,0.49512630948429237,0,0,0.1925000105984509,1.4178614661885327,-1.3963052020775125e-05,0.12657133260473058,-2.202207518363339e-05,-1.4876614661885328,-2.213034987075613e-05,1.6265074603518033,-0.7853169406221032,-0.00038445260417359085,0.09781340432820758,-0.000658106810750726,0.12834317255500252,-0.0006152884056882269,-0.03477321905247892,-0.0003223612295108418,0.051475067363226275,-27.053401100946566,0.17991161120956153,17.876973812131002,0.7674951231071974,2.1188339807103627,-0.005534191793376486,0.051475068304122074,-27.053401095683494,0.17991161032565264,17.876973822022396,0.7674951228484291,2.1188339779330767,-0.005534191810238667
3.8909999999996825,2,1,1,2,0.0006698046873610244,5.072008698074412,5.1218674142793,5.0,0.6004809945910439,-3.610716989153417e-05,0.4359005172299294,0.025625555302052683,-0.0010264817044860998,-0.0006097267949423206,0.6041500097692822,-9.278252918510013e-06,0.003669113267388928,0.7002198178152103,0.04606499999999826,0.04606499999999826,1.0,-0.0392680479374175,-0.039425107531718226,-0.034408514016356494,-0.034475534876257465,-0.034408514016356494,-0.07367656195377398,-1.3617531698348277,-0.4766136094421896,0.0,-0.07689185158643316,-0.0768986556678309,-0.0011592556405309092,-0.0011607990336070491,-0.0011592556405309092,0.05384074435946909,0.2988407443594692,0.2219488927730355,0.0,0.0011592556405309092,0.034408514016356494,1.943084808332207e-05,0,0,0,1,0,0.4944497489061779,0.4944497489061779,0,0,0.19833300029858947,1.416585087732025,-1.862535049767192e-05,0.12754330907185474,-2.9788447743714423e-05,-1.486385087732025,-2.892678712345355e-05,1.6261497719052924,-0.7853211795543517,-0.0005377447219728984,0.09666206402833713,-0.0008781736326274863,0.1270191891905506,-0.0007305278065146888,-0.03659110051682692,-0.0005145053964847968,0.07051167730840352,-27.09133218940661,0.19971828007379652,17.921977410692854,0.7766774073308258,2.17132930906961,-0.007221146860835687,0.0705116782263741,-27.091332185923726,0.19971827915999749,17.921977417192736,0.7766774071722101,2.1713293072203594,-0.0072211468837710645
3.9009999999996814,2,1,1,2,0.0006641300265196317,5.0504262857634545,5.114260148625681,5.0,0.6007320122714875,-4.789956992008599e-05,0.43589364309604195,0.0246605310643265,-0.00130871402906439,-0.0007544038429082678,0.6044500097692822,-9.278252918510013e-06,0.0037181980850587216,0.6959985250501975,0.04636499999999823,0.04636499999999823,1.0,-0.037050313958551705,-0.03721463820071122,-0.03997896339764789,-0.04006746520157105,-0.03997896339764788,-0.07702927735619956,-1.6517521236309938,-0.5781132432708478,0.0,-0.07727227549042252,-0.07728069304578657,-0.001534191316978676,-0.001536521183095986,-0.001534191316978676,0.05346580868302132,0.2984658086830214,0.22119353319259835,0.0,0.001534191316978676,0.03997896339764789,2.210653733666547e-05,0,0,0,1,0,0.49382357775117436,0.49382357775117436,0,0,0.19416603026911616,1.4153234755983493,-2.4990170787212744e-05,0.12850261150410588,-3.9916410586858765e-05,-1.4851234755983493,-3.679748038617058e-05,1.625773728681981,-0.785327619242791,-0.0007219011947977034,0.09530022049265718,-0.0011269913734733216,0.12541770334921556,-0.0008305554130511501,-0.03843288251340838,-0.0007576028198046002,0.09305309466241711,-27.12850558577952,0.22290317258230957,17.972508687442012,0.7872462667967493,2.2303213737048506,-0.009018053713780307,0.09305309550342554,-27.12850558400597,0.22290317170242233,17.972508690776657,0.787246266726147,2.2303213727087927,-0.009018053739786031
3.9109999999996803,2,1,1,2,0.0006573523674448236,5.0260944978607185,5.104627001728924,5.0,0.6009729946688908,-6.266884901069403e-05,0.4358852967443205,0.023627951798724643,-0.0016183949737462097,-0.0009031264347659011,0.6047500097692822,-9.278252918510013e-06,0.003777392437162947,0.690571246383199,0.046664999999998194,0.046664999999998194,1.0,-0.03492808299159704,-0.0350961882152462,-0.04519992276328189,-0.04531176815963453,-0.045199922763281906,-0.08012800575487893,-1.9598480193452197,-0.6859468067708268,0.0,-0.07763100883535509,-0.07764109323674011,-0.0019630571109224087,-0.0019663992145774307,-0.001963057110922409,0.053036942889077586,0.2980369428890776,0.22040593405372205,0.0,0.0019630571109224087,0.04519992276328189,2.4633872122331498e-05,0,0,0,1,0,0.493257018294619,0.493257018294619,0,0,0.19395799608901143,1.4140793890985042,-3.336536384728102e-05,0.12944716430521247,-5.2673123437575715e-05,-1.4838793890985043,-4.5555293119822854e-05,1.6253793835814514,-0.7853367719930543,-0.0009366374833420887,0.0937340196474748,-0.0014007298163027585,0.12354266559781418,-0.0009091500500381296,-0.04024589535691709,-0.0010518948819011236,0.11912137616721559,-27.164363365049105,0.24946741859219157,18.028024382039558,0.7991489292000562,2.295254262880616,-0.010892437464440484,0.11912137668296127,-27.16436336481004,0.24946741802758243,18.028024382574916,0.7991489291940707,2.295254262645172,-0.010892437482297988
3.920999999999679,2,1,1,2,0.0006494557384435764,4.999386347288398,5.092888487608966,5.0,0.6012033568732414,-8.066384213146153e-05,0.435875455714048,0.022544436768246284,-0.0019507597625825948,-0.0010526160390826628,0.6050500097692821,-9.278252918510013e-06,0.0038473152203797292,0.6839309309713193,0.04696499999999816,0.04696499999999816,1.0,-0.03294319993644003,-0.03311181488120979,-0.04990612715397116,-0.05004222414600651,-0.04990612715397116,-0.08284932709041114,-2.282665293870849,-0.7989328528547971,0.0,-0.07796924481723537,-0.077981015649523,-0.0024414253145862374,-0.00244601894514081,-0.002441425314586238,0.05255857468541375,0.29755857468541386,0.21958932986817792,0.0,0.0024414253145862374,0.04990612715397116,2.6977426399470663e-05,0,0,0,1,0,0.4927578392847929,0.4927578392847929,0,0,0.19845797214657068,1.4128555089228625,-4.405086480179441e-05,0.13037498160981792,-6.828299966312804e-05,-1.4826555089228626,-5.495642751644015e-05,1.624967299667134,-0.7853491431331924,-0.0011807538689124712,0.09197468104973175,-0.001694776678033335,0.1214050595666211,-0.0009611141709027049,-0.04198060193427305,-0.0013959352790735048,0.14867084773453162,-27.198376700053412,0.2793470252768437,18.087905950731198,0.8123109669006873,2.3654880096291544,-0.012811423388308315,0.14867084831104874,-27.198376699983445,0.27934702463932615,18.08790595095145,0.8123109669089194,2.365488009482555,-0.01281142340989163
3.930999999999678,2,1,1,2,0.0006404487053062449,4.970724866615388,5.079028803830507,5.0,0.6014226844616348,-0.0001020823425749677,0.435864130046524,0.021427334638662577,-0.002300448995810521,-0.001199656508406207,0.6053500097692821,-9.278252918510013e-06,0.00392842165139433,0.6760982142701182,0.04726499999999813,0.04726499999999813,1.0,-0.03112747172568262,-0.031293666507726935,-0.05396499350619291,-0.054125140670377034,-0.05396499350619291,-0.08509246523187557,-2.6166670935943226,-0.9158334827580128,0.0,-0.07828854033797701,-0.07830198625716871,-0.0029633893003235155,-0.0029694768307653397,-0.0029633893003235155,0.052036610699676474,0.29703661069967663,0.21874807036169902,0.0,0.0029633893003235155,0.05396499350619291,2.9105209643597553e-05,0,0,0,1,0,0.4923324978427672,0.4923324978427672,0,0,0.19216700457036495,1.4116543698437685,-5.732982458017598e-05,0.13128421549024993,-8.692083356371339e-05,-1.4814543698437685,-6.471110849740007e-05,1.6245385146501552,-0.785365214911627,-0.0014521897801132134,0.09003803159509557,-0.002003909604791053,0.11902233958724087,-0.0009823492896819288,-0.0435913271906501,-0.0017867344314909247,0.18159021336060985,-27.230055536617705,0.31241550968362813,18.15147343538511,0.8266384264629111,2.440312244001859,-0.014742217371329754,0.18159021405900236,-27.230055536625514,0.31241550890797753,18.151473435455202,0.8266384264849156,2.4403122439019227,-0.014742217399193047
3.940999999999677,2,1,1,2,0.000630365896020362,4.9411105291744,5.063094014574937,5.0,0.6016307437070576,-0.00012707344903148472,0.43585136438053707,0.02029594634442341,-0.0026641312887647262,-0.0013401437443968552,0.6056500097692821,-9.278252918510013e-06,0.004020991841222348,0.6671210153821346,0.047564999999998095,0.047564999999998095,1.0,-0.029499770302966195,-0.029654892449780087,-0.05728495494081916,-0.05746750793546994,-0.057284954940819144,-0.0867847252437854,-2.9581940249035013,-1.0353679087162253,0.0,-0.07859070702436205,-0.07860576629247265,-0.0035219328663362707,-0.0035297470809329584,-0.0035219328663362707,0.05147806713366372,0.2964780671336639,0.2178873601093012,0.0,0.0035219328663362707,0.05728495494081916,3.0619771523608116e-05,0,0,0,1,0,0.49200515984979853,0.49200515984979853,0,0,0.19158300710842013,1.410478293431088,-7.34594500031266e-05,0.13217320090082374,-0.0001087087779789396,-1.480278293431088,-7.452063845690445e-05,1.6240945117968248,-0.7853854341576438,-0.0017478009505196579,0.08794454518691794,-0.0023231952879314613,0.11641981317192583,-0.0009783755855236817,-0.045032699886280614,-0.002220645498924485,0.21778292157465845,-27.258916233637283,0.3485711575540682,18.217931394121152,0.8421251926709445,2.5188908111835118,-0.016646401616814296,0.21778292241935746,-27.25891623385329,0.3485711566093214,18.217931393817736,0.8421251927140154,2.5188908111853427,-0.016646401652429667
3.950999999999676,2,1,1,2,0.000619310558378299,4.915154457703709,5.045283721740886,5.0,0.6018275671779184,-0.0001558623499506703,0.4358372923181534,0.01918464410592871,-0.0030613445790997336,-0.0014598549144996475,0.605950009769282,-9.278252918510013e-06,0.0041250478562789555,0.6570901549395401,0.04786499999999806,0.04786499999999806,1.0,-0.02799795100932877,-0.028108754839434244,-0.059841221281831926,-0.06004185600105727,-0.05984122128183194,-0.08783917229116073,-3.303504247269858,-1.1562264865444503,0.0,-0.0788774140786931,-0.07889373863106312,-0.004109470365454108,-0.004119210887235005,-0.004109470365454108,0.050890529634545885,0.2958905296345461,0.21701311555585234,0.0,0.004109470365454108,0.059841221281831926,3.126977030839557e-05,0,0,0,1,0,0.4918892080501811,0.4918892080501811,0,0,0.19587500719353557,1.4093292199307472,-9.267034048939519e-05,0.13304052384069578,-0.00013377489949565266,-1.4791292199307473,-8.442515804121827e-05,1.6236373899215781,-0.7854102534777314,-0.0020666411712672314,0.08572389373569948,-0.0026603656145042513,0.11364929843570486,-0.0010087789795638112,-0.046226040609757095,-0.002704054842273199,0.2580691138830417,-27.28407555704777,0.3886795403573439,18.28567041991237,0.8597191142725911,2.5995469267134843,-0.018480223068933238,0.2580691148945012,-27.284075557569242,0.3886795392178144,18.285670419070172,0.859719114342563,2.599546926858102,-0.01848022311357717
3.960999999999675,2,1,1,2,0.0006074820798711291,4.888355113587677,5.026186104155043,5.0,0.6020134743912461,-0.0001888122503663743,0.4358221645974064,0.018109312525402297,-0.0034891396930799993,-0.0015545949944154697,0.606250009769282,-9.278252918510013e-06,0.004240337777299066,0.6461413644951878,0.04816499999999803,0.04816499999999803,1.0,-0.02658479290781152,-0.0266881263356411,-0.06162614539319328,-0.06184239447523443,-0.06162614539319325,-0.08821093830100474,-3.648814469636337,-1.2770850643727176,0.0,-0.07914947976077996,-0.0791668720498198,-0.00471833627407504,-0.004730171970666165,-0.00471833627407504,0.05028166372592495,0.2952816637259251,0.21613218396514455,0.0,0.00471833627407504,0.06162614539319328,3.2711877983281536e-05,0,0,0,1,0,0.49178608331014884,0.49178608331014884,0,0,0.19220897229388356,1.4082085634225936,-0.0001152067442095258,0.13388508046802966,-0.0001623218139118179,-1.4780085634225937,-9.479453751948831e-05,1.62316981046966,-0.7854401964568635,-0.0024102235831445144,0.08340527824354578,-0.0030154740817164593,0.1107530315222882,-0.001058705360590177,-0.04715473126664223,-0.0032389309486674125,0.3028257675226178,-27.305182197903697,0.4331057078124939,18.35373095526051,0.8795954227208518,2.6812473341988645,-0.02023833386264315,0.3028257686925651,-27.305182198810076,0.4331057064849436,18.353730953746556,0.8795954228205444,2.68124733451759,-0.020238333916137295
3.9709999999996737,2,1,1,2,0.0005950671581193825,4.861237673661577,5.006023644974067,5.0,0.6021888550852997,-0.00022611678103650958,0.4358062101161282,0.017076963679668797,-0.003928794406028076,-0.0016274393906362617,0.606550009769282,-9.278252918510013e-06,0.0043665420099772995,0.6344082088470738,0.048464999999997996,0.048464999999997996,1.0,-0.025341879047149046,-0.02543700407525402,-0.06266067268938656,-0.06288811770907446,-0.06266067268938658,-0.08800255173653562,-3.990341400945883,-1.3966194903310587,0.0,-0.07940835317837203,-0.07942673408025094,-0.005340883620683953,-0.005354947650139762,-0.005340883620683953,0.04965911637931603,0.2946591163793163,0.21525076320094352,0.0,0.005340883620683953,0.06266067268938656,3.383211789571442e-05,0,0,0,1,0,0.49173535387743206,0.49173535387743206,0,0,0.1912920270115137,1.4071174284301824,-0.00014130392056971346,0.13470603840944587,-0.00019446616888688014,-1.4769174284301825,-0.00010556342658501923,1.6226943606237163,-0.7854757370628767,-0.00277597344016303,0.08101598663884307,-0.003377562695787785,0.10776007663476374,-0.0010870194000915233,-0.04782484872114167,-0.0038179550391606743,0.3513356001174686,-27.322351955054646,0.4810814223718319,18.42188814717163,0.9009779328513486,2.7637219839081277,-0.021892187216197206,0.35133560162584393,-27.32235195655767,0.481081420649773,18.421888144627182,0.9009779330010872,2.763721984485241,-0.02189218728727146
3.9809999999996726,2,1,1,3,0.0005823619668158522,4.932926641959163,4.987851574639339,5.0,0.6023543239777208,-0.0002678830705765352,0.43578977538855,0.01617652762326132,-0.00440511272979158,-0.0015925296823623707,0.6068500097692819,-9.278252918510013e-06,0.004503117496597273,0.6220627935628009,0.04876499999999796,0.04876499999999796,1.0,-0.027106179709490814,-0.02724710333686946,-0.0632906155684742,-0.06345833165038878,-0.06329061556847419,-0.09039679527796501,-4.324343200669965,-1.5135201202344875,0.0,-0.07966157567215784,-0.07968256799507324,-0.005970384964763941,-0.0059866225058585664,-0.005970384964763941,0.04902961503523604,0.29402961503523634,0.2143680393630777,0.0,0.005970384964763941,0.0632906155684742,3.177615757071959e-05,0,0,0,1,0,0.4946177697060725,0.4946177697060725,0,0,0.19275001250207424,1.406056525184127,-0.00017120744937871893,0.1355027547409169,-0.00023027363361592874,-1.4758565251841271,-0.0001164262216409561,1.6222141039194866,-0.7855177081115886,-0.003190685441028148,0.07851993967331714,-0.0037682907590163425,0.10474972987926377,-0.0010785340567165717,-0.0479475506779343,-0.004717907807782121,0.40286921030341455,-27.333823629188604,0.5318509051909641,18.48703181624241,0.9239545546194851,2.843483676503657,-0.022106451448268595,0.4028692120192706,-27.333823631129583,0.5318509032248294,18.487031812945954,0.9239545548028422,2.8434836772638055,-0.02210645152959737
3.9909999999996715,2,1,1,4,0.0005729887344357023,4.9428786005756695,4.985569941528204,5.0,0.6025137021812493,-0.0003166932704167567,0.43577694238718706,0.015706064400487656,-0.005234674671659225,-0.0010462660600379003,0.6071500097692819,-9.278252918510013e-06,0.004646488140933092,0.6101908654548288,0.04906499999999793,0.04906499999999793,1.0,-0.02489513916071457,-0.02505426762913555,-0.06447956336447454,-0.06467012576490908,-0.06447956336447455,-0.08937470252518914,-4.647160475196434,-1.6265061663187517,0.0,-0.07992441874918241,-0.0799476889477623,-0.006610956650085929,-0.006628858134050713,-0.006610956650085929,0.04838904334991406,0.2933890433499144,0.21346462460073115,0.0,0.006610956650085929,0.06447956336447454,3.717543159331711e-05,0,0,0,1,0,0.49454359630668643,0.49454359630668643,0,0,0.1966250129044056,1.4050236822391229,-0.00020565830751799165,0.13627229759697942,-0.0002710146461286412,-1.474823682239123,-0.00013269550278787186,1.6217428877515292,-0.7855731439915634,-0.0036499276836443515,0.07566550677083028,-0.004307772682049423,0.10206704152099437,-0.0019830949026945948,-0.046562904652370195,-0.006108621788659468,0.4699054076221193,-27.319471069415762,0.5987227208233177,18.520554596774172,0.9654781282167837,2.8912588408738324,-0.01630489645470439,0.46990540969446193,-27.319471072398326,0.5987227184294984,18.520554591691788,0.9654781284717837,2.891258842066069,-0.016304896554885203
4.000999999999671,2,1,1,4,0.0005678745956047273,4.885115914378581,4.976180399007091,5.0,0.6026670058321317,-0.00037206735916045915,0.4357686460243507,0.0150040733143135,-0.005751575889094823,-0.0006754773870515037,0.6074500097692819,-9.278252918510013e-06,0.004796742915604463,0.5989037212407529,0.0493649999999979,0.0493649999999979,1.0,-0.02208632383404989,-0.02221806162541235,-0.06437917019377884,-0.06459517716337562,-0.06437917019377887,-0.08646549402782876,-4.955256370911726,-1.7343397298191037,0.0,-0.08015740386974032,-0.08018210982725835,-0.007255993657674551,-0.007275969852237198,-0.00725599365767455,0.047744006342325444,0.29274400634232584,0.2125866024725846,0.0,0.007255993657674551,0.06455725950603804,3.772232034835968e-05,0,0,0,1,0,0.49332405153081105,0.49332405153081105,0,0,0.19283301662653685,1.404018717431841,-0.0002447235946980236,0.1370133507965184,-0.00031642864164910294,-1.4738187174318411,-0.00015295672952259296,1.621281118596818,-0.78563969457186,-0.0041164134318677345,0.07283960883651751,-0.004716091212818104,0.0991899081795691,-0.0019696396103051394,-0.0459170791372035,-0.007065540330520221,0.5335888824928934,-27.310198457735233,0.6612257349084728,18.566808570508915,0.9955557506640739,2.9536095977771923,-0.01482692616936297,0.5335888850101764,-27.31019846238451,0.6612257319700492,18.566808562574273,0.9955557510232397,2.953609599657877,-0.01482692629360823
4.010999999999674,2,1,1,4,0.0005657868049287187,4.835075784301015,4.9607937173542815,5.0,0.6028129476595608,-0.00043166572341756627,0.43576341095613147,0.014261079785029137,-0.006115780040172028,-0.00041216415690754644,0.6077500097692818,-9.278252918510013e-06,0.004955097723605195,0.5878405891854763,0.049664999999997864,0.049664999999997864,1.0,-0.019855211521813423,-0.019964695525516274,-0.06358081395996532,-0.06379628916563013,-0.06358081395996529,-0.08343602548177873,-5.245255324709293,-1.8358393636482522,0.0,-0.08036556205667819,-0.08039145929338937,-0.007895782812062012,-0.00791793145451665,-0.00789578281206201,0.047104217187937995,0.2921042171879384,0.21173865513125933,0.0,0.007895782812062012,0.06455725950603804,3.7948599657785955e-05,0,0,0,1,0,0.49298298104697835,0.49298298104697835,0,0,0.2098330296576023,1.4030430776361538,-0.00028841054938887306,0.1377266322318663,-0.00036540476358278506,-1.4728430776361539,-0.00017073733126247675,1.6208247332651557,-0.7857147685302929,-0.00457231274483524,0.07010885542588605,-0.005035305556408075,0.09622909321379877,-0.0015961387241324317,-0.0454024376475934,-0.007851255028794853,0.5943794622165661,-27.302297670636708,0.7202335505432269,18.618991061281843,1.0194706350413207,3.0226945968806747,-0.014547930433895542,0.594379465103701,-27.30229767685586,0.7202335471459209,18.618991050669646,1.019470635493692,3.022694599399328,-0.014547930578522078
4.0209999999996775,2,1,1,4,0.0005659941705739848,4.792023254251321,4.941199890414893,5.0,0.6029517068008053,-0.0004944789834651461,0.4357604499551567,0.013571945543313653,-0.006409405184624159,-0.00020927652946421216,0.6080500097692818,-9.278252918510013e-06,0.00512133897601974,0.5769389773108295,0.04996499999999783,0.04996499999999783,1.0,-0.01809951024224564,-0.018190803923110014,-0.06247139209712953,-0.0626717208511701,-0.06247139209712953,-0.08057090233937518,-5.513980047365005,-1.9298930165777517,0.0,-0.08055410595501254,-0.08058099494409358,-0.008525626733472026,-0.00854985627976597,-0.008525626733472024,0.04647437326652798,0.29147437326652836,0.21092026731151495,0.0,0.008525626733472026,0.06455725950603804,3.7796731514576725e-05,0,0,0,1,0,0.49302262357267645,0.49302262357267645,0,0,0.20062504336237907,1.4020970563137605,-0.00033653688475028396,0.1384133061331853,-0.00041721596033678196,-1.4718970563137606,-0.00018422231948226085,1.620374146366939,-0.7857971440812791,-0.005005307133696243,0.06751009745495339,-0.005292343555639875,0.09327804237031269,-0.0011442807193635081,-0.044746448347655135,-0.008541880285970303,0.6545599936279426,-27.292947821163082,0.7783726374554307,18.67192881216145,1.0417659950565954,3.0928553504721235,-0.014587829054147407,0.6545599968162674,-27.29294782843597,0.7783726336897736,18.671928799764473,1.0417659955718737,3.092855353402172,-0.014587829214922007
4.030999999999681,2,1,1,4,0.0005680203956885113,4.755494684567207,4.91886920060779,5.0,0.603084074877703,-0.0005599920931533261,0.4357593011964299,0.012977895080356886,-0.006662572196548383,-4.308695310935452e-05,0.6083500097692818,-9.278252918510013e-06,0.0052946535312684085,0.566255462285139,0.0502649999999978,0.0502649999999978,1.0,-0.016727103266556492,-0.01680359340150476,-0.061310220140358,-0.06148568368610516,-0.061310220140357974,-0.0780373234069145,-5.758486334583185,-2.0154702171041143,0.0,-0.0807272703352275,-0.08075498828224721,-0.009143907879805565,-0.00917001078809554,-0.009143907879805563,0.04585609212019444,0.2908560921201948,0.21012882178496647,0.0,0.009143907879805565,0.06455725950603804,3.727244679580289e-05,0,0,0,1,0,0.4932513593566821,0.4932513593566821,0,0,0.1966669806279242,1.4011801643969493,-0.00038884034583205673,0.13907485452504142,-0.00047132165338619353,-1.4709801643969493,-0.00019325112157931153,1.6199313677334637,-0.785886025849498,-0.0054099694503265145,0.06507205240134667,-0.005500636412593035,0.09040548510778636,-0.0007114940437283758,-0.04385652898127959,-0.009161755609609438,0.7149235442425049,-27.28113933876146,0.8365715402221428,18.723239629524187,1.0640307581809996,3.161485871192949,-0.014688265594092772,0.7149235477209229,-27.281139347079407,0.8365715361005295,18.723239615357972,1.0640307587579998,3.161485874528781,-0.014688265770531263
4.040999999999684,2,1,1,4,0.0005715387577051303,4.725161915823691,4.895021873812264,5.0,0.6032111235140165,-0.0006278665701544823,0.43575967884541045,0.012498946810645617,-0.006885545057684574,0.0001001737067834686,0.6086500097692817,-9.278252918510013e-06,0.005473950602986281,0.5558955108586697,0.050564999999997765,0.050564999999997765,1.0,-0.015662838398867663,-0.01572736255192666,-0.06029821899468644,-0.06044143269156731,-0.060298218994686466,-0.07596105739355412,-5.976095324314832,-2.0916333635101907,0.0,-0.08088845993630216,-0.08091687484763609,-0.009751247773279783,-0.009778933386682561,-0.009751247773279782,0.045248752226720215,0.29024875222672075,0.2093602922904176,0.0,0.009751247773279783,0.06455725950603804,3.638946903666142e-05,0,0,0,1,0,0.4935936263201848,0.4935936263201848,0,0,0.1931249862536788,1.4002912982793871,-0.0004450210930339284,0.1397130249098189,-0.0005272769029396814,-1.4700912982793872,-0.00019820942553621317,1.6194988990025763,-0.7859807597946838,-0.005783529074167663,0.06281986689515869,-0.005667263714965919,0.08766802311014221,-0.0003274416157560801,-0.04270930508467622,-0.009719351677858692,0.7756360439526293,-27.266583963980324,0.8950534031463421,18.771634369329153,1.0867477549364115,3.227166649310176,-0.014771378739504244,0.7756360477104368,-27.266583973313903,0.8950533986814143,18.77163435344404,1.086747755573272,3.2271666530386183,-0.014771378931106896
4.0509999999996875,2,1,1,4,0.0005763221960177469,4.7007708638661185,4.870675471735317,5.0,0.6033340696993762,-0.0006978183343800763,0.435761406127121,0.012146230270073787,-0.007080880521652246,0.00022953998782267353,0.6089500097692817,-9.278252918510013e-06,0.005657991720791877,0.5459849455001551,0.05086499999999773,0.05086499999999773,1.0,-0.014849904850594075,-0.014904772369471513,-0.05960244768492862,-0.059707418250441485,-0.05960244768492862,-0.07445235253552267,-6.164422846930842,-2.157547996425794,0.0,-0.08104042842783862,-0.08106943378521839,-0.010350080703143343,-0.010378992587608509,-0.010350080703143342,0.044649919296856654,0.28964991929685713,0.20860949086901764,0.0,0.010350080703143343,0.06455725950603804,3.5161905443389886e-05,0,0,0,1,0,0.49401782186382137,0.49401782186382137,0,0,0.19316701218485832,1.3994288310580063,-0.0005047578710469767,0.14032980426389413,-0.0005846881686549714,-1.4692288310580064,-0.00019962409062053492,1.6190793063627154,-0.7860807432165787,-0.006124209759448986,0.06077661770137387,-0.00579607863766465,0.0851149107324995,2.7489602830355164e-06,-0.041308467465267694,-0.010217863239671544,0.836593148217419,-27.24929761887837,0.9537417515216569,18.81627263185068,1.1099819078347193,3.288957272305525,-0.014810639169057994,0.8365931522437303,-27.249297629182212,0.9537417467268001,18.816272614323402,1.1099819085290699,3.2889572764078703,-0.01481063937529267
4.060999999999691,2,1,1,4,0.0005822159135090701,4.682111068827667,4.846679907707743,5.0,0.6034542163087466,-0.0007695696390449065,0.4357643811292028,0.011926663408249997,-0.007248045117385057,0.000351429116829151,0.6092500097692817,-9.278252918510013e-06,0.005845448214551115,0.5366574809372415,0.0511649999999977,0.0511649999999977,1.0,-0.014249998759117873,-0.014296972957088108,-0.059362239266589886,-0.05942408298918725,-0.059362239266589886,-0.07361223802570775,-6.321405546683362,-2.2124919413391764,0.0,-0.08118546325416649,-0.08121497265120818,-0.010944358002574399,-0.01097408598241755,-0.010944358002574397,0.0440556419974256,0.2890556419974259,0.20787017874325875,0.0,0.010944358002574399,0.06455725950603804,3.360405071542505e-05,0,0,0,1,0,0.4945088595664795,0.4945088595664795,0,0,0.19883300410583615,1.3985906745256098,-0.0005677138224947834,0.14092740091857803,-0.000643189659610508,-1.46839067452561,-0.00019801879898311394,1.618675050829651,-0.7861853922658214,-0.006430568131480221,0.05896368412243652,-0.0058891137238180685,0.08278988346063114,0.000282472579834714,-0.0396687085004669,-0.010658341759041547,0.8975649797785717,-27.229438841868486,1.012423771396515,18.856518577673956,1.1336366241060283,3.346129263346396,-0.014793891925896804,0.8975649840388857,-27.229438852805878,1.012423766319858,18.856518559076385,1.1336366248420027,3.3461292676886347,-0.01479389214472069
4.070999999999694,2,1,1,4,0.0005891197669756479,4.668998081191287,4.823744596958492,5.0,0.6035729211133863,-0.00084282933030145,0.43576855627051003,0.011844720434508162,-0.00738519804753669,0.0004705604536625663,0.6095500097692816,-9.278252918510013e-06,0.006034931333415366,0.5280485461144131,0.051464999999997665,0.051464999999997665,1.0,-0.013843010534602664,-0.013883280955038024,-0.05968817215389472,-0.059703091698885595,-0.05968817215389471,-0.07353118268849736,-6.44532348826316,-2.2558632208921057,0.0,-0.0813255693058743,-0.08135551083634551,-0.011539268444715853,-0.011569359449064771,-0.011539268444715851,0.043460731555284134,0.2884607315552844,0.2071351622494095,0.0,0.011539268444715853,0.06455725950603804,3.173118563606192e-05,0,0,0,1,0,0.4950576934521487,0.4950576934521487,0,0,0.1943749957717955,1.3977743299659864,-0.0006335381583220527,0.14150822756818965,-0.0007024292500509026,-1.4675743299659865,-0.00019386608405834224,1.6182884167368554,-0.7862941267375178,-0.006701228206638478,0.057400710517049994,-0.005947263068604208,0.08073185657512,0.000517746143733483,-0.037809592548636806,-0.0110406698038602,0.9582545431366107,-27.207244549609193,1.0708158269201766,18.89184918713012,1.1575494950110867,3.3980667231515427,-0.014713136188980534,0.9582545475519745,-27.207244560203584,1.07081582167754,18.8918491691267,1.1575494957411754,3.3980667273386898,-0.014713136415182099
4.0809999999996975,2,1,1,4,0.0005969754261458118,4.66126160756073,4.802460005538273,5.0,0.603691576503017,-0.0009172842450696386,0.43577392402358495,0.01190309100830778,-0.007489912020508372,0.0005904041448264675,0.6098500097692816,-9.278252918510013e-06,0.0062250120623832785,0.5202916292060485,0.05176499999999763,0.05176499999999763,1.0,-0.013626321116477111,-0.013660479702461162,-0.0606587412017845,-0.06062409052539864,-0.0606587412017845,-0.07428506231826161,-6.53481900077079,-2.2871866502697764,0.0,-0.08146264732639977,-0.08149295770844833,-0.01214093314069976,-0.012170902390889318,-0.012140933140699757,0.04285906685930022,0.28785906685930046,0.20639641953290014,0.0,0.01214093314069976,0.06455725950603804,2.9560311226075146e-05,0,0,0,1,0,0.4956573139169258,0.4956573139169258,0,0,0.18970895325765014,1.3969769347210996,-0.0007018661826983307,0.1420748829995088,-0.0007620593293618549,-1.4667769347210997,-0.000187574725360195,1.6179214777462128,-0.7864063606276864,-0.006934778761972315,0.0561054279000716,-0.005970660035898273,0.0789751826536269,0.0007150556000213008,-0.03575320881938137,-0.011363925521434956,1.0183220590074764,-27.183002915711622,1.1285905725149943,18.921820744796424,1.1815284365338155,3.4442310773742197,-0.014561877096637008,1.018322063502071,-27.1830029251095,1.1285905672153118,18.92182072883755,1.1815284372175399,3.444231081068306,-0.014561877325484699
4.090999999999701,2,1,1,4,0.0006057562444172484,4.658736795959084,4.783314931772648,5.0,0.603811593153092,-0.000992595326670169,0.4357805059326629,0.012102918676178798,-0.0075594993490389,0.0007134378420471422,0.6101500097692816,-9.278252918510013e-06,0.006414237107241991,0.5135156938294684,0.0520649999999976,0.0520649999999976,1.0,-0.01361366273670038,-0.013641691741172768,-0.062316891141980336,-0.062231254996382955,-0.06231689114198032,-0.07593055387868068,-6.588911552643081,-2.306119043425078,0.0,-0.08159866293618803,-0.08162928145773286,-0.012756065228852259,-0.012785408193809099,-0.012756065228852255,0.04224393477114772,0.28724393477114796,0.2056452718349594,0.0,0.012756065228852259,0.06455725950603804,2.7110702019743335e-05,0,0,0,1,0,0.4963012210942992,0.4963012210942992,0,0,0.19200000679120421,1.3961953072869187,-0.000772318733157341,0.14263013177065878,-0.0008217306213628659,-1.4659953072869187,-0.000179489960121423,1.617576077314736,-0.7865214952373771,-0.007129742874984448,0.05509343592459511,-0.005958924060343736,0.07754973191832117,0.0008805824865448089,-0.03352325688393707,-0.011626579660913206,1.0773964281961304,-27.157040394918624,1.1853895403484855,18.946057572280356,1.20536601486268,3.484150309016859,-0.014334566119542981,1.0773964327480918,-27.157040403216367,1.1853895350135262,18.94605755819906,1.205366015503437,3.484150312261108,-0.014334566350206218
4.100999999999704,2,1,1,4,0.0006154589389934231,4.66125772200987,4.766710445814332,5.0,0.6039343850829326,-0.0010683960903788497,0.4357883436859233,0.012443881787319162,-0.0075911942434450635,0.0008413198054187849,0.6104500097692815,-9.278252918510013e-06,0.006601143510558313,0.5078431037841359,0.052364999999997566,0.052364999999997566,1.0,-0.01383348754811762,-0.013854764421098498,-0.06466741062015922,-0.06453066622212492,-0.06466741062015922,-0.07850089816827686,-6.607008494562122,-2.3124529730967422,0.0,-0.08173580159761455,-0.08176666403056854,-0.013391599082939553,-0.013419804148736053,-0.01339159908293955,0.04160840091706042,0.28660840091706075,0.2048725993194456,0.0,0.013391599082939553,0.06466741062015922,2.4404348601398835e-05,0,0,0,1,0,0.49698284707971485,0.49698284707971485,0,0,0.19533303566277027,1.3954259920580874,-0.0008445015333568943,0.14317688168440695,-0.0008810881094697128,-1.4652259920580875,-0.00016989826441568323,1.6172538149267028,-0.7866389139549589,-0.007284583678532616,0.054377983579731407,-0.005911348263011728,0.07648089993336799,0.0010199299423448904,-0.031144668122114263,-0.01182664823727044,1.1350822999600045,-27.1297141207626,1.240830683598113,18.964249238294485,1.2288460429072594,3.517417498178596,-0.014026610015327044,1.135082304554364,-27.129714128123616,1.2408306782400211,18.96424922581028,1.2288460435114996,3.5174175010417934,-0.014026610247371323
4.1109999999997076,2,1,1,4,0.0006260883585544599,4.668562089038375,4.752970255497747,5.0,0.6040613105126941,-0.001144278213628815,0.43579748001267,0.012910436463840548,-0.0075780050029224475,0.0009714564920937526,0.6107500097692815,-9.278252918510013e-06,0.006784314457326233,0.503379833156385,0.05266499999999753,0.05266499999999753,1.0,-0.014283252881598416,-0.014297599631923463,-0.06778038500527364,-0.06760331652943061,-0.06778038500527366,-0.08206363788687204,-6.607008494562122,-2.3124529730967422,0.0,-0.08187644473735615,-0.08190748120791928,-0.014054746755225634,-0.014081347063216157,-0.01405474675522563,0.04094525324477435,0.2859452532447747,0.20406880850741785,0.0,0.014054746755225634,0.06778038500527364,2.1787743573667994e-05,0,0,0,1,0,0.4975459634090744,0.4975459634090744,0,0,0.19308400806039572,1.3946653387765073,-0.0009180049005065772,0.1437181314554799,-0.0009397621461914947,-1.4644653387765074,-0.00015899336934633746,1.6169559034920418,-0.7867579787071703,-0.007397773546739396,0.053961027030605443,-0.005825119197621072,0.07577868886847255,0.00115002203532554,-0.02868373676245706,-0.011961875168106678,1.1908102258661488,-27.10165087032717,1.2943491589427105,18.97663978915229,1.2515844382216825,3.544241842589862,-0.013624840110534107,1.190810230490739,-27.101650876905417,1.2943491535706904,18.976639778001953,1.2515844387953097,3.544241845135634,-0.013624840343624059
4.120999999999711,2,1,1,4,0.0006375994779518048,4.679809978689473,4.7423054679216605,5.0,0.6041933574637978,-0.0012197215656907946,0.43580787962114376,0.013453281959402992,-0.007508347336246894,0.0010934699269716133,0.6110500097692815,-9.278252918510013e-06,0.006962675768103111,0.5001623132854605,0.0529649999999975,0.0529649999999975,1.0,-0.014928278505615341,-0.014936510558062686,-0.07152802286963125,-0.07132514692988082,-0.07152802286963127,-0.08645630137524656,-6.607008494562122,-2.3124529730967422,0.0,-0.08202266869671353,-0.08205381430026956,-0.014752746803069044,-0.014777425430306586,-0.01475274680306904,0.04024725319693094,0.2852472531969313,0.20322458450021708,0.0,0.014752746803069044,0.07152802286963125,1.9653663499836954e-05,0,0,0,1,0,0.4978883349225347,0.4978883349225347,0,0,0.19179098308086395,1.3939098175886746,-0.0009924035466518323,0.1442567255394383,-0.000997335927333662,-1.4637098175886747,-0.00014668499011498843,1.6166823171514613,-0.7868780260462072,-0.007467691146337584,0.05381437646707192,-0.005695418128951758,0.07541500912317377,0.0013002993183947019,-0.026293610388774768,-0.012029426141817736,1.2436544841432398,-27.074233657434778,1.3450066694650398,18.985201689202512,1.272852125275974,3.5667762564604297,-0.01310179939014892,1.2436544887855026,-27.07423366334773,1.3450066640897225,18.98520167918566,1.2728521258230825,3.5667762587367804,-0.01310179962386182
4.130999999999714,2,1,1,4,0.0006498961210310286,4.69411759387171,4.734775431842619,5.0,0.6043310902920136,-0.0012941609999470147,0.43581943080145896,0.014039319565813778,-0.007383706400813538,0.0012027053429787403,0.6113500097692814,-9.278252918510013e-06,0.007135555640731945,0.4981562993847522,0.05326499999999747,0.05326499999999747,1.0,-0.01575537590457391,-0.01575833721884799,-0.0756882014185584,-0.0754683797598459,-0.0756882014185584,-0.09144357732313232,-6.607008494562122,-2.3124529730967422,0.0,-0.0821763566136795,-0.0822075548670557,-0.015490634933987212,-0.015513185758062745,-0.015490634933987208,0.03950936506601277,0.28450936506601304,0.20233300845233293,0.0,0.015490634933987212,0.0756882014185584,1.786513395305856e-05,0,0,0,1,0,0.4981083029294959,0.4981083029294959,0,0,0.1935840118676424,1.393156224751251,-0.0010672571829532557,0.14479519189488088,-0.0010533803145171537,-1.462956224751251,-0.00013277593413505342,1.6164318063247523,-0.7869983654515477,-0.007493113794962806,0.053906642461046914,-0.005524124958845197,0.07535721934848358,0.0014662170908126457,-0.02406190241217058,-0.012027100739546622,1.2932236598631555,-27.048346427952897,1.392433429426183,18.991338716336987,1.2924788373513076,3.58654551698755,-0.012471901824234416,1.2932236645109176,-27.048346433290156,1.3924334240585883,18.991338707300706,1.2924788378748442,3.5865455190310414,-0.012471902058119374
4.140999999999718,2,1,1,3,0.0006627899010011309,4.624027107771765,4.7277542586395915,5.0,0.6044747671683667,-0.0013668907454129219,0.43583190240526115,0.014609960822522541,-0.0070834944171310745,0.001234386818294708,0.6116500097692814,-9.278252918510013e-06,0.007302548737376459,0.4972742259965909,0.053564999999997434,0.053564999999997434,1.0,-0.016309537473529857,-0.016258137461512688,-0.0801526409019338,-0.07990917204117347,-0.0801526409019338,-0.09646217837546366,-6.607008494562122,-2.3124529730967422,0.0,-0.08233826865695819,-0.08236906431251785,-0.016271749031046192,-0.016292019884596817,-0.01627174903104619,0.03872825096895377,0.28372825096895404,0.2013899823119952,0.0,0.016271749031046192,0.0801526409019338,8.609130101228674e-06,0,0,0,1,0,0.49669668400883493,0.49669668400883493,0,0,0.19908294780179858,1.39240177935465,-0.0011421525635656373,0.14533580987586303,-0.0011074353822744809,-1.46220177935465,-0.00011654273940901124,1.6162023834028003,-0.7871184456153617,-0.007495399619738671,0.054243023821967044,-0.005268774192714412,0.07550443844371081,0.002061073053216374,-0.02213645488182552,-0.01205224494898331,1.336105305282206,-27.02532923055766,1.433004959454166,18.99720722824792,1.3069618497167594,3.6058908555336537,-0.011202018119556293,1.336105309874607,-27.025329235137086,1.4330049541671797,18.99720722050371,1.306961850203399,3.6058908572712087,-0.011202018350195509
4.150999999999721,2,1,1,2,0.0006745725907652258,4.56529248360825,4.712187197745341,5.0,0.6046240307310959,-0.0014339762207599704,0.43584325972097926,0.01522844494867246,-0.006388691450009505,0.0010198334988695944,0.6119500097692814,-9.278252918510013e-06,0.007463225386353008,0.4971437050777529,0.0538649999999974,0.0538649999999974,1.0,-0.016810027834539068,-0.016724830968119806,-0.08584558429850231,-0.08550494804749399,-0.08584558429850231,-0.10265561213304138,-6.607008494562122,-2.3124529730967422,0.0,-0.08250710187291943,-0.08253641424811549,-0.017102826170056457,-0.017120203470606967,-0.017102826170056453,0.03789717382994351,0.2828971738299438,0.20039007195702369,0.0,0.017102826170056457,0.08584558429850231,9.045687511926384e-06,0,0,0,1,0,0.4980883443781443,0.4980883443781443,0,0,0.20337500609457493,1.3916456342795032,-0.0012170710156531785,0.1458821060045543,-0.0011577259804167832,-1.4614456342795032,-8.699186761415216e-05,1.6159906771999208,-0.7872394329358132,-0.007446464049248133,0.055056944999896974,-0.00480127398467233,0.07575792291739342,0.003569548749976523,-0.0202987023392685,-0.011911547822848161,1.3536576108180105,-27.010547492818418,1.4470459071818644,19.007937185578168,1.2976611364972255,3.628741634736715,-0.008079451270984127,1.3536576153178836,-27.01054749696321,1.4470459020085824,19.007937178572583,1.2976611369604287,3.6287416363024554,-0.008079451497524173
4.160999999999724,2,1,1,2,0.0006834363456250927,4.613057942371628,4.695432634749136,5.0,0.6047805948448207,-0.001493815701079868,0.4358517166966439,0.016016784899289295,-0.005672144515162872,0.0007162009039596808,0.6122500097692813,-9.278252918510013e-06,0.007615511194184445,0.497756026423903,0.05416499999999737,0.05416499999999737,1.0,-0.01991686494875785,-0.019834727547360792,-0.09271109237736304,-0.0923602613482589,-0.09271109237736304,-0.11262795732612091,-6.607008494562122,-2.3124529730967422,0.0,-0.08269258528939932,-0.0827210576124936,-0.017998893807061635,-0.018012791948553382,-0.01799889380706163,0.037001106192938324,0.2820011061929386,0.1993085209035386,0.0,0.017998893807061635,0.09271109237736304,6.303326569771194e-06,0,0,0,1,0,0.4987703169193054,0.4987703169193054,0,0,0.1950410078279674,1.3908850223101705,-0.0012902721611880317,0.1464395478877522,-0.0012024422130292064,-1.4606850223101706,-4.603557370720226e-05,1.6157989360819063,-0.7873544081732206,-0.007203479670477282,0.056326603841144025,-0.0042043016099220605,0.07636575978452456,0.004428177990122674,-0.018263088706555047,-0.011184191535771723,1.36724694914404,-26.99845505489063,1.4581635846281726,19.012905899953104,1.2914814486019413,3.643766679925685,-0.009068358998358663,1.367246953631811,-26.998455059028018,1.4581635794665908,19.012905892957946,1.2914814490654614,3.6437666814897596,-0.0090683592250384
4.170999999999728,2,1,1,2,0.0006895791468676518,4.662571036600054,4.687438606387417,5.0,0.6049453386215625,-0.0015471472113354494,0.4358576046653082,0.016852766461277143,-0.005073064118891165,0.0004950431349207779,0.6125500097692813,-9.278252918510013e-06,0.0077586122598186985,0.4991881491933004,0.054464999999997335,0.054464999999997335,1.0,-0.02266131533196355,-0.022584637756398875,-0.09961980091241905,-0.09927196798423575,-0.09961980091241905,-0.12228111624438258,-6.607008494562122,-2.3124529730967422,0.0,-0.0829071602520854,-0.08293482717297382,-0.01896405390570489,-0.018974451353988314,-0.018964053905704888,0.03603594609429507,0.28103594609429533,0.19812878584220925,0.0,0.01896405390570489,0.09961980091241905,4.973519322351869e-06,0,0,0,1,0,0.49920399220590284,0.49920399220590284,0,0,0.19195897039026022,1.3901163597266393,-0.0013606131768257423,0.1470103731355524,-0.0012413441638030821,-1.4599163597266394,3.617990377658766e-07,1.6156269389066893,-0.7874626859064966,-0.006886506987997547,0.05771746946458707,-0.003640680615015048,0.07732565987017442,0.004743870704873341,-0.016355809947761934,-0.010540285699341434,1.3793425602932519,-26.986645090536815,1.4686478527993327,19.012961137424504,1.2910280606512712,3.653552578341544,-0.008271959539957586,1.3793425647813797,-26.986645094683873,1.4686478476349782,19.012961130410666,1.291028061116818,3.653552579910711,-0.00827195976743507
4.180999999999731,2,1,1,2,0.000693625376578493,4.708753316667401,4.687000882206604,5.0,0.6051184971424663,-0.001594997835495191,0.43586163511587306,0.017691154611600025,-0.004558641426304427,0.00033370026045614464,0.6128500097692813,-9.278252918510013e-06,0.007892451716239122,0.5014614022198333,0.0547649999999973,0.0547649999999973,1.0,-0.02517933823215129,-0.025113913415265934,-0.10634869132914027,-0.10601393868751781,-0.10634869132914027,-0.1315280295612916,-6.607008494562122,-2.3124529730967422,0.0,-0.08314775997679619,-0.08317472329070177,-0.019997484855012373,-0.020004470997007372,-0.01999748485501237,0.03500251514498758,0.28000251514498786,0.19685475516819098,0.0,0.019997484855012373,0.10634869132914027,4.583969429340893e-06,0,0,0,1,0,0.49938581043761454,0.49938581043761454,0,0,0.19320897990837693,1.3893364314165926,-0.0014275008123892379,0.14759564647169615,-0.0012748745414311801,-1.4591364314165927,4.790981974889819e-05,1.6154727818679655,-0.7875645786889248,-0.006521305141400568,0.059201563359771336,-0.003124311869880643,0.07857631556772927,0.004731122372360787,-0.014690090499046909,-0.00990045803083139,1.3907394711396694,-26.97634358682865,1.479050679349826,19.010227143670445,1.2940701460992552,3.6603599765194264,-0.0070878394966295616,1.3907394756381963,-26.976343590989938,1.4790506741712002,19.01022713663031,1.2940701465677098,3.6603599780951765,-0.007087839725429621
4.190999999999734,2,1,1,2,0.0006960177325278363,4.751419005943477,4.6925830249066145,5.0,0.6052998900924075,-0.0016379866286889192,0.4358642738784563,0.0184999163822913,-0.004092510175174652,0.00021054145171693327,0.6131500097692812,-9.278252918510013e-06,0.008017298167995587,0.5045170125459186,0.05506499999999727,0.05506499999999727,1.0,-0.02753711773512498,-0.027481449439628467,-0.11277019963280836,-0.11245183536832211,-0.11277019963280836,-0.14030731736793334,-6.607008494562122,-2.3124529730967422,0.0,-0.08341264857018925,-0.08343901247063794,-0.021096563965625523,-0.021100291581519107,-0.02109656396562552,0.03390343603437444,0.27890343603437484,0.19549078746418472,0.0,0.021096563965625523,0.11277019963280836,4.130376242152344e-06,0,0,0,1,0,0.4994588677412901,0.4994588677412901,0,0,0.19500002963468432,1.3885427381082913,-0.0014905584302953338,0.14819613629411824,-0.0013034780901091956,-1.4583427381082914,9.436867617157002e-05,1.6153336485204917,-0.7876600088047054,-0.006125917200172693,0.0607501991336529,-0.002650646384513976,0.08004689264620192,0.004559284097305647,-0.01332246352121882,-0.009249064945111959,1.4006651882222627,-26.968461666276283,1.48838737781448,19.006501049308774,1.298314542557769,3.666056531144254,-0.005926651012193007,1.4006651927352878,-26.968461670448953,1.488387372616939,19.00650104224728,1.2983145430292578,3.666056532725148,-0.005926651242538997
4.200999999999738,2,1,1,2,0.000697083615490173,4.7912387446172975,4.702952138710538,5.0,0.6054891607527824,-0.0016765164255937491,0.435865841805702,0.0192699716597416,-0.0036622545231434437,0.0001155308421488708,0.6134500097692812,-9.278252918510013e-06,0.008133560117680091,0.508266996914535,0.055364999999997236,0.055364999999997236,1.0,-0.029745008968791873,-0.029697478991280744,-0.1188530362913372,-0.11855152881277203,-0.11885303629133717,-0.14859804526012907,-6.607008494562122,-2.3124529730967422,0.0,-0.08370028347283956,-0.08372613778529776,-0.02225800299020077,-0.022258640237335835,-0.022258002990200768,0.03274199700979919,0.27774199700979957,0.19404171353695915,0.0,0.02225800299020077,0.1188530362913372,3.6700174727256145e-06,0,0,0,1,0,0.4995024636848986,0.4995024636848986,0,0,0.193667015992105,1.387733376292658,-0.0015495557224927702,0.14881236140882884,-0.0013275728331199547,-1.4575333762926581,0.00013859539425711414,1.6152066003281027,-0.7877488876830239,-0.0057127737413656746,0.06234112895025461,-0.0022183452091597004,0.0816858141835119,0.004300979317027985,-0.012239940735065496,-0.0085923387456903,1.4089402188602698,-26.963159826314502,1.4963753484265865,19.002383298369175,1.3028710718651249,3.671218796731129,-0.004879250723331406,1.408940223389654,-26.963159830494742,1.4963753432080198,19.00238329129295,1.3028710723396002,3.6712187983154174,-0.0048792509553362475
4.210999999999741,2,1,1,2,0.0006970958584921185,4.829470912953081,4.717165256789942,5.0,0.6056859263282407,-0.001710946369446392,0.4358665983430504,0.020003183401194665,-0.003269588639084418,4.5464063316271555e-05,0.6137500097692812,-9.278252918510013e-06,0.00824166949852218,0.5126256649057486,0.0556649999999972,0.0556649999999972,1.0,-0.031781546111986185,-0.03174002544628032,-0.12460554276013726,-0.12432021937668636,-0.12460554276013726,-0.15638708887212344,-6.607008494562122,-2.3124529730967422,0.0,-0.08400907094026533,-0.08403447789496349,-0.023478442400039178,-0.02347615305288805,-0.023478442400039174,0.031521557599960795,0.27652155759996117,0.19251248665969495,0.0,0.023478442400039178,0.12460554276013726,3.389636810674816e-06,0,0,0,1,0,0.4995106315580238,0.4995106315580238,0,0,0.19129097927361727,1.3869068701502003,-0.0016043696016629972,0.14944464821893783,-0.0013475818567011476,-1.4567068701502004,0.00017986949550993377,1.6150889951261302,-0.787831226439678,-0.005291529867420858,0.06395757125984647,-0.0018296739824255196,0.08345758688667142,0.003976825441705885,-0.011402412071483736,-0.007942496546255206,1.4158863232355228,-26.960248357123707,1.5032915498601258,18.997879198260225,1.3076567994950683,3.675797857515766,-0.003950411041517872,1.4158863277833074,-26.9602483613095,1.5032915446181947,18.99787919117289,1.3076567999726054,3.675797859102474,-0.003950411275306617
4.220999999999744,2,1,1,2,0.0006962975165728793,4.865220817329121,4.734443084821375,5.0,0.6058898196171326,-0.001741650933755583,0.43586677334042456,0.020698812258418922,-0.0029127317826834944,-3.7914240421995927e-06,0.6140500097692811,-9.278252918510013e-06,0.00834205121205405,0.5175175190491064,0.05596499999999717,0.05596499999999717,1.0,-0.033670854357713914,-0.03363593699840105,-0.1300269487522921,-0.1297580994451616,-0.1300269487522921,-0.163697803110006,-6.607008494562122,-2.3124529730967422,0.0,-0.08433739154039979,-0.08436242019400844,-0.0247545902297737,-0.024749538263437107,-0.0247545902297737,0.03024540977022628,0.2752454097702266,0.19090801822982595,0.0,0.0247545902297737,0.1300269487522921,3.0609009307259915e-06,0,0,0,1,0,0.4995103189871015,0.4995103189871015,0,0,0.20341697381809354,1.3860620671264157,-0.0016549662901868985,0.1500931702228108,-0.0013639442206512169,-1.4558620671264157,0.00021765228292380966,1.6149785508587826,-0.7879071512720366,-0.004870541919322094,0.06558471780588834,-0.0014842559212589759,0.08532967922451355,0.003611901144510673,-0.010782599100383438,-0.00730909982300692,1.4217641425205223,-26.959597456234164,1.5093523309018364,18.99306418202173,1.312571511168029,3.6798294120285657,-0.0031352576772047383,1.4217641470886113,-26.95959746042344,1.5093523256343258,18.993064174926708,1.3125715116486838,3.679829413616736,-0.003135257912898157
4.230999999999748,2,1,1,2,0.0006940825601937919,4.898698398049806,4.75404837909504,5.0,0.6061004550920054,-0.001768963748262184,0.4358665486625197,0.021355529657999417,-0.0025876621958515304,-3.673109401458136e-05,0.6143500097692811,-9.278252918510013e-06,0.008435143473343221,0.5228693192743761,0.05626499999999714,0.05626499999999714,1.0,-0.035424532591205496,-0.03539492676299595,-0.13511777326513003,-0.13486504877981004,-0.13511777326513003,-0.17054230585633554,-6.607008494562122,-2.3124529730967422,0.0,-0.0846838613211213,-0.08470857158101042,-0.02608312786700132,-0.026075476847793034,-0.02608312786700132,0.02891687213299866,0.2739168721329991,0.18923301081187677,0.0,0.02608312786700132,0.13511777326513003,2.763237318683172e-06,0,0,0,1,0,0.49952498991953953,0.49952498991953953,0,0,0.1931669539771974,1.385198136385686,-0.0017013858535316804,0.1507579597663418,-0.0013770777288091105,-1.454998136385686,0.000251682363560245,1.6148732112744082,-0.7879768631989135,-0.004456404816313324,0.06720937167821751,-0.0011795040012816938,0.08727166716801743,0.0032308784159600424,-0.010357706158469591,-0.006698636249660438,1.4266460775721939,-26.961134239159904,1.514583031701261,18.988107987369066,1.3173875707500957,3.6834591123445617,-0.002425574037031391,1.4266460821617952,-26.961134243350788,1.514583026406744,18.988107980269792,1.3173875712338787,3.683459113933256,-0.0024255742747162964
4.240999999999751,2,1,1,2,0.0006912088944832908,4.9300730446450185,4.775386948440507,5.0,0.6063174500375464,-0.0017931960794542576,0.43586607235402564,0.021974569230785272,-0.0022932825840703322,-5.599490011530903e-05,0.6146500097692811,-9.278252918510013e-06,0.008521379846876771,0.5286138399746354,0.056564999999997104,0.056564999999997104,1.0,-0.037044679719553796,-0.037020251191615804,-0.13988870234465275,-0.13965162933262382,-0.13988870234465275,-0.17693338206420656,-6.607008494562122,-2.3124529730967422,0.0,-0.0850471186552891,-0.08507156181079845,-0.0274608069806283,-0.02745071500814361,-0.0274608069806283,0.027539193019371678,0.2725391930193721,0.18749207436408197,0.0,0.0274608069806283,0.13988870234465275,2.4943269266623828e-06,0,0,0,1,0,0.49954476279682725,0.49954476279682725,0,0,0.19512500148266554,1.3843145148045148,-0.0017437285246877099,0.15143893185034626,-0.0013873811518956994,-1.454114514804515,0.00028187936771570203,1.6147711757544665,-0.7880406258233495,-0.004054717793690152,0.06882092628780037,-0.0009139612230158684,0.08925955123575707,0.0028475834494743764,-0.010101091323342202,-0.006117171563285474,1.4307171961157805,-26.96471121500453,1.5191343541438849,18.98303953893858,1.3220387592882075,3.686689380540359,-0.0018133572889974493,1.430717200727987,-26.964711219195642,1.5191343488210456,18.983039531837342,1.3220387597751588,3.686689382128941,-0.0018133575287565852
4.250999999999754,2,1,1,2,0.0006881610360931758,4.959203738101966,4.797930301269999,5.0,0.6065404284102146,-0.0018146403072002652,0.43586546435475765,0.02255596571298617,-0.0020267399944153587,-6.46842295847737e-05,0.614950009769281,-9.278252918510013e-06,0.00860118542886957,0.5346898893771225,0.05686499999999707,0.05686499999999707,1.0,-0.038547044634735836,-0.03852720511883153,-0.14434656062650092,-0.14412475030061217,-0.14434656062650092,-0.18289360526123677,-6.607008494562122,-2.3124529730967422,0.0,-0.08542592178064991,-0.08545014637622805,-0.028884466984198377,-0.028872088642401875,-0.028884466984198377,0.026115533015801603,0.27111553301580205,0.1856896112351511,0.0,0.028884466984198377,0.14434656062650092,2.2429736066683832e-06,0,0,0,1,0,0.49957355910812984,0.49957355910812984,0,0,0.20291697001084685,1.3834108656731214,-0.0017821412835603116,0.15213590380485617,-0.0013952293772167637,-1.4532108656731215,0.0003082894104853013,1.6146708752032204,-0.788098749609565,-0.003669299960727734,0.07041017969087816,-0.0006842582864971369,0.09127138251758242,0.0024741895686361316,-0.009992739705850844,-0.005567986763368645,1.4340745584197825,-26.970224494153292,1.5230726278689675,18.977946319291338,1.3264380631328192,3.689593316204988,-0.0012851186897605664,1.434074563055274,-26.970224498343278,1.5230726225169504,18.977946312190493,1.3264380636229423,3.6895933177927986,-0.0012851189316565419
4.260999999999758,2,1,1,2,0.0006850460930191418,4.986194660568418,4.821222430012273,5.0,0.6067690161289065,-0.0018335593153111075,0.43586481529571974,0.023100259735112146,-0.0017853088504184154,-6.54497255833523e-05,0.615250009769281,-9.278252918510013e-06,0.00867497864681386,0.5410405789115352,0.05716499999999704,0.05716499999999704,1.0,-0.03994044877258009,-0.03992462362515574,-0.14850122088157183,-0.14829409665234516,-0.1485012208815718,-0.18844166965415185,-6.607008494562122,-2.3124529730967422,0.0,-0.08581914254292256,-0.08584319128177326,-0.03035102845486639,-0.030336513309087793,-0.03035102845486639,0.02464897154513359,0.2696489715451339,0.18382982900221045,0.0,0.03035102845486639,0.14850122088157183,2.0153424998503975e-06,0,0,0,1,0,0.49960692429395626,0.49960692429395626,0,0,0.19287498435005546,1.3824870561809903,-0.0018168016164281302,0.1528486091617088,-0.0014009604051129563,-1.4522870561809904,0.0003310593474940871,1.6145709318042014,-0.7881515663029046,-0.003302691069426097,0.07196946574381671,-0.000486715093753512,0.09328827694662295,0.002118773976162495,-0.010013635286694888,-0.005052520890708153,1.4367868603750933,-26.97756933797448,1.5264418354658678,18.972903132671448,1.3305213635012698,3.6922357847596166,-0.0008289831326836489,1.4367868650341975,-26.9775693421621,1.5264418300842093,18.97290312557317,1.3305213639945546,3.692235786346059,-0.0008289833767617756
4.270999999999761,2,1,1,2,0.0006819451045133864,5.011164637452662,4.844883477153796,5.0,0.6070028480006552,-0.0018501916173390138,0.4358641925760498,0.02360857461173242,-0.0015667579914468172,-6.0369570176294584e-05,0.615550009769281,-9.278252918510013e-06,0.008743165119929997,0.5476140867244658,0.057464999999997005,0.057464999999997005,1.0,-0.04123251986558977,-0.04122017670673625,-0.15236526265155897,-0.15217215108430107,-0.15236526265155897,-0.19359778251714876,-6.607008494562122,-2.3124529730967422,0.0,-0.08622573412312003,-0.08624964417924948,-0.03185752703995357,-0.03184101830146402,-0.03185752703995357,0.023142472960046408,0.2681424729600467,0.18191673883692575,0.0,0.03185752703995357,0.15236526265155897,1.8173989034032227e-06,0,0,0,1,0,0.49964201104475414,0.49964201104475414,0,0,0.1930419821292162,1.3815431244380032,-0.0018479073668853496,0.15357671304695433,-0.0014048765997207336,-1.4513431244380033,0.00035039692857054776,1.6144701543852338,-0.7881994160116503,-0.0029565488307428207,0.07349259147371505,-0.00031787117395139605,0.09529455071860415,0.0017860111021695837,-0.010145537508742577,-0.004571178277041013,1.4389264257352918,-26.986630975303292,1.5292950518201196,18.967954126282006,1.3342596978221897,3.694653895437471,-0.0004355710349505711,1.4389264304181397,-26.986630979487494,1.5292950464085788,18.967954119188047,1.3342596983186237,3.6946538970220377,-0.0004355712812461445
4.280999999999764,2,1,1,2,0.0006789184471994994,5.034236165637694,4.868600735692958,5.0,0.6072415719863312,-0.0018647553365702461,0.43586364532803257,0.02408235347061549,-0.001369186389843935,-5.108093575120531e-05,0.615850009769281,-9.278252918510013e-06,0.008806134013906057,0.5543638955678487,0.05776499999999697,0.05776499999999697,1.0,-0.04243000740328048,-0.04242066798016263,-0.15595261527997564,-0.1557727980042295,-0.15595261527997564,-0.19838262268325615,-6.607008494562122,-2.3124529730967422,0.0,-0.08664472093648515,-0.08666852445262678,-0.033401132438123954,-0.03338276630474872,-0.033401132438123954,0.021598867561876012,0.26659886756187623,0.17995414662539022,0.0,0.033401132438123954,0.15595261527997564,1.6537243849694295e-06,0,0,0,1,0,0.4996770305120668,0.4996770305120668,0,0,0.19270897610113025,1.3805792495919893,-0.0018756690618656406,0.15431982590761636,-0.0014072471094133219,-1.4503792495919894,0.00036654353728083694,1.6143675267785758,-0.7882426388075711,-0.0026318490474232918,0.07497465583237367,-0.0001745218778602499,0.09727733598164924,0.0014783319066614807,-0.010371610207838423,-0.004123661642713274,1.4405648667095454,-26.99729246714775,1.5316887061694213,18.96312497386324,1.3376463894849504,3.6968696758723816,-9.714818249208665e-05,1.4405648714160557,-26.997292471327736,1.5316887007279905,18.963124966775126,1.3376463899845135,3.6968696774546603,-9.714843102967032e-05
4.290999999999768,2,1,1,2,0.0006760100743480593,5.055529682903263,4.892119743597965,5.0,0.6074848514815046,-0.0018774508953129695,0.43586320827984604,0.024523204522306934,-0.0011909190073630962,-3.8875168655162084e-05,0.6161500097692809,-9.278252918510013e-06,0.008864256154580063,0.5612486702791144,0.05806499999999694,0.05806499999999694,1.0,-0.04353899843785613,-0.04353224137585673,-0.1592777763887644,-0.1591105202206568,-0.1592777763887644,-0.20281677482662047,-6.607008494562122,-2.3124529730967422,0.0,-0.08707519110286038,-0.08709891575221955,-0.03497915725112467,-0.03495906263676005,-0.03497915725112467,0.020020842748875303,0.26502084274887555,0.17794565164601428,0.0,0.03497915725112467,0.1592777763887644,1.5269639581462234e-06,0,0,0,1,0,0.499710887988289,0.499710887988289,0,0,0.1942919916473329,1.3795957257050382,-0.0019003039662307641,0.15507751549000776,-0.00140831050591384,-1.4493957257050383,0.00037975624694380674,1.614262192221228,-0.788281569003077,-0.0023290384755138673,0.07641188075811886,-5.373027270359353e-05,0.09922621464238153,0.0011966932141856614,-0.010676662885992541,-0.003709194343450625,1.4417705464356332,-27.009439027886536,1.533679061699727,18.958430016155273,1.3406885904636843,3.698897161439181,0.00019285379321989351,1.441770551165683,-27.00943903206163,1.5336790562284441,18.95843000907398,1.3406885909663695,3.698897163018862,0.0001928535424180573
4.300999999999771,2,1,1,2,0.0006732508832900932,5.07516075047654,4.91523600338253,5.0,0.6077323664211611,-0.0018884628907294182,0.43586290480654477,0.024932808748088613,-0.0010304415498130475,-2.476891647017612e-05,0.6164500097692809,-9.278252918510013e-06,0.00891788318201136,0.5682319550609313,0.058364999999996905,0.058364999999996905,1.0,-0.04456506739480537,-0.044560526212303664,-0.16235535282132768,-0.1621999276148604,-0.16235535282132768,-0.20692042021613308,-6.607008494562122,-2.3124529730967422,0.0,-0.08751629069061656,-0.08753996023740877,-0.03658905994562805,-0.036567358437784636,-0.03658905994562805,0.018410940054371935,0.2634109400543722,0.17589464936375473,0.0,0.03658905994562805,0.16235535282132768,1.4373943112961996e-06,0,0,0,1,0,0.4997429420038595,0.4997429420038595,0,0,0.20058301743119955,1.3785929391295726,-0.0019220314683986756,0.15584931721074247,-0.001408277455399186,-1.4483929391295727,0.00039029606155095925,1.6141534365830081,-0.788316531243013,-0.0020481533641456577,0.07780145738213778,4.717560532399772e-05,0.10113288276231473,0.0009410887495009179,-0.011047186390803541,-0.0033266730680534522,1.442607173000059,-27.022960329739156,1.5353201094799513,18.95387650631761,1.3434017471781623,3.700746334283602,0.0004401295589460849,1.4426071777534348,-27.02296033390895,1.5353201039789526,18.95387649924395,1.343401747683965,3.700746335860441,0.0004401293058624292
4.310999999999774,2,1,1,2,0.0006706614158568372,5.0932388294698665,4.937787543404948,5.0,0.6079838136775437,-0.0018979614645480533,0.4358627493656601,0.02531286402158452,-0.0008863601547513834,-9.558700770071353e-06,0.6167500097692808,-9.278252918510013e-06,0.008967347333112422,0.5752817910244791,0.05866499999999687,0.05866499999999687,1.0,-0.045513380973260346,-0.04551073982790337,-0.1651997846568931,-0.1650554741262435,-0.16519978465689308,-0.2107131656301534,-6.607008494562122,-2.3124529730967422,0.0,-0.08796721919787158,-0.08799085402404205,-0.03822844431501092,-0.03820525026906416,-0.03822844431501092,0.01677155568498907,0.26177155568498933,0.17380433648711682,0.0,0.03822844431501092,0.1651997846568931,1.3827033693811584e-06,0,0,0,1,0,0.49977284550183065,0.49977284550183065,0,0,0.19329198403283954,1.3775713490504025,-0.0019410695058127603,0.15663474307668507,-0.0014073333122261872,-1.4473713490504025,0.0003984202696095459,1.6140406718739975,-0.788347837858484,-0.0017889126463828352,0.07914140802267139,0.0001306138243201739,0.10299084974387314,0.0007108894027396227,-0.011471283945241384,-0.0029747751588108063,1.4431331117181116,-27.03775165694689,1.5366623737930947,18.94946717953289,1.345805996247403,3.7024252846508663,0.0006496878268907653,1.4431331164945898,-27.037751661111127,1.5366623682625264,18.949467172467273,1.3458059967563265,3.702425286224717,0.0006496875715087079
4.320999999999778,2,1,1,2,0.0006682540384293214,5.109866908892067,4.959648370966229,5.0,0.6082389070270758,-0.0019061033624828453,0.43586274945516723,0.025665050827199335,-0.0007573768664150005,6.136325700464315e-06,0.6170500097692808,-9.278252918510013e-06,0.009012961612586945,0.5823703092343006,0.05896499999999684,0.05896499999999684,1.0,-0.046388771889998744,-0.046387760421617845,-0.16782517541396363,-0.16769128382338638,-0.16782517541396363,-0.21421394730396237,-6.607008494562122,-2.3124529730967422,0.0,-0.08842722590216971,-0.08845084348579425,-0.03989505681153605,-0.03987047752872643,-0.03989505681153605,0.015104943188463935,0.2601049431884642,0.17167771728629355,0.0,0.03989505681153605,0.16782517541396363,1.3582722979413149e-06,0,0,0,1,0,0.49980044136396073,0.49980044136396073,0,0,0.20125001901760697,1.3765314708425533,-0.001957631813149601,0.15743328930980444,-0.001405640575504641,-1.4463314708425534,0.0004043775414961129,1.6139234207450148,-0.7883757871169533,-0.0015507920679271464,0.08043046350746103,0.0001987639696185884,0.10479517229692309,0.000505070637979137,-0.011938553052731523,-0.0026520355324114713,1.443401151421056,-27.053714402795514,1.5377523042625085,18.945201841090167,1.3479238310548234,3.703941368667987,0.0008259770871183948,1.4434011562203362,-27.05371440695409,1.5377522987026022,18.94520183403289,1.3479238315668705,3.703941370238739,0.0008259768294257884
4.330999999999781,2,1,1,2,0.0006660347094549482,5.125141571400924,4.980722783482044,5.0,0.6084973768515427,-0.00191303280636232,0.4358629071939153,0.02599101103701366,-0.0006422749438078363,2.1840343392813267e-05,0.6173500097692808,-9.278252918510013e-06,0.009055020208479817,0.5894733288993435,0.059264999999996806,0.059264999999996806,1.0,-0.04719579074067035,-0.047196178745398526,-0.17024518579555029,-0.17012104213174234,-0.17024518579555026,-0.2174409765362206,-6.607008494562122,-2.3124529730967422,0.0,-0.08889560682095513,-0.0889192221617136,-0.04158678255583264,-0.04156091851333779,-0.04158678255583264,0.013413217444167342,0.2584132174441677,0.16951761062321158,0.0,0.04158678255583264,0.17024518579555029,1.3580274045396856e-06,0,0,0,1,0,0.499825693814969,0.499825693814969,0,0,0.20058301743119955,1.375473861907122,-0.0019719258284128034,0.15824444282508643,-0.0014033411795727607,-1.4452738619071221,0.00040840486495302214,1.6138013022911113,-0.7884006621207994,-0.0013330837146802782,0.0816679548421818,0.0002535844528881989,0.10654222116246483,0.0003223652415604828,-0.012439948449538496,-0.0023569027937206336,1.443458552997378,-27.070756191476143,1.5386320424165076,18.94107837061504,1.3497786034205672,3.7053017999634936,0.0009729730851777271,1.4434585578192523,-27.070756195629013,1.538632036827392,18.941078363566056,1.3497786039357569,3.7053018015311037,0.0009729728251580945
4.340999999999784,2,1,1,2,0.0006640044158427163,5.139153269123854,5.000940465764326,5.0,0.6087589696746044,-0.0019188822547616317,0.4358632205995747,0.026292334773965857,-0.0005399101564981524,3.719345724948076e-05,0.6176500097692808,-9.278252918510013e-06,0.009093799063592593,0.5965699759108216,0.05956499999999677,0.05956499999999677,1.0,-0.04793874240202004,-0.04794033471558587,-0.17247296701586573,-0.17235792755877466,-0.17247296701586573,-0.2204117094178857,-6.607008494562122,-2.3124529730967422,0.0,-0.08937170210122138,-0.08939532809355075,-0.04330164051616961,-0.043274585629527476,-0.04330164051616961,0.01169835948383037,0.2566983594838307,0.16732665738260838,0.0,0.04330164051616961,0.17247296701586573,1.375539867555819e-06,0,0,0,1,0,0.4998486434484293,0.4998486434484293,0,0,0.19733398221433163,1.3743991096729884,-0.001984151129418978,0.15906768669847393,-0.0014005586080444343,-1.4441991096729885,0.00041072571904736394,1.6136740192507575,-0.7884227301828849,-0.0011349441521633684,0.0828537180271351,0.000296830264922153,0.10822947772300505,0.00016136654720667946,-0.012967642169901367,-0.0020877808100525728,1.4433472680038715,-27.08879078712001,1.5393394231414619,18.937093372235342,1.3513935731702198,3.7065139229903257,0.0010942421740125937,1.443347272848063,-27.088790791267343,1.539339417523344,18.937093365194592,1.3513935736885694,3.706513924554777,0.0010942419116535683
4.350999999999788,2,1,1,2,0.0006621603410421886,5.151986686543028,5.020252287739593,5.0,0.609023447597054,-0.0019237730975780985,0.4358636846218673,0.026570552417413656,-0.0004492056104921297,5.192944357148934e-05,0.6179500097692807,-9.278252918510013e-06,0.009129556545903961,0.6036423288122201,0.05986499999999674,0.05986499999999674,1.0,-0.04862171151911285,-0.048624343288533725,-0.17452111994034875,-0.17441456976691622,-0.17452111994034872,-0.2231428314594616,-6.607008494562122,-2.3124529730967422,0.0,-0.08985489371000219,-0.08987854146712537,-0.04503777817152845,-0.04500962007656379,-0.04503777817152845,0.009962221828471536,0.2549622218284718,0.16510732811846873,0.0,0.04503777817152845,0.17452111994034875,1.404930236325275e-06,0,0,0,1,0,0.49986937777462503,0.49986937777462503,0,0,0.1967909629456699,1.3733078214825845,-0.00199449830032828,0.15990250474943246,-0.0013973998319519265,-1.4431078214825845,0.00041154908793933207,1.6135413465795407,-0.7884422425579813,-0.0009554335314212236,0.08398801077019565,0.0003300703430908621,0.10985535738913405,2.059865999401839e-05,-0.013514888971949105,-0.0018430599020311921,1.4431042541610988,-27.107737884209058,1.5399081193684254,18.933242605233573,1.3527913166998105,3.707585309109429,0.0011929892161460017,1.4431042590414707,-27.107737888401683,1.539908113704073,18.933242598113807,1.3527913172245636,3.7075853106910106,0.001192988950614649
4.360999999999791,2,1,1,2,0.0006604968141729886,5.1637211268173155,5.038626715936128,5.0,0.6092905876717531,-0.0019278163107385087,0.4358642919764864,0.02682712996964291,-0.00036914855548273525,6.585758220104996e-05,0.6182500097692807,-9.278252918510013e-06,0.009162534180070951,0.610675094765456,0.06016499999999671,0.06016499999999671,1.0,-0.04924858034508098,-0.04925211275969676,-0.1764016718499068,-0.17630302559561706,-0.1764016718499068,-0.22565025219498777,-6.607008494562122,-2.3124529730967422,0.0,-0.09034460333538422,-0.09036828246855363,-0.04679346586822419,-0.046764286213720474,-0.04679346586822419,0.008206534131775798,0.25320653413177613,0.16286193079639097,0.0,0.04679346586822419,0.1764016718499068,1.4413531956282473e-06,0,0,0,1,0,0.4998880119481184,0.4998880119481184,0,0,0.19804202020168304,1.3722006161108347,-0.002003148147972751,0.16074838535033525,-0.001393957078519457,-1.4420006161108347,0.00041106904790934356,1.6134031213205038,-0.7884594344424815,-0.0007935474207716874,0.08507143987255002,0.00035470410917526487,0.11141905671556784,-0.0001014354634851796,-0.014075901064386765,-0.0016211404461283926,1.4427618403715776,-27.127522834818755,1.540367869934001,18.929521274898843,1.3539933705371319,3.708523756250165,0.0012720954407705654,1.442761845309275,-27.127522839135292,1.5403678641971243,18.929521267565566,1.3539933710732701,3.708523757880187,0.0012720951707971976
4.370999999999794,2,1,1,2,0.000659006079569562,5.17443088915636,5.056046757460378,5.0,0.6095601812453295,-0.001931113085204707,0.4358650338159552,0.027063466675450756,-0.00029878821646117025,7.88477711000829e-05,0.6185500097692807,-9.278252918510013e-06,0.009192957413837726,0.6176553156010671,0.060464999999996674,0.060464999999996674,1.0,-0.04982304129782791,-0.04982735779109246,-0.17812606572248366,-0.17803476780888294,-0.17812606572248366,-0.22794910702031163,-6.607008494562122,-2.3124529730967422,0.0,-0.09084029043523109,-0.0908640092928771,-0.04856709101636587,-0.04853696576127698,-0.04856709101636587,0.006432908983634124,0.2514329089836345,0.1605926185484024,0.0,0.04856709101636587,0.17812606572248366,1.481105890337189e-06,0,0,0,1,0,0.49990467617614587,0.49990467617614587,0,0,0.1990000018849969,1.3710781166959045,-0.0020102712028626066,0.1616048245629181,-0.0013903094402305395,-1.4408781166959046,0.0004094647479594337,1.613259233668082,-0.7884745251776119,-0.0006482426976393297,0.08610489812235252,0.0003719769565029079,0.1129204213884522,-0.00020622093366362587,-0.014645733706815487,-0.0014204508001549338,1.4423481108439096,-27.1480763452693,1.5407447516718324,18.92592423238073,1.3550200285666747,3.7093372384730885,0.0013341496367027777,1.4423481158392029,-27.14807634971414,1.5407447458618488,18.925924224826232,1.3550200291144707,3.709337240153305,0.001334149362224144
4.380999999999798,2,1,1,2,0.0006576789185339929,5.184185621997752,5.0725073626687065,5.0,0.6098320332850168,-0.0019337554371071507,0.43586590026672634,0.02728089418468422,-0.00023723407452515762,9.081830518072184e-05,0.6188500097692806,-9.278252918510013e-06,0.00922103640070888,0.6245721027215545,0.06076499999999664,0.06076499999999664,1.0,-0.05034860595128214,-0.050353608857261214,-0.17970515867015505,-0.1796206831390353,-0.17970515867015502,-0.23005376462143723,-6.607008494562122,-2.3124529730967422,0.0,-0.09134145039063285,-0.09136521626205248,-0.05035715223175945,-0.050326151942436545,-0.05035715223175945,0.0046428477682405435,0.2496428477682409,0.15830139737760707,0.0,0.05035715223175945,0.17970515867015505,1.5215156580213423e-06,0,0,0,1,0,0.4999195074932157,0.4999195074932157,0,0,0.19633298506960273,1.3699409448873783,-0.0020160274514712645,0.16247132869099246,-0.0013865243351375315,-1.4397409448873784,0.00040690066150750684,1.6131096191143026,-0.7884877186070814,-0.0005184585540713915,0.08708950963952235,0.00038299462162572003,0.11435983251823217,-0.00029520813578524496,-0.015220182021642168,-0.0012394608829165753,1.441887289116298,-27.16933416160358,1.5410614706750954,18.922446114334665,1.355890239631104,3.7100338323310784,0.0013814748199290764,1.441887294169322,-27.169334166180747,1.5410614647915892,18.922446106551906,1.3558902401908055,3.710033834063112,0.0013814745408899016
4.390999999999801,2,1,1,2,0.0006565051491892729,5.193050648599344,5.088013221638914,5.0,0.610105961703328,-0.0019358268015247997,0.435866880856397,0.027480676787483983,-0.00018365426596663375,0.00010172583388205014,0.6191500097692806,-9.278252918510013e-06,0.009246966785351725,0.631416398972471,0.06106499999999661,0.06106499999999661,1.0,-0.05082861171870412,-0.050834219350961996,-0.18114922719003007,-0.1810710772450933,-0.18114922719003007,-0.23197783890873414,-6.607008494562122,-2.3124529730967422,0.0,-0.09184761273572126,-0.0918714320236845,-0.05216225350129129,-0.052130443645371616,-0.05216225350129129,0.002837746498708697,0.24783774649870904,0.15599013376298682,0.0,0.05216225350129129,0.18114922719003007,1.5607448979616556e-06,0,0,0,1,0,0.49993264440720253,0.49993264440720253,0,0,0.1908330013975501,1.368789716041826,-0.002020566255611835,0.16334741632843908,-0.0013826588296509913,-1.4385897160418262,0.0004035270245309914,1.6129542515667068,-0.7884992035511891,-0.00040313343724372513,0.08802658268575017,0.00038873643219535696,0.11573810890938462,-0.00036979709884479975,-0.015795688658637674,-0.001076692358801513,1.4414001104154597,-27.19123675610857,1.541337656663488,18.919081440845492,1.3566215706028966,3.7106216356657002,0.0014161516818801286,1.441400115526328,-27.191236760821845,1.5413376507060739,18.919081432827817,1.3566215711747385,3.7106216374510654,0.001416151398226641
4.400999999999804,2,1,1,2,0.0006554740256870242,5.201087263455454,5.102576897787922,5.0,0.6103817966894252,-0.0019374026100228993,0.43586796485062546,0.027664012400264414,-0.00013727392237577256,0.00011155710985633459,0.6194500097692806,-9.278252918510013e-06,0.009270930481786583,0.6381807653211432,0.061364999999996575,0.061364999999996575,1.0,-0.05126622711620254,-0.051272371232077986,-0.18246797751166088,-0.18239568484291951,-0.18246797751166088,-0.23373420462786348,-6.607008494562122,-2.3124529730967422,0.0,-0.09235833944588678,-0.09238221781218324,-0.05398109843007377,-0.05394853966453707,-0.05398109843007377,0.001018901569926216,0.2460189015699266,0.15366056212403884,0.0,0.05398109843007377,0.18246797751166088,1.5975924125821466e-06,0,0,0,1,0,0.4999442234309366,0.4999442234309366,0,0,0.19804202020168304,1.3676250353175083,-0.002024026422045623,0.1642326199721848,-0.0013787608348471007,-1.4374250353175084,0.0003994804007264399,1.6127931373330044,-0.7885091543674431,-0.0003012185946937722,0.0889175690547552,0.0003900674729095116,0.11705642325311219,-0.0004313269359853291,-0.016369261639979062,-0.0009307261242371587,1.4409041754061478,-27.213729021595118,1.5415901506969838,18.915824684948507,1.3572302119765387,3.711108687617947,0.0014400396544368124,1.4409041805748037,-27.213729026447925,1.5415901446654805,18.915824676689873,1.357230212560724,3.711108689458019,0.0014400393661253897
4.410999999999808,2,1,1,2,0.0006545745543132522,5.208353001512888,5.116217249652815,5.0,0.6106593800533815,-0.0019385508508442597,0.4358691415158882,0.027832034076118055,-9.737336939298788e-05,0.0001203222157133168,0.6197500097692805,-9.278252918510013e-06,0.00929309643707056,0.6448591901180871,0.06166499999999654,0.06166499999999654,1.0,-0.05166445624053851,-0.051671079852162086,-0.1836705597362364,-0.18360368368508947,-0.18367055973623636,-0.2353350159767749,-6.607008494562122,-2.3124529730967422,0.0,-0.09287322327387872,-0.0928971657614455,-0.055812484613863206,-0.055779233065413866,-0.055812484613863206,-0.000812484613863224,0.24418751538613714,0.1513142921122575,0.0,0.055812484613863206,0.1836705597362364,1.631324137595184e-06,0,0,0,1,0,0.49995437685538024,0.49995437685538024,0,0,0.1941670197993517,1.3664474945391412,-0.002026536391480436,0.1651264872615152,-0.0013748701867823494,-1.4362474945391412,0.00039488433119222953,1.6126263098750722,-0.7885177315737159,-0.0002116887739166561,0.08976402924634765,0.0003877497311528895,0.11831623043074431,-0.0004810689425062189,-0.01693840156881217,-0.000800207621295375,1.4404142816713175,-27.23675997763491,1.541833280324297,18.91267032223626,1.3577310108934075,3.711502894846905,0.0014547961075126398,1.440414286897628,-27.2367599826304,1.541833274218619,18.912670313731116,1.3577310114901215,3.711502896742955,0.0014547958145044472
4.420999999999811,2,1,1,2,0.0006537958720380923,5.21504129076188,5.12896336968161,5.0,0.6109385648412569,-0.001939332288617891,0.4358704004785454,0.027985938027713306,-6.312499973837433e-05,0.00012812767321828569,0.6200500097692805,-9.278252918510013e-06,0.009313621060421502,0.6514469711873366,0.06196499999999651,0.06196499999999651,1.0,-0.052023392169661724,-0.052030213331027336,-0.18476679091970372,-0.18470467956400533,-0.18476679091970374,-0.2367901830893655,-6.607008494562122,-2.3124529730967422,0.0,-0.0933918778160999,-0.0934158875621951,-0.05765530058809149,-0.057621407521422786,-0.05765530058809149,-0.002655300588091521,0.24234469941190886,0.14895282159580803,0.0,0.05765530058809149,0.18476679091970372,1.6217657163329176e-06,0,0,0,1,0,0.4999649153792136,0.4999649153792136,0,0,0.1967080170288682,1.365257669410205,-0.002028214432860083,0.16602858198533088,-0.001371019357963688,-1.435057669410205,0.0003898504735229486,1.612453825931288,-0.7885250823321868,-0.000133505563416471,0.0905676470146227,0.0003825842422562697,0.1195193629422039,-0.0005200063986627254,-0.01750069706040231,-0.0006837569563855722,1.439937999933595,-27.260280889153766,1.5420742741749143,18.90960938001567,1.3581341744548199,3.711807735710975,0.0014622149410313265,1.4399380052174848,-27.260280894295352,1.542074267994903,18.909609371257996,1.3581341750642695,3.711807737664376,0.001462214643284064
4.430999999999814,2,1,1,2,0.0006531301859630514,5.221118505650194,5.140863155381036,5.0,0.6112192195557309,-0.0019397942786334315,0.4358717351142277,0.028127412978652188,-3.290978324434338e-05,0.00013549528644219946,0.6203500097692805,-9.278252918510013e-06,0.009332642822341091,0.6579415548351093,0.062264999999996476,0.062264999999996476,1.0,-0.05234379245016747,-0.05235100230113748,-0.18577157240886225,-0.18571371557261088,-0.18577157240886225,-0.2381153648590297,-6.607008494562122,-2.3124529730967422,0.0,-0.09391390292283801,-0.09393798299423006,-0.059508568018419,-0.05947407729463976,-0.059508568018419,-0.004508568018419023,0.24049143198158135,0.14657752905874238,0.0,0.059508568018419,0.18577157240886225,1.6574714898636602e-06,0,0,0,1,0,0.49997660028305924,0.49997660028305924,0,0,0.2086249878630042,1.364056110593687,-0.0020291667688170944,0.16693848671969688,-0.0013672287089005672,-1.4338561105936871,0.0003844871829836232,1.6122757737588904,-0.7885313363656806,-6.53393965462768e-05,0.09133042982108948,0.0003760131430253751,0.12066876747985765,-0.000548218478370633,-0.018052834889637666,-0.0005793460829980348,1.4394327759907593,-27.284227622372335,1.5422699048690385,18.906597966941895,1.3584177180896566,3.711989387062062,0.0014660358878309863,1.4394327813319232,-27.28422762766356,1.542269898614795,18.90659795792538,1.3584177187120363,3.711989389074281,0.0014660355853149093
4.440999999999818,2,1,1,2,0.0006525726458540817,5.22732412183643,5.151986954920324,5.0,0.6115012258546882,-0.001939971458870482,0.43587314227665397,0.028257912660590235,-5.150912846002773e-06,0.00014288494175960733,0.6206500097692804,-9.278252918510013e-06,0.009350284667934427,0.6643420278473188,0.06256499999999644,0.06256499999999644,1.0,-0.05261438796371019,-0.05262129050325279,-0.1866981553923079,-0.18664317150409848,-0.18669815539230794,-0.23931254335601812,-6.607008494562122,-2.3124529730967422,0.0,-0.09443887626143428,-0.09446302377466234,-0.061371424895282016,-0.0613363737969757,-0.061371424895282016,-0.00637142489528203,0.23862857510471838,0.14418969884328314,0.0,0.061371424895282016,0.1866981553923079,1.4808998534712795e-06,0,0,0,1,0,0.4999923437688012,0.4999923437688012,0,0,0.2002919791266322,1.3628433413470407,-0.0020294878199087728,0.16785580352102306,-0.0013635081011990969,-1.4326433413470407,0.00037890093124239347,1.6120922625226788,-0.788536604770463,-6.20217024045486e-06,0.09205439201236064,0.00036903147281684354,0.12176744843196187,-0.0005641679588066252,-0.01859242556297949,-0.00048514554082839306,1.4388663298745268,-27.308555629883266,1.542386508588636,18.903614288736378,1.3585549134306758,3.712034502081366,0.0014647727822935204,1.4388663352525155,-27.308555635234573,1.5423865022858254,18.903614279614544,1.3585549140606954,3.7120345041167537,0.001464772476217454
4.450999999999821,2,1,1,2,0.0006521272773856437,5.232598850625715,5.162402848919225,5.0,0.6117844890213727,-0.0019398677581232602,0.4358746300191083,0.02837938402148485,2.2864430929853806e-05,0.00015127765159850783,0.6209500097692804,-9.278252918510013e-06,0.00936664008158382,0.6706512943089582,0.06286499999999641,0.06286499999999641,1.0,-0.052848476074772284,-0.05285606397465417,-0.18756567693771603,-0.18751398451467244,-0.18756567693771603,-0.24041415301248834,-6.607008494562122,-2.3124529730967422,0.0,-0.09496633109019453,-0.0949905514513583,-0.06324323631711287,-0.0632076526024662,-0.06324323631711287,-0.00824323631711287,0.23675676368288753,0.14179043259269208,0.0,0.06324323631711287,0.18756567693771603,1.4740798908895312e-06,0,0,0,1,0,0.4999776220887311,0.4999776220887311,0,0,0.1990830060094595,1.36161983983133,-0.0020292620200569695,0.16878015871864682,-0.0013598494834134148,-1.43141983983133,0.0003732524406045396,1.6119034466680047,-0.7885409747751281,4.504247496061298e-05,0.09274197637689954,0.0003633551491358191,0.12281994839677611,-0.0005639524955035023,-0.019116525607143386,-0.0003987700982723102,1.4381013441534272,-27.33318449796476,1.542280544359301,18.900568592178114,1.3584212788975494,3.711861798418419,0.0014572998550267829,1.4381013495206503,-27.33318450316103,1.5422805380680922,18.900568583320066,1.3584212795224468,3.711861800391108,0.0014572995482963948
4.460999999999824,2,1,1,2,0.0006517941996531931,5.237024940529764,5.172074424600788,5.0,0.6120689088822159,-0.0019394966065203558,0.4358762006258627,0.028490183138564145,4.827846591621912e-05,0.00015929878409697872,0.6212500097692804,-9.278252918510013e-06,0.009381809867559538,0.6768699421060077,0.06316499999999638,0.06316499999999638,1.0,-0.05305646895886032,-0.05306464844763999,-0.18835666678899482,-0.18830878012006097,-0.18835666678899482,-0.24141313574785508,-6.607008494562122,-2.3124529730967422,0.0,-0.09549597960116796,-0.09552027918634573,-0.06512330935713781,-0.06508722956453356,-0.06512330935713781,-0.010123309357137813,0.2348766906428626,0.1393807110416937,0.0,0.06512330935713781,0.18835666678899482,1.469947937163369e-06,0,0,0,1,0,0.4999733262604269,0.4999733262604269,0,0,0.19829097436740994,1.3603860690284018,-0.0020285619449815035,0.16971119480359537,-0.00135624683294325,-1.4301860690284018,0.00036764347707953974,1.611709442197177,-0.7885445236060563,8.94646290124751e-05,0.09339428933154255,0.0003576624208588522,0.12382595266497312,-0.0005579722799364672,-0.019631544826832478,-0.0003201319928807919,1.4372618736376774,-27.358151465508293,1.5420885393166879,18.897577000840997,1.358175627373962,3.7116127953581097,0.0014450445041229428,1.437261878991839,-27.358151470547746,1.5420885330397334,18.897576992250094,1.3581756279934838,3.711612797267304,0.0014450441968670569
4.470999999999828,2,1,1,2,0.0006515659231814122,5.240798804017513,5.181000185172628,5.0,0.6123543777983756,-0.0019388915942794075,0.4358778465494797,0.028590319754623273,6.991397151340428e-05,0.00016634983079646297,0.6215500097692803,-9.278252918510013e-06,0.009395906288990015,0.6829959424004678,0.06346499999999634,0.06346499999999634,1.0,-0.05324137637693479,-0.053249957532809325,-0.18906846689128262,-0.18902431344998347,-0.1890684668912826,-0.2423098432682174,-6.607008494562122,-2.3124529730967422,0.0,-0.09602758104808012,-0.09605196483203109,-0.06701085514487848,-0.06697431718951888,-0.06701085514487848,-0.012010855144878492,0.23298914485512193,0.13696156380704083,0.0,0.06701085514487848,0.18906846689128262,1.4054550270304917e-06,0,0,0,1,0,0.4999724442282103,0.4999724442282103,0,0,0.1984580303542316,1.3591424919729016,-0.002027452142355188,0.17064856596790182,-0.0013527048987703781,-1.4289424919729017,0.0003621046780675432,1.6115103321205277,-0.788547328231915,0.00012769222223322447,0.09401262041312194,0.00035120550327170106,0.12478595384088295,-0.0005504697595459788,-0.020138361367086067,-0.00024914631666209585,1.4364278415445484,-27.38345184530963,1.5418957270998868,18.89468461914931,1.3579014162446834,3.711346420957813,0.001428076604501129,1.4364278468836007,-27.383451850190347,1.5418957208395654,18.894684610828964,1.3579014168585901,3.7113464228027007,0.0014280762968371511
4.480999999999831,2,1,1,2,0.0006514330661119552,5.244062954873309,5.189203518021017,5.0,0.612640793987133,-0.0019380956416506327,0.4358795577576443,0.028680781785646703,8.679906412335728e-05,0.000172452681832455,0.6218500097692803,-9.278252918510013e-06,0.009409037774460576,0.6890275039870228,0.06376499999999631,0.06376499999999631,1.0,-0.05340399725841006,-0.05341292702470803,-0.18970535705394465,-0.18966464782490178,-0.18970535705394465,-0.24310935431235475,-6.607008494562122,-2.3124529730967422,0.0,-0.09656090611391756,-0.0965853776580213,-0.06890510192587676,-0.06886814163130908,-0.06890510192587676,-0.01390510192587677,0.23109489807412364,0.13453399196020513,0.0,0.06890510192587676,0.18970535705394465,1.4171185161347996e-06,0,0,0,1,0,0.4999702459933242,0.4999702459933242,0,0,0.19616697682067752,1.3578895607419845,-0.0020259915798948964,0.17159194075289927,-0.0013492346053447463,-1.4276895607419846,0.0003566323331125322,1.6113062073126805,-0.7885494654177742,0.0001602605186014306,0.09459853169693282,0.00034337737436738265,0.1257015719004803,-0.0005449932544899464,-0.02063510790220943,-0.00018588806712706898,1.4356694748387586,-27.409050867740625,1.5417760974236914,18.89188158212711,1.3576677395523773,3.7110611844867214,0.001408178575869774,1.4356694801606122,-27.40905087246081,1.5417760911824416,18.89188157408065,1.3576677401604296,3.7110611862665204,0.0014081782679197102
4.4909999999998345,2,1,1,2,0.0006513871867338808,5.246848957295741,5.196714799632055,5.0,0.6129280658272203,-0.0019371563655166983,0.4358813251766649,0.02876240871144975,9.916239950024216e-05,0.00017763585491005184,0.6221500097692803,-9.278252918510013e-06,0.009421303736083039,0.6949639933499898,0.06406499999999628,0.06406499999999628,1.0,-0.05354755284354755,-0.05355679556740433,-0.1902734125753057,-0.19023585948756644,-0.19027341257530572,-0.24382096541885326,-6.607008494562122,-2.3124529730967422,0.0,-0.09709575026325924,-0.09712031285677471,-0.07080533422231274,-0.07076798442154347,-0.07080533422231274,-0.015805334222312745,0.22919466577768763,0.13209891551442746,0.0,0.07080533422231274,0.1902734125753057,1.4230935185202e-06,0,0,0,1,0,0.4999684023156763,0.4999684023156763,0,0,0.19695801893249154,1.3566277089255594,-0.0020242350752858727,0.1725410037609488,-0.001345850966442464,-1.4264277089255595,0.0003512047165440474,1.6110971764887418,-0.7885510117377226,0.0001874521172158226,0.0951535980988501,0.00033404749726382123,0.12657459306393057,-0.0005410055652562966,-0.021120614492799516,-0.0001301657741867841,1.435019455445639,-27.434915343569283,1.5417616041095623,18.88915520460933,1.357490761986726,3.7107527230649127,0.0013852409511723016,1.4350194607483109,-27.43491534812743,1.5417615978896926,18.889155196839507,1.3574907625887036,3.71075272477898,0.001385240643053593
4.500999999999838,2,1,1,2,0.0006514190048164939,5.249527033927255,5.203583846604586,5.0,0.613216108513951,-0.0019361153239715778,0.43588313935872935,0.028835939287853763,0.00010753330765378411,0.0001819244699879773,0.6224500097692802,-9.278252918510013e-06,0.009432795634993604,0.7008052671986295,0.06436499999999624,0.06436499999999624,1.0,-0.053665104386381696,-0.05367442454430915,-0.19077873856923952,-0.19074393159975594,-0.1907787385692395,-0.24444384295562113,-6.607008494562122,-2.3124529730967422,0.0,-0.09763189749525972,-0.09765655218524817,-0.07271089560456771,-0.07267318612448538,-0.07271089560456771,-0.017710895604567737,0.22728910439543265,0.12965720690017196,0.0,0.07271089560456771,0.19077873856923952,1.023008982624039e-06,0,0,0,1,0,0.49996488382457027,0.49996488382457027,0,0,0.21720799850299954,1.3553573532653151,-0.0020222351077623267,0.1734954548660258,-0.0013425682822941285,-1.4251573532653152,0.00034581641723354186,1.6108833550214774,-0.788552040922758,0.00020950937513722147,0.09567935843285301,0.00032329319466054284,0.12740682638469325,-0.0005371992925593302,-0.021594093700487448,-8.173125657822161e-05,1.4344812639249005,-27.46102384187353,1.541852912375853,18.88650560756971,1.3573558445660274,3.710427629312499,0.001359254394799352,1.4344812692062656,-27.46102384626886,1.541852906179828,18.886505600077996,1.357355845161733,3.7104276309605075,0.0013592540866390007
4.510999999999841,2,1,1,2,0.000651524050498258,5.251789211093339,5.209871538953655,5.0,0.6135048518838331,-0.001935018179731713,0.4358849961442383,0.028903331811015693,0.00011083430671295064,0.00018621561868480336,0.6227500097692802,-9.278252918510013e-06,0.009443591403304539,0.7065533124206752,0.06466499999999621,0.06466499999999621,1.0,-0.0537635616372022,-0.0537732592238232,-0.19123178243951164,-0.1911993679866356,-0.19123178243951164,-0.24499534407671383,-6.607008494562122,-2.3124529730967422,0.0,-0.09816910268321313,-0.09819385268815821,-0.0746212168875144,-0.07458317237449497,-0.0746212168875144,-0.019621216887514437,0.2253787831124859,0.12720968042927183,0.0,0.0746212168875144,0.19123178243951164,1.0137752800821855e-06,0,0,0,1,0,0.4999551145935248,0.4999551145935248,0,0,0.19512500148266554,1.3540788821073482,-0.0020200421967158664,0.1744550119350358,-0.0013394050951118345,-1.4238788821073483,0.00034045172905549476,1.6106648850424783,-0.7885526285525906,0.00022653906892879867,0.09617783530393653,0.0003102905604629322,0.12820194716229658,-0.0005360339630023971,-0.022051696988563966,-4.1136411715105375e-05,1.4341337990830345,-27.487312468580214,1.5421307431087286,18.883856514856852,1.3573253591836523,3.710012598580444,0.0013310837896784874,1.434133804340979,-27.487312472811798,1.5421307369390125,18.88385650764512,1.3573253597728676,3.710012600161978,0.001331083481605031
4.5209999999998445,2,1,1,2,0.0006517004710004095,5.253591564931392,5.215590256103673,5.0,0.6137942342737259,-0.0019339097304254206,0.4358868943727194,0.028964287226563485,0.00011043578227488458,0.0001901253058847516,0.6230500097692802,-9.278252918510013e-06,0.009453760434256444,0.7122109553463489,0.06496499999999618,0.06496499999999618,1.0,-0.05384800985767391,-0.05385803415972582,-0.1916337372881733,-0.191603703920393,-0.1916337372881733,-0.24548174714584717,-6.607008494562122,-2.3124529730967422,0.0,-0.09870721332086799,-0.09873206214226081,-0.0765357870499657,-0.07649743159360418,-0.0765357870499657,-0.02153578704996576,0.22346421295003457,0.12475699962916563,0.0,0.0765357870499657,0.1916337372881733,1.0042765450727097e-06,0,0,0,1,0,0.499952852484181,0.499952852484181,0,0,0.19854196580126882,1.3527926566396742,-0.0020177062572691723,0.17541941029521327,-0.001336381852393693,-1.4225926566396743,0.0003351014031455474,1.6104419134512924,-0.7885528514562984,0.00023865108780012052,0.09665040634932565,0.00029561749345204433,0.12896139009707305,-0.0005338280398602343,-0.022496205113112903,-7.92246976726062e-06,1.4339608112977644,-27.51377893611045,1.5425735613427227,18.881234429318585,1.3573589733756268,3.70954804202119,0.0013009641672667765,1.433960816529848,-27.513778940177183,1.5425735552021629,18.881234422388893,1.3573589739581045,3.7095480435357864,0.001300963859430165
4.530999999999848,2,1,1,2,0.0006519412894160628,5.254999966278616,5.220758974321999,5.0,0.6140841904488775,-0.001932819831909987,0.43588882788432415,0.02901875902449563,0.00010751292941902484,0.00019328724345835227,0.6233500097692801,-9.278252918510013e-06,0.009463372542833508,0.7177793940416066,0.06526499999999615,0.06526499999999615,1.0,-0.053920686992368745,-0.05393098761111678,-0.1919870133499664,-0.19195918865409492,-0.1919870133499664,-0.24590770034233522,-6.607008494562122,-2.3124529730967422,0.0,-0.09924610205645892,-0.09927105267946773,-0.07845410602476763,-0.07841546255016271,-0.07845410602476763,-0.023454106024767676,0.22154589397523267,0.1222997919187728,0.0,0.07845410602476763,0.1919870133499664,9.940981903030059e-07,0,0,0,1,0,0.49995300231704354,0.49995300231704354,0,0,0.19883300410583615,1.3514990281013677,-0.002015274632308521,0.17638839772826212,-0.0013335111017495924,-1.4212990281013678,0.00032978952966632576,1.610214560869792,-0.788552779404193,0.00024620189404726806,0.09709832775172322,0.00027998211192357416,0.12968623383448438,-0.0005285059582097645,-0.022929138271870743,1.863837105915681e-05,1.4339279974178907,-27.540425106249874,1.5431433235653191,18.878671568309592,1.357416404415649,3.7090763469737187,0.0012704825081226285,1.433928002624322,-27.540425110152615,1.5431433174536657,18.87867156166064,1.3574164049914348,3.70907634842167,0.0012704822005178422
4.540999999999851,2,1,1,2,0.0006522373621933577,5.256063979498854,5.225401797939129,5.0,0.6143746575095312,-0.0019317698502100647,0.43589078844491913,0.029067130756911006,0.00010272711997704994,0.00019558707743491988,0.6236500097692801,-9.278252918510013e-06,0.009472493519875572,0.7232594734499673,0.06556499999999611,0.06556499999999611,1.0,-0.05398339348130996,-0.05399392764696968,-0.19229567418268653,-0.192269846842305,-0.19229567418268653,-0.24627906766399651,-6.607008494562122,-2.3124529730967422,0.0,-0.09978566138625733,-0.09981071633160751,-0.0803757088044506,-0.08033679824559296,-0.0803757088044506,-0.025375708804450628,0.2196242911955497,0.11983862980929144,0.0,0.0803757088044506,0.19229567418268653,9.83250787969673e-07,0,0,0,1,0,0.4999539183291519,0.4999539183291519,0,0,0.19716599490493536,1.3501983349483186,-0.002012790504833169,0.1773617348688464,-0.0013307996492846524,-1.4199983349483187,0.0003245501763450955,1.609982941729922,-0.7885524749537937,0.0002496399182950432,0.09752289750714886,0.0002638753598615844,0.13037787898311018,-0.0005196726064534936,-0.023350641897427818,3.927058976146231e-05,1.4340190828664638,-27.567237955423984,1.5438226122840886,18.87617401916626,1.3574843675592057,3.7086110833530306,0.0012409943824481231,1.4340190881032921,-27.567237959198046,1.543822606135706,18.876174012737874,1.3574843681344824,3.7086110847477927,0.001240994071744233
4.5509999999998545,2,1,1,2,0.0006525789450903255,5.256825114984321,5.229545694537473,5.0,0.614665577129928,-0.0019307757366811972,0.43589276729148874,0.029109895016692852,9.654688517584418e-05,0.0001970096094409763,0.6239500097692801,-9.278252918510013e-06,0.009481183576683481,0.7286521897567292,0.06586499999999608,0.06586499999999608,1.0,-0.05403760248349241,-0.05404833612996153,-0.19256405788734296,-0.19254001676010407,-0.19256405788734293,-0.2466016603708354,-6.607008494562122,-2.3124529730967422,0.0,-0.10032579994597624,-0.10035096135479386,-0.08230017312344504,-0.08226101428535489,-0.08230017312344504,-0.02730017312344507,0.21769982687655526,0.11737402693057808,0.0,0.08230017312344504,0.19256405788734296,9.718551604119775e-07,0,0,0,1,0,0.4999550642429611,0.4999550642429611,0,0,0.1947920536622405,1.348890900757425,-0.0020102924153001414,0.1783391953190824,-0.0013282500329114036,-1.418690900757425,0.00031941785909989334,1.6097471711838816,-0.7885519933795404,0.0002494363925728633,0.09792540696386356,0.0002476805519145166,0.13103786852196334,-0.0005074806150322692,-0.023760547481910414,5.470238862201541e-05,1.4342231815622992,-27.594200810284637,1.5446003765444163,18.873739480637994,1.3575581217096457,3.70815648089595,0.0012133388266969527,1.434223186829639,-27.5942008139283,1.544600370359123,18.87373947443317,1.3575581222844029,3.7081564822367987,0.0012133385128662564
4.560999999999858,2,1,1,2,0.0006529563682573783,5.2573197119288455,5.233219241898408,5.0,0.6149568959931814,-0.001929849300609225,0.43589475578593007,0.029147551547545496,8.935008800795198e-05,0.00019758528410315917,0.62425000976928,-9.278252918510013e-06,0.009489497183978839,0.7339588155523615,0.06616499999999605,0.06616499999999605,1.0,-0.054084523467797026,-0.054095430430795864,-0.19279634017133856,-0.19277388642099846,-0.1927963401713386,-0.24688086363913556,-6.607008494562122,-2.3124529730967422,0.0,-0.10086643960990802,-0.10089170932707937,-0.08422711938866483,-0.08418772902765294,-0.08422711938866483,-0.029227119388664867,0.21577288061133545,0.11490644100142651,0.0,0.08422711938866483,0.19279634017133856,9.600488448727593e-07,0,0,0,1,0,0.4980307324495257,0.4980307324495257,0,0,0.19637501100078225,1.3475770332728647,-0.002007814199325575,0.1793205654574393,-0.0013258613591725682,-1.4173770332728648,0.00031442440158095414,1.6095073661628934,-0.7885513827630383,0.0002460586768696335,0.09830712050821278,0.0002317111642658063,0.13166781078606268,-0.0004922653015496394,-0.024158692690439982,6.564251357683966e-05,1.4345307818397914,-27.621296881584975,1.5454673799124665,18.871363008833026,1.357635664594991,3.7077137019964783,0.0011880060530873745,1.4345307871377146,-27.621296885096672,1.5454673736901299,18.87136300285472,1.3576356651692185,3.707713703282704,0.0011880057361046024
4.570999999999861,2,1,1,2,0.0006533603823063719,5.257580070457744,5.236451799547511,5.0,0.6152485656593992,-0.0019289989033426493,0.43589674574147286,0.029180575833559312,8.1457215800281e-05,0.00019736917775459907,0.62455000976928,-9.278252918510013e-06,0.009497483345860652,0.7391809063951283,0.06646499999999601,0.06646499999999601,1.0,-0.054125147612648424,-0.05413620836661452,-0.192996403798682,-0.19297535423786172,-0.19299640379868202,-0.2471215514113304,-6.607008494562122,-2.3124529730967422,0.0,-0.10140751311334623,-0.10143289275970813,-0.08615620820314447,-0.08611660117212477,-0.08615620820314447,-0.031156208203144523,0.21384379179685578,0.11243627868350864,0.0,0.08615620820314447,0.192996403798682,9.479593658922351e-07,0,0,0,1,0,0.4780254177396752,0.4780254177396752,0,0,0.21725002443417907,1.346257023994914,-0.0020053850997154466,0.18030564410827835,-0.0013236299127480505,-1.4160570239949142,0.0003095978873509923,1.6092636447491189,-0.7885506842895816,0.00023995817140984267,0.09866926541368218,0.000216225139493377,0.13226933856231116,-0.00047442203882027876,-0.024545005993955926,7.27630029944987e-05,1.434932586116036,-27.64851032893598,1.5464148442501657,18.869038903387032,1.3577159051784695,3.707282871939113,0.0011652774950724784,1.4349325914445759,-27.648510332314185,1.5464148379906926,18.869038897638063,1.3577159057521544,3.7072828731700365,0.0011652771749145654
4.5809999999998645,2,1,1,2,0.0006537823615639085,5.257635011228386,5.239272900694925,5.0,0.6155405422653808,-0.001928229958056846,0.43589872960894394,0.02920941040412833,7.31431806973994e-05,0.00019643100721189385,0.62485000976928,-9.278252918510013e-06,0.009505185997801821,0.7443202723656296,0.06676499999999598,0.06676499999999598,1.0,-0.05416028445606481,-0.05417148484035828,-0.19316780842460818,-0.19314799596229476,-0.19316780842460818,-0.24732809288067303,-6.607008494562122,-2.3124529730967422,0.0,-0.1019489620766539,-0.10197445310830346,-0.08808713722633843,-0.0880473266350636,-0.08808713722633843,-0.03308713722633847,0.21191286277366178,0.10996390069700701,0.0,0.08808713722633843,0.19316780842460818,9.356978640412648e-07,0,0,0,1,0,0.4580365918143702,0.4580365918143702,0,0,0.1967080170288682,1.3449311480886172,-0.0020030299651264375,0.1812942421358813,-0.0013215496709795746,-1.4147311480886173,0.00030496234125423763,1.6090161251752115,-0.7885499326739697,0.00023156372660838422,0.09901302593409743,0.0002014317384782577,0.13284408266100514,-0.00045436117049440096,-0.024919517898453945,7.668942460560763e-05,1.4354192763544105,-27.675826535804042,1.5474341296343206,18.86676134622235,1.3577980878963156,3.7068637438575966,0.0011453032853710955,1.4354192817136364,-27.67582653904728,1.5474341233375821,18.866761340705427,1.3577980884694523,3.706863745032573,0.0011453029620131423
4.590999999999868,2,1,1,2,0.0006542144299648547,5.257510244446209,5.241711786643447,5.0,0.6158327861844156,-0.0019275453539001719,0.4359007005885418,0.029234463477116928,6.464257575604109e-05,0.0001948492064860115,0.6251500097692799,-9.278252918510013e-06,0.009512644427343026,0.7493789412813219,0.06706499999999595,0.06706499999999595,1.0,-0.05419059303575065,-0.05420192310530029,-0.19331379378181174,-0.1932950669004933,-0.19331379378181174,-0.2475043868175624,-6.607008494562122,-2.3124529730967422,0.0,-0.10249073536401433,-0.10251633911951279,-0.09001963794563247,-0.08997963531921883,-0.09001963794563247,-0.03501963794563253,0.2099803620543677,0.1074896266903525,0.0,0.09001963794563247,0.19331379378181174,9.233588163192018e-07,0,0,0,1,0,0.4380629018831088,0.4380629018831088,0,0,0.19758398411795497,1.3435996645137935,-0.002000769499626015,0.1822861819924491,-0.0013196127642776116,-1.4133996645137936,0.00030053769837981456,1.60876492485233,-0.7885491566555693,0.00022127753376226635,0.09933953959045547,0.00018749618665274442,0.13339365268699369,-0.00043248855234609955,-0.025282350658732546,7.799589680883755e-05,1.4359815639013869,-27.703232134193318,1.5485167356836027,18.864524632553085,1.3578816108361949,3.7064559230807546,0.0011281426797369219,1.4359815692912554,-27.703232137300155,1.548516729349597,18.864524627270907,1.3578816114087726,3.706455924199136,0.0011281423531605873
4.600999999999871,2,1,1,2,0.0006546495358110962,5.257228670456438,5.243797048116573,5.0,0.6161252616877093,-0.0019269458398468336,0.4359026526931927,0.029256109971196605,5.6153059984875054e-05,0.00019270678509704655,0.6254500097692799,-9.278252918510013e-06,0.009519893684212534,0.7543591219363427,0.06736499999999591,0.06736499999999591,1.0,-0.0542166087449724,-0.05422806177744828,-0.19343729419375374,-0.19341951609442593,-0.19343729419375374,-0.24765390293872613,-6.607008494562122,-2.3124529730967422,0.0,-0.10303278772938014,-0.1030585054663168,-0.09195347255179576,-0.09191328798190651,-0.09195347255179576,-0.03695347255179581,0.20804652744820448,0.1050137397188234,0.0,0.09195347255179576,0.19343729419375374,9.110214579856208e-07,0,0,0,1,0,0.4181031326619738,0.4181031326619738,0,0,0.19579101353883743,1.34226281632102,-0.0019986205449739427,0.18328129723707026,-0.001317809893811722,-1.41206281632102,0.00029633991005824855,1.6085101595357305,-0.7885483795264417,0.0002094724470032403,0.09964989485430656,0.0001745437625033578,0.1339196223541105,-0.0004091952629876232,-0.025633702961512274,7.720293522559229e-05,1.4366103117871258,-27.730714952250047,1.5496543892914227,18.862323264766594,1.357965967469529,3.7060589482748503,0.0011137869152541941,1.4366103171976763,-27.730714955217778,1.5496543829316851,18.86232325972395,1.3579659680406064,3.706058949335604,0.001113786586043984
4.6109999999998745,2,1,1,2,0.0006550814885309111,5.256810649843446,5.245556352846675,5.0,0.6164179366207723,-0.001926430377756105,0.43590458077634153,0.029274693268474355,4.783829240480684e-05,0.000190088182231452,0.6257500097692799,-9.278252918510013e-06,0.009526964968911438,0.7592631698538996,0.06766499999999588,0.06766499999999588,1.0,-0.05423876648768849,-0.0542503381456537,-0.19354095700273438,-0.1935240046372645,-0.19354095700273438,-0.24777972349042285,-6.607008494562122,-2.3124529730967422,0.0,-0.10357507871026221,-0.10360091163275001,-0.093888430984477,-0.09384807327123348,-0.093888430984477,-0.03888843098447706,0.20611156901552322,0.10253649030526012,0.0,0.093888430984477,0.19354095700273438,8.987515629920226e-07,0,0,0,1,0,0.3981561971657692,0.3981561971657692,0,0,0.1953340251930058,1.3409208310751362,-0.001996596383866045,0.18427943203735372,-0.0013161307089980632,-1.4107208310751362,0.0002923811291295651,1.6082519426452009,-0.7885476196706828,0.00019649032214837732,0.09994512984971016,0.00016266379189623214,0.13442351819381182,-0.00038485118417650447,-0.025973834688497652,7.47770638670177e-05,1.4372966607799889,-27.758263940342655,1.5508391428505333,18.86015199693892,1.358050726683791,3.705672325184127,0.0011021742360510889,1.4372966662085134,-27.758263943169645,1.5508391364681837,18.86015199213871,1.358050727253106,3.705672326186586,0.0011021739043573858
4.620999999999878,2,1,1,2,0.0006555049658293613,5.256274254081983,5.247016244613595,5.0,0.6167107820988507,-0.001925996466542648,0.4359064805322547,0.029290527190242582,3.983080930861984e-05,0.000187076815366656,0.6260500097692798,-9.278252918510013e-06,0.0095338859963054,0.7640935561610258,0.06796499999999585,0.06796499999999585,1.0,-0.0542574205167061,-0.054269108152816714,-0.19362716227507112,-0.19361092534771437,-0.19362716227507112,-0.24788458279177722,-6.607008494562122,-2.3124529730967422,0.0,-0.10411757173454492,-0.10414352101313608,-0.09582432817027925,-0.09578380495428518,-0.09582432817027925,-0.04082432817027932,0.2041756718297209,0.10005810009517514,0.0,0.09582432817027925,0.19362716227507112,8.866031694403936e-07,0,0,0,1,0,0.37822112631018545,0.37822112631018545,0,0,0.19937497563660145,1.339573921376087,-0.0019947070552035684,0.18528044066258836,-0.0013145641451063228,-1.4093739213760872,0.0002886699471029361,1.607990384729919,-0.7885468911006929,0.0001826411664511675,0.10022623184649246,0.00015191362992009029,0.13490681101897042,-0.00035980066771353655,-0.0263030532213218,7.11316301678564e-05,1.4380321383614947,-27.78586909335008,1.5520634595906844,18.85800585886664,1.3581355243173974,3.7052955439300157,0.0010932012719920702,1.4380321438075547,-27.7858690960351,1.5520634531861974,18.85800585431127,1.358135524884895,3.705295544873629,0.0010932009378283405
4.630999999999881,2,1,1,2,0.0006559038253246821,5.255635499342987,5.24820200175842,5.0,0.6170037722223446,-0.001925640437478349,0.43590834847493254,0.02930389800033138,3.223492049715044e-05,0.000183753180180777,0.6263500097692798,-9.278252918510013e-06,0.009540681333434853,0.7688528396039634,0.06826499999999582,0.06826499999999582,1.0,-0.054272861277621376,-0.05428466336779195,-0.19369804273283864,-0.19368242270611485,-0.1936980427328386,-0.24797090401045993,-6.607008494562122,-2.3124529730967422,0.0,-0.10466023340896025,-0.10468630019433027,-0.09776100145968983,-0.09772031934407477,-0.09776100145968983,-0.04276100145968989,0.2022389985403103,0.09757876513134923,0.0,0.09776100145968983,0.19369804273283864,8.74620155088909e-07,0,0,0,1,0,0.3582970582421321,0.3582970582421321,0,0,0.1937909983098507,1.338222285452123,-0.0019929596740419367,0.18628418697540347,-0.0013130987212649108,-1.4080222854521232,0.00028521166650981766,1.6077255930601668,-0.788546203980259,0.00016820296502353995,0.10049413738069328,0.00014232259605353434,0.1353709096932593,-0.00033435961874417927,-0.026621701587876256,6.662849681479574e-05,1.4388087454972567,-27.813521374712465,1.5533202802482875,18.855880169557295,1.358220057846662,3.704928089942677,0.0010867324526092248,1.4388087509605139,-27.813521377254308,1.5533202738220289,18.855880165248962,1.3582200584122988,3.7049280908269213,0.0010867321159835062
4.6409999999998846,2,1,1,2,0.0006561270903568664,5.254908563788865,5.249137544974596,5.0,0.6172968838120717,-0.0019253577204950327,0.435910181900619,0.029315066366856393,2.5129606715156792e-05,0.0001801934122580066,0.6266500097692798,-9.278252918510013e-06,0.009547372711770887,0.7735436415460982,0.06856499999999578,0.06856499999999578,1.0,-0.05428532956051821,-0.05429724524982604,-0.19375550341378708,-0.1937404125370692,-0.1937555034137871,-0.24804083297430532,-6.607008494562122,-2.3124529730967422,0.0,-0.1052030329609493,-0.10522921839254538,-0.09969830826212987,-0.09965747292476504,-0.09969830826212987,-0.04469830826212996,0.20030169173787024,0.09509865877692009,0.0,0.09969830826212987,0.19375550341378708,8.628376318610054e-07,0,0,0,1,0,0.3383832278247741,0.3383832278247741,0,0,0.21650001872330904,1.336866107804341,-0.0019913587500867253,0.18729054392746364,-0.0013117227996252516,-1.406666107804341,0.0002820085961637958,1.6074576713276842,-0.7885455651269537,0.00015342207172870144,0.10074973287196526,0.000133895807432533,0.13581715684272969,-0.00030881368244253696,-0.026930148388082272,6.158038980982518e-05,1.4396190214223488,-27.841212643903404,1.554603070857201,18.853770543942467,1.3583040817152656,3.704569451884872,0.0010826081088795162,1.4396190269024898,-27.841212646300942,1.554603064409501,18.853770539883353,1.3583040822790085,3.7045694527092294,0.0010826077697981711
4.650999999999888,2,1,1,2,0.0006563401066187738,5.254105988215926,5.249845385550369,5.0,0.617590096163769,-0.0019251430816949527,0.43591197883814076,0.02932426925318282,1.857137775375376e-05,0.0001764682414031853,0.6269500097692797,-9.278252918510013e-06,0.009553979314650352,0.7781686237430069,0.06886499999999575,0.06886499999999575,1.0,-0.0542950282502786,-0.05430705699679682,-0.19380124077288294,-0.19378660114504453,-0.19380124077288294,-0.2480962690231615,-6.607008494562122,-2.3124529730967422,0.0,-0.1057459418085984,-0.10577224701929705,-0.10163612387471857,-0.10159514017089816,-0.10163612387471857,-0.04663612387471864,0.19836387612528159,0.09261793431668229,0.0,0.10163612387471857,0.19380124077288294,8.512831810112738e-07,0,0,0,1,0,0.3184789565112034,0.3184789565112034,0,0,0.19537500338628888,1.3355055598849128,-0.0019899064996325485,0.18829939306355997,-0.0013104248070217957,-1.405305559884913,0.0002790603594208914,1.6071867194377363,-0.7885449784882499,0.00013851406763894385,0.10099385563018332,0.0001266178538000845,0.13624682619714001,-0.0002834173389673412,-0.02722877933328569,5.625373362713617e-05,1.4404560883231425,-27.868935587736857,1.5559058533007757,18.8516728945556,1.3583874026291707,3.704219127751156,0.0010806515223477711,1.4404560938198454,-27.868935589988904,1.5559058468319782,18.851672890747857,1.3583874031909788,3.704219128515122,0.0010806511808186473
4.660999999999891,2,1,1,2,0.0006565406735598292,5.253238860037428,5.250346606406291,5.0,0.617883390821049,-0.0019249908326916766,0.4359137379906703,0.029331721723989897,1.2597050139328419e-05,0.0001726422791411029,0.6272500097692797,-9.278252918510013e-06,0.00956051804086236,0.7827304686870773,0.06916499999999572,0.06916499999999572,1.0,-0.0543021319539317,-0.054314273256792986,-0.19383676103719444,-0.1938225037110024,-0.19383676103719447,-0.24813889299112613,-6.607008494562122,-2.3124529730967422,0.0,-0.10628893323617733,-0.10631535935385455,-0.10357433949807406,-0.1035332115540476,-0.10357433949807406,-0.04857433949807411,0.19642566050192614,0.09013672726574787,0.0,0.10357433949807406,0.19383676103719444,8.399779358001504e-07,0,0,0,1,0,0.29858364275077737,0.29858364275077737,0,0,0.19641604740172625,1.3341408007942261,-0.001988603146763957,0.18931062403748045,-0.0013091934209717017,-1.4039408007942262,0.00027636420721218206,1.6069128333777831,-0.7885444455872654,0.00012366499830616048,0.10122729516123302,0.0001204562684278801,0.13666112128732355,-0.00025839375543166264,-0.02751799021286169,5.087183416350675e-05,1.4413136782755502,-27.896683655524416,1.5572232207741776,18.849583429215002,1.3584698747064936,3.7038766296234145,0.0010806750420733055,1.4413136837885825,-27.89668365762992,1.557223214284524,18.849583425660715,1.358469875266339,3.7038766303265094,0.0010806746980987336
4.670999999999895,2,1,1,2,0.0006567271619748174,5.252316980846912,5.250660869311402,5.0,0.6181767513659081,-0.0019248950127845948,0.4359154586719426,0.0293376186589639,7.226409173566922e-06,0.00016877358641112416,0.6275500097692797,-9.278252918510013e-06,0.00956700374553367,0.7872318623198625,0.06946499999999568,0.06946499999999568,1.0,-0.054306794769766166,-0.054319047968738106,-0.1938633976832483,-0.1938494618168379,-0.19386339768324828,-0.2481701924530145,-6.607008494562122,-2.3124529730967422,0.0,-0.10683198215551912,-0.10685853030230469,-0.10551286043092649,-0.10547159172873027,-0.10551286043092649,-0.050512860430926544,0.1944871395690737,0.08765515741355363,0.0,0.10551286043092649,0.1938633976832483,8.289375356302565e-07,0,0,0,1,0,0.27869675301899866,0.27869675301899866,0,0,0.19862502813339233,1.3327719779847322,-0.001987447210481522,0.1903241341422261,-0.0013080177222525094,-1.4025719779847323,0.0002739153290098794,1.6066361051494844,-0.7885439659353246,0.00010903290895797992,0.10145079469673304,0.00011536476067962042,0.13706117525803202,-0.00023393526428860904,-0.02779818110746107,4.561829127633781e-05,1.4421861448641424,-27.92445099798663,1.5585503403632646,18.84749864548149,1.3585513945357055,3.7035414873299923,0.0010824853432501024,1.4421861503932532,-27.924450999944497,1.5585503338530142,18.8474986421827,1.3585513950935595,3.7035414879717345,0.0010824849968337313
4.680999999999898,2,1,1,2,0.0006568984573128425,5.251349018053013,5.250806442596378,5.0,0.6184701632258485,-0.0019248495452836942,0.43591714073946575,0.029342136370311817,2.4647273345872256e-06,0.00016491347388059206,0.6278500097692796,-9.278252918510013e-06,0.009573449459544406,0.7916754789230771,0.06976499999999565,0.06976499999999565,1.0,-0.0543091564457206,-0.05432152058087131,-0.19388232794694993,-0.19386866000590655,-0.19388232794694993,-0.2481914843926705,-6.607008494562122,-2.3124529730967422,0.0,-0.10737506493603509,-0.10740173622590193,-0.10745160443424363,-0.10741019788832301,-0.10745160443424363,-0.05245160443424365,0.1925483955657566,0.08517333062972056,0.0,0.10745160443424363,0.19388232794694993,8.181729600333498e-07,0,0,0,1,0,0.2588178135259932,0.2588178135259932,0,0,0.1992079778574407,1.331399227961527,-0.001986435775182443,0.19133982785645934,-0.0013068873165798175,-1.401199227961527,0.0002717071561157149,1.6063566227525008,-0.7885435374096105,9.474960448396814e-05,0.10166505288511869,0.00011128618657002819,0.1374480515855598,-0.00021020435122499543,-0.028069751682077575,4.0640540050877604e-05,1.4430684618195404,-27.9522324097807,1.5598829448563194,18.84541532252722,1.358631896234333,3.703213251178376,0.0010858878888899907,1.443068467364484,-27.952232411589915,1.559882938325728,18.845415319485948,1.358631896790166,3.703213251758302,0.0010858875400356145
4.690999999999901,2,1,1,2,0.0006570539012656631,5.250342641260015,5.25080024452136,5.0,0.618763613496637,-0.0019248483695409881,0.435918784526815,0.029345434122617607,-1.6948818424403096e-06,0.00016110649227925566,0.6281500097692796,-9.278252918510013e-06,0.009579866588777521,0.7960639680096789,0.07006499999999562,0.07006499999999562,1.0,-0.05430934715647451,-0.05432182087754389,-0.19389458830799422,-0.19388114132016115,-0.19389458830799425,-0.24820393546446873,-6.607008494562122,-2.3124529730967422,0.0,-0.10791815928853549,-0.10794495482376713,-0.10939050025485139,-0.10934895828099275,-0.10939050025485139,-0.05439050025485142,0.19060949974514882,0.08269134045661239,0.0,0.10939050025485139,0.19389458830799422,8.07691262334711e-07,0,0,0,1,0,0.23894640263135342,0.23894640263135342,0,0,0.19683403661474586,1.3300226769716474,-0.001985564742613995,0.19235761640850438,-0.0013057924280902146,-1.3998226769716475,0.00026973165276529364,1.6060744702101384,-0.7885431565951024,8.092256878794647e-05,0.10187072559241765,0.00010815524314077838,0.13782274551664317,-0.00018733504718539454,-0.02833309740814737,3.6053435295467615e-05,1.4439562108681474,-27.98002327551159,1.5612173157557108,18.84333051096301,1.3587113465999066,3.702891493891473,0.0010906906538515906,1.4439562164287605,-27.980023277171092,1.5612173092049373,18.843330508181207,1.3587113471537005,3.7028914944091196,0.0010906903025580806
4.700999999999905,2,1,1,2,0.0006571932333051802,5.249304644239659,5.250657898207254,5.0,0.6190570907797238,-0.001924885550420393,0.43592039077669587,0.02934765555533653,-5.269288858409209e-06,0.00015739057494757006,0.6284500097692796,-9.278252918510013e-06,0.009586265094529743,0.8003999430471751,0.07036499999999558,0.07036499999999558,1.0,-0.05430749110888488,-0.05432007262519018,-0.1939010889172749,-0.1938878217811964,-0.1939010889172749,-0.2482085800261597,-6.607008494562122,-2.3124529730967422,0.0,-0.1084612441902121,-0.10848816505719396,-0.11132948629810178,-0.11128781087520717,-0.11132948629810178,-0.05632948629810182,0.18867051370189838,0.08020926951168537,0.0,0.11132948629810178,0.1939010889172749,7.974962100892473e-07,0,0,0,1,0,0.21908214397203796,0.21908214397203796,0,0,0.19799999427050352,1.3286424416757627,-0.0019848290640300825,0.19337741735875796,-0.0013047239674311513,-1.3984424416757628,0.0002679795915353539,1.6057897276282984,-0.78854281909077,6.763698574481165e-05,0.1020684277704402,0.00010590088050647626,0.13818618606997082,-0.0001654346300910598,-0.028588606579607635,3.1942807731429404e-05,1.4448455608103958,-28.00781951908652,1.5625502592802742,18.841241521105584,1.3587897404290532,3.702575811869161,0.001096707171901334,1.4448455663865147,-28.007819520595316,1.562550252709481,18.841241518585207,1.358789740980789,3.702575812324072,0.0010967068181678245
4.710999999999908,2,1,1,2,0.0006573165335036204,5.248241053430094,5.25039379470608,5.0,0.6193505850333624,-0.0019249553670456717,0.43592196057611,0.02934893000951912,-8.283361097095273e-06,0.00015379729931502015,0.6287500097692795,-9.278252918510013e-06,0.009592653656406123,0.8046859718553789,0.07066499999999555,0.07066499999999555,1.0,-0.05430370916547797,-0.054316396228288516,-0.19390262695748703,-0.19388950380441689,-0.19390262695748703,-0.24820633612296497,-6.607008494562122,-2.3124529730967422,0.0,-0.10900429984012629,-0.10903134710482072,-0.11326850943894726,-0.1132267021641884,-0.11326850943894726,-0.058268509438947305,0.18673149056105293,0.0777271907209257,0.0,0.11326850943894726,0.19390268156645196,7.875888434083646e-07,0,0,0,1,0,0.19922470029375106,0.19922470029375106,0,0,0.23541704285889864,1.3272586297974047,-0.0019842229518176008,0.19439915420098966,-0.0013036735772828834,-1.3970586297974048,0.0002664408104272713,1.6055024712804666,-0.7885425197806408,5.495781145520599e-05,0.10225873535813601,0.00010444843215244915,0.13853923846412478,-0.00014458555230767494,-0.02883665800302386,2.8368933102057478e-05,1.4457332396688332,-28.035617556281395,1.56387907697957,18.83914591010287,1.3588670960696545,3.7022658258792984,0.0011037589668930867,1.4457332452602474,-28.03561755763849,1.5638790703889731,18.839145907845843,1.358867096619307,3.702265826271021,0.0011037586107219542
4.720999999999911,2,1,1,2,0.0006574241676786377,5.2471572239512145,5.250021161374718,5.0,0.6196440874364777,-0.0019250523827296414,0.43592349529465874,0.029349373761361753,-1.0768167343515245e-05,0.00015035223831111178,0.6290500097692795,-9.278252918510013e-06,0.00959903981902113,0.808924568530559,0.07096499999999552,0.07096499999999552,1.0,-0.0542981206559061,-0.05431091056620717,-0.1938998989450058,-0.19388688855362352,-0.19389989894500578,-0.2481980196009118,-6.607008494562122,-2.3124529730967422,0.0,-0.1095473076363336,-0.10957448233972392,-0.11520752396078518,-0.1151655860986687,-0.11520752396078518,-0.06020752396078525,0.184792476039215,0.07524516840288044,0.0,0.11520752396078518,0.19390268156645196,7.779679610897471e-07,0,0,0,1,0,0.17937376796365462,0.17937376796365462,0,0,0.1912920270115137,1.325871340746117,-0.001983740070322736,0.195422755982707,-0.001302633658100612,-1.395671340746117,0.0002651044497829498,1.6052127737125947,-0.7885422530708813,4.2931854634719655e-05,0.10244218718870772,0.00010372146956527118,0.13888270685605608,-0.0001248475201453276,-0.029077619256005292,2.5369867031827672e-05,1.4466165015571613,-28.06341425038856,1.5652015323979411,18.837041468278027,1.3589434512527332,3.7019611812717867,0.0011116774297346345,1.4466165071638006,-28.06341425159298,1.5652015257875889,18.83704146628625,1.3589434518002936,3.7019611815998834,0.001111677071119289
4.730999999999915,2,1,1,2,0.0006575167356299419,5.246057924171694,5.2495521332323465,5.0,0.6199375902643737,-0.001925171498006614,0.4359249965267308,0.02934909116594898,-1.2759373777083421e-05,0.00014707537671639984,0.6293500097692795,-9.278252918510013e-06,0.00960543012378442,0.813118186756148,0.07126499999999548,0.07126499999999548,1.0,-0.05429084452702075,-0.05430373416258343,-0.1938935119957116,-0.19388058725804236,-0.1938935119957116,-0.24818435652273235,-6.607008494562122,-2.3124529730967422,0.0,-0.11009025016736894,-0.11011755332109176,-0.11714649061159883,-0.11710442313746151,-0.11714649061159883,-0.06214649061159892,0.1828535093884013,0.07276325922103143,0.0,0.11714649061159883,0.19390268156645196,7.686305410349709e-07,0,0,0,1,0,0.15952907213278417,0.15952907213278417,0,0,0.19545899704098701,1.3244806662119823,-0.00198337370600141,0.19644815694452084,-0.0013015973767791554,-1.3942806662119824,0.0002639591678724658,1.6049207038627111,-0.788542013094443,3.1589828756578574e-05,0.10261928688085847,0.00010364339164594422,0.13921733729236643,-0.00010625966142810096,-0.029311845421113432,2.296460890776698e-05,1.4474930897398903,-28.091206870818954,1.5665158150530814,18.83492620500376,1.3590188592389902,3.701661547801945,0.0011203052021282087,1.4474930953615905,-28.091206871869712,1.5665158084231365,18.8349262032791,1.3590188597844446,3.701661548065976,0.0011203048410684628
4.740999999999918,2,1,1,2,0.0006575950230336127,5.244947409841177,5.248997825429882,5.0,0.6202310867754064,-0.001925307988659805,0.4359264660381149,0.02934817571508732,-1.429582782245994e-05,0.00014398157113685038,0.6296500097692794,-9.278252918510013e-06,0.009611830227004379,0.8172692143694128,0.07156499999999545,0.07156499999999545,1.0,-0.054281999963652044,-0.054294985820217995,-0.19388399408888113,-0.19387113152541663,-0.19388399408888116,-0.24816599405253326,-6.607008494562122,-2.3124529730967422,0.0,-0.11063311121221948,-0.11066054379454932,-0.11908537576721394,-0.11904317940564973,-0.11908537576721394,-0.06408537576721403,0.1809146242327862,0.07028151302056578,0.0,0.11908537576721394,0.19390268156645196,7.59572102275882e-07,0,0,0,1,0,0.1396903625100467,0.1396903625100467,0,0,0.19220798276364803,1.3230866907298477,-0.001983116917346696,0.19747529617825554,-0.0013005586608186106,-1.3928866907298478,0.0002629933345812158,1.6046263271909589,-0.7885417938851417,2.0948345881087226e-05,0.1027905046974105,0.00010413876275373517,0.13954382079178318,-8.884272639498777e-05,-0.029539678214399456,2.1156067362172178e-05,1.448361197170668,-28.118993054531934,1.5678205028295238,18.832798334368366,1.3590933853015708,3.701366619137356,0.0011294971258510127,1.448361202807296,-28.118993055428074,1.5678204961801103,18.832798332912706,1.3590933858449012,3.7013666193368886,0.001129496762344795
4.750999999999921,2,1,1,2,0.0006576599573553102,5.243829488796445,5.248368405346952,5.0,0.6205245711077751,-0.0019254575305946882,0.4359279057173644,0.029346711013525484,-1.541832348289036e-05,0.0001410810356676198,0.6299500097692794,-9.278252918510013e-06,0.009618245005507741,0.8213799690603695,0.07186499999999542,0.07186499999999542,1.0,-0.054271706595078836,-0.05428478483726414,-0.19387180337224738,-0.19385898269388013,-0.19387180337224738,-0.24814350996732618,-6.607008494562122,-2.3124529730967422,0.0,-0.11117587574413877,-0.11120343869644138,-0.12102415069188172,-0.12098182595057945,-0.12102415069188172,-0.0660241506918818,0.17897584930811847,0.06779997356397872,0.0,0.12102415069188172,0.19390268156645196,7.507870146458741e-07,0,0,0,1,0,0.11985740970478331,0.11985740970478331,0,0,0.19354198593646288,1.3216894922123297,-0.00198296266531423,0.19850411730340461,-0.001299512180416477,-1.3914894922123298,0.0002621952031234787,1.604329705816511,-0.7885415895232657,1.1011827934473343e-05,0.10295627935858476,0.00010513441573756909,0.13986279649146915,-7.260127586648428e-05,-0.029761445438434644,1.9933808165020613e-05,1.4492194256291677,-28.14677077016896,1.5691145237269633,18.830656260855243,1.3591671035578026,3.7010761121163585,0.0011391208147651835,1.4492194312806426,-28.14677077090953,1.569114517058148,18.830656259670405,1.359167104099,3.7010761122509686,0.0011391204488073168
4.760999999999925,2,1,1,2,0.0006577125679965426,5.242707577199052,5.247673163162651,5.0,0.6208180381856582,-0.001925616213323688,0.43592931753209035,0.02934477167807115,-1.6168539606306647e-05,0.00013837983834107099,0.6302500097692794,-9.278252918510013e-06,0.009624678650881156,0.8254526950887368,0.07216499999999539,0.07216499999999539,1.0,-0.05426008438595041,-0.0542732509042055,-0.19385733655779164,-0.19384454027192058,-0.19385733655779167,-0.24811742094374203,-6.607008494562122,-2.3124529730967422,0.0,-0.11171852993471484,-0.11174622415844561,-0.12296279088686882,-0.1229203380863145,-0.12296279088686882,-0.0679627908868689,0.1770372091131314,0.06531867917841556,0.0,0.12296279088686882,0.19390268156645196,7.42268761425224e-07,0,0,0,1,0,0.10003000209241403,0.10003000209241403,0,0,0.19741698633879423,1.3202891424512626,-0.00198290392517939,0.1995345681614255,-0.00129845332073795,-1.3900891424512627,0.0002615530601253417,1.6040308986584557,-0.7885413942549627,1.7743165146763159e-06,0.10311701980058777,0.00010656033805312599,0.14017485480227088,-5.752581863317086e-05,-0.029977460699471263,1.9276572476982075e-05,1.4500667444089348,-28.174538284769643,1.5703971177544083,18.828498565214687,1.3592400941513567,3.700789765813535,0.0011490569030589654,1.4500667500751563,-28.17453828535371,1.5703971110662773,18.82849856430253,1.3592400946904124,3.7007897658827873,0.0011490565346455183
4.770999999999928,2,1,1,2,0.0006577539507542076,5.241584748221908,5.246920580027071,5.0,0.6211114836339309,-0.0019257805437384163,0.43593070349022184,0.02934242416423181,-1.6588140868441736e-05,0.0001358803961800405,0.6305500097692793,-9.278252918510013e-06,0.009631134753411657,0.8294895609100339,0.07246499999999535,0.07246499999999535,1.0,-0.05424725329575517,-0.05426050376638301,-0.19384093646245026,-0.19382814952042227,-0.19384093646245026,-0.24808818975820543,-6.607008494562122,-2.3124529730967422,0.0,-0.11226106115551077,-0.11228888750980165,-0.12490127551825578,-0.1248586948177257,-0.12490127551825578,-0.06990127551825587,0.17509872448174446,0.0628376633262327,0.0,0.12490127551825578,0.19390268156645196,7.340101614608011e-07,0,0,0,1,0,0.08020794315631219,0.08020794315631219,0,0,0.1984589616768062,1.3188857075877547,-0.00198293378092249,0.20056660052728692,-0.0012973781464286572,-1.3886857075877548,0.00026105535475958515,1.603729961578304,-0.7885412025877344,-6.7788329231848974e-06,0.10327310687289518,0.00010835036015820239,0.14048054052885017,-4.3594867325037436e-05,-0.030188023337048266,1.9154559569041107e-05,1.4509024493614584,-28.202294132947717,1.5716677996283663,18.826323990675856,1.3593124407825423,3.7005073404633877,0.0011591990203260742,1.4509024550423135,-28.202294133374366,1.571667792921021,18.82632399003821,1.3593124413194437,3.700507340466862,0.0011591986494541165
4.780999999999931,2,1,1,2,0.0006577852365679251,5.240463774042908,5.246118393197163,5.0,0.6214049037007727,-0.0019259474417348502,0.43593206560616027,0.029339727525060137,-1.671803008346441e-05,0.00013358195910680208,0.6308500097692793,-9.278252918510013e-06,0.009637616376713565,0.8334926576112526,0.07276499999999532,0.07276499999999532,1.0,-0.05423333277764927,-0.054246662723427555,-0.19382289875099235,-0.1938101082339463,-0.19382289875099232,-0.24805623152864162,-6.607008494562122,-2.3124529730967422,0.0,-0.11280345797536334,-0.11283141727521523,-0.12683958691570657,-0.12679687833594847,-0.12683958691570657,-0.07183958691570667,0.17316041308429367,0.0603569551089293,0.0,0.12683958691570657,0.19390268156645196,7.260035554421617e-07,0,0,0,1,0,0.06039104925861844,0.06039104925861844,0,0,0.19991694716736674,1.3174792485514064,-0.001983045503355915,0.20160016983763104,-0.0012962833602387933,-1.3872792485514065,0.0002606908078851968,1.6034269475222394,-0.7885410093644059,-1.4669382398716213e-05,0.10342489496986779,0.00011044266590411199,0.14078035592004717,-3.0776888716038415e-05,-0.030393418521991913,1.9531473310662832e-05,1.4517261229553027,-28.230037088407602,1.5729263228014247,18.824131429614965,1.3593842285734126,3.7002286162858242,0.0011694535399201904,1.4517261286506806,-28.230037088675857,1.5729263160749662,18.824131429253615,1.359384229108147,3.7002286162230993,0.0011694531665868576
4.790999999999935,2,1,1,2,0.0006578075644486916,5.23934716194136,5.245273657696416,5.0,0.6216982951875187,-0.0019261142291366155,0.43593340587167745,0.02933673410678726,-1.6597739665432196e-05,0.0001314810750586038,0.6311500097692793,-9.278252918510013e-06,0.009644126123956936,0.8374639980617907,0.07306499999999529,0.07306499999999529,1.0,-0.05421844117522697,-0.054231846024751534,-0.1938034779395007,-0.19379067277964085,-0.1938034779395007,-0.24802191911472765,-6.607008494562122,-2.3124529730967422,0.0,-0.11334571015206471,-0.1133738031671402,-0.1287777101345519,-0.1287348735775218,-0.1287777101345519,-0.07377771013455198,0.17122228986544835,0.05787657971338264,0.0,0.1287777101345519,0.19390268156645196,7.182409571060255e-07,0,0,0,1,0,0.04057914779406312,0.04057914779406312,0,0,0.19920896738767624,1.3160698214695312,-0.001983232613285077,0.2026352349348777,-0.0012951662574299735,-1.3858698214695313,0.00026044850235148895,1.6031219066616373,-0.7885408098179142,-2.1924774406895908e-05,0.10357271359411165,0.00011278014467427664,0.14107476362280383,-1.9032130334737726e-05,-0.030593917485716812,2.0366336075072266e-05,1.452537595885896,-28.25776613768347,1.5741726452403513,18.821919910768404,1.3594555422550232,3.6999533922487293,0.0011797391435896898,1.4525376015957485,-28.2577661377924,1.5741726384948043,18.82191991068519,1.3594555427875892,3.6999533921193843,0.0011797387677880777
4.800999999999938,2,1,1,2,0.0006578220584178831,5.238237185222815,5.244392804220059,5.0,0.6219916553851323,-0.001926278613240338,0.4359347262313361,0.029333490185745874,-1.6264949638221346e-05,0.00012957203052137124,0.6314500097692792,-9.278252918510013e-06,0.009650666196568224,0.8414055166938963,0.07336499999999525,0.07336499999999525,1.0,-0.05420269506540092,-0.05421617020961528,-0.19378289271833493,-0.19377006345269626,-0.19378289271833496,-0.24798558778373592,-6.607008494562122,-2.3124529730967422,0.0,-0.11388780861767979,-0.11391603607167526,-0.13071563257411567,-0.1306726678401089,-0.13071563257411567,-0.07571563257411573,0.16928436742588457,0.05539655880820378,0.0,0.13071563257411567,0.19390268156645196,7.107141806487819e-07,0,0,0,1,0,0.02077207568190189,0.02077207568190189,0,0,0.19920803606510162,1.3146574780474647,-0.0019834889310384927,0.20367175782658115,-0.0012940246774399782,-1.3844574780474648,0.0002603179557783752,1.6028148865307212,-0.7885405996092039,-2.857682952103999e-05,0.10371686885042518,0.00011531060470433358,0.14136418951983143,-8.31431055549315e-06,-0.030789777849633486,2.1615077219294668e-05,1.45333691064892,-28.285480455984658,1.5754068972641555,18.81968858705598,1.3595264646554086,3.6996814847963635,0.0011899862411599775,1.4533369163731147,-28.28548045593343,1.5754068904996466,18.819688587252692,1.3595264651857921,3.6996814845999806,0.0011899858628887788
4.810999999999941,2,1,1,2,0.0006578298082246239,5.2371359096560965,5.243481693138586,5.0,0.6222849820167531,-0.001926438666177647,0.4359360285621542,0.029330036550918665,-1.5755119460462353e-05,0.00012784726227728488,0.6317500097692792,-9.278252918510013e-06,0.009657238446173805,0.8453190698310373,0.07366499999999522,0.07366499999999522,1.0,-0.05418620858598307,-0.0541997494308343,-0.1937613306526638,-0.1937484692064618,-0.1937613306526638,-0.24794753923864682,-6.607008494562122,-2.3124529730967422,0.0,-0.11442974545718021,-0.11445810802774234,-0.1326533436458009,-0.13261025044828523,-0.1326533436458009,-0.07765334364580097,0.16734665635419935,0.05291691089701812,0.0,0.1326533436458009,0.19390268156645196,7.034149415026093e-07,0,0,0,1,0,0.0009696781533639559,0.0009696781533639559,0,0,0.19824999617412686,1.3132422659212066,-0.0019838086137160143,0.20470970345934353,-0.0012928569540896803,-1.3830422659212067,0.0002602891772267934,1.602505932160493,-0.7885403748504329,-3.466057877003212e-05,0.10385764487027263,0.00011798686636402686,0.1416490254369245,1.4278360548491652e-06,-0.030981244028723893,2.3231906103249366e-05,1.4541242873921956,-28.3131793850337,1.5766293516711851,18.817436724062553,1.3595970754684046,3.699412726572774,0.001200136279911075,1.4541242931307004,-28.31317938482138,1.5766293448877184,18.817436724541004,1.3595970759966052,3.6994127263089367,0.001200135899162492
4.820999999999945,2,1,1,2,0.0006572460235471913,5.215282472553003,5.216273615620652,5.0,0.6225728287865204,-0.0019271461586524037,0.43593645583337737,0.02825527835666062,-0.00012629428433574987,-2.095990784584877e-05,0.6320500097692792,-9.278252918510013e-06,0.009669290391947487,0.8479221231647955,0.07396499999999519,0.07396499999999519,1.0,-0.024260488574323148,-0.03821684706174964,-0.18640494518034992,-0.18605517362335644,-0.18640494518034986,-0.21066543375467303,-6.607008494562122,-2.3124529730967422,0.0,-0.11486650332987428,-0.11489612951296087,-0.13455358399744072,-0.1345140283894605,-0.13455358399744072,-0.07955358399744084,0.16544641600255952,0.050579912672684184,0.0,0.13455358399744072,0.19390268156645196,0.0025909807460913576,0,1,0,1,0,1.3564914911334824e-06,1.3564914911334824e-06,0,1,0.19641703693196177,1.311817182185506,-0.001978182641017828,0.20575189092739357,-0.001295934404876298,-1.381617182185506,0.0002535526254117763,1.6021684684648358,-0.7885387944159412,0.0014269115998569667,0.1044988649894178,-0.0009236184660566332,0.1432770590348288,-0.0015569336518058644,-0.036354833689409394,0.0003647543723443521,1.4591221022405403,-28.372746523182588,1.5892571083282252,18.871803235902107,1.3836351038692716,3.7344674565859917,0.0021734030640097046,1.459162992330485,-28.373068697701708,1.5891926700014807,18.870363828597778,1.3834321943124859,3.772598930040372,0.0022658647301163504
4.830999999999948,2,1,1,2,0.0006557595421388387,5.100847880279904,5.179121339976546,5.0,0.6228466662042266,-0.0019324189281924452,0.43593595224674797,0.026883431833658256,-0.0008041724000476825,-2.2752481898206084e-05,0.6323500097692791,-9.278252918510013e-06,0.009695979010513531,0.8479263112527594,0.07426499999999515,0.07426499999999515,1.0,-0.016988794626921808,-0.032573043762913374,-0.17577236050001813,-0.17525016862306714,-0.17577236050001815,-0.19276115512693992,-6.607008494562122,-2.3124529730967422,0.0,-0.11520924084485758,-0.11524109393644415,-0.1363507052358024,-0.13631632905600607,-0.1363507052358024,-0.08135070523580255,0.16364929476419784,0.048440053919339185,0.0,0.1363507052358024,0.19390268156645196,0.003730772100909396,1,1,0,1,0,1.9829466957332897e-09,1.9829466957332897e-09,0,1,0.20683399634435773,1.3103879562725982,-0.0019206803088087758,0.20679035255293857,-0.0013466770001937642,-1.3801879562725983,0.00021320975663153592,1.6017776328050826,-0.7885307849405108,0.010961416799477165,0.10296653386436395,-0.010715632271478188,0.14203083194955735,-0.004813136014553322,-0.03994575061643384,0.0009331215177898543,1.4862963006621754,-28.411008756875482,1.6370153363322402,18.923800685083123,1.3971320600709254,3.7344635998983238,-0.0033189655366705605,1.4893822035737627,-28.41193630830309,1.6573713704635589,18.920967389825343,1.4545867196787121,3.841703789056663,-0.003847280678737506
4.840999999999951,2,1,1,2,0.000653367393129072,5.0497027655458275,5.244429031237059,5.0,0.6231050611063618,-0.0019446285340153234,0.43593489297231564,0.02526851623024611,-0.0014114733693273815,-0.00013213108484175402,0.6326500097692791,-9.278252918510013e-06,0.009739179928940056,0.8475910335310538,0.07456499999999512,0.07456499999999512,1.0,-0.016977782540506556,-0.03121033177646574,-0.1636965808328233,-0.1631469636418864,-0.1636965808328233,-0.18067436337332987,-6.607008494562122,-2.3124529730967422,0.0,-0.11552618620335943,-0.11556071910851862,-0.13802974774972235,-0.1380012899459567,-0.13802974774972235,-0.08302974774972251,0.1619702522502779,0.04644406604691739,0.0,0.13802974774972235,0.19390268156645196,0.003946592791882774,1,1,0,1,0,-1.4728123431950735e-07,-1.4728123431950735e-07,0,1,0.2252499689348042,1.3090282745662127,-0.001816110005481361,0.20777772635256953,-0.0014532149595412904,-1.3788282745662128,0.00015965360128299063,1.6013989047536237,-0.7885202770135361,0.009971869719006567,0.09608707331574402,-0.010413381148659638,0.13217082719810802,-0.0054800848826901585,-0.03625098909560612,0.0009877425529933863,1.486296860332977,-28.422036732195412,1.6370146553628848,18.92379952685635,1.3971321699914618,3.734463982919686,-0.011925162762023548,1.5341021622227276,-28.423328408929706,1.7008871174055935,18.971267192048384,1.4802227735154971,3.8756766383561176,-0.011742196624965619
4.850999999999955,2,1,1,2,0.0006496873270307171,5.005477750108836,5.295762063356254,5.0,0.6233482500808031,-0.001962719560569741,0.43593280617741303,0.023816301812763306,-0.001987136429224306,-0.00023251879299552956,0.6329500097692791,-9.278252918510013e-06,0.00979845508525097,0.8477567750869813,0.07486499999999509,0.07486499999999509,1.0,-0.01678784469386729,-0.029935191828951907,-0.15276913628260985,-0.1521931085775583,-0.15276913628260985,-0.16955698097647715,-6.607008494562122,-2.3124529730967422,0.0,-0.11582895353046262,-0.11586609895444457,-0.13959471635563753,-0.13957161827514888,-0.13959471635563753,-0.08459471635563767,0.1604052836443627,0.044576330113899075,0.0,0.13959471635563753,0.19390268156645196,0.003991588777599527,1,1,0,1,0,-3.8699675419806567e-07,-3.8699675419806567e-07,0,1,0.22175000049173832,1.3077641492582568,-0.001721141706032474,0.20869864004879354,-0.0015569561967017959,-1.3775641492582569,9.999653329326236e-05,1.6010575180089808,-0.7885107649694205,0.009034357438112563,0.08963205968075229,-0.010152150462800241,0.12286417333611178,-0.00605271114219107,-0.03251767882295814,0.00077361657718085,1.4862947066371766,-28.427543831714114,1.637017210408698,18.923799532760132,1.3971319444551764,3.7344640129065647,-0.017645191096497898,1.5795282055934414,-28.42919640514025,1.7449431392028871,19.01893183621232,1.5066558918431325,3.9091995093293614,-0.016761526095020848
4.860999999999958,2,1,1,2,0.0006449405379239928,4.852141619835591,5.327675530047727,5.0,0.6235780466928046,-0.001986339451400897,0.4359299105060963,0.0226000125941719,-0.002521466542504041,-0.000281682871054876,0.633250009769279,-9.278252918510013e-06,0.009871962354832477,0.848469956177546,0.07516499999999506,0.07516499999999506,1.0,-0.016634857233894743,-0.028453071956730427,-0.14349635267927477,-0.14278236661344268,-0.1434963526792748,-0.16013120991316954,-6.607008494562122,-2.3124529730967422,0.0,-0.11611896313220371,-0.11615845825217265,-0.14105840978773548,-0.14103985722632528,-0.14105840978773548,-0.08605840978773568,0.15894159021226476,0.042822627080059995,0.0,0.14105840978773548,0.19390268156645196,0.0039460470829222405,1,1,0,1,0,-9.12066695502034e-08,-9.12066695502034e-08,0,1,0.23170799249783158,1.3065869247605977,-0.001635288069813957,0.20955918538229876,-0.0016582032476461079,-1.3763869247605978,3.515234983938552e-05,1.6007516348581592,-0.788503733380021,0.008143098389729424,0.0841096718375913,-0.00990672706783516,0.11496720816543535,-0.006537452014503173,-0.02927407535302224,0.0004768876771808968,1.4862945647269992,-28.429036408745336,1.637017379080786,19.0024331861366,1.39713192861309,3.7344640102010365,-0.022243531290443354,1.6268213419520787,-28.43095145188373,1.790662956617943,19.062515415671157,1.5337099720447032,3.9432966778569147,-0.02082210002937885
4.870999999999961,2,1,1,2,0.0006397588615455743,4.576064769958771,5.327331924123993,5.0,0.6237965439370492,-0.002015258763449685,0.43592676310630013,0.021399748756700553,-0.0030550938566234315,-0.00033263914415541365,0.633550009769279,-9.278252918510013e-06,0.009957612843905164,0.849514906712864,0.07546499999999502,0.07546499999999502,1.0,-0.013370098813487242,-0.024788006986989814,-0.13433141429676532,-0.1337835788390538,-0.13433141429676532,-0.14770151311025262,-6.607008494562122,-2.3124529730967422,0.0,-0.11638460865492153,-0.11642580415840868,-0.1424351889482984,-0.1424211373345749,-0.1424351889482984,-0.08743518894829859,0.15756481105170184,0.04118020239677927,0.0,0.1424351889482984,0.19390268156645196,0.004058098224673552,1,1,0,1,0,-6.493864268541927e-08,-6.493864268541927e-08,0,1,0.23966701701283455,1.305477234632512,-0.001558093972131059,0.21037176434564678,-0.001757110730269603,-1.3752772346325122,-3.4697986872628223e-05,1.6004704372776024,-0.7884994640207096,0.00729730022165174,0.07973778452828115,-0.00968942454940304,0.1088872442803974,-0.007062469157192164,-0.027717738120165942,0.0001819629212047018,1.4862944503824977,-28.53048655773147,1.637017516036596,19.077354517294502,1.3971319170516276,3.68923206437301,-0.02719170051467605,1.6779312124875667,-28.43265430347546,1.8401198336214872,19.10594013751642,1.5629526678910053,3.986645520038093,-0.024907506148015107
4.880999999999965,2,1,1,2,0.0006339037387130533,4.372700418338534,5.298928266847575,5.0,0.6240024272549148,-0.002049462925404049,0.4359228857251565,0.020120607612721622,-0.0035866674156592735,-0.0004194748714081775,0.633850009769279,-9.278252918510013e-06,0.010056700993618883,0.8501442137005266,0.07576499999999499,0.07576499999999499,1.0,-0.011387318809448582,-0.02197964452082709,-0.12465031731821286,-0.12418945470440981,-0.12465031731821287,-0.1360376361276615,-6.607008494562122,-2.3124529730967422,0.0,-0.11662067162035177,-0.11666360182669756,-0.1437164034885826,-0.14370711768898042,-0.1437164034885826,-0.08871640348858281,0.15628359651141763,0.03966292489106483,0.0,0.1437164034885826,0.19390268156645196,0.004149173918984899,1,1,0,1,0,-7.426000703247837e-09,-7.426000703247837e-09,0,1,0.2360409707762301,1.3044211800221102,-0.0014891300538459715,0.21114513101167626,-0.001854005223159748,-1.3742211800221102,-0.00010978459596057767,1.600195622760073,-0.7884981683387426,0.006492611197968916,0.0762393584302208,-0.009502846214355999,0.10417979396652154,-0.007607833302642638,-0.027779260569228394,-0.00012498604117671105,1.4862951091787402,-28.575666108724906,1.6370166861640933,19.136339892422637,1.3971319163029352,3.653327684870187,-0.03216723311558504,1.7327099531192383,-28.438489637485773,1.8931295456334383,19.159023996312854,1.5940689667417816,4.048923725767769,-0.02896542911645541
4.890999999999968,2,1,1,2,0.0006272462312899843,4.234197875793091,5.252959762311555,5.0,0.6241953197988186,-0.0020889706972474636,0.435917973469654,0.018842364449124644,-0.004106757723372519,-0.0005287031881301488,0.6341500097692789,-9.278252918510013e-06,0.010169610271341898,0.8498027956691212,0.07606499999999496,0.07606499999999496,1.0,-0.011757078301168483,-0.02074902647935717,-0.11500190263270596,-0.11455128873170747,-0.11500190263270596,-0.12675898093387444,-6.607008494562122,-2.3124529730967422,0.0,-0.11683377842435445,-0.11687863167035259,-0.1448995213097791,-0.1448949895141468,-0.1448995213097791,-0.08989952130977931,0.15510047869022114,0.03826670026586568,0.0,0.1448995213097791,0.19390268156645196,0.004116863448615451,1,1,0,1,1,-1.5915401840871368e-07,-1.5915401840871368e-07,0,1,0.20637502893805504,1.3034049953732376,-0.0014280002918176736,0.2118881741613914,-0.0019491937036675204,-1.3732049953732377,-0.00019042236797791681,1.5999124890350263,-0.7885000482047962,0.005724518029548104,0.07354754274772521,-0.009340155769948877,0.100705174853744,-0.008141831239755664,-0.02903075505774266,-0.0004248770030056439,1.4862923948931477,-28.62776443956605,1.6370199009180355,19.179206955017207,1.397131709937021,3.6376256409832095,-0.02599944205387102,1.790498965532131,-28.448263323957292,1.9490654578010873,19.219493070884898,1.6272688490992815,4.126061135582717,-0.032032809852408355
4.900999999999971,2,1,1,2,0.0006198297497935481,4.022130149779301,5.1814154567556,5.0,0.6243758107193723,-0.002133453644246832,0.4359120158230668,0.01768307061155544,-0.004483332048715593,-0.000600945815440421,0.6344500097692789,-9.278252918510013e-06,0.010295708212175769,0.8482378775194868,0.07636499999999492,0.07636499999999492,1.0,-0.009312876565404882,-0.01765266723411959,-0.10647123723539886,-0.10570174831153262,-0.10647123723539886,-0.11578411380080374,-6.607008494562122,-2.3124529730967422,0.0,-0.11702786196042358,-0.11707415354685376,-0.1459891949779818,-0.14598886162704136,-0.1459891949779818,-0.09098919497798211,0.15401080502201844,0.036982943061593755,0.0,0.1459891949779818,0.19390268156645196,0.00394247259042662,1,1,0,1,0,-1.73404282044487e-08,-1.73404282044487e-08,0,1,0.20045798737555742,1.3024177094528886,-0.0013668907317731702,0.21260809229012453,-0.0020503620051958286,-1.3722177094528887,-0.0002766938408994017,1.5996126302616631,-0.7885057894145024,0.008704680389508732,0.07202119832282809,-0.012775251003033436,0.09908255669124152,-0.008974147683422484,-0.03160528100182887,-0.0012098021198752305,1.8274295204469226,-28.66542135032823,1.953127871433571,19.30023022544458,1.397131701659766,3.623220836008844,-0.02781309543042027,1.8423778028261977,-28.459987203404825,2.012229333296309,19.283136136148254,1.6705310518209189,4.2153574337476805,-0.03096315480430093
4.910999999999975,2,1,1,2,0.0006127777727490116,3.8121854838401825,5.040582045630689,5.0,0.6245474621789145,-0.00217386209232294,0.43590600295058357,0.016961173603621166,-0.0033842051183182132,-0.0005720500493135447,0.6347500097692789,-9.278252918510013e-06,0.010429640479492071,0.8440803727616655,0.07666499999999489,0.07666499999999489,1.0,-0.0033856941446772414,-0.01184761474878782,-0.10424412532779569,-0.10363657233996854,-0.10424412532779567,-0.10762981947247291,-6.607008494562122,-2.3124529730967422,0.0,-0.11716833572222554,-0.11721561169213385,-0.14702988922914617,-0.1470306013561773,-0.14702988922914617,-0.09202988922914647,0.15297011077085407,0.03580177504862742,0.0,0.14702988922914617,0.19390268156645196,0.0035901782127241585,1,1,0,1,1,-1.3174239477109495e-10,-1.3174239477109495e-10,0,1,0.21533301332965493,1.3013939263819556,-0.0012618193988718392,0.21334606737931525,-0.0021835072580076455,-1.3711939263819557,-0.0003804121863388503,1.599246967740542,-0.7885188264086843,0.010806350590961153,0.07595277947445819,-0.012908483889452921,0.10609251495469262,-0.009510986866553158,-0.04079061586602982,-0.001222624065079655,1.803644405862786,-28.78895067042185,1.8523927428597802,19.36291845652857,1.4741038662616504,3.53929108189999,-0.0008603310184864686,1.8029437885122026,-28.496386143270872,1.9800022222300673,19.345582427241105,1.6800953426624161,4.335508655737976,-0.00942468416844869
4.920999999999978,2,1,1,2,0.0006066217933702036,3.6777310936154275,4.915695329700027,5.0,0.6247094278273004,-0.002206690934511836,0.43589983475919936,0.015869896668652933,-0.002947349337556627,-0.0005951354496067261,0.6350500097692788,-9.278252918510013e-06,0.010571483216275612,0.8369960711246417,0.07696499999999486,0.07696499999999486,1.0,-0.001882524446825439,-0.009741719022469229,-0.09804442674237408,-0.0971734680030585,-0.09804442674237406,-0.09992695118919953,-6.607008494562122,-2.3124529730967422,0.0,-0.11727253341491123,-0.11732234934652648,-0.14802411875341184,-0.1480278582869572,-0.14802411875341184,-0.09302411875341214,0.1519758812465884,0.034703347831676085,0.0,0.14802411875341184,0.19390268156645196,0.0036791953422942772,1,1,0,1,0,8.55064037352804e-08,8.55064037352804e-08,0,1,0.2174580004066229,1.3003300004019631,-0.0011330009626107323,0.2141040551583501,-0.002332531580921539,-1.3701300004019632,-0.0004764924519647655,1.5988089732610342,-0.7885275007884818,0.015593412931813913,0.07737303509185306,-0.01709704852384559,0.10925728935349209,-0.009874601755755039,-0.04765027848381284,-0.001064976779431515,1.7897365551860107,-28.71525793665658,2.0117550270732125,19.451601672018437,1.4741018740558318,3.522515616743954,-0.0031889661027328002,1.8026205756241491,-28.52301505997197,1.999472809786689,19.42021088055133,1.7032380612287412,4.460720416610378,-0.006775057426557249
4.930999999999981,2,1,1,2,0.0006012317172480455,3.327418046480645,4.7569254549124595,5.0,0.624861627580805,-0.00223201057084568,0.43589322242526723,0.014850871449761327,-0.0021614440707621546,-0.0006792611534445554,0.6353500097692788,-9.278252918510013e-06,0.010721319876239706,0.8257817959017143,0.07726499999999482,0.07726499999999482,1.0,0.0015423356940885563,-0.006097717183878349,-0.09313055461200147,-0.09255824863906242,-0.0931305546120015,-0.09158821891791295,-6.607008494562122,-2.3124529730967422,0.0,-0.11734089549725817,-0.11739211768370726,-0.14897119465069739,-0.14897730925047187,-0.14897119465069739,-0.09397119465069775,0.15102880534930285,0.03368790985204352,0.0,0.14897119465069739,0.19390268156645196,0.0038486964840994857,1,1,0,1,0,8.879518631488281e-08,8.879518631488281e-08,0,1,0.19729201449081302,1.2991889452997734,-0.0009665869217534363,0.2149055195147762,-0.002507317014618019,-1.3689889452997734,-0.0005760273156387041,1.5982631137042589,-0.7885348136623952,0.01831267999800527,0.08290283255852039,-0.018621172744832142,0.11880720114924874,-0.009978361456228855,-0.060351046268191086,-0.000630463309983557,1.759908505645413,-28.83513711070541,1.9961858585529184,19.55000996009216,1.4472957072066912,3.443900841283494,0.004361273277094064,1.774672579119118,-28.580670089768887,1.981993191179066,19.509788797178587,1.7059321654519313,4.625204376810464,0.0006751417313482695
4.940999999999985,2,1,1,2,0.0005960718258421196,3.3575183265756428,4.565142030660263,5.0,0.6250029999893549,-0.0022533915747858153,0.4358857329094741,0.013778876615515639,-0.0018744462210440332,-0.0008003574260713455,0.6356500097692788,-9.278252918510013e-06,0.010880940301976482,0.8094146957690559,0.07756499999999479,0.07756499999999479,1.0,0.0008198840305800664,-0.00496003690116886,-0.08671335973009647,-0.08595118084713646,-0.0867133597300965,-0.08589347569951643,-6.607008494562122,-2.3124529730967422,0.0,-0.1174004275070975,-0.11745310919567616,-0.14985584984979747,-0.14986507583170122,-0.14985584984979747,-0.09485584984979778,0.15014415015020277,0.03274372264310413,0.0,0.14985584984979747,0.19390268156645196,0.0031400833458461886,1,1,0,1,1,-1.927500004494931e-06,-1.927500004494931e-06,0,1,0.2216250286437571,1.2979412888793882,-0.0007361124337785636,0.21576895742464805,-0.0027327952450957333,-1.3677412888793883,-0.0006997108504506246,1.5975775405730077,-0.7885356919022614,0.025346081964620133,0.0897299642558875,-0.02412991092379548,0.13038666404530255,-0.013308888826568561,-0.07516646532215257,0.0004458396855256867,1.7642578028560765,-28.93387883176508,1.857811442587462,19.55886022564644,1.5559252556735588,3.4297591529881197,0.014445469363506847,1.764297352888403,-28.65369412319431,2.0006826679413905,19.61618112083651,1.7695934500305577,4.821383658560446,0.008911500029603968
4.950999999999988,2,1,1,2,0.0005900674182166823,3.0453263221876723,4.366166996766521,5.0,0.6251336985931157,-0.002271154676472191,0.4358761524415343,0.012631288192674941,-0.0015292090204007082,-0.0010708878749582228,0.6359500097692787,-9.278252918510013e-06,0.011050279291267553,0.7873671716968667,0.07786499999999476,0.07786499999999476,1.0,-0.0007917718490069828,-0.004077486973556227,-0.0799321038543516,-0.08014222995276438,-0.0799321038543516,-0.08072387570335852,-6.607008494562122,-2.3124529730967422,0.0,-0.11744957246407231,-0.11750235498800365,-0.1506783608775424,-0.1506908575899364,-0.1506783608775424,-0.09567836087754274,0.14932163912245783,0.03187206665838437,0.0,0.1506783608775424,0.19390268156645196,0.0020614660969263646,0,1,0,1,1,1.2105156302691378e-08,1.2105156302691378e-08,0,0,0.20587502513080835,1.2965696554510298,-0.00045156928760060135,0.2167071120107956,-0.002995735681321789,-1.3663696554510298,-0.00085473316408498,1.5967358003434693,-0.7885234572511725,0.03050920457474557,0.0973196440656423,-0.02768568407409089,0.1428921494095545,-0.016359675625840182,-0.09119501480566436,0.0018128720165014657,1.7457146600384976,-29.35533100528401,1.6916855597475777,19.512352980056573,1.3437290530215908,3.2811752869983546,0.02701787597161023,1.7443652506268024,-28.734219994198497,2.0022468114940017,19.725019448853512,1.8078391105789091,5.026192559526663,0.012834315048301143
4.960999999999991,2,1,1,2,0.0005823080256291127,2.9808707306308206,4.168629005683168,5.0,0.6252531944738733,-0.0022852472218186067,0.43586344642812114,0.011581140598998863,-0.0012941496813510583,-0.0013936052681291795,0.6362500097692787,-9.278252918510013e-06,0.011229870052171515,0.7597087575565007,0.07816499999999472,0.07816499999999472,1.0,0.00036377936920429566,-0.004670273191066692,-0.07353985278757566,-0.07328419419650331,-0.07353985278757566,-0.07317607341837137,-6.607008494562122,-2.3124529730967422,0.0,-0.11749419479687294,-0.11754865316529198,-0.15143535643689446,-0.15145090331672273,-0.15143535643689446,-0.09643535643689477,0.14856464356310578,0.031070448766231742,0.0,0.15143535643689446,0.19390268156645196,0.002507859834066016,0,1,0,1,1,2.5979796404451694e-09,2.5979796404451694e-09,0,0,0.2062079729512334,1.2950778612649534,-0.00011632992573338606,0.2177188943483657,-0.00329471919712683,-1.3648778612649535,-0.001036199783533854,1.5957392749469674,-0.7884982948565763,0.035842600938199826,0.10420675980034326,-0.031632551466726486,0.1540598369472211,-0.01936803488366586,-0.10561118434598508,0.0031404198077382016,1.7400840462656393,-29.464441316519885,1.6615411000259108,19.619717987148544,1.3131125489872186,3.435925454777633,0.02398029500496193,1.736287200486172,-28.818501557142625,2.0193999346343743,19.849078712402598,1.8606236431600056,5.246558836552652,0.013720139264621699
4.970999999999995,2,1,1,2,0.0005727993028155345,2.7176860731055865,3.9811216496068926,5.0,0.6253630124809668,-0.0022972746569517193,0.43584792778412573,0.01054031047155475,-0.0010977812770775399,-0.0016896301844934176,0.6365500097692787,-9.278252918510013e-06,0.011418574161144885,0.7274165323888004,0.07846499999999469,0.07846499999999469,1.0,-0.0026710573905271754,-0.004209197724498308,-0.06711978116994509,-0.06728867076274259,-0.06711978116994509,-0.06979083856047233,-6.607008494562122,-2.3124529730967422,0.0,-0.11753997583699125,-0.11759298510079622,-0.1521331984328435,-0.15215178391578466,-0.1521331984328435,-0.09713319843284382,0.14786680156715673,0.030326825730164406,0.0,0.1521331984328435,0.19390268156645196,0.0009285581735937258,0,1,0,1,1,2.6344651460341595e-10,2.6344651460341595e-10,0,0,0.19866699585691094,1.2934779199733053,0.00027324759816199515,0.21879716298801272,-0.0036350683494108375,-1.3632779199733054,-0.0012470331784644989,1.5946052445516674,-0.7884596039655621,0.04143152709380822,0.11068756850188632,-0.0359884158108241,0.1646283526287471,-0.022228534203010214,-0.11938463069009667,0.004410206325412314,1.7332023379214878,-29.675199999291124,1.6013282678244642,19.641563815913926,1.2462198356620995,3.24231368618104,0.017967765792940345,1.7286717855492926,-28.893560892519353,2.0382004660392914,19.962193190667204,1.9140564845767136,5.453713874633989,0.013827234709211147
4.980999999999998,2,1,1,2,0.0005613941843677075,2.564830575108834,3.800014755329168,5.0,0.6254631534150186,-0.0023071372269487357,0.4358294547526862,0.009624545511672772,-0.000899362118656065,-0.001966227688148302,0.6368500097692786,-9.278252918510013e-06,0.01161639589102765,0.6910326344355469,0.07876499999999466,0.07876499999999466,1.0,-0.004441750147521269,-0.00442597792446933,-0.061530703128267715,-0.0617598750225749,-0.06153070312826777,-0.06597245327578902,-6.607008494562122,-2.3124529730967422,0.0,-0.11758531902489192,-0.11763758240325653,-0.15277212292883238,-0.15279330578074912,-0.15277212292883238,-0.09777212292883272,0.14722787707116786,0.02964255804627483,0.0,0.15277212292883238,0.19390268156645196,2.1345016049796647e-05,0,1,0,1,1,1.1056224113320523e-09,1.1056224113320523e-09,0,0,0.21299999207258224,1.2917772844092683,0.0007184628417578689,0.21993751601216951,-0.004020095642068539,-1.3615772844092684,-0.0014826867802317457,1.593340946471546,-0.7884095459892143,0.04704280454422341,0.11670308614852234,-0.04057931057618913,0.17438779284075825,-0.024623473851405345,-0.13190928065853103,0.005477982493146637,1.7266713180626283,-29.84028229644831,1.5704141753225982,19.678442504653194,1.2177233105516898,3.173791544347526,0.014228496388497453,1.7192971035928273,-28.96712301436872,2.056055953800621,20.07719188967301,1.965400729890777,5.663170860905123,0.014316874189300397
4.991000000000001,2,1,1,3,0.0005536634190518577,2.3812260709610094,3.6429266515048284,5.0,0.6255510542931874,-0.0023151307898620424,0.4358133723008052,0.008345002442777989,-0.0005475364067684749,-0.00118308398411943,0.6371500097692786,-9.278252918510013e-06,0.01182593438416077,0.650456576332199,0.07906499999999463,0.07906499999999463,1.0,-0.007926503914946138,-0.00739675844800851,-0.05389500479146478,-0.05473162704540718,-0.053895004791464834,-0.06182150870641097,-6.607008494562122,-2.3124529730967422,0.0,-0.11765495285224911,-0.11770948522453906,-0.15333451737754672,-0.1533592857389544,-0.15333451737754672,-0.09833451737754709,0.14666548262245352,0.029010529770203287,0.0,0.15333451737754672,0.19390268156645196,0.00027990693014770534,0,1,0,1,1,7.572684049923437e-10,7.572684049923437e-10,0,0,0.20033400505781174,1.2899526387721214,0.0012154850110485732,0.22114510135091645,-0.00444714716056156,-1.3597526387721215,-0.0017413164956991375,1.591918614897954,-0.7883516861850047,0.05172203090422023,0.12445610172114206,-0.044364303249759734,0.1898079762045511,-0.02605322682716871,-0.15043197159974595,0.005738653370194681,1.695177463285745,-30.203080450750097,1.4417971407738481,19.746756599279024,1.0944103072509748,2.8239958982469338,0.013619975708456243,1.6936847052701904,-29.04842664035331,2.052760634930583,20.199194395050586,1.997611703604835,5.907020177935447,0.02168616649634808
5.001000000000005,2,1,1,3,0.0005531556180676514,2.3556626662041698,3.4760923642652224,5.0,0.6256296762019071,-0.0023232178212234237,0.43580368272821834,0.007574802302000832,-0.0009459712496262122,-0.0008157997869354987,0.6374500097692786,-9.278252918510013e-06,0.012044691858644423,0.60745334599023,0.07936499999999459,0.07936499999999459,1.0,-0.008753022044619007,-0.00860761422503472,-0.04788739315234885,-0.048074660453929885,-0.04788739315234885,-0.05664041519696785,-6.607008494562122,-2.3124529730967422,0.0,-0.1177394449706641,-0.1177948860225691,-0.1538354075337938,-0.15386291010232384,-0.1538354075337938,-0.09883540753379416,0.14616459246620644,0.028425147495541238,0.0,0.1538354075337938,0.19390268156645196,0.0004468404874534946,0,1,0,1,1,2.0445609441588353e-10,2.0445609441588353e-10,0,0,0.19687501480802894,1.288004225809259,0.001773879168562453,0.22241531570764675,-0.004928106680176046,-1.357804225809259,-0.0020266749578054075,1.5903517306224269,-0.7882941958342893,0.05899126180513119,0.12900692489331528,-0.050978165923601486,0.19863552091063877,-0.030155299324186275,-0.1611108141418698,0.005746946277333205,1.7076770022470178,-30.22628070881738,1.5163662937340467,19.750880066543058,1.2200217959936213,3.053675435202474,0.011150988389316356,1.7031463585417843,-29.102451334026387,2.1010668785504594,20.304426931049225,2.0937132134455303,6.116732732844131,0.03154767193889628
5.011000000000008,2,1,1,3,0.0005560752772125468,2.2939231329987777,3.3222444303717062,5.0,0.62570291616076,-0.0023338213925030134,0.43579731850101266,0.007100408584998358,-0.0010852604434439536,-0.0004979585811623202,0.6377500097692785,-9.278252918510013e-06,0.012269309891766415,0.5648356726525541,0.07966499999999456,0.07966499999999456,1.0,-0.00831285095109353,-0.007772577689235553,-0.04443305335670764,-0.04460545275640175,-0.04443305335670764,-0.052745904307801086,-6.607008494562122,-2.3124529730967422,0.0,-0.11782166895887239,-0.11787696833472028,-0.15429493064284894,-0.15432386874754042,-0.15429493064284894,-0.09929493064284932,0.1457050693571513,0.02788340039827779,0.0,0.15429493064284894,0.19390268156645196,0.0011649693030246332,0,1,0,1,1,4.999829196494776e-11,4.999829196494776e-11,0,0,0.19637501100078225,1.285974880463004,0.0024019645205567448,0.2237282045099133,-0.005472979673977764,-1.355774880463004,-0.0023454460675812684,1.5886931625765497,-0.7882344904818055,0.0657218980608887,0.13311649623683053,-0.05720884642629691,0.20638430873759825,-0.032875518181746784,-0.16972475346088903,0.0062306041269876026,1.7123198930986683,-30.333646239594465,1.5639275400646278,19.76352404302555,1.3206374365222204,3.0224362711679595,0.01079283296971684,1.7077260277324822,-29.143211244652548,2.1412795175546258,20.390289176933607,2.1718048954088585,6.298353820015963,0.03589099743698465
5.0210000000000115,2,1,1,3,0.000562738888996466,2.193875359796,3.1835242397089547,5.0,0.6257725733654254,-0.002346326786595013,0.4357946570522052,0.006816581237729055,-0.001326934973097921,-6.455778418180774e-05,0.6380500097692785,-9.278252918510013e-06,0.012497889441798483,0.5243804824292977,0.07996499999999453,0.07996499999999453,1.0,-0.007409669685455674,-0.006337654195937164,-0.042000974216999595,-0.04229166184412193,-0.04200097421699963,-0.049410643902455226,-6.607008494562122,-2.3124529730967422,0.0,-0.1178920322836924,-0.1179477029944097,-0.15472639466890797,-0.15475623699414223,-0.15472639466890797,-0.09972639466890837,0.14527360533109226,0.02738157304739873,0.0,0.15472639466890797,0.19390268156645196,0.0019365112651262939,0,1,0,1,1,3.28487757828011e-11,3.28487757828011e-11,0,0,0.18795800860971212,1.2838692247013535,0.0030975028424545035,0.22508128998461743,-0.006080984161094743,-1.3536692247013535,-0.0026919644965170287,1.5869541309155408,-0.7881667954644896,0.07240775358633943,0.13712672532243605,-0.06355823431696815,0.21408782115414654,-0.03563488605167832,-0.17752548225346065,0.007263577385884536,1.7295592490045706,-30.451819941290612,1.6166687379725637,19.79185650746808,1.4187408409074709,2.9344757627926783,0.007355470681493484,1.7248986985388186,-29.17732487069724,2.194580799423596,20.46563845822474,2.255265596717302,6.468201370300186,0.03262672110378049
5.031000000000015,2,1,1,3,0.0005745439379669362,2.131128968698223,3.0555336100035104,5.0,0.6258405265727757,-0.002363230644452792,0.435797390157177,0.006621991174307048,-0.0018061682031825957,0.0005038107778791797,0.6383500097692785,-9.278252918510013e-06,0.012729032237573913,0.4885602284753774,0.0802649999999945,0.0802649999999945,1.0,-0.0064798033537978115,-0.005109687474436983,-0.039609214713089605,-0.0399883537836383,-0.03960921471308962,-0.04608901806688745,-6.607008494562122,-2.3124529730967422,0.0,-0.1179467722628927,-0.1180038912825015,-0.1551364393643259,-0.15516714531767048,-0.1551364393643259,-0.10013643936432633,0.14486356063567435,0.026916788372780505,0.0,0.1551364393643259,0.19390268156645196,0.002087219019853632,0,1,0,1,1,-4.704578686620664e-07,-4.704578686620664e-07,0,1,0.18462497973814607,1.2816845221137945,0.003863390025805079,0.22647475592552083,-0.006756579282771014,-1.3514845221137946,-0.0030728342451012487,1.5851399918538314,-0.7880872681942607,0.07953791451649186,0.14114056201139993,-0.0704150610581897,0.2220385565907905,-0.039239281961285025,-0.18513650282265995,0.00840967231577078,1.7622269084396587,-30.55934437475362,1.650612699297945,19.79726480341415,1.4290332077049404,2.883008903539351,0.0002827567295769295,1.7565798489199915,-29.209543099634526,2.2650273693535032,20.536974068053272,2.353020867151256,6.636409980203122,0.025868705427829104
5.041000000000018,2,1,1,3,0.0005915736715012268,2.1009894472751043,2.935056386986719,5.0,0.6259062593034673,-0.0023846368579608793,0.43580564587798265,0.006375577732422442,-0.0022156321554460423,0.0010401395435202005,0.6386500097692784,-9.278252918510013e-06,0.01296323664974954,0.45994678409735706,0.08056499999999446,0.08056499999999446,1.0,-0.0057317234805439555,-0.004246689712266534,-0.03703637708512828,-0.03743961804433406,-0.03703637708512828,-0.042768100565672255,-6.607008494562122,-2.3124529730967422,0.0,-0.11799131839021379,-0.11805018188143818,-0.15552141231999023,-0.15555305152410454,-0.15552141231999023,-0.1005214123199907,0.14447858768001,0.02648726928979506,0.0,0.15552141231999023,0.19390268156645196,0.002099891812266742,0,1,0,1,1,-3.40545487143018e-07,-3.40545487143018e-07,0,1,0.19345898181200027,1.279422641948134,0.004699752580719484,0.22790704357167615,-0.007499087436356154,-1.3492226419481341,-0.003490496677428174,1.5832509851324725,-0.7879980139403517,0.08640822277344044,0.1448909585647933,-0.0768376131008129,0.22952161665128337,-0.04295297120260222,-0.1924870795222312,0.009248663800219454,1.7919191910780647,-30.65504800480961,1.6809739661990337,19.800455536245153,1.4325450911818478,2.871929364657773,-0.0035034009265470824,1.7847948485245866,-29.243545774523863,2.3321156462854176,20.61202568939686,2.4542134933737456,6.808922828775464,0.023519725808750037
5.0510000000000215,2,1,1,3,0.0006134579101466911,2.0792122029080886,2.821759943286535,5.0,0.625969501704781,-0.0024095900995389904,0.43581905236252894,0.006117868058668081,-0.002518764384451113,0.001536898668774112,0.6389500097692784,-9.278252918510013e-06,0.01320057144874825,0.4415224876408737,0.08086499999999443,0.08086499999999443,1.0,-0.005058180056640611,-0.003474255290888278,-0.03463466647359137,-0.035050884683002326,-0.03463466647359137,-0.039692846530232015,-6.607008494562122,-2.3124529730967422,0.0,-0.11802771524182692,-0.11808837534926026,-0.15588173940586222,-0.15591420604921194,-0.15588173940586222,-0.10088173940586272,0.14411826059413801,0.026090545352309882,0.0,0.15588173940586222,0.19390268156645196,0.0021116435769994533,0,1,0,1,1,-7.130828867385475e-07,-7.130828867385475e-07,0,1,0.19483402138575912,1.2770889169841166,0.005603636080812082,0.22937531423943372,-0.008304211221757982,-1.3468889169841167,-0.003944129530889196,1.5812911778882104,-0.7879012103599776,0.09306522623167711,0.14834680148270002,-0.08297929317835581,0.23643534176116518,-0.04640805992356718,-0.19934323849862237,0.009945188493061074,1.8193502888935202,-30.74833350955972,1.704485989782877,19.79850824488391,1.4414853519625803,2.865781896890604,-0.005972157018087943,1.809508424079482,-29.277452048796956,2.39550585375052,20.688191557886476,2.5547520567285398,6.982011971006454,0.02320200080409272
5.061000000000025,2,1,1,3,0.00063982793961495,2.0596663275166645,2.714842991301201,5.0,0.626030161724697,-0.0024371046517640774,0.4358372199902928,0.005852919721222719,-0.0027341445535559424,0.001996546953040095,0.6392500097692784,-9.278252918510013e-06,0.013440934615745734,0.436126011210343,0.0811649999999944,0.0811649999999944,1.0,-0.004460367576660578,-0.002787124537453513,-0.03238790010692837,-0.032813133283132186,-0.03238790010692837,-0.03684826768358887,-6.607008494562122,-2.3124529730967422,0.0,-0.11805681289977558,-0.11811931506213891,-0.1562190911305328,-0.1562522889359296,-0.1562190911305328,-0.10121909113053332,0.14378090886946743,0.025724095969690625,0.0,0.1562190911305328,0.19390268156645196,0.0021233419482514235,0,1,0,1,1,-7.794110954417732e-07,-7.794110954417732e-07,0,1,0.20216702250763774,1.2746888925551576,0.006573620847570462,0.23087671935104742,-0.009170235711317738,-1.3444888925551577,-0.00443070777438745,1.5792654460029294,-0.7877977178907131,0.09960203144187534,0.1515245593827624,-0.088980796491295,0.2428078267739223,-0.049583696175113906,-0.20571698119911155,0.010587691952287157,1.8447929561604608,-30.840300209764344,1.7257512489736648,19.79461536351782,1.4495134474676266,2.861446407830492,-0.0078966782947253,1.8318469472670442,-29.310988552434395,2.456637910344878,20.76517075652954,2.654194346998346,7.155391267851946,0.0234657784379049
5.071000000000028,2,1,1,3,0.0006703515518622074,2.0505128979197575,2.6136579017904595,5.0,0.6260882052603998,-0.0024664318167059757,0.43585981126398265,0.00558646866016865,-0.0028815996670721843,0.0024246496399630444,0.6395500097692783,-9.278252918510013e-06,0.013684216611530851,0.44572525212534303,0.08146499999999436,0.08146499999999436,1.0,-0.003934336535848478,-0.0021947401507810944,-0.03028812132652296,-0.030717984531829022,-0.03028812132652296,-0.03422245786237144,-6.607008494562122,-2.3124529730967422,0.0,-0.11807943150800791,-0.11814383393002725,-0.15653497273213696,-0.1565688109442505,-0.15653497273213696,-0.10153497273213742,0.14346502726786328,0.02538559575985421,0.0,0.15653497273213696,0.19390268156645196,0.002130176249556964,0,1,0,1,1,-6.797001824224158e-09,-6.797001824224158e-09,0,1,0.20095903892070055,1.27222775557948,0.007608625033677758,0.23240859039578976,-0.010095916570777706,-1.3420277555794802,-0.004947861166803693,1.5771785494157426,-0.7876878885657276,0.10603909163535892,0.15444201941067412,-0.09486845906521789,0.2486755507848725,-0.05254510975508251,-0.2116205768699179,0.011205031329741029,1.868947075618136,-30.93055660294926,1.7452641919458864,19.787650925405252,1.4567011227388875,2.858659497621035,-0.009588006431497311,1.8524739906289618,-29.343895774459156,2.51634367745312,20.84258953948475,2.753360991989403,7.328766157279268,0.023948608439037868
5.0810000000000315,2,1,1,2,0.000704724080607482,2.0604797915632007,2.517730854420907,5.0,0.6261434382315999,-0.002496650410595015,0.4358864893011411,0.005291917712327459,-0.0029064497622712567,0.002817125907097804,0.6398500097692783,-9.278252918510013e-06,0.013930438742849414,0.4707115142387328,0.08176499999999433,0.08176499999999433,1.0,-0.003472356937301429,-0.001720354558597764,-0.02828605424443223,-0.02868283785099371,-0.02828605424443223,-0.031758411181733656,-6.607008494562122,-2.3124529730967422,0.0,-0.11809679194993777,-0.11816313243519608,-0.15683023138643742,-0.1568646453478493,-0.15683023138643742,-0.10183023138643792,0.14316976861356281,0.02507297666362385,0.0,0.15683023138643742,0.19390268156645196,0.0021046481262569252,0,1,0,1,1,-2.7935874391538107e-07,-2.7935874391538107e-07,0,1,0.19291701028123498,1.2697103319955327,0.008707588177896458,0.233968403222535,-0.011080078812398749,-1.3395103319955328,-0.00549247603047689,1.5750343234773636,-0.7875721391304051,0.11236263703556562,0.15710285756766856,-0.10063573767013044,0.2540567065486768,-0.05506968913913264,-0.2171698646883014,0.011761340884129284,1.8893265690336647,-31.01730850854514,1.7597885232526094,19.773042268589894,1.4670800937372899,2.866006103799813,-0.01095440560488883,1.8684652252149634,-29.377077217307036,2.571412729001129,20.922058514114752,2.849016416847095,7.5041934461704765,0.02498673188602367
5.091000000000035,2,1,1,2,0.000742660647163578,2.0668076534823205,2.426530017427775,5.0,0.6261956228801286,-0.0025265854175497964,0.4359169092779429,0.004983377059809458,-0.002832983468085754,0.003177490122102768,0.6401500097692783,-9.278252918510013e-06,0.014179624424263678,0.5099039872270734,0.0820649999999943,0.0820649999999943,1.0,-0.0030630133765727173,-0.0013089187104703697,-0.02641874929261644,-0.026784987258558518,-0.02641874929261644,-0.029481762669189095,-6.607008494562122,-2.3124529730967422,0.0,-0.11810976353950098,-0.11817802215573152,-0.1571060126298748,-0.1571409206778023,-0.1571060126298748,-0.10210601262987533,0.14289398737012543,0.02478422383062323,0.0,0.1571060126298748,0.19390268156645196,0.0020805026961222338,0,1,0,1,1,-1.6656047383545314e-06,-1.6656047383545314e-06,0,1,0.19158399663865566,1.267141365671606,0.009869293604643111,0.23555367312123043,-0.012121527093054621,-1.336941365671606,-0.00606017084719227,1.572836350782244,-0.7874510828338644,0.11856588168253562,0.15952029102881,-0.10629195437888807,0.258969057952622,-0.0572130214112894,-0.22233067819758365,0.012270682376494944,1.9050700284230455,-31.103105421108022,1.7695662931986191,19.758004781609387,1.4741770114002792,2.8742518737452043,-0.011724024143879682,1.8794689264652706,-29.409760362678316,2.6214842812163575,21.002567253033238,2.940664220457229,7.680468258052721,0.026388246466694434
5.101000000000038,2,1,1,2,0.0007497945892794003,2.07602879701222,2.3394958384087396,5.0,0.6262446957890058,-0.00255551279580412,0.4359507910968109,0.004674325395655511,-0.002706533352647246,0.003512483287228646,0.6404500097692782,-9.278252918510013e-06,0.014431710072805247,0.5613101791289703,0.08236499999999426,0.08236499999999426,1.0,-0.0027210532952615584,-0.0009544917385719034,-0.0246704295196614,-0.025010514044690034,-0.024670429519661394,-0.02739148281492295,-6.607008494562122,-2.3124529730967422,0.0,-0.11811896930673112,-0.11818912331360301,-0.15736357098255824,-0.1573989009337511,-0.15736357098255824,-0.1023635709825588,0.142636429017442,0.024517459710709653,0.0,0.15736357098255824,0.19390268156645196,0.0020612040517546215,0,1,0,1,1,-2.6897366689482283e-07,-2.6897366689482283e-07,0,1,0.2007500152103603,1.264525340168917,0.01109260440457333,0.23716207396743066,-0.013219294410829106,-1.334325340168917,-0.006647950160322289,1.5705886138347713,-0.7873250583436688,0.12466381314932888,0.16171277959684194,-0.11186663813295433,0.26344659978505225,-0.05911627098943489,-0.22708445026679347,0.012753758833400596,1.9180655438480971,-31.187520756193422,1.7758550093099283,19.739501386967646,1.479360969323492,2.8821173010270202,-0.012306134514763896,1.887266800482775,-29.441480997879985,2.668583133825248,21.083370386535307,3.0303982973925296,7.856859509290897,0.027806853865874014
5.1110000000000415,2,1,1,2,0.0007462410047523174,2.093761737998726,2.2562333066610654,5.0,0.6262907265832852,-0.0025831030147678404,0.4359879262545747,0.0043764707770023335,-0.002562149418213313,0.003829430227305397,0.6407500097692782,-9.278252918510013e-06,0.014686573601676066,0.6227907536646377,0.08266499999999423,0.08266499999999423,1.0,-0.002451900892730786,-0.000645517333496789,-0.02303739863054497,-0.023358180033054263,-0.023037398630544915,-0.025489299523275746,-6.607008494562122,-2.3124529730967422,0.0,-0.11812491682684921,-0.11819695281644768,-0.15760412768368323,-0.1576398107991876,-0.15760412768368323,-0.10260412768368382,0.142395872316317,0.02427095548946655,0.0,0.15760412768368323,0.19390268156645196,0.0020500515902776763,0,1,0,1,1,-5.390429942409014e-07,-5.390429942409014e-07,0,1,0.20100001711398363,1.261866332757371,0.012376618947391196,0.2387914981367233,-0.014372805428571436,-1.331666332757371,-0.0072539985836733885,1.5682952149525942,-0.7871943043516839,0.13068688106709686,0.1637020104166975,-0.11740638667725521,0.267531389308621,-0.06088088069480965,-0.231426134079003,0.013214180593247266,1.929866076749651,-31.27018590735356,1.7795463522959583,19.714489217882235,1.4832617600952522,2.8884100839607263,-0.012902016635308211,1.8933070387030744,-29.47186828089138,2.7143989578820893,21.163780086569286,3.1198830781043467,8.032717642758945,0.02906034883177118
5.121000000000045,2,1,1,2,0.000744839866306495,2.1262746743578838,2.176443459169972,5.0,0.6263339007423239,-0.0026093514920628178,0.43602818563362145,0.004100612220119722,-0.002430585749714664,0.004136594774331464,0.6410500097692782,-9.278252918510013e-06,0.014944037129976636,0.6924571406288081,0.0829649999999942,0.0829649999999942,1.0,-0.002260925822760191,-0.00036837682247771203,-0.02151988979476253,-0.02183119969640661,-0.02151988979476253,-0.02378081561752272,-6.607008494562122,-2.3124529730967422,0.0,-0.11812797797374561,-0.11820190142499495,-0.15782891800342982,-0.15786488700842596,-0.15782891800342982,-0.10282891800343044,0.14217108199657041,0.024043104022823523,0.0,0.15782891800342982,0.19390268156645196,0.0020514583620063497,0,1,0,1,1,-1.2473930866008232e-06,-1.2473930866008232e-06,0,1,0.199749949388206,1.2591679308189243,0.013720824809746198,0.24044008851024093,-0.015582040221698717,-1.3289679308189244,-0.0078774235947364,1.5659602420409195,-0.7870590562693821,0.1366815843118076,0.1655125007139443,-0.12297460570995443,0.27127288700094215,-0.06259325901708318,-0.2353602019538807,0.013650215886479994,1.9420361192598299,-31.350762230790398,1.7814359682146625,19.679169893832736,1.4861892534273382,2.891881169737922,-0.013647044297580992,1.8990320805257799,-29.50060951215132,2.7606493567050054,21.24311599345511,3.210722036991177,8.207426086658009,0.030010754011127065
5.131000000000048,2,1,1,2,0.0007456489051066708,2.138290417810862,2.1008470847219747,5.0,0.6263745100873453,-0.0026345198771177713,0.43607157420890374,0.003861722535756068,-0.0023211488142386386,0.004451629378267746,0.6413500097692781,-9.278252918510013e-06,0.015203864124261224,0.768790967243622,0.08326499999999416,0.08326499999999416,1.0,-0.001976883051945675,1.8156496023476708e-07,-0.020195318523113893,-0.02047912583015266,-0.020195318523113893,-0.022172201575059593,-6.607008494562122,-2.3124529730967422,0.0,-0.1181279628729231,-0.1182038020011271,-0.15803926419622774,-0.15807541463125302,-0.15803926419622774,-0.10303926419622832,0.1419607358037725,0.023832772930848168,0.0,0.15803926419622774,0.19390268156645196,0.002041699628043792,0,1,0,1,1,-2.668635272984332e-06,-2.668635272984332e-06,0,1,0.19979098578915,1.2564330496680078,0.015125255647219286,0.24210626454238945,-0.016847796071822754,-1.326233049668008,-0.008517835561513613,1.563587599775481,-0.7869197977480601,0.14270150952964772,0.16718414288624597,-0.12866475805340413,0.2747654083835391,-0.06421141790937325,-0.23891200468192839,0.014009700788229568,1.9559241186109846,-31.426979174993896,1.7812365207556504,19.65781246058922,1.4943299252949969,2.900404494233893,-0.015050505997396544,1.9052190929822865,-29.52734779844726,2.8082759447145977,21.320677312667424,3.3034140931916767,8.380318274871552,0.0308187343536272
5.1410000000000515,2,1,1,2,0.0007488439961676188,2.139004945080406,2.029918069454592,5.0,0.6264128518709751,-0.002658409776660312,0.4361181767952437,0.003638769598393691,-0.002165850130853895,0.004773803166878599,0.6416500097692781,-9.278252918510013e-06,0.015465732399336974,0.8504900257282831,0.08356499999999413,0.08356499999999413,1.0,-0.0015745418192554996,0.00044192796331853795,-0.019081989092881956,-0.019338927687347927,-0.01908198909288201,-0.020656530912137486,-6.607008494562122,-2.3124529730967422,0.0,-0.11812359443937448,-0.11820139211507673,-0.15823758831357201,-0.15827380793720297,-0.15823758831357201,-0.10323758831357256,0.14176241168642822,0.02363881724705255,0.0,0.15823758831357201,0.19390268156645196,0.002032350109185147,0,1,0,1,1,-1.318646580816818e-12,-1.318646580816818e-12,0,1,0.2110829809680581,1.253664007429136,0.01658963961622265,0.24378868976275714,-0.01817076550731614,-1.3234640074291362,-0.009172655793614336,1.561180695068103,-0.7867772886909208,0.14864831777643833,0.16873790081040702,-0.13436880611395313,0.2780602390861356,-0.06548845421108847,-0.2422050051697008,0.014308205047312143,1.967243829225475,-31.501147521231754,1.7810615141205095,19.645419749940594,1.503337818247584,2.909192636804542,-0.015474325190195534,1.9087140775180047,-29.552761986043876,2.853468814616161,21.397255536646853,3.3934250453694292,8.552393567013748,0.03150663238920692
5.151000000000055,2,1,1,1,0.0007545751871012854,2.1426448246483423,1.9630986987989936,5.0,0.6264490097353017,-0.0026806478736089885,0.43616805817667176,0.0034258559266134086,-0.0019864699361446764,0.005102529360586561,0.6419500097692781,-9.278252918510013e-06,0.015729501508429417,0.9365271464318792,0.0838649999999941,0.0838649999999941,1.0,-0.0011891847575646135,0.0008854748708982489,-0.018090581958091292,-0.018327562237625585,-0.018090581958091292,-0.019279766715655955,-6.607008494562122,-2.3124529730967422,0.0,-0.11811476524658553,-0.11819456479281829,-0.1584253057879681,-0.15846152796330445,-0.1584253057879681,-0.10342530578796863,0.14157469421203214,0.023459928965445454,0.0,0.1584253057879681,0.19390268156645196,0.0020263158770759977,0,1,0,1,1,-2.4077614901862887e-12,-2.4077614901862887e-12,0,1,0.2080830163322389,1.250862696670103,0.018113159290120293,0.24548621177460833,-0.01955099086838015,-1.3206626966701032,-0.009838809277954521,1.5587417628000964,-0.7866321928987516,0.15452108631996755,0.17018007653656192,-0.14008967797097052,0.28117017182106663,-0.06649874620184162,-0.24527291702965223,0.014534526614144895,1.9770149518487823,-31.573984754474886,1.7776009224368619,19.629332644501986,1.5108475799550825,2.9167146069724716,-0.01607430289147716,1.909992090819542,-29.57704479518366,2.896716517224435,21.47306020686076,3.4814432427268533,8.724048820976988,0.03208525392889977
5.161000000000058,2,1,1,1,0.0007629956709674082,2.154355659262213,1.8999194126219159,5.0,0.6264831439773999,-0.0027011555615364174,0.43622130160054445,0.003231932393539547,-0.001811277876780551,0.00544052698799511,0.642250009769278,-9.278252918510013e-06,0.01599500735678946,1.0261468056106684,0.08416499999999406,0.08416499999999406,1.0,-0.0008321384831771073,0.001337557244149566,-0.017214859390763806,-0.01744062780430431,-0.017214859390763806,-0.01804699787394091,-6.607008494562122,-2.3124529730967422,0.0,-0.11810142789712696,-0.11818327894472944,-0.15860365699896253,-0.15863981916240752,-0.15860365699896253,-0.10360365699896307,0.1413963430010377,0.02329491510390962,0.0,0.15860365699896253,0.19390268156645196,0.0020285200451501746,0,1,0,1,1,-5.171380684787508e-12,-5.171380684787508e-12,0,1,0.20950002362951636,1.2480308339841852,0.01969521645899285,0.2471978039250252,-0.02098885574422069,-1.3178308339841853,-0.010514108597330643,1.5562731522345965,-0.7864852680316967,0.16035117390112488,0.17152361978109623,-0.1458726945686686,0.2841143762430851,-0.06732432667291545,-0.24810070487579258,0.014683219408814417,1.986591970860187,-31.645129893241077,1.7715066206479901,19.606807271020823,1.5175140659351574,2.922018138583202,-0.01684117015390441,1.9102788136923945,-29.599947887342182,2.939451392841244,21.547558424170585,3.568884938671425,8.894721530126898,0.032504276857005965
5.1710000000000615,2,1,1,1,0.0007742887916427901,2.1701579023317983,1.8401076578730908,5.0,0.6265155015584086,-0.0027201059822156235,0.43627803349642047,0.0030571513659166235,-0.0016531432550142549,0.005792904527562404,0.642550009769278,-9.278252918510013e-06,0.016262042938768907,1.1187916897883254,0.08446499999999403,0.08446499999999403,1.0,-0.0005168516414953003,0.0017908667054165796,-0.016426084115168504,-0.016663648167470416,-0.016426084115168504,-0.016942935756663724,-6.607008494562122,-2.3124529730967422,0.0,-0.11808346138403536,-0.11816743884774925,-0.15877387276242877,-0.1588099276793607,-0.15877387276242877,-0.10377387276242932,0.14122612723757147,0.02314266585353499,0.0,0.15877387276242877,0.19390268156645196,0.0020373510193624875,0,1,0,1,1,-2.584274350070359e-09,-2.584274350070359e-09,0,1,0.21062500309199095,1.2451698111661105,0.021335610606249927,0.24892262688088163,-0.022485281952063896,-1.3149698111661106,-0.01119708545360889,1.5537772395369889,-0.7863372999082923,0.16617980357948356,0.17279504943673285,-0.15177048837472462,0.2869466908486754,-0.06799739019991893,-0.25073505625836906,0.01475017300365265,1.9969750199633574,-31.71626233771975,1.7638691677344676,19.588716447760135,1.5257777030401403,2.9201425350628623,-0.01800541781778555,1.9105425583482398,-29.621329616364807,2.982842820151045,21.620352788009505,3.6567498843807784,9.063985343324504,0.032679923885471786
5.181000000000065,2,1,1,1,0.0007885110221153282,2.174141082009431,1.7848550737778357,5.0,0.6265460066622779,-0.0027370522482788474,0.4363382295682643,0.0028480847095660442,-0.0013984672947331784,0.006130560298020561,0.642850009769278,-9.278252918510013e-06,0.016530616089028036,1.2139395915716786,0.084764999999994,0.084764999999994,1.0,-0.0002474543202804696,0.0021628671004372216,-0.01563391529723898,-0.015908274530772704,-0.01563391529723898,-0.015881369617519424,-6.607008494562122,-2.3124529730967422,0.0,-0.11806133141738631,-0.11814749335073381,-0.15893648503111715,-0.1589724316929351,-0.15893648503111715,-0.10393648503111774,0.14106351496888309,0.023002183551495654,0.0,0.15893648503111715,0.19390268156645196,0.002039982767873396,0,1,0,1,1,-2.1593784538254113e-09,-2.1593784538254113e-09,0,1,0.21054199896752834,1.242281849538472,0.023033878040686268,0.2506593817842859,-0.02404078682724667,-1.312081849538472,-0.011884227468881648,1.5512559304927682,-0.7861892476175512,0.17190234091967022,0.17388915265342497,-0.15764074876653303,0.2894741004659485,-0.06815778099595195,-0.25320457066066104,0.014708712606679412,2.0013202137494264,-31.79142507402405,1.754727618404407,19.588716210312512,1.5344840183530903,2.9114876812983246,-0.019597774897835325,1.9050187974532946,-29.642197696771884,3.0203144919164253,21.69391195457901,3.7384577573557913,9.23382873338815,0.033227912249845795
5.191000000000068,2,1,1,1,0.0008055288352521719,2.168933217200326,1.7339145493549861,5.0,0.6265743617481303,-0.002751068869860345,0.43640164556491523,0.0026205930449459485,-0.0010754456552769809,0.0064429158109690545,0.6431500097692779,-9.278252918510013e-06,0.016800878640955832,1.3110802235152392,0.08506499999999396,0.08506499999999396,1.0,-3.3591200886606588e-06,0.0024808133972607513,-0.014877891058163154,-0.01517821483793274,-0.014877891058163265,-0.014881250178251832,-6.607008494562122,-2.3124529730967422,0.0,-0.11803575071086043,-0.11812411317880613,-0.15909166731473381,-0.1591274864915812,-0.15909166731473381,-0.10409166731473442,0.14090833268526642,0.022872581974404903,0.0,0.15909166731473381,0.19390268156645196,0.002034873846195447,0,1,0,1,1,-3.2175838815540203e-07,-3.2175838815540203e-07,0,1,0.2110829809680581,1.239371051179995,0.024788489190711145,0.25240580541124924,-0.025654559484702123,-1.309171051179995,-0.0125706181213505,1.5487119403154865,-0.7860421486086886,0.1774537047345377,0.17475625502319758,-0.1634145053651736,0.29157875274520506,-0.067907692965468,-0.2553522167988351,0.014570695094341203,2.0003542285947806,-31.86434360760466,1.7407588775570122,19.58871863785161,1.5407520983119005,2.9074327584260935,-0.020922114512100343,1.8938011130257166,-29.66225758777171,3.0517671923687537,21.768179114796133,3.8144052915744866,9.403958482164493,0.03419820762736927
5.201000000000072,2,1,1,1,0.0008252039100747057,2.1591353764144907,1.6865429378973977,5.0,0.6266004683623065,-0.002761728467905355,0.43646805141080824,0.00239016481443904,-0.0007270118950844604,0.006733153163699892,0.6434500097692779,-9.278252918510013e-06,0.01707287403489008,1.4098286368165143,0.08536499999999393,0.08536499999999393,1.0,0.00020982086021962133,0.0027547408252729874,-0.014161067622868612,-0.014483779998748425,-0.014161067622868612,-0.013951246762649031,-6.607008494562122,-2.3124529730967422,0.0,-0.11800722637580191,-0.11809779780395764,-0.15923975660612488,-0.15927542917669296,-0.15923975660612488,-0.10423975660612551,0.14076024339387536,0.022753017018072377,0.0,0.15923975660612488,0.19390268156645196,0.0020260903168680916,0,1,0,1,1,-6.881431646732494e-09,-6.881431646732494e-09,0,1,0.19291701028123498,1.2364414527807654,0.02659765842885696,0.25415975767106086,-0.027325620449099062,-1.3062414527807655,-0.013252967900968481,1.5461486182094897,-0.7858969114357834,0.18282340615249923,0.17542013289216338,-0.1690921624475432,0.2932934108359082,-0.06738199369335535,-0.25715344833826403,0.014345796577085419,1.9959087188417164,-31.935084267124303,1.7232746101229026,19.588719516554818,1.5454296396942389,2.905235577573777,-0.022161168516573317,1.8786792439927553,-29.681038619196475,3.0791157015832424,21.842351464275808,3.8865759578525303,9.573507171113361,0.03538777781599062
5.211000000000075,2,1,1,1,0.000847413147832903,2.1475278656429606,1.642226251478053,5.0,0.6266243459343056,-0.002768918189194573,0.43653724678509553,0.002165377755805155,-0.0003770471731163249,0.007004593006279737,0.6437500097692779,-9.278252918510013e-06,0.01734658393939184,1.5098830835887798,0.0856649999999939,0.0856649999999939,1.0,0.00039127626630695844,0.0029945261757178825,-0.013484907347697646,-0.01383018223032847,-0.013484907347697646,-0.013093631081390686,-6.607008494562122,-2.3124529730967422,0.0,-0.11797615148412446,-0.11806893658932564,-0.15938114147432678,-0.15941664913179485,-0.15938114147432678,-0.1043811414743274,0.14061885852567346,0.022642707041547926,0.0,0.15938114147432678,0.19390268156645196,0.002016220031083608,0,1,0,1,1,-2.1317743548188162e-07,-2.1317743548188162e-07,0,1,0.20770798437297344,1.2334967086485775,0.028459555121222578,0.25591935338913013,-0.02905304594917985,-1.3032967086485776,-0.013928934944589402,1.5435693771388406,-0.785754383504398,0.1880116325193172,0.17590757377665786,-0.1746833837596181,0.29466194547702923,-0.06664927007265563,-0.25861815486063466,0.0140374629868749,1.9891592829936042,-32.0037046325246,1.7029783222519481,19.588723579125087,1.5492613600175187,2.903399402778184,-0.02341757639614084,1.8607634476100188,-29.698327421261766,3.10353455261183,21.91596989150682,3.9560561501808977,9.742054855228755,0.03667919812045329
5.221000000000078,2,1,1,1,0.000872057065520875,2.1358046162009376,1.6005989657634065,5.0,0.6266460821243074,-0.002772703100784335,0.43660906462643967,0.001951113538952359,-3.914896539720994e-05,0.007260793793067,0.6440500097692778,-9.278252918510013e-06,0.017621952626232118,1.6109958119184686,0.08596499999999387,0.08596499999999387,1.0,0.0005421070975204131,0.003208395028105294,-0.012850236721426078,-0.013220774641563415,-0.012850236721426078,-0.01230812962390563,-6.607008494562122,-2.3124529730967422,0.0,-0.11794282473882875,-0.11803782834576144,-0.15951624993076724,-0.15955157535459105,-0.15951624993076724,-0.10451624993076787,0.140483750069233,0.02254092533040316,0.0,0.15951624993076724,0.19390268156645196,0.002006965950681377,0,1,0,1,1,-1.7420851716742902e-07,-1.7420851716742902e-07,0,1,0.20833400776609778,1.2305400126168131,0.03037238702078332,0.25768297913245597,-0.030836036218721254,-1.3003400126168132,-0.014596662592008827,1.5409774505402485,-0.7856153958708985,0.19302500283935875,0.17624597918175755,-0.18020268118773605,0.29573294916146864,-0.06574437921310666,-0.25977323107025097,0.013646024828650181,1.980885922025145,-32.07032722078587,1.6803394021332365,19.5887239968787,1.5526281988255601,2.900965332544145,-0.02475350125768196,1.840790396956362,-29.714042477158582,3.125795769470365,21.988749208338508,4.023451735384872,9.909405357948122,0.03800252275398026
5.231000000000082,2,1,1,1,0.0008990648583910568,2.1250853978105493,1.5613916771305762,5.0,0.6266658041948536,-0.002773249710929944,0.4366833736022747,0.0017501496800334684,0.0002789474264677915,0.00750549325373058,0.6443500097692778,-9.278252918510013e-06,0.017898901223795758,1.7129567579558316,0.08626499999999383,0.08626499999999383,1.0,0.0006641170224809262,0.003403468823631184,-0.012257537432942184,-0.012657926981689707,-0.012257537432942184,-0.011593420410461429,-6.607008494562122,-2.3124529730967422,0.0,-0.11790746573476213,-0.1180046950715382,-0.15964553714817148,-0.15968066400485456,-0.15964553714817148,-0.10464553714817211,0.14035446285182876,0.022446997117065545,0.0,0.15964553714817148,0.19390268156645196,0.0019995822836901566,0,1,0,1,1,-4.788464291749506e-09,-4.788464291749506e-09,0,1,0.19445898942649364,1.227574069745446,0.03233445028748481,0.2594492919734404,-0.03267395037500913,-1.2973740697454461,-0.015254537028414044,1.5383757694656273,-0.7854807833528037,0.1978741920185871,0.1764621380974595,-0.18566717648901732,0.296556240786025,-0.06468433979040783,-0.2606537113871545,0.013170584407555315,1.9716529254313369,-32.13510362361333,1.655663480940488,19.588724225573767,1.555739871540991,2.8972545368353204,-0.026206681766233694,1.819285019725346,-29.7281733903469,3.1464459646977865,22.06049892339024,4.0891127587088185,10.075480801690489,0.03931484421734103
5.241000000000085,2,1,1,1,0.0009283978305769927,2.11623083155832,1.5244003657068486,5.0,0.6266836625994734,-0.002770781440849265,0.43676008006037637,0.001564019511824627,0.0005730035335860797,0.007742597051756716,0.6446500097692778,-9.278252918510013e-06,0.01817733562662278,1.8155838361167644,0.0865649999999938,0.0865649999999938,1.0,0.0007591240030790286,0.003586088649710751,-0.011707157220957465,-0.012143634328610459,-0.011707157220957465,-0.010948033217878423,-6.607008494562122,-2.3124529730967422,0.0,-0.1178702252937196,-0.11796969161166357,-0.1597694800036009,-0.15980439283408326,-0.1597694800036009,-0.10476948000360158,0.14023051999639935,0.022360294702678637,0.0,0.1597694800036009,0.19390268156645196,0.0019951802496005434,0,1,0,1,1,-3.2260317334165123e-10,-3.2260317334165123e-10,0,1,0.2104580053128302,1.224601092966365,0.03434416304708629,0.26121721010975313,-0.03456632683887634,-1.2944010929663652,-0.015901057740964637,1.5357669059250445,-0.7853513905593816,0.2025728231136667,0.1765816572877437,-0.19109574791683556,0.297181166974368,-0.06347647636488193,-0.2612981539543507,0.01261006095279746,1.9618999278563127,-32.19820700612079,1.629142697018184,19.588724363156608,1.5587156106902789,2.891707665072116,-0.02780292885236596,1.7966457213196896,-29.740747445159563,3.1659002665400497,22.13107960989731,4.153248303351756,10.240264632696974,0.04058674744641405
5.251000000000088,2,1,1,1,0.0009600520602714704,2.109985847409049,1.48946853921366,5.0,0.6266998210152463,-0.002765551507652405,0.43683912979996786,0.0013934656633450865,0.0008409767671520343,0.007976179176948626,0.6449500097692777,-9.278252918510013e-06,0.018457151237732637,1.9187168096206628,0.08686499999999377,0.08686499999999377,1.0,0.0008285155972325563,0.003762013373317932,-0.011199296891308571,-0.011679675333593886,-0.011199296891308571,-0.010370781294075999,-6.607008494562122,-2.3124529730967422,0.0,-0.11783119269689826,-0.11793291261213208,-0.15988857392913403,-0.1599232580449467,-0.15988857392913403,-0.1048885739291347,0.1401114260708662,0.022280233373966875,0.0,0.15988857392913403,0.19390268156645196,0.00199489111197629,0,1,0,1,1,-2.787296082829016e-08,-2.787296082829016e-08,0,1,0.19300001440569758,1.2216228125734954,0.03640009194002613,0.2629858993232645,-0.036512899439531114,-1.2914228125734954,-0.016534766391574328,1.5331530508179043,-0.7852280707460983,0.20713704463610327,0.17662869059648584,-0.1965088989490576,0.2976557561685364,-0.06212261437123714,-0.26174625678150976,0.011963674833363845,1.9519910994086762,-32.25982374997622,1.600881096654291,19.588724310619607,1.561629942018119,2.883808102465566,-0.029563167151960845,1.7731895323002995,-29.751811576578046,3.1844928752910744,22.200380260669878,4.215986924820265,10.40377241475281,0.041794466449597965
5.261000000000092,2,1,1,1,0.0009940608236954354,2.1070811813511985,1.4564756536593606,5.0,0.626714449984586,-0.0027578250936703625,0.4369205098689694,0.0012386851361248935,0.0010823427726694703,0.008210502958961629,0.6452500097692777,-9.278252918510013e-06,0.018738235943324185,2.0222130802850624,0.08716499999999373,0.08716499999999373,1.0,0.0008729176774586356,0.003936540477441499,-0.01073406208617256,-0.011267814096243174,-0.010734062086172618,-0.009861144408713943,-6.607008494562122,-2.3124529730967422,0.0,-0.11779040105863109,-0.11789439789978572,-0.16000333213138312,-0.16003777349327186,-0.16000333213138312,-0.10500333213138378,0.13999666786861711,0.022206266809984998,0.0,0.16000333213138312,0.19390268156645196,0.0020000140356456783,0,1,0,1,1,-1.4094194966673967e-07,-1.4094194966673967e-07,0,1,0.18962501781061292,1.2186404912089737,0.038500976733791804,0.26475475802414633,-0.03851361485120617,-1.2884404912089737,-0.01715420338725087,1.5305360096926055,-0.7851116815092923,0.21158554504583024,0.17662588988955294,-0.20192913666036147,0.29802645790352245,-0.06062087239991641,-0.262037740635238,0.011231137757732221,1.9422415100816626,-32.32015455205705,1.570897888257736,19.588723168626746,1.56453718467487,2.8730206373119964,-0.0315083462625233,1.7491739838940785,-29.76142183168622,3.2025022848229137,22.268305097680603,4.27740417921455,10.56603574675974,0.04291472152071778
5.271000000000095,2,1,0,0,0.0010064426777805502,0.0,1.2924290685961004,5.0,0.6267116831076014,-0.002717814627474741,0.43697892803801563,-0.00143467550753386,0.00681255474128725,0.003179454381864719,0.6455500097692777,-9.278252918510013e-06,0.019032044574987673,2.1225338015245696,0.0874649999999937,0.0874649999999937,1.0,0.0,0.0,-0.006314821052181242,-0.0062996451327343075,-0.006314821052181242,-0.006314821052181242,-6.607008494562122,-2.3124529730967422,0.0,-0.11778203085442447,-0.1178900418267584,-0.16007779337893405,-0.1601140013795349,-0.16007779337893405,-0.10507779337893473,0.1399222066210662,0.02214017576664067,0.0,0.16007779337893405,0.19390268156645196,2.2136706898384314e-05,0,1,0,1,1,2.9463655661088328e-08,2.9463655661088328e-08,0,0,0.19754201639443636,1.215751968785667,0.04061886398235218,0.26649244016577806,-0.04053814712675016,-1.2855519687856671,-0.017647347092192,1.5279341537225477,-0.7850071255162759,0.2109451218697295,0.1704495651930658,-0.20190121172579428,0.2779724938538498,-0.03825861263034723,-0.2557051558823196,0.0098164252103829,1.6765978701373219,-32.3314636306621,1.199656124934931,19.56540403884268,1.5003512100603444,3.312198813581598,-0.005721452795447597,1.4512817814655445,-29.853073696837686,2.897173440023548,22.508531316548854,3.987940196899214,10.856695839114112,0.0656756761397051
5.281000000000098,2,1,1,1,0.000983660757517906,1.0227663421617643,1.2347943630485867,5.0,0.6266926277618539,-0.0026462922361229746,0.4370004508100034,-0.0020849787115454453,0.0067528260422918375,0.002484561078353711,0.6458500097692776,-9.278252918510013e-06,0.019338022859795682,2.218903408783864,0.08776499999999367,0.08776499999999367,1.0,-0.00423858008674872,-0.0030166988364325083,-0.001878533868680977,-0.0026427002170480657,-0.001878533868680977,-0.0061171139554297045,-6.607008494562122,-2.3124529730967422,0.0,-0.11780402534740458,-0.11791466605777817,-0.16011747825625336,-0.16015552052233145,-0.1601174782562534,-0.10511747825625409,0.13988252174374685,0.022078496396341216,0.0,0.16011747825625336,0.19390268156645196,0.001220617464926341,0,1,0,1,1,8.80238293712865e-09,8.80238293712865e-09,0,1,0.1989169977605343,1.2130121270959264,0.042738643886017086,0.2681862114119808,-0.04257877675503896,-1.2828121270959265,-0.017997707611216888,1.5253927922001025,-0.7849168008410107,0.2142627519612649,0.17004038418309386,-0.2077655074189478,0.2758067069708785,-0.0342742843714961,-0.2560157056559426,0.008410165799710533,1.6531052394470513,-32.597747529264275,0.682473651959146,20.41860464528589,1.0671791053953277,3.0957507269876063,0.009421830937061195,1.3574443799013882,-29.889732364265466,2.8282232050164895,22.636389790682976,3.9458389770484175,11.063818087768018,0.06765591278375999
5.291000000000102,2,1,1,1,0.000968265607734913,0.9497936117647399,1.2044797560027471,5.0,0.6266757471587905,-0.002580576854828175,0.43702907864594775,-0.0015756270980858563,0.006127345184105971,0.0032022419059715866,0.6461500097692776,-9.278252918510013e-06,0.019643280803429947,2.31518914862193,0.08806499999999363,0.08806499999999363,1.0,-0.0022678955838522138,-0.0013947802588819593,-0.0037968826647297505,-0.00424812569721133,-0.0037968826647297505,-0.006064778248582013,-6.607008494562122,-2.3124529730967422,0.0,-0.11782037184298093,-0.11793238757457071,-0.16015810192847912,-0.16019480429520194,-0.16015810192847915,-0.10515810192847991,0.1398418980715211,0.0220215262285391,0.0,0.16015810192847912,0.19390268156645196,0.0014824006055002717,0,1,0,1,1,1.4035538790230229e-08,1.4035538790230229e-08,0,1,0.19824999617412686,1.2102386040038164,0.044893100699950166,0.2698932324221192,-0.04468318299462862,-1.2800386040038165,-0.018321517276862834,1.5228371409649846,-0.7848444355165167,0.21740746365803654,0.17129225217941887,-0.21380455167194132,0.2788568003185577,-0.03179169850660175,-0.2561137659589091,0.006267599752621056,1.645313197851105,-32.59155301063699,0.6548932304482713,20.350559995322172,1.0671918672321765,3.1769429553784825,-0.0011882607826107462,1.3326362629064876,-29.88226722205875,2.8400299329176333,22.685443912048335,3.9835954303004475,11.21902334390068,0.06715510685902176
5.301000000000105,2,1,1,1,0.0009598816024943549,0.8913624512414576,1.1757293325191438,5.0,0.6266617788693487,-0.0025215438360902676,0.43706440673891367,-0.001275345428232054,0.00542513143908352,0.003843623179238775,0.6464500097692776,-9.278252918510013e-06,0.019947068970384823,2.411288522646478,0.0883649999999936,0.0883649999999936,1.0,-0.0013374839728899509,-0.0007352388961153852,-0.004156589177178038,-0.004484666406747943,-0.004156589177178038,-0.005494073150067965,-6.607008494562122,-2.3124529730967422,0.0,-0.11782871706424446,-0.11794247169636707,-0.1602025127299547,-0.1602386583868696,-0.16020251272995473,-0.10520251272995548,0.1397974872700455,0.021968770205799994,0.0,0.1602025127299547,0.19390268156645196,0.001420896764198828,0,1,0,1,1,1.1229844280175039e-08,1.1229844280175039e-08,0,1,0.20162499276921153,1.207435055571235,0.04707767000725663,0.27161222742803276,-0.04684686709108105,-1.277235055571235,-0.018621528599552527,1.520273004203129,-0.7847944238218826,0.22038105213329368,0.1724755570858815,-0.21973419336390243,0.28175228910613714,-0.029471495857335717,-0.25684420787614454,0.004026257181966829,1.6397936716446349,-32.62946824764098,0.6367964719785304,20.365581868463426,1.0672026271074042,3.2027332551355334,-0.0033232437510430832,1.3130345718383056,-29.87962118265163,2.8563802471279853,22.741478715723566,4.024126897555316,11.381141952386123,0.0682732752425563
5.311000000000108,2,1,1,1,0.0009579745926648611,0.8183532144093623,1.1479918042375816,5.0,0.6266506839810073,-0.002469922111146367,0.4371059344113898,-0.0009705916600102224,0.004642965295079836,0.004457574459481015,0.6467500097692775,-9.278252918510013e-06,0.02024938678923535,2.507228063573657,0.08866499999999357,0.08866499999999357,1.0,-0.0005164443974014989,-0.00019166350226423306,-0.004348941386641549,-0.0046543302956182355,-0.004348941386641549,-0.00486538578404304,-6.588911552643772,-2.3061190434253196,0.0,-0.11783118765967229,-0.11794670477610583,-0.16024871875029625,-0.16028439003302355,-0.16024871875029628,-0.105248718750297,0.13975128124970396,0.021920093590030637,0.0,0.16024871875029625,0.19390268156645196,0.0013559161401168302,0,1,0,1,1,9.172282860320236e-09,9.172282860320236e-09,0,1,0.20258297445252538,1.2046034244352237,0.049293109111518414,0.2733428426667635,-0.049071685479908485,-1.2744034244352238,-0.01889873564104589,1.5177018319427864,-0.7847667612194933,0.223564151740647,0.17366673701304244,-0.2260008727699234,0.28456764492149456,-0.027267751298354074,-0.2574902491747055,0.0017875256713874254,1.6470242358683622,-32.67792424194402,0.612390354561802,20.409348608028875,1.0672121668158419,3.203991380541216,-0.005730589221744265,1.3030882257989047,-29.876282786431535,2.882925508706332,22.794813888890584,4.070672853171372,11.539676683852598,0.06831085786884686
5.321000000000112,2,1,1,1,0.000962317563663744,0.7036063247848694,1.1209394044354677,5.0,0.6266427928060755,-0.0024264686177524817,0.43715346870086225,-0.0006175400859129539,0.0037808972429578913,0.005065697309694653,0.6470500097692775,-9.278252918510013e-06,0.020549873806012694,2.6030439966157504,0.08896499999999354,0.08896499999999354,1.0,0.00040463682187703344,0.00033368142524601164,-0.004648080379758498,-0.004870887668577428,-0.004648080379758553,-0.004243443557881479,-6.534819000772165,-2.2871866502702574,0.0,-0.11782817090516233,-0.11794554616366941,-0.16029691867528315,-0.1603320564637784,-0.16029691867528317,-0.10529691867528387,0.13970308132471707,0.021874910419553726,0.0,0.16029691867528315,0.19390268156645196,0.0013042682612560785,0,1,0,1,1,8.334442944818443e-09,8.334442944818443e-09,0,1,0.19874999998137355,1.2017441256989652,0.051542922361870816,0.27508543249165224,-0.05136249310610824,-1.2715441256989652,-0.01915429072764509,1.5151251743993757,-0.7847617046229822,0.22726493467908546,0.17494945159088052,-0.23294638967091755,0.2874476073900605,-0.025176565827665056,-0.25801477314696875,-0.0004934198484705705,1.6668892337110626,-32.72709745170288,0.5874305887214532,20.476200400209216,1.06721738595679,3.2045333032981254,-0.00900043566429808,1.3032479081356296,-29.872643882982537,2.9213258901916936,22.8454072193059,4.124623914481115,11.695294452974368,0.0673595113017976
5.331000000000115,2,1,1,1,0.0009729941289772495,0.5140679035125462,1.0948040486673414,5.0,0.6266386096606508,-0.0023922274127125675,0.43720715512426656,-0.00019712310246961008,0.0027742321732351378,0.0057170821326548325,0.6473500097692775,-9.278252918510013e-06,0.02084803446749323,2.6988386378002915,0.0892649999999935,0.0892649999999935,1.0,0.0015522238178754492,0.0008619448263883941,-0.005022601702831836,-0.005172599684922509,-0.005022601702831834,-0.0034703778849563445,-6.445323488265203,-2.2558632208928207,0.0,-0.11781962484809504,-0.11793912565918623,-0.16034771088409536,-0.16038227303312275,-0.16034771088409538,-0.10534771088409609,0.13965228911590485,0.021832664267808822,0.0,0.16034771088409536,0.19390268156645196,0.001295418668993528,0,1,0,1,1,8.52235076606589e-09,8.52235076606589e-09,0,1,0.20208401838317513,1.198855411638888,0.0538353058816594,0.2768413685050394,-0.05372979287013742,-1.2686554116388882,-0.019389390308528796,1.5125434548118153,-0.7847797574290426,0.23208385781290103,0.17646586679541934,-0.2413226852778922,0.2907024829975054,-0.023247466785795298,-0.2585992311977813,-0.002832753387742945,1.7057045758492537,-32.78569541339869,0.5490172226833716,20.61342734878076,1.067222645888136,3.1925616304793922,-0.012634345672253224,1.3166581636213057,-29.868174316484573,2.976767364306962,22.891431271405317,4.189449283304411,11.846411730176746,0.06461526379424569
5.341000000000118,2,1,1,1,0.0009905925553562447,0.35089990066011223,1.0689652720176352,5.0,0.6266394714447455,-0.002370067168363874,0.43726776201134065,0.00044002344214903776,0.0013337181294733667,0.006484787685911808,0.6476500097692774,-9.278252918510013e-06,0.021142753959451793,2.7949886298143647,0.08956499999999347,0.08956499999999347,1.0,0.003068998993508831,0.0014984304744665648,-0.0057660293985498335,-0.0057291815101018296,-0.0057660293985498335,-0.0026970304050410723,-6.3214055466860515,-2.2124919413401174,0.0,-0.11780482204297539,-0.11792692273782261,-0.16040285273313848,-0.16043664943961797,-0.1604028527331385,-0.10540285273313928,0.13959714726686173,0.021792325223885297,0.0,0.16040285273313848,0.19390268156645196,0.0013541180549007522,0,1,0,1,1,-8.535749884686084e-11,-8.535749884686084e-11,0,1,0.20283303456380963,1.1959330024799772,0.05618256356345081,0.27861323294084206,-0.05618818005566518,-1.2657330024799773,-0.019612981050411614,1.5099580872603835,-0.784821522095802,0.2379553815888296,0.17826665367071304,-0.2507561644877396,0.2944487971092547,-0.023206110217905782,-0.2587897309792151,-0.005206004154421503,1.7638343646545205,-32.839898345641025,0.5572161694750299,20.742095665654812,1.0238832910937445,3.1949229034844007,-0.013701071398798252,1.355996237007722,-29.860678211787263,3.0648405807791095,22.92723708416537,4.287396397433138,11.987462769725138,0.060833490763567796
5.351000000000122,2,1,0,0,0.001006906335729696,0.0,0.9754682648706263,5.0,0.6266418088531667,-0.00235440571489556,0.4373270854009492,-0.00028330959691361026,0.0025650292806692777,0.004275875756062801,0.6479500097692774,-9.278252918510013e-06,0.02143686192273164,2.8914532622235196,0.08986499999999344,0.08986499999999344,1.0,0.0,0.0,-0.0038166664219071,-0.0037852453376287076,-0.0038166664219071,-0.0038166664219071,-6.164422846934149,-2.1575479964269517,0.0,-0.11779642320833913,-0.11791987566890516,-0.16045184867482118,-0.16048623630208428,-0.1604518486748212,-0.10545184867482194,0.13954815132517903,0.021751728116838898,0.0,0.16045184867482118,0.19390268156645196,1.7793608326508223e-05,0,1,0,1,1,1.3383328778537873e-08,1.3383328778537873e-08,0,0,0.19058299949392676,1.1930133063664707,0.05857430243029767,0.2803890292675523,-0.0587180887909847,-1.2628133063664708,-0.01982144463497872,1.5073843191533949,-0.7848870444549587,0.2386918547287925,0.1753857884701784,-0.25267116064573136,0.2846964634615068,-0.016995956328287563,-0.253419884063512,-0.0075271472231115705,1.657352227189062,-32.783872732560006,1.0049744631825324,19.558242700418095,1.3630788176345616,3.2154971412375026,-0.02819302431519589,1.3097098636376896,-29.883064068727563,3.0504282449036437,23.026154036120168,4.305173879983178,12.166032577739472,0.07425744083690315
5.361000000000125,2,1,1,1,0.0009896561305684773,0.9736693710568493,0.901756630435497,5.0,0.6266359251909946,-0.0023235322074546217,0.43735201049021666,-0.0006659479220088725,0.0030646457234657074,0.002285941359274322,0.6482500097692774,-9.278252918510013e-06,0.021737626906432207,2.986315322395621,0.0901649999999934,0.0901649999999934,1.0,-0.0015030984593285765,-0.001895907486676682,-0.002455698362762116,-0.0021861033260132355,-0.002455698362762116,-0.003958796822090709,-5.976095324318719,-2.0916333635115514,0.0,-0.1178047195159249,-0.1179303355509293,-0.16048188904716515,-0.1605166477592836,-0.16048188904716518,-0.10548188904716592,0.13951811095283506,0.021713391436909125,0.0,0.16048188904716515,0.19390268156645196,0.001155044913402108,0,1,0,1,1,-4.25091212230555e-12,-4.25091212230555e-12,0,1,0.21083303727209568,1.1902434178081076,0.06095582705240287,0.2821213609403027,-0.061241567274180335,-1.2600434178081077,-0.019969016103086913,1.5048999936852374,-0.7849698478115104,0.23829146422647168,0.17341081172786116,-0.252966103969841,0.2766470234516589,-0.01430965887910947,-0.2483165392440493,-0.008979943413707236,1.5886409525980867,-33.01025550471672,1.0802184946379034,20.16106046822288,1.4803368390020482,2.989386762931366,-0.039488799178703314,1.2475759445536752,-29.918856809304252,3.0129349934519656,23.147001999378336,4.3182179590923955,12.345567697592157,0.08762495912654941
5.371000000000128,2,1,1,1,0.0009779602169782955,1.1146066268004367,0.8883137425181578,5.0,0.6266328982223829,-0.0023009753848648867,0.4373828781206722,-6.713067714901961e-05,0.001967453717019624,0.003646404451844654,0.6485500097692773,-9.278252918510013e-06,0.022036598065572323,3.0823527736136485,0.09046499999999337,0.09046499999999337,1.0,-0.0006075365193923622,-0.0006008718885953668,-0.00360404908062856,-0.0032806299257427986,-0.00360404908062856,-0.004211585600020948,-5.758486334587609,-2.015470217105663,0.0,-0.11781488399102157,-0.11794231941485644,-0.16051049237478157,-0.16054437222244197,-0.1605104923747816,-0.10551049237478237,0.13948950762521864,0.021674623634196036,0.0,0.16051049237478157,0.19390268156645196,0.0011690880037544488,0,1,0,1,1,-3.9856375144697864e-11,-3.9856375144697864e-11,0,1,0.22024998906999826,1.1874322152752894,0.06337021119395235,0.28387483702717925,-0.06381754826215466,-1.2572322152752895,-0.020123085135062058,1.5023964711141369,-0.7850669976951219,0.24335180156679026,0.17666671907933318,-0.2605897823184371,0.28417991893198014,-0.01516532198138237,-0.25170610012907213,-0.010418344302552009,1.6484870472481998,-33.04267402897584,1.0507745928102363,19.947055858823074,1.480341793437292,2.9481155490764537,-0.04433420948508106,1.2779187588634833,-29.91164609987637,3.0910625915209047,23.175825957213366,4.422657240736832,12.498898352163348,0.08276087727265215
5.381000000000132,2,1,1,1,0.0009795553099305179,1.2483267827111826,0.8685411426953168,5.0,0.6266368688326299,-0.0022915651297406034,0.4374275576434121,0.0006685463915048444,0.0005112816480618088,0.005035489986178504,0.6488500097692773,-9.278252918510013e-06,0.022330079795188248,3.1798258174435357,0.09076499999999334,0.09076499999999334,1.0,-0.00010863086693334736,0.0006036816612196096,-0.004697809531733679,-0.004518453006099203,-0.004697809531733679,-0.004806440398667,-5.51398004736992,-1.9298930165794717,0.0,-0.11781208472693638,-0.11794163626123413,-0.1605514331352305,-0.16058442936470302,-0.16055143313523051,-0.10555143313523123,0.13944856686476972,0.02163648213783234,0.0,0.1605514331352305,0.19390268156645196,0.0011760774749503254,0,1,0,1,1,8.416137210753849e-09,8.416137210753849e-09,0,1,0.191875034943223,1.1845424250651955,0.06585446315295779,0.285663619776871,-0.06649445889245516,-1.2543424250651956,-0.020286796557594088,1.4998600255247105,-0.785180433649496,0.2516733622862215,0.18032912345115795,-0.2722635201133711,0.2921712265979145,-0.01645397337598852,-0.254970865554099,-0.012216630759062578,1.741058530307697,-33.0843884269405,1.0236674704373996,19.77855207334303,1.454647328013717,2.835087091413614,-0.05146484270902261,1.334704003726039,-29.902749157311895,3.2084835107026244,23.193654237306813,4.555632389445504,12.639649612350707,0.07450973356532198
5.391000000000135,2,1,1,1,0.0009945670790813257,1.2192142321321722,0.8409746727147507,5.0,0.6266480394559338,-0.002296053831919548,0.4374865094030905,0.001274723369378659,-0.0007324989917964351,0.0064771584915070644,0.6491500097692773,-9.278252918510013e-06,0.022617869274785925,3.2794562528233775,0.0910649999999933,0.0910649999999933,1.0,1.0055571261500063e-05,0.0013808091458628637,-0.005366252959325084,-0.005502039554458852,-0.005366252959325084,-0.005356197388063503,-5.245255324714642,-1.8358393636501245,0.0,-0.11779939013442613,-0.11793117334044553,-0.16060304132376507,-0.16063532884584827,-0.1606030413237651,-0.10560304132376581,0.13939695867623514,0.02159756854180803,0.0,0.16060304132376507,0.19390268156645196,0.001173571763680366,0,1,0,1,1,3.499453331279323e-10,3.499453331279323e-10,0,1,0.20537502132356167,1.1815648953405915,0.06842240964449034,0.28749344725633563,-0.06928392672095499,-1.2513648953405916,-0.020471712539219332,1.4972837344476282,-0.7853128024918632,0.25990105944162994,0.18474253345154623,-0.28287764730222076,0.30154219818697364,-0.019127603646014655,-0.25986952251007844,-0.014080803101196011,1.8260034579364481,-33.1603408865102,0.9999538230914051,19.778554147391667,1.400585013932239,2.654417748854694,-0.05319676788003388,1.3859325305025916,-29.899510271246534,3.3231340925531305,23.211317587572903,4.705233594281058,12.784669184644535,0.07421430331054224
5.401000000000138,2,1,0,0,0.001007939217376741,0.0,0.7592978389668934,5.0,0.6266563521758376,-0.002294603465531787,0.4375443123418483,2.5507729987110485e-05,0.002207440763417125,0.004005887300498755,0.6494500097692772,-9.278252918510013e-06,0.022907936131707173,3.3804454402326742,0.09136499999999327,0.09136499999999327,1.0,0.0,0.0,-0.003975668294260574,-0.003937599937947423,-0.003975668294260574,-0.003975668294260574,-4.955256370917452,-1.7343397298211078,0.0,-0.11779234693988308,-0.11792662404755025,-0.1606481262579844,-0.1606807425299502,-0.16064812625798444,-0.10564812625798513,0.1393518737420158,0.021559526802131784,0.0,0.1606481262579844,0.19390268156645196,1.5549035192574745e-05,0,1,0,1,1,9.314442495078623e-09,9.314442495078623e-09,0,0,0.1906669931486249,1.178558941498637,0.0710438233383137,0.2893450993034066,-0.07213534401830606,-1.2483589414986371,-0.020640178298276312,1.4946761922388907,-0.7854619184749724,0.261670880794023,0.18301604430834673,-0.28392479381562896,0.29334565353786884,-0.011035886518493531,-0.25793789139286993,-0.01539859355130273,1.6841470170834618,-33.22212263681288,0.8363057356625849,19.433579541296023,1.291446626982305,2.8482072057420025,-0.024628430075391925,1.2265817580503147,-29.956922039164212,3.1880522341123525,23.354077529783535,4.634049028896294,13.015988840375622,0.10454560528385093
5.411000000000142,2,1,1,1,0.0009895637715813524,0.0,0.707541041467168,5.0,0.6266521879266418,-0.002261996310997977,0.4375694551452465,-0.0003892715273445271,0.003665734198057971,0.0025316455936862732,0.6497500097692772,-9.278252918510013e-06,0.023207415033202717,3.479686477445887,0.09166499999999324,0.09166499999999324,1.0,6.766476710403915e-05,-6.897665385328954e-05,-0.004171782649619837,-0.003766095972428828,-0.004171782649619892,-0.004104117882515926,-4.647160475202334,-1.6265061663208167,0.0,-0.11779704812646516,-0.1179324123416311,-0.16068297446453403,-0.16071519499134237,-0.16068297446453406,-0.10568297446453474,0.13931702553546618,0.021519977409000086,0.0,0.16068297446453403,0.19390268156645196,0.0005971079997136335,0,1,0,1,1,-3.642558397132234e-07,-3.642558397132234e-07,0,1,0.20712497644126415,1.1756884544412696,0.07365883400863206,0.29115765797674514,-0.07496593404668425,-1.2454884544412697,-0.020729310393452684,1.4921305519070347,-0.7856178586365885,0.26121403506806257,0.18221227003578874,-0.2821914237663126,0.2884168098239961,-0.009197531234353061,-0.2554618081643977,-0.016298671238858888,1.5873926634398772,-33.466503756411186,0.7058028248392216,20.727651129940153,1.238342605115961,2.6556779000702733,-0.06954405847331974,1.103012680331455,-29.995784365666644,3.0907270834248717,23.473255714605138,4.625894595719575,13.206016255741597,0.1272140182424104
5.421000000000145,2,1,1,1,0.000979933295818385,0.20428425109186737,0.6889335744320572,5.0,0.6266511253458046,-0.0022352003237969854,0.4376044680076922,0.00020079173016607303,0.0017305456968197705,0.004462211867492706,0.6500500097692772,-9.278252918510013e-06,0.023504521295458297,3.581699047841354,0.0919649999999932,0.0919649999999932,1.0,-6.564698571275612e-05,-0.0003750190251929755,-0.003506892213985194,-0.0038629769016637287,-0.003506892213985194,-0.0035725391996980047,-4.324343200675962,-1.5135201202365862,0.0,-0.11780236498112744,-0.11794010533988317,-0.16072022380866546,-0.16075245231027047,-0.1607202238086655,-0.1057202238086662,0.13927977619133475,0.021477411210206354,0.0,0.16072022380866546,0.19390268156645196,0.0008474858697368155,0,1,0,1,1,5.24715633356404e-09,5.24715633356404e-09,0,1,0.1989169977605343,1.172749993210608,0.07628762075053981,0.2930026114716035,-0.0778025637269636,-1.242549993210608,-0.02087277966341219,1.4895453544704527,-0.7857780298735498,0.2657150073672221,0.18697138563890717,-0.2868463256972044,0.2995064161461569,-0.018501158450687217,-0.26168351790838695,-0.015728720991022724,1.7189640368749126,-33.57236292291283,0.060817619379725005,20.731173294400662,0.7664786479579728,2.5534191615518855,0.00945961143067085,1.109688249632978,-29.99389629161648,3.14802957623867,23.49510641116565,4.7775851503500455,13.368599372853538,0.13270163904044283
5.431000000000148,2,1,1,1,0.0009879389099202432,0.0,0.6670295997007191,5.0,0.6266602686613242,-0.0022271648138279835,0.43765866079546795,0.0015210671972333595,-0.00025944364311053996,0.006400377562591458,0.6503500097692771,-9.278252918510013e-06,0.023793336347786527,3.687344853633141,0.09226499999999317,0.09226499999999317,1.0,0.0023715729985040895,0.0008959884549249362,-0.005725979406480049,-0.005385417749035513,-0.005725979406479994,-0.0033544064079759103,-3.9903414009519005,-1.3966194903331648,0.0,-0.1177945755161816,-0.11793521647184721,-0.16076972605972176,-0.16080046617155283,-0.16076972605972178,-0.10576972605972247,0.13923027394027845,0.02143569842409592,0.0,0.16076972605972176,0.19390268156645196,0.0009583595307740485,0,1,0,1,1,-3.736200753223784e-07,-3.736200753223784e-07,0,1,0.1996249775402248,1.1697011262460237,0.07900188779591291,0.2948978846130583,-0.08074102407372193,-1.2395011262460238,-0.021085404889856555,1.4869139989912297,-0.7859357509478119,0.2776390981279279,0.19223134282599472,-0.3014590723914708,0.31059017802672645,-0.02442556958402367,-0.26523043344294867,-0.015932473476854236,1.8445999716186319,-33.60679563078827,0.0803123836199578,20.678385787143682,0.7664887313822559,2.643541205379596,-0.008736521476066557,1.198439834231554,-29.98660134815276,3.3239435816122738,23.494588733671648,4.993853343724435,13.504955972657504,0.11107864989924575
5.441000000000152,2,1,0,0,0.0010097696822788382,0.0,0.621146766883176,5.0,0.6266736607125938,-0.002225552836509024,0.43772792557990836,0.0004085920474380648,0.002316541401646548,0.006059355383504457,0.6506500097692771,-9.278252918510013e-06,0.02407856281254737,3.7959946577733485,0.09256499999999314,0.09256499999999314,1.0,0.0,0.0,-0.0044659319332797775,-0.004422013304134439,-0.0044659319332797775,-0.0044659319332797775,-3.6488144696423026,-1.2770850643748057,0.0,-0.11778528602979019,-0.11792791713683583,-0.1608229865186704,-0.1608539327137781,-0.16082298651867044,-0.1058229865186711,0.1391770134813298,0.021391727451538715,0.0,0.1608229865186704,0.19390268156645196,2.0400010174493597e-05,0,1,0,1,1,1.0169915926755424e-08,1.0169915926755424e-08,0,0,0.18879200797528028,1.166554296649738,0.08183402918710106,0.296839844336732,-0.08381802271743391,-1.236354296649738,-0.021320363470132695,1.4842248926214685,-0.7861008891957371,0.2856027368537868,0.1936689004023215,-0.30974408211177784,0.3121882697140545,-0.017346919197026658,-0.2702054639152122,-0.01711747413612748,1.7016015897253165,-33.6202109536177,0.6889422978857294,19.228985233992802,1.340990370936681,2.408562795036895,-0.035709524248147086,1.1339072845969203,-30.019875971374095,3.3296660323252967,23.567874095437066,5.056279078701407,13.708736178918448,0.11961901682256164
5.451000000000155,2,1,0,0,0.0010040293509245846,0.0,0.537903953469754,5.0,0.6266687362308362,-0.0021740515884842724,0.43776816802858554,-0.0009785513589074997,0.006753770464993521,0.0025758521039295538,0.6509500097692771,-9.278252918510013e-06,0.024377581673393416,3.901760671463834,0.0928649999999931,0.0928649999999931,1.0,0.0,0.0,-0.0045885709779991965,-0.004546460250924771,-0.0045885709779991965,-0.0045885709779991965,-3.303504247275703,-1.156226486546496,0.0,-0.11778528602979019,-0.11792791713683583,-0.16086832643169122,-0.16089884491589276,-0.16086832643169124,-0.1058683264316919,0.139131673568309,0.02134638753851791,0.0,0.16086832643169122,0.19390268156645196,1.1898501611538024e-05,0,1,0,1,1,1.830297401486658e-08,1.830297401486658e-08,0,0,0.2026250003837049,1.1635215514498969,0.08469259125752787,0.2987481898382919,-0.08690733981227255,-1.233321551449897,-0.021415192053206057,1.4815605419614541,-0.786270816301953,0.2864056547779861,0.18874685225849558,-0.3088267400660987,0.296570529518849,-0.005429295206390875,-0.26284001260655604,-0.01667254717028142,1.4375004028741827,-33.749847121712875,0.35327450070160166,19.31299974351111,1.0738795727987094,2.4032076237650046,-0.011788434149360089,0.8424321541239529,-30.082477885570885,3.0556469100363817,23.73696087148151,4.86617019423857,13.937658645196171,0.14983479661769383
5.461000000000158,2,1,1,1,0.000991319232165804,0.5085362409979963,0.5237876907212864,5.0,0.6266597742719849,-0.002110027613505327,0.43780158047071255,-0.0003864349169268435,0.005612582463057395,0.0045992296888882865,0.651250009769277,-9.278252918510013e-06,0.024679806111237806,4.008119329877735,0.09316499999999307,0.09316499999999307,1.0,-0.00017412718894505288,-8.685644317126985e-05,-0.004680120919718118,-0.0047050528575693674,-0.004680120919718118,-0.004854248108663182,-2.9581940249091616,-1.0353679087182064,0.0,-0.11778950103827761,-0.11793477949706581,-0.16091012068575658,-0.16094024411481964,-0.1609101206857566,-0.10591012068575725,0.13908987931424363,0.021300378275965124,0.0,0.16091012068575658,0.19390268156645196,0.0006412505217713211,0,1,0,1,1,6.97761666935276e-09,6.97761666935276e-09,0,1,0.20650000078603625,1.1605044215032971,0.0875973376837495,0.3006596041578358,-0.09004329113392098,-1.2303044215032972,-0.02148558322216908,1.478896600912087,-0.7864445384513316,0.2942833323274815,0.1942338816758967,-0.3181130926584895,0.30884498266833543,-0.01030938351488034,-0.2699025492967682,-0.017924084804144695,1.468331262540863,-33.90671182195908,-0.08891249461835073,20.041610043974195,0.5651695512554552,2.2833787581814846,-0.005374602556065143,0.7858530616348975,-30.09510331208133,3.0652768996014665,23.776170949957745,4.962449724187462,14.11807936853724,0.15856516950485888
5.471000000000162,2,1,0,0,0.0010017762108269768,0.0,0.5116507365344383,5.0,0.626660776785142,-0.0020604778924247433,0.4378596165846422,0.0009302058098815925,0.00341900661359419,0.00703099761104366,0.651550009769277,-9.278252918510013e-06,0.024973612844353656,4.1179212662443225,0.09346499999999304,0.09346499999999304,1.0,0.0015134540584913936,0.00046009391765583485,-0.005576750442965735,-0.005377833887842637,-0.005576750442965735,-0.004063296384474391,-2.616667093599739,-0.9158334827599085,0.0,-0.11778542391914931,-0.11793339713491792,-0.1609608601038554,-0.16099011181368314,-0.16096086010385544,-0.10596086010385605,0.1390391398961448,0.021253715976994613,0.0,0.1609608601038554,0.19390268156645196,0.0007910002318725816,0,1,0,1,1,-1.4066422693304048e-08,-1.4066422693304048e-08,0,1,0.21141604520380497,1.1573475810598692,0.0905888061299406,0.30263209428346494,-0.09328213095341689,-1.2271475810598693,-0.021615085141003593,1.476164206648798,-0.7866254415164273,0.3074518498020333,0.20019024487341358,-0.3345103988695056,0.3219665330138876,-0.01664198149868343,-0.27485586803220946,-0.018136095628396638,1.662789371770983,-34.07524657530924,-0.6161742053928588,20.537882645672607,0.5927449567977615,2.2964700532700393,0.0046770079068400115,0.829577089001336,-30.085488993159426,3.201307255562762,23.76783383406258,5.171544697970817,14.253707074032608,0.1438977795095412
5.481000000000165,2,0,0,0,0.0010072047742377133,0.0,0.44308200356349675,5.0,0.6266581894396217,-0.001995999983698242,0.4379126712911021,-0.0007853464298866043,0.008353302341290874,0.003961902484135681,0.651850009769277,-9.278252918510013e-06,0.025270039073123442,4.228100536824639,0.093764999999993,0.093764999999993,1.0,0.0,0.0,-0.004889494256658153,-0.004842674121325006,-0.004889494256658153,-0.004889494256658153,-2.282665293875969,-0.7989328528565891,0.0,-0.11778542391914931,-0.11793339713491792,-0.16100942021623899,-0.16103858266475823,-0.161009420216239,-0.10600942021623964,0.13899057978376123,0.02120515586461101,0.0,0.16100942021623899,0.19390268156645196,1.1711977678200874e-05,0,1,0,1,1,1.573949797491897e-08,1.573949797491897e-08,0,0,0.19024999346584082,1.1541970012933207,0.09366566826170956,0.3046123441911106,-0.09661711449719766,-1.2239970012933208,-0.021700691362612802,1.4734272724486068,-0.7868100758283813,0.308217499821224,0.19601996439033018,-0.33328537632558347,0.3087609386385774,-0.0036588278926593847,-0.27053946325193967,-0.018317241634688897,1.2786306235664289,-34.044018802271815,0.0836144559798454,19.177515749261424,0.9959229916542599,2.1111019192687284,-0.016074963447277248,0.5892293469607122,-30.13902001171499,3.002468326153729,23.902181523591707,5.059762780158373,14.472456749184216,0.16717516704508031
5.491000000000168,2,0,1,1,0.000996531750733636,0.6282710214018038,0.4231874278405909,5.0,0.6266489335202583,-0.0019084952570311321,0.43794906093620606,-0.0008089494327024491,0.00782567253740692,0.004710722967353902,0.652150009769277,-9.278252918510013e-06,0.025571701450763373,4.337299212900991,0.09406499999999297,0.09406499999999297,1.0,-0.000546946347841715,-0.0002621605569308701,-0.003789733109830517,-0.004403456174314096,-0.0037897331098304893,-0.004336679457672253,-1.959848019349996,-0.6859468067724985,0.0,-0.11778722988879946,-0.1179369910715634,-0.16105443452141996,-0.16108372347001693,-0.16105443452142,-0.10605443452142063,0.13894556547858025,0.021158335589779892,0.0,0.16105443452141996,0.19390268156645196,0.000989753772459941,0,1,0,1,1,-3.8890798415014416e-08,-3.8890798415014416e-08,0,1,0.1925830147229135,1.1511235121423027,0.09678222104171166,0.3065710098497689,-0.09998829905545895,-1.2209235121423028,-0.021728831167344555,1.4707299292856564,-0.7869918793978026,0.31788333169033395,0.1981359614383918,-0.34509734469665854,0.31276442429696616,-0.004993941159319152,-0.2731824383922002,-0.018406323136445232,1.5102790144065343,-34.48101936063912,-1.0284273108736948,20.192300867358806,0.4486416560751811,1.7307064698876806,-0.023429779233901306,0.47079548759794676,-30.153094946390244,2.945354459372925,23.956648287545672,5.091253268318182,14.636680500144875,0.1690319736739821
5.501000000000172,2,0,0,0,0.0010032001673483948,0.0,0.38543009799097094,5.0,0.6266494852795306,-0.0018288546654483158,0.4380036214227489,-0.00021505740959515003,0.009262192082021229,0.00457760147016594,0.6524500097692769,-9.278252918510013e-06,0.02586460752199878,4.448526120473397,0.09436499999999294,0.09436499999999294,1.0,0.0,0.0,-0.00500505741566915,-0.004953614212238698,-0.00500505741566915,-0.00500505741566915,-1.6517521236353891,-0.5781132432723861,0.0,-0.11778554683019658,-0.11793680489639066,-0.16110527173885802,-0.16113346550725116,-0.16110527173885805,-0.1061052717388587,0.1388947282611422,0.021109181430944715,0.0,0.16110527173885802,0.19390268156645196,1.155566799960828e-05,0,1,0,1,1,1.080245879943667e-08,1.080245879943667e-08,0,0,0.1902079675346613,1.1479435825896507,0.09999738282278946,0.3085805373627796,-0.10348299756744084,-1.2177435825896508,-0.021777927011690103,1.4679899992644452,-0.7871855361517816,0.3233496390724784,0.19971071381045552,-0.35113725561938236,0.3137199276966026,-0.0014787119882839223,-0.2714480538513223,-0.01945924508958188,1.1458732047219269,-34.20952163856402,-0.1045254540058435,19.089445847465143,0.9477817966702371,1.937586465354668,-0.024852724277202316,0.39173051348378296,-30.165891766389848,2.9475658920030505,23.991950717855733,5.174534717541974,14.795403436385007,0.1727668787852111
5.511000000000175,2,1,1,1,0.000995570541174078,8.489448890701112,0.6720149771784005,5.0,0.6266636497561007,-0.0017149292742523609,0.43804035939617403,0.007381062417199883,0.015652135849291784,0.0037011684495939275,0.6527500097692769,-9.278252918510013e-06,0.02614206235444358,4.55176507639736,0.09466499999999291,0.09466499999999291,1.0,-0.0182011678223368,-0.015198510529316055,-0.01751512104603918,-0.015226184184635214,-0.01751512104603907,-0.03571628886837589,-1.3617531698388092,-0.47661360944358316,0.0,-0.11782949580982549,-0.11798024069113193,-0.1611836001507381,-0.16120485491968647,-0.16118360015073813,-0.10618360015073881,0.1388163998492621,0.0209869040394357,0.0,0.1611836001507381,0.19390268156645196,0.0010497807922604265,0,1,1,3,1,-0.04940249592316172,-inf,0,0,0.20108302123844624,1.1449879823622837,0.10303192516444704,0.31047876388529294,-0.10671721534258638,-1.2147879823622838,-0.02182830058122981,1.4654875558192728,-0.7873466065887219,0.24202146952180484,0.16479624615030228,-0.24002701724406672,0.2551649901470739,-0.01918693501981825,-0.19405852778030452,-0.009362745231306271,-3.0087599945111316,-37.059187769801646,2.8791704599505064,15.775013423646282,0.8702522013878838,4.318140532418034,0.1267025928581479,-0.009240872956838952,-29.89558907763405,2.395099590617778,23.77415890819421,5.0074555098048705,14.469468620818065,0.25426362443621625
5.521000000000178,2,1,1,1,0.0009957778086764615,4.765247097809995,1.2045885603028836,5.0,0.6268206444290203,-0.0014858878384453973,0.438061697380863,0.019091421847701035,0.027110924645150525,0.0003066782926827488,0.6530500097692769,-9.278252918510013e-06,0.026270896102354814,4.600626582580829,0.09496499999999287,0.09496499999999287,1.0,-0.0434358650421662,-0.042392154592900744,-0.031241071975988115,-0.03095875856320225,-0.031241071975988115,-0.07467693701815435,-1.0930284471842375,-0.3825599565144831,0.0,-0.11805321397802399,-0.11820528998777387,-0.161467957196463,-0.16147936100531382,-0.16146795719646304,-0.10646795719646368,0.1385320428035372,0.020478828825512337,0.0,0.161467957196463,0.19390268156645196,0.00012457933102157768,0,1,1,3,1,-0.08400512928110546,-inf,0,0,0.19991700537502766,1.1430637844864102,0.10463783195991141,0.3117598226390659,-0.1080323097823427,-1.2128637844864103,-0.022095416676827864,1.4643759475176716,-0.7873884183120052,0.11346160037306653,0.10364145547318034,-0.06959339072709225,0.1496667703656173,-0.028698852069963383,-0.06310490279405413,-0.0014119309664377953,-1.4173564291691756,-36.26986662526941,0.5059955357544939,17.091868549769604,1.0163133346336974,2.5779990085011835,0.018841474133543104,-0.9669099809083519,-29.12153603973115,0.964079609159515,22.998073472252532,4.274807441034707,13.221103645035274,0.5380069111841705
5.531000000000182,2,1,1,1,0.000989485580861065,2.9502554302342907,1.5568721347263585,5.0,0.6270133585173085,-0.0012039000529745396,0.43806344622716803,0.01851836706908325,0.02856249183247407,1.2693430355485186e-05,0.6533500097692768,-9.278252918510013e-06,0.026363731154997214,4.619232339137904,0.09526499999999284,0.09526499999999284,1.0,-0.029461590455284663,-0.028959938091301672,-0.024196986637322476,-0.024313538099022883,-0.024196986637322497,-0.05365857709260717,-0.8485221599673425,-0.2969827559885698,0.0,-0.11840562705681706,-0.11855068860075892,-0.1617467943299968,-0.16175814136997857,-0.16174679432999683,-0.10674679432999742,0.1382532056700034,0.019847578613185493,0.0,0.1617467943299968,0.19390268156645196,5.2685605188129544e-05,0,1,1,3,1,-0.3603291819626922,-inf,0,0,0.2044580178335309,1.141891847440412,0.10547731931897458,0.3125846075698378,-0.10836667588711726,-1.2116918474404121,-0.022391079987412032,1.46403286979046,-0.7873891374731309,0.06641371703455609,0.06784526657261578,-0.012930374604266623,0.09495070589271729,-0.028854145642586728,-0.017689590938987337,0.0006361602540878192,-0.8219320170556438,-35.8356111109966,-0.2740997996021434,17.7815257288199,1.0298078903725525,1.9739146204757498,-0.009049110087948382,-1.3064811432231815,-28.808931948522098,0.45558863890451645,22.837248936784366,3.9710348473898875,12.919670460158775,0.6217439624568689
5.541000000000185,2,1,1,1,0.0009845233851672177,2.0226662668566724,1.6778010822782727,5.0,0.627179824775221,-0.0009211299029394087,0.438061723699983,0.015040981977466512,0.027911624788315246,-0.00027416097030152827,0.6536500097692768,-9.278252918510013e-06,0.02648588618587604,4.62700981480343,0.09556499999999281,0.09556499999999281,1.0,-0.019494567331765862,-0.019085972940765795,-0.015653693646315903,-0.015777683793215598,-0.015653693646315896,-0.03514826097808176,-0.6309131702371028,-0.22081960958298594,0.0,-0.11864468276736465,-0.1187844954964352,-0.16194031817953058,-0.1619529950806362,-0.1619403181795306,-0.10694031817953116,0.13805968182046963,0.019414999053104152,0.0,0.16194031817953058,0.19390268156645196,4.480912518434869e-05,0,1,1,3,1,-0.7905173878775402,-inf,0,0,0.1954169711098075,1.1411357874900447,0.10602260813003898,0.31313296097516363,-0.10837445213396212,-1.2109357874900448,-0.022654324083357994,1.4639575096529513,-0.7873794564008735,0.04712375491700876,0.04572398768456304,0.006117786196515463,0.06225494285665609,-0.023925144688916933,-0.001604446346191318,0.0011203055593209156,-0.5772952124572235,-35.571813236877055,-0.5345317490585318,18.193699078182256,0.9730145896614706,1.7602407022679774,-0.015896410188041252,-1.4980824914745452,-28.644577673593762,0.1991603791377063,22.862055760382933,3.771997399060357,12.933993866814681,0.6430313918492216
5.5510000000001885,2,1,1,1,0.0009808847364957953,1.5381614950281253,1.6919681548424108,5.0,0.6273104124069533,-0.0006479055183940593,0.4380592619034531,0.011479649312515003,0.026803993898520697,-0.00017844115485467376,0.6539500097692768,-9.278252918510013e-06,0.02664725112297552,4.630291648027126,0.09586499999999278,0.09586499999999278,1.0,-0.013930504249066914,-0.01373826903846027,-0.009233239374759955,-0.009317113820729387,-0.00923323937475996,-0.02316374362382687,-0.44258564762261504,-0.15490497666791525,0.0,-0.11880641340292,-0.11894346783595,-0.16205965463051053,-0.16207336388367485,-0.16205965463051056,-0.10705965463051116,0.13794034536948968,0.01913393196656883,0.0,0.16205965463051053,0.19390268156645196,2.8484621243081887e-05,0,1,1,3,1,-1.0702571406551822,-inf,0,0,0.2060420229099691,1.1406303218939073,0.10643782713923765,0.31350657289120215,-0.10827233272122135,-1.2104303218939074,-0.02286197809775478,1.4639740400838668,-0.7873685166606303,0.03781736296089287,0.031386363441000605,0.012516516292428923,0.04238018289687866,-0.018268702638897603,0.003270374105763203,0.001023835693042709,-0.46031366423440745,-35.40258585185847,-0.6215602774012765,18.44364431379816,0.9043259328061668,1.6929776244641896,-0.015153060646445513,-1.6521951876579994,-28.517002879822773,0.02040269332906064,22.917693745525177,3.6171906261829117,13.036979921553172,0.6475433343677313
5.561000000000192,2,1,1,1,0.000980285209440406,1.15233654559784,1.6454278905382216,5.0,0.6274080485762364,-0.0003869372697771767,0.4380588967369389,0.008466525938455685,0.025499279870097116,9.16518947527825e-05,0.6542500097692767,-9.278252918510013e-06,0.026844617840857687,4.6316027426020865,0.09616499999999274,0.09616499999999274,1.0,-0.01058103997020728,-0.010498002965686655,-0.00496725831166369,-0.005011775227519286,-0.004967258311663691,-0.015548298281870977,-0.285602947871712,-0.09996103175509918,0.0,-0.1189262700684883,-0.1190620239340449,-0.16212691611299415,-0.16214123975806735,-0.16212691611299418,-0.10712691611299474,0.13787308388700606,0.01894681381851694,0.0,0.16212691611299415,0.19390268156645196,1.9173057581746155e-05,0,1,1,3,1,-1.256341076696503,-inf,0,0,0.20712497644126415,1.1402806232484601,0.10678445166004556,0.31376402260879577,-0.10813434903676546,-1.2100806232484602,-0.023018399549960385,1.4640119458341496,-0.7873595960791937,0.03245027242436633,0.021676081057687605,0.014467996349222132,0.029715093637079113,-0.013688754922820331,0.0038990671773119403,0.0007810790969497896,-0.39368907127872804,-35.28844665093703,-0.6481687147853079,18.602067388923686,0.8476542402374498,1.6829003303623662,-0.01225817179002497,-1.788910003550032,-28.39763891212209,-0.12311835761036322,22.970588243734774,3.4953087071182933,13.16446242913197,0.6475506211570108
5.571000000000195,2,1,1,1,0.000983452412846946,0.8926205246357264,1.5622112587472883,5.0,0.6274802018982824,-0.0001390679169210214,0.43806178628694176,0.006323674074312849,0.024221851581434747,0.00046561299752417417,0.6545500097692767,-9.278252918510013e-06,0.027070119015797263,4.631871440778602,0.09646499999999271,0.09646499999999271,1.0,-0.007429612147451191,-0.007382213339785678,-0.002393287038710465,-0.002410876223151682,-0.002393287038710464,-0.009822899186161655,-0.1616850062936074,-0.05658975220276258,0.0,-0.11901388028647812,-0.1191490150096289,-0.16216128435225727,-0.1621758887877621,-0.1621612843522573,-0.10716128435225789,0.13783871564774294,0.01882483536126401,0.0,0.16216128435225727,0.19390268156645196,1.2983748655521377e-05,0,1,1,3,1,-1.377585097977994,-inf,0,0,0.21591701079159975,1.1400316603044156,0.10708796180999224,0.3139420484881524,-0.10798681643950195,-1.2098316603044157,-0.023134860285020462,1.4640502475684534,-0.7873529937655223,0.02880850324836096,0.015006763583715365,0.014860203530771656,0.02149161288957199,-0.010096558647227489,0.0037823130159237977,0.0005701979941236545,-0.3489672148899778,-35.21008640239147,-0.6534152189872167,18.70493893056537,0.803462031559299,1.6844896128856002,-0.009643585403815484,-1.9183887026161077,-28.27157837200525,-0.25074027556778306,23.00141978779911,3.3939001787206315,13.280844983086238,0.6466216511823691
5.5810000000001985,2,1,1,1,0.000991202731353418,0.7007573644380096,1.4598134916308292,5.0,0.6275352063067444,9.659838422025786e-05,0.43806881201970077,0.004913644750859181,0.02304314202163949,0.0009000087164601876,0.6548500097692767,-9.278252918510013e-06,0.027315008659326005,4.631198395735018,0.09676499999999268,0.09676499999999268,1.0,-0.005205920465883022,-0.005179413419689482,-0.0009369846751603554,-0.0009425747852328872,-0.0009369846751603557,-0.006142905141043377,-0.07218949378772847,-0.025266322825704964,0.0,-0.11907528384145044,-0.11921006890437251,-0.16217647987094103,-0.16219118550541473,-0.16217647987094105,-0.10717647987094164,0.13782352012905918,0.018748236287607915,0.0,0.16217647987094103,0.19390268156645196,8.743556535027282e-06,0,1,1,3,1,-1.4536442535657124,-inf,0,0,0.1871249987743795,1.1398479000013555,0.10736039224696249,0.31406535905346283,-0.10783880975761258,-1.2096479000013556,-0.02321985700975025,1.464087836807455,-0.7873481894835337,0.026064504448622912,0.01039099279733992,0.014702621399260145,0.016170922471881316,-0.007310032448355892,0.0037500213280079343,0.00041447963352685726,-0.3154385621527022,-35.15590720774537,-0.6511854003984128,18.7714007242901,0.7690123880458036,1.6850875430065557,-0.007703603033963134,-2.0459963315123715,-28.136629327317948,-0.3717607195907479,23.009418544086678,3.304978942795774,13.379188466966038,0.6463342365720881
5.591000000000202,2,1,0,0,0.0010032672553627053,0.0,1.3323898178116744,5.0,0.6275785533433454,0.00032135552029393007,0.43807976400460624,0.0037832211213606956,0.022254039116668293,0.0010378662699742506,0.6551500097692766,-9.278252918510013e-06,0.02757343881598757,4.629691453716459,0.09706499999999264,0.09706499999999264,1.0,0.0,0.0,-0.00020943355378508688,-0.00021077973554939024,-0.00020943355378508688,-0.00020943355378508688,-0.01809694191722975,-0.006333929671030411,0.0,-0.11911094643353161,-0.11924364313652021,-0.16218135712388032,-0.16219609039670801,-0.16218135712388035,-0.10718135712388095,0.1378186428761199,0.01870769644258743,0.0,0.16218135712388032,0.19390268156645196,4.928725285870207e-06,0,1,1,3,1,-1.4923287235243552,-inf,0,0,0.1777080469764769,1.1397073611972204,0.1076085619980642,0.314150475471789,-0.10769341704532766,-1.2095073611972205,-0.023279789970664818,1.4641247468564471,-0.7873447512151271,0.023827989339751485,0.007136622367681795,0.014558550768988163,0.012126036896699739,-0.00441046573446756,0.0034188556761295934,0.0002636088135612503,-0.2884541722378516,-35.11771807952064,-0.647380516122327,18.818204825868197,0.7380960685783948,1.6874082098217111,-0.006059682965062056,-2.17868254421329,-27.99934319962088,-0.49576939874113196,23.008869216426056,3.218592911379426,13.47300548857308,0.6483135145038459
5.601000000000205,2,1,0,0,0.001010483493497638,0.0,1.1538299622165469,5.0,0.6276088724160038,0.0005440345823424664,0.43808563868488215,0.002507161876818659,0.022153717255029567,0.00028152110130587636,0.6554500097692766,-9.278252918510013e-06,0.027846635060945233,4.627750220074273,0.09736499999999261,0.09736499999999261,1.0,0.0,0.0,0.0,0.0,0.0,0.0,-0.0,-0.0,0.0,-0.11911094643353161,-0.11924364313652021,-0.16218193324468855,-0.1621966700755213,-0.16218193324468858,-0.10718193324468911,0.13781806675531166,0.018707120321779264,0.0,0.16218193324468855,0.19390268156645196,2.1716946733724933e-06,0,1,1,3,1,-1.4928796782207354,-inf,0,0,0.18045800970867276,1.139611773755109,0.10783643043980386,0.31420911195443124,-0.10754558004895189,-1.209411773755109,-0.02330210979791855,1.464152469051317,-0.7873432603464532,0.02203639057247923,0.00497245352104901,0.014866061176991498,0.007769510886187449,-0.000955038359148719,0.0023230875776036938,7.731192046024448e-05,-0.26615792967189084,-35.09211125686557,-0.6509364365527088,18.87292900151509,0.6923320403861644,1.701335009997982,-0.003635065373246,-2.3596249280291857,-27.888590906330286,-0.6693463328918094,23.04277494635099,3.0986132919623044,13.60313320133879,0.660960489321446
5.6110000000002085,2,1,0,0,0.001011942727138837,0.0,0.9991997566411998,5.0,0.6276291145027,0.0007622673802200712,0.4380858171969749,0.0016797979892775455,0.021506624022167516,-0.00016374790089280835,0.6557500097692766,-9.278252918510013e-06,0.02813147762307881,4.6260277174316595,0.09766499999999258,0.09766499999999258,1.0,0.0,0.0,0.0,0.0,0.0,0.0,-0.0,-0.0,0.0,-0.11911094643353161,-0.11924364313652021,-0.16218193324468855,-0.1621966700755213,-0.16218193324468858,-0.10718193324468911,0.13781806675531166,0.018707120321779264,0.0,0.16218193324468855,0.19390268156645196,1.0689745551016522e-06,0,1,1,3,1,-1.4928796782207354,-inf,0,0,0.1787089859135449,1.1395501477309375,0.10804937898622194,0.31425074983526907,-0.10739773156928584,-1.2093501477309376,-0.023303739326233322,1.4641712762682066,-0.7873430027870386,0.020738746979785783,0.00359286708791347,0.014666247381311236,0.0050336998112128,0.00029274212907894824,0.0015561052543545304,-6.400546470331892e-06,-0.2501810048931433,-35.0760118809502,-0.6479567965831562,18.90723838237815,0.6757513683879324,1.7108855496567077,-0.0025439843166115577,-2.5100098543620106,-27.769443883140937,-0.8065479854439124,23.059241749690027,3.0181857680773456,13.717119257300048,0.6694652300641795
5.621000000000212,2,1,0,0,0.0010098391330394252,0.0,0.8652922756086797,5.0,0.6276427400106076,0.0009728256849778506,0.438082597977153,0.0011369060124527112,0.020673423972518076,-0.0004309436601435747,0.6560500097692765,-9.278252918510013e-06,0.02842424147249346,4.624737763138443,0.09796499999999254,0.09796499999999254,1.0,0.0,0.0,0.0,0.0,0.0,0.0,-0.0,-0.0,0.0,-0.11911094643353161,-0.11924364313652021,-0.16218193324468855,-0.1621966700755213,-0.16218193324468858,-0.10718193324468911,0.13781806675531166,0.018707120321779264,0.0,0.16218193324468855,0.19390268156645196,5.987370028997541e-07,0,1,1,3,1,-1.4928796782207354,-inf,0,0,0.1787919900380075,1.1395100462000227,0.10825082975272939,0.3142814554765182,-0.10725336183160372,-1.2093100462000228,-0.023298084169418254,1.464183735012322,-0.7873432958697867,0.019684341732714005,0.0027008515073495007,0.014226978554298983,0.0032888813577671575,0.000718396891989311,0.001023798150040427,-4.35284293761641e-05,-0.23732870988268773,-35.06576995727764,-0.6418614099939556,18.929124181243058,0.6700920185671818,1.7175634986725337,-0.002059862499888425,-2.6447432903617614,-27.645295453243964,-0.9260033277261652,23.06547324327001,2.954744607426272,13.821350046953825,0.6758772318617547
5.631000000000215,2,1,0,0,0.0010055382665399848,0.0,0.7493303688792904,5.0,0.6276520393322924,0.001174738162128609,0.43807734218765715,0.0007826135788463593,0.01979538789539128,-0.0005905004938002273,0.6563500097692765,-9.278252918510013e-06,0.02872238503455298,4.623852423807642,0.09826499999999251,0.09826499999999251,1.0,0.0,0.0,0.0,0.0,0.0,0.0,-0.0,-0.0,0.0,-0.11911094643353161,-0.11924364313652021,-0.16218193324468855,-0.1621966700755213,-0.16218193324468858,-0.10718193324468911,0.13781806675531166,0.018707120321779264,0.0,0.16218193324468855,0.19390268156645196,3.63300345968577e-07,0,1,1,3,1,-1.4928796782207354,-inf,0,0,0.18129200907424092,1.139483727847787,0.1084424831512351,0.3143050638871528,-0.10711399603532612,-1.209283727847787,-0.023290068810330068,1.464191914037626,-0.7873438308808041,0.018754247820514436,0.00211947460696849,0.013690903343365337,0.0021679189065641684,0.0008439935464560699,0.0006718932614664085,-5.9605045913449e-05,-0.22606138986957616,-35.05925163917517,-0.6345108265901354,18.94320093087452,0.6684191120037215,1.721989523497476,-0.0018501314304082807,-2.7700914169748145,-27.51795413720707,-1.035517834220154,23.065159678446513,2.899308542207592,13.919010340300993,0.6811987631036814
5.6410000000002185,2,1,1,1,0.0009999028738846552,0.2836364744984356,0.6489090652401763,5.0,0.6276585143607797,0.0013678881228169903,0.43807088229307756,0.0005510573894858725,0.01892509231366552,-0.0006835926579938129,0.6566500097692765,-9.278252918510013e-06,0.029024186349445626,4.6232889180228565,0.09856499999999248,0.09856499999999248,1.0,0.0,-0.001060254395850744,0.0,0.0,0.0,0.0,-0.0,-0.0,0.0,-0.11911094643353161,-0.11924470339091606,-0.16218193324468855,-0.1621966700755213,-0.16218193324468858,-0.10718193324468911,0.13781806675531166,0.018707120321779264,0.0,0.16218193324468855,0.19390268156645196,2.293851437383185e-07,0,1,1,3,1,-1.4928796782207354,-inf,0,0,0.17974997172132134,1.1394662893578673,0.10862525887065567,0.31432402457164094,-0.10698019058249769,-1.2092662893578674,-0.02328148437765054,1.4641972945264063,-0.7873444675134728,0.01789617691409088,0.001736880072816386,0.013125075505531915,0.0014439275963250818,0.0008611529138805973,0.00044344576989838316,-6.602650164692216e-05,-0.21569869813711062,-35.055111315246926,-0.6267833564374118,18.952312310030763,0.6681881278683593,1.7248639808341892,-0.0017661049423255116,-2.888602524956431,-27.38870367091172,-1.138262417449757,23.06080820243559,2.848390241900101,14.012405610769177,0.6858920638846737
5.651000000000222,2,1,1,1,0.0009973332102927992,0.2784197991928375,0.5995057821698783,5.0,0.6276652782409197,0.0015486135889365357,0.4380675749150485,0.0007596033044814079,0.017437564691939245,-5.707072541006834e-05,0.6569500097692764,-9.278252918510013e-06,0.0293261406884515,4.622907634872473,0.09886499999999245,0.09886499999999245,1.0,-0.0017594083549107625,-0.0017714280493382932,0.0,0.0,0.0,-0.0017594083549107625,-0.0,-0.0,0.0,-0.11913002778093995,-0.11926393136696306,-0.16218193324468855,-0.1621966700755213,-0.16218193324468858,-0.10718193324468911,0.13781806675531166,0.01868803897437092,0.0,0.16218193324468855,0.19390268156645196,2.9343929543872223e-06,0,1,1,3,1,-1.5126878108401376,-inf,0,0,0.18525001360103488,1.1394474295359274,0.1088001299087894,0.31433967364646254,-0.10685507288881349,-1.2092474295359275,-0.023282211606405156,1.4642043057192757,-0.7873446954483532,0.017128649257467054,0.0014118201645587623,0.012044899454350503,0.0022130129173229506,-0.0006230992925349416,0.0008691683419302061,4.632772760701821e-06,-0.20651357073207444,-35.051774101679285,-0.613431859117028,18.944603477708828,0.684957238796871,1.7203631649613178,-0.002551553954953776,-2.9683496529235858,-27.243817138727337,-1.2000445381455913,23.031276123692404,2.8296250388804287,14.079483318283867,0.6840159629193355
5.661000000000225,2,1,0,0,0.0010004983984238103,0.0,0.5555436135670311,5.0,0.6276735038793742,0.0017163364108806825,0.4380699705500213,0.0008600802010578918,0.016261985387992423,0.0004669783939937935,0.6572500097692764,-9.278252918510013e-06,0.029626802841740123,4.622411669898101,0.09916499999999241,0.09916499999999241,1.0,-0.0014055467490563713,-0.0007143889986958553,0.0,0.0,0.0,-0.0014055467490563713,-0.0,-0.0,0.0,-0.11914567095310563,-0.11927895951529248,-0.16218193324468855,-0.1621966700755213,-0.16218193324468858,-0.10718193324468911,0.13781806675531166,0.018672395802205234,0.0,0.16218193324468855,0.19390268156645196,1.4529933692676847e-06,0,1,1,3,1,-1.5282893943106168,-inf,0,0,0.19116699695587158,1.1394221840778516,0.10896666183958338,0.31435168553402854,-0.10673957140339162,-1.2092221840778516,-0.023291759632216583,1.4642142458988185,-0.78734445762069,0.01625554401402985,0.0010218859256494962,0.011171988714146666,0.0027443809935592057,-0.0011345014563335942,0.0010706092218282547,3.514129171514282e-05,-0.19613742060032052,-35.04751628958212,-0.6019266813651106,18.937915971608458,0.6918977529769795,1.7177652840690845,-0.002952512649200883,-3.0481062555838045,-27.098988081960186,-1.2644569177952647,23.003386247387752,2.802372015099965,14.148429167108791,0.6826118904381361
5.6710000000002285,2,0,0,0,0.0010049948674419884,0.0,0.4810925887323865,5.0,0.6276803801282035,0.0018768108899373196,0.4380736215179347,0.0005681240742966682,0.01583066051078661,0.0002953988521361586,0.6575500097692764,-9.278252918510013e-06,0.029929118048309705,4.621729827885694,0.09946499999999238,0.09946499999999238,1.0,0.0,0.0,0.0,0.0,0.0,0.0,-0.0,-0.0,0.0,-0.11914567095310563,-0.11927895951529248,-0.16218193324468855,-0.1621966700755213,-0.16218193324468858,-0.10718193324468911,0.13781806675531166,0.018672395802205234,0.0,0.16218193324468855,0.19390268156645196,6.270378579532924e-07,0,1,1,3,1,-1.527604197794765,-inf,0,0,0.17020897939801216,1.1393992583856432,0.10912393030767789,0.31435982442141386,-0.10662923620380295,-1.2091992583856432,-0.023295577963153395,1.4642223350282981,-0.7873444400110914,0.015323439740066674,0.000666441437638385,0.010900441678306356,0.0019708422341636694,5.301387370858249e-05,0.0006358832363644659,-1.8977807629025748e-05,-0.1849036864078783,-35.04337010706233,-0.5973114958500739,18.945879438666523,0.678851701456632,1.722468280057098,-0.0023680262839525764,-3.157209925043203,-26.96939148114972,-1.3621567659713802,22.999844922505332,2.7445916813629334,14.242227073911515,0.6874946829455416
5.681000000000232,2,0,0,0,0.0010081812641021815,0.0,0.41661909754868004,5.0,0.6276850091708894,0.0020318946312961675,0.4380759653630756,0.0003891364867787421,0.015232114974981208,0.00019185199848033332,0.6578500097692763,-9.278252918510013e-06,0.03023398167367201,4.621056836526346,0.09976499999999235,0.09976499999999235,1.0,0.0,0.0,0.0,0.0,0.0,0.0,-0.0,-0.0,0.0,-0.11914567095310563,-0.11927895951529248,-0.16218193324468855,-0.1621966700755213,-0.16218193324468858,-0.10718193324468911,0.13781806675531166,0.018672395802205234,0.0,0.16218193324468855,0.19390268156645196,2.6982412387457077e-07,0,1,1,3,1,-1.527604197794765,-inf,0,0,0.17125002341344953,1.1393825405407283,0.10927277429055571,0.31436514022017464,-0.10652221838733932,-1.2091825405407284,-0.023292403070369994,1.4642272843111508,-0.787344773268728,0.014542035106896663,0.0004364858096154279,0.01052891347517726,0.0014584553223155625,0.0004678441139485856,0.00040023519685289643,-4.199954227453311e-05,-0.17538776662393013,-35.04068200186659,-0.5921627639932253,18.952258670840845,0.6733474137338273,1.7254904505719921,-0.0020658299026718114,-3.257863663373299,-26.840224866656442,-1.4503327043473409,22.99541619803132,2.6970367396046653,14.334337884450338,0.6918492260252916
5.691000000000235,2,0,0,0,0.001010511942822756,0.0,0.3607860035832474,5.0,0.627688240099387,0.0021806936316328546,0.43807749879149804,0.00027629355839658927,0.014589812956544186,0.00012608776545429632,0.6581500097692763,-9.278252918510013e-06,0.030540389458494393,4.6204805533259385,0.10006499999999231,0.10006499999999231,1.0,0.0,0.0,0.0,0.0,0.0,0.0,-0.0,-0.0,0.0,-0.11914567095310563,-0.11927895951529248,-0.16218193324468855,-0.1621966700755213,-0.16218193324468858,-0.10718193324468911,0.13781806675531166,0.018672395802205234,0.0,0.16218193324468855,0.19390268156645196,1.3336225223502667e-07,0,1,1,3,1,-1.527604197794765,-inf,0,0,0.17254200065508485,1.139369947245081,0.10941432334045681,0.31436864359564637,-0.10641920042262275,-1.209169947245081,-0.023286863134330132,1.4642304904827335,-0.7873452493902073,0.013848180835888568,0.0002898726036858109,0.010112287004744024,0.0011169107460495251,0.0006003139389203608,0.0002662808561814614,-5.0843043987812187e-05,-0.166978730101823,-35.03899327278733,-0.5864443890984433,18.95650778571711,0.6715918386982008,1.7272053950471513,-0.0019484506590317647,-3.351198467476651,-26.70999523150469,-1.530794932459243,22.98875562060815,2.6560396764150442,14.42390953374062,0.6955396833719867
5.7010000000002385,2,0,0,0,0.0010122640305012531,0.0,0.3124353663753056,5.0,0.6276905783078818,0.002323058885701012,0.43807850586720054,0.00020341002592422767,0.01394947083135941,8.250996907311169e-05,0.6584500097692763,-9.278252918510013e-06,0.030847729581873748,4.620010801074908,0.10036499999999228,0.10036499999999228,1.0,0.0,0.0,0.0,0.0,0.0,0.0,-0.0,-0.0,0.0,-0.11914567095310563,-0.11927895951529248,-0.16218193324468855,-0.1621966700755213,-0.16218193324468858,-0.10718193324468911,0.13781806675531166,0.018672395802205234,0.0,0.16218193324468855,0.19390268156645196,7.678211343662074e-08,0,1,1,3,1,-1.527604197794765,-inf,0,0,0.16445800429210067,1.1393601164012457,0.10954925200243515,0.3143709995573136,-0.10632043264798777,-1.2091601164012458,-0.023280650572515344,1.4642326828090055,-0.7873457754157481,0.013208808082583245,0.0001976868845050004,0.009683921346764808,0.0008869671006870288,0.0006295971083106614,0.0001866731382779287,-5.3449761895408745e-05,-0.15925148786651794,-35.03795867111461,-0.5805854212438477,18.959365540930843,0.6712056621136093,1.7282242649114747,-0.0019125967851762846,-3.4393404656767497,-26.579233290847164,-1.6061347144037956,22.980908829369444,2.6185885884448648,14.51203829887282,0.6988490843230688
5.711000000000242,2,0,0,0,0.0010136114764407456,0.0,0.27056442653698354,5.0,0.6276923331588621,0.0024591149064215213,0.4380791571879106,0.00015527027996864071,0.013327621783987817,5.252214652470572e-05,0.6587500097692762,-9.278252918510013e-06,0.031155613318086715,4.61963562188293,0.10066499999999225,0.10066499999999225,1.0,0.0,0.0,0.0,0.0,0.0,0.0,-0.0,-0.0,0.0,-0.11914567095310563,-0.11927895951529248,-0.16218193324468855,-0.1621966700755213,-0.16218193324468858,-0.10718193324468911,0.13781806675531166,0.018672395802205234,0.0,0.16218193324468855,0.19390268156645196,5.021204943294144e-08,0,1,1,3,1,-1.527604197794765,-inf,0,0,0.1722919987514615,1.1393521591283353,0.10967800758618167,0.3143726397441283,-0.10622593031480018,-1.2091521591283354,-0.023274381276245846,1.4642342603920744,-0.7873463107808116,0.012607959478563724,0.00014064764847527026,0.009260511337540526,0.0007297951338632034,0.0006216282988807548,0.000137509529410479,-5.335163119198857e-05,-0.1519998854332522,-35.03734725279511,-0.5748026245607097,18.961316267548217,0.6713138274679452,1.7288544736680873,-0.0019121550059926977,-3.5232110687503493,-26.448228854206846,-1.6774531110424835,22.972453470687267,2.5834950728114747,14.599328960475487,0.7019093622965905
5.721000000000245,2,0,0,0,0.0010146659552532356,0.0,0.23430480920444471,5.0,0.6276936981653002,0.0025890822817072664,0.4380795590503763,0.00012274517041930283,0.012729788399165822,3.113017326149103e-05,0.6590500097692762,-9.278252918510013e-06,0.03146378481482386,4.619339526547401,0.10096499999999221,0.10096499999999221,1.0,0.0,0.0,0.0,0.0,0.0,0.0,-0.0,-0.0,0.0,-0.11914567095310563,-0.11927895951529248,-0.16218193324468855,-0.1621966700755213,-0.16218193324468858,-0.10718193324468911,0.13781806675531166,0.018672395802205234,0.0,0.16218193324468855,0.19390268156645196,3.6448105554896115e-08,0,1,1,3,1,-1.527604197794765,-inf,0,0,0.17687503714114428,1.1393454959643021,0.10980092901231941,0.31437384163145754,-0.10613559746578373,-1.2091454959643022,-0.023268274094553277,1.4642354517285363,-0.787346837956123,0.012038033916659412,0.00010611187221043474,0.008849543327220311,0.0006200676405980315,0.000600771225889633,0.00010613138067107033,-5.208943390078968e-05,-0.14512585170565628,-35.037007228501466,-0.5691934567959702,18.962675985816517,0.6715930874755818,1.7292581442142374,-0.0019269809472753263,-3.603266528824473,-26.31714018855835,-1.7452701550652994,22.963716836221085,2.5502598976152244,14.686128481669542,0.704783679304858
5.731000000000249,2,0,0,0,0.0010155006022010693,0.0,0.20290451453279695,5.0,0.6276947964218745,0.0027132106555835603,0.4380797796226671,0.00010022277959457664,0.012157333733681564,1.5319791358946367e-05,0.6593500097692762,-9.278252918510013e-06,0.031772070721412395,4.61910871375506,0.10126499999999218,0.10126499999999218,1.0,0.0,0.0,0.0,0.0,0.0,0.0,-0.0,-0.0,0.0,-0.11914567095310563,-0.11927895951529248,-0.16218193324468855,-0.1621966700755213,-0.16218193324468858,-0.10718193324468911,0.13781806675531166,0.018672395802205234,0.0,0.16218193324468855,0.19390268156645196,2.901802256948514e-08,0,1,1,3,1,-1.527604197794765,-inf,0,0,0.17858302453532815,1.139339748775701,0.10991830252795955,0.3143747821779002,-0.10604929080017154,-1.2091397487757012,-0.023262401135479262,1.4642363927052628,-0.78734734945738,0.011495213463272291,8.587360078774195e-05,0.008454005245004,0.0005413402782139207,0.000576022067950273,8.549915526036074e-05,-5.0336959019594e-05,-0.1385805395928567,-35.03683988605603,-0.5637966561627386,18.96364992122927,0.6719240707680744,1.7295250801360778,-0.0019482670187000333,-3.679779886174908,-26.186052031006533,-1.8098758094324214,22.95488656397544,2.5186478946868203,14.772642148715024,0.7075043366684234
5.741000000000252,2,0,0,0,0.0010161642882565713,0.0,0.175712321729882,5.0,0.6276957073259826,0.0028317534689666773,0.43807986372634244,8.419274052346298e-05,0.011610060739215172,3.22261335672531e-06,0.6596500097692761,-9.278252918510013e-06,0.03208035077554849,4.6189320271575625,0.10156499999999215,0.10156499999999215,1.0,0.0,0.0,0.0,0.0,0.0,0.0,-0.0,-0.0,0.0,-0.11914567095310563,-0.11927895951529248,-0.16218193324468855,-0.1621966700755213,-0.16218193324468858,-0.10718193324468911,0.13781806675531166,0.018672395802205234,0.0,0.16218193324468855,0.19390268156645196,2.4902203920703064e-08,0,1,1,3,1,-1.527604197794765,-inf,0,0,0.17275003483518958,1.1393346699140194,0.11003038636783054,0.3143755733355482,-0.10596684985336698,-1.2091346699140195,-0.023256780515858128,1.4642371665485112,-0.7873478422273938,0.010977322101627602,7.464150785911817e-05,0.0080748185373745,0.00048297041320125445,0.0005506700674540365,7.152687034226986e-05,-4.839439911007225e-05,-0.13233653500590314,-35.03678145034537,-0.5586238880626893,18.964370894382416,0.67226309848592,1.7297072436055767,-0.001972094073878037,-3.752949119456396,-26.055007256989143,-1.871466147493457,22.946069700967882,2.4885271775551763,14.858994005764801,0.7100896543349992
5.751000000000255,2,0,0,0,0.0010166904167654423,0.0,0.15216428317919478,5.0,0.6276964827581422,0.002944958585277836,0.4380798415644531,7.243194431351897e-05,0.011087203613656577,-6.341445601897237e-06,0.6599500097692761,-9.278252918510013e-06,0.03238853994785968,4.618800674468794,0.10186499999999211,0.10186499999999211,1.0,0.0,0.0,0.0,0.0,0.0,0.0,-0.0,-0.0,0.0,-0.11914567095310563,-0.11927895951529248,-0.16218193324468855,-0.1621966700755213,-0.16218193324468858,-0.10718193324468911,0.13781806675531166,0.018672395802205234,0.0,0.16218193324468855,0.19390268156645196,2.2475624590430263e-08,0,1,1,3,1,-1.527604197794765,-inf,0,0,0.1740420120768249,1.1393300960951402,0.11013742134147048,0.31437628524245576,-0.10588811059935718,-1.2091300960951403,-0.023251410835057364,1.4642378253691108,-0.7873483152090266,0.01048288353005134,6.901924554113873e-05,0.007711989516541143,0.0004380819418502382,0.0005258828406135634,6.17620115601378e-05,-4.6399602534933e-05,-0.12637556442100237,-35.03679089399838,-0.5536748139617784,18.96492470060566,0.6725946361122792,1.7298357574034666,-0.001996665593627301,-3.822938952318644,-25.92402473261573,-1.9301965651122797,22.937325703188815,2.4598077412124155,14.945259897863554,0.7125514127811361
5.761000000000259,2,0,0,0,0.0010171024311423915,0.0,0.13177202854921113,5.0,0.6276971570866035,0.0030530649847826732,0.43807973403657385,6.351953328281104e-05,0.010587807119052668,-1.4128473663669315e-05,0.6602500097692761,-9.278252918510013e-06,0.03269657725030679,4.618707705142505,0.10216499999999208,0.10216499999999208,1.0,0.0,0.0,0.0,0.0,0.0,0.0,-0.0,-0.0,0.0,-0.11914567095310563,-0.11927895951529248,-0.16218193324468855,-0.1621966700755213,-0.16218193324468858,-0.10718193324468911,0.13781806675531166,0.018672395802205234,0.0,0.16218193324468855,0.19390268156645196,2.0875122277361705e-08,0,1,1,3,1,-1.527604197794765,-inf,0,0,0.17541705165058374,1.1393259185276376,0.11023963535877034,0.31437696124968056,-0.10581291138814444,-1.2091259185276377,-0.023246283971732874,1.464238402355834,-0.7873487682793028,0.01001072369566158,6.683490444008163e-05,0.007365131339976234,0.0004022335582530817,0.0005020427954098484,5.469636887720803e-05,-4.4418113612813135e-05,-0.12068328976635885,-35.03684190552471,-0.5489439443382252,18.965366729361172,0.6729135739368619,1.72992973890629,-0.002021128569936912,-3.8898972074493567,-25.79310965841725,-1.986202801447197,22.92868559204168,2.4324177442000368,15.03148636914442,0.7148981620193453
5.771000000000262,2,0,0,0,0.0010174172991681552,0.0,0.11411263632429251,5.0,0.627697753442315,0.0031563017816652623,0.43807955604268445,5.654049909651631e-05,0.010110871671092762,-2.0629006390384822e-05,0.660550009769276,-9.278252918510013e-06,0.03300441853339797,4.618647539736826,0.10246499999999205,0.10246499999999205,1.0,0.0,0.0,0.0,0.0,0.0,0.0,-0.0,-0.0,0.0,-0.11914567095310563,-0.11927895951529248,-0.16218193324468855,-0.1621966700755213,-0.16218193324468858,-0.10718193324468911,0.13781806675531166,0.018672395802205234,0.0,0.16218193324468855,0.19390268156645196,1.9673704243947924e-08,0,1,1,3,1,-1.527604197794765,-inf,0,0,0.1735410187393427,1.139322063632596,0.1103372454399175,0.31437762761044363,-0.1057410954473859,-1.2091220636325961,-0.023241389793439354,1.4642389189546707,-0.7873492017661863,0.009559808595296763,6.670471578828295e-05,0.007033695909741785,0.00037255350398140866,0.00047924586620203273,4.9386767674904396e-05,-4.2482001050794615e-05,-0.11524717768458653,-35.03691765670358,-0.544423687840454,18.965732767764,0.6732186130734577,1.7300011400647899,-0.0020450655634917324,-3.9539613443673067,-25.662259674713404,-2.0396094031226313,22.920163387577276,2.4062942012938473,15.117701867362566,0.7171367304986482
5.781000000000265,2,0,0,0,0.0010176477326132582,0.0,0.09881986269959568,5.0,0.6276982876925256,0.0032548881268562747,0.43807931856486904,5.090130779016493e-05,0.009655408353237973,-2.6165420003180663e-05,0.660850009769276,-9.278252918510013e-06,0.033312031742434356,4.618615610609788,0.10276499999999202,0.10276499999999202,1.0,0.0,0.0,0.0,0.0,0.0,0.0,-0.0,-0.0,0.0,-0.11914567095310563,-0.11927895951529248,-0.16218193324468855,-0.1621966700755213,-0.16218193324468858,-0.10718193324468911,0.13781806675531166,0.018672395802205234,0.0,0.16218193324468855,0.19390268156645196,1.8671971781859818e-08,0,1,1,3,1,-1.527604197794765,-inf,0,0,0.17370801651850343,1.1393184806264482,0.11043045871315443,0.3143782997082498,-0.10567251186304027,-1.2091184806264483,-0.02323671785183104,1.4642393892221923,-0.787349616219577,0.009129179985568935,6.775094297388536e-05,0.006717076372347352,0.0003471801525480288,0.000457486961906189,4.5236565661152106e-05,-4.06070569995455e-05,-0.11005565264027307,-35.03700741630806,-0.5401056993499288,18.96604598780018,0.6735098040632167,1.730057525598813,-0.002068270206358252,-4.015261187754118,-25.531468494980633,-2.090533255551033,22.91176305291871,2.3813792393769257,15.203923562240975,0.719272941956948
5.791000000000269,2,0,0,0,0.0010178036084581565,0.0,0.08557654593322256,5.0,0.6276987709736476,0.0033490334428848308,0.4380790299910394,4.621386330557674e-05,0.009220459148928845,-3.09527777891702e-05,0.661150009769276,-9.278252918510013e-06,0.03361939372457992,4.618608104130341,0.10306499999999198,0.10306499999999198,1.0,0.0,0.0,0.0,0.0,0.0,0.0,-0.0,-0.0,0.0,-0.11914567095310563,-0.11927895951529248,-0.16218193324468855,-0.1621966700755213,-0.16218193324468858,-0.10718193324468911,0.13781806675531166,0.018672395802205234,0.0,0.16218193324468855,0.19390268156645196,1.7779488109006764e-08,0,1,1,3,1,-1.527604197794765,-inf,0,0,0.1734169782139361,1.1393151335331329,0.11051947301628001,0.31437898605178227,-0.10560701588642422,-1.209115133533133,-0.023232257962071276,1.4642398225197901,-0.7873500122970392,0.008717930528422069,6.942015436110663e-05,0.006414652674560346,0.00032490148831202243,0.0004367281328994806,4.186521503504046e-05,-3.8800732986651363e-05,-0.1050977688245516,-35.037104367295555,-0.5359814784903991,18.966321450202678,0.6737876403617316,1.7301037269860722,-0.0020906439453182084,-4.073920164507064,-25.400728062295336,-2.139085155928875,22.903482749241686,2.357618525942582,15.290161567504075,0.7213119749938289
5.801000000000272,2,0,0,0,0.0010178928828897815,0.0,0.07410802862703139,5.0,0.6276992113136137,0.003438937776610881,0.4380786969624137,4.222192634317753e-05,0.008805103704292723,-3.513723837233637e-05,0.6614500097692759,-9.278252918510013e-06,0.03392648803193507,4.618621779937823,0.10336499999999195,0.10336499999999195,1.0,0.0,0.0,0.0,0.0,0.0,0.0,-0.0,-0.0,0.0,-0.11914567095310563,-0.11927895951529248,-0.16218193324468855,-0.1621966700755213,-0.16218193324468858,-0.10718193324468911,0.13781806675531166,0.018672395802205234,0.0,0.16218193324468855,0.19390268156645196,1.6955401581202844e-08,0,1,1,3,1,-1.527604197794765,-inf,0,0,0.17029198352247477,1.1393119960475813,0.1106044773459757,0.3143796908330277,-0.10554446894036064,-1.2091119960475813,-0.023228000376362662,1.4642402252038345,-0.7873503907037877,0.008325194268215754,7.136642589860881e-05,0.006125812031473078,0.0003049232345365972,0.00041692298860408707,3.9028396804141506e-05,-3.706599631655594e-05,-0.1003630845286319,-35.03720420302083,-0.532042637804104,18.966569001426347,0.6740527323313485,1.730142853315621,-0.00211214605658133,-4.130055948619176,-25.270029810102994,-2.1853705957564777,22.895317446254303,2.3349605595034886,15.376421583603609,0.7232585551118327
5.811000000000275,2,0,0,0,0.001017922181762776,0.0,0.0641764615186788,5.0,0.62769961467531,0.003524792186876631,0.4380783249192882,3.87542251595583e-05,0.008408460874503912,-3.88204604921836e-05,0.6617500097692759,-9.278252918510013e-06,0.034233303374471634,4.618653844616311,0.10366499999999192,0.10366499999999192,1.0,0.0,0.0,0.0,0.0,0.0,0.0,-0.0,-0.0,0.0,-0.11914567095310563,-0.11927895951529248,-0.16218193324468855,-0.1621966700755213,-0.16218193324468858,-0.10718193324468911,0.13781806675531166,0.018672395802205234,0.0,0.16218193324468855,0.19390268156645196,1.618088070016723e-08,0,1,1,3,1,-1.527604197794765,-inf,0,0,0.17304200446233153,1.1393090482318082,0.11068565224791047,0.3143804155627066,-0.10548473848957761,-1.2091090482318083,-0.02322393581527599,1.4642406016952993,-0.7873507521597872,0.007950142796076965,7.337638209392567e-05,0.005849958181499186,0.000286719903865112,0.0003980249717969818,3.656827969122532e-05,-3.5403313624711894e-05,-0.09584161203459497,-35.03730422567088,-0.5282810233697166,18.966795134623972,0.674305695844185,1.730176920120314,-0.0021327680360879835,-4.183780864721972,-25.139365376243113,-2.2294902154435388,22.88726051483324,2.3133563098722325,15.462706561940283,0.7251170641775788
5.821000000000279,2,0,0,0,0.0010178971841217077,0.0,0.055575870649407166,5.0,0.6276999856304145,0.0036067791350258057,0.43807791845464483,3.569447567128026e-05,0.008029688264914904,-4.207517755864788e-05,0.6620500097692759,-9.278252918510013e-06,0.03453983250354963,4.618701862584534,0.10396499999999188,0.10396499999999188,1.0,0.0,0.0,0.0,0.0,0.0,0.0,-0.0,-0.0,0.0,-0.11914567095310563,-0.11927895951529248,-0.16218193324468855,-0.1621966700755213,-0.16218193324468858,-0.10718193324468911,0.13781806675531166,0.018672395802205234,0.0,0.16218193324468855,0.19390268156645196,1.5446789198685327e-08,0,1,1,3,1,-1.527604197794765,-inf,0,0,0.17245800700038671,1.1393062743877886,0.11076317018104008,0.3143811601138411,-0.10542769785006312,-1.2091062743877887,-0.023220055453236223,1.4642409551605657,-0.787351097381188,0.007591983372212699,7.532113472826086e-05,0.005586515494656454,0.00026993917961845576,0.00037998981628363835,3.438219809709748e-05,-3.381172828014572e-05,-0.09152379374731659,-35.03740276769691,-0.5246887677921123,18.967004184234654,0.674547118510214,1.7302072450832342,-0.0021525197370146276,-4.235202188318511,-25.008726983583625,-2.2715401165805513,22.879304685993574,2.292759005531644,15.549017755690171,0.7268916068343344
5.831000000000282,2,0,0,0,0.001017822873091656,0.0,0.048127885603986856,5.0,0.6277003277966207,0.0036850728660994363,0.43807748154491977,3.296216491488761e-05,0.0076679810224985845,-4.495516817322628e-05,0.6623500097692758,-9.278252918510013e-06,0.034846071385404895,4.618763692104956,0.10426499999999185,0.10426499999999185,1.0,0.0,0.0,0.0,0.0,0.0,0.0,-0.0,-0.0,0.0,-0.11914567095310563,-0.11927895951529248,-0.16218193324468855,-0.1621966700755213,-0.16218193324468858,-0.10718193324468911,0.13781806675531166,0.018672395802205234,0.0,0.16218193324468855,0.19390268156645196,1.474826784300536e-08,0,1,1,3,1,-1.527604197794765,-inf,0,0,0.17045799177139997,1.1393036616856451,0.1108371958669701,0.31438192338598714,-0.10537322597225283,-1.2091036616856452,-0.02321635089219816,1.4642412879464486,-0.7873514270697366,0.007249957632102511,7.712549033162847e-05,0.005334930631385286,0.00025434054955172507,0.00036277601006070616,3.240279102178473e-05,-3.2289473192751545e-05,-0.08740048630651669,-35.03749882068369,-0.5212583110823392,18.967199092543485,0.6747775527345798,1.7302346988680786,-0.0021714215054187257,-4.284422397707288,-24.87810761911553,-2.311612107791026,22.87144261502377,2.2731239862411883,15.635355383415902,0.7285860531944088
5.841000000000285,2,0,0,0,0.0010177037015952628,0.0,0.041678040229409394,5.0,0.6277006441230096,0.0037598397762945747,0.4380770177020248,3.0500206605048685e-05,0.00732257037094879,-4.7501655798885206e-05,0.6626500097692758,-9.278252918510013e-06,0.03515201857354067,4.618837438215585,0.10456499999999182,0.10456499999999182,1.0,0.0,0.0,0.0,0.0,0.0,0.0,-0.0,-0.0,0.0,-0.11914567095310563,-0.11927895951529248,-0.16218193324468855,-0.1621966700755213,-0.16218193324468858,-0.10718193324468911,0.13781806675531166,0.018672395802205234,0.0,0.16218193324468855,0.19390268156645196,1.4082367288748257e-08,0,1,1,3,1,-1.527604197794765,-inf,0,0,0.174832995980978,1.1393011992765805,0.11090788662722707,0.3143827037265151,-0.10532120721498378,-1.2091011992765806,-0.023212814134690878,1.4642416018589988,-0.7873517419068086,0.006923340410937235,7.874823514109218e-05,0.005094672987294595,0.0002397559206297895,0.0003463446466398763,3.058535331699477e-05,-3.083433163469019e-05,-0.08346294642342533,-35.03759179733268,-0.5179824056747357,18.96738190155368,0.6749975171599207,1.730259864850927,-0.002189499556927482,-4.331539399969465,-24.747501093363727,-2.349793916126835,22.863667200439117,2.254408586936529,15.721719047299231,0.7302040677966648
5.851000000000289,2,0,0,0,0.0010175437032636236,0.0,0.036092569111749476,5.0,0.6277009370777702,0.003831238765340899,0.4380765300747563,2.826699315990088e-05,0.006992722084035432,-4.974742729409561e-05,0.6629500097692758,-9.278252918510013e-06,0.03545767472041256,4.618921417129356,0.10486499999999178,0.10486499999999178,1.0,0.0,0.0,0.0,0.0,0.0,0.0,-0.0,-0.0,0.0,-0.11914567095310563,-0.11927895951529248,-0.16218193324468855,-0.1621966700755213,-0.16218193324468858,-0.10718193324468911,0.13781806675531166,0.018672395802205234,0.0,0.16218193324468855,0.19390268156645196,1.3447014064753942e-08,0,1,1,3,1,-1.527604197794765,-inf,0,0,0.1670410274527967,1.1392988777169677,0.11097539270874608,0.31438349919639935,-0.10527153111876655,-1.2090988777169678,-0.02320943755929785,1.4642418983426615,-0.7873520425501965,0.0066114385553154645,8.016952216976412e-05,0.004865234513520646,0.000226064333119574,0.00033065914179152293,2.889975790010685e-05,-2.944385460771472e-05,-0.07970281663348155,-35.03768137882607,-0.5148541133213254,18.967554068668186,0.6752075000787513,1.7302831411429564,-0.0022067831929521177,-4.376646740447951,-24.616902030897048,-2.386169378043568,22.85597175187864,2.2365720383030294,15.808107995629658,0.7317491302742446
5.861000000000292,2,0,0,0,0.0010173465679884641,0.0,0.03125563337230052,5.0,0.6277012087729574,0.0038994215736564506,0.43807602151758507,2.6231264478944804e-05,0.00667773497388881,-5.1719491710967594e-05,0.6632500097692757,-9.278252918510013e-06,0.035763042188970834,4.619014128499883,0.10516499999999175,0.10516499999999175,1.0,0.0,0.0,0.0,0.0,0.0,0.0,-0.0,-0.0,0.0,-0.11914567095310563,-0.11927895951529248,-0.16218193324468855,-0.1621966700755213,-0.16218193324468858,-0.10718193324468911,0.13781806675531166,0.018672395802205234,0.0,0.16218193324468855,0.19390268156645196,1.2840556979613325e-08,0,1,1,3,1,-1.527604197794765,-inf,0,0,0.17437501810491085,1.1392966885922646,0.1110398575973045,0.3143843077365767,-0.10522409218283352,-1.2090966885922647,-0.023206213898950077,1.4642421785957391,-0.7873523296325712,0.0063135897049091325,8.138280995171419e-05,0.0046461292083395745,0.0002131757162308629,0.00031568496427512535,2.732528763481373e-05,-2.8115493413573757e-05,-0.07611211068329272,-35.03776741694305,-0.5118667977345257,18.967716669390875,0.6754079627837457,1.730304805887132,-0.002223303101902983,-4.419833799936462,-24.486305823275995,-2.420818616492989,22.84835006616481,2.2195753773945177,15.894521286433754,0.7332245508463536
5.871000000000295,2,0,0,0,0.0010171156945781856,0.0,0.02706691824787956,5.0,0.6277014610485319,0.003964533104616809,0.43807549463834117,2.4368783563755253e-05,0.006376939423925997,-5.3440803789343295e-05,0.6635500097692757,-9.278252918510013e-06,0.03606812473762423,4.619114233180823,0.10546499999999172,0.10546499999999172,1.0,0.0,0.0,0.0,0.0,0.0,0.0,-0.0,-0.0,0.0,-0.11914567095310563,-0.11927895951529248,-0.16218193324468855,-0.1621966700755213,-0.16218193324468858,-0.10718193324468911,0.13781806675531166,0.018672395802205234,0.0,0.16218193324468855,0.19390268156645196,1.2261566332543833e-08,0,1,1,3,1,-1.527604197794765,-inf,0,0,0.1687910407781601,1.1392946242693678,0.11110141831867305,0.3143851272708017,-0.10517878964831422,-1.2090946242693679,-0.023203136221652456,1.464242443645069,-0.7873526037609618,0.006029161059040342,8.238971753464967e-05,0.004436892435973881,0.0002010204414252608,0.0003013894150447843,2.5847324377108265e-05,-2.684668073967515e-05,-0.07268319871455264,-35.03784987128403,-0.5090141150147778,18.967870527588445,0.6755993423559636,1.7303250591157155,-0.002239090318265302,-4.461185981644783,-24.355708563569966,-2.4538182074095904,22.84079644870441,2.20338136509611,15.980957888440548,0.7346334824836221
5.881000000000299,2,0,0,0,0.0010168542285194926,0.0,0.0234395526307478,5.0,0.6277016955299579,0.004026711732456391,0.4380749518321866,2.2660172565333408e-05,0.006089695977218929,-5.4931387492434156e-05,0.6638500097692757,-9.278252918510013e-06,0.036372927260622134,4.61922053491059,0.10576499999999169,0.10576499999999169,1.0,0.0,0.0,0.0,0.0,0.0,0.0,-0.0,-0.0,0.0,-0.11914567095310563,-0.11927895951529248,-0.16218193324468855,-0.1621966700755213,-0.16218193324468858,-0.10718193324468911,0.13781806675531166,0.018672395802205234,0.0,0.16218193324468855,0.19390268156645196,1.1708743552530115e-08,0,1,1,3,1,-1.527604197794765,-inf,0,0,0.17208303324878216,1.1392926777316261,0.11116020572744116,0.3143859557680078,-0.10513552728875217,-1.2090926777316262,-0.023200197913152417,1.4642426943945601,-0.7873528655168622,0.005757548147508802,8.319674735402564e-05,0.004237080158692971,0.00018954259353390156,0.0002877414535081372,2.4455225384972217e-05,-2.5634879927745182e-05,-0.06940879247865027,-35.037928769008175,-0.5062900029844201,18.968016299307244,0.6757820538814815,1.7303440496217497,-0.002254175587949537,-4.500784889097859,-24.225106973919495,-2.485241337393713,22.83330570344823,2.187954408760467,16.067416742424562,0.7359789308771078
5.891000000000302,2,0,0,0,0.0010165650899718326,0.0,0.02029830742081757,5.0,0.6277019136685337,0.004086089596372652,0.43807439530660597,2.10894951540549e-05,0.005815393983386126,-5.620907423137971e-05,0.6641500097692756,-9.278252918510013e-06,0.03667745557137148,4.619331964879041,0.10606499999999165,0.10606499999999165,1.0,0.0,0.0,0.0,0.0,0.0,0.0,-0.0,-0.0,0.0,-0.11914567095310563,-0.11927895951529248,-0.16218193324468855,-0.1621966700755213,-0.16218193324468858,-0.10718193324468911,0.13781806675531166,0.018672395802205234,0.0,0.16218193324468855,0.19390268156645196,1.1180879410827449e-08,0,1,1,3,1,-1.527604197794765,-inf,0,0,0.17254200065508485,1.1392908424671606,0.11121634478364938,0.3143867912789153,-0.10509421320853722,-1.2090908424671607,-0.02319739266113361,1.4642429316569492,-0.7873531154567118,0.00549817362137336,8.381320408734077e-05,0.004046268131466013,0.00017869562638806285,0.0002747115607750789,2.3140959665624015e-05,-2.4477614368095236e-05,-0.06628193077628444,-35.038004179009334,-0.5036886700677203,18.968154526807677,0.6759564922111971,1.7303618922379511,-0.002268588987398949,-4.538708495709418,-24.094498332831645,-2.5151579536738518,22.825873105798287,2.1732604890784626,16.153896797605913,0.7372637629161298
5.901000000000305,2,0,0,0,0.0010162509953052234,0.0,0.017578035325193524,5.0,0.6277021167703613,0.004142792881422969,0.4380738271004728,1.9643319750915457e-05,0.005553450303900925,-5.728999326342342e-05,0.6644500097692756,-9.278252918510013e-06,0.03698171621983341,4.619447568473108,0.10636499999999162,0.10636499999999162,1.0,0.0,0.0,0.0,0.0,0.0,0.0,-0.0,-0.0,0.0,-0.11914567095310563,-0.11927895951529248,-0.16218193324468855,-0.1621966700755213,-0.16218193324468858,-0.10718193324468911,0.13781806675531166,0.018672395802205234,0.0,0.16218193324468855,0.19390268156645196,1.0676833735493323e-08,0,1,1,3,1,-1.527604197794765,-inf,0,0,0.18029101192951202,1.1392891123916529,0.11126995481749188,0.31438763195631747,-0.1050547596494564,-1.209089112391653,-0.023194714440621433,1.464243156174779,-0.7873533541125967,0.005250486074525654,8.424987892876745e-05,0.003864051087994333,0.0001684395483227005,0.0002622716298617587,2.1898231047313076e-05,-2.3372484410946762e-05,-0.06329596525773866,-35.038076195354,-0.501204584090363,18.96828567349671,0.6761230333847771,1.7303786789701132,-0.0022823597021513313,-4.57503130657993,-23.96388040592434,-2.543634907070911,22.818494367258197,2.159267090607559,16.240397032436196,0.7384907141223119
5.911000000000309,2,0,0,0,0.0010159144743049353,0.0,0.015222319747549973,5.0,0.6277023060177676,0.004196942086788429,0.4380732490991478,1.8310093335863207e-05,0.0053033080743852,-5.818890237143512e-05,0.6647500097692756,-9.278252918510013e-06,0.037285716337569066,4.619566493721942,0.10666499999999159,0.10666499999999159,1.0,0.0,0.0,0.0,0.0,0.0,0.0,-0.0,-0.0,0.0,-0.11914567095310563,-0.11927895951529248,-0.16218193324468855,-0.1621966700755213,-0.16218193324468858,-0.10718193324468911,0.13781806675531166,0.018672395802205234,0.0,0.16218193324468855,0.19390268156645196,1.0195524814682085e-08,0,1,1,3,1,-1.527604197794765,-inf,0,0,0.17150002531707287,1.139287481793519,0.11132114978243707,0.3143884760650832,-0.10501708280534928,-1.209087481793519,-0.023192157500375878,1.4642433686344356,-0.7873535819930747,0.005013958902798248,8.451822341166193e-05,0.0036900419351402966,0.00015873908973698732,0.00025039487499593283,2.0721913158241155e-05,-2.231717642638348e-05,-0.06044454666896723,-35.03814492666317,-0.4988324612180488,18.968410146604363,0.676282035815066,1.7303944861908898,-0.002295515905801204,-4.609824512958757,-23.833251382010566,-2.5707360884809245,22.811165597109582,2.145943135581107,16.326916465699384,0.7396623953262774
5.921000000000312,2,0,0,0,0.0010155578844111557,0.0,0.013182304746227308,5.0,0.6277024824856393,0.004248652281966317,0.43807266304687265,1.7079716522208615e-05,0.005064435521919788,-5.8919415316930054e-05,0.6650500097692755,-9.278252918510013e-06,0.0375894635056402,4.619687981107202,0.10696499999999155,0.10696499999999155,1.0,0.0,0.0,0.0,0.0,0.0,0.0,-0.0,-0.0,0.0,-0.11914567095310563,-0.11927895951529248,-0.16218193324468855,-0.1621966700755213,-0.16218193324468858,-0.10718193324468911,0.13781806675531166,0.018672395802205234,0.0,0.16218193324468855,0.19390268156645196,9.735923237559455e-09,0,1,1,3,1,-1.527604197794765,-inf,0,0,0.19095902098342776,1.1392859452937119,0.11137003849716405,0.3143893219857324,-0.10498110264472382,-1.209085945293712,-0.023189716350113403,1.4642435696757057,-0.7873537995840614,0.004788089204362953,8.462983604295873e-05,0.0035238709657273385,0.00014956250155337376,0.00023905575440943453,1.960768438283956e-05,-2.1309466937426013e-05,-0.05772161159147967,-35.03821048930999,-0.49656725516220807,18.968528311991424,0.6764338413023625,1.7304093793061466,-0.002308084702079811,-4.643156139751982,-23.702609815309412,-2.596522559279294,22.803883264191562,2.1332589207302686,16.41345416168251,0.7407812987737734
5.931000000000315,2,0,0,0,0.001015183422888588,0.0,0.011415681795172892,5.0,0.6277026471542714,0.004298033351427108,0.4380720705572819,1.594324966213588e-05,0.004836324835206109,-5.949416230797377e-05,0.6653500097692755,-9.278252918510013e-06,0.037892965641693185,4.619811354498895,0.10726499999999152,0.10726499999999152,1.0,0.0,0.0,0.0,0.0,0.0,0.0,-0.0,-0.0,0.0,-0.11914567095310563,-0.11927895951529248,-0.16218193324468855,-0.1621966700755213,-0.16218193324468858,-0.10718193324468911,0.13781806675531166,0.018672395802205234,0.0,0.16218193324468855,0.19390268156645196,9.297047830206623e-09,0,1,1,3,1,-1.527604197794765,-inf,0,0,0.1710419892333448,1.139284497815157,0.1114167248767391,0.3143901682140508,-0.1049467427411155,-1.2090844978151571,-0.02318738574844522,1.4642437598984412,-0.787354007349739,0.00457239672314128,8.459614854198302e-05,0.0033651850953976027,0.00014088075945303062,0.0002282299027682384,1.855179110172156e-05,-2.0347223681050675e-05,-0.055121369698578886,-35.03827300306911,-0.4944041467253229,18.968640503901337,0.6765787759264043,1.7304234157986425,-0.0023200921064058283,-4.675091186419754,-23.57195457392194,-2.6210526759797723,22.796644160484824,2.1211860569162906,16.50000923177869,0.741849803783919
5.941000000000319,2,0,0,0,0.0010147931375030783,0.0,0.009885812333836227,5.0,0.6277028009197813,0.004345190228253571,0.4380714731225672,1.4892704799589475e-05,0.004618491085369214,-5.992490674836e-05,0.6656500097692755,-9.278252918510013e-06,0.038196230903331976,4.619936013042392,0.10756499999999149,0.10756499999999149,1.0,0.0,0.0,0.0,0.0,0.0,0.0,-0.0,-0.0,0.0,-0.11914567095310563,-0.11927895951529248,-0.16218193324468855,-0.1621966700755213,-0.16218193324468858,-0.10718193324468911,0.13781806675531166,0.018672395802205234,0.0,0.16218193324468855,0.19390268156645196,8.877962637640304e-09,0,1,1,3,1,-1.527604197794765,-inf,0,0,0.17191696679219604,1.1392831345586167,0.1114613081534648,0.31439101335831254,-0.10491393011093057,-1.2090831345586168,-0.023185160691450844,1.464243939867333,-0.7873542057334657,0.0043664228356197895,8.442823918408452e-05,0.0032136471265701264,0.0001326670295399516,0.00021789407065113663,1.7550893280312055e-05,-1.942840477613124e-05,-0.05263829153383686,-35.03833258834275,-0.4923385337239365,18.968747031459053,0.6767171508483206,1.730436647228799,-0.002331563051870502,-4.705691761575223,-23.441284794344533,-2.6443822094326697,22.789445367365637,2.109697411411808,16.586580834010743,0.7428701820417021
5.951000000000322,2,0,0,0,0.0010143889360866298,0.0,0.00856096790829902,5.0,0.6277029446027693,0.00439022311725752,0.43807087212164175,1.3920894353536386e-05,0.004410471195218194,-6.022263321935098e-05,0.6659500097692754,-9.278252918510013e-06,0.03849926760546421,4.6200614238626185,0.10786499999999145,0.10786499999999145,1.0,0.0,0.0,0.0,0.0,0.0,0.0,-0.0,-0.0,0.0,-0.11914567095310563,-0.11927895951529248,-0.16218193324468855,-0.1621966700755213,-0.16218193324468858,-0.10718193324468911,0.13781806675531166,0.018672395802205234,0.0,0.16218193324468855,0.19390268156645196,8.477774442663914e-09,0,1,1,3,1,-1.527604197794765,-inf,0,0,0.1711249933578074,1.139281850982905,0.11150388308783439,0.3143918561351105,-0.10488259505849348,-1.209081850982905,-0.02318303640182642,1.4642441101154569,-0.7873543951586691,0.004169729580621512,8.413672683399647e-05,0.00306893504090426,0.0001248963028542431,0.00020802606934797852,1.6601962968510693e-05,-1.855105674810593e-05,-0.05026709680710857,-35.03838936440129,-0.4903660213063875,18.96884818307282,0.6768492630441538,1.73044912056421,-0.0023425214100864155,-4.7350172115780955,-23.310599841596716,-2.666564458818243,22.782284224880282,2.0987670526955275,16.67316817139604,0.7438446025810792
5.961000000000325,2,0,0,0,0.0010139725952406087,0.0,0.007413672144683041,5.0,0.6277030789556847,0.004433227708044005,0.43807026882753636,1.302131772335827e-05,0.004211822954838349,-6.039761631527496e-05,0.6662500097692754,-9.278252918510013e-06,0.038802084149706935,4.620187115483322,0.10816499999999142,0.10816499999999142,1.0,0.0,0.0,0.0,0.0,0.0,0.0,-0.0,-0.0,0.0,-0.11914567095310563,-0.11927895951529248,-0.16218193324468855,-0.1621966700755213,-0.16218193324468858,-0.10718193324468911,0.13781806675531166,0.018672395802205234,0.0,0.16218193324468855,0.19390268156645196,8.095630616273615e-09,0,1,1,3,1,-1.527604197794765,-inf,0,0,0.16250001499429345,1.1392806427881195,0.11154454017001574,0.3143926953644268,-0.10485267102801071,-1.2090806427881196,-0.02318100831856137,1.4642442711469994,-0.7873545760297159,0.003981898731068386,8.373171596568014e-05,0.002930741320659371,0.00011754513933258521,0.0001986047198207017,1.5702216841760256e-05,-1.7713311886761925e-05,-0.048002743196875974,-35.038443448278514,-0.4884824126689904,18.96894422948038,0.67697539598446,1.73046087907615,-0.0023529900208156206,-4.76312424339814,-23.235979084998913,-2.6894689644679985,22.815737982634058,2.0870000416198717,16.76627245782928,0.7447751364976289
5.971000000000329,2,0,0,0,0.0010135457683462246,0.0,0.006420130907811073,5.0,0.6277032046692097,0.004474295378477858,0.43806966441418205,1.2188073626900669e-05,0.00402212408146293,-6.0459476536857566e-05,0.6665500097692754,-9.278252918510013e-06,0.039104688964248784,4.620312671876961,0.10846499999999139,0.10846499999999139,1.0,0.0,0.0,0.0,0.0,0.0,0.0,-0.0,-0.0,0.0,-0.11914567095310563,-0.11927895951529248,-0.16218193324468855,-0.1621966700755213,-0.16218193324468858,-0.10718193324468911,0.13781806675531166,0.018672395802205234,0.0,0.16218193324468855,0.19390268156645196,7.730717155768159e-09,0,1,1,3,1,-1.527604197794765,-inf,0,0,0.1759580336511135,1.1392795059010155,0.11158336581227786,0.3143935299643424,-0.10482409446216324,-1.2090795059010155,-0.02317907208710634,1.4642444234394394,-0.7873547487327535,0.0038025309064662833,8.322277367253826e-05,0.0027987722987198103,0.00011059148307913041,0.0001896098050467376,1.4849070685233548e-05,-1.6913385239065165e-05,-0.04584041564387202,-35.038494954089465,-0.4866837001666973,18.969035425915408,0.6770958202697971,1.7304719629560212,-0.0023629907265106907,-4.790067042006507,-23.19877905786395,-2.7125385902207415,22.876313739444925,2.074828903935867,16.863731385061993,0.7456637614194559
5.981000000000332,2,0,0,0,0.0010131099930005272,0.0,0.005559738826998431,5.0,0.6277033223778673,0.004513513388982591,0.4380690599626861,1.1415790234836355e-05,0.0038409713216516206,-6.0417227254205655e-05,0.6668500097692753,-9.278252918510013e-06,0.03940709045281921,4.620437727077095,0.10876499999999135,0.10876499999999135,1.0,0.0,0.0,0.0,0.0,0.0,0.0,-0.0,-0.0,0.0,-0.11914567095310563,-0.11927895951529248,-0.16218193324468855,-0.1621966700755213,-0.16218193324468858,-0.10718193324468911,0.13781806675531166,0.018672395802205234,0.0,0.16218193324468855,0.19390268156645196,7.382256874221925e-09,0,1,1,3,1,-1.527604197794765,-inf,0,0,0.16504101222380996,1.1392784364619533,0.11162044253275982,0.3143943589456327,-0.1047968046670436,-1.2090784364619533,-0.02317722355000167,1.4642445674453577,-0.7873549136365201,0.003631244724677859,8.261892653088156e-05,0.002672747536679007,0.00010401452444147946,0.00018102202521002054,1.4040108061251048e-05,-1.6149571427542766e-05,-0.043775516118814584,-35.03854399262212,-0.4849660568091114,18.969122013699412,0.6772107942288468,1.7304824097498304,-0.002372544409325863,-4.815897382543229,-23.16158081610168,-2.734606188208028,22.936932925215864,2.063145356066008,16.961205871810066,0.7465123657577183
5.991000000000335,2,0,0,0,0.0010126666979572985,0.0,0.00481465195465505,5.0,0.6277034326649985,0.0045509650680857165,0.4380684564671752,1.0699567901425939e-05,0.0036679795938841324,-6.027931534478404e-05,0.6671500097692753,-9.278252918510013e-06,0.039709296951600866,4.620561960294773,0.10906499999999132,0.10906499999999132,1.0,0.0,0.0,0.0,0.0,0.0,0.0,-0.0,-0.0,0.0,-0.11914567095310563,-0.11927895951529248,-0.16218193324468855,-0.1621966700755213,-0.16218193324468858,-0.10718193324468911,0.13781806675531166,0.018672395802205234,0.0,0.16218193324468855,0.19390268156645196,7.0495076986307585e-09,0,1,1,3,1,-1.527604197794765,-inf,0,0,0.17145799938589334,1.1392774308130453,0.11165584913096616,0.31439518140640466,-0.10477074368316154,-1.2090774308130454,-0.023175458737940077,1.4642447035939878,-0.7873550710931226,0.003467675991469445,8.192866957297595e-05,0.002552399230157564,9.779459312550385e-05,0.00017282295536515512,1.32730581807972e-05,-1.5420241413542004e-05,-0.04180365384605565,-35.03859067110668,-0.48332582813023695,18.969204221455495,0.6773205644839358,1.7304922546737413,-0.002381671029061508,-4.840664737493524,-23.124381987065888,-2.7557162378089126,22.99759199321803,2.0519277655081183,17.0586950059063,0.7473227527530277
6.001000000000339,2,0,0,0,0.0010122172096309612,0.0,0.004169417694927675,5.0,0.6277035360672244,0.004586729989602412,0.4380678548402573,1.0034931055062894e-05,0.00350278116975802,-6.005365720855987e-05,0.6674500097692753,-9.278252918510013e-06,0.040011316693069995,4.620685091489199,0.10936499999999129,0.10936499999999129,1.0,0.0,0.0,0.0,0.0,0.0,0.0,-0.0,-0.0,0.0,-0.11914567095310563,-0.11927895951529248,-0.16218193324468855,-0.1621966700755213,-0.16218193324468858,-0.10718193324468911,0.13781806675531166,0.018672395802205234,0.0,0.16218193324468855,0.19390268156645196,6.731761063751986e-09,0,1,1,3,1,-1.527604197794765,-inf,0,0,0.17120799748227,1.1392764854872495,0.11168966085535853,0.31439599652686545,-0.10474585616225138,-1.2090764854872496,-0.023173773861240424,1.464244832292579,-0.7873552214387829,0.0033114769262943215,8.115998243897925e-05,0.00243747164040983,9.191307218594866e-05,0.00016499500530485736,1.254577978199235e-05,-1.4723839279243825e-05,-0.03992063596461959,-35.03863509310078,-0.4817595244186179,18.969282266070092,0.6774253664873808,1.7305015308512584,-0.0023903896610847834,-4.864416379096605,-23.08718060511375,-2.7759112504662165,23.058287768633587,2.0411554546325963,17.156197944567936,0.7480966443318288
6.011000000000342,2,0,0,0,0.0010117627582118538,0.0,0.0036106543273534517,5.0,0.6277036330784652,0.004620884141837129,0.4380672559181472,9.41778695120715e-06,0.003345024892058218,-5.974767128178484e-05,0.6677500097692752,-9.278252918510013e-06,0.040313157775893234,4.620806877348383,0.10966499999999126,0.10966499999999126,1.0,0.0,0.0,0.0,0.0,0.0,0.0,-0.0,-0.0,0.0,-0.11914567095310563,-0.11927895951529248,-0.16218193324468855,-0.1621966700755213,-0.16218193324468858,-0.10718193324468911,0.13781806675531166,0.018672395802205234,0.0,0.16218193324468855,0.19390268156645196,6.4283403834765295e-09,0,1,1,3,1,-1.527604197794765,-inf,0,0,0.17108296742662787,1.1392755971982391,0.11172194956339734,0.31439680356427724,-0.10472208924962303,-1.2090755971982392,-0.023172165301711626,1.4642449539276214,-0.7873553649945504,0.0031623154227847796,8.032034957851901e-05,0.0023277205512151774,8.635232632489384e-05,0.00015752138142940606,1.1856248960544612e-05,-1.40588790733177e-05,-0.03812245860820091,-35.038677358450435,-0.48026381329395895,18.969356353484326,0.6775254250312603,1.730510269498122,-0.002398718533639187,-4.887197477198746,-23.049975053368566,-2.795231855869323,23.119017403407614,2.030808659194591,17.25371390739808,0.7488356847831618
6.021000000000345,2,0,0,0,0.001011304483418518,0.0,0.003126773479063088,5.0,0.6277037241535706,0.004653500089159407,0.43806666046547715,8.844389728675463e-06,0.0031943754280421466,-5.9368307797199056e-05,0.6680500097692752,-9.278252918510013e-06,0.040614828140118554,4.620927107641819,0.10996499999999122,0.10996499999999122,1.0,0.0,0.0,0.0,0.0,0.0,0.0,-0.0,-0.0,0.0,-0.11914567095310563,-0.11927895951529248,-0.16218193324468855,-0.1621966700755213,-0.16218193324468858,-0.10718193324468911,0.13781806675531166,0.018672395802205234,0.0,0.16218193324468855,0.19390268156645196,6.138599603257586e-09,0,1,1,3,1,-1.527604197794765,-inf,0,0,0.19216700457036495,1.1392747628309334,0.11175278387437203,0.314397601848127,-0.10469939247181013,-1.2090747628309335,-0.02317062960488762,1.4642450688659674,-0.7873555020669855,0.0030198743424563954,7.941678252516668e-05,0.0022229127500307737,8.109564023676945e-05,0.0001503860504621848,1.1202549629675376e-05,-1.342394174664778e-05,-0.0364052983860509,-35.03871756330075,-0.4788355126160972,18.96942667936735,0.6776209547326217,1.730518500071839,-0.0024066750641942723,-4.90905119275666,-23.012764013414838,-2.8137168844836506,23.179778336902118,2.020868488559717,17.351242170200834,0.7495414442669035
6.031000000000349,2,0,0,0,0.0010108434399236366,0.0,0.0027077397897955113,5.0,0.6277038097116193,0.004684647126299912,0.4380660691798266,8.311308690908239e-06,0.0030505125563576128,-5.8922076297315866e-05,0.6683500097692752,-9.278252918510013e-06,0.04091633554697503,4.62104560190991,0.11026499999999119,0.11026499999999119,1.0,0.0,0.0,0.0,0.0,0.0,0.0,-0.0,-0.0,0.0,-0.11914567095310563,-0.11927895951529248,-0.16218193324468855,-0.1621966700755213,-0.16218193324468858,-0.10718193324468911,0.13781806675531166,0.018672395802205234,0.0,0.16218193324468855,0.19390268156645196,5.861921816290494e-09,0,1,1,3,1,-1.527604197794765,-inf,0,0,0.1729169744066894,1.1392739794326014,0.11178222931534434,0.3143983907755236,-0.10467771762927774,-1.2090739794326015,-0.02316916347261559,1.464245177455864,-0.7873556329488123,0.002883850840171042,7.845584300405447e-05,0.002122825532387328,7.612716421986766e-05,0.0001435737048857274,1.0582865756585547e-05,-1.2817672192838486e-05,-0.03476550424719589,-35.038755800139334,-0.47747158371220816,18.96949342970607,0.6777121604957612,1.7305262503967207,-0.0024142758946332585,-4.930018767179599,-22.975546421867456,-2.8314034465611466,23.240568261602302,2.0113168875860215,17.44878205952049,0.7502154221611567
6.041000000000352,2,0,0,0,0.0010103806024724937,0.0,0.0023448627853395916,5.0,0.6277038901389206,0.004714391425692667,0.4380654826959876,7.815400048876549e-06,0.002913130486081111,-5.841507125135427e-05,0.6686500097692751,-9.278252918510013e-06,0.041217687562694935,4.6211622064595685,0.11056499999999116,0.11056499999999116,1.0,0.0,0.0,0.0,0.0,0.0,0.0,-0.0,-0.0,0.0,-0.11914567095310563,-0.11927895951529248,-0.16218193324468855,-0.1621966700755213,-0.16218193324468858,-0.10718193324468911,0.13781806675531166,0.018672395802205234,0.0,0.16218193324468855,0.19390268156645196,5.597717945427305e-09,0,1,1,3,1,-1.527604197794765,-inf,0,0,0.17154199304059148,1.1392732442044782,0.11181034846051434,0.3143991698068279,-0.10465701869396314,-1.2090732442044783,-0.023167763755980897,1.4642452800279173,-0.7873557579195424,0.002753955719955117,7.744366610377724e-05,0.0020272462285286356,7.143186522673329e-05,0.0001370697299932965,9.995474823691962e-06,-1.2238776400800239e-05,-0.033199589711028606,-35.038792157861344,-0.4761691249084697,18.96955678133336,0.6777992379529463,1.7305335467715848,-0.002421536925174438,-4.950139607700043,-22.938321432895062,-2.8483270077722835,23.301385093217483,2.002136600101421,17.5463329478198,0.7508590502570391
6.051000000000355,2,0,0,0,0.0010099168707108364,0.0,0.0020306166429994318,5.0,0.6277039657917438,0.004742796178177935,0.43806490158997974,7.353781570544325e-06,0.002781937206431684,-5.785299602506295e-05,0.6689500097692751,-9.278252918510013e-06,0.041518891545838814,4.621276791638183,0.11086499999999112,0.11086499999999112,1.0,0.0,0.0,0.0,0.0,0.0,0.0,-0.0,-0.0,0.0,-0.11914567095310563,-0.11927895951529248,-0.16218193324468855,-0.1621966700755213,-0.16218193324468858,-0.10718193324468911,0.13781806675531166,0.018672395802205234,0.0,0.16218193324468855,0.19390268156645196,5.345425485399366e-09,0,1,1,3,1,-1.527604197794765,-inf,0,0,0.17266697250306606,1.1392725544938493,0.11183720106430518,0.3143999384615119,-0.10463725171143226,-1.2090725544938494,-0.02316642744855302,1.4642453768959953,-0.7873558772460703,0.002629912819822698,7.638598304428606e-05,0.0019359717513236637,6.699548213876812e-05,0.00013086017246541378,9.438742156436763e-06,-1.1686018722067426e-05,-0.03170422544795624,-35.03882672184871,-0.47492536535297547,18.969616902409573,0.6778823738847851,1.7305404140647038,-0.002428473346982253,-4.969451368947963,-22.90108838589814,-2.8645214615905488,23.362226944603815,1.9933111339201965,17.64389424922133,0.7514736958089846
6.061000000000359,2,0,0,0,0.0010094530737468355,0.0,0.0017584841111413325,5.0,0.6277040369988152,0.004769921727365222,0.438064326382838,6.923809720878036e-06,0.002656653865780208,-5.724118538626488e-05,0.6692500097692751,-9.278252918510013e-06,0.041819954637652826,4.62138924936021,0.11116499999999109,0.11116499999999109,1.0,0.0,0.0,0.0,0.0,0.0,0.0,-0.0,-0.0,0.0,-0.11914567095310563,-0.11927895951529248,-0.16218193324468855,-0.1621966700755213,-0.16218193324468858,-0.10718193324468911,0.13781806675531166,0.018672395802205234,0.0,0.16218193324468855,0.19390268156645196,5.10450730370404e-09,0,1,1,3,1,-1.527604197794765,-inf,0,0,0.17091695917770267,1.1392719077865603,0.11186284418844962,0.3144006963142419,-0.10461837470744448,-1.2090719077865604,-0.023165151679937747,1.4642454683580788,-0.7873559911832424,0.002511458424307834,7.528814326341201e-05,0.0018488081645127632,6.280448444556326e-05,0.00012493171039097565,8.91111588344273e-06,-1.1158219252607032e-05,-0.030276232194446556,-35.03885957405867,-0.47373765911677534,18.969673952867073,0.6779617466212928,1.7305468757992122,-0.0024350996734586417,-4.9879900308966345,-22.863846777647808,-2.880019198557573,23.423092103008756,1.9848247273408357,17.741465415742983,0.7520606644461273
6.071000000000362,2,0,0,0,0.0010089899744549768,0.0,0.001522821345819822,5.0,0.6277041040635917,0.004795825697939437,0.4380637575441795,6.523058971055646e-06,0.0025370141786356837,-5.658462668518826e-05,0.669550009769275,-9.278252918510013e-06,0.04212088375506257,4.621499490863821,0.11146499999999106,0.11146499999999106,1.0,0.0,0.0,0.0,0.0,0.0,0.0,-0.0,-0.0,0.0,-0.11914567095310563,-0.11927895951529248,-0.16218193324468855,-0.1621966700755213,-0.16218193324468858,-0.10718193324468911,0.13781806675531166,0.018672395802205234,0.0,0.16218193324468855,0.19390268156645196,4.874450495308657e-09,0,1,1,3,1,-1.527604197794765,-inf,0,0,0.17354200826957822,1.139271301699924,0.11188733232334827,0.31440144299117856,-0.10460034759872738,-1.2090713016999242,-0.023163933709621488,1.464245554697065,-0.7873560999744017,0.0023983407034644045,7.415513566642885e-05,0.0017655702703848098,5.884603376581955e-05,0.00011927162466022795,8.411122374750354e-06,-1.0654251327122749e-05,-0.028912573987469797,-35.0388907931184,-0.4726034795608003,18.969728084824613,0.6780375264246349,1.7305529542309317,-0.0024414297702323945,-5.005789973342568,-22.82659623828493,-2.894851172555385,23.48397901020057,1.9766623170696578,17.83904593396335,0.7526212029523771
6.0810000000003654,2,0,0,0,0.0010085282735442513,0.0,0.001318740861286129,5.0,0.6277041672663406,0.004820563118187356,0.43806319549556805,6.149303020766803e-06,0.0024227638593493283,-5.588797981940144e-05,0.669850009769275,-9.278252918510013e-06,0.042421685585938215,4.621607444677201,0.11176499999999102,0.11176499999999102,1.0,0.0,0.0,0.0,0.0,0.0,0.0,-0.0,-0.0,0.0,-0.11914567095310563,-0.11927895951529248,-0.16218193324468855,-0.1621966700755213,-0.16218193324468858,-0.10718193324468911,0.13781806675531166,0.018672395802205234,0.0,0.16218193324468855,0.19390268156645196,4.65476528688119e-09,0,1,1,3,1,-1.527604197794765,-inf,0,0,0.17141702119261026,1.139270733976,0.11191071750395806,0.3144021781664842,-0.10458313210777198,-1.209070733976,-0.023162770921094526,1.4642456361815235,-0.7873562038519052,0.0022903191771453477,7.29916089594821e-05,0.0016860812160182208,5.510794781261409e-05,0.00011386777166270746,7.93736205525131e-06,-1.017303912280463e-05,-0.02761035170397958,-35.03892045442297,-0.4715204139567939,18.96977944297566,0.6781098758544082,1.7305586704200508,-0.0024474768838754156,-5.0228840470731475,-22.78933651065677,-2.9090469642067416,23.544886245108483,1.96880950751521,17.936635322068593,0.7531565019204991
6.091000000000369,2,0,0,0,0.0010080686133955852,0.0,0.0011420101668521306,5.0,0.627704226866042,0.004844186536999912,0.438062640613683,5.800497723837955e-06,0.002313660081333763,-5.5155596073280276e-05,0.670150009769275,-9.278252918510013e-06,0.04272236658631357,4.621713054774544,0.11206499999999099,0.11206499999999099,1.0,0.0,0.0,0.0,0.0,0.0,0.0,-0.0,-0.0,0.0,-0.11914567095310563,-0.11927895951529248,-0.16218193324468855,-0.1621966700755213,-0.16218193324468858,-0.10718193324468911,0.13781806675531166,0.018672395802205234,0.0,0.16218193324468855,0.19390268156645196,4.444983998349575e-09,0,1,1,3,1,-1.527604197794765,-inf,0,0,0.17508299788460135,1.1392702024752208,0.11193304942045702,0.314402901559028,-0.10456669168146708,-1.209070202475221,-0.02316166081624031,1.464245713066418,-0.7873563030376213,0.0021871642034248695,7.180189103580098e-05,0.0016101721172549525,5.157866651448523e-05,0.00010870855722792945,7.48850552363774e-06,-9.713555368888313e-06,-0.026366796891703445,-35.03894863023563,-0.47048615835067736,18.969828164954485,0.6781789501163314,1.7305640442976695,-0.002453253669385606,-5.039303641869383,-22.752067432540716,-2.922634841521293,23.60581250864053,1.9612525413998825,18.034233127226283,0.7536676982864398
6.101000000000372,2,0,0,0,0.001007611581688439,0.0,0.0009889639879071433,5.0,0.6277042831021266,0.0048667461356037,0.4380620932333068,5.474765541020966e-06,0.0022094709606485263,-5.43915359081543e-05,0.6704500097692749,-9.278252918510013e-06,0.0430229329792847,4.6218162789056825,0.11236499999999096,0.11236499999999096,1.0,0.0,0.0,0.0,0.0,0.0,0.0,-0.0,-0.0,0.0,-0.11914567095310563,-0.11927895951529248,-0.16218193324468855,-0.1621966700755213,-0.16218193324468858,-0.10718193324468911,0.13781806675531166,0.018672395802205234,0.0,0.16218193324468855,0.19390268156645196,4.244660040181057e-09,0,1,1,3,1,-1.527604197794765,-inf,0,0,0.17670897068455815,1.1392697051703484,0.11195437552392112,0.31440361292928026,-0.10455099141340048,-1.2090697051703485,-0.02316060100997885,1.464245785593788,-0.7873563977434019,0.00208865649007741,7.059000741326793e-05,0.0015376816996121108,4.8247220075233706e-05,0.00010378291175047975,7.063289928784325e-06,-9.27481915807835e-06,-0.02517926587812116,-35.0389753897889,-0.46949851265764536,18.969874381682068,0.6782448973950764,1.7305690947278891,-0.0024587722164754232,-5.05507875148436,-22.71478892136293,-2.9356418179011716,23.666756610396313,1.9539782716369782,18.13183892324859,0.7541558777489483
6.1110000000003755,2,0,0,0,0.0010071577148221822,0.0,0.0008564282506110472,5.0,0.627704336196064,0.00488828983425591,0.4380615536501389,5.17038136912688e-06,0.0021099750628548056,-5.35995857694076e-05,0.6707500097692749,-9.278252918510013e-06,0.043323390755340634,4.621917087083247,0.11266499999999093,0.11266499999999093,1.0,0.0,0.0,0.0,0.0,0.0,0.0,-0.0,-0.0,0.0,-0.11914567095310563,-0.11927895951529248,-0.16218193324468855,-0.1621966700755213,-0.16218193324468858,-0.10718193324468911,0.13781806675531166,0.018672395802205234,0.0,0.16218193324468855,0.19390268156645196,4.0533669658007655e-09,0,1,1,3,1,-1.527604197794765,-inf,0,0,0.1754579716362059,1.1392692401407374,0.11197474112723763,0.31440431207638564,-0.1045359979696611,-1.2090692401407375,-0.023159589225152558,1.464245853993393,-0.7873564881715356,0.001994586628075344,6.935969874046825e-05,0.0014684559553703983,4.510319880374453e-05,9.908026644450518e-05,6.660515569187146e-06,-8.85589385578246e-06,-0.024045234145092236,-35.039000799385555,-0.4685553759784501,18.96991821769352,0.678307859172009,1.7305738395659513,-0.002464044074714792,-5.070238035731822,-22.67750096107334,-2.9480937076158766,23.7277174570276,1.9469741344223885,18.229452308508623,0.7546220770801384
6.121000000000379,2,0,0,0,0.0010067075011501725,0.0,0.0007416542537578893,5.0,0.6277043863528211,0.004908863394131522,0.43806102212345,4.885759615040635e-06,0.0020149609320915763,-5.2783273969513484e-05,0.6710500097692749,-9.278252918510013e-06,0.04362374567390417,4.6220154602127135,0.11296499999999089,0.11296499999999089,1.0,0.0,0.0,0.0,0.0,0.0,0.0,-0.0,-0.0,0.0,-0.11914567095310563,-0.11927895951529248,-0.16218193324468855,-0.1621966700755213,-0.16218193324468858,-0.10718193324468911,0.13781806675531166,0.018672395802205234,0.0,0.16218193324468855,0.19390268156645196,3.870697560400471e-09,0,1,1,3,1,-1.527604197794765,-inf,0,0,0.17320801271125674,1.139268805566893,0.11199418950147015,0.3144049988354064,-0.10452167951798502,-1.209068805566893,-0.023158623287643617,1.4642459184833292,-0.787356574515178,0.0019047546461137647,6.811443739844441e-05,0.001402347816112132,4.213672457669874e-05,9.459053067550194e-05,6.279042690513302e-06,-8.45588510307789e-06,-0.022962290957155906,-35.03902492249933,-0.4676547421268643,18.969959791448954,0.6783679705285215,1.73057829571286,-0.002469080277571705,-5.084808879814132,-22.640203590884195,-2.960015178853074,23.788694042029697,1.9402281234912828,18.327072904075248,0.7550672863316337
6.131000000000382,2,0,0,0,0.0010062613840264856,0.0,0.0006422616625791122,5.0,0.6277044337621926,0.004928510514618636,0.438060498878577,4.6194423988456566e-06,0.0019242266413723819,-5.194588570056838e-05,0.6713500097692748,-9.278252918510013e-06,0.04392400326590012,4.622111388853286,0.11326499999999086,0.11326499999999086,1.0,0.0,0.0,0.0,0.0,0.0,0.0,-0.0,-0.0,0.0,-0.11914567095310563,-0.11927895951529248,-0.16218193324468855,-0.1621966700755213,-0.16218193324468858,-0.10718193324468911,0.13781806675531166,0.018672395802205234,0.0,0.16218193324468855,0.19390268156645196,3.696262974806635e-09,0,1,1,3,1,-1.527604197794765,-inf,0,0,0.17033301992341876,1.1392683997253046,0.11201276196787996,0.314405673074727,-0.10450800566009412,-1.2090683997253047,-0.02315770112171229,1.4642459792706102,-0.7873566569587656,0.0018189695852150792,6.685744323200064e-05,0.0013392168400137468,3.93384238200066e-05,9.030407032001699e-05,5.917788462277593e-06,-8.073938909406596e-06,-0.021928134232063676,-35.03904781987446,-0.466794695358993,18.96999921562839,0.6784253604356105,1.7305824791667725,-0.0024738913653946652,-5.098817451010512,-22.602896895617196,-2.971429804445722,23.849685436779005,1.9337287654936872,18.424700352041516,0.7554924509411092
6.1410000000003855,2,0,0,0,0.0010058197646869438,0.0,0.0005561891422165895,5.0,0.6277044786000194,0.004947272926228527,0.43805998410927766,4.370088782884668e-06,0.0018375793631470344,-5.109047722531318e-05,0.6716500097692748,-9.278252918510013e-06,0.044224168837181096,4.622204872097069,0.11356499999999083,0.11356499999999083,1.0,0.0,0.0,0.0,0.0,0.0,0.0,-0.0,-0.0,0.0,-0.11914567095310563,-0.11927895951529248,-0.16218193324468855,-0.1621966700755213,-0.16218193324468858,-0.10718193324468911,0.13781806675531166,0.018672395802205234,0.0,0.16218193324468855,0.19390268156645196,3.529691896673344e-09,0,1,1,3,1,-1.527604197794765,-inf,0,0,0.1764170010574162,1.1392680209835433,0.11203049798579957,0.3144063346936115,-0.10449494736708387,-1.2090680209835434,-0.02315682074554623,1.4642460365517198,-0.7873567356784072,0.001737049092508645,6.559169844696097e-05,0.0012789289132287298,3.669940191040765e-05,8.62116871062525e-05,5.575724118572027e-06,-7.70923983108749e-06,-0.020940565642619126,-35.03906954962361,-0.46597340629507655,18.970036597411955,0.6784801520303352,1.7305864050714066,-0.0024784874073831725,-5.112288752845821,-22.565580997440065,-2.982360110376699,23.910690782655596,1.9274650964404547,18.522334314023063,0.7558984737438761
6.151000000000389,2,0,0,0,0.001005383004963667,0.0,0.0004816516070372194,5.0,0.6277045210293083,0.004965190479319573,0.4380594779799437,4.136464934370787e-06,0.00175483495921547,-5.021988929217168e-05,0.6719500097692748,-9.278252918510013e-06,0.04452424747265825,4.622295916555839,0.11386499999999079,0.11386499999999079,1.0,0.0,0.0,0.0,0.0,0.0,0.0,-0.0,-0.0,0.0,-0.11914567095310563,-0.11927895951529248,-0.16218193324468855,-0.1621966700755213,-0.16218193324468858,-0.10718193324468911,0.13781806675531166,0.018672395802205234,0.0,0.16218193324468855,0.19390268156645196,3.3706297607694936e-09,0,1,1,3,1,-1.527604197794765,-inf,0,0,0.1705000177025795,1.1392676677956055,0.11204743523654559,0.3144069836199052,-0.10448247691772293,-1.2090676677956056,-0.023155980267011225,1.4642460905131405,-0.7873568108422626,0.0016588190333213357,6.431996171124195e-05,0.0012213559647265744,3.4211218910325585e-05,8.230459889081616e-05,5.251872250777601e-06,-7.361009231866682e-06,-0.019997485939391678,-35.03909016732456,-0.46518912802532236,18.970072038746384,0.6785324628797633,1.730590087761742,-0.0024828780225872055,-5.125246676848325,-22.5282560488025,-2.9928276221520553,23.971709284107458,1.921426639177964,18.619974469801953,0.7562862168935238
6.161000000000392,2,0,0,0,0.00100495142984941,0.0,0.0004171031991688824,5.0,0.627704561201252,0.004982301228821255,0.43805898062768756,3.9174351382884445e-06,0.0016758175891220335,-4.933675981664936e-05,0.6722500097692747,-9.278252918510013e-06,0.04482424404101968,4.622384535446032,0.11416499999999076,0.11416499999999076,1.0,0.0,0.0,0.0,0.0,0.0,0.0,-0.0,-0.0,0.0,-0.11914567095310563,-0.11927895951529248,-0.16218193324468855,-0.1621966700755213,-0.16218193324468858,-0.10718193324468911,0.13781806675531166,0.018672395802205234,0.0,0.16218193324468855,0.19390268156645196,3.2187379895993227e-09,0,1,1,3,1,-1.527604197794765,-inf,0,0,0.17566600581631064,1.1392673386974947,0.11206360970354921,0.31440761980787324,-0.10447056783953296,-1.2090673386974948,-0.02315517787959416,1.4642461413318502,-0.787356882610899,0.001584113120753789,6.304478149761196e-05,0.0011663756939817786,3.18658665581424e-05,7.857442082902948e-05,4.945304241758195e-06,-7.028503621862706e-06,-0.019096890484341166,-35.039109726114766,-0.464440192391331,18.970105636598415,0.6785824052329535,1.730593540807131,-0.002487072399978654,-5.137714052007405,-22.49092222640674,-3.002852909137611,24.0327402025387,1.915603381845937,18.71762051610281,0.7566565036960344
6.1710000000003955,2,0,0,0,0.0010045253299123535,0.0,0.0003612052284577398,5.0,0.627704599256168,0.0049986415151412125,0.4380584921643016,3.7119535852702445e-06,0.0016003593361977198,-4.844353586889245e-05,0.6725500097692747,-9.278252918510013e-06,0.04512416319991307,4.622470747762912,0.11446499999999073,0.11446499999999073,1.0,0.0,0.0,0.0,0.0,0.0,0.0,-0.0,-0.0,0.0,-0.11914567095310563,-0.11927895951529248,-0.16218193324468855,-0.1621966700755213,-0.16218193324468858,-0.10718193324468911,0.13781806675531166,0.018672395802205234,0.0,0.16218193324468855,0.19390268156645196,3.0736932773479565e-09,0,1,1,3,1,-1.527604197794765,-inf,0,0,0.1771660172380507,1.1392670323030252,0.11207905574887506,0.31440824323616884,-0.10445919485252367,-1.2090670323030253,-0.02315441185852961,1.464246189175798,-0.787356951137634,0.0015127725619542359,6.176850870504835e-05,0.0011138713109341205,2.96557464422133e-05,7.501314739811912e-05,4.655137832930389e-06,-6.711013071402999e-06,-0.018236864985839252,-35.03912827678371,-0.4637250064352596,18.970137483195558,0.6786300862615298,1.7305967770520105,-0.002491079317634291,-5.149712692030004,-22.45357972606992,-3.0124556269429,24.093782850913847,1.9099857572791081,18.815272165483,0.7570101203609858
6.181000000000399,2,0,0,0,0.0010041049635765575,0.0,0.00031279840894335084,5.0,0.6277046353243577,0.005014246041425077,0.43805801267810507,3.5190568662136924e-06,0.001528299850455316,-4.754248500466925e-05,0.6728500097692747,-9.278252918510013e-06,0.04542400940150067,4.622554577535234,0.1147649999999907,0.1147649999999907,1.0,0.0,0.0,0.0,0.0,0.0,0.0,-0.0,-0.0,0.0,-0.11914567095310563,-0.11927895951529248,-0.16218193324468855,-0.1621966700755213,-0.16218193324468858,-0.10718193324468911,0.13781806675531166,0.018672395802205234,0.0,0.16218193324468855,0.19390268156645196,2.935186896988483e-09,0,1,1,3,1,-1.527604197794765,-inf,0,0,0.17200002912431955,1.1392667472998381,0.112093806186291,0.31440885390592344,-0.10444833381546341,-1.2090667472998382,-0.02315368055710168,1.4642462342043547,-0.7873570165688646,0.0014446457203372838,6.049330859495341e-05,0.0010637312876674238,2.757364929359738e-05,7.161313523457773e-05,4.380534815901719e-06,-6.4078596964009875e-06,-0.017415581426003184,-35.03914586786345,-0.4630420490090833,18.970167666255573,0.6786756082893712,1.7305998086543997,-0.002494907161067718,-5.161263440496825,-22.416228758356084,-3.0216545579395437,24.15483658898577,1.9045646233112885,18.91292914532192,0.7573478176740405
6.191000000000402,2,0,0,0,0.0010036905592718526,0.0,0.0002708788160549541,5.0,0.6277046695268924,0.005029147947334866,0.43805754223568033,3.3378571116286304e-06,0.0014594860075781827,-4.663570597502488e-05,0.6731500097692746,-9.278252918510013e-06,0.04572378689830147,4.622636053153862,0.11506499999999066,0.11506499999999066,1.0,0.0,0.0,0.0,0.0,0.0,0.0,-0.0,-0.0,0.0,-0.11914567095310563,-0.11927895951529248,-0.16218193324468855,-0.1621966700755213,-0.16218193324468858,-0.10718193324468911,0.13781806675531166,0.018672395802205234,0.0,0.16218193324468855,0.19390268156645196,2.8029240453193622e-09,0,1,1,3,1,-1.527604197794765,-inf,0,0,0.17191702499985695,1.1392664824456198,0.11210789235104443,0.31440945183895336,-0.104437961674571,-1.2090664824456199,-0.023152982403113136,1.46424627656874,-0.7873570790443775,0.001379587793028938,5.922117207674616e-05,0.0010158491212788974,2.5612735336184875e-05,6.836708674868101e-05,4.120698841856612e-06,-6.118396212057688e-06,-0.01663129417166677,-35.03916254571659,-0.46238986753684896,18.970196269204415,0.6787190690118977,1.7306026471222913,-0.0024985639407499385,-5.172386214009005,-22.37886954487063,-3.030467649992115,24.215900819070907,1.899331243944517,19.010591196901718,0.7576703125936521
6.2010000000004055,2,0,0,0,0.0010032823174582761,0.0,0.00023457706589748747,5.0,0.6277047019763371,0.005043378879502191,0.43805708088350365,3.167535719352491e-06,0.0013937715832776014,-4.572513884773725e-05,0.6734500097692746,-9.278252918510013e-06,0.04602349974924105,4.622715206767009,0.11536499999999063,0.11536499999999063,1.0,0.0,0.0,0.0,0.0,0.0,0.0,-0.0,-0.0,0.0,-0.11914567095310563,-0.11927895951529248,-0.16218193324468855,-0.1621966700755213,-0.16218193324468858,-0.10718193324468911,0.13781806675531166,0.018672395802205234,0.0,0.16218193324468855,0.19390268156645196,2.6766232114325232e-09,0,1,1,3,1,-1.527604197794765,-inf,0,0,0.17120799748227,1.139266236564509,0.11212134416649362,0.3144100370760749,-0.1044280564145196,-1.209066236564509,-0.02315231589551433,1.4642463164124315,-0.7873571386976488,0.0013174605028515158,5.795392637629232e-05,0.0009701231074348706,2.3766515637887148e-05,6.526803448092116e-05,3.874873341871381e-06,-5.8420045518183975e-06,-0.01588233626070557,-35.03917835462199,-0.46176707492292796,18.970223371383845,0.6787605617054329,1.7306053033480115,-0.0025020573088507026,-5.1831000434166885,-22.341502315125137,-3.0389120534808045,24.27697498229855,1.8942772713456268,19.108258074564112,0.7579782897759103
6.211000000000409,2,0,0,0,0.0010028804125344903,0.0,0.00020314028481987605,5.0,0.62770473277741,0.0050569690588064785,0.43805662864947825,3.0073376192334996e-06,0.0013310169423262073,-4.4812574572010207e-05,0.6737500097692746,-9.278252918510013e-06,0.04632315182585369,4.622792073736072,0.1156649999999906,0.1156649999999906,1.0,0.0,0.0,0.0,0.0,0.0,0.0,-0.0,-0.0,0.0,-0.11914567095310563,-0.11927895951529248,-0.16218193324468855,-0.1621966700755213,-0.16218193324468858,-0.10718193324468911,0.13781806675531166,0.018672395802205234,0.0,0.16218193324468855,0.19390268156645196,2.5560155830004837e-09,0,1,1,3,1,-1.527604197794765,-inf,0,0,0.17066701548174024,1.1392660085436883,0.11213419020773584,0.314410609675524,-0.1044185970116486,-1.2090660085436884,-0.02315167960118458,1.4642463538715502,-0.7873571956561284,0.0012581318041930466,5.669324511865901e-05,0.0009264561241314386,2.202883440907561e-05,6.230932616666768e-05,3.642339552379614e-06,-5.578094548640344e-06,-0.015167115855806481,-35.03919333685797,-0.46117234659965783,18.970249048248835,0.6788001754270863,1.7306077876407897,-0.0025053945752376966,-5.193423113213062,-22.304127303892905,-3.047004156688491,24.33805855527879,1.8893947286353576,19.20592954493999,0.7582724030306038
6.221000000000412,2,0,0,0,0.0010024849946387304,0.0,0.00017591649532667445,5.0,0.6277047620275931,0.00506994734462079,0.43805618554437725,2.856566028087743e-06,0.0012710887416062645,-4.389966401600653e-05,0.6740500097692745,-9.278252918510013e-06,0.04662274681857055,4.622866692146695,0.11596499999999056,0.11596499999999056,1.0,0.0,0.0,0.0,0.0,0.0,0.0,-0.0,-0.0,0.0,-0.11914567095310563,-0.11927895951529248,-0.16218193324468855,-0.1621966700755213,-0.16218193324468858,-0.10718193324468911,0.13781806675531166,0.018672395802205234,0.0,0.16218193324468855,0.19390268156645196,2.440844467010475e-09,0,1,1,3,1,-1.527604197794765,-inf,0,0,0.17195905093103647,1.1392657973301443,0.11214645776236738,0.3144111697114726,-0.10440956338928384,-1.2090657973301444,-0.023151072151859225,1.464246389075229,-0.7873572500415117,0.0012014756021352662,5.544065785584103e-05,0.0008847554252001901,2.0393852198927876e-05,5.9484610476968654e-05,3.422414639906806e-06,-5.326102675771296e-06,-0.014484112858129276,-35.03920753278329,-0.4606044177081957,18.970273371555663,0.6788379952056025,1.7306101097575346,-0.002508582722763684,-5.203372799177395,-22.266744748987577,-3.054759619625155,24.399151047131895,1.8846759934353372,19.30360538623718,0.7585532767115791
6.2310000000004155,2,0,0,0,0.001002096191341062,0.0,0.0001523410945074738,5.0,0.6277047898176847,0.005082341296162987,0.43805575156319587,2.7145776522028094e-06,0.0012138596465412392,-4.298792650529846e-05,0.6743500097692745,-9.278252918510013e-06,0.04692228824305968,4.6229391023696875,0.11626499999999053,0.11626499999999053,1.0,0.0,0.0,0.0,0.0,0.0,0.0,-0.0,-0.0,0.0,-0.11914567095310563,-0.11927895951529248,-0.16218193324468855,-0.1621966700755213,-0.16218193324468858,-0.10718193324468911,0.13781806675531166,0.018672395802205234,0.0,0.16218193324468855,0.19390268156645196,2.3308647483602516e-09,0,1,1,3,1,-1.527604197794765,-inf,0,0,0.17587497131899,1.1392656019275926,0.11215817288850526,0.31441171727263817,-0.10440093637507139,-1.2090656019275927,-0.02315049224119564,1.4642464221459615,-0.7873573019700003,0.001147371484242542,5.419755906792328e-05,0.000844932443119937,1.8856029942017795e-05,5.67878234047758e-05,3.2144499200011976e-06,-5.085490844349373e-06,-0.013831875673648403,-35.03922098091548,-0.46006208040646807,18.970296409540715,0.6788741022235615,1.7306122789319673,-0.0025116284218748954,-5.212965704342695,-22.229354889403275,-3.0621934063557834,24.460251996839105,1.8801137821407876,19.401285387587023,0.7588215070443954
6.241000000000419,2,0,0,0,0.0010017141092397153,0.0,0.00013192514455587855,5.0,0.6277048162323162,0.00509417723108084,0.43805532668642233,2.580778298638811e-06,0.0011592080603076333,-4.2078757888740657e-05,0.6746500097692745,-9.278252918510013e-06,0.04722177944656077,4.623009346667443,0.1165649999999905,0.1165649999999905,1.0,0.0,0.0,0.0,0.0,0.0,0.0,-0.0,-0.0,0.0,-0.11914567095310563,-0.11927895951529248,-0.16218193324468855,-0.1621966700755213,-0.16218193324468858,-0.10718193324468911,0.13781806675531166,0.018672395802205234,0.0,0.16218193324468855,0.19390268156645196,2.2258423642104217e-09,0,1,1,3,1,-1.527604197794765,-inf,0,0,0.20187499467283487,1.139265421393559,0.11216936047019355,0.31441225246098015,-0.1043926976602338,-1.209065421393559,-0.02314993862197203,1.4642464531999337,-0.7873573515525492,0.0010957044644409764,5.296521666549916e-05,0.0008069026007150618,1.7410113811472065e-05,5.421317526738819e-05,3.0178291652956763e-06,-4.85574525526846e-06,-0.013209018125288465,-35.03923371800657,-0.45954418129851593,18.970318227090658,0.678908573991336,1.7306143039021398,-0.002514538044569516,-5.222217693364713,-22.19195796376628,-3.069319815899123,24.52136097087195,1.8757011348868258,19.49896934843892,0.7590776633941131
6.251000000000422,2,0,0,0,0.001001338835461496,0.0,0.000114245232531368,5.0,0.6277048413504167,0.005105480281398315,0.4380549108812298,2.454618859751049e-06,0.0011070178652511419,-4.1173438156971866e-05,0.6749500097692744,-9.278252918510013e-06,0.04752122361419788,4.623077468841301,0.11686499999999046,0.11686499999999046,1.0,0.0,0.0,0.0,0.0,0.0,0.0,-0.0,-0.0,0.0,-0.11914567095310563,-0.11927895951529248,-0.16218193324468855,-0.1621966700755213,-0.16218193324468858,-0.10718193324468911,0.13781806675531166,0.018672395802205234,0.0,0.16218193324468855,0.19390268156645196,2.12555380745749e-09,0,1,1,3,1,-1.527604197794765,-inf,0,0,0.1710830256342888,1.1392652548366067,0.1121800442703126,0.31441277539047835,-0.1043848297606625,-1.2090652548366068,-0.023149410103412874,1.4642464823473413,-0.7873573988951036,0.001046364738442698,5.1744780019061214e-05,0.0007705851313400633,1.605112083617272e-05,5.175513829714825e-05,2.831966998185548e-06,-4.636375302854868e-06,-0.012614216504278287,-35.039245779116754,-0.45904961897982194,18.970338885904606,0.678941484513186,1.730616192936597,-0.002517317677734188,-5.231143925361428,-22.154554209054194,-3.0761525117580515,24.58247756106639,1.8714314011793456,19.5966570779981,0.7593222894758801
6.261000000000426,2,0,0,0,0.0010009704390763208,0.0,9.893468906238732e-05,5.0,0.6277048652456486,0.005116274446938638,0.4380545041025953,2.3355916386496638e-06,0.0010571781759571742,-4.027313863727328e-05,0.6752500097692744,-9.278252918510013e-06,0.04782062377522356,4.623143513916432,0.11716499999999043,0.11716499999999043,1.0,0.0,0.0,0.0,0.0,0.0,0.0,-0.0,-0.0,0.0,-0.11914567095310563,-0.11927895951529248,-0.16218193324468855,-0.1621966700755213,-0.16218193324468858,-0.10718193324468911,0.13781806675531166,0.018672395802205234,0.0,0.16218193324468855,0.19390268156645196,2.0297856496337316e-09,0,1,1,3,1,-1.527604197794765,-inf,0,0,0.17200002912431955,1.139265101413702,0.11219024698110341,0.31441328618599024,-0.1043773159797635,-1.2090651014137022,-0.023148905548635402,1.4642465096926878,-0.7873574440988254,0.000999247450194874,5.053728754025757e-05,0.0007359029071678685,1.477432524284119e-05,4.940843479374154e-05,2.656307363662896e-06,-4.4269125280220225e-06,-0.01204620675444442,-35.03925719768531,-0.45857734169325776,18.97035844464836,0.6789729044458332,1.730617953859045,-0.0025199731358878457,-5.239758885292793,-22.117143859543283,-3.0827045501432164,24.64360138271336,1.8672982261601068,19.694348394704054,0.7595559045109608
6.271000000000429,2,0,0,0,0.0010006089724268197,0.0,8.567598387253293e-05,5.0,0.6277048879867999,0.005126582646341981,0.43805410629434927,2.2232269860719224e-06,0.001009583103450515,-3.9378928787352754e-05,0.6755500097692744,-9.278252918510013e-06,0.04811998280918609,4.623207527860277,0.1174649999999904,0.1174649999999904,1.0,0.0,0.0,0.0,0.0,0.0,0.0,-0.0,-0.0,0.0,-0.11914567095310563,-0.11927895951529248,-0.16218193324468855,-0.1621966700755213,-0.16218193324468858,-0.10718193324468911,0.13781806675531166,0.018672395802205234,0.0,0.16218193324468855,0.19390268156645196,1.9383340857707985e-09,0,1,1,3,1,-1.527604197794765,-inf,0,0,0.16454095020890236,1.1392649603277165,0.1121999902724149,0.31441378498218053,-0.10437014037297723,-1.2090649603277166,-0.023148423872211596,1.4642465353350718,-0.7873574872603093,0.0009542524688564662,4.9343673838533174e-05,0.0007027822752167175,1.3575245485594922e-05,4.716802581264143e-05,2.490322078185904e-06,-4.226909618670558e-06,-0.01150378178344882,-35.039268005598906,-0.4581263450907828,18.970376959101024,0.6790029012498514,1.7306195940717204,-0.0025225099733570426,-5.2480764139438865,-22.079727145950535,-3.088988406945501,24.704732072839313,1.8632955374800195,19.792043125745927,0.7597790043306535
6.281000000000432,2,0,0,0,0.0010002544723785034,0.0,7.419414041820812e-05,5.0,0.627704909638151,0.005136426765782054,0.4380537173901577,2.117090221746326e-06,0.0009641315300225962,-3.849178260940327e-05,0.6758500097692743,-9.278252918510013e-06,0.0484193034519847,4.623269557331904,0.11776499999999036,0.11776499999999036,1.0,0.0,0.0,0.0,0.0,0.0,0.0,-0.0,-0.0,0.0,-0.11914567095310563,-0.11927895951529248,-0.16218193324468855,-0.1621966700755213,-0.16218193324468858,-0.10718193324468911,0.13781806675531166,0.018672395802205234,0.0,0.16218193324468855,0.19390268156645196,1.8510045036443943e-09,0,1,1,3,1,-1.527604197794765,-inf,0,0,0.17320801271125674,1.1392648308250513,0.11220929483777654,0.31441427192252114,-0.10436328771389733,-1.2090648308250513,-0.023147964037840404,1.4642465593684557,-0.7873575284717886,0.0009112841758281403,4.8164776475441976e-05,0.0006711529007668794,1.2449631927598774e-05,4.5029100365421966e-05,2.3335094507347083e-06,-4.035939455200957e-06,-0.010985788895245542,-35.03927823325816,-0.45769567009606055,18.970394482295024,0.6790315393342337,1.7306211205775788,-0.002524933495909663,-5.256109736575502,-22.04230429474452,-3.095016003514364,24.765869288652546,1.8594175327523,19.8897411066071,0.759992062430264
6.291000000000436,2,0,1,1,0.0009999171201301718,0.012955212172528511,0.00043292966639083696,5.0,0.6277049364392536,0.005145816359258905,0.4380533475132373,6.104333875363576e-06,0.0009132392589496522,-3.083185784687391e-05,0.6761500097692743,-9.278252918510013e-06,0.04871858095646446,4.623329601477516,0.11806499999999033,0.11806499999999033,1.0,-4.621495759591191e-06,-4.677301918959808e-06,0.0,0.0,0.0,-4.621495759591191e-06,-0.0,-0.0,0.0,-0.11914568036903427,-0.11927897142458507,-0.16218193324468855,-0.1621966700755213,-0.16218193324468858,-0.10718193324468911,0.13781806675531166,0.018672386386276593,0.0,0.16218193324468855,0.19390268156645196,2.70699139863961e-07,0,1,1,3,1,-1.5276470853650437,-inf,0,0,0.1640830305404961,1.1392646924360996,0.11221818226060588,0.31441474726798513,-0.10435675194143436,-1.2090646924360997,-0.023147554598581883,1.4642465918573324,-0.787357566481287,0.0008714272700352189,4.704139430850766e-05,0.0006353294345118802,2.450009085161869e-05,2.3595007600964786e-05,8.773882310106599e-06,-2.9704796634363556e-06,-0.010498888074298284,-35.039288708343726,-0.4572500912160158,18.97033122704732,0.6791806730590171,1.7305819084164216,-0.0025327308015252858,-5.26367522859876,-22.004824552085953,-3.100583241387595,24.826904097664308,1.8558507101212274,19.987310607115447,0.7601603806963504
6.301000000000439,2,0,1,1,0.000999818091152043,0.012980557669978108,0.0021262056376752663,5.0,0.6277050874353329,0.005154559937808495,0.438053216405461,2.1252849990504165e-05,0.0008450971559181863,5.262667082871044e-07,0.6764500097692743,-9.278252918510013e-06,0.049017677201209614,4.623381814419556,0.1183649999999903,0.1183649999999903,1.0,-3.935659948932148e-06,-3.962319333258721e-06,0.0,0.0,0.0,-3.935659948932148e-06,-0.0,-0.0,0.0,-0.11914572305937483,-0.11927901449351004,-0.16218193324468855,-0.1621966700755213,-0.16218193324468858,-0.10718193324468911,0.13781806675531166,0.018672343695936008,0.0,0.16218193324468855,0.19390268156645196,1.4265176438852516e-07,0,1,1,3,1,-1.527690174728821,-inf,0,0,0.1783329644240439,1.1392641404947361,0.11222668717544872,0.3144151903729656,-0.10435068760262928,-1.2090641404947362,-0.023147683355037085,1.464246819569968,-0.7873575775420371,0.0008323979948157499,4.090016482246145e-05,0.0005844402937576528,7.746960500951793e-05,-3.432423369659751e-05,3.210312729638792e-05,8.010118426519331e-08,-0.01003866594611016,-35.03924513025908,-0.45658240695205776,18.96967480885727,0.6799485499900787,1.7302848007305638,-0.0025721879104318346,-5.269537179207764,-21.966589714966513,-3.1043831728625673,24.88687226624315,1.8535814635790038,20.083835570240566,0.7600475253137239
6.311000000000442,2,0,0,0,0.0010000056127614787,0.0,0.003536809354411114,5.0,0.6277053505472007,0.00516269923426751,0.4380533677455878,2.9606932893479352e-05,0.000789863743488013,2.6278342981855676e-05,0.6767500097692742,-9.278252918510013e-06,0.049316609264397786,4.623415876407903,0.11866499999999026,0.11866499999999026,1.0,-3.1384821533135797e-06,-1.5953838040887791e-06,0.0,0.0,0.0,-3.1384821533135797e-06,-0.0,-0.0,0.0,-0.11914575800837122,-0.11927904807102141,-0.16218193324468855,-0.1621966700755213,-0.16218193324468858,-0.10718193324468911,0.13781806675531166,0.018672308746939613,0.0,0.16218193324468855,0.19390268156645196,7.514350464069453e-08,0,1,1,3,1,-1.527723176206842,-inf,0,0,0.18066703341901302,1.1392631575043104,0.11223477567692826,0.31441553529857685,-0.10434507724041796,-1.2090631575043105,-0.02314815409264904,1.4642472140922493,-0.7873575683674586,0.0007892842957088005,2.8553446946786082e-05,0.0005430917296348905,0.00011297721282008982,-5.386116559087633e-05,4.415629470068738e-05,1.4185184725432066e-06,-0.009524005121337557,-35.039117738378955,-0.4560358487606428,18.969229030671368,0.6802151689069857,1.7301304354294638,-0.002589758118693817,-5.275517536856663,-21.928451565850768,-3.1084332780103825,24.947095707344815,1.850821316940838,20.18064025203091,0.7599897497454082
6.321000000000446,2,0,0,0,0.0010002669776847384,0.0,0.0030628248198937467,5.0,0.6277055805156817,0.005170491666763182,0.43805358800307154,1.8476222311590883e-05,0.0007685919001099547,1.9112239064197196e-05,0.6770500097692742,-9.278252918510013e-06,0.04961554912306862,4.623433132910834,0.11896499999999023,0.11896499999999023,1.0,0.0,0.0,0.0,0.0,0.0,0.0,-0.0,-0.0,0.0,-0.11914575800837122,-0.11927904807102141,-0.16218193324468855,-0.1621966700755213,-0.16218193324468858,-0.10718193324468911,0.13781806675531166,0.018672308746939613,0.0,0.16218193324468855,0.19390268156645196,2.9059177319165054e-08,0,1,1,3,1,-1.5276912530603863,-inf,0,0,0.17645797925069928,1.1392621978156607,0.1122424114305771,0.31441574671111433,-0.10433971565698547,-1.2090621978156608,-0.023148332542544597,1.4642475465926288,-0.7873575696444862,0.0007439602352066572,1.589759948750985e-05,0.0005295459950262077,8.382410388519647e-05,2.9697975815609814e-06,2.6091811144397257e-05,-1.0856636732599623e-06,-0.008977174987730327,-35.038971320530116,-0.45580836898585503,18.969514029923797,0.6795873956153272,1.7303224777895154,-0.002562680487924412,-5.282820942973655,-21.891009382451145,-3.1139838496725116,25.008466357732875,1.8466895871354876,20.27863228278462,0.7602224868267313
6.331000000000449,2,0,0,0,0.0010004741093252445,0.0,0.002652361192626143,5.0,0.6277057261379825,0.005178020244243676,0.438053753418981,1.1857481608414148e-05,0.0007393907076484059,1.4736394434804796e-05,0.6773500097692742,-9.278252918510013e-06,0.04991455662392282,4.623444986418535,0.1192649999999902,0.1192649999999902,1.0,0.0,0.0,0.0,0.0,0.0,0.0,-0.0,-0.0,0.0,-0.11914575800837122,-0.11927904807102141,-0.16218193324468855,-0.1621966700755213,-0.16218193324468858,-0.10718193324468911,0.13781806675531166,0.018672308746939613,0.0,0.16218193324468855,0.19390268156645196,1.202044920223838e-08,0,1,1,3,1,-1.5276912530603863,-inf,0,0,0.1778329606167972,1.1392614731750381,0.11224963756941396,0.31441585807790295,-0.10433451801928756,-1.2090614731750382,-0.023148176152101005,1.46424775002829,-0.7873575870716318,0.0007059686907765209,7.798029097281512e-06,0.0005112756465835674,6.433146047710559e-05,2.284481965561085e-05,1.6508699455446018e-05,-2.137330833197214e-06,-0.008514492513970564,-35.038877226828674,-0.4555552900997414,18.96975641971488,0.6793237864574515,1.730445672348556,-0.0025488622821264683,-5.28970646199672,-21.85359006344939,-3.119065778276303,25.069817204609272,1.843055309204878,20.376573476093327,0.7604303649634907
6.341000000000452,2,0,0,0,0.0010006448017632064,0.0,0.0022969057356643824,5.0,0.6277058208737056,0.005185242768352151,0.4380538841244256,7.812731297709686e-06,0.000708144341921128,1.1875895139547085e-05,0.6776500097692741,-9.278252918510013e-06,0.050213594305493124,4.62345648676847,0.11956499999999017,0.11956499999999017,1.0,0.0,0.0,0.0,0.0,0.0,0.0,-0.0,-0.0,0.0,-0.11914575800837122,-0.11927904807102141,-0.16218193324468855,-0.1621966700755213,-0.16218193324468858,-0.10718193324468911,0.13781806675531166,0.018672308746939613,0.0,0.16218193324468855,0.19390268156645196,5.628928314291948e-09,0,1,1,3,1,-1.5276912530603863,-inf,0,0,0.17704098718240857,1.1392609063783863,0.11225650906181815,0.31441590626632493,-0.10432951635900505,-1.2090609063783864,-0.02314790637366884,1.464247883266303,-0.787357610948054,0.0006722397266290217,2.748964029906863e-06,0.0004909083311901555,5.118214003752448e-05,2.920144024762649e-05,1.1161892729318927e-05,-2.529400065516569e-06,-0.008105719649216475,-35.03881959391905,-0.455275767061329,18.969919742100682,0.6792396131261073,1.7305142904091018,-0.002543644552514696,-5.296232123390654,-21.816119803925236,-3.1237698564790577,25.131076113969236,1.8397386508741507,20.474414615525383,0.760607343605707
6.351000000000456,2,0,0,0,0.0010007898350795075,0.0,0.0019890865441687115,5.0,0.627705884164124,0.005192152521129855,0.4380539914255629,5.288924915074507e-06,0.0006770279256748035,9.893261874706395e-06,0.6779500097692741,-9.278252918510013e-06,0.050512642377164546,4.62346880989295,0.11986499999999013,0.11986499999999013,1.0,0.0,0.0,0.0,0.0,0.0,0.0,-0.0,-0.0,0.0,-0.11914575800837122,-0.11927904807102141,-0.16218193324468855,-0.1621966700755213,-0.16218193324468858,-0.10718193324468911,0.13781806675531166,0.018672308746939613,0.0,0.16218193324468855,0.19390268156645196,3.131152161857371e-09,0,1,1,3,1,-1.5276912530603863,-inf,0,0,0.17629098147153854,1.13926044673987,0.11226305877633903,0.314415915663457,-0.10432472210408597,-1.20906044673987,-0.02314760429116516,1.464247976322656,-0.7873576369663151,0.000641167586226817,-3.01964547618554e-07,0.00047002902269588034,4.219433664611118e-05,3.0609692524118764e-05,8.025012278751075e-06,-2.6339991887859078e-06,-0.0077301972145742,-35.038785886359875,-0.45499017575247247,18.970031194876153,0.6792210864489975,1.7305545437601209,-0.002542186833923618,-5.30249944403619,-21.778620906886086,-3.1282195621022155,25.192285688127456,1.8365959280147075,20.57220031987317,0.7607666161039474
6.361000000000459,2,0,0,0,0.001000915978470851,0.0,0.0017225196571023478,5.0,0.6277059276667377,0.005198755780599777,0.43805408205320007,3.6889419808053146e-06,0.0006468255021112046,8.446167227737803e-06,0.678085009769284,-9.278252918510013e-06,0.0506475619550377,4.623481955652788,0.12,0.12,1.0,0.0,0.0,0.0,0.0,0.0,0.0,-0.0,-0.0,0.0,-0.11914575800837122,-0.11927904807102141,-0.16218193324468855,-0.1621966700755213,-0.16218193324468858,-0.10718193324468911,0.13781806675531166,0.018672308746939613,0.0,0.16218193324468855,0.19390268156645196,2.0662833647324236e-09,0,1,1,3,1,-1.5276912530603863,-inf,0,0,0.16604195116087794,1.1392600610404964,0.11226930853962123,0.3144159021130548,-0.10432013555113734,-1.2090600610404965,-0.023147299474548178,1.4642480452413258,-0.7873576632697191,0.0006119759529793175,-2.0637752106232105e-06,0.00044942523367212894,3.593181558971827e-05,3.0226549854500278e-05,6.098821814966321e-06,-2.615892367069766e-06,-0.007377892489553471,-35.03876762657414,-0.45470873807395584,18.970108684900055,0.6792263173509946,1.7305793139300834,-0.002542337158170144,-5.29660743724734,-21.981000135715867,-3.129472311765646,24.862421884166118,1.8410710504381635,20.0459218045134,0.7609142752804366
6.371000000000462,2,0,0,0,0.0010010276094362114,0.0,0.001491676658213986,5.0,0.6277059585389724,0.005205063367553681,0.43805416020409516,2.6613979278049153e-06,0.0006177969799658386,7.339567318765857e-06,0.678085009769284,-9.278252918510013e-06,0.05064818023780667,4.623495645973533,0.12,0.12,1.0,0.0,0.0,0.0,0.0,0.0,0.0,-0.0,-0.0,0.0,-0.11914575800837122,-0.11927904807102141,-0.16218193324468855,-0.1621966700755213,-0.16218193324468858,-0.10718193324468911,0.13781806675531166,0.018672308746939613,0.0,0.16218193324468855,0.19390268156645196,1.5620549129554458e-09,0,1,1,3,1,-1.5276912530603863,-inf,0,0,0.1598750241100788,1.1392597275295924,0.1122752748953602,0.3144158757714617,-0.10431575177502463,-1.2090597275295925,-0.023147002469501153,1.4642480990232234,-0.7873576890720089,0.0005842934869905812,-3.004047430586687e-06,0.0004294464493786458,3.145417108018313e-05,2.9220534763381466e-05,4.867336927642729e-06,-2.5463219717540963e-06,-0.007044014643400962,-35.038759211152126,-0.454436002710929,18.970163942486383,0.6792398077268557,1.7305952242280658,-0.0025431634709526503,-5.300580604002228,-21.98105697360119,-3.1330590389670316,24.86233243839802,1.8393212293229138,20.045898801736893,0.7610532042420027
6.381000000000466,2,0,0,0,0.00100112763588589,0.0,0.0012917700204382835,5.0,0.6277059812492901,0.005211087458407893,0.4380542285962825,1.9934979231114812e-06,0.0005900047115167336,6.457225691817982e-06,0.678085009769284,-9.278252918510013e-06,0.0506487781963035,4.623509600035377,0.12,0.12,1.0,0.0,0.0,0.0,0.0,0.0,0.0,-0.0,-0.0,0.0,-0.11914575800837122,-0.11927904807102141,-0.16218193324468855,-0.1621966700755213,-0.16218193324468858,-0.10718193324468911,0.13781806675531166,0.018672308746939613,0.0,0.16218193324468855,0.19390268156645196,1.3027964129785008e-09,0,1,1,3,1,-1.5276912530603863,-inf,0,0,0.17141702119261026,1.1392594319437706,0.11228097180693627,0.3144158430713742,-0.10431156365822959,-1.2090594319437706,-0.023146716775263542,1.464248142939642,-0.7873577140484532,0.0005579326147000438,-3.4271381642437487e-06,0.0004102294371356371,2.8149012823680063e-05,2.8024347960253023e-05,4.050294390995451e-06,-2.4560043996205116e-06,-0.006726164573617698,-35.038756987298335,-0.45417374217625933,18.970204609205616,0.6792558193223265,1.7306058567356435,-0.002544263856702779,-5.304371584007944,-21.981108419791695,-3.1364799807167474,24.86223772262585,1.8376549247774236,20.04586586256457,0.7611848608679355
6.391000000000469,2,0,0,0,0.0010012180433721651,0.0,0.001118653815835032,5.0,0.6277059986196417,0.0052168403875309695,0.43805428905102917,1.553715632919642e-06,0.0005634372419848128,5.727581174029647e-06,0.678085009769284,-9.278252918510013e-06,0.050649354195881256,4.623523600644255,0.12,0.12,1.0,0.0,0.0,0.0,0.0,0.0,0.0,-0.0,-0.0,0.0,-0.11914575800837122,-0.11927904807102141,-0.16218193324468855,-0.1621966700755213,-0.16218193324468858,-0.10718193324468911,0.13781806675531166,0.018672308746939613,0.0,0.16218193324468855,0.19390268156645196,1.1581643164449085e-09,0,1,1,3,1,-1.5276912530603863,-inf,0,0,0.17741601914167404,1.1392591648847985,0.11228641185787429,0.314415808032887,-0.10430756331296762,-1.2090591648847986,-0.02314644328880661,1.4642481801865908,-0.7873577380742656,0.0005327859136614899,-3.529490444572078e-06,0.00039181399069526717,2.5619111581933922e-05,2.6796976461659738e-05,3.4881467798203833e-06,-2.358346371915236e-06,-0.006422989314724408,-35.03875859471076,-0.453922458575449,18.970235642628403,0.6792722429866903,1.730613243208806,-0.002545463055431843,-5.307990496517585,-21.98115674407825,-3.139745115963043,24.862142128294025,1.8360655613306789,20.0458276801502,0.7613100668482926
6.401000000000472,2,0,0,0,0.0010013002293450812,0.0,0.0009687377318585668,5.0,0.6277060124466016,0.005222334205098019,0.4380543428304491,1.259627898626165e-06,0.0005380564052905191,5.105519798701302e-06,0.678085009769284,-9.278252918510013e-06,0.05064990760257821,4.623537496029753,0.12,0.12,1.0,0.0,0.0,0.0,0.0,0.0,0.0,-0.0,-0.0,0.0,-0.11914575800837122,-0.11927904807102141,-0.16218193324468855,-0.1621966700755213,-0.16218193324468858,-0.10718193324468911,0.13781806675531166,0.018672308746939613,0.0,0.16218193324468855,0.19390268156645196,1.0676795880157987e-09,0,1,1,3,1,-1.5276912530603863,-inf,0,0,0.17924996791407466,1.1392589201063676,0.11229160677059505,0.31441577312398195,-0.10430374271633304,-1.2090589201063677,-0.023146181960213834,1.4642482127544796,-0.7873577611128418,0.0005087804091012322,-3.4371254431045596e-06,0.00037419743393067394,2.360734292261772e-05,2.5595366415613374e-05,3.086503766845579e-06,-2.259335547226974e-06,-0.006133585630980421,-35.03876251765756,-0.4536820968511663,18.9702602515819,0.6792883224302568,1.7306185824491591,-0.002546682912553066,-5.31144584767755,-21.98120322281866,-3.142862470974822,24.862048185863518,1.8345485596847237,20.04578709247092,0.7614293518948514
6.411000000000476,2,0,0,0,0.0010013752112951746,0.0,0.0008389126107132273,5.0,0.6277060238809892,0.005227580522819271,0.4380543908406642,1.0591149061089998e-06,0.0005138152828543298,4.562065413897104e-06,0.678085009769284,-9.278252918510013e-06,0.05065043838872503,4.6235511857510385,0.12,0.12,1.0,0.0,0.0,0.0,0.0,0.0,0.0,-0.0,-0.0,0.0,-0.11914575800837122,-0.11927904807102141,-0.16218193324468855,-0.1621966700755213,-0.16218193324468858,-0.10718193324468911,0.13781806675531166,0.018672308746939613,0.0,0.16218193324468855,0.19390268156645196,1.0027643413087714e-09,0,1,1,3,1,-1.5276912530603863,-inf,0,0,0.2038750099018216,1.1392586934017248,0.11229656763050938,0.314415739819618,-0.1043000939837474,-1.209058693401725,-0.023145932409393038,1.4642482419093819,-0.7873577831674835,0.00048585819820135174,-3.230468063878355e-06,0.0003573591596144039,2.1947331898459317e-05,2.4438518293487066e-05,2.787890841122244e-06,-2.161719297828276e-06,-0.005857246312441307,-35.03876778771988,-0.45345236694709545,18.970280511743614,0.6793038046710088,1.730622603208054,-0.0025478876160312056,-5.314745308229699,-21.981248546362146,-3.145839113847658,24.861957309539182,1.8331002115108403,20.045745821848996,0.7615431044805173
6.421000000000479,2,0,0,0,0.0010014437580277424,0.0,0.0007264859675316458,5.0,0.6277060336639653,0.005232590469371497,0.43805443375715614,9.190247060712173e-07,0.0004906650346221296,4.078292017265768e-06,0.678085009769284,-9.278252918510013e-06,0.05065094689264947,4.623564605902448,0.12,0.12,1.0,0.0,0.0,0.0,0.0,0.0,0.0,-0.0,-0.0,0.0,-0.11914575800837122,-0.11927904807102141,-0.16218193324468855,-0.1621966700755213,-0.16218193324468858,-0.10718193324468911,0.13781806675531166,0.018672308746939613,0.0,0.16218193324468855,0.19390268156645196,9.502661312070668e-10,0,1,1,3,1,-1.5276912530603863,-inf,0,0,0.17895898781716824,1.1392584818845417,0.11230130498701489,0.3144157089627523,-0.10429660948159983,-1.2090584818845418,-0.023145694154476176,1.4642482684714326,-0.7873578042599982,0.00046396847316762806,-2.960564703065515e-06,0.0003412714255547023,2.053128060608692e-05,2.3331471461414902e-05,2.55659079937649e-06,-2.0667825290480893e-06,-0.005593355452415443,-35.03877378935496,-0.4532328857864238,18.970297767203178,0.6793186221372499,1.7306257580434359,-0.002549060414455377,-5.317896025018675,-21.981293059508726,-3.148681554313357,24.861870237694852,1.831717239271101,20.045704906491963,0.761651639183328
6.431000000000482,2,0,0,0,0.0010015064731805357,0.0,0.0006291261500666696,5.0,0.6277060422755592,0.005237374687363261,0.43805447210341764,8.181868111583153e-07,0.00046855746496594295,3.6416194377466838e-06,0.678085009769284,-9.278252918510013e-06,0.05065143366983358,4.62357771743274,0.12,0.12,1.0,0.0,0.0,0.0,0.0,0.0,0.0,-0.0,-0.0,0.0,-0.11914575800837122,-0.11927904807102141,-0.16218193324468855,-0.1621966700755213,-0.16218193324468858,-0.10718193324468911,0.13781806675531166,0.018672308746939613,0.0,0.16218193324468855,0.19390268156645196,9.042721143598912e-10,0,1,1,3,1,-1.5276912530603863,-inf,0,0,0.17679098527878523,1.1392582835252736,0.11230582890438687,0.3144156809965414,-0.10429328186952183,-1.2090582835252737,-0.02314546669496904,1.4642482929815022,-0.7873578244208393,0.0004430643109583606,-2.6595939017993235e-06,0.00032590406048572745,1.9289123664068702e-05,2.2274263857842077e-05,2.370089949233992e-06,-1.97512021120918e-06,-0.005341346218985833,-35.03878013378642,-0.45302323918627174,18.97031289075904,0.679332773858559,1.7306283322579112,-0.002550193518659207,-5.320904751670457,-21.98133690596933,-3.151395910544041,24.861787299576722,1.8303966197800396,20.04566496021933,0.7617552278841492
6.441000000000486,2,0,0,0,0.001001563848703868,0.0,0.0005448139818068387,5.0,0.627706050028785,0.005241943345675621,0.43805450630087805,7.430428878832347e-07,0.0004474459503472915,3.243514020471217e-06,0.678085009769284,-9.278252918510013e-06,0.05065189939984838,4.623590497808669,0.12,0.12,1.0,0.0,0.0,0.0,0.0,0.0,0.0,-0.0,-0.0,0.0,-0.11914575800837122,-0.11927904807102141,-0.16218193324468855,-0.1621966700755213,-0.16218193324468858,-0.10718193324468911,0.13781806675531166,0.018672308746939613,0.0,0.16218193324468855,0.19390268156645196,8.62143456420948e-10,0,1,1,3,1,-1.5276912530603863,-inf,0,0,0.17866597045212984,1.1392580968526753,0.11231014899265962,0.3144156561132789,-0.10429010411201461,-1.2090580968526754,-0.023145249540809345,1.46424831580346,-0.7873578436843383,0.00042310139940738114,-2.3476459863795063e-06,0.0003112265144549337,1.8175077073750795e-05,2.1265252126056327e-05,2.2140509178060648e-06,-1.886985071981192e-06,-0.005100684085232178,-35.03878657762076,-0.45282300881194487,18.970326451941492,0.679346281383975,1.7306305077180966,-0.0025512835698368666,-5.323777908533086,-21.98138011590415,-3.1539879838237987,24.86170857916157,1.829135510333877,20.045626332158744,0.7618541149902421
6.451000000000489,2,0,0,0,0.001001616299301955,0.0,0.0004718008856264639,5.0,0.6277060571295595,0.005246306157129694,0.43805453670087285,6.848884546272188e-07,0.0004272857379083649,2.8780430081005656e-06,0.678085009769284,-9.278252918510013e-06,0.05065234482792226,4.623602935336925,0.12,0.12,1.0,0.0,0.0,0.0,0.0,0.0,0.0,-0.0,-0.0,0.0,-0.11914575800837122,-0.11927904807102141,-0.16218193324468855,-0.1621966700755213,-0.16218193324468858,-0.10718193324468911,0.13781806675531166,0.018672308746939613,0.0,0.16218193324468855,0.19390268156645196,8.226877429121811e-10,0,1,1,3,1,-1.5276912530603863,-inf,0,0,0.17629202920943499,1.1392579207617513,0.11231427443056102,0.31441563434970776,-0.10428706947670463,-1.2090579207617513,-0.02314504222153457,1.4642483371879698,-0.7873578620862823,0.0004040375275961565,-2.037083491459412e-06,0.0002972087544600238,1.7158980099993366e-05,2.030231859589024e-05,2.0792679858797656e-06,-1.8024516848211514e-06,-0.004870860137952283,-35.038792970486604,-0.45263178392094117,18.970338825184044,0.6793591727139802,1.7306324014184598,-0.0025523295086854886,-5.326521614546969,-21.98142265897218,-3.156463296238501,24.861634016541952,1.8279312152730696,20.04558920629764,0.7619485253591471
6.461000000000492,2,0,0,0,0.001001664184743345,0.0,0.00040857261948324254,5.0,0.6277060637149547,0.005250472397630303,0.43805456360526995,6.381213351608531e-07,0.0004080340037376136,2.5409581289104364e-06,0.678085009769284,-9.278252918510013e-06,0.050652770728272754,4.623615025388287,0.12,0.12,1.0,0.0,0.0,0.0,0.0,0.0,0.0,-0.0,-0.0,0.0,-0.11914575800837122,-0.11927904807102141,-0.16218193324468855,-0.1621966700755213,-0.16218193324468858,-0.10718193324468911,0.13781806675531166,0.018672308746939613,0.0,0.16218193324468855,0.19390268156645196,7.853445265194262e-10,0,1,1,3,1,-1.5276912530603863,-inf,0,0,0.17687503714114428,1.1392577543901523,0.11231821398518642,0.31441561564788073,-0.1042841715267676,-1.2090577543901524,-0.023144844288337633,1.4642483573127187,-0.7873578796626273,0.00038583236762236285,-1.7353405213028815e-06,0.0002838216532157263,1.622073085683832e-05,1.9383292419011477e-05,1.959784559761208e-06,-1.7214983159077011e-06,-0.004651388244176783,-35.0387992214093,-0.4524491664328087,18.970350259349537,0.6793714766633125,1.7306340892896241,-0.0025533315168618773,-5.329141707672691,-21.981464476207837,-3.158827113128483,24.86156347071986,1.8267811688144,20.045553664047976,0.7620386687296001
6.471000000000496,2,0,0,0,0.0010017078244203836,0.0,0.0003538178720664001,5.0,0.6277060698776705,0.0052544509253199135,0.43805458727988866,5.991253575181521e-07,0.0003896498208127462,2.229111468892458e-06,0.678085009769284,-9.278252918510013e-06,0.0506531778812015,4.623626767917116,0.12,0.12,1.0,0.0,0.0,0.0,0.0,0.0,0.0,-0.0,-0.0,0.0,-0.11914575800837122,-0.11927904807102141,-0.16218193324468855,-0.1621966700755213,-0.16218193324468858,-0.10718193324468911,0.13781806675531166,0.018672308746939613,0.0,0.16218193324468855,0.19390268156645196,7.498288415895571e-10,0,1,1,3,1,-1.5276912530603863,-inf,0,0,0.17962499987334013,1.1392575970385412,0.11232197603016297,0.3144155998939154,-0.1042814041108601,-1.2090575970385413,-0.02314465531372866,1.4642483763079726,-0.7873578964487934,0.0003684473622586772,-1.4467176967960537e-06,0.0002710371507765478,1.5346713244088446e-05,1.850608351998592e-05,1.8517132657670158e-06,-1.6440501168545694e-06,-0.004441803627614779,-35.03880527724405,-0.45227477301183017,18.970360922376038,0.6793832210455888,1.7306356211066405,-0.0025542904605294348,-5.331643760404383,-21.98150549882078,-3.1610844589673803,24.861496758328506,1.8256829246482398,20.04551972373087,0.7621247423849442
6.481000000000499,2,0,0,0,0.0010017475069346582,0.0,0.0003064010670904245,5.0,0.6277060756817098,0.005258250199209249,0.43805460796330786,5.655573051590019e-07,0.00037209409451134916,1.9400816675150464e-06,0.678085009769284,-9.278252918510013e-06,0.05065356705893596,4.623638165842438,0.12,0.12,1.0,0.0,0.0,0.0,0.0,0.0,0.0,-0.0,-0.0,0.0,-0.11914575800837122,-0.11927904807102141,-0.16218193324468855,-0.1621966700755213,-0.16218193324468858,-0.10718193324468911,0.13781806675531166,0.018672308746939613,0.0,0.16218193324468855,0.19390268156645196,7.159765290866022e-10,0,1,1,3,1,-1.5276912530603863,-inf,0,0,0.177707988768816,1.1392574481191864,0.11232556856291957,0.31441558694258337,-0.10427876135207667,-1.2090574481191865,-0.02314447489050194,1.4642483942728866,-0.7873579124792776,0.0003518456483152352,-1.173531965061088e-06,0.00025882831123773124,1.4527503474997494e-05,1.766871532333133e-05,1.7524899824254166e-06,-1.5700030942368476e-06,-0.004241661924915707,-35.03881110885488,-0.4521082357730013,18.97037092993291,0.6793944322120883,1.7306370299092575,-0.0025552075825466757,-5.334033092965642,-21.981545658916964,-3.1632401301782975,24.86143367726563,1.8246341485038693,20.04548736552377,0.7622069328689345
6.491000000000502,2,0,0,0,0.0010017834964954897,0.0,0.0002653388122139073,5.0,0.6277060811724328,0.005261878297092739,0.43805462587272703,5.358908035007648e-07,0.00035532948797388237,1.6719339131098417e-06,0.678085009769284,-9.278252918510013e-06,0.05065393901703362,4.623649223992979,0.12,0.12,1.0,0.0,0.0,0.0,0.0,0.0,0.0,-0.0,-0.0,0.0,-0.11914575800837122,-0.11927904807102141,-0.16218193324468855,-0.1621966700755213,-0.16218193324468858,-0.10718193324468911,0.13781806675531166,0.018672308746939613,0.0,0.16218193324468855,0.19390268156645196,6.836773475475448e-10,0,1,1,3,1,-1.5276912530603863,-inf,0,0,0.17837504856288433,1.1392573071226706,0.1123289992212602,0.3144155766328296,-0.10427623763664558,-1.2090573071226707,-0.023144302630589114,1.4642484112859524,-0.7873579277874441,0.0003359919906176495,-9.168524771657637e-07,0.0002471693292238361,1.375639797735625e-05,1.6869324448765323e-05,1.6603996357862025e-06,-1.4992379459496979e-06,-0.004050538386874877,-35.038816702265,-0.4519492023312326,18.970380363812644,0.6794051350375455,1.7306383379886625,-0.0025560843251881916,-5.336314785234687,-21.981584895257672,-3.165298706340707,24.86137402086467,1.8236326121325894,20.04545654720454,0.762285417163485
6.501000000000506,2,0,0,0,0.0010018160372575746,0.0,0.00022977950415006048,5.0,0.6277060863830121,0.005265342932707697,0.4380546412079238,5.091242869709892e-07,0.00033932034582729545,1.4230653296329266e-06,0.678085009769284,-9.278252918510013e-06,0.05065429448932946,4.623659948419423,0.12,0.12,1.0,0.0,0.0,0.0,0.0,0.0,0.0,-0.0,-0.0,0.0,-0.11914575800837122,-0.11927904807102141,-0.16218193324468855,-0.1621966700755213,-0.16218193324468858,-0.10718193324468911,0.13781806675531166,0.018672308746939613,0.0,0.16218193324468855,0.19390268156645196,6.528460697427853e-10,0,1,1,3,1,-1.5276912530603863,-inf,0,0,0.1770000089891255,1.1392571735962314,0.11233227529929413,0.3144155687974897,-0.10427382760271019,-1.2090571735962314,-0.023144138163974967,1.4642484274117142,-0.78735794240542,0.00032085271854971983,-6.769710602118588e-07,0.00023603551155624203,1.3028468213187007e-05,1.6106151538441607e-05,1.5742737066378804e-06,-1.4316282650780936e-06,-0.0038680271155072748,-35.0388220529945,-0.45179733552749674,18.97038928373746,0.6794153530298497,1.730639560706169,-0.0025569222251642914,-5.338493687843566,-21.981623156004254,-3.1672645604210548,24.861317586145105,1.8226761880520714,20.04542721405202,0.7623603635461127
6.511000000000509,2,0,0,0,0.0010018453563330754,0.0,0.0001989856669927473,5.0,0.6277060913385832,0.00526865147213482,0.4380546541539898,4.845938947407376e-07,0.0003240326194482783,1.1921049774104442e-06,0.678085009769284,-9.278252918510013e-06,0.050654634185134544,4.623670345944768,0.12,0.12,1.0,0.0,0.0,0.0,0.0,0.0,0.0,-0.0,-0.0,0.0,-0.11914575800837122,-0.11927904807102141,-0.16218193324468855,-0.1621966700755213,-0.16218193324468858,-0.10718193324468911,0.13781806675531166,0.018672308746939613,0.0,0.16218193324468855,0.19390268156645196,6.234099465472906e-10,0,1,1,3,1,-1.5276912530603863,-inf,0,0,0.17675000708550215,1.1392570471295715,0.11233540376273554,0.3144155632692995,-0.10427152612936944,-1.2090570471295716,-0.023143981137713234,1.4642484427050997,-0.7873579563640529,0.00030639566319871496,-4.537025967780603e-07,0.0002254032464367209,1.2339953409541831e-05,1.5377531186186435e-05,1.4932968328937929e-06,-1.3670454749102337e-06,-0.0036937403091839697,-35.03882716244142,-0.4516523129935645,18.970397734943177,0.6794251084559366,1.7306407089348814,-0.0025577228504856083,-5.340574432645418,-21.98166039966831,-3.1691418683130186,24.86126417838056,1.8217628447625944,20.045399305032593,0.7624319322484555
6.521000000000512,2,0,0,0,0.001001871665935461,0.0,0.00017231865746690056,5.0,0.6277060960589192,0.005271810949468122,0.43805466488326616,4.618535258258839e-07,0.00030943379488822085,9.778488385388075e-07,0.678085009769284,-9.278252918510013e-06,0.050654958787861436,4.623680423868836,0.12,0.12,1.0,0.0,0.0,0.0,0.0,0.0,0.0,-0.0,-0.0,0.0,-0.11914575800837122,-0.11927904807102141,-0.16218193324468855,-0.1621966700755213,-0.16218193324468858,-0.10718193324468911,0.13781806675531166,0.018672308746939613,0.0,0.16218193324468855,0.19390268156645196,5.953032313780054e-10,0,1,1,3,1,-1.5276912530603863,-inf,0,0,0.17670798115432262,1.1392569273454733,0.11233839126357743,0.3144155598845409,-0.10426932832606406,-1.2090569273454734,-0.02314383121503662,1.4642484572142251,-0.7873579696929078,0.0002925900950949434,-2.4657643738435816e-07,0.00021524996645083205,1.1687869960126956e-05,1.4681883176037573e-05,1.4168829610578996e-06,-1.3053618054511235e-06,-0.0035273075144992127,-35.03883203557216,-0.4515138266377972,18.970405753055278,0.6794344224531506,1.7306417906237974,-0.0025584877623522585,-5.342561442648025,-21.981696595027355,-3.1709346178323123,24.861213613399123,1.820890642296942,20.045372756628172,0.7625002759866226
6.531000000000516,2,0,0,0,0.0010018951649677366,0.0,0.00014922541990060656,5.0,0.6277061005601549,0.005274828081778225,0.43805467355676775,4.405979031475344e-07,0.0002954928237926421,7.792172436702509e-07,0.678085009769284,-9.278252918510013e-06,0.05065526895455258,4.623690189772449,0.12,0.12,1.0,0.0,0.0,0.0,0.0,0.0,0.0,-0.0,-0.0,0.0,-0.11914575800837122,-0.11927904807102141,-0.16218193324468855,-0.1621966700755213,-0.16218193324468858,-0.10718193324468911,0.13781806675531166,0.018672308746939613,0.0,0.16218193324468855,0.19390268156645196,5.684647504096026e-10,0,1,1,3,1,-1.5276912530603863,-inf,0,0,0.17758295871317387,1.1392568138934982,0.11234124415414835,0.3144155584851829,-0.10426722952235029,-1.2090568138934983,-0.023143688074545535,1.4642484709822228,-0.7873579824202844,0.00027940666300945056,-5.4958031867804625e-08,0.00020555410877003363,1.1069759758867685e-05,1.4017705321489051e-05,1.3445959290827227e-06,-1.2464520709520416e-06,-0.003368374890241406,-35.03883667945025,-0.45138158209590756,18.970413367228723,0.6794433151212181,1.7306428118011923,-0.002559218492343916,-5.34445894146861,-21.981731720475,-3.1726466172452765,24.861165718507635,1.820057728032994,20.045347505167737,0.762565540406421
6.541000000000519,2,0,0,0,0.0010019160402320315,0.0,0.00012922701622596902,5.0,0.6277061048559076,0.0052777092834031605,0.4380546803252601,4.2061319128447727e-07,0.0002821800573491443,5.952267148767976e-07,0.678085009769284,-9.278252918510013e-06,0.0506555653159674,4.623699651386662,0.12,0.12,1.0,0.0,0.0,0.0,0.0,0.0,0.0,-0.0,-0.0,0.0,-0.11914575800837122,-0.11927904807102141,-0.16218193324468855,-0.1621966700755213,-0.16218193324468858,-0.10718193324468911,0.13781806675531166,0.018672308746939613,0.0,0.16218193324468855,0.19390268156645196,5.428367823779609e-10,0,1,1,3,1,-1.5276912530603863,-inf,0,0,0.17629098147153854,1.1392567064456858,0.1123439685005651,0.3144155589200676,-0.10426522525807774,-1.2090567064456859,-0.023143551409460703,1.4642484840484395,-0.7873579945732504,0.00026681733426637963,1.218741065156334e-07,0.00019629507443512875,1.0483527631743556e-05,1.3383567655684506e-05,1.2760984717910583e-06,-1.1901947036476217e-06,-0.003216604489058863,-35.03884110230224,-0.45125529817128807,18.970420602174514,0.6794518055975104,1.7306437772194359,-0.0025599165290971226,-5.346270962344174,-21.981765763094607,-3.1742815033788703,24.861120332602408,1.8192623327296122,20.045323488213935,0.7626278644697297
6.551000000000522,2,0,0,0,0.001001934467393939,0.0,0.0001119086931287568,5.0,0.6277061089580058,0.005280460679593981,0.438054685330112,4.0174527177087786e-07,0.00026946718318846165,4.249710856526643e-07,0.678085009769284,-9.278252918510013e-06,0.05065584847701933,4.623708816504446,0.12,0.12,1.0,0.0,0.0,0.0,0.0,0.0,0.0,-0.0,-0.0,0.0,-0.11914575800837122,-0.11927904807102141,-0.16218193324468855,-0.1621966700755213,-0.16218193324468858,-0.10718193324468911,0.13781806675531166,0.018672308746939613,0.0,0.16218193324468855,0.19390268156645196,5.183645105817707e-10,0,1,1,3,1,-1.5276912530603863,-inf,0,0,0.17945899162441492,1.1392566046935426,0.11234657009559859,0.31441556104549545,-0.10426331127397422,-1.2090566046935427,-0.02314342092692807,1.464248496449236,-0.7873580061776803,0.0002547953368999131,2.846800113522087e-07,0.00018745318779658614,9.927335924592466e-06,1.2778107641819278e-05,1.211119424056964e-06,-1.1364723229267572e-06,-0.0030716735609436305,-35.038845312927705,-0.45113470627880475,18.970427479472292,0.6794599121195332,1.730644690770147,-0.002560583310906658,-5.348001356727852,-21.981798717628422,-3.1758427493486763,24.861077305814767,1.818502766759375,20.045300645352814,0.7626873807989556
6.561000000000526,2,0,0,0,0.0010019506117796007,0.0,9.691128034626533e-05,5.0,0.627706112876964,0.005283088119545878,0.4380546887039938,3.8387933739758165e-07,0.0002573271651261416,2.6760860537917337e-07,0.678085009769284,-9.278252918510013e-06,0.05065611901742377,4.623717692919695,0.12,0.12,1.0,0.0,0.0,0.0,0.0,0.0,0.0,-0.0,-0.0,0.0,-0.11914575800837122,-0.11927904807102141,-0.16218193324468855,-0.1621966700755213,-0.16218193324468858,-0.10718193324468911,0.13781806675531166,0.018672308746939613,0.0,0.16218193324468855,0.19390268156645196,4.949957203014419e-10,0,1,1,3,1,-1.5276912530603863,-inf,0,0,0.1770000089891255,1.1392565083458672,0.11234905447097213,0.31441556472543253,-0.10426148350263217,-1.2090565083458673,-0.023143296347367233,1.4642485082185208,-0.787358017258299,0.00024331510385741816,4.3422813766776304e-07,0.0001790096567311561,9.399535774749688e-06,1.2200026124050638e-05,1.1494325823239852e-06,-1.0851720138891062e-06,-0.0029332738810930073,-35.0388493203286,-0.45101954989992277,18.97043401842446,0.6794676520780936,1.730645555752235,-0.00256122022203508,-5.349653802490851,-21.981830585442008,-3.177333671928027,24.86103649891073,1.8177774165217087,20.045278918613292,0.7627442159905216
6.571000000000529,2,0,0,0,0.0010019646290526651,0.0,8.39237417199277e-05,5.0,0.6277061166223021,0.005285597188840932,0.43805469057146806,3.6692674455392774e-07,0.00024573418562287216,1.2235291724449582e-07,0.678085009769284,-9.278252918510013e-06,0.05065637749246152,4.623726288385055,0.12,0.12,1.0,0.0,0.0,0.0,0.0,0.0,0.0,-0.0,-0.0,0.0,-0.11914575800837122,-0.11927904807102141,-0.16218193324468855,-0.1621966700755213,-0.16218193324468858,-0.10718193324468911,0.13781806675531166,0.018672308746939613,0.0,0.16218193324468855,0.19390268156645196,4.726806090341814e-10,0,1,1,3,1,-1.5276912530603863,-inf,0,0,0.15670800348743796,1.1392564171271273,0.11235142690911393,0.31441556983148616,-0.10425973805988718,-1.2090564171271274,-0.02314317740385738,1.4642485193881232,-0.7873580278387274,0.00023235221935071005,5.712768958522534e-07,0.00017094653398699457,8.898621944083869e-06,1.1648083812288716e-05,1.0908430393524495e-06,-1.0361854246813876e-06,-0.00280111110347388,-35.03885313347959,-0.4509095840538733,18.97044023661628,0.6794750420636826,1.7306463750456094,-0.002561828591334463,-5.351231811751718,-21.981861373540447,-3.178757438580711,24.860997782575602,1.8170847410233206,20.045258252655245,0.7627984909041046
6.581000000000532,2,0,0,0,0.0010019766658129203,0.0,7.267672451656506e-05,5.0,0.6277061202027562,0.005287993221330618,0.43805469104950906,3.508165215365059e-07,0.00023466359084192557,-1.1533444632452887e-08,0.678085009769284,-9.278252918510013e-06,0.050656624433812185,4.623734610581818,0.12,0.12,1.0,0.0,0.0,0.0,0.0,0.0,0.0,-0.0,-0.0,0.0,-0.11914575800837122,-0.11927904807102141,-0.16218193324468855,-0.1621966700755213,-0.16218193324468858,-0.10718193324468911,0.13781806675531166,0.018672308746939613,0.0,0.16218193324468855,0.19390268156645196,4.5137164478240993e-10,0,1,1,3,1,-1.5276912530603863,-inf,0,0,0.18508295761421323,1.1392563307761978,0.11235369245438472,0.31441557624273847,-0.10425807123657567,-1.209056330776198,-0.023143063841556084,1.4642485299880512,-0.7873580379415285,0.0002218833673875945,6.965636150715746e-07,0.00016324667984887552,8.423202802636415e-06,1.1121098156516375e-05,1.0351783119545335e-06,-9.894087518173653e-07,-0.0026749041405450193,-35.038856761188,-0.4508045747871215,18.97044615028675,0.6794820979078924,1.7306471512243482,-0.002562409692302925,-5.352738738350883,-21.981891093665066,-3.1801170741752016,24.860961036664364,1.8164232686148596,20.045238594818457,0.7628503209325341
6.591000000000536,2,0,0,0,0.0010019868601288673,0.0,6.293697323557847e-05,5.0,0.6277061236264212,0.00529028131048194,0.4380546902479612,3.3548986523543337e-07,0.0002240918381862006,-1.347439081941777e-07,0.678085009769284,-9.278252918510013e-06,0.050656860350416125,4.623742667098038,0.12,0.12,1.0,0.0,0.0,0.0,0.0,0.0,0.0,-0.0,-0.0,0.0,-0.11914575800837122,-0.11927904807102141,-0.16218193324468855,-0.1621966700755213,-0.16218193324468858,-0.10718193324468911,0.13781806675531166,0.018672308746939613,0.0,0.16218193324468855,0.19390268156645196,4.310234507805135e-10,0,1,1,3,1,-1.5276912530603863,-inf,0,0,0.1729580108076334,1.1392562490453433,0.11235585592380279,0.3144155838454979,-0.10425647949065824,-1.2090562490453434,-0.023142955417147688,1.464248540046684,-0.787358047588251,0.00021188628246984864,8.107982276770686e-07,0.0001558937262171506,7.971980070993131e-06,1.061794051241253e-05,9.82282544785924e-07,-9.447426573683888e-07,-0.0025543845690155545,-35.03886021201079,-0.4507042986824,18.970451774577615,0.6794888347210815,1.7306478866309756,-0.002562964744012463,-5.3541777849862555,-21.981919761480203,-3.181415467395354,24.860926149462152,1.8157915938761306,20.045219895087676,0.7628998162554783
6.601000000000539,2,0,0,0,0.001001995342024553,0.0,5.4502492048235924e-05,5.0,0.6277061269008544,0.005292466320212717,0.43805468826995875,3.2089655736040307e-07,0.0002139964462023697,-2.479316253212803e-07,0.678085009769284,-9.278252918510013e-06,0.05065708572933976,4.6237504654128,0.12,0.12,1.0,0.0,0.0,0.0,0.0,0.0,0.0,-0.0,-0.0,0.0,-0.11914575800837122,-0.11927904807102141,-0.16218193324468855,-0.1621966700755213,-0.16218193324468858,-0.10718193324468911,0.13781806675531166,0.018672308746939613,0.0,0.16218193324468855,0.19390268156645196,4.1159270028505244e-10,0,1,1,3,1,-1.5276912530603863,-inf,0,0,0.172999978531152,1.1392561716993634,0.11235792191728779,0.31441559253300533,-0.10425495943969443,-1.2090561716993635,-0.023142851898318786,1.464248549590915,-0.787358056799475,0.00020233970241479213,9.146599411237665e-07,0.00014887204213398782,7.54373486404073e-06,1.0137533532098233e-05,9.32012690193918e-07,-9.020921458781768e-07,-0.0024392960611528437,-35.03886349420814,-0.45060854238759224,18.970457123704193,0.6794952669271427,1.730648583425859,-0.0025634949125566413,-5.355552010027164,-21.9819473958553,-3.1826553768636012,24.86089301698149,1.8151883746411708,20.045202106009807,0.7629470820790754
6.611000000000542,2,0,0,0,0.0010020022339306545,0.0,4.7198355541330275e-05,5.0,0.6277061300331466,0.005294552895238287,0.43805468521231244,3.069926148982592e-07,0.00020435594674478788,-3.5171250233702593e-07,0.678085009769284,-9.278252918510013e-06,0.05065730103663593,4.623758012884,0.12,0.12,1.0,0.0,0.0,0.0,0.0,0.0,0.0,-0.0,-0.0,0.0,-0.11914575800837122,-0.11927904807102141,-0.16218193324468855,-0.1621966700755213,-0.16218193324468858,-0.10718193324468911,0.13781806675531166,0.018672308746939613,0.0,0.16218193324468855,0.19390268156645196,3.930380232544789e-10,0,1,1,3,1,-1.5276912530603863,-inf,0,0,0.16616599168628454,1.1392560985148592,0.11235989482744402,0.31441560220511733,-0.104253507853654,-1.2090560985148593,-0.023142753063258737,1.4642485586462657,-0.7873580655948533,0.00019322332324014048,1.0087957882130107e-06,0.00014216670075361932,7.137317817939396e-06,9.678848735306563e-06,8.842359592860342e-07,-8.613664186541253e-07,-0.002329393840931845,-35.03886661571982,-0.45051710216454005,18.970462211074924,0.67950140829589,1.7306492436203624,-0.0025640013127918282,-5.356864334020327,-21.98197401823541,-3.183839436988893,24.860861542308378,1.814612329157322,20.04518518258647,0.7629922188630791
6.621000000000546,2,0,0,0,0.0010020076511010334,0.0,4.0873080882875436e-05,5.0,0.6277061330299744,0.005296545470950849,0.43805468116586577,2.937387354443599e-07,0.0001951498392968094,-4.466677310090038e-07,0.678085009769284,-9.278252918510013e-06,0.050657506718188645,4.623765316739696,0.12,0.12,1.0,0.0,0.0,0.0,0.0,0.0,0.0,-0.0,-0.0,0.0,-0.11914575800837122,-0.11927904807102141,-0.16218193324468855,-0.1621966700755213,-0.16218193324468858,-0.10718193324468911,0.13781806675531166,0.018672308746939613,0.0,0.16218193324468855,0.19390268156645196,3.7531991569393287e-10,0,1,1,3,1,-1.5276912530603863,-inf,0,0,0.20174996461719275,1.1392560292795768,0.11236177884890365,0.31441561276798197,-0.10425212164805098,-1.209056029279577,-0.023142658700183637,1.464248567236977,-0.7873580739931534,0.00018451775604188506,1.093820347023243e-06,0.0001357634477311051,6.751641877813772e-06,9.240904230446073e-06,8.388280920182698e-07,-8.224787165901531e-07,-0.0022244441641915027,-35.03886958415605,-0.4504297834571553,18.97046704937819,0.6795072719735118,1.7306498690997487,-0.0025644850102296336,-5.358117545901625,-21.98199965209569,-3.1849701635518373,24.860831635001837,1.8140622333715255,20.04516908215464,0.7630353225366223
6.631000000000549,2,0,0,0,0.0010020117020067554,0.0,3.539548617102077e-05,5.0,0.6277061358976429,0.0052984482828549485,0.43805467621583166,2.81099255546801e-07,0.00018635854735193032,-5.333459702763146e-07,0.678085009769284,-9.278252918510013e-06,0.05065770320053283,4.623772384071019,0.12,0.12,1.0,0.0,0.0,0.0,0.0,0.0,0.0,-0.0,-0.0,0.0,-0.11914575800837122,-0.11927904807102141,-0.16218193324468855,-0.1621966700755213,-0.16218193324468858,-0.10718193324468911,0.13781806675531166,0.018672308746939613,0.0,0.16218193324468855,0.19390268156645196,3.5840065598704127e-10,0,1,1,3,1,-1.5276912530603863,-inf,0,0,0.1704170135781169,1.1392559637918165,0.11236357798724934,0.3144156241337166,-0.10425079787738596,-1.2090559637918166,-0.023142568606882356,1.4642485753860888,-0.7873580820122967,0.00017620448579001066,1.1703161779647948e-06,0.0001296486709909627,6.385676831977562e-06,8.822762564406299e-06,7.956721567365721e-07,-7.853461585240691e-07,-0.002124223821899598,-35.038872406797466,-0.4503464004785063,18.970471650647383,0.6795128705113038,1.7306504616392704,-0.0025649470229915593,-5.359314308928013,-21.982024322471673,-3.1860499590397686,24.86080321054669,1.8135369183381165,20.04515376426262,0.7630764847037598
6.6410000000005525,2,0,0,0,0.0010020144887036286,0.0,3.06519698104731e-05,5.0,0.6277061386421157,0.005300265375576296,0.43805467044210594,2.690414410584617e-07,0.00017796337676167704,-6.122652763660791e-07,0.678085009769284,-9.278252918510013e-06,0.050657890891654025,4.623779221827257,0.12,0.12,1.0,0.0,0.0,0.0,0.0,0.0,0.0,-0.0,-0.0,0.0,-0.11914575800837122,-0.11927904807102141,-0.16218193324468855,-0.1621966700755213,-0.16218193324468858,-0.10718193324468911,0.13781806675531166,0.018672308746939613,0.0,0.16218193324468855,0.19390268156645196,3.4224422310495874e-10,0,1,1,3,1,-1.5276912530603863,-inf,0,0,0.18266600091010332,1.1392559018598876,0.11236529606753501,0.31441563622009205,-0.10424953372888346,-1.2090559018598876,-0.023142482590283467,1.464248583115508,-0.7873580896693961,0.00016826583196500282,1.2388346892907206e-06,0.0001238093718296611,6.03844500465314e-06,8.423528686051855e-06,7.546576933142278e-07,-7.498895794795065e-07,-0.0020285196656021015,-35.03887509060035,-0.4502667758161267,18.970476026311506,0.6795182158929047,1.730651022915884,-0.002565388323770333,-5.360457166343021,-21.982048055556596,-3.187081117743558,24.86077618985916,1.8130352677420727,20.045139190549463,0.7631157928390948
6.651000000000556,2,0,0,0,0.0010020161071803702,0.0,2.6544154492540446e-05,5.0,0.6277061412690438,0.00530200061146604,0.4380546639195638,2.5753499346129807e-07,0.0001699464759614218,-6.839148450884048e-07,0.678085009769284,-9.278252918510013e-06,0.05065807018175636,4.623785836811905,0.12,0.12,1.0,0.0,0.0,0.0,0.0,0.0,0.0,-0.0,-0.0,0.0,-0.11914575800837122,-0.11927904807102141,-0.16218193324468855,-0.1621966700755213,-0.16218193324468858,-0.10718193324468911,0.13781806675531166,0.018672308746939613,0.0,0.16218193324468855,0.19390268156645196,3.2681622187178935e-10,0,1,1,3,1,-1.5276912530603863,-inf,0,0,0.1812499831430614,1.1392558433016056,0.1123669367424227,0.3144156489502267,-0.10424832651651104,-1.2090558433016056,-0.02314240046604191,1.4642485904460696,-0.7873580969807928,0.0001606849109581505,1.2998972482588603e-06,0.0001182331373022292,5.709017729792577e-06,8.042348012274648e-06,7.156800803410768e-07,-7.160333714673622e-07,-0.0019371281541321547,-35.03887764220548,-0.45019074005487664,18.970480187236618,0.6795233195601779,1.7306515545171564,-0.0025658098417636,-5.361548546785293,-21.98207087835914,-3.1880658306246383,24.86075049884002,1.8125562155336348,20.04512532462705,0.7631533304745497
6.661000000000559,2,0,0,0,0.0010020166476885084,0.0,2.29868469165434e-05,5.0,0.6277061437837863,0.005303657678814784,0.4380546567183409,2.4655169732589144e-07,0.00016229079798938065,-7.487566086909325e-07,0.678085009769284,-9.278252918510013e-06,0.050658241444008274,4.62379223567996,0.12,0.12,1.0,0.0,0.0,0.0,0.0,0.0,0.0,-0.0,-0.0,0.0,-0.11914575800837122,-0.11927904807102141,-0.16218193324468855,-0.1621966700755213,-0.16218193324468858,-0.10718193324468911,0.13781806675531166,0.018672308746939613,0.0,0.16218193324468855,0.19390268156645196,3.12083806140446e-10,0,1,1,3,1,-1.5276912530603863,-inf,0,0,0.18329196609556675,1.1392557879438159,0.11236850349995277,0.3144156622522935,-0.10424717367526792,-1.209055787943816,-0.023142322058144527,1.4642485973975914,-0.7873581039620905,0.00015344560016003543,1.3539964214243183e-06,0.00011290811384171936,5.396512360710062e-06,7.678404588215552e-06,6.786400500631082e-07,-6.837053284249767e-07,-0.0018498549206689523,-35.03888006794853,-0.4501181314166494,18.970484143760096,0.679528192437818,1.7306520579481566,-0.0025662124645586407,-5.362590769453509,-21.982092818413008,-3.189006189963856,24.860726067971687,1.8120987436687122,20.045112131968303,0.7631891773771826
6.6710000000005625,2,0,0,0,0.0010020161950509143,0.0,1.9906270938601296e-05,5.0,0.6277061461914293,0.005305240099699213,0.4380546489040947,2.360651609138715e-07,0.0001549800642178851,-8.072267154679869e-07,0.678085009769284,-9.278252918510013e-06,0.05065840503525951,4.623798424936156,0.12,0.12,1.0,0.0,0.0,0.0,0.0,0.0,0.0,-0.0,-0.0,0.0,-0.11914575800837122,-0.11927904807102141,-0.16218193324468855,-0.1621966700755213,-0.16218193324468858,-0.10718193324468911,0.13781806675531166,0.018672308746939613,0.0,0.16218193324468855,0.19390268156645196,2.98015612469806e-10,0,1,1,3,1,-1.5276912530603863,-inf,0,0,0.18441601423546672,1.1392557356219501,0.11236999967096405,0.31441567605923865,-0.10424607275573067,-1.2090557356219502,-0.023142247198533483,1.4642486039889266,-0.787358110628189,0.00014653250366354707,1.4015972714580307e-06,0.00010782298206021634,5.100089658111777e-06,7.330919334913423e-06,6.434433015123396e-07,-6.528364962071525e-07,-0.0017665143592598498,-35.03888237387143,-0.4500487954162145,18.97048790572085,0.6795328449568124,1.7306525346371489,-0.0025665970399582705,-5.3635860490391565,-21.982113903531875,-3.1899041938024753,24.860702831956292,1.8116618799499848,20.045099579802613,0.7632234097192537
6.681000000000566,2,0,0,0,0.0010020148289593411,0.0,1.7238537504498646e-05,5.0,0.6277061484968048,0.0053067512374726875,0.4380546405382578,2.260506188305493e-07,0.00014799872971970308,-8.597369114710105e-07,0.678085009769284,-9.278252918510013e-06,0.0506585612967286,4.623804410933492,0.12,0.12,1.0,0.0,0.0,0.0,0.0,0.0,0.0,-0.0,-0.0,0.0,-0.11914575800837122,-0.11927904807102141,-0.16218193324468855,-0.1621966700755213,-0.16218193324468858,-0.10718193324468911,0.13781806675531166,0.018672308746939613,0.0,0.16218193324468855,0.19390268156645196,2.845816905060312e-10,0,1,1,3,1,-1.5276912530603863,-inf,0,0,0.18154201097786427,1.1392556861796044,0.11237142843617937,0.31441569030851374,-0.1042450214188447,-1.2090556861796045,-0.023142175726746733,1.4642486102380117,-0.7873581169933157,0.00013993091951023317,1.4431386647096926e-06,0.00010296693268086718,4.818951452962733e-06,6.9991483788864e-06,6.100001802867432e-07,-6.233610280926413e-07,-0.0016869292299481256,-35.038884565734705,-0.4499825845325695,18.970491482486132,0.679537287076804,1.7306529859404007,-0.002566964377740014,-5.364536500436728,-21.982134161605114,-3.1907617501836594,24.860680729387973,1.8112446959649968,20.0450876370154,0.7632561002402873
6.691000000000569,2,0,0,0,0.0010020126242523686,0.0,1.4928319634078425e-05,5.0,0.6277061507045055,0.005308194303919739,0.4380546316782736,2.1648477671556563e-07,0.0001413319501956631,-9.066758377545178e-07,0.678085009769284,-9.278252918510013e-06,0.050658710554667086,4.62381019987296,0.12,0.12,1.0,0.0,0.0,0.0,0.0,0.0,0.0,-0.0,-0.0,0.0,-0.11914575800837122,-0.11927904807102141,-0.16218193324468855,-0.1621966700755213,-0.16218193324468858,-0.10718193324468911,0.13781806675531166,0.018672308746939613,0.0,0.16218193324468855,0.19390268156645196,2.7175344067801564e-10,0,1,1,3,1,-1.5276912530603863,-inf,0,0,0.1787090441212058,1.139255639468141,0.11237279283297194,0.3144157049418209,-0.10424401743095048,-1.209055639468141,-0.023142107489574845,1.4642486161619097,-0.7873581230710563,0.00013362680841142604,1.479034561920712e-06,9.832964355166725e-05,4.5523385172182765e-06,6.682381458920062e-06,5.78225404208539e-07,-5.952160460135303e-07,-0.0016109302816802356,-35.03888664902898,-0.4499193578950044,18.97049488297563,0.6795415283074098,1.7306534131463167,-0.002567315251345905,-5.365444143240959,-21.9821536204264,-3.1915806812029626,24.860659702458662,1.8108463051167587,20.045076274056186,0.763287318401904
6.7010000000005725,2,0,0,0,0.0010020096511799137,0.0,1.2927704977238016e-05,5.0,0.6277061528188975,0.005309572366086507,0.43805462237781967,2.0734568493948906e-07,0.00013496555039319304,-9.484102528869457e-07,0.678085009769284,-9.278252918510013e-06,0.050658853120997445,4.6238157978032906,0.12,0.12,1.0,0.0,0.0,0.0,0.0,0.0,0.0,-0.0,-0.0,0.0,-0.11914575800837122,-0.11927904807102141,-0.16218193324468855,-0.1621966700755213,-0.16218193324468858,-0.10718193324468911,0.13781806675531166,0.018672308746939613,0.0,0.16218193324468855,0.19390268156645196,2.5950355467137464e-10,0,1,1,3,1,-1.5276912530603863,-inf,0,0,0.17920800019055605,1.1392555953463095,0.11237409576182651,0.31441571990487094,-0.1042430586590339,-1.2090555953463096,-0.023142042340733252,1.4642486217768553,-0.7873581288743828,0.00012760676387830382,1.5096752752249035e-06,9.390125769337774e-05,4.299528597341625e-06,6.379940405967301e-06,5.480378218337388e-07,-5.683415075316806e-07,-0.001538355892199181,-35.038888628987074,-0.44985898098332383,18.970498115683938,0.6795455777285778,1.7306538174791677,-0.002567650399504619,-5.3663109060421155,-21.982172307552712,-3.1923627268776547,24.86063969669203,1.8104658607422524,20.045065462851973,0.7633171305356052
6.711000000000576,2,0,0,0,0.001002005975653697,0.0,1.1195202144318356e-05,5.0,0.6277061548441353,0.005310888352805453,0.43805461268702084,1.9861263271534052e-07,0.0001288859939485439,-9.852861879419753e-07,0.678085009769284,-9.278252918510013e-06,0.05065898929392335,4.623821210621592,0.12,0.12,1.0,0.0,0.0,0.0,0.0,0.0,0.0,-0.0,-0.0,0.0,-0.11914575800837122,-0.11927904807102141,-0.16218193324468855,-0.1621966700755213,-0.16218193324468858,-0.10718193324468911,0.13781806675531166,0.018672308746939613,0.0,0.16218193324468855,0.19390268156645196,2.4780595321434584e-10,0,1,1,3,1,-1.5276912530603863,-inf,0,0,0.17616600962355733,1.1392555536798867,0.11237533999250944,0.3144157351471533,-0.10424214306619056,-1.2090555536798868,-0.023141980140549388,1.4642486270982917,-0.7873581344156823,0.00012185798369779132,1.5354286817320178e-06,8.967236233567675e-05,4.059834580407547e-06,6.091177692417056e-06,5.193601949777339e-07,-5.426800784857161e-07,-0.0014690517241632824,-35.03889051059529,-0.44980132534158235,18.970501188701284,0.6795494440100035,1.7306542001024696,-0.002567970527782492,-5.367138630527394,-21.982190250188047,-3.193109548841982,24.860620660702637,1.8101025543154292,20.04505517672618,0.7633455999838696
6.721000000000579,2,0,0,0,0.0010020016594872727,0.0,9.6948802028531e-06,5.0,0.6277061567841713,0.005312145060923812,0.4380546026526513,1.902660571130072e-07,0.0001230803545885066,-1.0176300395439015e-06,0.678085009769284,-9.278252918510013e-06,0.05065911935851927,4.623826444073911,0.12,0.12,1.0,0.0,0.0,0.0,0.0,0.0,0.0,-0.0,-0.0,0.0,-0.11914575800837122,-0.11927904807102141,-0.16218193324468855,-0.1621966700755213,-0.16218193324468858,-0.10718193324468911,0.13781806675531166,0.018672308746939613,0.0,0.16218193324468855,0.19390268156645196,2.366357346936869e-10,0,1,1,3,1,-1.5276912530603863,-inf,0,0,0.18191698472946882,1.139255514341336,0.11237652816996069,0.31441575062171845,-0.1042412687072946,-1.2090555143413362,-0.023141920755663927,1.4642486321409114,-0.7873581397067826,0.00011636824269389034,1.5566413888209073e-06,8.56339688974429e-05,3.832602772490571e-06,5.815475047332037e-06,4.921189996121856e-07,-5.181770111753505e-07,-0.001402870396762279,-35.03889229860486,-0.44974626830467634,18.970504109733202,0.6795531354296759,1.7306545621221068,-0.0025682763100697372,-5.367929075397315,-21.982207475089673,-3.1938227338762433,24.8606025459775,1.8097556137309803,20.04504539032225,0.7633727872349553
6.7310000000005825,2,0,0,0,0.0010019967606200164,0.0,8.395623494424698e-06,5.0,0.627706158642769,0.005313345161252614,0.4380545923183241,1.8228746321897068e-07,0.00011753628863034038,-1.0457496054430046e-06,0.678085009769284,-9.278252918510013e-06,0.05065924358729255,4.623831503756521,0.12,0.12,1.0,0.0,0.0,0.0,0.0,0.0,0.0,-0.0,-0.0,0.0,-0.11914575800837122,-0.11927904807102141,-0.16218193324468855,-0.1621966700755213,-0.16218193324468858,-0.10718193324468911,0.13781806675531166,0.018672308746939613,0.0,0.16218193324468855,0.19390268156645196,2.2596911920379588e-10,0,1,1,3,1,-1.5276912530603863,-inf,0,0,0.17787498654797673,1.1392554772094814,0.11237766281991997,0.3144157662849711,-0.10424043372486262,-1.2090554772094815,-0.023141864058745545,1.464248636918691,-0.7873581447589777,0.00011112586671665217,1.5736398488566232e-06,8.177749386891682e-05,3.617211274857694e-06,5.5522421345353855e-06,4.6624424124352483e-07,-4.94780027906517e-07,-0.0013396711721339672,-35.03889399754238,-0.44969369273730875,18.970506886118777,0.6795566598915682,1.7306549045892357,-0.002568568389999983,-5.368683920105875,-21.982224008492047,-3.194503797277526,24.860585306678228,1.8094243016648663,20.045036079533343,0.7633987500513946
6.741000000000586,2,0,0,0,0.0010019913333310648,0.0,7.270486317034898e-06,5.0,0.6277061604235126,0.005314491204246803,0.43805458172467193,1.746593529175112e-07,0.00011224200872137604,-1.0699350664063321e-06,0.678085009769284,-9.278252918510013e-06,0.05065936224072485,4.623836395117357,0.12,0.12,1.0,0.0,0.0,0.0,0.0,0.0,0.0,-0.0,-0.0,0.0,-0.11914575800837122,-0.11927904807102141,-0.16218193324468855,-0.1621966700755213,-0.16218193324468858,-0.10718193324468911,0.13781806675531166,0.018672308746939613,0.0,0.16218193324468855,0.19390268156645196,2.1578340032646624e-10,0,1,1,3,1,-1.5276912530603863,-inf,0,0,0.17995800590142608,1.1392554421691976,0.1123787463542996,0.31441578209647447,-0.10423963634510414,-1.2090554421691977,-0.023141809928218578,1.4642486414449252,-0.7873581495830523,0.00010611970780356988,1.5867314227492115e-06,7.809474055526787e-05,3.4130684472184858e-06,5.300915290572506e-06,4.4166928236749403e-07,-4.7243920970245147e-07,-0.001279319655915718,-35.03889561172025,-0.4496434867846607,18.970509524848207,0.6795600249425396,1.7306552285029972,-0.002568847382308021,-5.369404768431854,-21.98223987604747,-3.1951541860786667,24.86056889946092,1.8091079140087165,20.04502722143601,0.763423543593047
6.751000000000589,2,0,0,0,0.0010019854284424867,0.0,6.296134089540165e-06,5.0,0.6277061621298152,0.005315585625430171,0.43805457090951766,1.67365160573871e-07,0.00010718625876241075,-1.0904599176251473e-06,0.678085009769284,-9.278252918510013e-06,0.05065947556779234,4.623841123457657,0.12,0.12,1.0,0.0,0.0,0.0,0.0,0.0,0.0,-0.0,-0.0,0.0,-0.11914575800837122,-0.11927904807102141,-0.16218193324468855,-0.1621966700755213,-0.16218193324468858,-0.10718193324468911,0.13781806675531166,0.018672308746939613,0.0,0.16218193324468855,0.19390268156645196,2.0605689379024076e-10,0,1,1,3,1,-1.5276912530603863,-inf,0,0,0.18224999075755477,1.1392554091111178,0.11237978107631501,0.31441579801876524,-0.10423887487415005,-1.2090554091111179,-0.023141758248002936,1.4642486457322612,-0.7873581541893038,0.0001013391204605892,1.596205393013011e-06,7.45778816428717e-05,3.2196114502966672e-06,5.060956319780736e-06,4.1833068014234536e-07,-4.511068899804151e-07,-0.0012216875112941506,-35.03889714524667,-0.44959554363435966,18.970512032579258,0.6795632377884663,1.7306555348130785,-0.0025691138741271223,-5.370093151889116,-21.98225510277981,-3.1957752821224283,24.860553283311415,1.8088057783743876,20.045018794227357,0.7634472205342376
6.7610000000005925,2,0,0,0,0.0010019790935128503,0.0,5.452359408281862e-06,5.0,0.6277061637649309,0.0053166307505749695,0.4380545599080383,1.6038919444501336e-07,0.00010235828996152952,-1.1075818525137515e-06,0.678085009769284,-9.278252918510013e-06,0.05065958380646067,4.623845693933795,0.12,0.12,1.0,0.0,0.0,0.0,0.0,0.0,0.0,-0.0,-0.0,0.0,-0.11914575800837122,-0.11927904807102141,-0.16218193324468855,-0.1621966700755213,-0.16218193324468858,-0.10718193324468911,0.13781806675531166,0.018672308746939613,0.0,0.16218193324468855,0.19390268156645196,1.967688953594046e-10,0,1,1,3,1,-1.5276912530603863,-inf,0,0,0.17750001279637218,1.1392553779313495,0.1123807691853839,0.31441581401717805,-0.10423814769445083,-1.2090553779313495,-0.02314170890726582,1.4642486497927272,-0.7873581585875651,9.67739390123217e-05,1.6023339277232675e-06,7.121944255125836e-05,3.0363048617176976e-06,4.8318513438704835e-06,3.96168033016678e-07,-4.307375529909308e-07,-0.001166652185945323,-35.03889860203495,-0.4495497612891281,18.97051441565301,0.6795663053096425,1.7306558244221477,-0.0025693684262282682,-5.370750532983618,-21.98226971304969,-3.196368404997798,24.8605384193954,1.8085172526656517,20.045010777167374,0.7634698311758492
6.771000000000596,2,0,0,0,0.0010019723730162466,0.0,4.721662959254243e-06,5.0,0.6277061653319592,0.005317628800648299,0.43805454875291483,1.5371658285272108e-07,9.77478379673832e-05,-1.121543601460172e-06,0.678085009769284,-9.278252918510013e-06,0.05065968718416556,4.623850111559553,0.12,0.12,1.0,0.0,0.0,0.0,0.0,0.0,0.0,-0.0,-0.0,0.0,-0.11914575800837122,-0.11927904807102141,-0.16218193324468855,-0.1621966700755213,-0.16218193324468858,-0.10718193324468911,0.13781806675531166,0.018672308746939613,0.0,0.16218193324468855,0.19390268156645196,1.8789963230118449e-10,0,1,1,3,1,-1.5276912530603863,-inf,0,0,0.17800001660361886,1.1392553485312116,0.11238171278180469,0.31441583005967944,-0.10423745326133742,-1.2090553485312117,-0.023141661800184617,1.4642486536377646,-0.7873581627872255,9.241445597327202e-05,1.6053729966521406e-06,6.801228553541485e-05,2.8626393597568875e-06,4.613109703472562e-06,3.751238354797317e-07,-4.11287736812552e-07,-0.0011140966512841858,-35.038899985812556,-0.44950604234972635,18.970516680108766,0.6795692340754884,1.7306560981881398,-0.0025696115742037885,-5.3713783083230835,-21.98228373052955,-3.1969348148437007,24.860524270920735,1.8082417237143356,20.04500315052381,0.7634914235523618
6.781000000000599,2,0,0,0,0.0010019653085193703,0.0,4.088890594213196e-06,5.0,0.6277061668338562,0.005318581896535663,0.43805453747448125,1.473332246200368e-07,9.334510103326943e-05,-1.1325737278992801e-06,0.678085009769284,-9.278252918510013e-06,0.050659785918267045,4.6238543812082025,0.12,0.12,1.0,0.0,0.0,0.0,0.0,0.0,0.0,-0.0,-0.0,0.0,-0.11914575800837122,-0.11927904807102141,-0.16218193324468855,-0.1621966700755213,-0.16218193324468858,-0.10718193324468911,0.13781806675531166,0.018672308746939613,0.0,0.16218193324468855,0.19390268156645196,1.7943022499362044e-10,0,1,1,3,1,-1.5276912530603863,-inf,0,0,0.16645900905132294,1.1392553208169773,0.11238261387122406,0.3144158461167106,-0.10423679009973681,-1.2090553208169774,-0.023141616825720548,1.4642486572782543,-0.7873581667972503,8.825140139407819e-05,1.605563241960485e-06,6.494959450458726e-05,2.6981304715000698e-06,4.404262909349956e-06,3.551433401087067e-07,-3.9271594071349617e-07,-0.001063909153468951,-35.03890130012985,-0.44946429380763486,18.970518831698257,0.6795720303585896,1.7306563569264422,-0.0025698438295986637,-5.371977811586959,-21.98229717818668,-3.197475715026953,24.860510803010854,1.8079786059773777,20.044995895520408,0.7635120435337966
6.7910000000006026,2,0,0,0,0.0010019579388423905,0.0,3.5409190439306177e-06,5.0,0.6277061682734418,0.0053194920635516955,0.4380545261008597,1.412257431505383e-07,8.914071916553892e-05,-1.1408873839186295e-06,0.678085009769284,-9.278252918510013e-06,0.05065988021648769,4.623858507614943,0.12,0.12,1.0,0.0,0.0,0.0,0.0,0.0,0.0,-0.0,-0.0,0.0,-0.11914575800837122,-0.11927904807102141,-0.16218193324468855,-0.1621966700755213,-0.16218193324468858,-0.10718193324468911,0.13781806675531166,0.018672308746939613,0.0,0.16218193324468855,0.19390268156645196,1.713426442282522e-10,0,1,1,3,1,-1.5276912530603863,-inf,0,0,0.17324998043477535,1.1392552946996344,0.11238347436890306,0.3144158621610386,-0.1042361568010359,-1.2090552946996345,-0.023141573887402466,1.4642486607245448,-0.7873581706262003,8.427592313880977e-05,1.6031308049250261e-06,6.202486052535964e-05,2.542317381093114e-06,4.204863640968548e-06,3.361744265050296e-07,-3.7498253667938e-07,-0.0010159829756301972,-35.03890254836835,-0.4494244268471203,18.970520875899275,0.6795747001481108,1.7306566014119624,-0.0025700656809908083,-5.372550316362371,-21.98231007827383,-3.197992254699656,24.860497982589074,1.807727340292758,20.04498899428865,0.7635317349235023
6.801000000000606,2,0,0,0,0.001001950300214438,0.0,3.0663837505007063e-06,5.0,0.6277061696534044,0.005320361235747055,0.43805451465809064,1.3538144380686747e-07,8.51257542119597e-05,-1.146687027439475e-06,0.678085009769284,-9.278252918510013e-06,0.050659970277335334,4.623862495379452,0.12,0.12,1.0,0.0,0.0,0.0,0.0,0.0,0.0,-0.0,-0.0,0.0,-0.11914575800837122,-0.11927904807102141,-0.16218193324468855,-0.1621966700755213,-0.16218193324468858,-0.10718193324468911,0.13781806675531166,0.018672308746939613,0.0,0.16218193324468855,0.19390268156645196,1.6361967432819368e-10,0,1,1,3,1,-1.5276912530603863,-inf,0,0,0.17633300740271807,1.1392552700946537,0.11238429610379096,0.3144158781676161,-0.10423555202008647,-1.2090552700946537,-0.023141532893120504,1.4642486639864771,-0.7873581742822499,8.047956805136722e-05,1.5982881108473754e-06,5.923186797814321e-05,2.3947617951393136e-06,4.014484790324592e-06,3.181674765870702e-07,-3.580496849279043e-07,-0.000970216210819084,-35.03890373374852,-0.44938635665621307,18.97052281792849,0.6795772491625919,1.7306568323810991,-0.0025702775950221554,-5.373097038851815,-21.982322452324535,-3.1984855312409755,24.86048577827082,1.8074873926914239,20.04498242982166,0.7635505395510964
6.811000000000609,2,0,0,0,0.0010019424264224863,0.0,2.6554431741249993e-06,5.0,0.6277061709763092,0.005321191260022132,0.4380545031702575,1.297882742583964e-07,8.129167084765766e-05,-1.1501631029002408e-06,0.678085009769284,-9.278252918510013e-06,0.05066005629050298,4.623866348968339,0.12,0.12,1.0,0.0,0.0,0.0,0.0,0.0,0.0,-0.0,-0.0,0.0,-0.11914575800837122,-0.11927904807102141,-0.16218193324468855,-0.1621966700755213,-0.16218193324468858,-0.10718193324468911,0.13781806675531166,0.018672308746939613,0.0,0.16218193324468855,0.19390268156645196,1.5624487531587523e-10,0,1,1,3,1,-1.5276912530603863,-inf,0,0,0.17841695807874203,1.1392552469217698,0.11238508082241544,0.3144158941134479,-0.10423497447234543,-1.20905524692177,-0.023141493754928983,1.4642486670734092,-0.7873581777732042,7.685426397089459e-05,1.5912346140126073e-06,5.6564681337651245e-05,2.2550468622080855e-06,3.832718548934127e-06,3.0107525590451577e-07,-3.4188125322997403e-07,-0.0009265115451910703,-35.03890485933734,-0.4493500022461943,18.97052466275378,0.6795796828621737,1.730657050533632,-0.0025704800173849355,-5.373619140459512,-21.982334321154237,-3.198956592589732,24.860474160265344,1.8072582532624197,20.044976185931585,0.7635684973614675
6.821000000000613,2,0,0,0,0.0010019343489487964,0.0,2.2995746862588993e-06,5.0,0.6277061722446053,0.005321983900053614,0.43805449165960186,1.2443478754623615e-07,7.763031841817571e-05,-1.1514946872787433e-06,0.678085009769284,-9.278252918510013e-06,0.05066013843725342,4.623870072717942,0.12,0.12,1.0,0.0,0.0,0.0,0.0,0.0,0.0,-0.0,-0.0,0.0,-0.11914575800837122,-0.11927904807102141,-0.16218193324468855,-0.1621966700755213,-0.16218193324468858,-0.10718193324468911,0.13781806675531166,0.018672308746939613,0.0,0.16218193324468855,0.19390268156645196,1.4920254933313425e-10,0,1,1,3,1,-1.5276912530603863,-inf,0,0,0.17974997172132134,1.1392552251047732,0.11238583019259742,0.31441590997746527,-0.10423442293114363,-1.2090552251047733,-0.023141456388858266,1.4642486699942383,-0.7873581811065166,7.339230255793842e-05,1.5821575047083593e-06,5.4017632549216505e-05,2.1227761438972944e-06,3.6591755360755657e-06,2.8485280055705413e-07,-3.2644273987062667e-07,-0.0008847760509641216,-35.03890592805547,-0.4493152862792533,18.970526415105915,0.6795820064602694,1.730657256534447,-0.00257067337376229,-5.37411773026096,-21.982345704864574,-3.1994064394717445,24.860463100283646,1.8070394350691703,20.04497024720854,0.7635856464998257
6.831000000000616,2,0,0,0,0.0010019260971038113,0.0,1.9913978160821277e-06,5.0,0.6277061734606292,0.005322740840046979,0.43805448014663406,1.1931010761901924e-07,7.413391360100896e-05,-1.1508501031597773e-06,0.678085009769284,-9.278252918510013e-06,0.050660216890790984,4.623873670837003,0.12,0.12,1.0,0.0,0.0,0.0,0.0,0.0,0.0,-0.0,-0.0,0.0,-0.11914575800837122,-0.11927904807102141,-0.16218193324468855,-0.1621966700755213,-0.16218193324468858,-0.10718193324468911,0.13781806675531166,0.018672308746939613,0.0,0.16218193324468855,0.19390268156645196,1.424777050365949e-10,0,1,1,3,1,-1.5276912530603863,-inf,0,0,0.17670798115432262,1.1392552045713111,0.1123865458069985,0.3144159257404071,-0.10423389622507793,-1.2090552045713112,-0.023141420714735062,1.464248672757426,-0.7873581842893037,7.008632289480217e-05,1.5712323799711213e-06,5.158530897411177e-05,1.9975726347223855e-06,3.4934839663963375e-06,2.6945730954891844e-07,-3.1170120008127327e-07,-0.0008449209887103223,-35.038906942684186,-0.4492821349038673,18.970528079489796,0.6795842249347116,1.730657451015306,-0.0025708580707270385,-5.374593867360913,-21.9823566228517,-3.199836027526617,24.860452571453397,1.8068304731146803,20.044964598981814,0.7636020233926525
6.841000000000619,2,0,0,0,0.0010019176981512778,0.0,1.724521184544902e-06,5.0,0.6277061746266117,0.005323463688316425,0.4380544686502378,1.1440389713326293e-07,7.079502384872061e-05,-1.1483875004988366e-06,0.678085009769284,-9.278252918510013e-06,0.05066029181661271,4.623877147409312,0.12,0.12,1.0,0.0,0.0,0.0,0.0,0.0,0.0,-0.0,-0.0,0.0,-0.11914575800837122,-0.11927904807102141,-0.16218193324468855,-0.1621966700755213,-0.16218193324468858,-0.10718193324468911,0.13781806675531166,0.018672308746939613,0.0,0.16218193324468855,0.19390268156645196,1.3605602845219e-10,0,1,1,3,1,-1.5276912530603863,-inf,0,0,0.18054101383313537,1.1392551852526978,0.11238722918650837,0.31441594138470785,-0.10423339323552083,-1.2090551852526978,-0.023141386656010902,1.464248675371016,-0.7873581873283612,6.692929582519271e-05,1.5586238798921621e-06,4.926254187822334e-05,1.8790778285512598e-06,3.3352888551129666e-06,2.5484804220229495e-07,-2.9762517579125865e-07,-0.0008068616185605212,-35.03890790587179,-0.44925047759765985,18.97052966019507,0.6795863430383914,1.730657634576419,-0.0025710344966007443,-5.375048563145413,-21.98236709381685,-3.2002462693391682,24.8604425482404,1.8066309233529587,20.04495922728411,0.7636176628252133
6.851000000000623,2,0,0,0,0.0010019091774263744,0.0,1.4934099515058927e-06,5.0,0.6277061757446843,0.005324153980705763,0.43805445718776864,1.0970632736028949e-07,6.760655157839822e-05,-1.1442554086174555e-06,0.678085009769284,-9.278252918510013e-06,0.05066036337284624,4.623880506396708,0.12,0.12,1.0,0.0,0.0,0.0,0.0,0.0,0.0,-0.0,-0.0,0.0,-0.11914575800837122,-0.11927904807102141,-0.16218193324468855,-0.1621966700755213,-0.16218193324468858,-0.10718193324468911,0.13781806675531166,0.018672308746939613,0.0,0.16218193324468855,0.19390268156645196,1.299238504874695e-10,0,1,1,3,1,-1.5276912530603863,-inf,0,0,0.17574999947100878,1.1392551670837352,0.11238788178347969,0.31441595689439045,-0.10423291289424234,-1.2090551670837353,-0.02314135413959832,1.464248677842655,-0.7873581902301777,6.391450899982966e-05,1.5444862912081608e-06,4.7044395439583665e-05,1.766950829444366e-06,3.184251259087305e-06,2.409862203825392e-07,-2.8418462854864426e-07,-0.0007705170199197946,-35.03890882013991,-0.4492202470172841,18.97053116130622,0.6795883653094182,1.7306578077879764,-0.002571203022273164,-5.375482783431931,-21.98237713577882,-3.2006380363788547,24.860433006374535,1.8064403617454903,20.044954118816584,0.7636325980155662
6.861000000000626,2,0,0,0,0.0010019005584481766,0.0,1.2932710269055916e-06,5.0,0.6277061768168812,0.005324813183854769,0.4380544457751472,1.0520805000411673e-07,6.456171907381843e-05,-1.138593259944973e-06,0.678085009769284,-9.278252918510013e-06,0.05066043171057625,4.62388375164177,0.12,0.12,1.0,0.0,0.0,0.0,0.0,0.0,0.0,-0.0,-0.0,0.0,-0.11914575800837122,-0.11927904807102141,-0.16218193324468855,-0.1621966700755213,-0.16218193324468858,-0.10718193324468911,0.13781806675531166,0.018672308746939613,0.0,0.16218193324468855,0.19390268156645196,1.2406811815005674e-10,0,1,1,3,1,-1.5276912530603863,-inf,0,0,0.1775840064510703,1.1392551500025418,0.11238850498481699,0.31441597225496665,-0.1042324541811389,-1.209055150002542,-0.02314132309571445,1.4642486801796135,-0.787358193000949,6.10355525962039e-05,1.528964119651402e-06,4.492615625136661e-05,1.660867504496137e-06,3.0400475522171782e-06,2.2783493540376558e-07,-2.713508754650932e-07,-0.00073580991931042,-35.03890968788947,-0.4491913788551399,18.97053258671236,0.6795902960808258,1.7306579711916394,-0.002571364001985563,-5.375897450523118,-21.9823867660889,-3.2010121608525086,24.86042392278156,1.8062583833595627,20.044949260916443,0.76364686068506
6.871000000000629,2,0,0,0,0.0010018918630261275,0.0,1.1199536653327599e-06,5.0,0.6277061778451468,0.005325442698317168,0.4380544344269482,1.0090017086783627e-07,6.165405406817166e-05,-1.1315318868509235e-06,0.678085009769284,-9.278252918510013e-06,0.050660496974151516,4.623886886870573,0.12,0.12,1.0,0.0,0.0,0.0,0.0,0.0,0.0,-0.0,-0.0,0.0,-0.11914575800837122,-0.11927904807102141,-0.16218193324468855,-0.1621966700755213,-0.16218193324468858,-0.10718193324468911,0.13781806675531166,0.018672308746939613,0.0,0.16218193324468855,0.19390268156645196,1.18476367589524e-10,0,1,1,3,1,-1.5276912530603863,-inf,0,0,0.18087500939145684,1.1392551339503887,0.11238910011492649,0.31441598745334187,-0.10423201612206476,-1.2090551339503888,-0.023141293457731693,1.4642486823888023,-0.7873581956465918,5.8286305682068895e-05,1.5121926328820858e-06,4.290332329802666e-05,1.5605196772176045e-06,2.9023687335022566e-06,2.153590592450916e-07,-2.5909652805311446e-07,-0.0007026665259755209,-35.038910511406314,-0.44916381170248554,18.97053394011633,0.6795921394898299,1.7306581253018924,-0.0025715177740783597,-5.376293445167453,-21.982396001446375,-3.2013694374729806,24.860415275518886,1.80608460150777,20.044944641526005,0.7636604811259609
6.881000000000633,2,0,0,0,0.0010018831113584592,0.0,9.698633823827608e-07,5.0,0.627706178831338,0.0053260438615397,0.43805442315648124,9.677422511528494e-08,5.887737597668422e-05,-1.1231939929391572e-06,0.678085009769284,-9.278252918510013e-06,0.05066055930148399,4.623889915695661,0.12,0.12,1.0,0.0,0.0,0.0,0.0,0.0,0.0,-0.0,-0.0,0.0,-0.11914575800837122,-0.11927904807102141,-0.16218193324468855,-0.1621966700755213,-0.16218193324468858,-0.10718193324468911,0.13781806675531166,0.018672308746939613,0.0,0.16218193324468855,0.19390268156645196,1.1313669619075709e-10,0,1,1,3,1,-1.5276912530603863,-inf,0,0,0.17604202730581164,1.1392551188715443,0.11238966843853287,0.31441600247772605,-0.10423159778676118,-1.2090551188715444,-0.02314126516203513,1.4642486844767901,-0.7873581981727551,5.566092319366361e-05,1.4942983750798767e-06,4.097159838325346e-05,1.46561435892091e-06,2.770919766386936e-06,2.0352515997177068e-07,-2.473954338199205e-07,-0.0006710163748938634,-35.0389112928667,-0.4491374869187695,18.970535225043605,0.679593899486683,1.7306582706074176,-0.0025716646617056278,-5.376671608432423,-21.98240485791552,-3.2017106251490763,24.860407043715536,1.805918646925546,20.044940249163293,0.7636734882657399
6.891000000000636,2,0,0,0,0.0010018743221315018,0.0,8.398874074914952e-07,5.0,0.6277061797772303,0.005326617950705676,0.438054411975874,9.282215410132377e-08,5.622578274983242e-05,-1.1136946000704896e-06,0.678085009769284,-9.278252918510013e-06,0.05066061882433038,4.623892841618815,0.12,0.12,1.0,0.0,0.0,0.0,0.0,0.0,0.0,-0.0,-0.0,0.0,-0.11914575800837122,-0.11927904807102141,-0.16218193324468855,-0.1621966700755213,-0.16218193324468858,-0.10718193324468911,0.13781806675531166,0.018672308746939613,0.0,0.16218193324468855,0.19390268156645196,1.0803773935993426e-10,0,1,1,3,1,-1.5276912530603863,-inf,0,0,0.18683297093957663,1.139255104713127,0.11239021116336906,0.3144160173175488,-0.10423119828687873,-1.209055104713127,-0.023141238147886357,1.4642486864498205,-0.7873582005848331,5.315382350095231e-05,1.4753996548668577e-06,3.912687698935898e-05,1.3758730166764778e-06,2.6454189479374574e-06,1.9230142116220285e-07,-2.3622262049695405e-07,-0.0006407921768714862,-35.038912034342275,-0.44911234850681664,18.970536444850552,0.6795955798431101,1.730658407572312,-0.002571804973517096,-5.377032743491656,-21.982413350943023,-3.202036448597784,24.860399207516114,1.8057601669866274,20.044936072894355,0.7636859097284957
6.901000000000639,2,0,0,0,0.0010018655126048381,0.0,7.273301271873273e-07,5.0,0.6277061806845196,0.005327166185451248,0.43805440089614195,8.903628363965419e-08,5.369363831916826e-05,-1.103141472311765e-06,0.678085009769284,-9.278252918510013e-06,0.05066067566856678,4.623895668033819,0.12,0.12,1.0,0.0,0.0,0.0,0.0,0.0,0.0,-0.0,-0.0,0.0,-0.11914575800837122,-0.11927904807102141,-0.16218193324468855,-0.1621966700755213,-0.16218193324468858,-0.10718193324468911,0.13781806675531166,0.018672308746939613,0.0,0.16218193324468855,0.19390268156645196,1.03168642811668e-10,0,1,1,3,1,-1.5276912530603863,-inf,0,0,0.1782919862307608,1.1392550914249646,0.11239072944274484,0.31441603196337964,-0.1042308167740889,-1.2090550914249647,-0.023141212357293495,1.4642486883138273,-0.7873582028879766,5.075967653340438e-05,1.4556070078822356e-06,3.7365239548667285e-05,1.2910308761376032e-06,2.525597306490264e-06,1.8165756506977414e-07,-2.2555424278714522e-07,-0.0006119296753911589,-35.03891273780527,-0.44908834299369577,18.970537602732534,0.6795971841603796,1.7306585366373182,-0.002571939004310182,-5.377377617333348,-21.98242149537643,-3.2023475998856195,24.860391748028253,1.8056088249531626,20.044932102306912,0.7636977718938752
6.911000000000643,2,0,0,0,0.0010018566987009536,0.0,6.298571798978787e-07,5.0,0.6277061815548278,0.005327689730457613,0.43805438992726276,8.540930357366923e-08,5.1275560609051754e-05,-1.0916355179551093e-06,0.678085009769284,-9.278252918510013e-06,0.05066072995444564,4.623898398229268,0.12,0.12,1.0,0.0,0.0,0.0,0.0,0.0,0.0,-0.0,-0.0,0.0,-0.11914575800837122,-0.11927904807102141,-0.16218193324468855,-0.1621966700755213,-0.16218193324468858,-0.10718193324468911,0.13781806675531166,0.018672308746939613,0.0,0.16218193324468855,0.19390268156645196,9.851904382651106e-11,0,1,1,3,1,-1.5276912530603863,-inf,0,0,0.17862499225884676,1.13925507895946,0.11239122437799964,0.3144160464068528,-0.10423045243828079,-1.20905507895946,-0.02314118773488705,1.4642486900744496,-0.7873582050871039,4.8473392441058953e-05,1.4350236350934444e-06,3.5682943108327465e-05,1.2108362573312687e-06,2.4111980265205336e-06,1.7156477945206803e-07,-2.1536753151229894e-07,-0.0005843675099150203,-35.03891340513299,-0.4490654193168783,18.970538701731506,0.6795987158770022,1.7306586582209538,-0.0025720670356512705,-5.377706962390392,-21.98242930548235,-3.202644739899318,24.86038464727284,1.8054642992598642,20.044928327485028,0.7637090999530101
6.921000000000646,2,0,0,0,0.0010018478950819532,0.0,5.454470428759397e-07,5.0,0.6277061823897057,0.005328189697929612,0.4380543790782393,8.193424861054484e-08,4.8966410088771336e-05,-1.0792711706988301e-06,0.678085009769284,-9.278252918510013e-06,0.05066078179684638,4.6239010353913255,0.12,0.12,1.0,0.0,0.0,0.0,0.0,0.0,0.0,-0.0,-0.0,0.0,-0.11914575800837122,-0.11927904807102141,-0.16218193324468855,-0.1621966700755213,-0.16218193324468858,-0.10718193324468911,0.13781806675531166,0.018672308746939613,0.0,0.16218193324468855,0.19390268156645196,9.407904528570165e-11,0,1,1,3,1,-1.5276912530603863,-inf,0,0,0.17916702199727297,1.1392550672714636,0.11239169702084482,0.31441606064059613,-0.10423010450583899,-1.2090550672714637,-0.023141164227801422,1.464248691737046,-0.7873582071869112,4.629011076673012e-05,1.4137458182643707e-06,3.4076413370816605e-05,1.1350499421617014e-06,2.3019758994798697e-06,1.6199564781896085e-07,-2.0564074505589778e-07,-0.0005580470853494307,-35.038914038112324,-0.44904352871560643,18.970539744743117,0.6796001782760838,1.7306587727205893,-0.002572189336470886,-5.378021478097953,-21.98243679496467,-3.2029284997511343,24.860377888137574,1.80532628283019,20.04492473898583,0.7637199179621381
6.931000000000649,2,0,0,0,0.0010018391152294415,0.0,4.72349107190211e-07,5.0,0.6277061831906359,0.005328667149958463,0.43805436835716566,7.860448028878581e-08,4.67612788406922e-05,-1.0661367510404395e-06,0.678085009769284,-9.278252918510013e-06,0.05066083130551252,4.623903582606454,0.12,0.12,1.0,0.0,0.0,0.0,0.0,0.0,0.0,-0.0,-0.0,0.0,-0.11914575800837122,-0.11927904807102141,-0.16218193324468855,-0.1621966700755213,-0.16218193324468858,-0.10718193324468911,0.13781806675531166,0.018672308746939613,0.0,0.16218193324468855,0.19390268156645196,8.983919796839675e-11,0,1,1,3,1,-1.5276912530603863,-inf,0,0,0.17800001660361886,1.139255056318152,0.11239214837560023,0.314416074658164,-0.10422977223799913,-1.2090550563181521,-0.023141141785561696,1.464248693306709,-0.7873582091918826,4.4205190106316656e-05,1.3918633135955827e-06,3.2542237093199316e-05,1.0634445719246248e-06,2.197696799428071e-06,1.5292408295881653e-07,-1.9635312299760237e-07,-0.0005329124473942314,-35.03891463844417,-0.4490226246271117,18.970540734523926,0.6796015744923466,1.7306588805135357,-0.002572306163630868,-5.378321832379625,-21.982443976983987,-3.2031994821196745,24.86037145433294,1.805194482423936,20.044921327815988,0.7637302488937143
6.941000000000653,2,0,0,0,0.0010018303715136345,0.0,4.0904737128465105e-07,5.0,0.6277061839590357,0.005329123100781883,0.4380543577712836,7.541367003622817e-08,4.465548012117229e-05,-1.0523148088596584e-06,0.678085009769284,-9.278252918510013e-06,0.05066087858528051,4.623906042864101,0.12,0.12,1.0,0.0,0.0,0.0,0.0,0.0,0.0,-0.0,-0.0,0.0,-0.11914575800837122,-0.11927904807102141,-0.16218193324468855,-0.1621966700755213,-0.16218193324468858,-0.10718193324468911,0.13781806675531166,0.018672308746939613,0.0,0.16218193324468855,0.19390268156645196,8.579047736022155e-11,0,1,1,3,1,-1.5276912530603863,-inf,0,0,0.17604196909815073,1.1392550460589135,0.11239257940133018,0.3144160884539744,-0.10422945492927754,-1.2090550460589136,-0.02314112035997563,1.4642486947882762,-0.7873582111063003,4.22141982352117e-05,1.3694597247265391e-06,3.107715482896312e-05,9.958040735719337e-07,2.098137182354022e-06,1.4432526358792474e-07,-1.8748484183828166e-07,-0.0005089101635111863,-35.03891520774717,-0.44900266258753513,18.970541673697657,0.6796029075188299,1.7306589819579437,-0.002572417762466217,-5.378608663068362,-21.982450864175323,-3.2034582625319903,24.860365330351254,1.805068618013188,20.04491808541132,0.7637401146852765
6.951000000000656,2,0,0,0,0.0010018216752621933,0.0,3.5422900013549704e-07,5.0,0.6277061846962619,0.005329558518939336,0.4380543473270393,7.23557832070778e-08,4.2644538392032474e-05,-1.0378824481286824e-06,0.678085009769284,-9.278252918510013e-06,0.05066092373629499,4.623908419059417,0.12,0.12,1.0,0.0,0.0,0.0,0.0,0.0,0.0,-0.0,-0.0,0.0,-0.11914575800837122,-0.11927904807102141,-0.16218193324468855,-0.1621966700755213,-0.16218193324468858,-0.10718193324468911,0.13781806675531166,0.018672308746939613,0.0,0.16218193324468855,0.19390268156645196,8.19242667571097e-11,0,1,1,3,1,-1.5276912530603863,-inf,0,0,0.17908302834257483,1.1392550364552376,0.11239299101388296,0.3144161020232488,-0.10422915190597169,-1.2090550364552377,-0.023141099905030455,1.4642486961863443,-0.7873582129342528,4.031290267979529e-05,1.3466128559832808e-06,2.9678053997006376e-05,9.319231131582152e-07,2.0030836081060678e-06,1.3617557402884468e-07,-1.7901697272245285e-07,-0.0004859892092581907,-35.03891574756197,-0.4489836001372932,18.97054256476174,0.6796041802132933,1.7306590773938206,-0.0025725243673036693,-5.378882579261578,-21.982457468667025,-3.2037053905861943,24.86035950142771,1.804948422187448,20.044915003616005,0.76374953628606
6.961000000000659,2,0,0,0,0.0010018130368266709,0.0,3.067570979442263e-07,5.0,0.627706185403612,0.005329974329331719,0.43805433703013774,6.942506405597756e-08,4.072417980136713e-05,-1.0229116346683006e-06,0.678085009769284,-9.278252918510013e-06,0.05066096685421915,4.623910713995787,0.12,0.12,1.0,0.0,0.0,0.0,0.0,0.0,0.0,-0.0,-0.0,0.0,-0.11914575800837122,-0.11927904807102141,-0.16218193324468855,-0.1621966700755213,-0.16218193324468858,-0.10718193324468911,0.13781806675531166,0.018672308746939613,0.0,0.16218193324468855,0.19390268156645196,7.823233731499093e-11,0,1,1,3,1,-1.5276912530603863,-inf,0,0,0.17675000708550215,1.1392550274706106,0.11239338408783847,0.314416115361957,-0.10422886252472814,-1.2090550274706107,-0.023141080376794385,1.4642486975052802,-0.7873582146796441,3.849726171394966e-05,1.3233950470301269e-06,2.834196226301244e-05,8.71606575375979e-07,1.912332283920821e-06,1.284525466859125e-07,-1.7093144106959818e-07,-0.0004641008597474016,-35.038916259354764,-0.4489653967307546,18.97054341009326,0.6796053953043301,1.7306591671438951,-0.0025726262019547044,-5.379144162616058,-21.982463802098778,-3.203941391119833,24.860353953502756,1.8048336395850884,20.044912074662207,0.7637585337014979
6.971000000000663,2,0,0,0,0.0010018044656409653,0.0,2.656471296905935e-07,5.0,0.6277061860823273,0.005330371415188575,0.43805432688559004,6.66160215901964e-08,3.8890323093433784e-05,-1.0074694877363427e-06,0.678085009769284,-9.278252918510013e-06,0.050661008030432865,4.623912930387373,0.12,0.12,1.0,0.0,0.0,0.0,0.0,0.0,0.0,-0.0,-0.0,0.0,-0.11914575800837122,-0.11927904807102141,-0.16218193324468855,-0.1621966700755213,-0.16218193324468858,-0.10718193324468911,0.13781806675531166,0.018672308746939613,0.0,0.16218193324468855,0.19390268156645196,7.470683070218952e-11,0,1,1,3,1,-1.5276912530603863,-inf,0,0,0.17616699915379286,1.139255019070415,0.11239375945836803,0.3144161284667631,-0.10422858617117509,-1.209055019070415,-0.023141061733322543,1.4642486987492325,-0.7873582163462016,3.676341576142888e-05,1.2998734897850421e-06,2.7066041219144134e-05,8.146690679778719e-07,1.8256886285402224e-06,1.211348072114439e-07,-1.6321098802538582e-07,-0.0004431985859962,-35.03891674452062,-0.4489480136499094,18.97054421195447,0.6796065553971973,1.7306592515144497,-0.0025727234801891114,-5.379393968585308,-21.982469875638955,-3.2041667653263626,24.86034867318833,1.8047240263498516,20.044909291153218,0.7637671260358155
6.981000000000666,2,0,0,0,0.0010017959702802726,0.0,2.3004650254476436e-07,5.0,0.6277061867335956,0.005330750619944969,0.43805431689776214,6.392341622870192e-08,3.713907092829515e-05,-9.916185563407884e-07,0.678085009769284,-9.278252918510013e-06,0.05066104735222344,4.623915070861797,0.12,0.12,1.0,0.0,0.0,0.0,0.0,0.0,0.0,-0.0,-0.0,0.0,-0.11914575800837122,-0.11927904807102141,-0.16218193324468855,-0.1621966700755213,-0.16218193324468858,-0.10718193324468911,0.13781806675531166,0.018672308746939613,0.0,0.16218193324468855,0.19390268156645196,7.134024510008056e-11,0,1,1,3,1,-1.5276912530603863,-inf,0,0,0.1805420033633709,1.1392550112218365,0.11239411792301061,0.3144161413349763,-0.10422832225861657,-1.2090550112218366,-0.023141043934567142,1.4642486999221407,-0.7873582179374853,3.510767918579707e-05,1.2761105284670442e-06,2.584758034859945e-05,7.60934449680183e-07,1.7429668560602754e-06,1.142020223443732e-07,-1.5583913365265448e-07,-0.0004232379559505679,-35.038917204387275,-0.44893141392203056,18.97054497249855,0.6796076629793951,1.730659330796166,-0.0025728164061853535,-5.379632527598945,-21.98247570000268,-3.2043819918192904,24.86034364773419,1.804619349613211,20.044906646044428,0.7637753315325926
6.991000000000669,2,0,0,0,0.001001787558513989,0.0,1.9921688367089562e-07,5.0,0.627706187358554,0.005331112749035326,0.43805430707041754,6.134224721520742e-08,3.5466701592720656e-05,-9.75417081000262e-07,0.678085009769284,-9.278252918510013e-06,0.05066108490296689,4.623917137962521,0.12,0.12,1.0,0.0,0.0,0.0,0.0,0.0,0.0,-0.0,-0.0,0.0,-0.11914575800837122,-0.11927904807102141,-0.16218193324468855,-0.1621966700755213,-0.16218193324468858,-0.10718193324468911,0.13781806675531166,0.018672308746939613,0.0,0.16218193324468855,0.19390268156645196,6.812541540870828e-11,0,1,1,3,1,-1.5276912530603863,-inf,0,0,0.1799589954316616,1.1392550038937745,0.11239446024336866,0.3144161539645042,-0.10422807022678544,-1.2090550038937746,-0.023141026942291764,1.4642487010277474,-0.7873582194568938,3.352653245045666e-05,1.252163943711754e-06,2.468399126219155e-05,7.102353806815937e-07,1.6639895785344312e-06,1.0763485011310607e-07,-1.488001417839811e-07,-0.00040417653997011453,-35.038917640217996,-0.4489155622409509,18.970545693774547,0.6796087204259823,1.7306594052648672,-0.0025729051749613444,-5.379860346191183,-21.982481285468623,-3.2045875276504248,24.86033886499711,1.8045193869986678,20.044904132627323,0.763783167613546
7.000000000000672,2,0,0,0,0.0010017800652127318,0.0,1.750191614402738e-07,5.0,0.6277061878994217,0.005331424701944629,0.4380542983656806,5.911052313550715e-08,3.4026073284849505e-05,-9.605808979358573e-07,0.678085009769284,-9.278252918510013e-06,0.05066111725028773,4.623918937654913,0.12,0.12,1.0,0.0,0.0,0.0,0.0,0.0,0.0,-0.0,-0.0,0.0,-0.11914575800837122,-0.11927904807102141,-0.16218193324468855,-0.1621966700755213,-0.16218193324468858,-0.10718193324468911,0.13781806675531166,0.018672308746939613,0.0,0.16218193324468855,0.19390268156645196,6.535615758621859e-11,0,1,1,3,1,-1.5276912530603863,-inf,0,0,0.1765000051818788,1.139254997719167,0.11239475513011299,0.3144161651257208,-0.10422785311345475,-1.2090549977191671,-0.023141012308576885,1.4642487019681918,-0.7873582207655937,3.216449373780835e-05,1.230499310155916e-06,2.3681631221573375e-05,6.670700611741295e-07,1.595971428328667e-06,1.0202176913388922e-07,-1.4273721343291223e-07,-0.00038775656780585773,-35.038918012909505,-0.4489019074110719,18.970546310962295,0.6796096311383546,1.7306594683881524,-0.0025729816665619,-5.380056600109329,-21.98248611628672,-3.2047645855282973,24.860334758486218,1.8044332755072354,20.04490197786205,0.763789918001941
