time,phase,contact,contact_solver,contact_points,gap,normal_force,normal_force_filtered,force_desired,x,y,z,vx,vy,vz,x_des,y_des,cart_error,orientation_error_deg,original_progress,governed_progress,governor_scale,p_task_sample,p_task_physical,p_human,p_human_physical,p_residual,p_whole,human_fx,human_fy,human_fz,w_task_sample,w_task_physical,w_human,w_human_physical,w_residual,e_human,e_residual,e_whole,human_input,human_output,peak_human_output,qvel_prediction_error,prediction_bound_violation,qp_active,qp_fallback,qp_status,energy_row_active,minimum_margin,candidate_minimum_margin,torque_limited,rate_limited,solve_time_ms,joint_margin_min,q1,q2,q3,q4,q5,q6,q7,qd1,qd2,qd3,qd4,qd5,qd6,qd7,tau1,tau2,tau3,tau4,tau5,tau6,tau7,tau_nom1,tau_nom2,tau_nom3,tau_nom4,tau_nom5,tau_nom6,tau_nom7
0.001,0,0,0,0,0.02950209988724173,0.0,0.0,0.0,0.5544992800865032,2.7624625949937624e-08,0.4645021195527226,-0.00019794533771351426,2.7624630262470813e-05,-0.0003099347667033052,0.5544994780317353,3.8164741795656373e-17,1.9986354061124292e-07,5.3132753091365614e-05,0.0,0.0,1.0,0.0,0.0,0.0,0.0,0.0,0.0,-0.0,0.0,0.0,0.0,0.0,0.0,0.0,0.0,0.055,0.3,0.3,0.0,0.0,0.0,2.3659071810597516e-06,0,0,0,0,0,inf,inf,0,0,0.0,1.5009906022225772,-2.3554274558794588e-09,-4.9077470601138724e-09,-3.1888132730314343e-09,-1.5707906022225773,1.1497691429191894e-07,1.5707896771867287,-0.7852999952086244,-2.3554274558794587e-06,-4.907747060113872e-06,-3.1888132730314343e-06,-0.0006022225773081004,0.00011497691429191894,-0.00032281327132202537,4.791375672647184e-06,0.0,-25.454424405835937,1.1397810321958008e-15,18.7281632058492,0.7411607943030994,1.6872163098407762,1.3316908920709847e-18,0.0,-25.454424405835937,1.1397810321958008e-15,18.7281632058492,0.7411607943030994,1.6872163098407762,1.3316908920709847e-18
0.011000000000000003,0,0,0,0,0.029482457948018403,0.0,0.0,0.0,0.5544901928458645,1.2790223387033182e-06,0.46448345298188015,-0.0012914833666093203,0.00017690958820292866,-0.003060866278429972,0.5544994780317353,3.8164741795656373e-17,9.37286374577528e-06,0.0027075630667805183,0.0,0.0,1.0,0.0,0.0,0.0,0.0,0.0,0.0,-0.0,0.0,0.0,0.0,0.0,0.0,0.0,0.0,0.055,0.3,0.3,0.0,0.0,0.0,2.5210527951822928e-06,0,0,0,0,0,inf,inf,0,0,0.0,1.5009715780909867,-1.3206051604898553e-07,1.970894450212102e-07,-1.783373811990344e-07,-1.5708284219090134,5.434936022403046e-06,1.5707816780079984,-0.7852999582418484,-2.0428194295979365e-05,7.29405578635829e-05,-2.7559984088272905e-05,-0.006302929382690184,0.0007622356902550452,-0.0005171429521766791,-8.360477465501355e-06,-0.0030932224046144917,-25.498834562975965,-0.0030830096678145596,18.79718091422887,0.7315921185586034,1.7594183055824146,-0.00037398609227042864,-0.0030932224046144917,-25.498834562975965,-0.0030830096678145596,18.79718091422887,0.7315921185586034,1.7594183055824146,-0.00037398609227042864
0.02100000000000001,0,0,0,0,0.029436733943387527,0.0,0.0,0.0,0.5544756308388782,3.2741668955957807e-06,0.46443953130152205,-0.0015127116944373606,0.00020820645789469436,-0.005445233916067072,0.5544994780317353,3.8164741795656373e-17,2.407091140823229e-05,0.0076642130205243995,0.0,0.0,1.0,0.0,0.0,0.0,0.0,0.0,0.0,-0.0,0.0,0.0,0.0,0.0,0.0,0.0,0.0,0.055,0.3,0.3,0.0,0.0,0.0,3.5745594479975363e-06,0,0,0,0,0,inf,inf,0,0,0.0,1.5008794038150115,-4.077092015047228e-07,2.2438330418103246e-06,-5.499617280335273e-07,-1.5709205961849886,1.425154976716258e-05,1.57078983737716,-0.7853002749008844,-3.282259193346377e-05,0.00033672532187029275,-4.4240691466995204e-05,-0.011541611029226014,0.0009398383514300718,0.002146541872583453,-5.0711291690542023e-05,-0.0042864379234719245,-25.516554747959894,-0.004267421287279302,18.8289372817655,0.7284180428512249,1.7893554071068,-0.0002287051302923184,-0.0042864379234719245,-25.516554747959894,-0.004267421287279302,18.8289372817655,0.7284180428512249,1.7893554071068,-0.0002287051302923184
0.03100000000000002,0,0,0,0,0.029367843476122535,0.0,0.0,0.0,0.5544610377703458,5.323104819585532e-06,0.46437285144377805,-0.0013829607472286838,0.0001989424920495185,-0.007647992696786984,0.5544994780317353,3.8164741795656373e-17,3.8807075909017546e-05,0.01381024666038964,0.0,0.0,1.0,0.0,0.0,0.0,0.0,0.0,0.0,-0.0,0.0,0.0,0.0,0.0,0.0,0.0,0.0,0.055,0.3,0.3,0.0,0.0,0.0,3.893132644289992e-06,0,0,0,0,0,inf,inf,0,0,0.0,1.5007369332002651,-7.889462781598559e-07,7.754939338401657e-06,-1.063944453938471e-06,-1.571063066799735,2.378476389124096e-05,1.5708309654320216,-0.7853009847266296,-4.2070106140268844e-05,0.0007462263537383418,-5.67391028492181e-05,-0.016408624393248385,0.0009503395512452322,0.005799060105506423,-8.596261490564412e-05,-0.0046470526385099875,-25.526546234503662,-0.004617361716340906,18.847743293269996,0.7275554872416098,1.8033962487571165,-7.09005208476189e-05,-0.0046470526385099875,-25.526546234503662,-0.004617361716340906,18.847743293269996,0.7275554872416098,1.8033962487571165,-7.09005208476189e-05
0.04100000000000003,0,0,0,0,0.029277343966931157,0.0,0.0,0.0,0.5544486777085315,7.196562536878646e-06,0.4642848069980607,-0.0011007903772407219,0.0001769673689024856,-0.009735775588808445,0.5544994780317353,3.8164741795656373e-17,5.130753697029975e-05,0.020705857952957613,0.0,0.0,1.0,0.0,0.0,0.0,0.0,0.0,0.0,-0.0,0.0,0.0,0.0,0.0,0.0,0.0,0.0,0.055,0.3,0.3,0.0,0.0,0.0,3.905635001791652e-06,0,0,0,0,0,inf,inf,0,0,0.0,1.5005476398155493,-1.2493652745216017e-06,1.804021336988453e-05,-1.6854495179369058e-06,-1.5712523601844508,3.30490446657426e-05,1.5709105306134339,-0.785301990083113,-4.897146449367897e-05,0.0012759726096897032,-6.616050220367711e-05,-0.020943880359581255,0.000902006979717833,0.009737849368611605,-0.00011109650841112166,-0.0046620514297675214,-25.53571997545301,-0.004617991135594024,18.86254890543292,0.7275401466497567,1.8113630935088572,3.3043569819083535e-05,-0.0046620514297675214,-25.53571997545301,-0.004617991135594024,18.86254890543292,0.7275401466497567,1.8113630935088572,3.3043569819083535e-05
0.05100000000000004,0,0,0,0,0.02916630718090707,0.0,0.0,0.0,0.5544395880922219,8.830397786988431e-06,0.4641764007443,-0.0007442617736520056,0.00015220746393855542,-0.01173157614095788,0.5544994780317353,3.8164741795656373e-17,6.053743288236444e-05,0.028162692280117103,0.0,0.0,1.0,0.0,0.0,0.0,0.0,0.0,0.0,-0.0,0.0,0.0,0.0,0.0,0.0,0.0,0.0,0.055,0.3,0.3,0.0,0.0,0.0,3.800462792323238e-06,0,0,0,0,0,inf,inf,0,0,0.0,1.5003147133116088,-1.767622236688443e-06,3.4191703854999524e-05,-2.3866348038807663e-06,-1.5714852866883913,4.170235377582215e-05,1.571029719866524,-0.7853032018975064,-5.388220699963868e-05,0.0019064572558571962,-7.299639309459562e-05,-0.02516911402577202,0.0008337730172061959,0.013696027613767498,-0.00012844835364016866,-0.004539953769679326,-25.54649901913478,-0.004476509675831398,18.87658822695033,0.727844152069437,1.8169162323189625,9.644909221824108e-05,-0.004539953769679326,-25.54649901913478,-0.004476509675831398,18.87658822695033,0.727844152069437,1.8169162323189625,9.644909221824108e-05
0.06100000000000005,0,0,0,0,0.02903563982857038,0.0,0.0,0.0,0.5544343100186334,1.0218745612303979e-05,0.46404850597375863,-0.00034626610703177566,0.00012810954811080094,-0.013642522998584289,0.5544994780317353,3.8164741795656373e-17,6.596432894778846e-05,0.036086991022403106,0.0,0.0,1.0,0.0,0.0,0.0,0.0,0.0,0.0,-0.0,0.0,0.0,0.0,0.0,0.0,0.0,0.0,0.055,0.3,0.3,0.0,0.0,0.0,3.650726647188426e-06,0,0,0,0,0,inf,inf,0,0,0.0,1.500041166442795,-2.3252142717743647e-06,5.712294228538263e-05,-3.14357101889638e-06,-1.571758833557205,4.963489296667656e-05,1.5711880791578867,-0.785304554747202,-5.70505790078165e-05,0.002620905683191564,-7.75865390479626e-05,-0.029099715050789506,0.0007597620842145343,0.01757001637388669,-0.00014015222594122907,-0.004366524528476176,-25.559636406464254,-0.004277615742264443,18.890971503903753,0.7282752504376826,1.8214212635322278,0.00013613383860904097,-0.004366524528476176,-25.559636406464254,-0.004277615742264443,18.890971503903753,0.7282752504376826,1.8214212635322278,0.00013613383860904097
0.07100000000000005,0,0,0,0,0.02888619918512214,0.0,0.0,0.0,0.5544331631128525,1.1375407461236188e-05,0.463901960123847,7.741340433651057e-05,0.00010578126172440034,-0.015470190929917124,0.5544994780317353,3.8164741795656373e-17,6.728349248764694e-05,0.044421201994463935,0.0,0.0,1.0,0.0,0.0,0.0,0.0,0.0,0.0,-0.0,0.0,0.0,0.0,0.0,0.0,0.0,0.0,0.055,0.3,0.3,0.0,0.0,0.0,3.4846015382021825e-06,0,0,0,0,0,inf,inf,0,0,0.0,1.4997298713599365,-2.9059496651069502e-06,8.75887854150889e-05,-3.935454506236554e-06,-1.5720701286400636,5.6821750567814115e-05,1.5713845066548662,-0.785306000226622,-5.869854329281568e-05,0.003404091512077387,-8.022773689394716e-05,-0.03274901773269882,0.0006851937961765943,0.021317984206449914,-0.00014757717449487672,-0.004176002059148549,-25.575265372848392,-0.004054665785376702,18.90602285292694,0.7287617876606834,1.825389478458238,0.00016210352886130415,-0.004176002059148549,-25.575265372848392,-0.004054665785376702,18.90602285292694,0.7287617876606834,1.825389478458238,0.00016210352886130415
0.08100000000000006,0,0,0,0,0.02871883273829534,0.0,0.0,0.0,0.5544363507048998,1.2319940357781257e-05,0.46373759625963384,0.0005176420581123217,8.549034284763519e-05,-0.01721441317401761,0.5544994780317353,3.8164741795656373e-17,6.431827363826927e-05,0.05312222595418705,0.0,0.0,1.0,0.0,0.0,0.0,0.0,0.0,0.0,-0.0,0.0,0.0,0.0,0.0,0.0,0.0,0.0,0.055,0.3,0.3,0.0,0.0,0.0,3.313199653153808e-06,0,0,0,0,0,inf,inf,0,0,0.0,1.4993835705410312,-3.4957936906279913e-06,0.00012619817356273105,-4.74432425749686e-06,-1.5724164294589689,6.326989330447777e-05,1.5716176313799768,-0.7853075005825246,-5.903728672232212e-05,0.004241905810782244,-8.119495185256549e-05,-0.03612981201878592,0.0006120745113672345,0.02492193325153978,-0.00015158365214444324,-0.00398165200369433,-25.59329107817608,-0.0038202056245940645,18.92177848238339,0.7292756167282336,1.8290143652762696,0.00017932341969332464,-0.00398165200369433,-25.59329107817608,-0.0038202056245940645,18.92177848238339,0.7292756167282336,1.8290143652762696,0.00017932341969332464
0.09100000000000007,0,0,0,0,0.028534389827809536,0.0,0.0,0.0,0.5544440017261505,1.3072693115916191e-05,0.46355625166939624,0.0009680300648173414,6.720792891585685e-05,-0.018874676125369135,0.5544994780317353,3.8164741795656373e-17,5.699575235609795e-05,0.062153296370855975,0.0,0.0,1.0,0.0,0.0,0.0,0.0,0.0,0.0,-0.0,0.0,0.0,0.0,0.0,0.0,0.0,0.0,0.055,0.3,0.3,0.0,0.0,0.0,3.141167229752828e-06,0,0,0,0,0,inf,inf,0,0,0.0,1.499004879057351,-4.082769213320169e-06,0.000173424319007937,-5.554861168896703e-06,-1.5727951209426492,6.899895419408337e-05,1.5718859621735581,-0.7853090250361233,-5.826791996079334e-05,0.0051212011131498295,-8.074351363582782e-05,-0.03925483399336003,0.0005412382832767443,0.028373502311039925,-0.00015276311961578783,-0.0037883705077879962,-25.61353702069668,-0.0035785614332979614,18.938172233058786,0.7298044093615982,1.832371426157314,0.00019011636763890965,-0.0037883705077879962,-25.61353702069668,-0.0035785614332979614,18.938172233058786,0.7298044093615982,1.832371426157314,0.00019011636763890965
0.10100000000000008,0,0,0,0,0.028333723103886377,0.0,0.0,0.0,0.5544561889553702,1.3653086170700212e-05,0.4633587681793876,0.0014234703220231417,5.080561215713287e-05,-0.02045061511610453,0.5544994780317353,3.8164741795656373e-17,4.539108827209915e-05,0.07148093285384079,0.0,0.0,1.0,0.0,0.0,0.0,0.0,0.0,0.0,-0.0,0.0,0.0,0.0,0.0,0.0,0.0,0.0,0.055,0.3,0.3,0.0,0.0,0.0,2.9706735883291486e-06,0,0,0,0,0,inf,inf,0,0,0.0,1.4985962842817744,-4.656847024161614e-06,0.0002296139578010447,-6.3541887443531635e-06,-1.5732037157182257,7.403415131709707e-05,1.572187950392157,-0.7853105479035226,-5.657981258665857e-05,0.006029733559485294,-7.910854274237185e-05,-0.04213688554221149,0.0004730803193389347,0.03166861081064873,-0.0001515715866709924,-0.0035977545685432237,-25.63580001737102,-0.0033308997356341894,18.95510463970962,0.7303416937961935,1.8354925704767064,0.00019559287468637375,-0.0035977545685432237,-25.63580001737102,-0.0033308997356341894,18.95510463970962,0.7303416937961935,1.8354925704767064,0.00019559287468637375
0.11100000000000008,0,0,0,0,0.028117686426374355,0.0,0.0,0.0,0.5544729383702827,1.4079068230656892e-05,0.4631459896147539,0.001879584988125519,3.612694835368443e-05,-0.02194217652101151,0.5544994780317353,3.8164741795656373e-17,3.0042865912915357e-05,0.08107378286324757,0.0,0.0,1.0,0.0,0.0,0.0,0.0,0.0,0.0,-0.0,0.0,0.0,0.0,0.0,0.0,0.0,0.0,0.055,0.3,0.3,0.0,0.0,0.0,2.8029097921738656e-06,0,0,0,0,0,inf,inf,0,0,0.0,1.498160145234072,-5.209820134936593e-06,0.0002949962354720554,-7.131669092683089e-06,-1.573639854765928,7.840357183441684e-05,1.5725220198237142,-0.7853120476303513,-5.4149167917302295e-05,0.006956138097701422,-7.65046945372805e-05,-0.04478882308017716,0.0004078213886587637,0.03480540073369662,-0.0001483928673284636,-0.003410111415198183,-25.65987107020886,-0.003077226696216767,18.972468590706978,0.730883262428996,1.8383937825355332,0.0001963483692543574,-0.003410111415198183,-25.65987107020886,-0.003077226696216767,18.972468590706978,0.730883262428996,1.8383937825355332,0.0001963483692543574
0.1210000000000001,0,0,0,0,0.027887131658642206,0.0,0.0,0.0,0.5544942350953107,1.4366999795714647e-05,0.4629187584176572,0.0023325100139406922,2.3013362858567217e-05,-0.023349656548655052,0.5544994780317353,3.8164741795656373e-17,1.529375903697331e-05,0.09090216632990854,0.0,0.0,1.0,0.0,0.0,0.0,0.0,0.0,0.0,-0.0,0.0,0.0,0.0,0.0,0.0,0.0,0.0,0.055,0.3,0.3,0.0,0.0,0.0,2.638653036704169e-06,0,0,0,0,0,inf,inf,0,0,0.0,1.497698692314856,-5.7351669083946026e-06,0.00036969140700214613,-7.878699526268186e-06,-1.574101307685144,8.213703356527575e-05,1.5728865837832646,-0.7853135062412812,-5.113815463276364e-05,0.007889912988246458,-7.31264554830354e-05,-0.047223503676793385,0.0003456037328924962,0.037783410897581554,-0.00014356625182533874,-0.0032252505367489355,-25.685543472908538,-0.0028171701753604266,18.99015880744609,0.731425871594247,1.8410853829439084,0.0001927724120699035,-0.0032252505367489355,-25.685543472908538,-0.0028171701753604266,18.99015880744609,0.731425871594247,1.8410853829439084,0.0001927724120699035
0.1310000000000001,0,0,0,0,0.027642905260424566,0.0,0.0,0.0,0.5545200279854458,1.4531690749683547e-05,0.4626779121623519,0.00277880506864646,1.1313435351494887e-05,-0.024673695009250193,0.5544994780317353,3.8164741795656373e-17,2.516884251502663e-05,0.10093788214512942,0.0,0.0,1.0,0.0,0.0,0.0,0.0,0.0,0.0,-0.0,0.0,0.0,0.0,0.0,0.0,0.0,0.0,0.055,0.3,0.3,0.0,0.0,0.0,2.4784810615310527e-06,0,0,0,0,0,inf,inf,0,0,0.0,1.4972140276501429,-6.22790811098342e-06,0.00045371939025653666,-8.58851422979553e-06,-1.5745859723498572,8.52655221995914e-05,1.5732800568613456,-0.7853149089670052,-4.769449164662431e-05,0.008821405140125338,-6.914879179165622e-05,-0.04945372085580306,0.0002865263871876905,0.04060321366524333,-0.00013739812666688878,-0.0030427982488876668,-25.712616115590723,-0.0025502845311620313,19.008075285069594,0.7319667671590284,1.8435758073679616,0.00018517783601271684,-0.0030427982488876668,-25.712616115590723,-0.0025502845311620313,19.008075285069594,0.7319667671590284,1.8435758073679616,0.00018517783601271684
0.1410000000000001,0,0,0,0,0.027385845007324883,0.0,0.0,0.0,0.5545502336016648,1.4586492305662328e-05,0.4624242802338463,0.00321540977332634,8.860829946150099e-07,-0.025915253191317607,0.5544994780317353,3.8164741795656373e-17,5.2809976677243464e-05,0.11115411247518998,0.0,0.0,1.0,0.0,0.0,0.0,0.0,0.0,0.0,-0.0,0.0,0.0,0.0,0.0,0.0,0.0,0.0,0.055,0.3,0.3,0.0,0.0,0.0,2.32285547224773e-06,0,0,0,0,0,inf,inf,0,0,0.0,1.4967081260764568,-6.6844617129447595e-06,0.0005470081629682752,-9.255993544875446e-06,-1.5750918739235433,8.782084376642383e-05,1.5737008641408488,-0.7853162439453701,-4.395136228370253e-05,0.009741793449914658,-6.472798462613255e-05,-0.051492141616664,0.0002306587042471322,0.04326622704288864,-0.00013016684777794667,-0.0028623262256792623,-25.74089495494448,-0.002276169668451054,19.02612447347128,0.7325035079857664,1.8458729727785503,0.0001738519353087394,-0.0028623262256792623,-25.74089495494448,-0.002276169668451054,19.02612447347128,0.7325035079857664,1.8458729727785503,0.0001738519353087394
0.1510000000000001,0,0,0,0,0.027116776950309895,0.0,0.0,0.0,0.5545847398558005,1.4543406479989695e-05,0.46215868076077116,0.0036396168794934416,-8.398530375326963e-06,-0.02707558668087015,0.5544994780317353,3.8164741795656373e-17,8.649329057775289e-05,0.12152536390844008,0.0,0.0,1.0,0.0,0.0,0.0,0.0,0.0,0.0,-0.0,0.0,0.0,0.0,0.0,0.0,0.0,0.0,0.055,0.3,0.3,0.0,0.0,0.0,2.1721558964690714e-06,0,0,0,0,0,inf,inf,0,0,0.0,1.4961828367291992,-7.1024982190894625e-06,0.0006494019781737089,-9.87748217660161e-06,-1.575617163270801,8.983536273704962e-05,1.5741474489615002,-0.7853175019544831,-4.002757044145421e-05,0.010643069387922949,-6.0002559294772055e-05,-0.053351248577229136,0.00017804604195392233,0.04577459507090908,-0.00012212494725962822,-0.002683407280287789,-25.77019375789619,-0.00199451765827683,19.04421960721238,0.7330338969447318,1.8479847477173714,0.00015907535447682222,-0.002683407280287789,-25.77019375789619,-0.00199451765827683,19.04421960721238,0.7330338969447318,1.8479847477173714,0.00015907535447682222
0.16100000000000012,0,0,0,0,0.026836512648889976,0.0,0.0,0.0,0.5546234094258544,1.4413199186604723e-05,0.46188191782767407,0.0040490515484900074,-1.6658958981826117e-05,-0.028156217145526356,0.5544994780317353,3.8164741795656373e-17,0.00012476670533081803,0.13202742275937207,0.0,0.0,1.0,0.0,0.0,0.0,0.0,0.0,0.0,-0.0,0.0,0.0,0.0,0.0,0.0,0.0,0.0,0.055,0.3,0.3,0.0,0.0,0.0,2.0266956280778426e-06,0,0,0,0,0,inf,inf,0,0,0.0,1.4956398851757486,-7.480798610978193e-06,0.0007606693701852869,-1.0450616979633866e-05,-1.5761601148242514,9.134177920500101e-05,1.5746182796628654,-0.7853186761617088,-3.602788042487359e-05,0.011518014823909802,-5.509426195475917e-05,-0.055043288329937816,0.00012871264050826563,0.04813109648931649,-0.0001135003714483095,-0.0025056420575366306,-25.80033453421069,-0.0017051306077264731,19.062280709901135,0.7335559507952567,1.8499190915699186,0.00014112802921625308,-0.0025056420575366306,-25.80033453421069,-0.0017051306077264731,19.062280709901135,0.7335559507952567,1.8499190915699186,0.00014112802921625308
0.17100000000000012,0,0,0,0,0.026545846682124785,0.0,0.0,0.0,0.5546660829777312,1.4205511479970093e-05,0.4615947789676963,0.0044416527787656986,-2.400279546547519e-05,-0.02915890457043208,0.5544994780317353,3.8164741795656373e-17,0.00016720946320924598,0.14263731608945593,0.0,0.0,1.0,0.0,0.0,0.0,0.0,0.0,0.0,-0.0,0.0,0.0,0.0,0.0,0.0,0.0,0.0,0.055,0.3,0.3,0.0,0.0,0.0,1.88673023207815e-06,0,0,0,0,0,inf,inf,0,0,0.0,1.4950808760302587,-7.819116500048689e-06,0.0008805109247629033,-1.0974164656974831e-05,-1.5767191239697413,9.237292848118083e-05,1.575111855494144,-0.7853197618831098,-3.204349920564855e-05,0.012360177342824102,-5.010906027056648e-05,-0.05658022608893681,8.266349671895399e-05,0.050339066663763685,-0.00010449742635083644,-0.0023286734178747897,-25.83114781532287,-0.0014079265662605652,19.0802344695913,0.7340678841257953,1.8516840732590052,0.00012029011130845443,-0.0023286734178747897,-25.83114781532287,-0.0014079265662605652,19.0802344695913,0.7340678841257953,1.8516840732590052,0.00012029011130845443
0.18100000000000013,0,0,0,0,0.02624555443072346,0.0,0.0,0.0,0.5547125822059878,1.3928966623777965e-05,0.4612980329276848,0.004815655586760586,-3.052714962418804e-05,-0.030085620488953614,0.5544994780317353,3.8164741795656373e-17,0.00021355890333834754,0.1533332752808603,0.0,0.0,1.0,0.0,0.0,0.0,0.0,0.0,0.0,-0.0,0.0,0.0,0.0,0.0,0.0,0.0,0.0,0.055,0.3,0.3,0.0,0.0,0.0,1.7524634090972194e-06,0,0,0,0,0,inf,inf,0,0,0.0,1.49450729598861,-8.11804573611292e-06,0.0010085667901591835,-1.1447869532836189e-05,-1.57729270401139,9.29615971766614e-05,1.5756267117876217,-0.7853207563520174,-2.8152669498984298e-05,0.013163843378161864,-4.5138154795749075e-05,-0.057973706352590686,3.988588266430183e-05,0.052402327082662466,-9.529768547842751e-05,-0.0021521949989307477,-25.862472840505134,-0.001102939957204916,19.098014059208214,0.7345680983841821,1.8532878476470889,9.684105118746967e-05,-0.0021521949989307477,-25.862472840505134,-0.001102939957204916,19.098014059208214,0.7345680983841821,1.8532878476470889,9.684105118746967e-05
0.19100000000000014,0,0,0,0,0.02593639011954485,0.0,0.0,0.0,0.5547627126982058,1.3591271899893172e-05,0.46099242769456206,0.0051695734919659396,-3.63192058654663e-05,-0.03093852239950309,0.5544994780317353,3.8164741795656373e-17,0.0002635853036564945,0.16409470095389342,0.0,0.0,1.0,0.0,0.0,0.0,0.0,0.0,0.0,-0.0,0.0,0.0,0.0,0.0,0.0,0.0,0.0,0.055,0.3,0.3,0.0,0.0,0.0,1.6240517369647467e-06,0,0,0,0,0,inf,inf,0,0,0.0,1.493920517225433,-8.378894433825187e-06,0.0011444239090815805,-1.1872311456180397e-05,-1.577879482774567,9.314035366953724e-05,1.5761614244576845,-0.7853216584969139,-2.4421347891042036e-05,0.013924009501564376,-4.025899228655693e-05,-0.05923501919615863,3.5073732805308236e-07,0.05432512021553161,-8.606094660536615e-05,-0.0019759565262478943,-25.894157675595476,-0.0007903191072386489,19.115558930365477,0.7350551727557298,1.8547386186969443,7.105808604224335e-05,-0.0019759565262478943,-25.894157675595476,-0.0007903191072386489,19.115558930365477,0.7350551727557298,1.8547386186969443,7.105808604224335e-05
0.20100000000000015,0,0,0,0,0.025619085108454176,0.0,0.0,0.0,0.5548162666252878,1.3199314582873342e-05,0.4606786887707044,0.005502181200675415,-4.1456823330216495e-05,-0.03171992942862546,0.5544994780317353,3.8164741795656373e-17,0.0003170634556527464,0.17490212873900393,0.0,0.0,1.0,0.0,0.0,0.0,0.0,0.0,0.0,-0.0,0.0,0.0,0.0,0.0,0.0,0.0,0.0,0.055,0.3,0.3,0.0,0.0,0.0,1.5016089053989866e-06,0,0,0,0,0,inf,inf,0,0,0.0,1.493321801099144,-8.603566145034657e-06,0.0012876229549419458,-1.2248773815443694e-05,-1.578478198900856,9.294139218307736e-05,1.576714613873376,-0.7853224687292635,-2.0903946240646686e-05,0.014636352194719333,-3.553627407809396e-05,-0.06037507178801577,-3.598599111515428e-05,0.05611204882297385,-7.692625841912745e-05,-0.0017997669571654792,-25.926059276100474,-0.000470321958934244,19.132814591947366,0.7355278557207855,1.8560446000996131,4.321461521941641e-05,-0.0017997669571654792,-25.926059276100474,-0.000470321958934244,19.132814591947366,0.7355278557207855,1.8560446000996131,4.321461521941641e-05
0.21100000000000016,0,0,0,0,0.02529434641908468,0.0,0.0,0.0,0.5548730252596862,1.2759251775103585e-05,0.46035751768577393,0.005812497503562485,-4.60091593609369e-05,-0.03243229925112582,0.5544994780317353,3.8164741795656373e-17,0.0003737650732956046,0.1857371956827392,0.0,0.0,1.0,0.0,0.0,0.0,0.0,0.0,0.0,-0.0,0.0,0.0,0.0,0.0,0.0,0.0,0.0,0.055,0.3,0.3,0.0,0.0,0.0,1.3852096852365439e-06,0,0,0,0,0,inf,inf,0,0,0.0,1.4927123021149524,-8.794448704593664e-06,0.0014376649589160641,-1.2579121581799652e-05,-1.5790876978850477,9.239639013582942e-05,1.5772849481464672,-0.7853231887419821,-1.7644117648498625e-05,0.015297196409260177,-3.102295357520268e-05,-0.061404364732350794,-6.918202891340587e-05,0.05776801929619406,-6.801301349812787e-05,-0.001623495976334241,-25.958043501435633,-0.00014331048596031535,19.149732378502858,0.7359850568751343,1.8572139772446263,1.3578644670149143e-05,-0.001623495976334241,-25.958043501435633,-0.00014331048596031535,19.149732378502858,0.7359850568751343,1.8572139772446263,1.3578644670149143e-05
0.22100000000000017,0,0,0,0,0.0249628554850303,0.0,0.0,0.0,0.5549327613239815,1.2276593936218323e-05,0.46002959073247407,0.006099768440170733,-5.003730385314933e-05,-0.03307820625903615,0.5544994780317353,3.8164741795656373e-17,0.00043345717908278906,0.1965826071668816,0.0,0.0,1.0,0.0,0.0,0.0,0.0,0.0,0.0,-0.0,0.0,0.0,0.0,0.0,0.0,0.0,0.0,0.055,0.3,0.3,0.0,0.0,0.0,1.2748937353352553e-06,0,0,0,0,0,inf,inf,0,0,0.0,1.4920930720996686,-8.95431110453471e-06,0.0015940176172698735,-1.2865689242066584e-05,-1.5797069279003315,9.153637853650977e-05,1.5778711458739287,-0.7853238213191484,-1.4675570847841483e-05,0.015903483197959686,-2.6761217466163587e-05,-0.062332972860716845,-9.930748205738345e-05,0.059298188787952864,-5.9422095603350074e-05,-0.0014470741425577354,-25.989985085123458,0.00019025588810907184,19.166269211137703,0.736425838870126,1.8582548718661285,-1.7588633881811903e-05,-0.0014470741425577354,-25.989985085123458,0.00019025588810907184,19.166269211137703,0.736425838870126,1.8582548718661285,-1.7588633881811903e-05
0.23100000000000018,0,0,0,0,0.024625267113099758,0.0,0.0,0.0,0.5549952411728092,1.1756282054701044e-05,0.4596955579138152,0.006363450791085524,-5.359491524782767e-05,-0.03366032096346299,0.5544994780317353,3.8164741795656373e-17,0.0004959025128139815,0.20742210426204988,0.0,0.0,1.0,0.0,0.0,0.0,0.0,0.0,0.0,-0.0,0.0,0.0,0.0,0.0,0.0,0.0,0.0,0.055,0.3,0.3,0.0,0.0,0.0,1.1706692989093721e-06,0,0,0,0,0,inf,inf,0,0,0.0,1.4914650645458014,-9.086208602577338e-06,0.001756121271118815,-1.3111178430919327e-05,-1.5803349354541987,9.039162519636063e-05,1.578471978371769,-0.7853243701574179,-1.202289910427831e-05,0.016452736678190118,-2.2783445711252914e-05,-0.06317053011652578,-0.00012644356569673922,0.06070791596723034,-5.123706702995154e-05,-0.001270491896632769,-26.021767564975715,0.0005298276565731568,19.18238735269762,0.7368494094310323,1.8591753097547012,-5.003410914394142e-05,-0.001270491896632769,-26.021767564975715,0.0005298276565731568,19.18238735269762,0.7368494094310323,1.8591753097547012,-5.003410914394142e-05
0.2410000000000002,0,0,0,0,0.024282208643444547,0.0,0.0,0.0,0.5550602268117346,1.120275848325496e-05,0.4593560420896724,0.0066031959555118685,-5.6728850762863576e-05,-0.034181390609697375,0.5544994780317353,3.8164741795656373e-17,0.0005608606743821361,0.21824043145680505,0.0,0.0,1.0,0.0,0.0,0.0,0.0,0.0,0.0,-0.0,0.0,0.0,0.0,0.0,0.0,0.0,0.0,0.055,0.3,0.3,0.0,0.0,0.0,1.0725168217737384e-06,0,0,0,0,0,inf,inf,0,0,0.0,1.4908291390858721,-9.193396142935155e-06,0.001923394553277294,-1.3318565024938123e-05,-1.580970860914128,8.899153049447986e-05,1.579086271435686,-0.7853248396994655,-9.702411703250513e-06,0.01694303056710062,-1.911314578586353e-05,-0.06392621819786264,-0.00015068136205943425,0.06200271525761411,-4.352538184635465e-05,-0.001093797602538217,-26.05328317691803,0.000874773208969185,19.198054158685807,0.7372551134465278,1.8599831915765221,-8.351385828912518e-05,-0.001093797602538217,-26.05328317691803,0.000874773208969185,19.198054158685807,0.7372551134465278,1.8599831915765221,-8.351385828912518e-05
0.25100000000000017,0,0,0,0,0.023934279296563332,0.0,0.0,0.0,0.5551274777572154,1.0620031534895716e-05,0.45901163831061165,0.006818834265403425,-5.947978473271769e-05,-0.03464422098380477,0.5544994780317353,3.8164741795656373e-17,0.0006280895161303806,0.22902330471575122,0.0,0.0,1.0,0.0,0.0,0.0,0.0,0.0,0.0,-0.0,0.0,0.0,0.0,0.0,0.0,0.0,0.0,0.055,0.3,0.3,0.0,0.0,0.0,9.803925178356107e-07,0,0,0,0,0,inf,inf,0,0,0.0,1.490186066061107,-9.279250058157585e-06,0.0020952396991361375,-1.3491015418215395e-05,-1.581613933938893,8.736453538499907e-05,1.579712906662663,-0.7853252349796409,-7.722957889748e-06,0.01737295450746242,-1.576585709526437e-05,-0.0646087586440511,-0.0001721206116149095,0.06318821443083437,-3.633961178895972e-05,-0.0009170947710542381,-26.084432715896526,0.0012243872735942395,19.21324182519859,0.7376424251388503,1.8606862667131439,-0.00011779410062126152,-0.0009170947710542381,-26.084432715896526,0.0012243872735942395,19.21324182519859,0.7376424251388503,1.8606862667131439,-0.00011779410062126152
0.2610000000000002,0,0,0,0,0.02358204969542449,0.0,0.0,0.0,0.5551967527422639,1.001173398378679e-05,0.45866291332720394,0.007010359779898188,-6.188280995420244e-05,-0.03505165938726695,0.5544994780317353,3.8164741795656373e-17,0.0006973465829557871,0.23975737983056902,0.0,0.0,1.0,0.0,0.0,0.0,0.0,0.0,0.0,-0.0,0.0,0.0,0.0,0.0,0.0,0.0,0.0,0.055,0.3,0.3,0.0,0.0,0.0,8.942319019093622e-07,0,0,0,0,0,inf,inf,0,0,0.0,1.4895365311517166,-9.347197928371764e-06,0.0022710475205876468,-1.3631811660909682e-05,-1.5822634688482835,8.553804128843839e-05,1.5803508223663716,-0.7853255614818951,-6.086734732873237e-06,0.017741580383697778,-1.2750021934583624e-05,-0.06522640807001868,-0.0001908685420048616,0.06427011543204063,-2.9718672780514807e-05,-0.0007405386024997319,-26.11512536714837,0.0015778996871399636,19.22792713508087,0.7380109403269034,1.8612921099937765,-0.00015265200311427154,-0.0007405386024997319,-26.11512536714837,0.0015778996871399636,19.22792713508087,0.7380109403269034,1.8612921099937765,-0.00015265200311427154
0.2710000000000002,0,0,0,0,0.023226061551175237,0.0,0.0,0.0,0.5552678112728257,9.381175666292131e-06,0.45831040526327704,0.0071779155965615024,-6.396801780101933e-05,-0.03540657875479227,0.5544994780317353,3.8164741795656373e-17,0.0007683905099760985,0.2504302210371828,0.0,0.0,1.0,0.0,0.0,0.0,0.0,0.0,0.0,-0.0,0.0,0.0,0.0,0.0,0.0,0.0,0.0,0.055,0.3,0.3,0.0,0.0,0.0,8.139533025589061e-07,0,0,0,0,0,inf,inf,0,0,0.0,1.4888811400388267,-9.400656397077125e-06,0.002450202043911042,-1.3744285108426122e-05,-1.5829188599611734,8.353834146698113e-05,1.5809990141180388,-0.7853258250099246,-4.790071829821346e-06,0.018048428809216935,-1.006781983318649e-05,-0.06578695626976687,-0.00020703873878049668,0.06525415831602958,-2.3689041334698325e-05,-0.0005643319737791688,-26.145278510966225,0.0019344843674643285,19.242091203428632,0.7383603687975107,1.861808101174525,-0.0001878763449501755,-0.0005643319737791688,-26.145278510966225,0.0019344843674643285,19.242091203428632,0.7383603687975107,1.861808101174525,-0.0001878763449501755
0.2810000000000002,0,0,0,0,0.022866827501158538,0.0,0.0,0.0,0.5553404150402058,8.731390416231055e-06,0.4579546234418115,0.007321779709132981,-6.576105366025636e-05,-0.035711862889039256,0.5544994780317353,3.8164741795656373e-17,0.0008409823359583643,0.2610302698810102,0.0,0.0,1.0,0.0,0.0,0.0,0.0,0.0,0.0,-0.0,0.0,0.0,0.0,0.0,0.0,0.0,0.0,0.055,0.3,0.3,0.0,0.0,0.0,7.39461354346803e-07,0,0,0,0,0,inf,inf,0,0,0.0,1.4882204230708276,-9.442976679024679e-06,0.002632084814245782,-1.3831758199904365e-05,-1.5835795769291725,8.139056344552089e-05,1.581656534943227,-0.7853260315693797,-3.824187057689689e-06,0.018293435948784992,-7.715962597944349e-06,-0.06629772692628794,-0.000220750061512828,0.06614608817509034,-1.8265951324902753e-05,-0.0003887209840204008,-26.17481750395353,0.002293268377627147,19.255719223510678,0.7386905268006803,1.8622414070195226,-0.00022326804917302467,-0.0003887209840204008,-26.17481750395353,0.002293268377627147,19.255719223510678,0.7386905268006803,1.8622414070195226,-0.00022326804917302467
0.2910000000000002,0,0,0,0,0.022504831088246524,0.0,0.0,0.0,0.5554143291951457,8.065177591163304e-06,0.4575960483524737,0.007442351435264781,-6.72836449324019e-05,-0.03597039278466667,0.5544994780317353,3.8164741795656373e-17,0.0009148867133601414,0.2715468143197684,0.0,0.0,1.0,0.0,0.0,0.0,0.0,0.0,0.0,-0.0,0.0,0.0,0.0,0.0,0.0,0.0,0.0,0.055,0.3,0.3,0.0,0.0,0.0,6.706504425836379e-07,0,0,0,0,0,inf,inf,0,0,0.0,1.4875548399094565,-9.477397444250233e-06,0.002816078870826275,-1.3897493960439908e-05,-1.5842451600905436,7.911862200776461e-05,1.5823224952037938,-0.7853261872618923,-3.1759087344112265e-06,0.018476920823190607,-5.686447841493003e-06,-0.0667655806802085,-0.00023212560828917263,0.06695162494016227,-1.345456281503292e-05,-0.0002139901663342992,-26.203675439623442,0.0026533409769804034,19.26880021411278,0.7390013296828366,1.8625989658368411,-0.0002586405887889079,-0.0002139901663342992,-26.203675439623442,0.0026533409769804034,19.26880021411278,0.7390013296828366,1.8625989658368411,-0.0002586405887889079
0.3010000000000002,0,0,0,0,0.022140526870744748,0.0,0.0,0.0,0.5554893234893612,7.38513848486487e-06,0.4572351317500332,0.007540138432082318,-6.85540994713505e-05,-0.036185034012856214,0.5544994780317353,3.8164741795656373e-17,0.000989873007134309,0.28196995806095265,0.0,0.0,1.0,0.0,0.0,0.0,0.0,0.0,0.0,-0.0,0.0,0.0,0.0,0.0,0.0,0.0,0.0,0.055,0.3,0.3,0.0,0.0,0.0,6.074080303132573e-07,0,0,0,0,0,inf,inf,0,0,0.0,1.4868847841333144,-9.507004721685283e-06,0.0030015723985379124,-1.3944652801896765e-05,-1.5849152158666857,7.674518226924577e-05,1.5829960621931167,-0.7853262981906055,-2.8283605760203792e-06,0.018599553227938048,-3.967269248205811e-06,-0.0671969203234486,-0.0002412917311206969,0.06767643593770628,-9.251095757721878e-06,-4.0457461417395675e-05,-26.231792891058426,0.003013762568052919,19.281326769248196,0.7392927846735009,1.862887474329471,-0.00029382027590321713,-4.0457461417395675e-05,-26.231792891058426,0.003013762568052919,19.281326769248196,0.7392927846735009,1.862887474329471,-0.00029382027590321713
0.3110000000000002,0,0,0,0,0.021774340652456314,0.0,0.0,0.0,0.5555651732904872,6.693707920716927e-06,0.45687229687324005,0.007615744312318293,-6.958777290536765e-05,-0.036358625136231976,0.5544994780317353,3.8164741795656373e-17,0.00106571628037296,0.2922905901382536,0.0,0.0,1.0,0.0,0.0,0.0,0.0,0.0,0.0,-0.0,0.0,0.0,0.0,0.0,0.0,0.0,0.0,0.055,0.3,0.3,0.0,0.0,0.0,5.496177232707236e-07,0,0,0,0,0,inf,inf,0,0,0.0,1.4862105877787979,-9.53469843472486e-06,0.0031879620625901045,-1.3976256182201944e-05,-1.5855894122212022,7.429163230654096e-05,1.5836764594714936,-0.785326370376817,-2.761606744057155e-06,0.018662322382990176,-2.5430822828743165e-06,-0.06759769789736145,-0.00024837710429394396,0.06832611108534628,-5.6439224370679645e-06,0.0001315309578093501,-26.25911763820555,0.003373573455636882,19.293294811106662,0.7395649838386704,1.8631133766208732,-0.00032864644152460717,0.0001315309578093501,-26.25911763820555,0.003373573455636882,19.293294811106662,0.7395649838386704,1.8631133766208732,-0.00032864644152460717
0.32100000000000023,0,0,0,0,0.021406669822763846,0.0,0.0,0.0,0.555641660476494,5.9931813534040755e-06,0.45650793877401513,0.007669856869190124,-7.039750378363874e-05,-0.03649396712297095,0.5544994780317353,3.8164741795656373e-17,0.0011421981681554844,0.30250035473530873,0.0,0.0,1.0,0.0,0.0,0.0,0.0,0.0,0.0,-0.0,0.0,0.0,0.0,0.0,0.0,0.0,0.0,0.055,0.3,0.3,0.0,0.0,0.0,4.971618153504689e-07,0,0,0,0,0,inf,inf,0,0,0.0,1.4855325258005505,-9.563165158541816e-06,0.003374656034195286,-1.3995156672466588e-05,-1.5862674741994496,7.177806480430938e-05,1.584362965967472,-0.7853264096872953,-2.9532550750534143e-06,0.018666506416716758,-1.395824482201211e-06,-0.06797342348730179,-0.000253511847226599,0.06890614060989272,-2.614613530033749e-06,0.00030160593018861486,-26.285604382249012,0.003731802344452445,19.30470334704992,0.739818097213552,1.8632828553200014,-0.00036297151420162384,0.00030160593018861486,-26.285604382249012,0.003731802344452445,19.30470334704992,0.739818097213552,1.8632828553200014,-0.00036297151420162384
0.33100000000000024,0,0,0,0,0.02103788379693161,0.0,0.0,0.0,0.5557185742156877,5.285737795486565e-06,0.45614242474714883,0.007703236914116957,-7.099401594824434e-05,-0.03659381372783879,0.5544994780317353,3.8164741795656373e-17,0.0012191076428074111,0.3125916212722039,0.0,0.0,1.0,0.0,0.0,0.0,0.0,0.0,0.0,-0.0,0.0,0.0,0.0,0.0,0.0,0.0,0.0,0.055,0.3,0.3,0.0,0.0,0.0,4.4992289751654967e-07,0,0,0,0,0,inf,inf,0,0,0.0,1.484850820435562,-9.594856673780665e-06,0.003561076716101801,-1.4004013974978682e-05,-1.5869491795644382,6.922326716852321e-05,1.585054914869688,-0.7853264217717829,-3.3790172828385613e-06,0.01861364277411528,-5.052898831138572e-07,-0.06832917551742451,-0.0002568267029595689,0.06942189517201153,-1.3893357338905823e-07,0.00046938054643837164,-26.311214449359923,0.0040874745106380264,19.31555423139125,0.7400523661263804,1.8634018244954134,-0.00039666100530160825,0.00046938054643837164,-26.311214449359923,0.0040874745106380264,19.31555423139125,0.7400523661263804,1.8634018244954134,-0.00039666100530160825
0.34100000000000025,0,0,0,0,0.020668324547137962,0.0,0.0,0.0,0.5557957116384319,4.5734589047275474e-06,0.4557760948510128,0.007716707727727897,-7.138628792992004e-05,-0.03666086280693149,0.5544994780317353,3.8164741795656373e-17,0.0012962416748647121,0.3225574547727258,0.0,0.0,1.0,0.0,0.0,0.0,0.0,0.0,0.0,-0.0,0.0,0.0,0.0,0.0,0.0,0.0,0.0,0.055,0.3,0.3,0.0,0.0,0.0,4.0778391496625953e-07,0,0,0,0,0,inf,inf,0,0,0.0,1.4841656454569367,-9.631973882582298e-06,0.0037466631776607836,-1.4005276432807638e-05,-1.5876343545430633,6.664471954530147e-05,1.5857516923326513,-0.7853264120101588,-4.013225531706372e-06,0.01850549962703643,1.5034246991412827e-07,-0.06866961236084429,-0.0002584522729974942,0.06987860828246681,1.812217501904698e-06,0.0006344553212749049,-26.335915485991023,0.004439619591813798,19.325851932627558,0.7402680967243567,1.8634759244292407,-0.000429593408802624,0.0006344553212749049,-26.335915485991023,0.004439619591813798,19.325851932627558,0.7402680967243567,1.8634759244292407,-0.000429593408802624
0.35100000000000026,0,0,0,0,0.020298307215098177,0.0,0.0,0.0,0.5558728784067146,3.858344556619404e-06,0.45540926251014,0.007711145121402671,-7.158188951899967e-05,-0.03669774853204147,0.5544994780317353,3.8164741795656373e-17,0.0013734057946638118,0.33239158653487233,0.0,0.0,1.0,0.0,0.0,0.0,0.0,0.0,0.0,-0.0,0.0,0.0,0.0,0.0,0.0,0.0,0.0,0.055,0.3,0.3,0.0,0.0,0.0,3.706258697435328e-07,0,0,0,0,0,inf,inf,0,0,0.0,1.4834771303051422,-9.676455649822923e-06,0.003930873309820057,-1.400116757319287e-05,-1.588322869694858,6.405860017970847e-05,1.5864527360187624,-0.7853263854687068,-4.829305303148083e-06,0.018344048352537785,5.940256354615621e-07,-0.06899898509113654,-0.0002585183088277056,0.07028136089571382,3.271919319003908e-06,0.00079642323949781,-26.35968114775173,0.004787278947534786,19.335603306727307,0.740465653710511,1.8635105180287004,-0.0004616600231382549,0.00079642323949781,-26.35968114775173,0.004787278947534786,19.335603306727307,0.740465653710511,1.8635105180287004,-0.0004616600231382549
0.36100000000000027,0,0,0,0,0.019928120797468862,0.0,0.0,0.0,0.5559498891876368,3.142325231935514e-06,0.4550422151908628,0.007687468103734301,-7.158728597161212e-05,-0.03670703446982468,0.5544994780317353,3.8164741795656373e-17,0.0014504145598315623,0.34208838512926587,0.0,0.0,1.0,0.0,0.0,0.0,0.0,0.0,0.0,-0.0,0.0,0.0,0.0,0.0,0.0,0.0,0.0,0.055,0.3,0.3,0.0,0.0,0.0,3.3832231074544415e-07,0,0,0,0,0,inf,inf,0,0,0.0,1.4827853640862356,-9.729972134206753e-06,0.004113185711038728,-1.399367723176318e-05,-1.5890146359137645,6.147979754764972e-05,1.5871575334977066,-0.7853263468649166,-5.800204928307285e-06,0.018131437134582703,8.494068694005376e-07,-0.069321151211598,-0.0002571530600871137,0.07063506806752962,4.276404298618811e-06,0.0009548746264909952,-26.382490783766663,0.005129512551351351,19.344817377007583,0.7406454543003939,1.8635106887734127,-0.0004927647027461598,0.0009548746264909952,-26.382490783766663,0.005129512551351351,19.344817377007583,0.7406454543003939,1.8635106887734127,-0.0004927647027461598
0.3710000000000003,0,0,0,0,0.019558028895594326,0.0,0.0,0.0,0.5560265680368379,2.427271535602632e-06,0.45467521514156417,0.007646630143804681,-7.140811057684578e-05,-0.0366912074903131,0.5544994780317353,3.8164741795656373e-17,0.0015270919341452617,0.3516428277517347,0.0,0.0,1.0,0.0,0.0,0.0,0.0,0.0,0.0,-0.0,0.0,0.0,0.0,0.0,0.0,0.0,0.0,0.055,0.3,0.3,0.0,0.0,0.0,3.1073004587050845e-07,0,0,0,0,0,inf,inf,0,0,0.0,1.4820903994281416,-9.79392217972961e-06,0.004293101315611523,-1.398455681265958e-05,-1.5897096005718585,5.892192869609491e-05,1.5878656205232597,-0.7853263005402255,-6.898782540137006e-06,0.0178699657340687,9.404337680250522e-07,-0.06963958920875112,-0.0002544826790129899,0.07094446756447377,4.864290341154977e-06,0.0011094017998240955,-26.404329118294857,0.005465405382585334,19.353505121070707,0.7408079624056392,1.8634812400830878,-0.0005228235466805271,0.0011094017998240955,-26.404329118294857,0.005465405382585334,19.353505121070707,0.7408079624056392,1.8634812400830878,-0.0005228235466805271
0.3810000000000003,0,0,0,0,0.0191882705214923,0.0,0.0,0.0,0.5561027486977678,1.7150011609386553e-06,0.45430850018943814,0.007589611020994728,-7.10494065395788e-05,-0.03665267246879726,0.5544994780317353,3.8164741795656373e-17,0.0016032715832912613,0.3610504719590137,0.0,0.0,1.0,0.0,0.0,0.0,0.0,0.0,0.0,-0.0,0.0,0.0,0.0,0.0,0.0,0.0,0.0,0.055,0.3,0.3,0.0,0.0,0.0,2.876764121377375e-07,0,0,0,0,0,inf,inf,0,0,0.0,1.481392256187539,-9.869434347377723e-06,0.004470144776288547,-1.3975318250480234e-05,-1.590407743812461,5.639736323224457e-05,1.5885765792063966,-0.7853262504401025,-8.098151519737539e-06,0.017562061462597076,8.910032567814693e-07,-0.06995741378629607,-0.0002506306805083331,0.07121411031429399,5.075873482734195e-06,0.0012596034646516106,-26.42518593126053,0.00579407329297613,19.3616792652061,0.7409536830506012,1.863426695992976,-0.0005517645310322642,0.0012596034646516106,-26.42518593126053,0.00579407329297613,19.3616792652061,0.7409536830506012,1.863426695992976,-0.0005517645310322642
0.3910000000000003,0,0,0,0,0.01881906095235264,0.0,0.0,0.0,0.5561782748226147,1.007283598330733e-06,0.4539422845860306,0.007517409249152185,-7.051583932691282e-05,-0.03659374774471063,0.5544994780317353,3.8164741795656373e-17,0.001678797093066165,0.3703074278161039,0.0,0.0,1.0,0.0,0.0,0.0,0.0,0.0,0.0,-0.0,0.0,0.0,0.0,0.0,0.0,0.0,0.0,0.055,0.3,0.3,0.0,0.0,0.0,2.6894505191761867e-07,0,0,0,0,0,inf,inf,0,0,0.0,1.4806909250012945,-9.957371179173321e-06,0.0046438656133806116,-1.3967236253323352e-05,-1.5911090749987056,5.3917252410459307e-05,1.5892900361025197,-0.7853262001008786,-9.371985776428362e-06,0.017210256386455666,7.246519858661994e-07,-0.07027739164512412,-0.0002457174568823696,0.07144835258784284,4.9524804927059185e-06,0.001405088823213477,-26.445055739229872,0.0061146683313564884,19.369354086605522,0.74108315702654,1.8633513030286786,-0.0005795270927509444,0.001405088823213477,-26.445055739229872,0.0061146683313564884,19.369354086605522,0.74108315702654,1.8633513030286786,-0.0005795270927509444
0.4010000000000003,0,0,0,0,0.01845059262618093,0.0,0.0,0.0,0.5562530001205512,3.058428771710042e-07,0.4535767598941909,0.007431035061316846,-6.981188078111041e-05,-0.03651666130086447,0.5544994780317353,3.8164741795656373e-17,0.0017535221154879569,0.379410330484751,0.0,0.0,1.0,0.0,0.0,0.0,0.0,0.0,0.0,-0.0,0.0,0.0,0.0,0.0,0.0,0.0,0.0,0.055,0.3,0.3,0.0,0.0,0.0,2.542640547258241e-07,0,0,0,0,0,inf,inf,0,0,0.0,1.4799863706776855,-1.0058336301311654e-05,0.0048138391427586585,-1.3961353421751445e-05,-1.5918136293223146,5.1491562776642384e-05,1.5900056602295285,-0.7853261526427209,-1.0694786418999065e-05,0.01681716577896445,4.6428648808499176e-07,-0.07060195768411379,-0.0002398598460484079,0.07165134980476574,4.535880903345014e-06,0.001545481372929419,-26.463937478242716,0.006426383514143819,19.376545223675304,0.7411969557884034,1.863259033175124,-0.0006060616706104272,0.001545481372929419,-26.463937478242716,0.006426383514143819,19.376545223675304,0.7411969557884034,1.863259033175124,-0.0006060616706104272
0.4110000000000003,0,0,0,0,0.018083036071592895,0.0,0.0,0.0,0.556326788438832,-3.876413842992615e-07,0.4532120959094368,0.007331503939808628,-6.894196643983803e-05,-0.03642354762623056,0.5544994780317353,3.8164741795656373e-17,0.001827310448213387,0.3883563132822527,0.0,0.0,1.0,0.0,0.0,0.0,0.0,0.0,0.0,-0.0,0.0,0.0,0.0,0.0,0.0,0.0,0.0,0.055,0.3,0.3,0.0,0.0,0.0,2.4330140985665296e-07,0,0,0,0,0,inf,inf,0,0,0.0,1.4792785354238471,-1.0172683989684095e-05,0.00497966719529445,-1.395848785590851e-05,-1.592521464576153,4.912911384311537e-05,1.5907231610323749,-0.7853261107681649,-1.2042111547558373e-05,0.01638546783161245,1.319512829240274e-07,-0.07093323150526575,-0.00023317075177586798,0.07182705185708722,3.867757500645746e-06,0.0016804223742257912,-26.481834189801432,0.0067284570368302985,19.383269494681258,0.7412956765953226,1.863153587840692,-0.0006313292105411102,0.0016804223742257912,-26.481834189801432,0.0067284570368302985,19.383269494681258,0.7412956765953226,1.863153587840692,-0.0006313292105411102
0.4210000000000003,0,0,0,0,0.017716540865121755,0.0,0.0,0.0,0.556399513782108,-1.0715343626269388e-06,0.45284844160909543,0.007219830675320601,-6.791062759232787e-05,-0.03631644522541854,0.5544994780317353,3.8164741795656373e-17,0.0019000360525211473,0.39714298123938685,0.0,0.0,1.0,0.0,0.0,0.0,0.0,0.0,0.0,-0.0,0.0,0.0,0.0,0.0,0.0,0.0,0.0,0.055,0.3,0.3,0.0,0.0,0.0,2.3567162659739808e-07,0,0,0,0,0,inf,inf,0,0,0.0,1.4785673419070018,-1.0300530839151818e-05,0.005140978640354122,-1.3959242881996851e-05,-1.5932326580929983,4.68376192823491e-05,1.5914422863087214,-0.785326076765627,-1.3390771029882348e-05,0.015917884627271006,-2.513670311653932e-07,-0.07127303411527605,-0.00022575881433975899,0.07197919984693289,2.9892339186367576e-06,0.0018095739743145152,-26.498752711202933,0.007020175926542033,19.38954472490181,0.7413799378985322,1.8630384027180764,-0.0006553006407985645,0.0018095739743145152,-26.498752711202933,0.007020175926542033,19.38954472490181,0.7413799378985322,1.8630384027180764,-0.0006553006407985645
0.4310000000000003,0,0,0,0,0.017351236609783216,0.0,0.0,0.0,0.5564710602751493,-1.7442476002936155e-06,0.45248592612296085,0.007097023937664612,-6.67225996888537e-05,-0.0361972947380744,0.5544994780317353,3.8164741795656373e-17,0.001971583014976799,0.40576838518531033,0.0,0.0,1.0,0.0,0.0,0.0,0.0,0.0,0.0,-0.0,0.0,0.0,0.0,0.0,0.0,0.0,0.0,0.055,0.3,0.3,0.0,0.0,0.0,2.309538230592906e-07,0,0,0,0,0,inf,inf,0,0,0.0,1.4778526961480616,-1.0441769197151058e-05,0.005297429725952461,-1.3964018549544627e-05,-1.5939473038519385,4.462373114530249e-05,1.5921628201092775,-0.785326052517335,-1.4718988227380328e-05,0.015417164372189795,-6.659017686146966e-07,-0.07162290472393334,-0.00021772812977779928,0.07211132413684497,1.940457655428505e-06,0.0019326219770815958,-26.514703371296363,0.0073008791403087,19.395389582420943,0.7414503749760704,1.8629166534513273,-0.000677956322966652,0.0019326219770815958,-26.514703371296363,0.0073008791403087,19.395389582420943,0.7414503749760704,1.8629166534513273,-0.000677956322966652
0.44100000000000034,0,0,0,0,0.016987233928999756,0.0,0.0,0.0,0.5565413220740045,-2.404241540592659e-06,0.4521246597195693,0.0069640813400307765,-6.53829087625982e-05,-0.036067937631609225,0.5544994780317353,3.8164741795656373e-17,0.002041845457748419,0.41423099638607763,0.0,0.0,1.0,0.0,0.0,0.0,0.0,0.0,0.0,-0.0,0.0,0.0,0.0,0.0,0.0,0.0,0.0,0.055,0.3,0.3,0.0,0.0,0.0,2.2871719899603406e-07,0,0,0,0,0,inf,inf,0,0,0.0,1.477134490247147,-1.0596082042267663e-05,0.005448704248109203,-1.3973024572100288e-05,-1.594665509752853,4.249308662901872e-05,1.5928845806253935,-0.7853260395111309,-1.6006530704472276e-05,0.01488606487745111,-1.0932363873198089e-06,-0.07198411754773511,-0.00020917801578104777,0.07222674361366173,7.602365061548903e-07,0.0020492782550343316,-26.529699692642108,0.007569960119255247,19.400823422641004,0.7415076358149836,1.8627912620195202,-0.0006992854845015179,0.0020492782550343316,-26.529699692642108,0.007569960119255247,19.400823422641004,0.7415076358149836,1.8627912620195202,-0.0006992854845015179
0.45100000000000035,0,0,0,0,0.016624625470353205,0.0,0.0,0.0,0.5566102032304217,-3.0500288120366396e-06,0.4517647348025588,0.006821984977973211,-6.389693755796343e-05,-0.035930115430958864,0.5544994780317353,3.8164741795656373e-17,0.0021107274023533726,0.4225296817623067,0.0,0.0,1.0,0.0,0.0,0.0,0.0,0.0,0.0,-0.0,0.0,0.0,0.0,0.0,0.0,0.0,0.0,0.055,0.3,0.3,0.0,0.0,0.0,2.2854721696763716e-07,0,0,0,0,0,inf,inf,0,0,0.0,1.4764126049414346,-1.076295900901605e-05,0.005594513561824724,-1.3986294405874987e-05,-1.5953873950585655,4.0450356938584566e-05,1.593607418075517,-0.7853260388556285,-1.723481199935414e-05,0.014327338275054998,-1.5164051714082311e-06,-0.07235769853485295,-0.0002002028221245067,0.07232856606954396,-5.142738234347306e-07,0.002159282802142261,-26.54375810095031,0.007826868811818334,19.405866141553908,0.7415523772402037,1.862664903752896,-0.0007192856375273716,0.002159282802142261,-26.54375810095031,0.007826868811818334,19.405866141553908,0.7415523772402037,1.862664903752896,-0.0007192856375273716
0.46100000000000035,0,0,0,0,0.016263486913999592,0.0,0.0,0.0,0.5566776175141795,-3.6801780700176736e-06,0.45140622691194526,0.006671697423834398,-6.227047307310234e-05,-0.0357854694494741,0.5544994780317353,3.8164741795656373e-17,0.002178142591451083,0.4306636797096447,0.0,0.0,1.0,0.0,0.0,0.0,0.0,0.0,0.0,-0.0,0.0,0.0,0.0,0.0,0.0,0.0,0.0,0.055,0.3,0.3,0.0,0.0,0.0,2.300664158641753e-07,0,0,0,0,0,inf,inf,0,0,0.0,1.4756869119965468,-1.0941713280975136e-05,0.005734596445916294,-1.4003700183200996e-05,-1.5961130880034533,3.849929781003188e-05,1.5943312126011655,-0.7853260512982226,-1.8386966555391283e-05,0.013743716948812592,-1.9199666137983105e-06,-0.07274444193504731,-0.00019089178343902155,0.07241968960652936,-1.847833356296952e-06,0.002262405430489069,-26.55689764258155,0.00807111318329515,19.410538037769,0.7415852612875851,1.862540014902169,-0.0007379619890871769,0.002262405430489069,-26.55689764258155,0.00807111318329515,19.410538037769,0.7415852612875851,1.862540014902169,-0.0007379619890871769
0.47100000000000036,0,0,0,0,0.01590387798092685,0.0,0.0,0.0,0.5567434881977743,-4.293318222053357e-06,0.45104919572549285,0.006514158156959531,-6.0509737211761255e-05,-0.035635540985534064,0.5544994780317353,3.8164741795656373e-17,0.002244014273098077,0.4386325765442661,0.0,0.0,1.0,0.0,0.0,0.0,0.0,0.0,0.0,-0.0,0.0,0.0,0.0,0.0,0.0,0.0,0.0,0.055,0.3,0.3,0.0,0.0,0.0,2.329466927386038e-07,0,0,0,0,0,inf,inf,0,0,0.0,1.4749572764334264,-1.1131499095436609e-05,0.005868718833732771,-1.402496824021247e-05,-1.5968427235665736,3.6642801283420155e-05,1.5950558721821446,-0.7853260772454801,-1.94478999116759e-05,0.013137900655731734,-2.2900517546025784e-06,-0.07314492664531286,-0.00018132891201624524,0.07250280497396992,-3.2073353612511834e-06,0.0023584471176191866,-26.56913971079657,0.008302260232435188,19.414859683254654,0.741606951819524,1.8624188006835192,-0.0007553268471978678,0.0023584471176191866,-26.56913971079657,0.008302260232435188,19.414859683254654,0.741606951819524,1.8624188006835192,-0.0007553268471978678
0.48100000000000037,0,0,0,0,0.015545843436597817,0.0,0.0,0.0,0.5568077478077152,-4.888142871391269e-06,0.45069368605571924,0.006350280409790157,-5.8621402228922424e-05,-0.03548177195006659,0.5544994780317353,3.8164741795656373e-17,0.0023082749516995116,0.4464362835930866,0.0,0.0,1.0,0.0,0.0,0.0,0.0,0.0,0.0,-0.0,0.0,0.0,0.0,0.0,0.0,0.0,0.0,0.055,0.3,0.3,0.0,0.0,0.0,2.369130826344019e-07,0,0,0,0,0,inf,inf,0,0,0.0,1.474223558593276,-1.1331329623633581e-05,0.00599667342149989,-1.4049695000684946e-05,-1.5975764414067242,3.488294833861618e-05,1.595781330579869,-0.7853261167854645,-2.0404316235863796e-05,0.012512544809549888,-2.6143897231354596e-06,-0.07355953226894663,-0.00017159292830225427,0.07258039875126167,-4.561980470720981e-06,0.0024472410131630468,-26.58050778135851,0.008519936537455789,19.418851802719168,0.7416181113792831,1.8623032437275238,-0.0007713990268295703,0.0024472410131630468,-26.58050778135851,0.008519936537455789,19.418851802719168,0.7416181113792831,1.8623032437275238,-0.0007713990268295703
0.4910000000000004,0,0,0,0,0.015189414085861386,0.0,0.0,0.0,0.5568703378464712,-5.463414841506834e-06,0.4503397288384163,0.00618094840979028,-5.661259261163768e-05,-0.035325505890833823,0.5544994780317353,3.8164741795656373e-17,0.002370866109680491,0.45407501494769686,0.0,0.0,1.0,0.0,0.0,0.0,0.0,0.0,0.0,-0.0,0.0,0.0,0.0,0.0,0.0,0.0,0.0,0.055,0.3,0.3,0.0,0.0,0.0,2.417410859695793e-07,0,0,0,0,0,inf,inf,0,0,0.0,1.4734856160437502,-1.1540095011282317e-05,0.006118279165744857,-1.4077363000294334e-05,-1.59831438395625,3.3221062030177015e-05,1.596507545316755,-0.7853261697115769,-2.1244725249761043e-05,0.011870249894506014,-2.8823127003082084e-06,-0.07398845483234794,-0.00016175722665435908,0.07265475729151566,-5.883410243909535e-06,0.0025286531172506272,-26.591027158001488,0.008723828357330852,19.42253516152246,0.7416193982802536,1.8621951128648666,-0.0007862032599222178,0.0025286531172506272,-26.591027158001488,0.008723828357330852,19.42253516152246,0.7416193982802536,1.8621951128648666,-0.0007862032599222178
0.5010000000000003,0,0,0,0,0.014834607755347562,0.0,0.0,0.0,0.5569312084889236,-6.017970650483729e-06,0.4499873421088977,0.006007014997103073,-5.4490874997968085e-05,-0.03516798938010009,0.5544994780317353,3.8164741795656373e-17,0.002431737903719946,0.46154926589718537,0.0,0.0,1.0,0.0,0.0,0.0,0.0,0.0,0.0,-0.0,0.0,0.0,0.0,0.0,0.0,0.0,0.0,0.055,0.3,0.3,0.0,0.0,0.0,2.472501782741717e-07,0,0,0,0,0,inf,inf,0,0,0.0,1.4727433053300942,-1.175658038444389e-05,0.006233380680912379,-1.4107356857490382e-05,-1.5990566946699059,3.165776078207915e-05,1.5972344956988616,-0.7853262355475215,-2.195943055453828e-05,0.011213551974313249,-3.0847424735245447e-06,-0.07443172211018896,-0.00015188987392853563,0.07272797134511534,-7.145803057618946e-06,0.0026025826448509712,-26.600724728203506,0.008913681315499255,19.425930461981235,0.7416114639260017,1.862095972182518,-0.0007997696125444328,0.0026025826448509712,-26.600724728203506,0.008913681315499255,19.425930461981235,0.7416114639260017,1.862095972182518,-0.0007997696125444328
0.5110000000000003,0,0,0,0,0.014481430259899009,0.0,0.0,0.0,0.5569903182569729,-6.550724828139388e-06,0.44963653196252595,0.005829299597867137,-5.226423767643432e-05,-0.03501037373313673,0.5544994780317353,3.8164741795656373e-17,0.002490848839182634,0.4688597920548241,0.0,0.0,1.0,0.0,0.0,0.0,0.0,0.0,0.0,-0.0,0.0,0.0,0.0,0.0,0.0,0.0,0.0,0.055,0.3,0.3,0.0,0.0,0.0,2.532957784857375e-07,0,0,0,0,0,inf,inf,0,0,0.0,1.4719964835753887,-1.1979483645484525e-05,0.006341847547918535,-1.413897901857462e-05,-1.5998035164246114,3.0193011527515718e-05,1.5979621808881384,-0.7853263135730387,-2.2540501307120328e-05,0.010544914258582568,-3.214160694962299e-06,-0.07488920851563301,-0.00014205363843426515,0.07280194128548707,-8.32593525358353e-06,0.0026689620919365478,-26.60962872961937,0.009089299694228233,19.42905824790271,0.7415949503554411,1.862007190291284,-0.000812132912860765,0.0026689620919365478,-26.60962872961937,0.009089299694228233,19.42905824790271,0.7415949503554411,1.862007190291284,-0.000812132912860765
0.5210000000000004,0,0,0,0,0.01412987634990892,0.0,0.0,0.0,0.5570476336757411,-7.060673975345374e-06,0.4492872934963824,0.005648586533237674,-4.9941061149665994e-05,-0.03485371702591836,0.5544994780317353,3.8164741795656373e-17,0.002548165426183227,0.47600758918955316,0.0,0.0,1.0,0.0,0.0,0.0,0.0,0.0,0.0,-0.0,0.0,0.0,0.0,0.0,0.0,0.0,0.0,0.055,0.3,0.3,0.0,0.0,0.0,2.597612405295457e-07,0,0,0,0,0,inf,inf,0,0,0.0,1.4712450099344658,-1.2207432903082044e-05,0.0064435735439984446,-1.4171465125286928e-05,-1.6005549900655343,2.8826182403574292e-05,1.5986906180298954,-0.7853264028500705,-2.2981729134985434e-05,0.00986671968663731,-3.2645648806489324e-06,-0.07536064951802006,-0.000132306046811178,0.07287838286289344,-9.403210465281147e-06,0.002727757021061858,-26.61776852746221,0.009250545369309613,19.431938817160482,0.7415704880076783,1.8619299497478166,-0.0008233321921422174,0.002727757021061858,-26.61776852746221,0.009250545369309613,19.431938817160482,0.7415704880076783,1.8619299497478166,-0.0008233321921422174
0.5310000000000004,0,0,0,0,0.01377993063674443,0.0,0.0,0.0,0.5571031289146209,-7.546900489184865e-06,0.4489396117292582,0.0054656236443405845,-4.75300811702239e-05,-0.03469898638133349,0.5544994780317353,3.8164741795656373e-17,0.002603661820524704,0.4829938737734849,0.0,0.0,1.0,0.0,0.0,0.0,0.0,0.0,0.0,-0.0,0.0,0.0,0.0,0.0,0.0,0.0,0.0,0.055,0.3,0.3,0.0,0.0,0.0,2.6655074888647385e-07,0,0,0,0,0,inf,inf,0,0,0.0,1.4704887469063956,-1.2439003398714694e-05,0.006538475803792121,-1.4203998873130454e-05,-1.6013112530936044,2.7556094735005764e-05,1.5994198404403843,-0.7853265022490584,-2.327857210567882e-05,0.00918126448672574,-3.2314121043361153e-06,-0.07584565555587813,-0.0001226994663832442,0.07295883341557903,-1.0359660033720853e-05,0.0027789655864249438,-26.62517440304738,0.009397336416452068,19.43459214210184,0.7415386937009903,1.8618652565778602,-0.000833410142147007,0.0027789655864249438,-26.62517440304738,0.009397336416452068,19.43459214210184,0.7415386937009903,1.8618652565778602,-0.000833410142147007
0.5410000000000004,0,0,0,0,0.013431568493743051,0.0,0.0,0.0,0.5571567854162296,-8.008575880942126e-06,0.44859346249745047,0.00528112121362179,-4.504034558542751e-05,-0.034547060494258375,0.5544994780317353,3.8164741795656373e-17,0.002657319452564125,0.48982006425117197,0.0,0.0,1.0,0.0,0.0,0.0,0.0,0.0,0.0,-0.0,0.0,0.0,0.0,0.0,0.0,0.0,0.0,0.055,0.3,0.3,0.0,0.0,0.0,2.735834913363199e-07,0,0,0,0,0,inf,inf,0,0,0.0,1.4697275615107501,-1.2672733809804225e-05,0.00662649392118401,-1.4235726247693074e-05,-1.60207243848925,2.6381074065548705e-05,1.6001498958586906,-0.7853266104750999,-2.3428087489093258e-05,0.008490752667064753,-3.111552246481746e-06,-0.07634372541827103,-0.00011328121059263876,0.07304465847111695,-1.1179917376364334e-05,0.0028226178172369686,-26.631877353651973,0.009529645419035157,19.437037797558798,0.741500168818603,1.861813949851239,-0.0008424125903951842,0.0028226178172369686,-26.631877353651973,0.009529645419035157,19.437037797558798,0.741500168818603,1.861813949851239,-0.0008424125903951842
0.5510000000000004,0,0,0,0,0.013084756930545005,0.0,0.0,0.0,0.5572085915161141,-8.44496363625511e-06,0.44824881332412125,0.00509575116336326,-4.248116624329825e-05,-0.034398732366912786,0.5544994780317353,3.8164741795656373e-17,0.0027091266468465738,0.49648776303863823,0.0,0.0,1.0,0.0,0.0,0.0,0.0,0.0,0.0,-0.0,0.0,0.0,0.0,0.0,0.0,0.0,0.0,0.055,0.3,0.3,0.0,0.0,0.0,2.8078916314337165e-07,0,0,0,0,0,inf,inf,0,0,0.0,1.4689613263330792,-1.2907141826618665e-05,0.006707589000969042,-1.4265769044285746e-05,-1.602838673666921,2.529900001907644e-05,1.600880844766486,-0.7853267260937187,-2.3428854968361546e-05,0.007797291393915573,-2.9031525588578615e-06,-0.07685425907233463,-0.00010409366514559353,0.07313705867440871,-1.1851169110627932e-05,0.002858774681280164,-26.637908903778317,0.009647497509351649,19.439294896218165,0.7414554976951364,1.8617767112637114,-0.0008503879957677598,0.002858774681280164,-26.637908903778317,0.009647497509351649,19.439294896218165,0.7414554976951364,1.8617767112637114,-0.0008503879957677598
0.5610000000000004,0,0,0,0,0.012739455438829705,0.0,0.0,0.0,0.5572585420558845,-8.855421571596883e-06,0.4479056242602858,0.004910146512479997,-3.9862067130913166e-05,-0.034254712227036896,0.5544994780317353,3.8164741795656373e-17,0.0027590782351803625,0.5029987392534249,0.0,0.0,1.0,0.0,0.0,0.0,0.0,0.0,0.0,-0.0,0.0,0.0,0.0,0.0,0.0,0.0,0.0,0.055,0.3,0.3,0.0,0.0,0.0,2.881046844078098e-07,0,0,0,0,0,inf,inf,0,0,0.0,1.4681899204452464,-1.314073891612646e-05,0.00678174266896468,-1.429323759324599e-05,-1.6036100795547537,2.43073547961646e-05,1.6016127587785767,-0.7853268475560302,-2.3280891869184775e-05,0.007102887210975107,-2.6056152001240316e-06,-0.07737656991941086,-9.517443256506338e-05,0.07323707698233779,-1.2363085653670036e-05,0.002887526949067132,-26.643300927853293,0.009750968173277225,19.441382031090214,0.7414052461957145,1.861754074681836,-0.0008573869657806405,0.002887526949067132,-26.643300927853293,0.009750968173277225,19.441382031090214,0.7414052461957145,1.861754074681836,-0.0008573869657806405
0.5710000000000004,0,0,0,0,0.012395616807762466,0.0,0.0,0.0,0.5573066379922553,-9.23940365713807e-06,0.44756384869573085,0.004724901073111966,-3.7192729828975655e-05,-0.03411563060258158,0.5544994780317353,3.8164741795656373e-17,0.0028071751656294805,0.509354912178907,0.0,0.0,1.0,0.0,0.0,0.0,0.0,0.0,0.0,-0.0,0.0,0.0,0.0,0.0,0.0,0.0,0.0,0.055,0.3,0.3,0.0,0.0,0.0,2.9547193623868146e-07,0,0,0,0,0,inf,inf,0,0,0.0,1.467413230206405,-1.3372044201201542e-05,0.006848956048727697,-1.4317242629204756e-05,-1.6043867697935952,2.3403270134416012e-05,1.6023457191065986,-0.7853269732231136,-2.298556188764572e-05,0.006409443053751999,-2.2194892871645483e-06,-0.07790989646644123,-8.655649290775914e-05,0.07334560606865446,-1.2707733935218524e-05,0.0029089938809150544,-26.64808548434357,0.009840180849624567,19.443317224806496,0.7413499604811216,1.8617464356134423,-0.0008634617970583858,0.0029089938809150544,-26.64808548434357,0.009840180849624567,19.443317224806496,0.7413499604811216,1.8617464356134423,-0.0008634617970583858
0.5810000000000004,0,0,0,0,0.012053187907743013,0.0,0.0,0.0,0.5573528860042865,-9.596461284301344e-06,0.44722343413845084,0.004540569368952392,-3.448293728074114e-05,-0.03398204152779077,0.5544994780317353,3.8164741795656373e-17,0.0028534241097123683,0.5155583354619176,0.0,0.0,1.0,0.0,0.0,0.0,0.0,0.0,0.0,-0.0,0.0,0.0,0.0,0.0,0.0,0.0,0.0,0.055,0.3,0.3,0.0,0.0,0.0,3.0283630421677264e-07,0,0,0,0,0,inf,inf,0,0,0.0,1.466631149950525,-1.3599597397885343e-05,0.006909248712569028,-1.4336906257456091e-05,-1.6051688500494752,2.258357258287204e-05,1.6030798150976704,-0.7853271013894241,-2.254547870662966e-05,0.005718756012256879,-1.746378896478079e-06,-0.0784534134032543,-7.82683784749568e-05,0.0734633958861788,-1.287947473721588e-05,0.00292332175842255,-26.652294661211847,0.009915304354035412,19.445117885462775,0.7412901659508031,1.8617540605669038,-0.000868666040286367,0.00292332175842255,-26.652294661211847,0.009915304354035412,19.445117885462775,0.7412901659508031,1.8617540605669038,-0.000868666040286367
0.5910000000000004,0,0,0,0,0.011712110441267742,0.0,0.0,0.0,0.557397298100953,-9.926243965058145e-06,0.4468843229614109,0.004357666757736771,-3.17425167860253e-05,-0.03385442585676174,0.5544994780317353,3.8164741795656373e-17,0.002897837069933372,0.5216111820411694,0.0,0.0,1.0,0.0,0.0,0.0,0.0,0.0,0.0,-0.0,0.0,0.0,0.0,0.0,0.0,0.0,0.0,0.055,0.3,0.3,0.0,0.0,0.0,3.1014583021655543e-07,0,0,0,0,0,inf,inf,0,0,0.0,1.4658435825664426,-1.3821970766802793e-05,0.006962657614092665,-1.4351371984283225e-05,-1.6059564174335574,2.184482696215323e-05,1.6038151428492982,-0.7853272303051052,-2.1964405798115232e-05,0.005032515795258177,-1.1888483356778826e-06,-0.07900624208005923,-7.033436043311045e-05,0.07359106133694762,-1.287484707547037e-05,0.002930682280788118,-26.65596043259924,0.00997655015556175,19.446800768719385,0.7412263663553937,1.8617770962672997,-0.0008730540899469257,0.002930682280788118,-26.65596043259924,0.00997655015556175,19.446800768719385,0.7412263663553937,1.8617770962672997,-0.0008730540899469257
0.6010000000000004,0,0,0,0,0.011372321659970819,0.0,0.0,0.0,0.5574398912309865,-1.0228499462409768e-05,0.4465464531156954,0.004176669740804227,-2.8981283043915094e-05,-0.03373319466180213,0.5544994780317353,3.8164741795656373e-17,0.0029404309895884207,0.5275157298030447,0.0,0.0,1.0,0.0,0.0,0.0,0.0,0.0,0.0,-0.0,0.0,0.0,0.0,0.0,0.0,0.0,0.0,0.055,0.3,0.3,0.0,0.0,0.0,3.173508007891595e-07,0,0,0,0,0,inf,inf,0,0,0.0,1.4650504399764432,-1.4037780047295916e-05,0.007009236009017784,-1.4359813790676755e-05,-1.6067495600235568,2.1183377902259074e-05,1.6045518039013635,-0.7853273581970841,-2.124715361644453e-05,0.00435230384951369,-5.503258924374024e-07,-0.07956746038286251,-6.27746453434947e-05,0.07372909000432089,-1.2692441899138966e-05,0.0029312708488391354,-26.65911452657129,0.010024169535801057,19.44838194586175,0.7411590430717524,1.8618155786996202,-0.0008766808003541068,0.0029312708488391354,-26.65911452657129,0.010024169535801057,19.44838194586175,0.7411590430717524,1.8618155786996202,-0.0008766808003541068
0.6110000000000004,0,0,0,0,0.011033755047108684,0.0,0.0,0.0,0.5574806868967636,-1.0503073354214542e-05,0.4462097588093039,0.003998016443188798,-2.6208981982827705e-05,-0.033618692695137405,0.5544994780317353,3.8164741795656373e-17,0.002981227366618171,0.5332743479588546,0.0,0.0,1.0,0.0,0.0,0.0,0.0,0.0,0.0,-0.0,0.0,0.0,0.0,0.0,0.0,0.0,0.0,0.055,0.3,0.3,0.0,0.0,0.0,3.2440363260960825e-07,0,0,0,0,0,inf,inf,0,0,0.0,1.4642516435194013,-1.424569435438117e-05,0.007049052370579319,-1.4361444240334628e-05,-1.6075483564805988,2.0595389369542812e-05,1.605289904005569,-0.7853274832888556,-2.0399475295496356e-05,0.003679593087767864,1.6499284371451084e-07,-0.08013611200765296,-5.5605579694958716e-05,0.07387784990450358,-1.233276726492044e-05,0.002925304755325529,-26.661788303728034,0.010058450655688847,19.44987677752019,0.7410886545310438,1.86186944195281,-0.0008796011275207585,0.002925304755325529,-26.661788303728034,0.010058450655688847,19.44987677752019,0.7410886545310438,1.86186944195281,-0.0008796011275207585
0.6210000000000004,0,0,0,0,0.010696340964984064,0.0,0.0,0.0,0.5575197107738685,-1.0749908041318876e-05,0.44587417115108574,0.0038221072482388604,-2.34352360344683e-05,-0.03351120189377728,0.5544994780317353,3.8164741795656373e-17,0.003020251873135196,0.538889484135583,0.0,0.0,1.0,0.0,0.0,0.0,0.0,0.0,0.0,-0.0,0.0,0.0,0.0,0.0,0.0,0.0,0.0,0.055,0.3,0.3,0.0,0.0,0.0,3.3125894529818736e-07,0,0,0,0,0,inf,inf,0,0,0.0,1.463447124244468,-1.4444445029261914e-05,0.007082189305343107,-1.435552162318135e-05,-1.608352875755532,2.0076882112782174e-05,1.606029551972323,-0.785327603818881,-1.9427961871154414e-05,0.0030157481798835186,9.522411014173777e-07,-0.08071121513706578,-4.883986063917067e-05,0.07403759721820015,-1.1798106987630451e-05,0.0029130213027003245,-26.664012646443197,0.01007971555700262,19.451299892744828,0.7410156357925317,1.8619385268403945,-0.0008818697976896699,0.0029130213027003245,-26.664012646443197,0.01007971555700262,19.451299892744828,0.7410156357925317,1.8619385268403945,-0.0008818697976896699
0.6310000000000004,0,0,0,0,0.010360007266976279,0.0,0.0,0.0,0.5575569923377771,-1.0969041223280226e-05,0.4455396187594743,0.0036493055713426766,-2.0669491424355675e-05,-0.03341094490859557,0.5544994780317353,3.8164741795656373e-17,0.0030575339820704994,0.5443636521721669,0.0,0.0,1.0,0.0,0.0,0.0,0.0,0.0,0.0,-0.0,0.0,0.0,0.0,0.0,0.0,0.0,0.0,0.055,0.3,0.3,0.0,0.0,0.0,3.3787374024159133e-07,0,0,0,0,0,inf,inf,0,0,0.0,1.4626368231212505,-1.4632833443844736e-05,0.007108742474819452,-1.434135614490414e-05,-1.6091631768787495,1.962376897582923e-05,1.6067708585946638,-0.785327718057545,-1.833993795999435e-05,0.002362026362237642,1.8059756118397352e-06,-0.08129177052584478,-4.2486751218127525e-05,0.07420848396636631,-1.1092374654210667e-05,0.0028946758668082777,-26.66581785846665,0.01008831712238205,19.452665173131344,0.7409403982540574,1.8620225892773137,-0.0008835410022079582,0.0028946758668082777,-26.66581785846665,0.01008831712238205,19.452665173131344,0.7409403982540574,1.8620225892773137,-0.0008835410022079582
0.6410000000000005,0,0,0,0,0.010024679874043929,0.0,0.0,0.0,0.557592564498981,-1.116060385555322e-05,0.44520602833588374,0.003479938757939327,-1.79209679764118e-05,-0.03331808863992179,0.5544994780317353,3.8164741795656373e-17,0.0030931066022587975,0.5496994206104439,0.0,0.0,1.0,0.0,0.0,0.0,0.0,0.0,0.0,-0.0,0.0,0.0,0.0,0.0,0.0,0.0,0.0,0.055,0.3,0.3,0.0,0.0,0.0,3.4420762636779574e-07,0,0,0,0,0,inf,inf,0,0,0.0,1.4618206911723477,-1.4809737768526543e-05,0.007128819527815258,-1.4318315181201905e-05,-1.6099793088276524,1.9231888040787938e-05,1.607513935648472,-0.785327824322637,-1.714335873701404e-05,0.0017195787214380033,2.7202690829085456e-06,-0.08187676900377135,-3.655229848995449e-05,0.07439056559718689,-1.0220964721059686e-05,0.0028705399250993392,-26.667233574592366,0.010084636017133535,19.453985741690023,0.7408633294914757,1.8621213083942014,-0.0008846681188441815,0.0028705399250993392,-26.667233574592366,0.010084636017133535,19.453985741690023,0.7408633294914757,1.8621213083942014,-0.0008846681188441815
0.6510000000000005,0,0,0,0,0.009690283315735071,0.0,0.0,0.0,0.5576264632477114,-1.1324817624052605e-05,0.44487332520279754,0.003314299091589746,-1.5198611854042679e-05,-0.03323274776318423,0.5544994780317353,3.8164741795656373e-17,0.0031270057231203296,0.5548994018684484,0.0,0.0,1.0,0.0,0.0,0.0,0.0,0.0,0.0,-0.0,0.0,0.0,0.0,0.0,0.0,0.0,0.0,0.055,0.3,0.3,0.0,0.0,0.0,3.5022305224967135e-07,0,0,0,0,0,inf,inf,0,0,0.0,1.4609986895340128,-1.4974118720476444e-05,0.0071425390480311735,-1.4285827622643164e-05,-1.6108013104659873,1.889703358097461e-05,1.6082588949679313,-0.785327920993333,-1.5846708968815164e-05,0.0010894519094869883,3.6887997889558714e-06,-0.08246519840685701,-3.1039553062332855e-05,0.0745838084544139,-9.190602287683243e-06,0.0028408990658954354,-26.668288680073843,0.010069077633697876,19.45527395615583,0.7407847932180487,1.8622342943732544,-0.0008853034590757052,0.0028408990658954354,-26.668288680073843,0.010069077633697876,19.45527395615583,0.7407847932180487,1.8622342943732544,-0.0008853034590757052
0.6610000000000005,0,0,0,0,0.009356741235882038,0.0,0.0,0.0,0.5576587273092882,-1.1461991963171481e-05,0.4445414338067216,0.0031526448985043235,-1.2511051585472133e-05,-0.03315498822936851,0.5544994780317353,3.8164741795656373e-17,0.003159270069965313,0.5599662420844432,0.0,0.0,1.0,0.0,0.0,0.0,0.0,0.0,0.0,-0.0,0.0,0.0,0.0,0.0,0.0,0.0,0.0,0.055,0.3,0.3,0.0,0.0,0.0,3.5588551871001625e-07,0,0,0,0,0,inf,inf,0,0,0.0,1.460170789450587,-1.5125024316727563e-05,0.007150029520987985,-1.4243387342231652e-05,-1.611629210549413,1.861498481737271e-05,1.609005847594889,-0.7853280065226766,-1.4458904774035073e-05,0.00047259024872005134,4.704937697528066e-06,-0.08305604994948276,-2.5948788644445338e-05,0.0747880971001501,-8.009193001745835e-06,0.0028060509956998074,-26.669011239442067,0.010042069059518582,19.45654140643576,0.7407051293558611,1.8623610959922745,-0.0008854980409289727,0.0028060509956998074,-26.669011239442067,0.010042069059518582,19.45654140643576,0.7407051293558611,1.8623610959922745,-0.0008854980409289727
0.6710000000000005,0,0,0,0,0.009023976863332006,0.0,0.0,0.0,0.5576893978109878,-1.1572520654899687e-05,0.44421027818634706,0.002995201735556727,-9.86655765949754e-06,-0.03308483072625746,0.5544994780317353,3.8164741795656373e-17,0.003189940770813913,0.5649026116156338,0.0,0.0,1.0,0.0,0.0,0.0,0.0,0.0,0.0,-0.0,0.0,0.0,0.0,0.0,0.0,0.0,0.0,0.055,0.3,0.3,0.0,0.0,0.0,3.611637552631584e-07,0,0,0,0,0,inf,inf,0,0,0.0,1.4593369722082237,-1.526159366267511e-05,0.007151428323956925,-1.419055582307843e-05,-1.6124630277917764,1.83815324854371e-05,1.6097549030005316,-0.7853280794485654,-1.2989198703139341e-05,-0.00013016181383936418,5.761826643319615e-06,-0.08364832405183457,-2.127772034538203e-05,0.07500324146800638,-6.685674384734886e-06,0.0027663035586810774,-26.66942843436575,0.010004056085547367,19.45779891589576,0.740624654211191,1.8625012078651624,-0.0008853013867752527,0.0027663035586810774,-26.66942843436575,0.010004056085547367,19.45779891589576,0.740624654211191,1.8625012078651624,-0.0008853013867752527
0.6810000000000005,0,0,0,0,0.00869191344816822,0.0,0.0,0.0,0.5577185179611933,-1.1656878042965045e-05,0.4438797824063738,0.0028421636494438776,-7.273005908890673e-06,-0.03302225408760876,0.5544994780317353,3.8164741795656373e-17,0.0032190610354963707,0.569711196177958,0.0,0.0,1.0,0.0,0.0,0.0,0.0,0.0,0.0,-0.0,0.0,0.0,0.0,0.0,0.0,0.0,0.0,0.055,0.3,0.3,0.0,0.0,0.0,3.6602985333302985e-07,0,0,0,0,0,inf,inf,0,0,0.0,1.4584972290132567,-1.5383059812053325e-05,0.007146880742172623,-1.412696398798691e-05,-1.6133027709867434,1.819250323133799e-05,1.6105061683775568,-0.785328138403263,-1.1447088649690748e-05,-0.0007180569416552605,6.8524621472121115e-06,-0.08424103563845088,-1.7021720548584315e-05,0.0752289838252758,-5.229869772839191e-06,0.0027219727830128456,-26.669566510176196,0.009955500273115123,19.4590565461941,0.7405436607452976,1.8626540773705527,-0.0008847613455710783,0.0027219727830128456,-26.669566510176196,0.009955500273115123,19.4590565461941,0.7405436607452976,1.8626540773705527,-0.0008847613455710783
0.6910000000000005,0,0,0,0,0.008360474664019901,0.0,0.0,0.0,0.557746132741479,-1.1715614903595073e-05,0.4435498709575869,0.0026936944952883194,-4.737844844943677e-06,-0.03296719863858347,0.5544994780317353,3.8164741795656373e-17,0.003246675847683854,0.5743946886094592,0.0,0.0,1.0,0.0,0.0,0.0,0.0,0.0,0.0,-0.0,0.0,0.0,0.0,0.0,0.0,0.0,0.0,0.055,0.3,0.3,0.0,0.0,0.0,3.7045935247228675e-07,0,0,0,0,0,inf,inf,0,0,0.0,1.4576515608204175,-1.548875173918211e-05,0.007136539014226172,-1.405231327635185e-05,-1.6141484391795826,1.804378186777981e-05,1.6112597480008288,-0.7853281821214706,-9.842231032264097e-06,-0.0012904418708369922,7.969764555355435e-06,-0.08483321892495778,-1.3174031302192142e-05,0.07546500552535639,-3.6523458935180882e-06,0.0026733809662004364,-26.669450730666487,0.009896876093558516,19.46032360537167,0.740462418932973,1.8628191112602681,-0.000883923938443664,0.0026733809662004364,-26.669450730666487,0.009896876093558516,19.46032360537167,0.740462418932973,1.8628191112602681,-0.000883923938443664
0.7010000000000005,0,0,0,0,0.008029584977160775,0.0,0.0,0.0,0.5577722886121544,-1.1749354011780269e-05,0.4432204691238808,0.0025499293036197195,-2.2680670464518807e-06,-0.03291956946687159,0.5544994780317353,3.8164741795656373e-17,0.0032728316703771023,0.5789557812406133,0.0,0.0,1.0,0.0,0.0,0.0,0.0,0.0,0.0,-0.0,0.0,0.0,0.0,0.0,0.0,0.0,0.0,0.055,0.3,0.3,0.0,0.0,0.0,3.744312808756845e-07,0,0,0,0,0,inf,inf,0,0,0.0,1.4567999781159102,-1.5578095468261676e-05,0.007120561409169764,-1.396637601659713e-05,-1.6150000218840899,1.793133152963147e-05,1.6120157426543273,-0.7853282094469989,-8.184358613256403e-06,-0.0018467541351702458,9.106647249882394e-06,-0.08542393171114615,-9.725972261223224e-06,0.07571093353415144,-1.964274998699249e-06,0.002620854811370069,-26.669105340763434,0.009828668154661992,19.461608658918294,0.7403811762011678,1.8629956819437428,-0.000882833227083049,0.002620854811370069,-26.669105340763434,0.009828668154661992,19.461608658918294,0.7403811762011678,1.8629956819437428,-0.000882833227083049
0.7110000000000005,0,0,0,0,0.007699169983197307,0.0,0.0,0.0,0.5577970332317012,-1.17587854435602e-05,0.44289150331702676,0.0024109756853149178,1.2981533857887546e-07,-0.03287923961005644,0.5544994780317353,3.8164741795656373e-17,0.003297576165285217,0.5833971588532049,0.0,0.0,1.0,0.0,0.0,0.0,0.0,0.0,0.0,-0.0,0.0,0.0,0.0,0.0,0.0,0.0,0.0,0.055,0.3,0.3,0.0,0.0,0.0,3.77928152938229e-07,0,0,0,0,0,inf,inf,0,0,0.0,1.4559425006601872,-1.5650614407787177e-05,0.007099111337514309,-1.3868995144489115e-05,-1.615857499339813,1.7851211778627084e-05,1.6127742491220511,-0.7853282193380897,-6.483203254448477e-06,-0.0023865185882910762,1.0256079749535227e-05,-0.08601225919943746,-6.667143331020041e-06,0.07596634671654705,-1.773023321385639e-07,0.0025647236239723366,-26.668553536664756,0.009751368524961682,19.462919543539915,0.7403001579391766,1.8631831334434807,-0.000881531203578343,0.0025647236239723366,-26.668553536664756,0.009751368524961682,19.462919543539915,0.7403001579391766,1.8631831334434807,-0.000881531203578343
0.7210000000000005,0,0,0,0,0.007369156712238034,0.0,0.0,0.0,0.5578204151904229,-1.1744661656151521e-05,0.44256290138007,0.002276915264699062,2.449790969771923e-06,-0.03284605315083131,0.5544994780317353,3.8164741795656373e-17,0.003320957926416679,0.5877214922094364,0.0,0.0,1.0,0.0,0.0,0.0,0.0,0.0,0.0,-0.0,0.0,0.0,0.0,0.0,0.0,0.0,0.0,0.055,0.3,0.3,0.0,0.0,0.0,3.8093592784914065e-07,0,0,0,0,0,inf,inf,0,0,0.0,1.4550791571950537,-1.5705928940793807e-05,0.007072356497967897,-1.3760083319120182e-05,-1.6167208428049464,1.7799594714361352e-05,1.6135353597404127,-0.7853282108714442,-4.748423844129756e-06,-0.002909343755613779,1.1411145583205342e-05,-0.08659731735852752,-3.985621251690035e-06,0.07623078187127327,1.6965803963873046e-06,0.0025053175793659102,-26.667817443027374,0.009665474167735772,19.464263383359917,0.7402195680745154,1.8633807870207335,-0.0008800577012150474,0.0025053175793659102,-26.667817443027374,0.009665474167735772,19.464263383359917,0.7402195680745154,1.8633807870207335,-0.0008800577012150474
0.7310000000000005,0,0,0,0,0.007039473903506399,0.0,0.0,0.0,0.5578424837585392,-1.1707792387235902e-05,0.44223459286031364,0.0021478051316518925,4.686365602471413e-06,-0.03281982821270254,0.5544994780317353,3.8164741795656373e-17,0.0033430262281122307,0.5919314321316385,0.0,0.0,1.0,0.0,0.0,0.0,0.0,0.0,0.0,-0.0,0.0,0.0,0.0,0.0,0.0,0.0,0.0,0.055,0.3,0.3,0.0,0.0,0.0,3.8344393442448397e-07,0,0,0,0,0,inf,inf,0,0,0.0,1.4542099851195467,-1.5743755323660715e-05,0.00704046806144607,-1.3639621489210619e-05,-1.6175900148804534,1.7772779155904802e-05,1.6142991620095484,-0.785328183245023,-2.9895395710542304e-06,-0.0034149180469304186,1.256509487622545e-05,-0.08717825585256712,-1.6681494592492995e-06,0.07650373950461262,3.645154970406082e-06,0.002442966068126981,-26.66691809679103,0.009571484492515816,19.465646608297305,0.7401395897058111,1.8635879464711524,-0.0008784503246334945,0.002442966068126981,-26.66691809679103,0.009571484492515816,19.465646608297305,0.7401395897058111,1.8635879464711524,-0.0008784503246334945
0.7410000000000005,0,0,0,0,0.0067100522504423,0.0,0.0,0.0,0.5578632886488692,-1.1649039413206295e-05,0.44190650925292896,0.002023679304180193,6.8345743547845606e-06,-0.032800359849805574,0.5544994780317353,3.8164741795656373e-17,0.0033638307876679117,0.5960296041125335,0.0,0.0,1.0,0.0,0.0,0.0,0.0,0.0,0.0,-0.0,0.0,0.0,0.0,0.0,0.0,0.0,0.0,0.055,0.3,0.3,0.0,0.0,0.0,3.85444766558181e-07,0,0,0,0,0,inf,inf,0,0,0.0,1.4533350301388106,-1.576390394764022e-05,0.007003619893585183,-1.3507656962684618e-05,-1.6184649698611895,1.776720296447282e-05,1.6150657382608988,-0.7853281357796833,-1.2158686643618894e-06,-0.0039030058588869383,1.371139164120091e-05,-0.08775426055667275,2.9967934111898345e-07,0.07678468933539433,5.656089620180913e-06,0.0023779961260895,-26.665875437218027,0.00946989903182683,19.467074974370302,0.7400603857863328,1.863803903091013,-0.0008767443985775746,0.0023779961260895,-26.665875437218027,0.00946989903182683,19.467074974370302,0.7400603857863328,1.863803903091013,-0.0008767443985775746
0.7510000000000006,0,0,0,0,0.006380824617380099,0.0,0.0,0.0,0.5578828797941604,-1.156931120609535e-05,0.4415785842162746,0.0019045501935272778,8.889990056691609e-06,-0.032787422825407996,0.5544994780317353,3.8164741795656373e-17,0.0033834215426019956,0.6000186034362145,0.0,0.0,1.0,0.0,0.0,0.0,0.0,0.0,0.0,-0.0,0.0,0.0,0.0,0.0,0.0,0.0,0.0,0.055,0.3,0.3,0.0,0.0,0.0,3.8693415498202937e-07,0,0,0,0,0,inf,inf,0,0,0.0,1.4524543458899983,-1.5766277018181622e-05,0.006961987816707462,-1.3364301032298184e-05,-1.6193456541100018,1.7779453582729777e-05,1.6158351653783278,-0.7853280679197279,5.635273339206776e-07,-0.004373443594819777,1.4843755812697093e-05,-0.08832455567986008,1.933248373134926e-06,0.07707307552557777,7.717044605896072e-06,0.002310730955577625,-26.66470830173571,0.00936121525010511,19.46855358568817,0.7399820998515605,1.8640279403170201,-0.0008749729341472764,0.002310730955577625,-26.66470830173571,0.00936121525010511,19.46855358568817,0.7399820998515605,1.8640279403170201,-0.0008749729341472764
0.7610000000000006,0,0,0,0,0.006051726228946563,0.0,0.0,0.0,0.5579013071390541,-1.1469557528874897e-05,0.4412507537600624,0.001790410064498805,1.0848727814295799e-05,-0.03278077427457909,0.5544994780317353,3.8164741795656373e-17,0.003401848442560493,0.6039009907885758,0.0,0.0,1.0,0.0,0.0,0.0,0.0,0.0,0.0,-0.0,0.0,0.0,0.0,0.0,0.0,0.0,0.0,0.055,0.3,0.3,0.0,0.0,0.0,3.8791081901748127e-07,0,0,0,0,0,inf,inf,0,0,0.0,1.4515679935489993,-1.5750865707515273e-05,0.0069157489119210935,-1.3209726209468328e-05,-1.6202320064510007,1.7806276870736206e-05,1.616607514570024,-0.7853279792324395,2.3398937451124016e-06,-0.004826135627712818,1.5956200106267586e-05,-0.08888840551666682,3.248750159255217e-06,0.07736832163250165,9.8157701861513e-06,0.0022414885413159767,-26.66343442716698,0.009245926488395844,19.470086917899792,0.7399048567840902,1.864259338043615,-0.0008731666110495242,0.0022414885413159767,-26.66343442716698,0.009245926488395844,19.470086917899792,0.7399048567840902,1.864259338043615,-0.0008731666110495242
0.7710000000000006,0,0,0,0,0.005722694833372177,0.0,0.0,0.0,0.5579186204465909,-1.1350764004141672e-05,0.44092295640755846,0.0016812324842681824,1.2707445943545294e-05,-0.03278015624736401,0.5544994780317353,3.8164741795656373e-17,0.0034191612557626337,0.6076792883366393,0.0,0.0,1.0,0.0,0.0,0.0,0.0,0.0,0.0,-0.0,0.0,0.0,0.0,0.0,0.0,0.0,0.0,0.055,0.3,0.3,0.0,0.0,0.0,3.8837630307054336e-07,0,0,0,0,0,inf,inf,0,0,0.0,1.4506760414215953,-1.571774683590279e-05,0.006865080861790457,-1.3044163117441508e-05,-1.6211239585784047,1.7844584322006285e-05,1.6173828511883805,-0.7853278694066785,4.1048274045638766e-06,-0.005261050230321112,1.7043061819434828e-05,-0.08944511584878397,4.263028372371747e-06,0.07766983528048504,1.1940196786156134e-05,0.0021705803655992437,-26.66207045594151,0.009124520049534785,19.471678842879424,0.7398287636097776,1.8644973766219155,-0.0008713537750575512,0.0021705803655992437,-26.66207045594151,0.009124520049534785,19.471678842879424,0.7398287636097776,1.8644973766219155,-0.0008713537750575512
0.7810000000000006,0,0,0,0,0.005393670840919573,0.0,0.0,0.0,0.5579348691191198,-1.1213946693085428e-05,0.4405951333330173,0.0015769737535054073,1.4463343455742762e-05,-0.032785298129621505,0.5544994780317353,3.8164741795656373e-17,0.0034354093898517632,0.6113559762556312,0.0,0.0,1.0,0.0,0.0,0.0,0.0,0.0,0.0,-0.0,0.0,0.0,0.0,0.0,0.0,0.0,0.0,0.055,0.3,0.3,0.0,0.0,0.0,3.8833480150581794e-07,0,0,0,0,0,inf,inf,0,0,0.0,1.4497785645224264,-1.5667079136478347e-05,0.006810161333780529,-1.2867897093584345e-05,-1.6220214354775737,1.7891458745948582e-05,1.6181612345950407,-0.7853277382506225,5.850315852875543e-06,-0.005678215494808404,1.8099029724448205e-05,-0.08999403501797398,4.993428421223548e-06,0.07797701255100148,1.4078517280848882e-05,0.0020983102250744846,-26.660631946887175,0.008997475425863256,19.473332654441716,0.7397539103192466,1.8647413405474675,-0.0008695604494056361,0.0020983102250744846,-26.660631946887175,0.008997475425863256,19.473332654441716,0.7397539103192466,1.8647413405474675,-0.0008695604494056361
0.7910000000000006,0,0,0,0,0.005064597438680318,0.0,0.0,0.0,0.5579501020333953,-1.1060146718448737e-05,0.4402672284755951,0.0014775743142242984,1.611415428686345e-05,-0.03279591893945516,0.5544994780317353,3.8164741795656373e-17,0.003450641726936892,0.6149334896818095,0.0,0.0,1.0,0.0,0.0,0.0,0.0,0.0,0.0,-0.0,0.0,0.0,0.0,0.0,0.0,0.0,0.0,0.055,0.3,0.3,0.0,0.0,0.0,3.877929752414439e-07,0,0,0,0,0,inf,inf,0,0,0.0,1.4488756441449353,-1.5599099157742266e-05,0.006751167404465266,-1.268126454892666e-05,-1.6229243558550648,1.794415850495761e-05,1.6189427180683045,-0.7853275856887258,7.56877116949541e-06,-0.006077715262571495,1.9119166229253667e-05,-0.09053455469140968,5.457656928415766e-06,0.07828924209201571,1.621926137212918e-05,0.0020249731505623926,-26.659133390206907,0.00886526267056279,19.475051094885682,0.7396803707089382,1.8649905218423923,-0.0008678103589256085,0.0020249731505623926,-26.659133390206907,0.00886526267056279,19.475051094885682,0.7396803707089382,1.8649905218423923,-0.0008678103589256085
0.8010000000000006,0,0,0,0,0.00473542068299182,0.0,0.0,0.0,0.5579643673895971,-1.0890424960369893e-05,0.4399391886309889,0.0013829601292991798,1.7658138487263164e-05,-0.032811729497888686,0.5544994780317353,3.8164741795656373e-17,0.003464906472558809,0.6184142160711645,0.0,0.0,1.0,0.0,0.0,0.0,0.0,0.0,0.0,-0.0,0.0,0.0,0.0,0.0,0.0,0.0,0.0,0.055,0.3,0.3,0.0,0.0,0.0,3.8675976285005753e-07,0,0,0,0,0,inf,inf,0,0,0.0,1.4479673674252524,-1.551411685656346e-05,0.006688275024292096,-1.2484649131184395e-05,-1.6238326325747476,1.8000120395797963e-05,1.6197273487500883,-0.7853274117579788,9.253058584436399e-06,-0.006459685083277356,2.009892500857817e-05,-0.0910661103403308,5.6736502211049035e-06,0.07860590894839906,1.835136209329532e-05,0.0019508544312328813,-26.657588226258596,0.00872834091332115,19.47683638218148,0.7396082032368785,1.8652442231404756,-0.000866124965686454,0.0019508544312328813,-26.657588226258596,0.00872834091332115,19.47683638218148,0.7396082032368785,1.8652442231404756,-0.000866124965686454
0.8110000000000006,0,0,0,0,0.004406089570742122,0.0,0.0,0.0,0.5579777125739758,-1.0705856857092016e-05,0.43961096352206364,0.0012930440291178695,1.909407059066949e-05,-0.03283243447312204,0.5544994780317353,3.8164741795656373e-17,0.0034782510182857734,0.6218004929410598,0.0,0.0,1.0,0.0,0.0,0.0,0.0,0.0,0.0,-0.0,0.0,0.0,0.0,0.0,0.0,0.0,0.0,0.055,0.3,0.3,0.0,0.0,0.0,3.8524618893491905e-07,0,0,0,0,0,inf,inf,0,0,0.0,1.4470538269027748,-1.541251093303334e-05,0.006621658522513283,-1.2278477735369368e-05,-1.6247461730972252,1.8056961265628062e-05,1.6205151676296705,-0.7853272166035457,1.0896520031206076e-05,-0.006824308220530961,2.103416432405048e-05,-0.09158818145261215,5.659451867003189e-06,0.07892639811648673,2.0464214557326244e-05,0.0018762287431441154,-26.656008867763965,0.008587157019783718,19.478690237622736,0.7395374518875223,1.865501760483409,-0.0008645235153545461,0.0018762287431441154,-26.656008867763965,0.008587157019783718,19.478690237622736,0.7395374518875223,1.865501760483409,-0.0008645235153545461
0.8210000000000006,0,0,0,0,0.004076556090834682,0.0,0.0,0.0,0.5579901840347632,-1.0507527337019906e-05,0.4392825058497337,0.001207727021346038,2.0421225394310322e-05,-0.03285773429833512,0.5544994780317353,3.8164741795656373e-17,0.0034907218175766895,0.6250946059748711,0.0,0.0,1.0,0.0,0.0,0.0,0.0,0.0,0.0,-0.0,0.0,0.0,0.0,0.0,0.0,0.0,0.0,0.055,0.3,0.3,0.0,0.0,0.0,3.8326517178015554e-07,0,0,0,0,0,inf,inf,0,0,0.0,1.44613512007999,-1.529472395674042e-05,0.006551490151729432,-1.2063216403812794e-05,-1.6256648799200102,1.8112478453114454e-05,1.6213062095614847,-0.7853270004738553,1.2492992830000092e-05,-0.007171811720020597,2.192115626915842e-05,-0.09210029149945001,5.433099247118768e-06,0.07925009782691064,2.2547727101608312e-05,0.001801359381318106,-26.654406725082918,0.008442144392976381,19.48061391377749,0.7394681470414757,1.8657624658372796,-0.0008630230928801673,0.001801359381318106,-26.654406725082918,0.008442144392976381,19.48061391377749,0.7394681470414757,1.8657624658372796,-0.0008630230928801673
0.8310000000000006,0,0,0,0,0.0037467752570771173,0.0,0.0,0.0,0.5580018271709608,-1.0296525904769038e-05,0.4389537713253594,0.0011268995602679494,2.1639361390148754e-05,-0.0328873269635951,0.5544994780317353,3.8164741795656373e-17,0.003502364274526503,0.6282987874683733,0.0,0.0,1.0,0.0,0.0,0.0,0.0,0.0,0.0,-0.0,0.0,0.0,0.0,0.0,0.0,0.0,0.0,0.055,0.3,0.3,0.0,0.0,0.0,3.808313322854367e-07,0,0,0,0,0,inf,inf,0,0,0.0,1.445211348983889,-1.5161257332015518e-05,0.00647793967134031,-1.1839366154991565e-05,-1.6265886510161112,1.8164649144734484e-05,1.6221005033142677,-0.7853267637152237,1.403682371238531e-05,-0.00750246255446626,2.275659218775503e-05,-0.09260200767593478,5.01251910601085e-06,0.07957640256082595,2.4592365022681783e-05,0.0017264975940896976,-26.65279223420708,0.008293721914642633,19.482608222584584,0.7394003063455856,1.8660256893387754,-0.000861638686406819,0.0017264975940896976,-26.65279223420708,0.008293721914642633,19.482608222584584,0.7394003063455856,1.8660256893387754,-0.000861638686406819
0.8410000000000006,0,0,0,0,0.003416705123755026,0.0,0.0,0.0,0.5580126862335897,-1.0073941905004455e-05,0.4386247186859116,0.0010504427726365526,2.2748702083817322e-05,-0.0329209096829641,0.5544994780317353,3.8164741795656373e-17,0.003513222645077112,0.631415215096517,0.0,0.0,1.0,0.0,0.0,0.0,0.0,0.0,0.0,-0.0,0.0,0.0,0.0,0.0,0.0,0.0,0.0,0.055,0.3,0.3,0.0,0.0,0.0,3.7796080561519e-07,0,0,0,0,0,inf,inf,0,0,0.0,1.4442826197311298,-1.501266614749171e-05,0.006401173969063138,-1.1607458778023435e-05,-1.6275173802688703,1.8211628735400863e-05,1.622898071648935,-0.7853265067660762,1.552287841594754e-05,-0.007816563858218889,2.3537584522038046e-05,-0.09309294043476818,4.415431960710156e-06,0.07990471580551282,2.658918715609624e-05,0.0016518820178868844,-26.651174887133106,0.008142293023582164,19.48467356344987,0.7393339355789694,1.8662908012816,-0.000860383258705696,0.0016518820178868844,-26.651174887133106,0.008142293023582164,19.48467356344987,0.7393339355789694,1.8662908012816,-0.000860383258705696
0.8510000000000006,0,0,0,0,0.0030863067851339965,0.0,0.0,0.0,0.5580228042389411,-9.840859985235328e-06,0.4382953096931454,0.0009782296374044955,2.374991544390285e-05,-0.0329581804384058,0.5544994780317353,3.8164741795656373e-17,0.003523339950233139,0.634446010981041,0.0,0.0,1.0,0.0,0.0,0.0,0.0,0.0,0.0,-0.0,0.0,0.0,0.0,0.0,0.0,0.0,0.0,0.055,0.3,0.3,0.0,0.0,0.0,3.746710568617101e-07,0,0,0,0,0,inf,inf,0,0,0.0,1.4433490420989137,-1.484955395294523e-05,0.00632135671955778,-1.1368052627089918e-05,-1.6284509579010864,1.82517482812153e-05,1.6236989314226065,-0.7853262301508442,1.6946547093434944e-05,-0.008114451262938164,2.4261665353498795e-05,-0.09357274283184142,3.659265216553317e-06,0.08023445255608944,2.8529875573721393e-05,0.0015777382098579721,-26.649563264294226,0.007988244927316687,19.486809951208734,0.7392690295116571,1.8665571938535879,-0.0008592678247826138,0.0015777382098579721,-26.649563264294226,0.007988244927316687,19.486809951208734,0.7392690295116571,1.8665571938535879,-0.0008592678247826138
0.8610000000000007,1,0,0,0,0.0027698964940566784,0.0,0.0,0.0006939244549986068,0.5580495562214685,-1.0293061776484256e-05,0.43797859115835525,0.005431334960256185,-0.00015775131312800223,-0.02934890245017073,0.5580257014049094,-9.769049428614944e-06,2.386057128420139e-05,0.6336863829085421,0.0,0.0,1.0,0.0,0.0,0.0,0.0,0.0,0.0,-0.0,0.0,0.0,0.0,0.0,0.0,0.0,0.0,0.055,0.3,0.3,0.0,0.0,0.0,7.016015964860381e-06,0,0,0,0,0,inf,inf,0,0,0.0,1.442434733692032,-1.4541851234713773e-05,0.006242339198509379,-1.0981075678788045e-05,-1.629365266307968,1.5054918606472336e-05,1.62454747632692,-0.7853262921587919,5.719694404664734e-05,-0.007265537101362718,6.679904678819782e-05,-0.08695101917995372,-0.0008653087917752158,0.09142244198542437,-4.1564225454337474e-05,0.00391429995300232,-27.56655604592358,0.010279080719465566,20.508908503205056,0.749387330347775,2.133339857470046,0.0009350773702984942,0.00391429995300232,-27.56655604592358,0.010279080719465566,20.508908503205056,0.749387330347775,2.133339857470046,0.0009350773702984942
0.8710000000000007,1,0,0,0,0.0025052583353513125,0.0,0.0,0.004933178929321103,0.5581215481612269,-1.2393033807301693e-05,0.4377102324178882,0.008055232382276406,-0.00022331796288485795,-0.025025930316297997,0.5580257014049094,-9.769049428614944e-06,9.588266783220069e-05,0.6229813672049497,0.0,0.0,1.0,0.0,0.0,0.0,0.0,0.0,0.0,-0.0,0.0,0.0,0.0,0.0,0.0,0.0,0.0,0.055,0.3,0.3,0.0,0.0,0.0,4.69065167418706e-06,0,0,0,0,0,inf,inf,0,0,0.0,1.4416228357140715,-1.3655557625260774e-05,0.006176343472061972,-9.968860452662306e-06,-1.6301771642859286,3.001285232475032e-06,1.6254802180960235,-0.7853260550206391,0.00011163920548848848,-0.006180194984003578,0.00012674489245453752,-0.07680413068504065,-0.0013600724705268939,0.09289616747645389,9.431791663065236e-05,0.008110002477524476,-27.41827336826843,0.01442795935428406,20.26212218567998,0.7583661483739489,1.9220649760087132,0.0011732644352771976,0.008110002477524476,-27.41827336826843,0.01442795935428406,20.26212218567998,0.7583661483739489,1.9220649760087132,0.0011732644352771976
0.8810000000000007,1,0,0,0,0.0022775219310157135,0.0,0.0,0.013019645595683804,0.55820446215766,-1.4421733335078055e-05,0.4374782269963875,0.008296843783805906,-0.00017912283967638011,-0.02181490730557402,0.5580257014049094,-9.769049428614944e-06,0.00017882129121413068,0.6093465360891109,0.0,0.0,1.0,0.0,0.0,0.0,0.0,0.0,0.0,-0.0,0.0,0.0,0.0,0.0,0.0,0.0,0.0,0.055,0.3,0.3,0.0,0.0,0.0,6.899305472645793e-06,0,0,0,0,0,inf,inf,0,0,0.0,1.4409018669677955,-1.231061179620024e-05,0.006117356268114374,-8.445073599170752e-06,-1.6308981330322045,-1.0857149301201677e-05,1.6263801918507252,-0.785324241969932,0.00015131916958969192,-0.00574349963032143,0.00017123370354838144,-0.06847396043032523,-0.0013717322107456183,0.0871365316952093,0.00024610878154918467,0.008355489005580063,-27.34613529498882,0.014610917983574043,20.14691129217183,0.7593907933455193,1.8528853003416965,0.0004884302444453316,0.008355489005580063,-27.34613529498882,0.014610917983574043,20.14691129217183,0.7593907933455193,1.8528853003416965,0.0004884302444453316
0.8910000000000007,1,0,0,0,0.0020786764263935886,0.0,0.0,0.024940855708606158,0.558284954461493,-1.5857616495520457e-05,0.43727508650686225,0.00778726452821816,-0.00011418063336776026,-0.019147978428496106,0.5580257014049094,-9.769049428614944e-06,0.0002593245418329323,0.5954315423118643,0.0,0.0,1.0,0.0,0.0,0.0,0.0,0.0,0.0,-0.0,0.0,0.0,0.0,0.0,0.0,0.0,0.0,0.055,0.3,0.3,0.0,0.0,0.0,6.978102321679545e-06,0,0,0,0,0,inf,inf,0,0,0.0,1.4402564819797474,-1.0633909562706353e-05,0.0060603100624260775,-6.551950641161867e-06,-1.6315435180202527,-2.395603033544259e-05,1.6272114291649444,-0.7853211731818621,0.0001794275391801355,-0.005725253080788367,0.00020214756254584355,-0.061501187415095804,-0.0012504581875258513,0.0797853114287239,0.00034937589218321497,0.007165818319290041,-27.296921960046596,0.01335695569059921,20.07570725458892,0.7581453793893375,1.8289797947718311,-3.912527701534034e-05,0.007165818319290041,-27.296921960046596,0.01335695569059921,20.07570725458892,0.7581453793893375,1.8289797947718311,-3.912527701534034e-05
0.9010000000000007,1,0,0,0,0.0019043493793990396,0.0,0.0,0.04067842762616042,0.55835886026192,-1.6662005490781858e-05,0.4370965958442212,0.007048291166360469,-5.4305609100770455e-05,-0.016831748295606817,0.5580257014049094,-9.769049428614944e-06,0.0003332301559702255,0.5820063151324811,0.0,0.0,1.0,0.0,0.0,0.0,0.0,0.0,0.0,-0.0,0.0,0.0,0.0,0.0,0.0,0.0,0.0,0.055,0.3,0.3,0.0,0.0,0.0,6.400576869351544e-06,0,0,0,0,0,inf,inf,0,0,0.0,1.4396745045848103,-8.733233492219003e-06,0.00600170545149781,-4.418945462889011e-06,-1.6321254954151898,-3.564022127576815e-05,1.6279691640781888,-0.7853173110900481,0.0001973319859771764,-0.006010369102152097,0.00022067469286183767,-0.05565031449893519,-0.001100172546014104,0.07256442282654565,0.0004111214501960035,0.005584208293143697,-27.25371443966542,0.01171105970872624,20.020480373870004,0.7563402434097237,1.8197324421097805,-0.0003692085240479704,0.005584208293143697,-27.25371443966542,0.01171105970872624,20.020480373870004,0.7563402434097237,1.8197324421097805,-0.0003692085240479704
0.9110000000000007,1,0,0,0,0.0017514303916662533,0.0,0.0,0.06020809515313169,0.5584249753063711,-1.6928200369183662e-05,0.4369397028340577,0.006250472163136067,-5.746643230414106e-06,-0.01479313469459204,0.5580257014049094,-9.769049428614944e-06,0.0003993380796151233,0.5692539584847455,0.0,0.0,1.0,0.0,0.0,0.0,0.0,0.0,0.0,-0.0,0.0,0.0,0.0,0.0,0.0,0.0,0.0,0.055,0.3,0.3,0.0,0.0,0.0,5.669851809342152e-06,0,0,0,0,0,inf,inf,0,0,0.0,1.4391456038304808,-6.704004078700294e-06,0.005938937056583997,-2.161695117682174e-06,-1.6326543961695192,-4.5814029483468935e-05,1.6286579216523895,-0.7853130016040946,0.00020624104861495556,-0.006524631536287498,0.00022835874564461624,-0.05076731208296296,-0.0009506076229681417,0.06596406635916724,0.00044349003512518596,0.004012685055287339,-27.211102484344288,0.010073551850245048,19.972051901940848,0.754481220780007,1.8154333640917244,-0.000582783382834601,0.004012685055287339,-27.211102484344288,0.010073551850245048,19.972051901940848,0.754481220780007,1.8154333640917244,-0.000582783382834601
0.9210000000000007,1,0,0,0,0.0016173413845348428,0.0,0.0,0.08349974495773183,0.5584830827710116,-1.6773408186652566e-05,0.4368018322750262,0.005452507684412731,3.120491675746769e-05,-0.012998893274048297,0.5580257014049094,-9.769049428614944e-06,0.0004574349954901904,0.5571791285850336,0.0,0.0,1.0,0.0,0.0,0.0,0.0,0.0,0.0,-0.0,0.0,0.0,0.0,0.0,0.0,0.0,0.0,0.055,0.3,0.3,0.0,0.0,0.0,4.94124309565069e-06,0,0,0,0,0,inf,inf,0,0,0.0,1.4386607734713592,-4.629320920090328e-06,0.005870037199458226,1.2083253241857653e-07,-1.6331392265286409,-5.453500940371002e-05,1.629284655268155,-0.7853084899668019,0.0002074051591557194,-0.007210925136050149,0.0002269298656032475,-0.04673365005216897,-0.000809251830601084,0.060090831896751025,0.0004547211426625699,0.0025923258100758566,-27.167352332483123,0.00858315786376498,19.92724229865928,0.7527076684778258,1.8129792128424587,-0.0007346825344216139,0.0025923258100758566,-27.167352332483123,0.00858315786376498,19.92724229865928,0.7527076684778258,1.8129792128424587,-0.0007346825344216139
0.9310000000000007,1,0,0,0,0.0014997631888924445,0.0,0.0,0.1105174630041747,0.5585333213060804,-1.6306654511410906e-05,0.4366806523248463,0.004676928537102556,5.794215977388959e-05,-0.011429944460322269,0.5580257014049094,-9.769049428614944e-06,0.0005076619981297202,0.5457370667716432,0.0,0.0,1.0,0.0,0.0,0.0,0.0,0.0,0.0,-0.0,0.0,0.0,0.0,0.0,0.0,0.0,0.0,0.055,0.3,0.3,0.0,0.0,0.0,4.258621723855324e-06,0,0,0,0,0,inf,inf,0,0,0.0,1.4382120755339705,-2.5797490478521962e-06,0.005793554903239832,2.3469819673279683e-06,-1.6335879244660296,-6.189333084685269e-05,1.629856629949377,-0.7853039572380713,0.00020207086183779413,-0.008021386784352942,0.00021809667633907354,-0.04345075979733963,-0.0006771087030278916,0.054934990342209125,0.00044998871190923904,0.0013619960429518039,-27.121926556718925,0.007276630159806596,19.884807491793037,0.7510479271143412,1.8113582436164335,-0.0008515350564023373,0.0013619960429518039,-27.121926556718925,0.007276630159806596,19.884807491793037,0.7510479271143412,1.8113582436164335,-0.0008515350564023373
0.9410000000000007,1,0,0,0,0.001396534583343767,0.0,0.0,0.14121958992951628,0.5585759774906377,-1.56205830536667e-05,0.43657398618956533,0.003934086062671093,7.619984038174372e-05,-0.01007303330947155,0.5580257014049094,-9.769049428614944e-06,0.000550307196909378,0.5348743287846826,0.0,0.0,1.0,0.0,0.0,0.0,0.0,0.0,0.0,-0.0,0.0,0.0,0.0,0.0,0.0,0.0,0.0,0.055,0.3,0.3,0.0,0.0,0.0,3.6309804777979307e-06,0,0,0,0,0,inf,inf,0,0,0.0,1.4377924771114277,-6.136682037434862e-07,0.00570848097980462,4.4515189437092294e-06,-1.6340075228885724,-6.79778195165703e-05,1.630380799654716,-0.7852995427323558,0.00019142742809145834,-0.008914599933409689,0.00020343663261739072,-0.04083417940971757,-0.0005534743596840296,0.05045445559715913,0.0004328161399726072,0.0003214739259376972,-27.07469489455,0.0061521123758133825,19.844150705448065,0.7494977293200517,1.8102241382468094,-0.0009449467617785061,0.0003214739259376972,-27.07469489455,0.0061521123758133825,19.844150705448065,0.7494977293200517,1.8102241382468094,-0.0009449467617785061
0.9510000000000007,1,0,0,0,0.0013056080147575422,0.0,0.0,0.17555878527937163,0.5586114132063941,-1.4790716698308633e-05,0.4364797718654259,0.0032298150819087767,8.764050077025338e-05,-0.00891789173505465,0.5580257014049094,-9.769049428614944e-06,0.0005857333280091042,0.5245415377504175,0.0,0.0,1.0,0.0,0.0,0.0,0.0,0.0,0.0,-0.0,0.0,0.0,0.0,0.0,0.0,0.0,0.0,0.055,0.3,0.3,0.0,0.0,0.0,3.0567937015886515e-06,0,0,0,0,0,inf,inf,0,0,0.0,1.4373957255975505,1.2219642545540498e-06,0.005614190817396879,6.3840457860475745e-06,-1.6344042744024496,-7.286811990817651e-05,1.6308636521414193,-0.7852953556223029,0.00017657532854464887,-0.009854404400819743,0.00018435346010391268,-0.03881084460438201,-0.0004373598745576387,0.046600896197350486,0.00040588140087477855,-0.0005440310262290306,-27.02567996850556,0.005193685762182646,19.80491137331247,0.7480443497762458,1.8094450438907608,-0.0010199609031898125,-0.0005440310262290306,-27.02567996850556,0.005193685762182646,19.80491137331247,0.7480443497762458,1.8094450438907608,-0.0010199609031898125
0.9610000000000007,1,0,0,0,0.0012250251565980586,0.0,0.0,0.21348210050346622,0.5586400364476948,-1.387695120654284e-05,0.43639603895348356,0.0025679333790787555,9.37376150757256e-05,-0.007956163641025483,0.5580257014049094,-9.769049428614944e-06,0.0006143487768777324,0.5146972250634969,0.0,0.0,1.0,0.0,0.0,0.0,0.0,0.0,0.0,-0.0,0.0,0.0,0.0,0.0,0.0,0.0,0.0,0.055,0.3,0.3,0.0,0.0,0.0,2.531736420921659e-06,0,0,0,0,0,inf,inf,0,0,0.0,1.437016244190962,2.8906311233800457e-06,0.005510395672407272,8.107195196117833e-06,-1.6347837558090381,-7.66344434626941e-05,1.6313111976446417,-0.7852914811187336,0.00015851095012591889,-0.010809239367095602,0.0001620678636314433,-0.037317457667619715,-0.000327885047549263,0.04332761188272243,0.00037138455738867715,-0.001254358166617889,-26.97497261195887,0.004380849845783603,19.76683152662832,0.7466739858099336,1.8089606069334736,-0.0010790534762684847,-0.001254358166617889,-26.97497261195887,0.004380849845783603,19.76683152662832,0.7466739858099336,1.8089606069334736,-0.0010790534762684847
0.9710000000000008,1,0,0,0,0.0011529004256008446,0.0,0.0,0.25493106059846116,0.5586622866006303,-1.2925605072024e-05,0.4363208925286445,0.0019511028683397715,9.575416701278711e-05,-0.007180908920429055,0.5580257014049094,-9.769049428614944e-06,0.0006365930216823192,0.5053087941094717,0.0,0.0,1.0,0.0,0.0,0.0,0.0,0.0,0.0,-0.0,0.0,0.0,0.0,0.0,0.0,0.0,0.0,0.055,0.3,0.3,0.0,0.0,0.0,2.0511642089111793e-06,0,0,0,0,0,inf,inf,0,0,0.0,1.436649041123187,4.365176604525664e-06,0.005397099337185981,9.594822478068531e-06,-1.6351509588768132,-7.933922959554247e-05,1.6317289994489041,-0.7852879842888749,0.00013812074657049917,-0.011751676507966775,0.00013762299079708463,-0.0362992743549711,-0.0002243591565617766,0.04059168208434027,0.00033120231132027984,-0.0018305898489289802,-26.922701318114544,0.003692271252526302,19.72971022484902,0.7453739160931774,1.8087363309702538,-0.0011237903109084363,-0.0018305898489289802,-26.922701318114544,0.003692271252526302,19.72971022484902,0.7453739160931774,1.8087363309702538,-0.0011237903109084363
0.9810000000000008,1,0,0,0,0.0010874084921637661,0.0,0.0,0.2998417542721704,0.5586786249690878,-1.1971487892213332e-05,0.43625250069249555,0.001381166161134932,9.475163991228885e-05,-0.006586309821904816,0.5580257014049094,-9.769049428614944e-06,0.0006529272787950288,0.4963525256503797,0.0,0.0,1.0,0.0,0.0,0.0,0.0,0.0,0.0,-0.0,0.0,0.0,0.0,0.0,0.0,0.0,0.0,0.055,0.3,0.3,0.0,0.0,0.0,1.6110377689368012e-06,0,0,0,0,0,inf,inf,0,0,0.0,1.436289629809509,5.626701137359108e-06,0.005274558987532467,1.0830291069121518e-05,-1.6355103701904912,-8.10390172665503e-05,1.6321222144573413,-0.785284912886751,0.0001161807922090721,-0.012658033275410386,0.0001118961112088079,-0.03570909286434601,-0.00012627028317341733,0.03835433382488952,0.0002869533848900856,-0.002293424369541743,-26.869019260577815,0.0031073520730809617,19.69338615140391,0.7441330276067425,1.8087487265204099,-0.001155457220765135,-0.002293424369541743,-26.869019260577815,0.0031073520730809617,19.69338615140391,0.7441330276067425,1.8087487265204099,-0.001155457220765135
0.9910000000000008,1,0,0,0,0.0010267743441261246,0.0,0.0,0.34814493249014145,0.5586895275665225,-1.103981897976337e-05,0.4361890845622518,0.0008593108334754933,9.160818827421854e-05,-0.006167458587020628,0.5580257014049094,-9.769049428614944e-06,0.0006638273779358763,0.4878132420063411,0.0,0.0,1.0,0.0,0.0,0.0,0.0,0.0,0.0,-0.0,0.0,0.0,0.0,0.0,0.0,0.0,0.0,0.055,0.3,0.3,0.0,0.0,0.0,1.2086631823993163e-06,0,0,0,0,0,inf,inf,0,0,0.0,1.4359339583755935,6.66347109277093e-06,0.005143249639939705,1.180489049929839e-05,-1.6358660416244066,-8.178605581706842e-05,1.6324956339586174,-0.7852822997440033,9.335962410620262e-05,-0.013508029985694165,8.561278401939133e-05,-0.03550636980928636,-3.325192112572628e-05,0.03658077360140463,0.0002400300345110295,-0.0026624077688625256,-26.814097281693186,0.002606942932944817,19.65772942407965,0.7429418373353318,1.8089802343900168,-0.0011752773989402755,-0.0026624077688625256,-26.814097281693186,0.002606942932944817,19.65772942407965,0.7429418373353318,1.8089802343900168,-0.0011752773989402755
1.0010000000000006,1,0,1,2,0.0009706343824037169,0.3892473517090916,0.026361218440849116,0.3997661152526455,0.558695984919215,-1.0172906007908862e-05,0.4361302299342495,0.0005470084086438518,7.720982970217173e-05,-0.005479062197575754,0.5580257014049094,-9.769049428614944e-06,0.000670283635970673,0.4795245593265961,0.0,0.0,1.0,-0.0020712766946059686,-0.002094276664744945,0.0,0.0,0.0,-0.0020712766946059686,-0.0,0.0,0.0,-1.0594627369564546e-05,-1.184529512168048e-05,0.0,0.0,0.0,0.055,0.3,0.2999894053726304,0.0,0.0,0.0,1.1318989116607092e-05,0,0,0,0,0,inf,inf,0,0,0.0,1.4355807864281431,7.48051369328033e-06,0.005003550985190274,1.2532768685583526e-05,-1.636219213571857,-8.178299608660888e-05,1.6328537835688781,-0.7852802123526114,7.533815986358976e-05,-0.014380004490353841,6.686934071941809e-05,-0.034837195243842524,-9.719559340599023e-06,0.0352272411703881,0.00018295765150185168,-0.0028588593718845484,-26.752087531361035,0.002269390742192303,19.612739821881135,0.7424616745459588,1.8000955427816563,-0.0009713331538850042,-0.0028588593718845484,-26.752087531361035,0.002269390742192303,19.612739821881135,0.7424616745459588,1.8000955427816563,-0.0009713331538850042
1.0109999999999995,1,0,1,2,0.0009240216736690334,0.4127973026982315,0.07632465357000288,0.45462570643744205,0.5587004626006233,-9.529515286632202e-06,0.43608076754051506,0.0003611091611102124,5.5241319939593314e-05,-0.004539711605660454,0.5580257014049094,-9.769049428614944e-06,0.000674761238230198,0.47080534074292607,0.0,0.0,1.0,-0.0017505308077208795,-0.0017727962369723088,0.0,0.0,0.0,-0.0017505308077208795,-0.0,0.0,0.0,-2.9448563476439956e-05,-3.092563905781994e-05,0.0,0.0,0.0,0.055,0.3,0.2999705514365235,0.0,0.0,0.0,9.33747843844246e-06,0,0,0,0,0,inf,inf,0,0,0.0,1.4352391859819205,8.174197302587235e-06,0.004854864296166756,1.3150780241635738e-05,-1.6365608140180796,-8.213694546781308e-05,1.6331988923030398,-0.7852785437191522,6.388757773765487e-05,-0.015252353967658276,5.6695359253824136e-05,-0.033650621372606264,-4.758794852366905e-05,0.033933942182404093,0.00015601628761212634,-0.0024755973057891444,-26.680100119866964,0.002501349081585809,19.554712811425848,0.7431455752007575,1.7808059115244022,-0.0008370247738351529,-0.0024755973057891444,-26.680100119866964,0.002501349081585809,19.554712811425848,0.7431455752007575,1.7808059115244022,-0.0008370247738351529
1.0209999999999984,1,0,1,2,0.000885906196192914,0.44731203794512225,0.12343566993169611,0.5126391165312255,0.5587029350738566,-9.061418315140368e-06,0.4360396913059953,0.00015211342252134297,4.0768013574039936e-05,-0.0037782293846619183,0.5580257014049094,-9.769049428614944e-06,0.0006772340386435988,0.46174268362925514,0.0,0.0,1.0,-0.0015260502883718738,-0.0015471502190960295,0.0,0.0,0.0,-0.0015260502883718738,-0.0,0.0,0.0,-4.565397774546668e-05,-4.734757152124853e-05,0.0,0.0,0.0,0.055,0.3,0.29995434602225446,0.0,0.0,0.0,8.03320735765554e-06,0,0,0,0,0,inf,inf,0,0,0.0,1.4349079218865997,8.736703693755719e-06,0.00469802567359061,1.3640159437421143e-05,-1.6368920781134004,-8.260630748783409e-05,1.633531508802773,-0.7852771015289196,4.976902010245291e-05,-0.01602224286436413,4.220665825044422e-05,-0.032733973516768246,-4.179916204000519e-05,0.03272790175407061,0.00013434649392326335,-0.0021106579978395256,-26.6093827403758,0.0027073172046731624,19.499832538402455,0.7432543399162209,1.764754105784676,-0.0008725762697575384,-0.0021106579978395256,-26.6093827403758,0.0027073172046731624,19.499832538402455,0.7432543399162209,1.764754105784676,-0.0008725762697575384
1.0309999999999973,1,0,1,2,0.0008546528840230596,0.4919687494776138,0.16949595563251196,0.5737168930605274,0.5587032814523314,-8.711458598972731e-06,0.43600540366305995,-6.122239539496223e-05,3.0789254545765785e-05,-0.003162638228230458,0.5580257014049094,-9.769049428614944e-06,0.0006775808727840479,0.4524688422235945,0.0,0.0,1.0,-0.0013671558631188562,-0.0013868298221821492,0.0,0.0,0.0,-0.0013671558631188562,-0.0,0.0,0.0,-5.99965718397167e-05,-6.189348341051124e-05,0.0,0.0,0.0,0.055,0.3,0.29994000342816024,0.0,0.0,0.0,7.193661945573527e-06,0,0,0,0,0,inf,inf,0,0,0.0,1.434584583513487,9.152373048432988e-06,0.0045340115195155,1.3974996879169155e-05,-1.6372154164865131,-8.288307124724278e-05,1.6338527085208907,-0.7852758904085995,3.482815940347627e-05,-0.016698061412100302,2.6273834213851207e-05,-0.032035584030360546,-1.3927700892462147e-05,0.03164180560821505,0.00010976621628121903,-0.0018273879560942172,-26.539196531899723,0.0028243076724548608,19.446909652681175,0.7430568752960249,1.7508026960005674,-0.0009214445946644607,-0.0018273879560942172,-26.539196531899723,0.0028243076724548608,19.446909652681175,0.7430568752960249,1.7508026960005674,-0.0009214445946644607
1.0409999999999962,1,0,1,2,0.0008289249058760764,0.5458804977927829,0.21595107792916604,0.6377648585209456,0.5587015275349866,-8.445222996795437e-06,0.43597659424749663,-0.00026719615152388945,2.3529620447936742e-05,-0.0026667096051927147,0.5580257014049094,-9.769049428614944e-06,0.0006758274266494142,0.44307308139936896,0.0,0.0,1.0,-0.0012523946735074662,-0.0012704973728297482,0.0,0.0,0.0,-0.0012523946735074662,-0.0,0.0,0.0,-7.300730297385735e-05,-7.509239400819447e-05,0.0,0.0,0.0,0.055,0.3,0.2999269926970261,0.0,0.0,0.0,6.665649196286936e-06,0,0,0,0,0,inf,inf,0,0,0.0,1.4342672454721532,9.419324399680762e-06,0.00436372571152782,1.415031935869056e-05,-1.6375327545278469,-8.282057402912741e-05,1.6341637609841637,-0.7852749415234753,2.0134804989776156e-05,-0.017286297002890444,1.0482031960945698e-05,-0.031509614803421314,2.3545786416512296e-05,0.03068576368596154,8.242988041289492e-05,-0.0016149015768433422,-26.469059247590355,0.0028638697063102726,19.395114097654115,0.7427075281049498,1.7381855305628304,-0.0009480826273854651,-0.0016149015768433422,-26.469059247590355,0.0028638697063102726,19.395114097654115,0.7427075281049498,1.7381855305628304,-0.0009480826273854651
1.050999999999995,1,0,1,2,0.0008076286618502728,0.6081410261412167,0.2639322971010791,0.7046842555920287,0.558697787916384,-8.241718433128485e-06,0.43595218828894333,-0.0004589507860877438,1.7946079785165627e-05,-0.002268927647405641,0.5580257014049094,-9.769049428614944e-06,0.0006720882469186196,0.4336159189939371,0.0,0.0,1.0,-0.0011676968023814958,-0.0011841657453550902,0.0,0.0,0.0,-0.0011676968023814958,-0.0,0.0,0.0,-8.504485577946984e-05,-8.730201185053287e-05,0.0,0.0,0.0,0.055,0.3,0.29991495514422045,0.0,0.0,0.0,6.342761269507517e-06,0,0,0,0,0,inf,inf,0,0,0.0,1.433954406395241,9.543809872840802e-06,0.004188013515019866,1.4172848921420816e-05,-1.6378455936047591,-8.236600067730166e-05,1.6344659557653154,-0.7852742728243455,6.325998126325152e-06,-0.01779239536122914,-4.281392746328559e-06,-0.03111649605838613,6.336104344447295e-05,0.029856274896031817,5.413013795149081e-05,-0.001451077598619952,-26.398667642120007,0.002848902314632123,19.34387394673555,0.742296780389158,1.726395603887063,-0.0009506685892422741,-0.001451077598619952,-26.398667642120007,0.002848902314632123,19.34387394673555,0.742296780389158,1.726395603887063,-0.0009506685892422741
1.060999999999994,1,0,1,2,0.0007898690142278666,0.6778667129779897,0.3142988175862822,0.7743718994139082,0.5586922269210719,-8.087777965310601e-06,0.4359313042705867,-0.0006328503967595758,1.3435467694907854e-05,-0.0019516443954703771,0.5580257014049094,-9.769049428614944e-06,0.0006665276366134124,0.42413884121891476,0.0,0.0,1.0,-0.0011044256767462558,-0.0011192589346828916,0.0,0.0,0.0,-0.0011044256767462558,-0.0,0.0,0.0,-9.635862738917983e-05,-9.87714579244952e-05,0.0,0.0,0.0,0.055,0.3,0.2999036413726108,0.0,0.0,0.0,6.15339507789605e-06,0,0,0,0,0,inf,inf,0,0,0.0,1.4336449263615718,9.536880514941572e-06,0.004007669045190741,1.4055736973072932e-05,-1.6381550736384283,-8.152057863533423e-05,1.6347605026160432,-0.7852738845653049,-6.229291903664241e-06,-0.0182212553424327,-1.7543161876022143e-05,-0.03082284308508839,0.00010140109019282021,0.02914244173969746,2.6504762450526572e-05,-0.0013179498357801722,-26.327841050178588,0.002798182685322219,19.29279936508478,0.7418772569182711,1.715101759973382,-0.0009349775865456581,-0.0013179498357801722,-26.327841050178588,0.002798182685322219,19.29279936508478,0.7418772569182711,1.715101759973382,-0.0009349775865456581
1.0709999999999928,1,0,1,2,0.0007749128619315695,0.754225338857829,0.36767921978935697,0.8467203366908713,0.5586850329943699,-7.974712256771327e-06,0.43591321917561704,-0.0007873437681918553,9.656599162809028e-06,-0.0017003865250859597,0.5580257014049094,-9.769049428614944e-06,0.0006593340310543841,0.41467081147011414,0.0,0.0,1.0,-0.0010576990032763187,-0.0010709384165811745,0.0,0.0,0.0,-0.0010576990032763187,-0.0,0.0,0.0,-0.00010713352975966389,-0.00010968587782419156,0.0,0.0,0.0,0.055,0.3,0.29989286647024027,0.0,0.0,0.0,6.050424897507876e-06,0,0,0,0,0,inf,inf,0,0,0.0,1.4333379671380502,9.412249803867979e-06,0.0038234391004148146,1.3815353264749646e-05,-1.63846203286195,-8.031531384269401e-05,1.6350484812324289,-0.7852737633302568,-1.7338277077530193e-05,-0.018577500718544217,-2.9087539240177977e-05,-0.03060103861996419,0.00013548059768861214,0.028530006527537646,6.905937825043417e-07,-0.0012036546430993541,-26.25648192757062,0.002724379110081515,19.241628083318062,0.741478437070586,1.7040900387459061,-0.0009071098018545829,-0.0012036546430993541,-26.25648192757062,0.002724379110081515,19.241628083318062,0.741478437070586,1.7040900387459061,-0.0009071098018545829
1.0809999999999917,1,0,1,2,0.0007621594965205028,0.8364516591578083,0.42451035098424067,0.9216180113765571,0.5586764023552443,-7.896332504788353e-06,0.43589733997070496,-0.0009221924052227363,6.4213953318080145e-06,-0.001503284816585087,0.5580257014049094,-9.769049428614944e-06,0.0006507036451684073,0.40523257679717944,0.0,0.0,1.0,-0.001025089373193193,-0.0010368073944214341,0.0,0.0,0.0,-0.001025089373193193,-0.0,0.0,0.0,-0.00011752006895477521,-0.00012019637397998291,0.0,0.0,0.0,0.055,0.3,0.2998824799310451,0.0,0.0,0.0,6.003186542762583e-06,0,0,0,0,0,inf,inf,0,0,0.0,1.4330329376861264,9.184868343023385e-06,0.003636025068082269,1.3469270228414523e-05,-1.6387670623138737,-7.87960506739608e-05,1.6353308223342242,-0.7852738869503804,-2.6926813485037696e-05,-0.018865618713901484,-3.886111221891267e-05,-0.03042863730128487,0.00016460254225707924,0.028003828742823297,-2.263534222083476e-05,-0.001101181567144448,-26.184548855660207,0.0026352785706746035,19.19018724542296,0.7411155163985887,1.6932236413995356,-0.0008718578108542235,-0.001101181567144448,-26.184548855660207,0.0026352785706746035,19.19018724542296,0.7411155163985887,1.6932236413995356,-0.0008718578108542235
1.0909999999999906,1,0,1,2,0.0007511164690258412,0.9238529714517587,0.48507243179271153,0.9989494366852911,0.558666528871843,-7.847811594725955e-06,0.43588318022439265,-0.0010379566375348615,3.628523994334596e-06,-0.0013506043838982685,0.5580257014049094,-9.769049428614944e-06,0.0006408303469182509,0.3958394900884664,0.0,0.0,1.0,-0.0010056848530227368,-0.0010159742268468263,0.0,0.0,0.0,-0.0010056848530227368,-0.0,0.0,0.0,-0.00012765345474567884,-0.00013043899978076992,0.0,0.0,0.0,0.055,0.3,0.29987234654525424,0.0,0.0,0.0,5.991768312655428e-06,0,0,0,0,0,inf,inf,0,0,0.0,1.432729446070027,8.869962026014294e-06,0.003446083908702559,1.3034998309473583e-05,-1.639070553929973,-7.701433812353075e-05,1.6356083073735326,-0.7852742284754487,-3.500072234286474e-05,-0.0190900206671521,-4.691146289041409e-05,-0.03028770216360701,0.00018849018120238568,0.027549310914953527,-4.3139995916564855e-05,-0.0010067934704544796,-26.112038304400095,0.002535354023082772,19.138367034311496,0.7407949328283349,1.6824161363930237,-0.0008326407713226973,-0.0010067934704544796,-26.112038304400095,0.002535354023082772,19.138367034311496,0.7407949328283349,1.6824161363930237,-0.0008326407713226973
1.1009999999999895,1,1,1,3,0.0007413872837374316,1.072734377176018,0.5503450508910805,1.0785953731643414,0.5586555959386548,-7.823373604049398e-06,0.43587034802208924,-0.0011377650214360491,2.903083168041841e-06,-0.0012272884592059961,0.5580257014049094,-9.769049428614944e-06,0.0006298975387289193,0.38650420133990515,0.0,0.0,1.0,-0.001425505290690961,-0.0014388333521942738,0.0,0.0,0.0,-0.001425505290690961,-0.0,0.0,0.0,-0.00013809105262579862,-0.00014119343999467808,0.0,0.0,0.0,0.055,0.3,0.299861908947374,0.0,0.0,0.0,6.1453943976705e-06,0,0,0,0,0,inf,inf,0,0,0.0,1.432427292254494,8.477800077654368e-06,0.003254239212217958,1.2522869283735924e-05,-1.639372707745506,-7.499211328872747e-05,1.635881539411951,-0.7852747498723371,-4.620731927216316e-05,-0.01924464307809464,-5.9690113528942336e-05,-0.030129922689077757,0.00023715076679608235,0.027114048771575885,-5.1593097701398755e-05,-0.0009187794344932183,-26.03911209793453,0.0024270043624642517,19.086221332071254,0.7405178642336421,1.6716353231770336,-0.0007917893153311124,-0.0009187794344932183,-26.03911209793453,0.0024270043624642517,19.086221332071254,0.7405178642336421,1.6716353231770336,-0.0007917893153311124
1.1109999999999884,1,1,1,4,0.000733220500725911,1.1883345717296352,0.629032104202339,1.1604330125525095,0.5586436913768498,-7.797835548601111e-06,0.43585910947306616,-0.0012295144760371488,1.009029843998826e-06,-0.001042710416790541,0.5580257014049094,-9.769049428614944e-06,0.000617993115740831,0.3772947406072722,0.0,0.0,1.0,-0.0015595098571093268,-0.0015737668365907685,0.0,0.0,0.0,-0.0015595098571093268,-0.0,0.0,0.0,-0.00015387505267382978,-0.00015723980328642036,0.0,0.0,0.0,0.055,0.3,0.29984612494732604,0.0,0.0,0.0,5.4600138209141755e-06,0,0,0,0,0,inf,inf,0,0,0.0,1.4321292546389446,7.979522418302609e-06,0.003061996981014085,1.1886843554762618e-05,-1.6396707453610555,-7.247218740124954e-05,1.6361480558113446,-0.7852753912612171,-4.868817530346208e-05,-0.019196267007461482,-6.134747694228195e-05,-0.029532241440252308,0.00023883527051545567,0.026280700059397318,-7.728746501121822e-05,-0.0008528311993778379,-25.96773655790648,0.002297517304851488,19.03495365306412,0.739992696264007,1.6633689453618832,-0.0008209408302854531,-0.0008528311993778379,-25.96773655790648,0.002297517304851488,19.03495365306412,0.739992696264007,1.6633689453618832,-0.0008209408302854531
1.1209999999999873,1,1,1,4,0.0007266512151966878,1.282481650499776,0.709761941909872,1.2443361671415698,0.5586310030835445,-7.802115707815343e-06,0.4358495241304954,-0.00129794689346276,-1.4486680006608104e-06,-0.0008953045433771551,0.5580257014049094,-9.769049428614944e-06,0.0006053048744118893,0.36824346964905363,0.0,0.0,1.0,-0.0014833031477572754,-0.0014956820121916194,0.0,0.0,0.0,-0.0014833031477572754,-0.0,0.0,0.0,-0.00016903533990832457,-0.00017253217775759297,0.0,0.0,0.0,0.055,0.3,0.29983096466009157,0.0,0.0,0.0,5.594410622199266e-06,0,0,0,0,0,inf,inf,0,0,0.0,1.4318370139536716,7.500775756208456e-06,0.0028705128384686057,1.1290116326141625e-05,-1.6399629860463285,-7.019188198103975e-05,1.636406774778829,-0.7852762370960198,-4.7364597526120436e-05,-0.01910371390286193,-5.860801075846388e-05,-0.028980077826145086,0.00022077536235827879,0.02555344222789549,-8.861637777260613e-05,-0.0008975139948117934,-25.89579174564155,0.0020556557481705992,18.982928962096917,0.740121482710947,1.6546676107213105,-0.0006470781788258535,-0.0008975139948117934,-25.89579174564155,0.0020556557481705992,18.982928962096917,0.740121482710947,1.6546676107213105,-0.0006470781788258535
1.1309999999999862,1,1,1,4,0.0007213137013635509,1.3809588687269216,0.792566058686475,1.3301754643485675,0.5586177388133479,-7.825889171729702e-06,0.4358412214149635,-0.0013471633281615346,-3.0293256930538974e-06,-0.0007816835917157002,0.5580257014049094,-9.769049428614944e-06,0.0005920405973093004,0.3593415227993074,0.0,0.0,1.0,-0.001425613757413108,-0.0014362982001167764,0.0,0.0,0.0,-0.001425613757413108,-0.0,0.0,0.0,-0.00018353615114365888,-0.00018714730862777706,0.0,0.0,0.0,0.055,0.3,0.29981646384885624,0.0,0.0,0.0,5.707739401218667e-06,0,0,0,0,0,inf,inf,0,0,0.0,1.4315500312059921,7.030960557870364e-06,0.0026801553275383285,1.0711956450533001e-05,-1.640249968794008,-6.804460009997929e-05,1.6366587573734772,-0.7852771472923361,-4.672755757185824e-05,-0.01897479822684427,-5.730974843399206e-05,-0.028473258847561203,0.0002106279199662775,0.024919869943069155,-9.245436217691404e-05,-0.0008663467790262455,-25.82337128829607,0.0018917227729119527,18.93028891580638,0.7401534032175262,1.645565537389607,-0.0005822926531098431,-0.0008663467790262455,-25.82337128829607,0.0018917227729119527,18.93028891580638,0.7401534032175262,1.645565537389607,-0.0005822926531098431
1.1409999999999851,1,1,1,4,0.0007169077292933637,1.4830875136962376,0.8777035977106854,1.4178185461989667,0.5586040739946768,-7.861943401475663e-06,0.4358338984227622,-0.001380121612492145,-4.002734718176187e-06,-0.0006956805814577484,0.5580257014049094,-9.769049428614944e-06,0.0005783757339720493,0.35058388003256746,0.0,0.0,1.0,-0.001385715874972048,-0.001394883681587065,0.0,0.0,0.0,-0.001385715874972048,-0.0,0.0,0.0,-0.00019755839950088365,-0.00020126791661236737,0.0,0.0,0.0,0.055,0.3,0.299802441600499,0.0,0.0,0.0,5.802546459667393e-06,0,0,0,0,0,inf,inf,0,0,0.0,1.4312679395707466,6.566033784080524e-06,0.002491279526331909,1.0142794604770854e-05,-1.6405320604292535,-6.597359370434789e-05,1.6369048124975196,-0.7852780827064618,-4.6311560512512114e-05,-0.018811158533391267,-5.665139905890454e-05,-0.027996684647648977,0.00020464767235335232,0.02435758263473851,-9.429354231217744e-05,-0.0008214062916177769,-25.750595404655645,0.001743606254585294,18.877112020492575,0.7401338165848559,1.636153755608221,-0.0005502669887653104,-0.0008214062916177769,-25.750595404655645,0.001743606254585294,18.877112020492575,0.7401338165848559,1.636153755608221,-0.0005502669887653104
1.150999999999984,1,1,1,4,0.0007131869433031615,1.5882845093394813,0.9653141357141408,1.50713027341305,0.5585901573477945,-7.905304968231754e-06,0.43582730752516285,-0.00139927521645461,-4.558226740167855e-06,-0.0006322562833774473,0.5580257014049094,-9.769049428614944e-06,0.0005644590197718045,0.34196821638377917,0.0,0.0,1.0,-0.0013631090636525539,-0.0013709288798582605,0.0,0.0,0.0,-0.0013631090636525539,-0.0,0.0,0.0,-0.00021127713334459036,-0.00021507077983579383,0.0,0.0,0.0,0.055,0.3,0.2997887228666553,0.0,0.0,0.0,5.8816582917736786e-06,0,0,0,0,0,inf,inf,0,0,0.0,1.4309905013444786,6.105223493059751e-06,0.0023042214454368536,9.578770091228723e-06,-1.6408094986555215,-6.394991584121701e-05,1.637145554138737,-0.7852790329420558,-4.58784229342424e-05,-0.018614890782064547,-5.6210466083536124e-05,-0.027539089140843933,0.00020069482684249206,0.023849277817408854,-9.556905114038403e-05,-0.0007805015123355511,-25.677572382479298,0.0015936226506461121,18.823470503988172,0.740088045733712,1.6265016311871792,-0.0005269930449925504,-0.0007805015123355511,-25.677572382479298,0.0015936226506461121,18.823470503988172,0.740088045733712,1.6265016311871792,-0.0005269930449925504
1.160999999999983,1,1,1,4,0.0007099492740176008,1.6960452587852064,1.055445440038058,1.5979729337808974,0.5585761153351236,-7.952548654608256e-06,0.43582124628629276,-0.0014066772048999558,-4.8254318052566676e-06,-0.0005872884383548273,0.5580257014049094,-9.769049428614944e-06,0.0005504169276548253,0.3334940549369129,0.0,0.0,1.0,-0.0013573736455876465,-0.0013640029007159424,0.0,0.0,0.0,-0.0013573736455876465,-0.0,0.0,0.0,-0.0002248629292953363,-0.00022872810096125128,0.0,0.0,0.0,0.055,0.3,0.2997751370707046,0.0,0.0,0.0,5.947490320311755e-06,0,0,0,0,0,inf,inf,0,0,0.0,1.4307175744486702,5.649438275939699e-06,0.0021192944409899623,9.019075220639064e-06,-1.6410824255513299,-6.196068556731666e-05,1.6373814459262552,-0.7852799941423209,-4.530688793583789e-05,-0.018388377569736238,-5.575982181185146e-05,-0.027092191747642276,0.00019752677395083206,0.023381626214210225,-9.652101001946351e-05,-0.0007475502421491209,-25.6044018770422,0.0014380472652532842,18.76943281981701,0.740030816266648,1.6166624593127308,-0.0005054852230827069,-0.0007475502421491209,-25.6044018770422,0.0014380472652532842,18.76943281981701,0.740030816266648,1.6166624593127308,-0.0005054852230827069
1.1709999999999818,1,1,1,4,0.0007070290713867824,1.8059288653997358,1.1480753455979325,1.690206454504628,0.5585620557055406,-8.001304310597171e-06,0.43581554926460275,-0.0014040607766587164,-4.892497438215284e-06,-0.0005574005081340733,0.5580257014049094,-9.769049428614944e-06,0.0005363572137376815,0.325162141790242,0.0,0.0,1.0,-0.0013680902391676943,-0.0013736740437161412,0.0,0.0,0.0,-0.0013680902391676943,-0.0,0.0,0.0,-0.00023848221582713292,-0.00024240781557223373,0.0,0.0,0.0,0.055,0.3,0.29976151778417276,0.0,0.0,0.0,6.001918043154322e-06,0,0,0,0,0,inf,inf,0,0,0.0,1.4304490863552917,5.2004063745742975e-06,0.001936787057371657,8.464519056325443e-06,-1.6413509136447084,-6.000228139971753e-05,1.6376128358801887,-0.7852809628739437,-4.4541871690688394e-05,-0.018134165042325717,-5.5182470330141635e-05,-0.026650034016581548,0.0001944372667200464,0.022944398569876,-9.709871083566848e-05,-0.0007224361852901074,-25.531177324627222,0.0012772143743499337,18.715065402673165,0.7399707270222546,1.6066776567129546,-0.0004841165340194984,-0.0007224361852901074,-25.531177324627222,0.0012772143743499337,18.715065402673165,0.7399707270222546,1.6066776567129546,-0.0004841165340194984
1.1809999999999807,1,1,1,4,0.0007042908239354431,1.917879775673029,1.2431346652030397,1.7836886181805058,0.5585480695870438,-8.049949742784726e-06,0.43581008154214057,-0.0013933033509868312,-4.832360700454913e-06,-0.0005397166756582461,0.5580257014049094,-9.769049428614944e-06,0.0005223710108823039,0.31697407584035375,0.0,0.0,1.0,-0.0013925000398803276,-0.0013967054369954646,0.0,0.0,0.0,-0.0013925000398803276,-0.0,0.0,0.0,-0.0002522929923962858,-0.0002562677839762997,0.0,0.0,0.0,0.055,0.3,0.29974770700760356,0.0,0.0,0.0,5.928523075725494e-06,0,0,0,0,0,inf,inf,0,0,0.0,1.4301850135587888,4.760242034227068e-06,0.0017569609736726257,7.91679347618975e-06,-1.6416149864412113,-5.8076665493346415e-05,1.6378399813069178,-0.7852819342435252,-4.353911830007017e-05,-0.017855377703783957,-5.438463329228759e-05,-0.026208612375844136,0.0001908510087855005,0.0225286001166966,-9.693109550382155e-05,-0.0007023323842093762,-25.45799005490463,0.001114159791574397,18.66044182112575,0.739914256504307,1.5965894753690366,-0.00046458803871398063,-0.0007023323842093762,-25.45799005490463,0.001114159791574397,18.66044182112575,0.739914256504307,1.5965894753690366,-0.00046458803871398063
1.1909999999999796,1,1,1,4,0.0007016288049332122,2.0317169420083845,1.3405963832815717,1.8782752820878648,0.5585342122134147,-8.09762523557475e-06,0.435804739073137,-0.00137929060578196,-4.704692926987891e-06,-0.0005309825901654144,0.5580257014049094,-9.769049428614944e-06,0.000508513555400034,0.3089344199561951,0.0,0.0,1.0,-0.0014232229112492443,-0.0014266918965721873,0.0,0.0,0.0,-0.0014232229112492443,-0.0,0.0,0.0,-0.00026637611833833097,-0.0002703888202627885,0.0,0.0,0.0,0.055,0.3,0.29973362388166147,0.0,0.0,0.0,5.896421807732931e-06,0,0,0,0,0,inf,inf,0,0,0.0,1.429925355067412,4.331474094776335e-06,0.0015800216383989431,7.3785954055437495e-06,-1.641874644932588,-5.619176430443008e-05,1.6380630090958426,-0.7852828985977914,-4.231284522193695e-05,-0.017559707395272305,-5.3332774529239725e-05,-0.025767241160472534,0.00018649808677000972,0.02211838307097688,-9.599819578167288e-05,-0.0006840550623667969,-25.384956452358235,0.0009522067379314629,18.60575379753228,0.7398669046713243,1.5865749897875503,-0.00044839978037944134,-0.0006840550623667969,-25.384956452358235,0.0009522067379314629,18.60575379753228,0.7398669046713243,1.5865749897875503,-0.00044839978037944134
1.2009999999999785,1,1,1,4,0.0006989630474674427,2.1463522384776694,1.4403047415543277,1.9738206004467376,0.5585205066710797,-8.14367971541259e-06,0.43579944416423655,-0.0013631508149226767,-4.5175555916395456e-06,-0.0005292574252991527,0.5580257014049094,-9.769049428614944e-06,0.0004948079357251267,0.30104970849361173,0.0,0.0,1.0,-0.001466804125231615,-0.0014696430284542772,0.0,0.0,0.0,-0.001466804125231615,-0.0,0.0,0.0,-0.0002808376830507395,-0.00028488152713266376,0.0,0.0,0.0,0.055,0.3,0.2997191623169491,0.0,0.0,0.0,5.868760641770928e-06,0,0,0,0,0,inf,inf,0,0,0.0,1.429670110195008,3.915712779894597e-06,0.0014061126495414065,6.851766104910321e-06,-1.642129889804992,-5.4352498921803574e-05,1.6382819495350618,-0.785283852236371,-4.0956230256006196e-05,-0.017251002621396918,-5.213113098541942e-05,-0.025325854370942008,0.00018177078304644915,0.02171096023485907,-9.4799908990194e-05,-0.0006708775364913462,-25.31214423897827,0.0007882389153661446,18.551085012452514,0.7398244737122052,1.5766764618631937,-0.00043136207923195283,-0.0006708775364913462,-25.31214423897827,0.0007882389153661446,18.551085012452514,0.7398244737122052,1.5766764618631937,-0.00043136207923195283
1.2109999999999774,1,1,1,4,0.0006962293839372349,2.2615509703937073,1.5420509450005382,2.0701772493014783,0.5585069739610893,-8.187623706002096e-06,0.4357941343608793,-0.0013449441924662307,-4.289283319943466e-06,-0.0005331925756770225,0.5580257014049094,-9.769049428614944e-06,0.0004812751543963839,0.2933248555732187,0.0,0.0,1.0,-0.00152262980506394,-0.001524932209081864,0.0,0.0,0.0,-0.00152262980506394,-0.0,0.0,0.0,-0.00029580292729805563,-0.000299872137343295,0.0,0.0,0.0,0.055,0.3,0.29970419707270185,0.0,0.0,0.0,5.842757006676168e-06,0,0,0,0,0,inf,inf,0,0,0.0,1.4294192798297447,3.514088135296089e-06,0.0012353518171353325,6.337633596496065e-06,-1.6423807201702554,-5.256228159740017e-05,1.638496833814107,-0.7852847922360279,-3.950030780953747e-05,-0.0169315051918954,-5.081015948664003e-05,-0.024884353005163597,0.00017673049538135846,0.021306893163984025,-9.330135024671978e-05,-0.0006613480607635607,-25.239608834060153,0.0006238252523789583,18.496472849816115,0.7397866282967767,1.566877145424832,-0.0004145544569893278,-0.0006613480607635607,-25.239608834060153,0.0006238252523789583,18.496472849816115,0.7397866282967767,1.566877145424832,-0.0004145544569893278
1.2209999999999763,1,1,1,4,0.0006933762777924504,2.3770905558373676,1.6456235001875397,2.167196653683621,0.5584936341277204,-8.229125292333797e-06,0.43578875934384176,-0.001324791392785165,-4.033766026254568e-06,-0.0005416775926554436,0.5580257014049094,-9.769049428614944e-06,0.0004679352566794308,0.2857633045784853,0.0,0.0,1.0,-0.0015900489296860126,-0.001591897086333637,0.0,0.0,0.0,-0.0015900489296860126,-0.0,0.0,0.0,-0.0003113907429856176,-0.0003154804151720865,0.0,0.0,0.0,0.055,0.3,0.29968860925701435,0.0,0.0,0.0,5.816312817709665e-06,0,0,0,0,0,inf,inf,0,0,0.0,1.4291728647047404,3.1274362378650557e-06,0.001067835833858908,5.8372350916635945e-06,-1.6426271352952597,-5.082387602855185e-05,1.6387076978236994,-0.785285715697608,-3.7973220718755675e-05,-0.016603225175520077,-4.939789952541879e-05,-0.02444283809155682,0.0001714443384768726,0.020906587597173416,-9.152605180420774e-05,-0.0006546849434081827,-25.167411390608716,0.00045984370940961404,18.441962407253598,0.7397529425217944,1.5571664519075232,-0.00039836233798880966,-0.0006546849434081827,-25.167411390608716,0.00045984370940961404,18.441962407253598,0.7397529425217944,1.5571664519075232,-0.00039836233798880966
1.2309999999999752,1,1,1,4,0.0006903626007469235,2.492758658395616,1.7508100806961298,2.2647292167037163,0.5584805057863832,-8.267973332779965e-06,0.43578327880144774,-0.001302850611056416,-3.761752722266274e-06,-0.0005537954513756474,0.5580257014049094,-9.769049428614944e-06,0.00045480685860839503,0.2783673202732445,0.0,0.0,1.0,-0.0016683793623545205,-0.001669845522690242,0.0,0.0,0.0,-0.0016683793623545205,-0.0,0.0,0.0,-0.0003277133364789353,-0.00033181933344145177,0.0,0.0,0.0,0.055,0.3,0.299672286663521,0.0,0.0,0.0,5.787831634863499e-06,0,0,0,0,0,inf,inf,0,0,0.0,1.4289308636817375,2.756326479338776e-06,0.0009036424306696166,5.3513401470132255e-06,-1.6428691363182626,-4.913936392996967e-05,1.638914580928627,-0.7852866200781617,-3.640042546932512e-05,-0.016267969381795082,-4.792003620104394e-05,-0.024001560250915387,0.00016598070942928922,0.020510349913408357,-8.951613905231648e-05,-0.0006503732771765642,-25.09561749592999,0.0002968867258494047,18.3876048299407,0.73972293096878,1.547538531055772,-0.0003829189907784362,-0.0006503732771765642,-25.09561749592999,0.0002968867258494047,18.3876048299407,0.73972293096878,1.547538531055772,-0.0003829189907784362
1.2409999999999741,1,1,1,4,0.0006871558301519134,2.608351643280191,1.8573989129290565,2.362624550218888,0.5584676058423809,-8.30405097544865e-06,0.43577766070105595,-0.001279301305173823,-3.481694343233919e-06,-0.0005687862880396032,0.5580257014049094,-9.769049428614944e-06,0.00044190686584105873,0.2711382145177386,0.0,0.0,1.0,-0.0017569121342191959,-0.0017580597768934439,0.0,0.0,0.0,-0.0017569121342191959,-0.0,0.0,0.0,-0.00034487594228064513,-0.00034899479994756054,0.0,0.0,0.0,0.055,0.3,0.29965512405771927,0.0,0.0,0.0,5.756087758447616e-06,0,0,0,0,0,inf,inf,0,0,0.0,1.428693272495904,2.4010888613141653e-06,0.0007428322784607184,4.880475784058635e-06,-1.643106727504096,-4.7510155450742784e-05,1.6391175251850612,-0.7852875032850218,-3.480460403693267e-05,-0.01592736447806976,-4.639960969925832e-05,-0.023560877067531523,0.0001604052353019912,0.020118422967624828,-8.73177416372077e-05,-0.0006480190138282661,-25.024296151684062,0.00013540887883467122,18.33345600265012,0.7396960911822917,1.537991206212221,-0.0003682602355408076,-0.0006480190138282661,-25.024296151684062,0.00013540887883467122,18.33345600265012,0.7396960911822917,1.537991206212221,-0.0003682602355408076
1.250999999999973,1,1,1,4,0.000683730585722713,2.723673309505832,1.9651797868522731,2.4607317067204506,0.5584549493446578,-8.337315945491439e-06,0.4357718798841983,-0.0012543327412222844,-3.2003046753384246e-06,-0.0005860180086718069,0.5580257014049094,-9.769049428614944e-06,0.00042925032747689635,0.2640765220602605,0.0,0.0,1.0,-0.0018549143805532972,-0.0018557993303677308,0.0,0.0,0.0,-0.0018549143805532972,-0.0,0.0,0.0,-0.0003629765718099156,-0.0003671054179233268,0.0,0.0,0.0,0.055,0.3,0.29963702342819,0.0,0.0,0.0,5.720132522628044e-06,0,0,0,0,0,inf,inf,0,0,0.0,1.4284600828863692,2.061842180090941e-06,0.0005854506814954116,4.424954202178764e-06,-1.643339917113631,-4.593703310065246e-05,1.6393165748357,-0.7852883636808878,-3.320559532663053e-05,-0.015582876104958432,-4.485680851683074e-05,-0.023121217733877014,0.00015477802403832583,0.019731008128549984,-8.497541206360233e-05,-0.0006472930563348899,-24.95351896317535,-2.421565569026735e-05,18.279575512331597,0.7396719370346333,1.5285251706692382,-0.00035438083421229403,-0.0006472930563348899,-24.95351896317535,-2.421565569026735e-05,18.279575512331597,0.7396719370346333,1.5285251706692382,-0.00035438083421229403
1.260999999999972,1,1,1,4,0.0006800674404834053,2.8385338592422125,2.0739447764583177,2.558899412084028,0.5584425494338863,-8.367785389896501e-06,0.4357659169239914,-0.0012281360444241494,-2.922941914713513e-06,-0.0006049624754279944,0.5580257014049094,-9.769049428614944e-06,0.0004168503841941783,0.2571821386438597,0.0,0.0,1.0,-0.001961631308063814,-0.001962302742457892,0.0,0.0,0.0,-0.001961631308063814,-0.0,0.0,0.0,-0.00038210578591522964,-0.00038624226912046725,0.0,0.0,0.0,0.055,0.3,0.2996178942140848,0.0,0.0,0.0,5.679226932010889e-06,0,0,0,0,0,inf,inf,0,0,0.0,1.4282312820436944,1.7385224271970568e-06,0.00043152909703212343,3.984901682813781e-06,-1.6435687179563057,-4.4420216244166594e-05,1.6395117759721514,-0.7852892000543145,-3.162041437798109e-05,-0.015235824960816038,-4.330892226343516e-05,-0.02268305423518221,0.00014915213435828524,0.019348278239309572,-8.252993201505538e-05,-0.0006479079693147385,-24.88335948591767,-0.00018166836812879373,18.226025815822698,0.7396500202528391,1.5191433766709221,-0.00034125656914001036,-0.0006479079693147385,-24.88335948591767,-0.00018166836812879373,18.226025815822698,0.7396500202528391,1.5191433766709221,-0.00034125656914001036
1.2709999999999708,1,1,1,4,0.000676151953321962,2.9527490702459325,2.1834887384820902,2.6569762988232863,0.5584304173553981,-8.395523858082705e-06,0.43575975719499593,-0.0012008987897711935,-2.653874067372018e-06,-0.0006251762225809089,0.5580257014049094,-9.769049428614944e-06,0.000404718281218553,0.25045443054060096,0.0,0.0,1.0,-0.0020762875374645035,-0.0020767888824292013,0.0,0.0,0.0,-0.0020762875374645035,-0.0,0.0,0.0,-0.0004023464833571812,-0.0004064887117465826,0.0,0.0,0.0,0.055,0.3,0.2995976535166428,0.0,0.0,0.0,5.632792923875885e-06,0,0,0,0,0,inf,inf,0,0,0.0,1.428006852313254,1.43091052511856e-06,0.0002810865074085702,3.560287188039305e-06,-1.643793147686746,-4.2959435602006844e-05,1.6397031762926708,-0.7852900115768103,-3.0063354787936256e-05,-0.014887400556547935,-4.1770429733408195e-05,-0.0222468782769379,0.00014357296048046427,0.0189703847500192,-8.001749993573606e-05,-0.0006496072141391134,-24.813892690892867,-0.00033667429766954176,18.17287156377707,0.7396299421422255,1.5098505668959274,-0.00032885387795859395,-0.0006496072141391134,-24.813892690892867,-0.00033667429766954176,18.17287156377707,0.7396299421422255,1.5098505668959274,-0.00032885387795859395
1.2809999999999697,1,1,1,4,0.0006719738805867339,3.0661396411509996,2.2936096443903717,2.7548111394876287,0.5584185625156332,-8.420633494092776e-06,0.4357533901150411,-0.001172801425038951,-2.396468746953947e-06,-0.000646284853019476,0.5580257014049094,-9.769049428614944e-06,0.00039286342479882114,0.24389232231538222,0.0,0.0,1.0,-0.0021980881220762835,-0.002198457841503447,0.0,0.0,0.0,-0.0021980881220762835,-0.0,0.0,0.0,-0.00042377370070638344,-0.00042792018873201963,0.0,0.0,0.0,0.055,0.3,0.2995762262992936,0.0,0.0,0.0,5.580377875727739e-06,0,0,0,0,0,inf,inf,0,0,0.0,1.4277867711014516,1.138658681282823e-06,0.0001341306649391682,3.1509495344954614e-06,-1.6440132288985485,-4.155401027056479e-05,1.6398908249098696,-0.7852907977556186,-2.854615264612945e-05,-0.014538673151704743,-4.0253179562105265e-05,-0.02181318316709949,0.00013807823810739237,0.01859746123851793,-7.74695418939229e-05,-0.0006521596105115626,-24.745194519787805,-0.0004889952330518112,18.120179044118007,0.7396113582542164,1.500652911557486,-0.00031713464680370007,-0.0006521596105115626,-24.745194519787805,-0.0004889952330518112,18.120179044118007,0.7396113582542164,1.500652911557486,-0.00031713464680370007
1.2909999999999686,1,1,1,4,0.0006675265322574056,3.178530683011528,2.4041087894682294,2.852253079843959,0.5584069925667621,-8.443245837644967e-06,0.43574680852611924,-0.0011440150085464617,-2.153333808940134e-06,-0.0006679704266097222,0.5580257014049094,-9.769049428614944e-06,0.0003812934668495469,0.23749436790750536,0.0,0.0,1.0,-0.002326219495407779,-0.0023264917794990955,0.0,0.0,0.0,-0.002326219495407779,-0.0,0.0,0.0,-0.00044645442184823494,-0.0004506040445678266,0.0,0.0,0.0,0.055,0.3,0.2995535455781517,0.0,0.0,0.0,5.5216285608211926e-06,0,0,0,0,0,inf,inf,0,0,0.0,1.427571010939355,8.613148685474311e-07,-9.340774342119658e-06,2.7566224326682112e-06,-1.6442289890606452,-4.0202922367141906e-05,1.640074772180975,-0.7852915583864751,-2.7078190008811355e-05,-0.01419060424644692,-3.87666255307549e-05,-0.021382449912129304,0.00013269844179277386,0.018229624811111483,-7.491283176271186e-05,-0.0006553561961160476,-24.677341508786032,-0.0006384254036235481,18.068015717423236,0.7395939783537484,1.4915577240095879,-0.000306058899261518,-0.0006553561961160476,-24.677341508786032,-0.0006384254036235481,18.068015717423236,0.7395939783537484,1.4915577240095879,-0.000306058899261518
1.3009999999999675,1,1,1,4,0.0006628062447474872,3.289751333934406,2.5147909136022544,2.9491518714829845,0.558395713508521,-8.463514847078114e-06,0.43574000818760333,-0.0011146998832433491,-1.9264260675913507e-06,-0.000689961281459745,0.5580257014049094,-9.769049428614944e-06,0.0003700144068001433,0.2312588088475149,0.0,0.0,1.0,-0.0024598505521380228,-0.0024600559114916756,0.0,0.0,0.0,-0.0024598505521380228,-0.0,0.0,0.0,-0.000470447397548239,-0.0004745993512306425,0.0,0.0,0.0,0.055,0.3,0.29952955260245173,0.0,0.0,0.0,5.456271887506019e-06,0,0,0,0,0,inf,inf,0,0,0.0,1.4273595396653778,5.983451392189735e-07,-0.0001493392152404364,2.3769570099085585e-06,-1.6444404603346223,-3.890488634787923e-05,1.6402550695452118,-0.7852922935085436,-2.566671997944298e-05,-0.013844055905706726,-3.7318087959048896e-05,-0.020955136852608507,0.00012745740778483572,0.017866976369499354,-7.236977359328387e-05,-0.0006590082808808231,-24.610410464903964,-0.0007847884561875952,18.016449823426093,0.7395775634597898,1.4825732348917051,-0.0002955864334670784,-0.0006590082808808231,-24.610410464903964,-0.0007847884561875952,18.016449823426093,0.7395775634597898,1.4825732348917051,-0.0002955864334670784
1.3109999999999664,1,1,1,4,0.0006578119476685898,3.399634476849857,2.6254642608211802,3.045358103491359,0.5583847297994766,-8.481610885317399e-06,0.4357329873600263,-0.0010850050109402288,-1.7171392444729803e-06,-0.0007120238339442361,0.5580257014049094,-9.769049428614944e-06,0.00035903070287029857,0.2251836224808288,0.0,0.0,1.0,-0.002598134020189875,-0.0025982997927439582,0.0,0.0,0.0,-0.002598134020189875,-0.0,0.0,0.0,-0.000495802977316534,-0.0004999567455027428,0.0,0.0,0.0,0.055,0.3,0.29950419702268344,0.0,0.0,0.0,5.3841005508161725e-06,0,0,0,0,0,inf,inf,0,0,0.0,1.4271523206949708,3.491536341336246e-07,-0.0002858841757612491,2.0115416721835157e-06,-1.6446476793050293,-3.7658411409730005e-05,1.640431769360703,-0.7852930033626855,-2.4317099917694975e-05,-0.013499799120940407,-3.5913021281782055e-05,-0.020531672238337562,0.00012237306791499435,0.01750960037922716,-6.985876779543242e-05,-0.0006629461251486672,-24.544478182883093,-0.0009279351436667664,17.965550042890023,0.7395619212159676,1.4737084100942768,-0.00028567785683821233,-0.0006629461251486672,-24.544478182883093,-0.0009279351436667664,17.965550042890023,0.7395619212159676,1.4737084100942768,-0.00028567785683821233
1.3209999999999653,1,1,1,4,0.0006525448061751307,3.508016543393685,2.735940598538654,3.140723432832495,0.5583740444722832,-8.497715506936597e-06,0.4357257464617388,-0.0010550677655921685,-1.5263782392963144e-06,-0.0007339559880649538,0.5580257014049094,-9.769049428614944e-06,0.00034834538733470865,0.21926656236596728,0.0,0.0,1.0,-0.0027402082382208914,-0.0027403590164894057,0.0,0.0,0.0,-0.0027402082382208914,-0.0,0.0,0.0,-0.0005225629571454925,-0.0005267182813344993,0.0,0.0,0.0,0.055,0.3,0.2994774370428545,0.0,0.0,0.0,5.304962249244032e-06,0,0,0,0,0,inf,inf,0,0,0.0,1.4269493133508833,1.1310026151733611e-07,-0.0004190024185336416,1.6599193197300667e-06,-1.6448506866491168,-3.646185631171781e-05,1.6406049247382304,-0.7852936883536271,-2.3033023103785803e-05,-0.013158521363639406,-3.455527467888095e-05,-0.02011244921760053,0.0001174582183396096,0.01715756453372001,-6.739461501393602e-05,-0.0006670179410870082,-24.479621193647933,-0.0010677414205462297,17.9153852029113,0.7395469004516885,1.4649728016812045,-0.0002762952403819292,-0.0006670179410870082,-24.479621193647933,-0.0010677414205462297,17.9153852029113,0.7395469004516885,1.4649728016812045,-0.0002762952403819292
1.3309999999999642,1,1,1,4,0.000647007923961245,3.6147373894794446,2.84603521251905,3.235100813080763,0.5583636592491875,-8.512016934778032e-06,0.43571828778405275,-0.0010250140397105368,-1.3546241290446307e-06,-0.0007555818532146458,0.5580257014049094,-9.769049428614944e-06,0.0003379601820330658,0.21350519248990965,0.0,0.0,1.0,-0.0028851994135686075,-0.002885357399662325,0.0,0.0,0.0,-0.0028851994135686075,-0.0,0.0,0.0,-0.0005507604476178794,-0.0005549173018215488,0.0,0.0,0.0,0.055,0.3,0.29944923955238206,0.0,0.0,0.0,5.218751506588397e-06,0,0,0,0,0,inf,inf,0,0,0.0,1.4267504732324046,-1.1048390004317302e-07,-0.0005487271538836012,1.3216020344440034e-06,-1.6450495267675955,-3.5313476554327235e-05,1.6407745893721901,-0.7852943490162351,-2.1816742179571323e-05,-0.012820833447795959,-3.3247337589542565e-05,-0.019697822786494797,0.00011272127430108682,0.01681091954388877,-6.498892896528451e-05,-0.0006710890467818714,-24.415915537574687,-0.0012041067691518827,17.866024016569114,0.7395323855049131,1.456376423752274,-0.0002674025174764732,-0.0006710890467818714,-24.415915537574687,-0.0012041067691518827,17.866024016569114,0.7395323855049131,1.456376423752274,-0.0002674025174764732
1.340999999999963,1,1,1,4,0.0006412060948015877,3.7196402304164415,2.9555668896520753,3.328344721156431,0.5583535746552494,-8.524706146050066e-06,0.435710615253178,-0.0009949585585018491,-1.2019925514216867e-06,-0.0007767475247962103,0.5580257014049094,-9.769049428614944e-06,0.000327875611594892,0.20789691655116377,0.0,0.0,1.0,-0.003032224400777613,-0.00303240969662945,0.0,0.0,0.0,-0.003032224400777613,-0.0,0.0,0.0,-0.0005804197674378371,-0.0005845783359235453,0.0,0.0,0.0,0.055,0.3,0.2994195802325621,0.0,0.0,0.0,5.12540340932628e-06,0,0,0,0,0,inf,inf,0,0,0.0,1.4265557526061732,-3.2228336643260485e-07,-0.0006750973081632591,9.96083418209017e-07,-1.645244247393827,-3.421146423333412e-05,1.6409408173707303,-0.7852949859858778,-2.066927995899584e-05,-0.012487275791838802,-3.199056544578475e-05,-0.019288108309699202,0.00010816698117916597,0.016469699173404278,-6.265054006389256e-05,-0.0006750410775507471,-24.353436557492014,-0.0013369526555069423,17.81753484999017,0.7395182906691136,1.4479296473108538,-0.0002589657069575316,-0.0006750410775507471,-24.353436557492014,-0.0013369526555069423,17.81753484999017,0.7395182906691136,1.4479296473108538,-0.0002589657069575316
1.350999999999962,1,1,1,4,0.0006351455928240426,3.8225716253870807,3.0643578974993972,3.420311381711698,0.5583437901276437,-8.535973515681468e-06,0.43570273422946304,-0.0009650053260835616,-1.0682870084244928e-06,-0.0007973177269558425,0.5580257014049094,-9.769049428614944e-06,0.00031809111274437146,0.20243900326694364,0.0,0.0,1.0,-0.0031803940102103296,-0.0031806248502664015,0.0,0.0,0.0,-0.0031803940102103296,-0.0,0.0,0.0,-0.0006115563676663031,-0.0006157170252794802,0.0,0.0,0.0,0.055,0.3,0.2993884436323337,0.0,0.0,0.0,5.024888750384969e-06,0,0,0,0,0,inf,inf,0,0,0.0,1.4263651008047002,-5.229870382113458e-07,-0.0007981568517361442,6.828487939638641e-07,-1.6454348991952998,-3.315398110536894e-05,1.64110366308784,-0.7852955999727215,-1.959062489270117e-05,-0.012158324151301596,-3.078538337695308e-05,-0.018883581282782162,0.00010379706521901184,0.016133920567641548,-6.038587849396217e-05,-0.000678771198425381,-24.292258707589546,-0.0014662210530173323,17.769985511528727,0.7395045549865246,1.439643109748645,-0.0002509530141127027,-0.000678771198425381,-24.292258707589546,-0.0014662210530173323,17.769985511528727,0.7395045549865246,1.439643109748645,-0.0002509530141127027
1.360999999999961,1,1,1,4,0.0006288339935716361,3.9233815027641903,3.1722339671164774,3.510858988821865,0.5583343041200333,-8.546005968750646e-06,0.43569465133624896,-0.0009352481499539246,-9.530479325753175e-07,-0.0008171731529665594,0.5580257014049094,-9.769049428614944e-06,0.0003086051386758572,0.19712860844033375,0.0,0.0,1.0,-0.0033288168297100416,-0.003329109763143258,0.0,0.0,0.0,-0.0033288168297100416,-0.0,0.0,0.0,-0.0006441767918882875,-0.0006483400864185201,0.0,0.0,0.0,0.055,0.3,0.29935582320811177,0.0,0.0,0.0,4.9172102221164816e-06,0,0,0,0,0,inf,inf,0,0,0.0,1.426178464621764,-7.13278853749817e-07,-0.0009179541816508861,3.813834943272903e-07,-1.6456215353782362,-3.2139185517260135e-05,1.6412631809603653,-0.7852961917397097,-1.857990971102293e-05,-0.011834394879568427,-2.9631467257005716e-05,-0.018484478057895826,9.961081612445608e-05,0.015803584878359617,-5.819933003199161e-05,-0.0006821912924348504,-24.232455375350938,-0.0015918730029003216,17.72344305899671,0.7394911375087214,1.4315276356944278,-0.0002433348470584517,-0.0006821912924348504,-24.232455375350938,-0.0015918730029003216,17.72344305899671,0.7394911375087214,1.4315276356944278,-0.0002433348470584517
1.3709999999999598,1,1,1,4,0.000622280019439341,4.021923219138371,3.279024283728402,3.5998479246397896,0.5583251142014488,-8.554984600615555e-06,0.4356863743121237,-0.0009057712058852919,-8.555979431181816e-07,-0.0008362083682086161,0.5580257014049094,-9.769049428614944e-06,0.00029941525793616015,0.19196279435767527,0.0,0.0,1.0,-0.0034766035196202114,-0.0034769735488826246,0.0,0.0,0.0,-0.0034766035196202114,-0.0,0.0,0.0,-0.0006782786772413929,-0.0006824453133650037,0.0,0.0,0.0,0.055,0.3,0.2993217213227587,0.0,0.0,0.0,4.802399384899337e-06,0,0,0,0,0,inf,inf,0,0,0.0,1.4259957886963488,-8.938301332667733e-07,-0.001034541554551095,9.117946269337412e-08,-1.6458042113036513,-3.116525389543345e-05,1.641419425352785,-0.7852967620839312,-1.7635572665827346e-05,-0.01151584976395181,-2.8527902521064122e-05,-0.0180909972997188,9.56055994913634e-05,0.01547867815821072,-5.609356110911604e-05,-0.000685227111995496,-24.174098714342314,-0.0017138871933664785,17.677973621819504,0.7394780130825147,1.4235941668120538,-0.00023608377561288186,-0.000685227111995496,-24.174098714342314,-0.0017138871933664785,17.677973621819504,0.7394780130825147,1.4235941668120538,-0.00023608377561288186
1.3809999999999587,1,1,1,4,0.0006154934043353924,4.118053646082139,3.3845614883434743,3.6871409746764887,0.5583162171494216,-8.563082731334007e-06,0.43567791188158184,-0.000876649617098673,-7.750834897288508e-07,-0.0008543301645841881,0.5580257014049094,-9.769049428614944e-06,0.00029051824755970995,0.18693854695994294,0.0,0.0,1.0,-0.003622871522406262,-0.0036233322046746587,0.0,0.0,0.0,-0.003622871522406262,-0.0,0.0,0.0,-0.0007138508007302448,-0.0007180216251290162,0.0,0.0,0.0,0.055,0.3,0.29928614919926994,0.0,0.0,0.0,4.6805142108590625e-06,0,0,0,0,0,inf,inf,0,0,0.0,1.4258170158789405,-1.0652934396496415e-06,-0.0011479745657993062,-1.8825961645547736e-07,-1.6459829841210596,-3.0230397490239566e-05,1.6415724504122264,-0.7852973118210658,-1.675550143056051e-05,-0.01120300047698893,-2.7473321837162327e-05,-0.01770330197729637,9.177730073107936e-05,0.01515917248340771,-5.4069811737612816e-05,-0.0006878173930701724,-24.117259486217716,-0.0018322585521486437,17.633642235712855,0.7394651686745494,1.4158536987572508,-0.0002291744517172354,-0.0006878173930701724,-24.117259486217716,-0.0018322585521486437,17.633642235712855,0.7394651686745494,1.4158536987572508,-0.0002291744517172354
1.3909999999999576,1,1,1,4,0.0006084847734399148,4.21163327962057,3.4886816922350974,3.7726035393759307,0.5583076090373366,-8.570464356613875e-06,0.435669273640092,-0.0008479500300958674,-7.105129656032045e-07,-0.0008714562746686506,0.5580257014049094,-9.769049428614944e-06,0.00028191018042433223,0.18205279113793052,0.0,0.0,1.0,-0.0037667501125407407,-0.003767313630329777,0.0,0.0,0.0,-0.0037667501125407407,-0.0,0.0,0.0,-0.0007508731745754753,-0.000755049161895196,0.0,0.0,0.0,0.055,0.3,0.2992491268254247,0.0,0.0,0.0,4.551637068170642e-06,0,0,0,0,0,inf,inf,0,0,0.0,1.4256420875757114,-1.228297785099287e-06,-0.0012583116711605005,-4.5741445440981553e-07,-1.6461579124242887,-2.9332875040403455e-05,1.641722309935733,-0.7852978417725808,-1.593716016018361e-05,-0.01089611267740837,-2.6466023099691553e-05,-0.017321521730642282,8.812070434995834e-05,0.014845027255297705,-5.212815640084498e-05,-0.0006899129397265635,-24.06200691071396,-0.001946996855489121,17.590512688025896,0.7394526002196973,1.4083172239581454,-0.00022258350548387437,-0.0006899129397265635,-24.06200691071396,-0.001946996855489121,17.590512688025896,0.7394526002196973,1.4083172239581454,-0.00022258350548387437
1.4009999999999565,1,1,1,4,0.0006012655347971954,4.302526368141939,3.591224505338692,3.856103841657799,0.5582992853160952,-8.577282960136261e-06,0.4356604699504075,-0.000819731175702563,-6.607913280467866e-07,-0.0008875143698245425,0.5580257014049094,-9.769049428614944e-06,0.00027358650691699577,0.17730240442736558,0.0,0.0,1.0,-0.003907385700063007,-0.003908062906972925,0.0,0.0,0.0,-0.003907385700063007,-0.0,0.0,0.0,-0.0007893171935324045,-0.0007934994329059976,0.0,0.0,0.0,0.055,0.3,0.29921068280646784,0.0,0.0,0.0,4.4158730244881865e-06,0,0,0,0,0,inf,inf,0,0,0.0,1.4254709440676214,-1.383445019401392e-06,-0.0013656137477118736,-7.167473745173009e-07,-1.6463290559323787,-2.8471001976704433e-05,1.6418690572512915,-0.7852983527553653,-1.5177700511307658e-05,-0.010595409791137328,-2.5504069405221474e-05,-0.01694575547928419,8.462981368416384e-05,0.01453619062940628,-5.0267733955920994e-05,-0.0006914756861328622,-24.008408522710212,-0.0020581253563916367,17.548647372320264,0.73944030996474,1.4009956792275964,-0.00021628942633569831,-0.0006914756861328622,-24.008408522710212,-0.0020581253563916367,17.548647372320264,0.73944030996474,1.4009956792275964,-0.00021628942633569831
1.4109999999999554,1,1,1,4,0.0005938477801646072,4.390601055091729,3.6920330789377696,3.937513130108199,0.5582912408902869,-8.583680653843274e-06,0.43565151184762885,-0.0007920444083179834,-6.247512610398364e-07,-0.000902441279600411,0.5580257014049094,-9.769049428614944e-06,0.00026554213110862045,0.17268422932597463,0.0,0.0,1.0,-0.004043947292223902,-0.0040447477394594655,0.0,0.0,0.0,-0.004043947292223902,-0.0,0.0,0.0,-0.0008291458361965156,-0.0008333355181143795,0.0,0.0,0.0,0.055,0.3,0.29917085416380373,0.0,0.0,0.0,4.273348402993757e-06,0,0,0,0,0,inf,inf,0,0,0.0,1.4253035248026094,-1.5313072447638504e-06,-0.0014699436909313246,-9.66700437213628e-07,-1.6464964751973907,-2.7643156729360108e-05,1.6420127451136153,-0.7852988455735,-1.447405761488786e-05,-0.010301076499583369,-2.4585372740891405e-05,-0.016576074164044108,8.129811676864001e-05,0.01423260102184897,-4.848694819313385e-05,-0.000692477748155102,-23.95653003566663,-0.00216567944048376,17.508107151084914,0.7394283042658736,1.3938998974665369,-0.0002102724369101249,-0.000692477748155102,-23.95653003566663,-0.00216567944048376,17.508107151084914,0.7394283042658736,1.3938998974665369,-0.0002102724369101249
1.4209999999999543,1,1,1,4,0.0005862441931374354,4.475729533280449,3.7909541625043337,4.016705877505002,0.5582834701891065,-8.589787610047011e-06,0.435642410951102,-0.0007649342195298735,-6.011809330966343e-07,-0.0009161823805807374,0.5580257014049094,-9.769049428614944e-06,0.0002577714816749714,0.16819508440991465,0.0,0.0,1.0,-0.0041756320118421794,-0.004176563960773788,0.0,0.0,0.0,-0.0041756320118421794,-0.0,0.0,0.0,-0.0008703139213224815,-0.000874512324687063,0.0,0.0,0.0,0.055,0.3,0.29912968607867774,0.0,0.0,0.0,4.124209514998649e-06,0,0,0,0,0,inf,inf,0,0,0.0,1.4251397686600582,-1.6724251127501996e-06,-0.0015713660451753427,-1.2076943203979382e-06,-1.6466602313399419,-2.6847784645754297e-05,1.6421534256151968,-0.7852993210118813,-1.3823032105465187e-05,-0.010013261959932525,-2.3707763101399655e-05,-0.016212523533862277,7.811880416235833e-05,0.013934188646523554,-4.678364107165063e-05,-0.0006929004752093039,-23.906435210929363,-0.002269705316798042,17.46895122574121,0.7394165917973953,1.387040562907885,-0.00020451436429844952,-0.0006929004752093039,-23.906435210929363,-0.002269705316798042,17.46895122574121,0.7394165917973953,1.387040562907885,-0.00020451436429844952
1.4309999999999532,1,1,1,4,0.0005784679630415892,4.557788208013298,3.8878381741766663,4.093559974371726,0.5582759672322847,-8.595721754436802e-06,0.43563317938170265,-0.0007384387244699442,-5.888484315843542e-07,-0.0009286911119020017,0.5580257014049094,-9.769049428614944e-06,0.00025026857783125273,0.16383177439493657,0.0,0.0,1.0,-0.0043016705683626795,-0.004302740994000843,0.0,0.0,0.0,-0.0043016705683626795,-0.0,0.0,0.0,-0.000912768419152705,-0.000916976898404867,0.0,0.0,0.0,0.055,0.3,0.29908723158084755,0.0,0.0,0.0,3.968621545355425e-06,0,0,0,0,0,inf,inf,0,0,0.0,1.4249796141874842,-1.8073068702353237e-06,-0.0016699466649927903,-1.440127818609588e-06,-1.6468203858125159,-2.6083399967346675e-05,1.6422911501127044,-0.7852997798314372,-1.3221359368334772e-05,-0.009732082780150694,-2.286904468984553e-05,-0.015855126906961014,7.508494444200346e-05,0.013640877041323241,-4.515524080635785e-05,-0.0006927335127492201,-23.85818573253296,-0.002370258750632763,17.431237013288932,0.739405182125641,1.3804281694819858,-0.0001989985124923734,-0.0006927335127492201,-23.85818573253296,-0.002370258750632763,17.431237013288932,0.739405182125641,1.3804281694819858,-0.0001989985124923734
1.440999999999952,1,1,1,4,0.0005705327034743182,4.6366578665540334,3.9825392840721454,4.1679569172615025,0.5582687256913055,-8.6015886830825e-06,0.4356238296834317,-0.0007125901207927931,-5.865229849410936e-07,-0.0009399285822682015,0.5580257014049094,-9.769049428614944e-06,0.00024302709055356496,0.1595910992620205,0.0,0.0,1.0,-0.00442133257803511,-0.004422547167848292,0.0,0.0,0.0,-0.00442133257803511,-0.0,0.0,0.0,-0.0009564488167111047,-0.000960668788962161,0.0,0.0,0.0,0.055,0.3,0.29904355118328907,0.0,0.0,0.0,3.8067675450425567e-06,0,0,0,0,0,inf,inf,0,0,0.0,1.4248229998100148,-1.93642803302491e-06,-0.001765752404938027,-1.6643778405141534e-06,-1.6469770001899853,-2.5348586258961623e-05,1.6424259691684107,-0.7853002227656964,-1.266576717936914e-05,-0.009457625769605571,-2.20670407634208e-05,-0.015503887850589858,7.218962278984644e-05,0.013352584547180274,-4.359888707823487e-05,-0.0006919738865468447,-23.811841087230846,-0.0024674038471096276,17.39502002910487,0.739394084603908,1.374072981995895,-0.00019370953828750953,-0.0006919738865468447,-23.811841087230846,-0.0024674038471096276,17.39502002910487,0.739394084603908,1.374072981995895,-0.00019370953828750953
1.450999999999951,1,1,1,4,0.0005624523747110024,4.712223851669555,4.074915509422079,4.239781991480788,0.5582617389461808,-8.607481777201162e-06,0.4356143747485782,-0.0006874151211509327,-5.929931132556959e-07,-0.0009498632397664443,0.5580257014049094,-9.769049428614944e-06,0.000236040399357557,0.1554698625450864,0.0,0.0,1.0,-0.004533931632989172,-0.004535294785014291,0.0,0.0,0.0,-0.004533931632989172,-0.0,0.0,0.0,-0.0010012875349981775,-0.0010055204671431653,0.0,0.0,0.0,0.055,0.3,0.298998712465002,0.0,0.0,0.0,3.638847504230784e-06,0,0,0,0,0,inf,inf,0,0,0.0,1.42466986401373,-2.0602315774742125e-06,-0.0018588508357471952,-1.8807997992405795e-06,-1.64713013598627,-2.464199563135579e-05,1.642557932506004,-0.7853006505184942,-1.2153022898810378e-05,-0.009189950484647096,-2.1299628578534997e-05,-0.015158792736397489,6.942604773738152e-05,0.013069225709635144,-4.211153561013089e-05,-0.0006906251146734831,-23.76745844956819,-0.002561211888656543,17.360353775527503,0.7393833075465595,1.3679849998922824,-0.00018863333267393753,-0.0006906251146734831,-23.76745844956819,-0.002561211888656543,17.360353775527503,0.7393833075465595,1.3679849998922824,-0.00018863333267393753
1.46099999999995,1,1,1,4,0.0005542412094418905,4.784376237198507,4.164828820361841,4.308924447971126,0.5582550001380421,-8.6134824821902e-06,0.435604827745947,-0.0006629353606437422,-6.070818714089992e-07,-0.0009584705813254811,0.5580257014049094,-9.769049428614944e-06,0.00022930164489430395,0.1514648788641157,0.0,0.0,1.0,-0.004638830025097251,-0.004640344848781449,0.0,0.0,0.0,-0.004638830025097251,-0.0,0.0,0.0,-0.0010472103950526029,-0.001051457790877067,0.0,0.0,0.0,0.055,0.3,0.29895278960494753,0.0,0.0,0.0,3.4650775123166775e-06,0,0,0,0,0,inf,inf,0,0,0.0,1.424520145504282,-2.1791285518761297e-06,-0.0019493099849267044,-2.0897283040306696e-06,-1.6472798544957181,-2.3962347049562643e-05,1.6426870889798784,-0.7853010637626214,-1.1679971345665224e-05,-0.008929091587016753,-2.056476577610588e-05,-0.014819813139471788,6.678763071785419e-05,0.012790712578559862,-4.069004429216883e-05,-0.0006886963595283008,-23.725092571876832,-0.0026517602367555036,17.327289635953214,0.7393728576406401,1.3621739234027044,-0.00018375690837094049,-0.0006886963595283008,-23.725092571876832,-0.0026517602367555036,17.327289635953214,0.7393728576406401,1.3621739234027044,-0.00018375690837094049
1.4709999999999488,1,1,1,4,0.0005459136415235924,4.853010003743436,4.252145255100315,4.375277674076151,0.5582485022177813,-8.619660723475522e-06,0.43559520205186225,-0.000639167781036454,-6.276593688382558e-07,-0.0009657328834360974,0.5580257014049094,-9.769049428614944e-06,0.00022280377759544692,0.1475729807727706,0.0,0.0,1.0,-0.004735443039089805,-0.00473711136175237,0.0,0.0,0.0,-0.004735443039089805,-0.0,0.0,0.0,-0.0010941371289487929,-0.0010984005162727449,0.0,0.0,0.0,0.055,0.3,0.2989058628710513,0.0,0.0,0.0,3.285688977786636e-06,0,0,0,0,0,inf,inf,0,0,0.0,1.4243737833424959,-2.2934990203996543e-06,-0.0020371980999739745,-2.2914780744433572e-06,-1.6474262166575042,-2.330842397530776e-05,1.6428134865567665,-0.7853014631392421,-1.124356443072636e-05,-0.00867506103156619,-1.9860509433452064e-05,-0.01448690805854445,6.426804265890163e-05,0.012516955887478653,-3.9331242961218276e-05,-0.0006862016192667622,-23.684795679117297,-0.0027391312951560807,17.29587677425508,0.7393627395611185,1.3566491219625336,-0.00017906829505265242,-0.0006862016192667622,-23.684795679117297,-0.0027391312951560807,17.29587677425508,0.7393627395611185,1.3566491219625336,-0.00017906829505265242
1.4809999999999477,1,1,1,4,0.000537484237586954,4.918025212734218,4.336735043118231,4.438739357930589,0.5582422379909736,-8.626075434484009e-06,0.43558551118381256,-0.000616124993663639,-6.5365276531475e-07,-0.0009716389398933209,0.5580257014049094,-9.769049428614944e-06,0.00021653960259940486,0.14379102498005203,0.0,0.0,1.0,-0.004823242740122073,-0.004825065121365082,0.0,0.0,0.0,-0.004823242740122073,-0.0,0.0,0.0,-0.0011419819310018852,-0.0011462628489304167,0.0,0.0,0.0,0.055,0.3,0.29885801806899825,0.0,0.0,0.0,3.1009279176124503e-06,0,0,0,0,0,inf,inf,0,0,0.0,1.424230717058821,-2.4036932628301946e-06,-0.0021225834326078718,-2.486345010007889e-06,-1.647569282941179,-2.2679071551776766e-05,1.6429371723084427,-0.7853018492579282,-1.0840883569433181e-05,-0.008427850098420888,-1.9185028899302554e-05,-0.014160025942974682,6.186125143052393e-05,0.012247866099449964,-3.8031988803970726e-05,-0.0006831589701697156,-23.64661736853351,-0.002823411544547692,17.266162039388178,0.7393529557532141,1.3514196047742382,-0.00017455644182555604,-0.0006831589701697156,-23.64661736853351,-0.002823411544547692,17.266162039388178,0.7393529557532141,1.3514196047742382,-0.00017455644182555604
1.4909999999999466,1,1,1,4,0.0005289676314828287,4.9793271772334755,4.418472734998911,4.499211646217728,0.5582362001592779,-8.632775170625761e-06,0.4355757687367374,-0.0005938156229015883,-6.840539506027873e-07,-0.0009761837959125078,0.5580257014049094,-9.769049428614944e-06,0.00021050182115574673,0.1401158979954079,0.0,0.0,1.0,-0.004901761193450577,-0.004903736949271464,0.0,0.0,0.0,-0.004901761193450577,-0.0,0.0,0.0,-0.0011906540437709155,-0.0011949540301410668,0.0,0.0,0.0,0.055,0.3,0.2988093459562292,0.0,0.0,0.0,2.911054340955201e-06,0,0,0,0,0,inf,inf,0,0,0.0,1.424090886748613,-2.5100331632277636e-06,-0.002205534042530405,-2.6746073587937952e-06,-1.647709113251387,-2.20731935030649e-05,1.6430581924141139,-0.7853022226971799,-1.0469155831410646e-05,-0.008187431283417146,-1.853661342103527e-05,-0.013839106519069179,5.9561543564929525e-05,0.01198335431163175,-3.6789209246015754e-05,-0.0006795898590941937,-23.610604514118183,-0.0029046906461208744,17.23818987509495,0.7393435063529814,1.3464939934278723,-0.00017021112779236382,-0.0006795898590941937,-23.610604514118183,-0.0029046906461208744,17.23818987509495,0.7393435063529814,1.3464939934278723,-0.00017021112779236382
1.5009999999999455,1,1,1,4,0.0005203784616139287,5.036826627990784,4.497237337472111,4.556601295052152,0.5582303813585001,-8.639798789656532e-06,0.43556598832202204,-0.0005722446319635345,-7.179251232897553e-07,-0.0009793684710844089,0.5580257014049094,-9.769049428614944e-06,0.00020468306869136994,0.13654452124261193,0.0,0.0,1.0,-0.004970593067636049,-0.004972720305425487,0.0,0.0,0.0,-0.004970593067636049,-0.0,0.0,0.0,-0.0012400583729023221,-0.0012443789520302007,0.0,0.0,0.0,0.055,0.3,0.29875994162709774,0.0,0.0,0.0,2.7163417266268655e-06,0,0,0,0,0,inf,inf,0,0,0.0,1.4239542331502657,-2.612813729826263e-06,-0.002286117619372486,-2.8565269379053764e-06,-1.6478457668497344,-2.1489748888594997e-05,1.643176592171058,-0.7853025840053116,-1.0125764717550999e-05,-0.00795376005936222,-1.7913675473997746e-05,-0.013524082414182756,5.73635332826367e-05,0.011723333015358347,-3.5599934041925215e-05,-0.0006755184505259871,-23.576801175904187,-0.002983060617113932,17.212002234666663,0.739334389217812,1.3418804965107574,-0.00016602288039639174,-0.0006755184505259871,-23.576801175904187,-0.002983060617113932,17.212002234666663,0.739334389217812,1.3418804965107574,-0.00016602288039639174
1.5109999999999444,1,1,1,4,0.0005117313112909241,5.090439873372973,4.572912452249127,4.61081981375504,0.558224774193489,-8.647176176162838e-06,0.4355561835093519,-0.0005514136325802386,-7.544024844695683e-07,-0.0009811996663127653,0.5580257014049094,-9.769049428614944e-06,0.00019907594970884835,0.13307385567939745,0.0,0.0,1.0,-0.005029397587235722,-0.005031673252295086,0.0,0.0,0.0,-0.005029397587235722,-0.0,0.0,0.0,-0.0012900961244496291,-0.001294438795290563,0.0,0.0,0.0,0.055,0.3,0.29870990387555046,0.0,0.0,0.0,2.5170766876030953e-06,0,0,0,0,0,inf,inf,0,0,0.0,1.4238206977082,-2.7123046970208724e-06,-0.0023644013215952074,-3.0323503674709575e-06,-1.6479793022918001,-2.0927748824430816e-05,1.6432924160120754,-0.7853029337016085,-9.808256385587311e-06,-0.007726776519430048,-1.7314750606482555e-05,-0.013214880581972803,5.526216150244871e-05,0.011467716712747402,-3.446131817096706e-05,-0.0006709710286854555,-23.545248514124676,-0.0030586150776854503,17.187638500734714,0.7393256000429446,1.3375868861310671,-0.0001619829017081284,-0.0006709710286854555,-23.545248514124676,-0.0030586150776854503,17.187638500734714,0.7393256000429446,1.3375868861310671,-0.0001619829017081284
1.5209999999999433,1,1,1,4,0.0005030406522713851,5.140088951933369,4.645386417242431,4.66178360130039,0.5582193712700193,-8.654928993584149e-06,0.4355463677715977,-0.0005313211798988876,-7.926982616225318e-07,-0.0009816894521597439,0.5580257014049094,-9.769049428614944e-06,0.00019367306967166186,0.12970090595635164,0.0,0.0,1.0,-0.005077899815800459,-0.005080319749491194,0.0,0.0,0.0,-0.005077899815800459,-0.0,0.0,0.0,-0.001340665458046444,-0.001345031682884394,0.0,0.0,0.0,0.055,0.3,0.29865933454195376,0.0,0.0,0.0,2.313558893405579e-06,0,0,0,0,0,inf,inf,0,0,0.0,1.423690222622661,-2.8087521681222275e-06,-0.002440451631224564,-3.2023102873420323e-06,-1.648109777377339,-2.038625325850528e-05,1.6434057075283373,-0.7853032722776683,-9.514342076141734e-06,-0.0075064069128029575,-1.6738494525145746e-05,-0.012911423536216545,5.325268717624163e-05,0.011216422394490857,-3.337065698548214e-05,-0.0006659754558033915,-23.515984708290926,-0.0031314485689650545,17.16513541009899,0.7393171325416216,1.3336204763038684,-0.0001580830021138391,-0.0006659754558033915,-23.515984708290926,-0.0031314485689650545,17.16513541009899,0.7393171325416216,1.3336204763038684,-0.0001580830021138391
1.5309999999999422,1,1,1,4,0.0004943207916625883,5.18570177651716,4.714552448793926,4.709414075221735,0.5582141652237987,-8.663071449412759e-06,0.4355365544329244,-0.0005119630536915853,-8.321012732375164e-07,-0.0009808549379353888,0.5580257014049094,-9.769049428614944e-06,0.0001884670640129378,0.1264227241453069,0.0,0.0,1.0,-0.005115891264645025,-0.005118450273808284,0.0,0.0,0.0,-0.005115891264645025,-0.0,0.0,0.0,-0.001391662149199011,-0.001396053342979946,0.0,0.0,0.0,0.055,0.3,0.29860833785080115,0.0,0.0,0.0,2.106101453342786e-06,0,0,0,0,0,inf,inf,0,0,0.0,1.4235627508881825,-2.9023802646928373e-06,-0.0025143342233923333,-3.3666265324963967e-06,-1.6482372491118176,-1.9864367865097923e-05,1.6435165094962796,-0.7853036001988569,-9.24189742158855e-06,-0.007292565081527285,-1.6183678061022942e-05,-0.012613630403821567,5.133067297793246e-05,0.010969369886540523,-3.2325394941581906e-05,-0.0006605606857040831,-23.489044881251882,-0.0032016559404151237,17.14452698360776,0.7393089786702032,1.3299881031397103,-0.00015431554139116316,-0.0006605606857040831,-23.489044881251882,-0.0032016559404151237,17.14452698360776,0.7393089786702032,1.3299881031397103,-0.00015431554139116316
1.540999999999941,1,1,1,4,0.0004855858223624934,5.227212268938178,4.78030878358109,4.753637792780616,0.5582091487467362,-8.671611058128265e-06,0.43552675662030665,-0.0004933325267249003,-8.719762385354576e-07,-0.0009787179224299476,0.5580257014049094,-9.769049428614944e-06,0.00018345062440426138,0.12323641306342938,0.0,0.0,1.0,-0.005143229836865194,-0.0051459217737302365,0.0,0.0,0.0,-0.005143229836865194,-0.0,0.0,0.0,-0.0014429802539969885,-0.0014473977744149467,0.0,0.0,0.0,0.055,0.3,0.2985570197460031,0.0,0.0,0.0,1.8950321361791246e-06,0,0,0,0,0,inf,inf,0,0,0.0,1.423438226322451,-2.993392754722237e-06,-0.00258611384973946,-3.525507249092931e-06,-1.648361773677549,-1.9361241105261715e-05,1.643624863907295,-0.7853039179058237,-8.988959251175646e-06,-0.007085153806465138,-1.5649180576182495e-05,-0.012321417810107366,4.9491967080224126e-05,0.010726482075852535,-3.1323129109302545e-05,-0.0006547563316228125,-23.46446102830781,-0.0032693318045164325,17.125844461117634,0.7393011288819755,1.3266961067815284,-0.00015067337641757193,-0.0006547563316228125,-23.46446102830781,-0.0032693318045164325,17.125844461117634,0.7393011288819755,1.3266961067815284,-0.00015067337641757193
1.55099999999994,1,1,1,4,0.00047684957721619205,5.264560484402847,4.8425588189280635,4.794386564209955,0.5582043146105942,-8.680549390747097e-06,0.435516987218637,-0.0004754206209169843,-9.117620275916733e-07,-0.0009753045284250613,0.5580257014049094,-9.769049428614944e-06,0.00017861652240857203,0.12013912921652406,0.0,0.0,1.0,-0.005159839129007208,-0.00516265698045033,0.0,0.0,0.0,-0.005159839129007208,-0.0,0.0,0.0,-0.001494512769707994,-0.0014989579081427203,0.0,0.0,0.0,0.055,0.3,0.29850548723029213,0.0,0.0,0.0,1.6806961898187794e-06,0,0,0,0,0,inf,inf,0,0,0.0,1.4233165935871768,-3.081974637667279e-06,-0.002655854234811529,-3.679149938317699e-06,-1.6484834064128233,-1.8876061484034613e-05,1.6437308119990681,-0.7853042258160261,-8.753720439183366e-06,-0.006884066069216299,-1.51339822965724e-05,-0.01203470061118408,4.773268248496541e-05,0.010487685027226117,-3.0361608528311596e-05,-0.000648592285986709,-23.44226195145224,-0.0033345700557408414,17.109116241569822,0.7392935723957267,1.3237503150393002,-0.0001471498155778108,-0.000648592285986709,-23.44226195145224,-0.0033345700557408414,17.109116241569822,0.7392935723957267,1.3237503150393002,-0.0001471498155778108
1.5609999999999389,1,1,1,4,0.00046812558700984244,5.297692724998674,4.901211250317606,4.831597557857737,0.5581996556881431,-8.689882803055295e-06,0.435507258829556,-0.00045821635171307436,-9.509690371231952e-07,-0.0009706448240554531,0.5580257014049094,-9.769049428614944e-06,0.00017395763063450832,0.11712808538423797,0.0,0.0,1.0,-0.0051657071243481865,-0.005168643109078427,0.0,0.0,0.0,-0.0051657071243481865,-0.0,0.0,0.0,-0.0015461522850103609,-0.0015506262584024113,0.0,0.0,0.0,0.055,0.3,0.2984538477149898,0.0,0.0,0.0,1.463462472295247e-06,0,0,0,0,0,inf,inf,0,0,0.0,1.423197798202404,-3.168293669488057e-06,-0.002723617984639426,-3.827742419619618e-06,-1.648602201797596,-1.8408055022033883e-05,1.6438343942875455,-0.7853045243252312,-8.534523277816792e-06,-0.006689186235953409,-1.4637155986072738e-05,-0.011753392489351594,4.6049175121149995e-05,0.010252908004542904,-2.943873035016912e-05,-0.0006420983916041557,-23.42247319882376,-0.003397463452298373,17.094367828219486,0.7392862974666192,1.321156028666799,-0.000143738578624954,-0.0006420983916041557,-23.42247319882376,-0.003397463452298373,17.094367828219486,0.7392862974666192,1.321156028666799,-0.000143738578624954
1.5709999999999378,1,1,1,4,0.0004594270424187743,5.326561641699083,4.956180204978075,4.865213397068865,0.5581951649719369,-8.699603133173056e-06,0.43549758373412817,-0.00044170696093626756,-9.891758641858247e-07,-0.0009647724347466647,0.5580257014049094,-9.769049428614944e-06,0.00016946694151092872,0.11420055286674433,0.0,0.0,1.0,-0.0051608843216042555,-0.005163929993640204,0.0,0.0,0.0,-0.0051608843216042555,-0.0,0.0,0.0,-0.0015977916140137898,-0.001602295557747506,0.0,0.0,0.0,0.055,0.3,0.2984022083859863,0.0,0.0,0.0,1.243737106130367e-06,0,0,0,0,0,inf,inf,0,0,0.0,1.423081786555544,-3.252501815281863e-06,-0.0027894665067530653,-3.9714637087185195e-06,-1.648718213444456,-1.7956482948148746e-05,1.6439356505986553,-0.7853048138089638,-8.329851793593856e-06,-0.006500391168274468,-1.4157858310155028e-05,-0.01147740642796319,4.443802169607016e-05,0.010022083410477054,-2.8552533605381805e-05,-0.0006353041573510998,-23.405117009447963,-0.003458103253205516,17.081621779058022,0.7392792916519803,1.3189180082292538,-0.00014043376241608898,-0.0006353041573510998,-23.405117009447963,-0.003458103253205516,17.081621779058022,0.7392792916519803,1.3189180082292538,-0.00014043376241608898
1.5809999999999367,1,1,1,4,0.0004507667599701051,5.351126324469931,5.007385370505382,4.895182248655799,0.5581908355908213,-8.709698362501316e-06,0.4354879738594297,-0.00042587813823873885,-1.0260254385983752e-06,-0.0009577241498593131,0.5580257014049094,-9.769049428614944e-06,0.00016513758379445284,0.11135386341183011,0.0,0.0,1.0,-0.005145481350929368,-0.00514862770759039,0.0,0.0,0.0,-0.005145481350929368,-0.0,0.0,0.0,-0.0016493244087015836,-0.001653859370549172,0.0,0.0,0.0,0.055,0.3,0.29835067559129846,0.0,0.0,0.0,1.0219962092798021e-06,0,0,0,0,0,inf,inf,0,0,0.0,1.4229685059062471,-3.334736620978171e-06,-0.0028534599409228813,-4.110484808914877e-06,-1.648831494093753,-1.752063961137246e-05,1.6440346200990437,-0.7853050946238825,-8.138323367528522e-06,-0.0063175512654281615,-1.3695321177550623e-05,-0.011206655082205115,4.289599807552578e-05,0.009795146658975936,-2.7701191290874072e-05,-0.0006282385209538842,-23.390212263348715,-0.003516578912522322,17.070897662466972,0.7392725420618175,1.3170404625116903,-0.00013722981084438504,-0.0006282385209538842,-23.390212263348715,-0.003516578912522322,17.070897662466972,0.7392725420618175,1.3170404625116903,-0.00013722981084438504
1.5909999999999356,1,1,1,4,0.0004421571520455683,5.371352380183306,5.054752117571239,4.921457902821579,0.5581866608242927,-8.720153235850996e-06,0.43547844074908004,-0.000410714231177303,-1.0612207591575658e-06,-0.0009495395283503224,0.5580257014049094,-9.769049428614944e-06,0.00016096283692653812,0.1085854108400305,0.0,0.0,1.0,-0.005119666135167516,-0.00512290372773454,0.0,0.0,0.0,-0.005119666135167516,-0.0,0.0,0.0,-0.0017006457449819418,-0.0017052126801436794,0.0,0.0,0.0,0.055,0.3,0.29829935425501813,0.0,0.0,0.0,7.988753673068384e-07,0,0,0,0,0,inf,inf,0,0,0.0,1.4228579043880618,-3.4151224988464877e-06,-0.0029156570999636865,-4.244969416794694e-06,-1.6489420956119383,-1.709985060309645e-05,1.6441313413252319,-0.7853053671090714,-7.95867996249024e-06,-0.006140531441617067,-1.3248843290479961e-05,-0.0109410510618161,4.142005878266751e-05,0.009572035994615891,-2.6883001391565367e-05,-0.0006209296503876108,-23.377774437109075,-0.0035729778217203413,17.062212018135593,0.7392660355907229,1.3155270384130793,-0.0001341214894686024,-0.0006209296503876108,-23.377774437109075,-0.0035729778217203413,17.062212018135593,0.7392660355907229,1.3155270384130793,-0.0001341214894686024
1.6009999999999345,1,1,1,4,0.00043361020090407123,5.387211998159401,5.098211615863937,4.943999844411978,0.558182634114815,-8.730949837163476e-06,0.43546899553770013,-0.000396198443870591,-1.0945203648809994e-06,-0.0009402605077504832,0.5580257014049094,-9.769049428614944e-06,0.00015693614334840093,0.10589265238426725,0.0,0.0,1.0,-0.005083660658480196,-0.005086979703678711,0.0,0.0,0.0,-0.005083660658480196,-0.0,0.0,0.0,-0.001751652678139863,-0.0017562524453969435,0.0,0.0,0.0,0.055,0.3,0.2982483473218602,0.0,0.0,0.0,5.754704918693328e-07,0,0,0,0,0,inf,inf,0,0,0.0,1.4227499310076828,-3.4937719243177645e-06,-0.0029761154199694053,-4.375074545448063e-06,-1.6490500689923173,-1.6693471076204335e-05,1.6442258522107391,-0.7853056315872372,-7.789779210052201e-06,-0.005969192041524791,-1.2817782083877465e-05,-0.0106805071409796,4.0007318041511806e-05,0.009352692272354935,-2.609637733605213e-05,-0.0006134047833915128,-23.367815564954622,-0.0036273850990067398,17.055578323271423,0.7392597591260627,1.3143808122766756,-0.00013110386342531875,-0.0006134047833915128,-23.367815564954622,-0.0036273850990067398,17.055578323271423,0.7392597591260627,1.3143808122766756,-0.00013110386342531875
1.6109999999999334,1,1,1,4,0.0004251374366644736,5.398684003254311,5.137700942504431,4.962773315386936,0.5581787490782177,-8.742068119814186e-06,0.43545964892924593,-0.00038231302415972843,-1.125733658024572e-06,-0.0009299310205852152,0.5580257014049094,-9.769049428614944e-06,0.00015305111889729657,0.10327310976042867,0.0,0.0,1.0,-0.0050377374067593255,-0.005041127897271245,0.0,0.0,0.0,-0.0050377374067593255,-0.0,0.0,0.0,-0.0018022447641165356,-0.0018068781230948456,0.0,0.0,0.0,0.055,0.3,0.2981977552358835,0.0,0.0,0.0,3.5477320472908554e-07,0,0,0,0,0,inf,inf,0,0,0.0,1.4226445356424304,-3.570786543871763e-06,-0.003034890919376031,-4.500951069857945e-06,-1.6491554643575697,-1.6300884243902014e-05,1.644318190110843,-0.7853058883658108,-7.630585560566664e-06,-0.005803389696752377,-1.2401546186642921e-05,-0.010424936409551281,3.865503264021894e-05,0.009137058710318509,-2.5339838293091104e-05,-0.0006056900999133002,-23.360344205429893,-0.0036798834199967515,17.05100696412954,0.7392536997304074,1.313604282609874,-0.00012817227883224976,-0.0006056900999133002,-23.360344205429893,-0.0036798834199967515,17.05100696412954,0.7392536997304074,1.313604282609874,-0.00012817227883224976
1.6209999999999323,1,1,1,4,0.00041674991914433714,5.405753896501626,5.173163182276732,4.977749368414938,0.5581749995122816,-8.7534863886141e-06,0.4354504111791151,-0.0003690394391885284,-1.1547161792836833e-06,-0.000918596622065037,0.5580257014049094,-9.769049428614944e-06,0.00014930156138903968,0.10072436998388849,0.0,0.0,1.0,-0.00498221554477068,-0.004985667357089764,0.0,0.0,0.0,-0.00498221554477068,-0.0,0.0,0.0,-0.0018523245436914992,-0.0018569921532172408,0.0,0.0,0.0,0.055,0.3,0.29814767545630855,0.0,0.0,0.0,1.5542508686423446e-07,0,0,0,0,0,inf,inf,0,0,0.0,1.4225416690364812,-3.6462581955440046e-06,-0.003092038166274874,-4.622744200224731e-06,-1.649258330963519,-1.5921500039098424e-05,1.6444083918247758,-0.785306137737951,-7.4801616576659366e-06,-0.005642978125471721,-1.1999588498051766e-05,-0.010174252378497426,3.736058677534477e-05,0.008925080627114059,-2.4611999631547452e-05,-0.0005978106254239465,-23.355365413731825,-0.003730552887059756,17.048505212873486,0.739247844796531,1.3131993641418938,-0.0001253223465086493,-0.0005978106254239465,-23.355365413731825,-0.003730552887059756,17.048505212873486,0.739247844796531,1.3131993641418938,-0.0001253223465086493
1.6309999999999312,1,1,1,4,0.0004084582234254166,5.408413883387455,5.204547519105806,4.9889049115077,0.5581713794036365,-8.765181735714153e-06,0.43544129207990256,-0.0003563585393369094,-1.1813649222354085e-06,-0.000906304132474304,0.5580257014049094,-9.769049428614944e-06,0.00014568145751426713,0.09824408594693264,0.0,0.0,1.0,-0.004917456893938523,-0.004920959892029201,0.0,0.0,0.0,-0.004917456893938523,-0.0,0.0,0.0,-0.001901797987287839,-0.0019065004047998215,0.0,0.0,0.0,0.055,0.3,0.2980982020127122,0.0,0.0,0.0,1.6510359020883382e-07,0,0,0,0,0,inf,inf,0,0,0.0,1.4224412827962425,-3.720269844994035e-06,-0.003147610253419552,-4.740593889712719e-06,-1.6493587172037576,-1.5554753914197788e-05,1.6444964936152549,-0.785306379983457,-7.337660058742933e-06,-0.005487808877312051,-1.1611399935495377e-05,-0.009928369050998994,3.6121478924868475e-05,0.008716705173866144,-2.391156379561205e-05,-0.0005897901605826519,-23.3528807197563,-0.0037794709323284784,17.048077209778807,0.7392421821749495,1.3131673831764046,-0.0001225499279815729,-0.0005897901605826519,-23.3528807197563,-0.0037794709323284784,17.048077209778807,0.7392421821749495,1.3131673831764046,-0.0001225499279815729
1.64099999999993,1,1,1,4,0.00040027242896947725,5.406662889899428,5.23180931830676,4.996222743626345,0.5581678829330802,-8.777130430355733e-06,0.4354323009506339,-0.0003442507104787146,-1.2056137590262885e-06,-0.0008931012972202034,0.5580257014049094,-9.769049428614944e-06,0.00014218498815375766,0.09582997677167736,0.0,0.0,1.0,-0.004843861772282616,-0.004847405905682282,0.0,0.0,0.0,-0.004843861772282616,-0.0,0.0,0.0,-0.0019505748987476196,-0.001955312580716625,0.0,0.0,0.0,0.055,0.3,0.29804942510125243,0.0,0.0,0.0,3.6841060876426675e-07,0,0,0,0,0,inf,inf,0,0,0.0,1.4223433293851555,-3.7928964411103064e-06,-0.003201658780389121,-4.854635183507082e-06,-1.6494566706148446,-1.5200105761088359e-05,1.6445825312253495,-0.7853066153695908,-7.202315390132255e-06,-0.005337732025278017,-1.1236503880864427e-05,-0.009687200969178989,3.4935310723076694e-05,0.008511881069751146,-2.3237311762134644e-05,-0.0005816512342060816,-23.35288811190791,-0.003826712250897955,17.04972395077897,0.739236700274908,1.3135090741935507,-0.0001198511231718538,-0.0005816512342060816,-23.35288811190791,-0.003826712250897955,17.04972395077897,0.739236700274908,1.3135090741935507,-0.0001198511231718538
1.650999999999929,1,1,1,4,0.000392202112097533,5.400506566537421,5.254910199214783,4.999691581204152,0.5581645044794427,-8.789308261944191e-06,0.4354234466292939,-0.00033269601458436914,-1.2274290357006246e-06,-0.0008790364669971965,0.5580257014049094,-9.769049428614944e-06,0.00013880653224055228,0.09347982795269018,0.0,0.0,1.0,-0.004761864754500769,-0.004765440149704776,0.0,0.0,0.0,-0.004761864754500769,-0.0,0.0,0.0,-0.001998569277021345,-0.0020033425803144406,0.0,0.0,0.0,0.055,0.3,0.29800143072297863,0.0,0.0,0.0,5.911424919066016e-07,0,0,0,0,0,inf,inf,0,0,0.0,1.422247762118129,-3.8642056958388584e-06,-0.0032542338423867845,-4.964998516186178e-06,-1.649552237881871,-1.4857038931817099e-05,1.6446665398927514,-0.7853068441518197,-7.0734369950883815e-06,-0.005192596806343381,-1.0874451325958715e-05,-0.009450663244896702,3.379977773912848e-05,0.008310558348362324,-2.2588095210780047e-05,-0.0005734150763455535,-23.35538202671126,-0.0038723487605137876,17.053443280349338,0.7392313881401051,1.3142245776645187,-0.00011722225946989609,-0.0005734150763455535,-23.35538202671126,-0.0038723487605137876,17.053443280349338,0.7392313881401051,1.3142245776645187,-0.00011722225946989609
1.6609999999999279,1,1,1,4,0.00038425632252517185,5.390841335086639,5.273837163676864,5.0,0.5581612386217983,-8.801690788185127e-06,0.43541473744956993,-0.0003216744564220779,-1.2467806020269223e-06,-0.0008641670031635555,0.5580257014049094,-9.769049428614944e-06,0.0001355406689696747,0.09119149212225452,0.0,0.0,1.0,-0.004672506184026207,-0.004676210634893344,0.0,0.0,0.0,-0.004672506184026207,-0.0,0.0,0.0,-0.0020457009028572223,-0.002050510446095963,0.0,0.0,0.0,0.055,0.3,0.2979542990971427,0.0,0.0,0.0,6.713142155653514e-07,0,0,0,0,0,inf,inf,0,0,0.0,1.4221545351148692,-3.93425922639714e-06,-0.003305384021539898,-5.071810581675603e-06,-1.6496454648851309,-1.4525056874008052e-05,1.6447485543917628,-0.7853070665748161,-6.950600644993363e-06,-0.005052250532294427,-1.0525099414468018e-05,-0.009218690430448961,3.271379175607326e-05,0.00811270205092187,-2.1962989585836843e-05,-0.0005650997322773967,-23.359850250731213,-0.003916447627382962,17.05880023937678,0.7392262311083536,1.31523452479463,-0.00011466204380923138,-0.0005650997322773967,-23.359850250731213,-0.003916447627382962,17.05880023937678,0.7392262311083536,1.31523452479463,-0.00011466204380923138
1.6709999999999268,1,1,1,4,0.0003764430355294437,5.3812860024783635,5.288920702452001,5.0,0.558158080134244,-8.814252276460814e-06,0.43540618069938536,-0.00031116694322580614,-1.263443141321296e-06,-0.0008486497519747323,0.5580257014049094,-9.769049428614944e-06,0.00013238217258316955,0.08896291197889321,0.0,0.0,1.0,-0.004579919558911204,-0.0045837920854666135,0.0,0.0,0.0,-0.004579919558911204,-0.0,0.0,0.0,-0.0020919185174209393,-0.002096766075837943,0.0,0.0,0.0,0.055,0.3,0.297908081482579,0.0,0.0,0.0,6.360775964114782e-07,0,0,0,0,0,inf,inf,0,0,0.0,1.4220636021266946,-4.003124799719727e-06,-0.0033551562806325885,-5.1752108893316575e-06,-1.6497363978733055,-1.420361716540299e-05,1.6448286099119638,-0.7853072828857266,-6.835503353407148e-06,-0.0049165208447406634,-1.019120659774335e-05,-0.008991432433692109,3.1687810383366894e-05,0.007918438694979463,-2.1363720197535823e-05,-0.0005566989395236204,-23.364236164393425,-0.003959048693985043,17.064041021500383,0.7392211039115617,1.3162174546554852,-0.00011219492572268845,-0.0005566989395236204,-23.364236164393425,-0.003959048693985043,17.064041021500383,0.7392211039115617,1.3162174546554852,-0.00011219492572268845
1.6809999999999257,1,1,1,4,0.0003687682795268368,5.3721805752182,5.30073068704075,5.0,0.5581550239874112,-8.826965012824292e-06,0.435397781758684,-0.000301152896404029,-1.2773145590374192e-06,-0.0008326791810849041,0.5580257014049094,-9.769049428614944e-06,0.00012932601388737983,0.08679215547592777,0.0,0.0,1.0,-0.004485633244940597,-0.004489623313368894,0.0,0.0,0.0,-0.004485633244940597,-0.0,0.0,0.0,-0.002137200185451873,-0.0021420871529827996,0.0,0.0,0.0,0.055,0.3,0.29786279981454816,0.0,0.0,0.0,6.048731697799335e-07,0,0,0,0,0,inf,inf,0,0,0.0,1.4219749146774507,-4.070891460101281e-06,-0.003403595782372448,-5.2753714346721815e-06,-1.6498250853225493,-1.3892054055406208e-05,1.6449067434831428,-0.7853074933650773,-6.730048517416465e-06,-0.004785226036066568,-9.875599292924056e-06,-0.008769119315926874,3.073240744587971e-05,0.007727960994906783,-2.0794309235807863e-05,-0.0005482144766995541,-23.368354046106774,-0.004000197763293195,17.069009634871588,0.7392158398577521,1.3171454807723808,-0.00010983105463702745,-0.0005482144766995541,-23.368354046106774,-0.004000197763293195,17.069009634871588,0.7392158398577521,1.3171454807723808,-0.00010983105463702745
1.6909999999999246,1,1,1,4,0.0003612363009128086,5.363477428809913,5.309763090270385,5.0,0.5581520653702056,-8.83980173454809e-06,0.4353895442622196,-0.0002916096396396565,-1.2885385202321586e-06,-0.0008164135689848663,0.5580257014049094,-9.769049428614944e-06,0.00012636738197278118,0.08467740596008695,0.0,0.0,1.0,-0.004390442174201042,-0.004394509000823677,0.0,0.0,0.0,-0.004390442174201042,-0.0,0.0,0.0,-0.0021815334303800535,-0.002186460750886779,0.0,0.0,0.0,0.055,0.3,0.29781846656961997,0.0,0.0,0.0,5.770956313753235e-07,0,0,0,0,0,inf,inf,0,0,0.0,1.4218884224267418,-4.1376599525211165e-06,-0.0034507459026232247,-5.372481155476978e-06,-1.6499115775732582,-1.3589641817454916e-05,1.6449829937714957,-0.7853076983285584,-6.634865593498701e-06,-0.004658190125201435,-9.579149127414526e-06,-0.008551902193081407,2.985027132364722e-05,0.007541408556909097,-2.0257582915742564e-05,-0.0005396659842144554,-23.372237512134213,-0.00403995789084502,17.07373711573112,0.7392103576755225,1.318024940624204,-0.00010755624290555464,-0.0005396659842144554,-23.372237512134213,-0.00403995789084502,17.07373711573112,0.7392103576755225,1.318024940624204,-0.00010755624290555464
1.7009999999999235,1,1,1,4,0.00035384990476419655,5.35513543070951,5.316441447591621,5.0,0.5581491997046878,-8.85273732807991e-06,0.43538147043605013,-0.0002825134734748736,-1.2973722674994042e-06,-0.0007999804749523668,0.5580257014049094,-9.769049428614944e-06,0.0001235016990815392,0.08261694586689233,0.0,0.0,1.0,-0.004294979221400659,-0.004299089973525063,0.0,0.0,0.0,-0.004294979221400659,-0.0,0.0,0.0,-0.002224912805439795,-0.002229881060015928,0.0,0.0,0.0,0.055,0.3,0.29777508719456025,0.0,0.0,0.0,5.522389184050247e-07,0,0,0,0,0,inf,inf,0,0,0.0,1.4218040738965934,-4.203532376821849e-06,-0.0034966482912863954,-5.466730388393595e-06,-1.6499959261034067,-1.3295656931905625e-05,1.6450574005772165,-0.7853078981094849,-6.549742793391568e-06,-0.004535243308707463,-9.301489363109374e-06,-0.008339866476778975,2.9039182606290993e-05,0.007358874601995318,-1.9754440134304193e-05,-0.0005310748209315445,-23.375915199781996,-0.004078392856741498,17.078249991231335,0.7392046333096478,1.318861239516418,-0.00010535278832204424,-0.0005310748209315445,-23.375915199781996,-0.004078392856741498,17.078249991231335,0.7392046333096478,1.318861239516418,-0.00010535278832204424
1.7109999999999224,1,1,1,4,0.0003466107335697013,5.347119035174773,5.3211273772453325,5.0,0.5581464226517743,-8.86574947275002e-06,0.4353735613727429,-0.0002738404572178819,-1.3041039046464942e-06,-0.0007834823851078341,0.5580257014049094,-9.769049428614944e-06,0.00012072462630063617,0.08060914392008146,0.0,0.0,1.0,-0.004199746056134441,-0.004203874382797848,0.0,0.0,0.0,-0.004199746056134441,-0.0,0.0,0.0,-0.0022673384481279348,-0.0022723479262824605,0.0,0.0,0.0,0.055,0.3,0.29773266155187206,0.0,0.0,0.0,5.298787888870274e-07,0,0,0,0,0,inf,inf,0,0,0.0,1.4217218170523975,-4.26860561578007e-06,-0.0035413429348238926,-5.5583014341713096e-06,-1.6500781829476026,-1.300941497925138e-05,1.6451300044147836,-0.7853080930408745,-6.473944060176763e-06,-0.004416222087832685,-9.041520310189133e-06,-0.008133045312537099,2.8294099607847704e-05,0.0071804138248353295,-1.9284163513621924e-05,-0.000522459759488291,-23.379411521096692,-0.004115562592419696,17.082570964411794,0.7391986774978364,1.3196590025980843,-0.00010320575434356729,-0.000522459759488291,-23.379411521096692,-0.004115562592419696,17.082570964411794,0.7391986774978364,1.3196590025980843,-0.00010320575434356729
1.7209999999999213,1,1,1,4,0.00033951949474800205,5.339397503266871,5.324129577224087,5.0,0.5581437301104925,-8.878818672942862e-06,0.4353658172559399,-0.0002655669523816552,-1.3090065610607385e-06,-0.0007670013308244794,0.5580257014049094,-9.769049428614944e-06,0.00011803206281522287,0.07865244501973626,0.0,0.0,1.0,-0.004105138154509953,-0.00410926298655657,0.0,0.0,0.0,-0.004105138154509953,-0.0,0.0,0.0,-0.0023088149100386835,-0.0023138656677133755,0.0,0.0,0.0,0.055,0.3,0.29769118508996134,0.0,0.0,0.0,5.096587200326857e-07,0,0,0,0,0,inf,inf,0,0,0.0,1.421641599763158,-4.332967367621069e-06,-0.003584868219733387,-5.6473631958697384e-06,-1.6501584002368421,-1.2730290829661125e-05,1.6452008461659215,-0.7853082834420265,-6.406429059519833e-06,-0.0043009693378016686,-8.79774671711959e-06,-0.007931430598605647,2.7608532639498456e-05,0.007006049191816058,-1.884491956901555e-05,-0.0005138366605563137,-23.38274730127344,-0.0041515227067760625,17.086719493060563,0.7391925209881163,1.3204221999442267,-0.00010110402448092605,-0.0005138366605563137,-23.38274730127344,-0.0041515227067760625,17.086719493060563,0.7391925209881163,1.3204221999442267,-0.00010110402448092605
1.7309999999999202,1,1,1,4,0.0003325761462747148,5.331944230672464,5.325711518828592,5.0,0.5581411182128115,-8.891927971973494e-06,0.4353582375435038,-0.0002576699904320369,-1.3123163209493128e-06,-0.0007506026659977298,0.5580257014049094,-9.769049428614944e-06,0.00011542014073971604,0.07674536218025593,0.0,0.0,1.0,-0.004011465085238371,-0.004015569655348265,0.0,0.0,0.0,-0.004011465085238371,-0.0,0.0,0.0,-0.0023493502100009602,-0.002354442116835005,0.0,0.0,0.0,0.055,0.3,0.29765064978999906,0.0,0.0,0.0,4.912784182705209e-07,0,0,0,0,0,inf,inf,0,0,0.0,1.4215633701628962,-4.396693992172492e-06,-0.003627260996406545,-5.734068532963159e-06,-1.6502366298371038,-1.2457727871272592e-05,1.6452699667951445,-0.7853084696098886,-6.346006440951956e-06,-0.004189334321262719,-8.568501945853588e-06,-0.00773498199646491,2.6975440222778734e-05,0.0068357777719048355,-1.843420327086067e-05,-0.0005052190910160252,-23.38594031971497,-0.004186325035597256,17.09071227930169,0.7391862047825848,1.3211542498659234,-9.903985028932995e-05,-0.0005052190910160252,-23.38594031971497,-0.004186325035597256,17.09071227930169,0.7391862047825848,1.3211542498659234,-9.903985028932995e-05
1.740999999999919,1,1,1,4,0.00032578004805408536,5.324736168530626,5.326098025001792,5.0,0.558138583315538,-8.905062531075096e-06,0.43535082111679074,-0.00025012751180688143,-1.3142247244433347e-06,-0.0007343381558600274,0.5580257014049094,-9.769049428614944e-06,0.00011288521701503147,0.07488647003327144,0.0,0.0,1.0,-0.003918966968740815,-0.003923038011118467,0.0,0.0,0.0,-0.003918966968740815,-0.0,0.0,0.0,-0.002388955068364244,-0.0023940878461772433,0.0,0.0,0.0,0.055,0.3,0.29761104493163587,0.0,0.0,0.0,4.744844167401657e-07,0,0,0,0,0,inf,inf,0,0,0.0,1.42148707693137,-4.45984961504553e-06,-0.00366855664283477,-5.818553404282337e-06,-1.65031292306863,-1.2191240171785079e-05,1.6453374071187603,-0.7853086518142884,-6.29143950642279e-06,-0.0040811726503700825,-8.352094072099178e-06,-0.007543634277249347,2.638779920528116e-05,0.006669575700894475,-1.8049176137810246e-05,-0.000496618985537288,-23.389005768815128,-0.004220018286794631,17.094563683980645,0.7391797737789145,1.3218581045454025,-9.70080979825527e-05,-0.000496618985537288,-23.389005768815128,-0.004220018286794631,17.094563683980645,0.7391797737789145,1.3218581045454025,-9.70080979825527e-05
1.750999999999918,1,1,1,4,0.0003191300852830861,5.317753324528632,5.3254808945514505,5.0,0.5581361219903618,-8.918209183491623e-06,0.43534356640223004,-0.0002429185112835475,-1.3148796580479639e-06,-0.0007182485023419056,0.5580257014049094,-9.769049428614944e-06,0.00011042386345702373,0.07307439952984425,0.0,0.0,1.0,-0.0038278278343975517,-0.0038318549312342316,0.0,0.0,0.0,-0.0038278278343975517,-0.0,0.0,0.0,-0.0024276422882790476,-0.0024328155423826167,0.0,0.0,0.0,0.055,0.3,0.29757235771172114,0.0,0.0,0.0,4.590623387227524e-07,0,0,0,0,0,inf,inf,0,0,0.0,1.4214126695091107,-4.5224860898532715e-06,-0.003708789127681086,-5.90093715745227e-06,-1.6503873304908894,-1.1930410234936356e-05,1.6454032076192198,-0.7853088302959869,-6.241517408284186e-06,-0.003976346203540941,-8.146897761625104e-06,-0.007357303292088265,2.5838951992538144e-05,0.0065074023798262085,-1.7686904937900473e-05,-0.00048804713503495254,-23.391956643146116,-0.004252648546940611,17.098286077633407,0.7391732727358109,1.3225363212691212,-9.5005553178004e-05,-0.00048804713503495254,-23.391956643146116,-0.004252648546940611,17.098286077633407,0.7391732727358109,1.3225363212691212,-9.5005553178004e-05
1.7609999999999169,1,1,1,4,0.0003126247689158304,5.3109783332810725,5.324023710185396,5.0,0.5581337310128358,-8.931356025027384e-06,0.43533647147025845,-0.00023602311584449876,-1.3143906128555961e-06,-0.0007023654083158949,0.5580257014049094,-9.769049428614944e-06,0.00010803285573833063,0.07130783356364798,0.0,0.0,1.0,-0.003738186461921009,-0.00374216150977722,0.0,0.0,0.0,-0.003738186461921009,-0.0,0.0,0.0,-0.0024654262562789687,-0.002470639500932487,0.0,0.0,0.0,0.055,0.3,0.2975345737437212,0.0,0.0,0.0,4.448305228269762e-07,0,0,0,0,0,inf,inf,0,0,0.0,1.4213400982591813,-4.584643527999409e-06,-0.003747991072301753,-5.981323519092137e-06,-1.6504599017408188,-1.1674884166049868e-05,1.6454674082976941,-0.7853090052666649,-6.1951012907009795e-06,-0.0038747230036401477,-7.951408597819845e-06,-0.007175890806823686,2.5322802419667135e-05,0.006349204004181686,-1.7344521441618063e-05,-0.00047951349668122505,-23.394804069731563,-0.004284259631010402,17.101890137922624,0.7391667438253193,1.323191121876631,-9.303036441552037e-05,-0.00047951349668122505,-23.394804069731563,-0.004284259631010402,17.101890137922624,0.7391667438253193,1.323191121876631,-9.303036441552037e-05
1.7709999999999158,1,1,1,4,0.00030626231741884193,5.304396086507192,5.321865948423072,5.0,0.5581314073508578,-8.944492068454848e-06,0.4353295341157539,-0.00022942261448248612,-1.3128357846678056e-06,-0.0006867132645030194,0.5580257014049094,-9.769049428614944e-06,0.00010570916187201296,0.06958550330476657,0.0,0.0,1.0,-0.003650145180940484,-0.0036540619551159886,0.0,0.0,0.0,-0.003650145180940484,-0.0,0.0,0.0,-0.0025023225396955985,-0.002507575218781038,0.0,0.0,0.0,0.055,0.3,0.29749767746030464,0.0,0.0,0.0,4.31634743433656e-07,0,0,0,0,0,inf,inf,0,0,0.0,1.4212693145858857,-4.646351185195008e-06,-0.0037861938113697364,-6.059801978580368e-06,-1.6505306854141144,-1.1424365470845352e-05,1.6455300485586857,-0.785309176910171,-6.151152284167695e-06,-0.0037761770644523505,-7.764271673125548e-06,-0.006999288401473399,2.483391020783455e-05,0.006194916513618011,-1.7019323418310922e-05,-0.00047102737013818334,-23.39755758841234,-0.00431489331157042,17.105385101842373,0.7391602252608311,1.3238244425301646,-9.108162175625182e-05,-0.00047102737013818334,-23.39755758841234,-0.00431489331157042,17.105385101842373,0.7391602252608311,1.3238244425301646,-9.108162175625182e-05
1.7809999999999147,1,1,1,4,0.0003000407232315585,5.297993414810732,5.319126492435465,5.0,0.5581291481530487,-8.957606970972396e-06,0.43532275192334613,-0.00022309945435271305,-1.3102694998756675e-06,-0.0006713105276307628,0.5580257014049094,-9.769049428614944e-06,0.00010344993059188168,0.06790618508441414,0.0,0.0,1.0,-0.0035637770127709585,-0.0035676308117446867,0.0,0.0,0.0,-0.0035637770127709585,-0.0,0.0,0.0,-0.002538347562666871,-0.002543639066461041,0.0,0.0,0.0,0.055,0.3,0.2974616524373334,0.0,0.0,0.0,4.193438326404029e-07,0,0,0,0,0,inf,inf,0,0,0.0,1.4212002710188347,-4.7076285526620145e-06,-0.0038234274518193375,-6.136449356574084e-06,-1.6505997289811654,-1.1178608299434377e-05,1.645591167121335,-0.7853093453845329,-6.108746475885221e-06,-0.0036805882120045253,-7.584292842335563e-06,-0.006827380601062853,2.4367518892987418e-05,0.006044468043838551,-1.6708833397089586e-05,-0.0004625974815626069,-23.40022538991171,-0.004344589462905951,17.10877897967544,0.7391537506450871,1.3244379755049454,-8.915904672812417e-05,-0.0004625974815626069,-23.40022538991171,-0.004344589462905951,17.10877897967544,0.7391537506450871,1.3244379755049454,-8.915904672812417e-05
1.7909999999999136,1,1,1,4,0.00029395780673649365,5.291758813975851,5.315906634295159,5.0,0.5581269507373028,-8.970690834459234e-06,0.4353161223203783,-0.00021703721390572912,-1.3067291171035235e-06,-0.0006561708459918422,0.5580257014049094,-9.769049428614944e-06,0.00010125247990324637,0.06626869771028596,0.0,0.0,1.0,-0.0034791314656240882,-0.0034829188209232267,0.0,0.0,0.0,-0.0034791314656240882,-0.0,0.0,0.0,-0.002573518345926366,-0.0025788480246883,0.0,0.0,0.0,0.055,0.3,0.29742648165407387,0.0,0.0,0.0,4.078460374546402e-07,0,0,0,0,0,inf,inf,0,0,0.0,1.4211329212692727,-4.768486544671441e-06,-0.0038597209298942177,-6.211331419373684e-06,-1.6506670787307274,-1.0937410659981391e-05,1.6456508019528509,-0.7853095108243852,-6.067080667323828e-06,-0.0035878418867754734,-7.410438597482588e-06,-0.006660047376125139,2.3919541495758873e-05,0.005897780953524263,-1.641082781006752e-05,-0.0004542320159220412,-23.402814518027473,-0.004373386156685688,17.11207873658361,0.7391473487870729,1.3250332043766424,-8.726276717518711e-05,-0.0004542320159220412,-23.402814518027473,-0.004373386156685688,17.11207873658361,0.7391473487870729,1.3250332043766424,-8.726276717518711e-05
1.8009999999999124,1,1,1,4,0.00028801126002911317,5.285682209654367,5.312292640639935,5.0,0.5581248125796969,-8.983734069318213e-06,0.43530964261978466,-0.00021122056080596796,-1.302240983550973e-06,-0.0006413039783678473,0.5580257014049094,-9.769049428614944e-06,9.911428599341013e-05,0.06467190011965576,0.0,0.0,1.0,-0.0033962392357666316,-0.0033999576752997123,0.0,0.0,0.0,-0.0033962392357666316,-0.0,0.0,0.0,-0.002607852298340233,-0.002613219473300229,0.0,0.0,0.0,0.055,0.3,0.2973921477016599,0.0,0.0,0.0,3.970459783442871e-07,0,0,0,0,0,inf,inf,0,0,0.0,1.4210672202643229,-4.828928706565849e-06,-0.003895102066137835,-6.28450444969368e-06,-1.6507327797356772,-1.070060792732996e-05,1.6457089902201791,-0.7853096733435713,-6.025471752334613e-06,-0.0034978289321741986,-7.241828768729614e-06,-0.006497166127442869,2.3486520679079247e-05,0.005754773490661527,-1.6123345873265695e-05,-0.0004459386176157386,-23.40533104138834,-0.004401319726385537,17.11529044678995,0.7391410438167955,1.325611433727162,-8.53931562872911e-05,-0.0004459386176157386,-23.40533104138834,-0.004401319726385537,17.11529044678995,0.7391410438167955,1.325611433727162,-8.53931562872911e-05
1.8109999999999113,1,1,1,4,0.0002821986823546554,5.279754755150018,5.308357945067605,5.0,0.5581227313038755,-8.996727312228623e-06,0.43530331005473344,-0.00020563520032974156,-1.2968252927227695e-06,-0.0006267165439444165,0.5580257014049094,-9.769049428614944e-06,9.703297261664184e-05,0.06311468930147392,0.0,0.0,1.0,-0.0033151160196131465,-0.0033187638746878783,0.0,0.0,0.0,-0.0033151160196131465,-0.0,0.0,0.0,-0.002641367050413827,-0.0026467710226433638,0.0,0.0,0.0,0.055,0.3,0.2973586329495863,0.0,0.0,0.0,3.8686211185367124e-07,0,0,0,0,0,inf,inf,0,0,0.0,1.4210031241637715,-4.888952391551629e-06,-0.003929597618215337,-6.356016719158546e-06,-1.6507968758362286,-1.0468066835188836e-05,1.6457657682566162,-0.785309833037755,-5.983351816775099e-06,-0.0034104453739721217,-7.077724992257428e-06,-0.006338613249786372,2.3065574821207598e-05,0.005615361154424105,-1.5844684990134e-05,-0.00043772438082825116,-23.40778019937727,-0.004428424820262854,17.118419424538445,0.7391348554768346,1.326173814284818,-8.355071858693545e-05,-0.00043772438082825116,-23.40778019937727,-0.004428424820262854,17.118419424538445,0.7391348554768346,1.326173814284818,-8.355071858693545e-05
1.8209999999999102,1,1,1,4,0.00027651760875282896,5.273968657723573,5.304165021430375,5.0,0.5581207046709856,-9.009661386072773e-06,0.4352971218065588,-0.00020026781835871414,-1.290499847875013e-06,-0.0006124126340143525,0.5580257014049094,-9.769049428614944e-06,9.500630102974629e-05,0.0615959984335473,0.0,0.0,1.0,-0.003235765603238632,-0.0032393418512712503,0.0,0.0,0.0,-0.003235765603238632,-0.0,0.0,0.0,-0.002674080321821591,-0.0026795203793756658,0.0,0.0,0.0,0.055,0.3,0.29732591967817856,0.0,0.0,0.0,3.7722460097034506e-07,0,0,0,0,0,inf,inf,0,0,0.0,1.4209405903631593,-4.94854987237149e-06,-0.003963233331498978,-6.425909831971755e-06,-1.6508594096368407,-1.0239680047996136e-05,1.6458211715405964,-0.7853099899869349,-5.940260505721506e-06,-0.0033255921946850815,-6.917516972026919e-06,-0.006184265352872925,2.265433766889681e-05,0.005479457801218337,-1.5573387593506256e-05,-0.00042959583367395936,-23.410166526121465,-0.004454734445809822,17.12147033536579,0.7391287995126377,1.3267213642489857,-8.173601087883268e-05,-0.00042959583367395936,-23.410166526121465,-0.004454734445809822,17.12147033536579,0.7391287995126377,1.3267213642489857,-8.173601087883268e-05
1.8309999999999091,1,1,1,4,0.0002709655331494523,5.268317029464597,5.299766984363979,5.0,0.5581187305701972,-9.022527291728997e-06,0.435291075027209,-0.00019510602191109846,-1.283282825260442e-06,-0.0005983943106749551,0.5580257014049094,-9.769049428614944e-06,9.303216051160513e-05,0.06011479519496642,0.0,0.0,1.0,-0.003158182364596455,-0.0031616865009782037,0.0,0.0,0.0,-0.003158182364596455,-0.0,0.0,0.0,-0.0027060098165015765,-0.002711485240153368,0.0,0.0,0.0,0.055,0.3,0.2972939901834986,0.0,0.0,0.0,3.6807352898742657e-07,0,0,0,0,0,inf,inf,0,0,0.0,1.4208795774862395,-5.007709367052742e-06,-0.003996033987385457,-6.494219925715248e-06,-1.6509204225137606,-1.001536134719927e-05,1.645875234684331,-0.7853101442577978,-5.895835789317697e-06,-0.003243175106246336,-6.760707910414125e-06,-0.0060340002040169165,2.2250896597189707e-05,0.005346976536664978,-1.5308222879998823e-05,-0.0004215589287953387,-23.412493955854167,-0.004480280017772134,17.12444729067606,0.7391228881038646,1.3272549874189388,-7.994958813112548e-05,-0.0004215589287953387,-23.412493955854167,-0.004480280017772134,17.12444729067606,0.7391228881038646,1.3272549874189388,-7.994958813112548e-05
1.840999999999908,1,1,1,4,0.0002655399269338157,5.262793759314894,5.295208956681426,5.0,0.5581168070098207,-9.035316222955303e-06,0.43528516685723895,-0.00019013827928308945,-1.2751946716896228e-06,-0.0005846620131479988,0.5580257014049094,-9.769049428614944e-06,9.11085594808482e-05,0.05867008022184395,0.0,0.0,1.0,-0.0030823532984102695,-0.0030857852321897958,0.0,0.0,0.0,-0.0030823532984102695,-0.0,0.0,0.0,-0.0027371731400652427,-0.002742683207894404,0.0,0.0,0.0,0.055,0.3,0.29726282685993494,0.0,0.0,0.0,3.593573965034647e-07,0,0,0,0,0,inf,inf,0,0,0.0,1.4208200453692914,-5.066415967425686e-06,-0.004028023449343638,-6.560978726271799e-06,-1.6509799546307087,-9.795041427119107e-06,1.6459279914303606,-0.7853102959058722,-5.8498039426540394e-06,-0.0031631043237135637,-6.606900013483064e-06,-0.005887697445513297,2.1853732659578005e-05,0.005217830429195157,-1.5048165885306074e-05,-0.00041361903708807583,-23.41476591245085,-0.004505091406060155,17.127353928146697,0.7391171303050788,1.327775488637455,-7.819196791128255e-05,-0.00041361903708807583,-23.41476591245085,-0.004505091406060155,17.127353928146697,0.7391171303050788,1.327775488637455,-7.819196791128255e-05
1.850999999999907,1,1,1,4,0.00026023825384344137,5.2573934032947855,5.290529237522308,5.0,0.5581149321090189,-9.048019596921823e-06,0.4352793944401607,-0.0001853538612292747,-1.2662592851062936e-06,-0.000571214888602185,0.5580257014049094,-9.769049428614944e-06,8.923361720726838e-05,0.05726088568370633,0.0,0.0,1.0,-0.0030082596531541693,-0.0030116196221693665,0.0,0.0,0.0,-0.0030082596531541693,-0.0,0.0,0.0,-0.002767587735256321,-0.0027731317263043095,0.0,0.0,0.0,0.055,0.3,0.29723241226474384,0.0,0.0,0.0,3.5103185669521023e-07,0,0,0,0,0,inf,inf,0,0,0.0,1.42076195503929,-5.124652465907569e-06,-0.004059224706715571,-6.626214461007393e-06,-1.65103804496071,-9.578664271123236e-06,1.6459794746544023,-0.7853104449774673,-5.80196931895607e-06,-0.0030852943422191715,-6.455780645723699e-06,-0.005745239130320238,2.146166433896132e-05,0.0050919330755772145,-1.4792375583627655e-05,-0.00040578094993033476,-23.41698538551978,-0.0045291969888314396,17.130193480108037,0.7391115324710584,1.3282835869723555,-7.646360789212243e-05,-0.00040578094993033476,-23.41698538551978,-0.0045291969888314396,17.130193480108037,0.7391115324710584,1.3282835869723555,-7.646360789212243e-05
1.8609999999999058,1,1,1,4,0.00025505798185051966,5.2521110903872845,5.285760300236982,5.0,0.5581131040900992,-9.06062909100223e-06,0.4352737549338387,-0.00018074278413685618,-1.256504624057105e-06,-0.0005580510612891483,0.5580257014049094,-9.769049428614944e-06,8.740555610350764e-05,0.055886273961021214,0.0,0.0,1.0,-0.0029358782528362245,-0.0029391667547267815,0.0,0.0,0.0,-0.0029358782528362245,-0.0,0.0,0.0,-0.0027972708319919156,-0.002802848029158646,0.0,0.0,0.0,0.055,0.3,0.2972027291680083,0.0,0.0,0.0,3.430586484776141e-07,0,0,0,0,0,inf,inf,0,0,0.0,1.4207052686875468,-5.18240008081933e-06,-0.0040896599163131415,-6.689952638744665e-06,-1.6510947313124533,-9.366184064810184e-06,1.6460297163731632,-0.7853105915113913,-5.752204317657847e-06,-0.0030096637189037257,-6.307109475703771e-06,-0.005606510111759697,2.1073796036871304e-05,0.004969199044018794,-1.4540173134619171e-05,-0.0003980488876372848,-23.419154995064705,-0.0045526237085626005,17.132968831710517,0.7391060986549588,1.3287799269888785,-7.476489298241397e-05,-0.0003980488876372848,-23.419154995064705,-0.0045526237085626005,17.132968831710517,0.7391060986549588,1.3287799269888785,-7.476489298241397e-05
1.8709999999999047,1,1,1,4,0.00024999659260491105,5.246942441883124,5.280929644782592,5.0,0.5581113212713549,-9.073136686112125e-06,0.4352682455194793,-0.0001762957558048622,-1.2459628782662917e-06,-0.000545167851291716,0.5580257014049094,-9.769049428614944e-06,8.562269456570348e-05,0.05454533641018714,0.0,0.0,1.0,-0.0028651825627309486,-0.0028684002989136054,0.0,0.0,0.0,-0.0028651825627309486,-0.0,0.0,0.0,-0.0028262394091692674,-0.0028318491014933576,0.0,0.0,0.0,0.055,0.3,0.29717376059083095,0.0,0.0,0.0,3.3540469101492564e-07,0,0,0,0,0,inf,inf,0,0,0.0,1.4206499496401217,-5.239639083758292e-06,-0.004119350441867878,-6.752216707537185e-06,-1.6511500503598784,-9.157562595913097e-06,1.646078747756013,-0.785310735540458,-5.7004398164702914e-06,-0.0029361348611678145,-6.160706792738376e-06,-0.00547139831646484,2.068947175935759e-05,0.0048495442164366905,-1.4291021018527875e-05,-0.00039042651508255075,-23.421277046435602,-0.004575397132089894,17.135682570417053,0.7391008309715772,1.3292650884054182,-7.309612888647492e-05,-0.00039042651508255075,-23.421277046435602,-0.004575397132089894,17.135682570417053,0.7391008309715772,1.3292650884054182,-7.309612888647492e-05
1.8809999999999036,1,1,1,4,0.0002450515888863516,5.241883502295076,5.276060525812114,5.0,0.5581095820604376,-9.085534707243023e-06,0.43526286340866327,-0.00017200412418618086,-1.234670316004314e-06,-0.0005325619521269905,0.5580257014049094,-9.769049428614944e-06,8.388344034562968e-05,0.05323719220481839,0.0,0.0,1.0,-0.002796143547172963,-0.0027992913773958,0.0,0.0,0.0,-0.002796143547172963,-0.0,0.0,0.0,-0.002854510165950472,-0.002860151650389197,0.0,0.0,0.0,0.055,0.3,0.2971454898340498,0.0,0.0,0.0,3.2804132426456026e-07,0,0,0,0,0,inf,inf,0,0,0.0,1.4205959623260294,-5.296349334672602e-06,-0.004148316891402774,-6.81302860240931e-06,-1.6512040376739707,-8.952767088314792e-06,1.646126599139608,-0.7853108770927916,-5.646656237670806e-06,-0.0028646338222331046,-6.016443063752117e-06,-0.005339794924450152,2.0308234070130685e-05,0.004732886048027198,-1.4044503514199571e-05,-0.00038291696113708774,-23.42335357702279,-0.004597541511457827,17.138337028127633,0.7390957299238223,1.329739594382141,-7.145754049709497e-05,-0.00038291696113708774,-23.42335357702279,-0.004597541511457827,17.138337028127633,0.7390957299238223,1.329739594382141,-7.145754049709497e-05
1.8909999999999025,1,1,1,4,0.0002402205004472793,5.236930680207832,5.271172574562096,5.0,0.5581078849482232,-9.097815863256302e-06,0.4352576058487971,-0.0001678598292726164,-1.2226669060616057e-06,-0.0005202295747620985,0.5580257014049094,-9.769049428614944e-06,8.218628441601369e-05,0.051960987243886696,0.0,0.0,1.0,-0.002728730358545738,-0.0027318092640721647,0.0,0.0,0.0,-0.002728730358545738,-0.0,0.0,0.0,-0.0028820995006676527,-0.002887772083471355,0.0,0.0,0.0,0.055,0.3,0.2971179004993327,0.0,0.0,0.0,3.209436572772969e-07,0,0,0,0,0,inf,inf,0,0,0.0,1.4205432722440674,-5.35251073157067e-06,-0.004176579152603309,-6.872409195492393e-06,-1.6512567277559327,-8.7517684182911e-06,1.6461733000447325,-0.785311016192944,-5.590875347029066e-06,-0.0027950901047137993,-5.874229727049208e-06,-0.0052115944757596,1.9929788140337395e-05,0.004619143759291852,-1.380030876354909e-05,-0.0003755228449298378,-23.425386395932847,-0.004619079848842396,17.14093431703796,0.7390907946900868,1.330203918642662,-6.984927334246599e-05,-0.0003755228449298378,-23.425386395932847,-0.004619079848842396,17.14093431703796,0.7390907946900868,1.330203918642662,-6.984927334246599e-05
1.9009999999999014,1,1,1,4,0.0002355008885388801,5.232080697658322,5.266282330013785,5.0,0.5581062285031388,-9.109973280200468e-06,0.4352524701272743,-0.00016385535817528598,-1.209995792901358e-06,-0.0005081665642240766,0.5580257014049094,-9.769049428614944e-06,8.052979529732612e-05,0.050715893120504424,0.0,0.0,1.0,-0.0026629108893038373,-0.002665921943134167,0.0,0.0,0.0,-0.0026629108893038373,-0.0,0.0,0.0,-0.0029090234958410854,-0.0029147264935993175,0.0,0.0,0.0,0.055,0.3,0.2970909765041592,0.0,0.0,0.0,3.140900263820184e-07,0,0,0,0,0,inf,inf,0,0,0.0,1.420491845928902,-5.408103582481329e-06,-0.004204156426270488,-6.930378660681269e-06,-1.651308154071098,-8.554539663635245e-06,1.646218879194746,-0.7853111528628436,-5.533152831057042e-06,-0.0027274364726591147,-5.7340111725783794e-06,-0.005086694919516734,1.955397058327857e-05,0.00450823847315824,-1.3558212543390355e-05,-0.00036824630248578704,-23.427377117697766,-0.004640033959164989,17.143476360177125,0.739086023376901,1.3306584916089228,-6.82713970887173e-05,-0.00036824630248578704,-23.427377117697766,-0.004640033959164989,17.143476360177125,0.739086023376901,1.3306584916089228,-6.82713970887173e-05
1.9109999999999003,1,1,1,4,0.00023089034937831456,5.227330546835335,5.261403692552604,5.0,0.5581046113659275,-9.122000530566822e-06,0.4352474535746007,-0.00015998370336398673,-1.1967026885659623e-06,-0.0004963684938562264,0.5580257014049094,-9.769049428614944e-06,7.891261382159881e-05,0.0495011061447429,0.0,0.0,1.0,-0.0025986522129180607,-0.0026015965557477944,0.0,0.0,0.0,-0.0025986522129180607,-0.0,0.0,0.0,-0.0029352979080873934,-0.0029410306485097965,0.0,0.0,0.0,0.055,0.3,0.2970647020919129,0.0,0.0,0.0,3.0746152160560864e-07,0,0,0,0,0,inf,inf,0,0,0.0,1.4204416509169229,-5.46310890751517e-06,-0.0042310672579422,-6.986956764255588e-06,-1.6513583490830772,-8.36105493996184e-06,1.6462633645351492,-0.7853112871225896,-5.4735716604208006e-06,-0.002661608772331674,-5.5957578295331955e-06,-0.0049649976182112926,1.9180722676915244e-05,0.004400093307703264,-1.3318063757687203e-05,-0.0003610890180100431,-23.429327190911557,-0.004660424535018567,17.145964917416826,0.7390814132360967,1.3311037056893786,-6.672391048481992e-05,-0.0003610890180100431,-23.429327190911557,-0.004660424535018567,17.145964917416826,0.7390814132360967,1.3311037056893786,-6.672391048481992e-05
1.9209999999998992,1,1,1,4,0.00022638651675652068,5.222677453056088,5.256548311426934,5.0,0.5581030322448076,-9.133891654877666e-06,0.4352425535666811,-0.0001562383239704196,-1.1828352295200811e-06,-0.00048483074135210547,0.5580257014049094,-9.769049428614944e-06,7.733344829222412e-05,0.048315846416306575,0.0,0.0,1.0,-0.0025359209348088025,-0.0025387997556602197,0.0,0.0,0.0,-0.0025359209348088025,-0.0,0.0,0.0,-0.0029609381619265084,-0.0029666999844097674,0.0,0.0,0.0,0.055,0.3,0.2970390618380738,0.0,0.0,0.0,3.010415980824547e-07,0,0,0,0,0,inf,inf,0,0,0.0,1.4203926557122513,-5.517508678809319e-06,-0.00425732956777094,-7.042163092033143e-06,-1.6514073442877488,-8.17128848262989e-06,1.646306783253876,-0.7853114189911125,-5.4122362216212856e-06,-0.002597545761823789,-5.459460267383377e-06,-0.004846407317602165,1.881006754914431e-05,0.004294633433181649,-1.3079771597170929e-05,-0.0003540522547310637,-23.43123792255368,-0.004680271208894253,17.148401607633662,0.7390769608521087,1.331539919849261,-6.52067468135598e-05,-0.0003540522547310637,-23.43123792255368,-0.004680271208894253,17.148401607633662,0.7390769608521087,1.331539919849261,-6.52067468135598e-05
1.9309999999998981,1,1,1,4,0.00022198706394729786,5.218118843124183,5.251725915662382,5.0,0.5581014899110067,-9.145641177722393e-06,0.43523776752642657,-0.00015261311002120708,-1.1684423349800986e-06,-0.0004735485499416348,0.5580257014049094,-9.769049428614944e-06,7.579107001695917e-05,0.047159356942992225,0.0,0.0,1.0,-0.0024746834703863133,-0.0024774979910460264,0.0,0.0,0.0,-0.0024746834703863133,-0.0,0.0,0.0,-0.002985959346684345,-0.002991749602707037,0.0,0.0,0.0,0.055,0.3,0.29701404065331605,0.0,0.0,0.0,2.9481573365810725e-07,0,0,0,0,0,inf,inf,0,0,0.0,1.4203448297531953,-5.571286005852781e-06,-0.004282960678746249,-7.096017222638144e-06,-1.6514551702468048,-7.98521393704763e-06,1.6463491618019948,-0.7853115484867121,-5.349267181210028e-06,-0.002535188949489804,-5.325124209795421e-06,-0.0047308320906074815,1.8442090892708464e-05,0.004191786100554566,-1.2843294288435022e-05,-0.0003471368875634334,-23.433110498646922,-0.004699592615213061,17.150787927596497,0.7390726623003001,1.3319674635624676,-6.371978004669323e-05,-0.0003471368875634334,-23.433110498646922,-0.004699592615213061,17.150787927596497,0.7390726623003001,1.3319674635624676,-6.371978004669323e-05
1.940999999999897,1,1,1,4,0.00021768970505761567,5.213652318297424,5.246944596681422,5.0,0.5580999831946348,-9.15724411698103e-06,0.43523309292481926,-0.000149102349443608,-1.153573592301148e-06,-0.00046251707748779143,0.5580257014049094,-9.769049428614944e-06,7.428430918139413e-05,0.04603090280167329,0.0,0.0,1.0,-0.0024149062641240756,-0.0024176577266769497,0.0,0.0,0.0,-0.0024149062641240756,-0.0,0.0,0.0,-0.0030103762158412324,-0.003016194269220607,0.0,0.0,0.0,0.055,0.3,0.2969896237841592,0.0,0.0,0.0,2.887711456728636e-07,0,0,0,0,0,inf,inf,0,0,0.0,1.42029814337938,-5.624425273267129e-06,-0.0043079773433494185,-7.148538855456951e-06,-1.65150185662062,-7.802803824366531e-06,1.6463905259145621,-0.7853116756274948,-5.284797035749609e-06,-0.0024744824410692567,-5.192766360644133e-06,-0.0046181832619062715,1.8076924794537815e-05,0.0040914806474432715,-1.2608629313349933e-05,-0.0003403434348793238,-23.434946001798263,-0.0047184064495875335,17.153125268069953,0.7390685132814995,1.3323866402367412,-6.226283046640541e-05,-0.0003403434348793238,-23.434946001798263,-0.0047184064495875335,17.153125268069953,0.7390685132814995,1.3323866402367412,-6.226283046640541e-05
1.950999999999896,1,1,1,4,0.00021349219593083581,5.2092756312022725,5.242211049676259,5.0,0.5580985109808764,-9.168695987734112e-06,0.43522852728154693,-0.00014570069767354276,-1.1382786877664382e-06,-0.00045173143574575727,0.5580257014049094,-9.769049428614944e-06,7.281205104066775e-05,0.044929770338442934,0.0,0.0,1.0,-0.0023565559609768595,-0.002359245617857734,0.0,0.0,0.0,-0.0023565559609768595,-0.0,0.0,0.0,-0.0030342031883005684,-0.0030400484153389478,0.0,0.0,0.0,0.055,0.3,0.2969657968116999,0.0,0.0,0.0,2.8289654506787194e-07,0,0,0,0,0,inf,inf,0,0,0.0,1.4202525677997133,-5.676912237609792e-06,-0.004332395768726313,-7.199747900861662e-06,-1.6515474322002868,-7.624029153614208e-06,1.6464309006314395,-0.7853118004317173,-5.218966293937082e-06,-0.0024153727953013953,-5.062410944386264e-06,-0.004508375318633307,1.7714734284000618e-05,0.003993648486380191,-1.2375804973269505e-05,-0.0003336720899920273,-23.436745426090226,-0.004736729526088519,17.15541492754976,0.7390645092338236,1.3327977301870564,-6.0835670900156064e-05,-0.0003336720899920273,-23.436745426090226,-0.004736729526088519,17.15541492754976,0.7390645092338236,1.3327977301870564,-6.0835670900156064e-05
1.9609999999998948,1,1,1,4,0.00020939233468050735,5.204986666128525,5.2375307797554695,5.0,0.5580970722064705,-9.17999279933968e-06,0.43522406816528125,-0.00014240314969296854,-1.122606893428685e-06,-0.00044118672162471483,0.5580257014049094,-9.769049428614944e-06,7.13732323997996e-05,0.043855266406379725,0.0,0.0,1.0,-0.0022995995393411237,-0.002302228645432395,0.0,0.0,0.0,-0.0022995995393411237,-0.0,0.0,0.0,-0.0030574543511533423,-0.003063326140696641,0.0,0.0,0.0,0.055,0.3,0.2969425456488471,0.0,0.0,0.0,2.7718192842253207e-07,0,0,0,0,0,inf,inf,0,0,0.0,1.4202080750612966,-5.72873408921346e-06,-0.004356231640461844,-7.249664539336989e-06,-1.6515919249387034,-7.448859155072992e-06,1.646470310317911,-0.7853119229180545,-5.1519202347074174e-06,-0.002357808887770627,-4.934086869503404e-06,-0.004401325811450129,1.735570624234388e-05,0.003898223079337148,-1.2144873176192003e-05,-0.0003271227524207396,-23.438509689721023,-0.004754577832723651,17.15765812398179,0.7390606454256072,1.3332009932194686,-5.9438032048923725e-05,-0.0003271227524207396,-23.438509689721023,-0.004754577832723651,17.15765812398179,0.7390606454256072,1.3332009932194686,-5.9438032048923725e-05
1.9709999999998937,1,1,1,4,0.00020538796194161015,5.20078342221272,5.232908278006923,5.0,0.5580956658564576,-9.191131050243352e-06,0.4352197131936879,-0.00013920501432204517,-1.1066066165993457e-06,-0.0004308780419531373,0.5580257014049094,-9.769049428614944e-06,6.996683836006323e-05,0.0428067176377193,0.0,0.0,1.0,-0.0022440044130218263,-0.0022465742194107932,0.0,0.0,0.0,-0.0022440044130218263,-0.0,0.0,0.0,-0.003080143463596235,-0.0030860412170228705,0.0,0.0,0.0,0.055,0.3,0.29691985653640424,0.0,0.0,0.0,2.7161839905680003e-07,0,0,0,0,0,inf,inf,0,0,0.0,1.4201646380193653,-5.779879484507953e-06,-0.004379500145036783,-7.2983092552704825e-06,-1.6516353619806348,-7.277261113136005e-06,1.646508778684987,-0.7853120431058012,-5.083806184445033e-06,-0.002301741782682461,-4.807825430660543e-06,-0.004296955249384143,1.7000040344588178e-05,0.003805139901788274,-1.1915903308819055e-05,-0.0003206950558797671,-23.44023964573034,-0.004771966582205222,17.159856004766525,0.7390569170327952,1.3335966708815599,-5.806960798393308e-05,-0.0003206950558797671,-23.44023964573034,-0.004771966582205222,17.159856004766525,0.7390569170327952,1.3335966708815599,-5.806960798393308e-05
1.9809999999998926,1,1,1,4,0.00020147696089159364,5.196663999092006,5.228347171869313,5.0,0.5580942909611744,-9.202107715668165e-06,0.4352154600332178,-0.000136101890598508,-1.090325013678008e-06,-0.00042080053297337207,0.5580257014049094,-9.769049428614944e-06,6.859189931423099e-05,0.04178346974864801,0.0,0.0,1.0,-0.002189738508271021,-0.0021922502573529486,0.0,0.0,0.0,-0.002189738508271021,-0.0,0.0,0.0,-0.003102283961727805,-0.003108207092882817,0.0,0.0,0.0,0.055,0.3,0.2968977160382727,0.0,0.0,0.0,2.6619801710697083e-07,0,0,0,0,0,inf,inf,0,0,0.0,1.4201222303083019,-5.830338553707133e-06,-0.00440221599104441,-7.345702850364617e-06,-1.6516777696916982,-7.109200279937948e-06,1.6465463288093056,-0.785312161015018,-5.014771257363321e-06,-0.002247124612240004,-4.683658472639728e-06,-0.0041951869911028734,1.6647941741842334e-05,0.003714336398947579,-1.1688977082670961e-05,-0.00031438839749444933,-23.44193609109987,-0.004788910262558721,17.162009655303727,0.7390533192005082,1.333984988424721,-5.673006091822165e-05,-0.00031438839749444933,-23.44193609109987,-0.004788910262558721,17.162009655303727,0.7390533192005082,1.333984988424721,-5.673006091822165e-05
1.9909999999998915,1,1,1,4,0.00019765725708312167,5.192626584671156,5.223850353563556,5.0,0.5580929465934719,-9.212920234514759e-06,0.43521130639872196,-0.00013308964608162863,-1.0738076679245068e-06,-0.00041094937556486965,0.5580257014049094,-9.769049428614944e-06,6.724748816488021e-05,0.04078488687560104,0.0,0.0,1.0,-0.0021367703208146167,-0.002139225242485267,0.0,0.0,0.0,-0.0021367703208146167,-0.0,0.0,0.0,-0.0031238889640013375,-0.003129836899087721,0.0,0.0,0.0,0.055,0.3,0.2968761110359992,0.0,0.0,0.0,2.609136671035439e-07,0,0,0,0,0,inf,inf,0,0,0.0,1.4200808263137428,-5.880102888200483e-06,-0.004424393429241112,-7.391866440908649e-06,-1.6517191736862573,-6.944639853806013e-06,1.6465829831525625,-0.7853122766666297,-4.944960506562948e-06,-0.0021939124632711846,-4.561616948412538e-06,-0.004095947134701048,1.6299615227456898e-05,0.0036257519363232667,-1.146418422859845e-05,-0.0003082019631219372,-23.443599774471387,-0.004805422682715728,17.164120106295137,0.7390498470941366,1.3343661565192275,-5.541902579615626e-05,-0.0003082019631219372,-23.443599774471387,-0.004805422682715728,17.164120106295137,0.7390498470941366,1.3343661565192275,-5.541902579615626e-05
2.0009999999998906,1,1,1,4,0.00019392681814209192,5.188669444689555,5.219420089787667,5.0,0.558091631866141,-9.223566491740452e-06,0.43520725005294164,-0.00013016439692819034,-1.0570983284603508e-06,-0.0004013198070113056,0.5580257014049094,-9.769049428614944e-06,6.593271774958143e-05,0.03981035094028732,0.0,0.0,1.0,-0.0020850689568605685,-0.002087468265588981,0.0,0.0,0.0,-0.0020850689568605685,-0.0,0.0,0.0,-0.0031449712771569114,-0.0031509434545938715,0.0,0.0,0.0,0.055,0.3,0.2968550287228436,0.0,0.0,0.0,2.5575894955447783e-07,0,0,0,0,0,inf,inf,0,0,0.0,1.420040401145793,-5.9291655114738225e-06,-0.004446046271501447,-7.436821442504406e-06,-1.651759598854207,-6.783541008989079e-06,1.6466187635804201,-0.7853123900824859,-4.874515434794711e-06,-0.0021420622707492938,-4.441729809137357e-06,-0.003999164407606436,1.5955260654337838e-05,0.0035393277463126047,-1.1241618942532915e-05,-0.00030213475239888903,-23.445231402692475,-0.004821517016564921,17.166188339989663,0.7390464959389592,1.3347403727548073,-5.413611439328653e-05,-0.00030213475239888903,-23.445231402692475,-0.004821517016564921,17.166188339989663,0.7390464959389592,1.3347403727548073,-5.413611439328653e-05
2.0109999999998895,1,1,1,4,0.00019028365334774946,5.184790913829643,5.215058115410879,5.0,0.5580903459295288,-9.234044798090034e-06,0.4352032888058911,-0.00012732248959595094,-1.04023870659412e-06,-0.00039190712997588903,0.5580257014049094,-9.769049428614944e-06,6.464673845774186e-05,0.038859261042812204,0.0,0.0,1.0,-0.0020346041613195378,-0.002036949053931038,0.0,0.0,0.0,-0.0020346041613195378,-0.0,0.0,0.0,-0.0031655434024908187,-0.0031715392727467836,0.0,0.0,0.0,0.055,0.3,0.2968344565975097,0.0,0.0,0.0,2.5072808385305853e-07,0,0,0,0,0,inf,inf,0,0,0.0,1.4200009306133303,-5.977520836902997e-06,-0.0044671879087446464,-7.48058954527139e-06,-1.6517990693866698,-6.625862965253082e-06,1.6466536913808725,-0.7853125012853882,-4.803572819581967e-06,-0.002091532717844074,-4.324023173862524e-06,-0.0039047700578250595,1.5615069408645984e-05,0.0034550068722205155,-1.1021376972706379e-05,-0.000296185601681203,-23.446831646364522,-0.004837205843967364,17.168215295528157,0.739043261051579,1.3351078229564397,-5.288091906841887e-05,-0.000296185601681203,-23.446831646364522,-0.004837205843967364,17.168215295528157,0.739043261051579,1.3351078229564397,-5.288091906841887e-05
2.0209999999998884,1,1,1,4,0.0001867258131303109,5.180989388135554,5.210765713503211,5.0,0.5580890879693283,-9.24435386996031e-06,0.435199420514166,-0.00012456048404041944,-1.0232683242541146e-06,-0.00038270671922565073,0.5580257014049094,-9.769049428614944e-06,6.33887360204284e-05,0.037931032880922026,0.0,0.0,1.0,-0.001985346335856747,-0.0019876379898875725,0.0,0.0,0.0,-0.001985346335856747,-0.0,0.0,0.0,-0.0031856175423493204,-0.003191636567756036,0.0,0.0,0.0,0.055,0.3,0.2968143824576512,0.0,0.0,0.0,2.4581582671321684e-07,0,0,0,0,0,inf,inf,0,0,0.0,1.4199623911993882,-6.0251646153246385e-06,-0.004487831327895856,-7.523192682062007e-06,-1.651837608800612,-6.4715630877544425e-06,1.6466877872820385,-0.7853126102990939,-4.732263809691045e-06,-0.002042284142143965,-4.2085197314345255e-06,-0.0038126977474394873,1.5279221765544666e-05,0.003372734110801667,-1.08035532746465e-05,-0.0002903532045912651,-23.44840114454583,-0.004852501188334607,17.170201873521833,0.7390401378642911,1.3354686823396478,-5.1653016170692615e-05,-0.0002903532045912651,-23.44840114454583,-0.004852501188334607,17.170201873521833,0.7390401378642911,1.3354686823396478,-5.1653016170692615e-05
2.0309999999998873,1,1,1,4,0.00018325138849864444,5.177263318553335,5.206543783695231,5.0,0.5580878572045324,-9.254492806160642e-06,0.435195643080192,-0.00012187513828026191,-1.0062244093138682e-06,-0.00037371402654599477,0.5580257014049094,-9.769049428614944e-06,6.215792946431402e-05,0.03702509819403679,0.0,0.0,1.0,-0.0019372665488955217,-0.0019395061214065332,0.0,0.0,0.0,-0.0019372665488955217,-0.0,0.0,0.0,-0.0032052056067570943,-0.0032112472613098695,0.0,0.0,0.0,0.055,0.3,0.29679479439324336,0.0,0.0,0.0,2.410174040858056e-07,0,0,0,0,0,inf,inf,0,0,0.0,1.419924760037588,-6.072093874882908e-06,-0.00450798912794188,-7.564652991781609e-06,-1.6518752399624121,-6.320597009214049e-06,1.6467210714693763,-0.7853127171482963,-4.6607132545572445e-06,-0.0019942784476948837,-4.095238334203341e-06,-0.003722883449028517,1.4947884977617665e-05,0.0032924559541955088,-1.0588240145038608e-05,-0.00028463613189687906,-23.44994050873524,-0.004867414552655956,17.17214893997867,0.7390371219427593,1.335823116528426,-5.0451969051752635e-05,-0.00028463613189687906,-23.44994050873524,-0.004867414552655956,17.17214893997867,0.7390371219427593,1.335823116528426,-5.0451969051752635e-05
2.0409999999998862,1,1,1,4,0.00017985851042731562,5.173611205420819,5.202392900571424,5.0,0.5580866528855281,-9.264461065469781e-06,0.43519195445143877,-0.00011926339421660631,-9.89141832420505e-07,-0.0003649245842033156,0.5580257014049094,-9.769049428614944e-06,6.095356920662178e-05,0.03614090423113628,0.0,0.0,1.0,-0.0018903365392839895,-0.0018925251660413,0.0,0.0,0.0,-0.0018903365392839895,-0.0,0.0,0.0,-0.003224319220109595,-0.0032303829892577685,0.0,0.0,0.0,0.055,0.3,0.29677568077989086,0.0,0.0,0.0,2.3632844927845145e-07,0,0,0,0,0,inf,inf,0,0,0.0,1.4198880148895878,-6.1183068552907325e-06,-0.004527673535137703,-7.60499277953821e-06,-1.6519119851104123,-6.17291876777358e-06,1.6467535636023194,-0.7853128218585897,-4.589039232390265e-06,-0.0019474790225127538,-3.984193749037575e-06,-0.0036352653454808305,1.4621211969008805e-05,0.00321412053193427,-1.037552576424189e-05,-0.0002790328490327757,-23.45145032624781,-0.0048819569523224785,17.17405732967268,0.7390342089991105,1.336171282450593,-4.927733077209287e-05,-0.0002790328490327757,-23.45145032624781,-0.0048819569523224785,17.17405732967268,0.7390342089991105,1.336171282450593,-4.927733077209287e-05
2.050999999999885,1,1,1,4,0.000176545349197226,5.170031593772479,5.198313363551472,5.0,0.5580854742923334,-9.274258441295862e-06,0.43518835261959665,-0.00011672236459899646,-9.720530798161382e-07,-0.0003563340072472888,0.5580257014049094,-9.769049428614944e-06,5.9774935291650904e-05,0.03527791324101991,0.0,0.0,1.0,-0.0018445287150065913,-0.0018466675099551425,0.0,0.0,0.0,-0.0018445287150065913,-0.0,0.0,0.0,-0.0032429697278738034,-0.00324905510830469,0.0,0.0,0.0,0.055,0.3,0.29675703027212663,0.0,0.0,0.0,2.3174495270870408e-07,0,0,0,0,0,inf,inf,0,0,0.0,1.4198521341235113,-6.163802938316041e-06,-0.004546896417416662,-7.644234475022167e-06,-1.6519478658764888,-6.028480955112851e-06,1.6467852828303342,-0.7853129244564225,-4.517352745694968e-06,-0.0019018506612356121,-3.875396535304913e-06,-0.003549783733518774,1.4299340523905982e-05,0.0031376775535534537,-1.0165493091608585e-05,-0.0002735417328782271,-23.45293116307249,-0.0048961389464521506,17.17592784904129,0.7390313949003144,1.3365133291306335,-4.812864650279496e-05,-0.0002735417328782271,-23.45293116307249,-0.0048961389464521506,17.17592784904129,0.7390313949003144,1.3365133291306335,-4.812864650279496e-05
2.060999999999884,2,1,1,4,0.00017331214562180033,5.165822690040597,5.194235526845549,5.0,0.5580843728756436,-9.283225901732618e-06,0.4351848356006983,-9.963134140168288e-05,-7.702650753261506e-07,-0.0003479444971260289,0.5580850212108326,-9.278129557961225e-06,6.48355218988121e-07,0.034429365659687086,1.1308461824966476e-08,1.1308461824966476e-08,1.0,-0.0017974124138293148,-0.0017994663343553477,0.0,0.0,0.0,-0.0017974124138293148,-0.0,0.0,0.0,-0.003261154866064577,-0.0032672597475061995,0.0,0.0,0.0,0.055,0.3,0.2967388451339359,0.0,0.0,0.0,3.0894939223038993e-07,0,0,0,0,0,inf,inf,0,0,0.0,1.4198171582204069,-6.207673764825828e-06,-0.004565598002235935,-7.681744808968002e-06,-1.6519828417795932,-5.888058404331578e-06,1.6468163664326132,-0.785313026386764,-4.188465938283133e-06,-0.0018370098662220673,-3.5828178900685585e-06,-0.0034486081107532895,1.374116649831753e-05,0.0030957752588767766,-1.0295217295571433e-05,4.8124854527115953e-05,-23.446946064246916,-0.00459328501929247,17.19262392473921,0.7391814450302481,1.3554348531955522,-4.011773781812537e-05,4.8124854527115953e-05,-23.446946064246916,-0.00459328501929247,17.19262392473921,0.7391814450302481,1.3554348531955522,-4.011773781812537e-05
2.070999999999883,2,1,1,4,0.00017016260503924154,5.163234776325142,5.190269360605773,5.0,0.5580835067407528,-9.289373440408336e-06,0.43518140131950517,-7.654162811862991e-05,-4.960027475220798e-07,-0.0003397638600971528,0.5580852647834007,-9.278129557961225e-06,1.7580786036865112e-06,0.033577628927234524,2.548810298957471e-07,2.548810298957471e-07,1.0,-0.001754864711425568,-0.0017568687882111545,0.0,0.0,0.0,-0.001754864711425568,-0.0,0.0,0.0,-0.0032788942441676627,-0.003285019387975285,0.0,0.0,0.0,0.055,0.3,0.2967211057558327,0.0,0.0,0.0,4.59115569260627e-07,0,0,0,0,0,inf,inf,0,0,0.0,1.41978329702232,-6.246962143709322e-06,-0.004583542690648265,-7.715383523001409e-06,-1.65201670297768,-5.754941603624358e-06,1.646847147955249,-0.7853131278544396,-3.7223373568389682e-06,-0.0017597997281745634,-3.188891011523242e-06,-0.003334800496011649,1.2949273439115835e-05,0.00306146734166108,-9.940909510183063e-06,3.41355474521429e-05,-23.44790939740229,-0.004625542164847572,17.19429554890476,0.7391787753816225,1.3557052952065658,-3.276457712447969e-05,3.41355474521429e-05,-23.44790939740229,-0.004625542164847572,17.19429554890476,0.7391787753816225,1.3557052952065658,-3.276457712447969e-05
2.080999999999882,2,1,1,4,0.00016709293222363832,5.160527047914715,5.186479654002518,5.0,0.5580828542091482,-9.29305969953886e-06,0.43517804774759056,-5.6301781058948985e-05,-2.707156531531638e-07,-0.0003317811657355088,0.5580861449236967,-9.278129557961225e-06,3.290748417757365e-06,0.03272798271927583,1.1350213259032966e-06,1.1350213259032966e-06,1.0,-0.001713317759387715,-0.0017152751078030543,0.0,0.0,0.0,-0.001713317759387715,-0.0,0.0,0.0,-0.0032962134683121058,-0.0033023583934864023,0.0,0.0,0.0,0.055,0.3,0.29670378653168816,0.0,0.0,0.0,1.1278343579658416e-06,0,0,0,0,0,inf,inf,0,0,0.0,1.4197505808723818,-6.2817923719638855e-06,-0.004600718237791697,-7.745239719020946e-06,-1.6520494191276183,-5.630054474400817e-06,1.6468775171611445,-0.7853132236549943,-3.292037934723759e-06,-0.0016829554950120447,-2.823780056367512e-06,-0.003219709038523938,1.2107588931085134e-05,0.003015594253201776,-9.264162926297919e-06,2.418636823307654e-05,-23.448590302308467,-0.004652989110284196,17.19680045000809,0.7391770156881997,1.3570428204306801,-2.9627991653109664e-05,2.418636823307654e-05,-23.448590302308467,-0.004652989110284196,17.19680045000809,0.7391770156881997,1.3570428204306801,-2.9627991653109664e-05
2.0909999999998807,2,1,1,4,0.00016409985852697175,5.157768426841075,5.182831091069959,5.0,0.5580823970155357,-9.294701521135261e-06,0.435174772953014,-3.7093145778361346e-05,-8.163889752451196e-08,-0.0003239882032765411,0.5580880703588909,-9.278129557961225e-06,5.6733675585923556e-06,0.031884444177696994,3.0604565201018993e-06,3.0604565201018993e-06,1.0,-0.0016729886453638713,-0.0016749018279266547,0.0,0.0,0.0,-0.0016729886453638713,-0.0,0.0,0.0,-0.003313123737762115,-0.0033192879917064294,0.0,0.0,0.0,0.055,0.3,0.29668687626223816,0.0,0.0,0.0,1.8562822639207103e-06,0,0,0,0,0,inf,inf,0,0,0.0,1.4197190246335898,-6.312479523606361e-06,-0.00461712130443889,-7.771609180286914e-06,-1.6520809753664103,-5.513690126082966e-06,1.646907392416035,-0.7853133122833756,-2.889435495179515e-06,-0.0016051545893256745,-2.4884752042891714e-06,-0.0031028597601426245,1.1250012865595834e-05,0.002964079779695074,-8.53673521579106e-06,1.543150257330024e-05,-23.448906832656824,-0.004678454712018781,17.20017150170963,0.7391759034898507,1.3594936453677244,-2.7649410946985607e-05,1.543150257330024e-05,-23.448906832656824,-0.004678454712018781,17.20017150170963,0.7391759034898507,1.3594936453677244,-2.7649410946985607e-05
2.1009999999998796,2,1,1,4,0.00016118101964637723,5.155017883313876,5.179301685481859,5.0,0.5580821336548389,-9.294603449601225e-06,0.43517157507223414,-1.734808112004854e-05,8.13831240833728e-08,-0.0003163791364899577,0.5580914469510728,-9.278129557961225e-06,9.313310803851553e-06,0.03104851977205792,6.437048702087454e-06,6.437048702087454e-06,1.0,-0.0016341240121775609,-0.001635994751216314,0.0,0.0,0.0,-0.0016341240121775609,-0.0,0.0,0.0,-0.003329638541522322,-0.003335821692832483,0.0,0.0,0.0,0.055,0.3,0.2966703614584779,0.0,0.0,0.0,2.6309105357574993e-06,0,0,0,0,0,inf,inf,0,0,0.0,1.419688651439497,-6.339245162846455e-06,-0.004632733667993606,-7.794779927099853e-06,-1.652111348560503,-5.405926071555634e-06,1.6469367425171517,-0.7853133938335097,-2.504095345483771e-06,-0.0015247866339690886,-2.1806146936285283e-06,-0.00298316292847886,1.0388221696858272e-05,0.002911303907963349,-7.851976396940173e-06,6.650864963720123e-06,-23.448789865084628,-0.004703129269314174,17.204447979519745,0.7391752884099989,1.3631117032529534,-2.56606273910552e-05,6.650864963720123e-06,-23.448789865084628,-0.004703129269314174,17.204447979519745,0.7391752884099989,1.3631117032529534,-2.56606273910552e-05
2.1109999999998785,2,1,1,4,0.00015833472969164954,5.152326297246589,5.175879781621357,5.0,0.558082077150954,-9.292978561004841e-06,0.43516845229016676,4.298804979097577e-06,2.2675945671463785e-07,-0.0003089498402929282,0.5580966765848118,-9.278129557961225e-06,1.4599441409148833e-05,0.030219815759791078,1.1666682441021021e-05,1.1666682441021021e-05,1.0,-0.0015970506161857815,-0.0015988796126973322,0.0,0.0,0.0,-0.0015970506161857815,-0.0,0.0,0.0,-0.0033457742356564836,-0.0033519758646479987,0.0,0.0,0.0,0.055,0.3,0.2966542257643437,0.0,0.0,0.0,3.450243189952358e-06,0,0,0,0,0,inf,inf,0,0,0.0,1.419659497964381,-6.362194865694854e-06,-0.004647519805901569,-7.814998478789719e-06,-1.652140502035619,-5.306825478347274e-06,1.6469655731874255,-0.7853134688941769,-2.123606330890137e-06,-0.0014400346151785576,-1.894744689972688e-06,-0.0028590689231455424,9.516251691820346e-06,0.002860441425685619,-7.232981279876362e-06,-2.776993634046405e-06,-23.448181098034546,-0.004727589183724322,17.209673250130788,0.7391751679180691,1.3679556976383127,-2.3200272240231553e-05,-2.776993634046405e-06,-23.448181098034546,-0.004727589183724322,17.209673250130788,0.7391751679180691,1.3679556976383127,-2.3200272240231553e-05
2.1209999999998774,2,1,1,4,0.00015555980585099573,5.14973786789791,5.172561677397101,5.0,0.5580822532479707,-9.289963325521233e-06,0.4351654028259533,2.904802018772164e-05,3.615846127734691e-07,-0.0003016973990267107,0.5581041560656187,-9.278129557961225e-06,2.1902820844827258e-05,0.02939651659767005,1.91461632479594e-05,1.91461632479594e-05,1.0,-0.00156222235183363,-0.0015640091815340667,0.0,0.0,0.0,-0.00156222235183363,-0.0,0.0,0.0,-0.0033615511053283202,-0.003367770793197879,0.0,0.0,0.0,0.055,0.3,0.29663844889467195,0.0,0.0,0.0,4.313401842600348e-06,0,0,0,0,0,inf,inf,0,0,0.0,1.4196316183196862,-6.381304166005254e-06,-0.0046614251982473225,-7.832445536885386e-06,-1.6521683816803139,-5.2165770567481045e-06,1.6469939165280592,-0.7853135381078549,-1.7346445130990693e-06,-0.0013489398091101413,-1.6235539750663303e-06,-0.0027286916568855122,8.617107176564096e-06,0.002813725623238488,-6.674394212644499e-06,-1.3245555509677222e-05,-23.44703149528893,-0.004752165394032082,17.215892948446687,0.7391756504403436,1.3740867807503958,-2.008114423526067e-05,-1.3245555509677222e-05,-23.44703149528893,-0.004752165394032082,17.215892948446687,0.7391756504403436,1.3740867807503958,-2.008114423526067e-05
2.1309999999998763,2,1,1,4,0.00015285543255763503,5.147291192868483,5.169349732994861,5.0,0.5580826989249785,-9.28562933167626e-06,0.435162424923043,5.796379612507752e-05,4.918780131825319e-07,-0.0002946197275727404,0.5581142760323303,-9.278129557961225e-06,3.157710824242211e-05,0.028575760619243006,2.926612995953096e-05,2.926612995953096e-05,1.0,-0.0015302649489731973,-0.0015320080130325168,0.0,0.0,0.0,-0.0015302649489731973,-0.0,0.0,0.0,-0.0033769948836696842,-0.003383232200933993,0.0,0.0,0.0,0.055,0.3,0.29662300511633055,0.0,0.0,0.0,5.2190919559409395e-06,0,0,0,0,0,inf,inf,0,0,0.0,1.4196050868612022,-6.396415150543941e-06,-0.004674375206631723,-7.847224074146366e-06,-1.6521949131387978,-5.135573256719321e-06,1.6470218227765863,-0.7853136019918494,-1.3239823661372726e-06,-0.0012494538956783798,-1.3590464943189102e-06,-0.0025899065757957907,7.668376298837791e-06,0.0027726539338782555,-6.159439619149832e-06,-2.5054406514015003e-05,-23.445300072055815,-0.0047770758127507265,17.223153533485014,0.7391769090809813,1.3815667181322566,-1.622908250156776e-05,-2.5054406514015003e-05,-23.445300072055815,-0.0047770758127507265,17.223153533485014,0.7391769090809813,1.3815667181322566,-1.622908250156776e-05
2.1409999999998752,2,1,1,4,0.00015022105631526308,5.145020099139184,5.166250861566079,5.0,0.5580834611585022,-9.27999317350099e-06,0.4351595168425282,9.199597039604498e-05,6.227315237928265e-07,-0.00028771528618039884,0.5581274198863948,-9.278129557961225e-06,4.3958727932149333e-05,0.02775393567926117,4.240998402403737e-05,4.240998402403737e-05,1.0,-0.0015020187747060423,-0.0015037152883566399,0.0,0.0,0.0,-0.0015020187747060423,-0.0,0.0,0.0,-0.003392138707070666,-0.003398393201732734,0.0,0.0,0.0,0.055,0.3,0.29660786129292954,0.0,0.0,0.0,6.165502113344198e-06,0,0,0,0,0,inf,inf,0,0,0.0,1.419580000129709,-6.407241822517677e-06,-0.0046862744166707125,-7.859357515191282e-06,-1.6522199998702911,-5.064440820744795e-06,1.647049353864388,-0.7853136608698227,-8.792483900888782e-07,-0.001139480974468607,-1.0934066243789074e-06,-0.002440428757656007,6.646294943955534e-06,0.0027381485754004926,-5.667368315324254e-06,-3.845771566169547e-05,-23.44295294453787,-0.0048024727803626845,17.231501139380185,0.7391791436162812,1.3904564324995683,-1.162090641157781e-05,-3.845771566169547e-05,-23.44295294453787,-0.0048024727803626845,17.231501139380185,0.7391791436162812,1.3904564324995683,-1.162090641157781e-05
2.150999999999874,2,1,1,4,0.0001476563042725745,5.142954285988246,5.163275321343381,5.0,0.5580845958742199,-9.273025142241571e-06,0.43515667685892134,0.0001319967035813002,7.584107736349318e-07,-0.00028098286702536154,0.5581439627409955,-9.278129557961225e-06,5.936686699509748e-05,0.026926912345154996,5.895283862473378e-05,5.895283862473378e-05,1.0,-0.0014785796990039986,-0.00148022570584539,0.0,0.0,0.0,-0.0014785796990039986,-0.0,0.0,0.0,-0.003407025488012327,-0.003413296673763573,0.0,0.0,0.0,0.055,0.3,0.2965929745119878,0.0,0.0,0.0,7.1503525855114195e-06,0,0,0,0,0,inf,inf,0,0,0.0,1.41955647809955,-6.413381635724509e-06,-0.0046970063552727905,-7.868794849513451e-06,-1.65224352190045,-5.004038541174741e-06,1.6470765783814316,-0.7853137148534457,-3.894327268954468e-07,-0.0010169116107474493,-8.195592996858191e-07,-0.002277875411556405,5.528429765013927e-06,0.0027106823021916123,-5.176973606346562e-06,-5.368161078911667e-05,-23.439962581870542,-0.004828459927345236,17.240980657022238,0.739182553528948,1.4008148442329817,-6.259095109253119e-06,-5.368161078911667e-05,-23.439962581870542,-0.004828459927345236,17.240980657022238,0.739182553528948,1.4008148442329817,-6.259095109253119e-06
2.160999999999873,2,1,1,4,0.00014516092118502157,5.141119824487876,5.160435746483057,5.0,0.5580861670431934,-9.264657049195784e-06,0.43515390325774944,0.00017873323290392153,9.024324544971169e-07,-0.000274421435826703,0.5581642703928914,-9.278129557961225e-06,7.810335086002069e-05,0.026090228258726787,7.92604905206672e-05,7.92604905206672e-05,1.0,-0.0014613376980231695,-0.0014629281014465912,0.0,0.0,0.0,-0.0014613376980231695,-0.0,0.0,0.0,-0.003421710684464836,-0.003427998029130246,0.0,0.0,0.0,0.055,0.3,0.2965782893155353,0.0,0.0,0.0,8.17096751509035e-06,0,0,0,0,0,inf,inf,0,0,0.0,1.4195346648720266,-6.414330900458346e-06,-0.004706433512469917,-7.87541996363861e-06,-1.6522653351279735,-4.9554342666005045e-06,1.6471035676439771,-0.7853137638484867,1.54814536603616e-07,-0.0008796505720637088,-5.314895688383138e-07,-0.002099816123973983,4.295305100286063e-06,0.002690377083672815,-4.668353899269595e-06,-7.09302071288171e-05,-23.436307213220534,-0.004855098093690079,17.25163499672081,0.7391873205420141,1.4126979448746422,-1.60508923260742e-07,-7.09302071288171e-05,-23.436307213220534,-0.004855098093690079,17.25163499672081,0.7391873205420141,1.4126979448746422,-1.60508923260742e-07
2.170999999999872,2,1,1,4,0.00014273472063061534,5.139539547491806,5.15774636762227,5.0,0.5580882458882548,-9.25478935356383e-06,0.4351511943344949,0.00023289758808591127,1.057628941688466e-06,-0.00026803001582471734,0.5581886983197939,-9.278129557961225e-06,0.0001004524342506686,0.025239234232402843,0.00010368841742318632,0.00010368841742318632,1.0,-0.001452012702772857,-0.00145354130863019,0.0,0.0,0.0,-0.001452012702772857,-0.0,0.0,0.0,-0.0034362654406203193,-0.0034425683549836263,0.0,0.0,0.0,0.055,0.3,0.29656373455937984,0.0,0.0,0.0,9.224343604793639e-06,0,0,0,0,0,inf,inf,0,0,0.0,1.4195147289213206,-6.409502278496959e-06,-0.004714397612089822,-7.879063168326854e-06,-1.6522852710786795,-4.9198700091361996e-06,1.6471303926290308,-0.7853138075733017,7.610401971782739e-07,-0.0007256395492231732,-2.2438968961322453e-07,-0.0019038134494574032,2.9312762014497484e-06,0.002677081752005731,-4.123809335599594e-06,-9.038750901375359e-05,-23.431970353578247,-0.004882407435158093,17.263504493718447,0.7391935983076284,1.426158054615204,6.6492345219949715e-06,-9.038750901375359e-05,-23.431970353578247,-0.004882407435158093,17.263504493718447,0.7391935983076284,1.426158054615204,6.6492345219949715e-06
2.180999999999871,2,1,1,4,0.00014037754727355602,5.13823335604661,5.155222383732542,5.0,0.5580909101742553,-9.24329768217398e-06,0.43514854839450845,0.00029511398253280984,1.2262061378502296e-06,-0.00026180760440748887,0.558217590706027,-9.278129557961225e-06,0.00012668053656033064,0.02436921028329464,0.00013258080365624353,0.00013258080365624353,1.0,-0.0014526871125048434,-0.0014541466791156362,0.0,0.0,0.0,-0.0014526871125048434,-0.0,0.0,0.0,-0.0034507800682686165,-0.0034570978953671013,0.0,0.0,0.0,0.055,0.3,0.29654921993173156,0.0,0.0,0.0,1.0307209688082371e-05,0,0,0,0,0,inf,inf,0,0,0.0,1.4194968629779754,-6.3982430692465165e-06,-0.004720720086864811,-7.879513515283398e-06,-1.6523031370220247,-4.898721320726238e-06,1.6471571215919334,-0.7853138455834806,1.4349552767237903e-06,-0.0005528758696831582,1.0531038639445345e-07,-0.0016874558642174205,1.4248876455018688e-06,0.0026704332927093323,-3.5282669551273284e-06,-0.00011221785251744562,-23.42694042006658,-0.004910368312741233,17.27662642717284,0.7392015071496876,1.4412432260168349,1.4138913267171122e-05,-0.00011221785251744562,-23.42694042006658,-0.004910368312741233,17.27662642717284,0.7392015071496876,1.4412432260168349,1.4138913267171122e-05
2.1909999999998697,2,1,1,4,0.00013808924770822208,5.137218462118925,5.152879455082711,5.0,0.5580942435620646,-9.230038794663555e-06,0.43514596375361225,0.00036594442959425166,1.409797545671365e-06,-0.00025575311492955877,0.5582512794991419,-9.278129557961225e-06,0.00015703594444094613,0.023475457980866685,0.00016626959677108706,0.00016626959677108706,1.0,-0.0014658343565999879,-0.0014672166495818318,0.0,0.0,0.0,-0.0014658343565999879,-0.0,0.0,0.0,-0.003465367832086224,-0.0034716998370337413,0.0,0.0,0.0,0.055,0.3,0.2965346321679139,0.0,0.0,0.0,1.1416077030888747e-05,0,0,0,0,0,inf,inf,0,0,0.0,1.41948128361735,-6.379853381327356e-06,-0.004725202722384889,-7.87653097801652e-06,-1.65231871638265,-4.893455069269298e-06,1.647183818224168,-0.7853138772991108,2.180478050531335e-06,-0.0003594279893157742,4.5998736242345675e-07,-0.0014483846515185503,-2.311066716276835e-07,0.002669905394910374,-2.8694300588748664e-06,-0.0001365658857823189,-23.42121041698955,-0.004938921908109512,17.29103462999324,0.7392111322274483,1.4579967648823684,2.227365007197794e-05,-0.0001365658857823189,-23.42121041698955,-0.004938921908109512,17.29103462999324,0.7392111322274483,1.4579967648823684,2.227365007197794e-05
2.2009999999998686,2,1,1,4,0.00013586964797698744,5.136509582925179,5.150733293537168,5.0,0.5580983350110013,-9.214856022326181e-06,0.4351434387391767,0.00044589300789396575,1.609515979350427e-06,-0.00024986533796875064,0.5582900835000718,-9.278129557961225e-06,0.00019174849951011472,0.022553374074277144,0.00020507359770109617,0.00020507359770109617,1.0,-0.0014943428899073725,-0.0014956387402694509,0.0,0.0,0.0,-0.0014943428899073725,-0.0,0.0,0.0,-0.003480168995927478,-0.0034865143563047167,0.0,0.0,0.0,0.055,0.3,0.2965198310040727,0.0,0.0,0.0,1.2547281636930644e-05,0,0,0,0,0,inf,inf,0,0,0.0,1.4194682306067732,-6.353603582610994e-06,-0.00472762844117771,-7.86985792128315e-06,-1.652331769393227,-4.9055882708635155e-06,1.6472105402399766,-0.7853139020325477,2.9998266987979666e-06,-0.0001434483759663427,8.409139455086792e-07,-0.0011843159395851818,-2.0399362428584125e-06,0.002674847061999959,-2.137760178388057e-06,-0.00016355646664234258,-23.41477767278271,-0.004967970904540243,17.306759172123563,0.739222523924416,1.4764568458536227,3.101620231372125e-05,-0.00016355646664234258,-23.41477767278271,-0.004967970904540243,17.306759172123563,0.739222523924416,1.4764568458536227,3.101620231372125e-05
2.2109999999998675,2,1,1,4,0.000133718536279164,5.13611909861262,5.148799331420606,5.0,0.5581032782180455,-9.197584198435562e-06,0.4351409716914976,0.0005354091028970436,1.8260034477071392e-06,-0.00024414291756418694,0.5583343074893213,-9.278129557961225e-06,0.00023102928531637597,0.021598509277074372,0.00024929758695058264,0.00024929758695058264,1.0,-0.0015415350342217772,-0.0015427343987902764,0.0,0.0,0.0,-0.0015415350342217772,-0.0,0.0,0.0,-0.0034953550811904553,-0.0035017128780295416,0.0,0.0,0.0,0.055,0.3,0.2965046449188097,0.0,0.0,0.0,1.3697020014845005e-05,0,0,0,0,0,inf,inf,0,0,0.0,1.4194579660544322,-6.318750642264157e-06,-0.004727762203566956,-7.859229529253628e-06,-1.652342033945568,-4.936649597035251e-06,1.6472373383047818,-0.7853139190154022,3.8936425440832155e-06,9.681573582987812e-05,1.2483725319302224e-06,-0.0008930588428997907,-4.001131855527623e-06,0.0026845134533159017,-1.3263572975551906e-06,-0.00019329461656272456,-23.40764361585009,-0.004997380341951091,17.323826103868527,0.7392356996177634,1.496656205450082,4.032785187291419e-05,-0.00019329461656272456,-23.40764361585009,-0.004997380341951091,17.323826103868527,0.7392356996177634,1.496656205450082,4.032785187291419e-05
2.2209999999998664,2,1,1,4,0.00013163564973242472,5.136057182326315,5.147092454094407,5.0,0.5581091710850459,-9.178054100666217e-06,0.43513856096534803,0.000634889877307099,2.05947927946672e-06,-0.00023858433895857222,0.5583842413915834,-9.278129557961225e-06,0.00027507032474211876,0.020606615248959688,0.00029923148921261324,0.00029923148921261324,1.0,-0.0016111801259245638,-0.0016122721495656668,0.0,0.0,0.0,-0.0016111801259245638,-0.0,0.0,0.0,-0.0035111332827033187,-0.003517502492086874,0.0,0.0,0.0,0.055,0.3,0.2964888667172968,0.0,0.0,0.0,1.4861379724921361e-05,0,0,0,0,0,inf,inf,0,0,0.0,1.4194507733947446,-6.274553137865197e-06,-0.004725352006159476,-7.84438303035753e-06,-1.6523492266052555,-4.988144461448131e-06,1.6472642552373382,-0.7853139274239739,4.861130222342491e-06,0.0003630133438542511,1.681779293053371e-06,-0.0005725304485184038,-6.110909029672667e-06,0.0026980906405726923,-4.307804005778733e-07,-0.00022586557900349113,-23.399813579221824,-0.0050269786716598056,17.34225724893724,0.7392506462443563,1.518621899206881,5.016903428190143e-05,-0.00022586557900349113,-23.399813579221824,-0.0050269786716598056,17.34225724893724,0.7392506462443563,1.518621899206881,5.016903428190143e-05
2.2309999999998653,2,1,1,4,0.00012962066429947263,5.13633190960023,5.145626784455428,5.0,0.5581161152073227,-9.156096421728071e-06,0.43513620493160377,0.0007446821654221345,2.3097863425964786e-06,-0.00023318792512010846,0.5584401594810763,-9.278129557961225e-06,0.0003240442967320171,0.019573682174649432,0.0003551495787055787,0.0003551495787055787,1.0,-0.0017075014920307258,-0.0017084745713721787,0.0,0.0,0.0,-0.0017075014920307258,-0.0,0.0,0.0,-0.0035277509825086023,-0.0035341304677994614,0.0,0.0,0.0,0.055,0.3,0.2964722490174914,0.0,0.0,0.0,1.603636582037595e-05,0,0,0,0,0,inf,inf,0,0,0.0,1.4194469562384533,-6.220284813995847e-06,-0.004720129962099659,-7.825065668291848e-06,-1.6523530437615468,-5.061524108935418e-06,1.6472913254322217,-0.7853139264026966,5.900205172605942e-06,0.0006566821369613209,2.139809540119267e-06,-0.00022076822664211798,-8.362577212391542e-06,0.0027147155863183254,5.511639336711469e-07,-0.000261334992528094,-23.3912966262553,-0.005056559003784707,17.36207003924701,0.739267323267937,1.5423751126036391,6.0499790102371656e-05,-0.000261334992528094,-23.3912966262553,-0.005056559003784707,17.36207003924701,0.739267323267937,1.5423751126036391,6.0499790102371656e-05
2.240999999999864,2,1,1,4,0.00012767318718845313,5.136949352403171,5.144415509973637,5.0,0.5581242153787633,-9.131545289901235e-06,0.43513390197886376,0.000865083942281478,2.5764351337475666e-06,-0.0002279518398897189,0.5585023196297774,-9.278129557961225e-06,0.00037810427942808395,0.01849596886200741,0.00041730972740662526,0.00041730972740662526,1.0,-0.0018351768504385928,-0.0018360186989183716,0.0,0.0,0.0,-0.0018351768504385928,-0.0,0.0,0.0,-0.0035455002975417786,-0.003551888802257329,0.0,0.0,0.0,0.055,0.3,0.29645449970245835,0.0,0.0,0.0,1.7217924061461817e-05,0,0,0,0,0,inf,inf,0,0,0.0,1.419446837110618,-6.155246657679602e-06,-0.004711813449808557,-7.801041440272878e-06,-1.6523531628893822,-5.1581588130651356e-06,1.6473185744606753,-0.7853139150853817,7.007641816761654e-06,0.000979242182835744,2.620518629712628e-06,0.000164059681449963,-1.0746948951260079e-05,0.002733492360461341,1.6196465311118505e-06,-0.0002997491711767705,-23.38210539137337,-0.005085880526373247,17.383277385346858,0.7392856657874424,1.5679310178076498,7.128009095006032e-05,-0.0002997491711767705,-23.38210539137337,-0.005085880526373247,17.383277385346858,0.7392856657874424,1.5679310178076498,7.128009095006032e-05
2.250999999999863,2,1,1,4,0.00012579275120291802,5.137913661922408,5.143470744776079,5.0,0.5581335791098337,-9.104241360990176e-06,0.435131650515016,0.000996345484270336,2.8586455164128163e-06,-0.0002228740960397951,0.5585709626006132,-9.278129557961225e-06,0.00043738352534538125,0.017370026941382795,0.00048595269824249003,0.00048595269824249003,1.0,-0.0019993318123995513,-0.002000029526521989,0.0,0.0,0.0,-0.0019993318123995513,-0.0,0.0,0.0,-0.0035647225936043993,-0.0035711187349481387,0.0,0.0,0.0,0.055,0.3,0.2964352774063958,0.0,0.0,0.0,1.8401961579811658e-05,0,0,0,0,0,inf,inf,0,0,0.0,1.4194507560957121,-6.0787775097072655e-06,-0.004700106318951472,-7.772096667379218e-06,-1.652349243904288,-5.279315087260453e-06,1.6473460188167077,-0.7853138926141956,8.179217991637385e-06,0.0013319906633144389,3.1214550158450484e-06,0.0005836459430479171,-1.3252733021718961e-05,0.0027535053854362474,2.773042179811206e-06,-0.0003411354802084979,-23.37225593121175,-0.005114670073744356,17.405887577711702,0.7393055876200441,1.5952986700365657,8.247007690462686e-05,-0.0003411354802084979,-23.37225593121175,-0.005114670073744356,17.405887577711702,0.7393055876200441,1.5952986700365657,8.247007690462686e-05
2.260999999999862,2,1,1,4,0.00012398062117205313,5.138160977649486,5.14277091811858,5.0,0.5581443228451101,-9.074035122078909e-06,0.43512945029982814,0.0011414184741139301,3.154947255663232e-06,-0.00021740488740085075,0.5586463113875458,-9.278129557961225e-06,0.0005019885839253014,0.016191250195691297,0.0005613014851750542,0.0005613014851750542,1.0,-0.002204325981230817,-0.0022047029897254156,0.0,0.0,0.0,-0.002204325981230817,-0.0,0.0,0.0,-0.0035858098607219674,-0.0035922114033300045,0.0,0.0,0.0,0.055,0.3,0.2964141901392783,0.0,0.0,0.0,1.8623319739595814e-05,0,0,0,0,0,inf,inf,0,0,0.0,1.4194590658662587,-5.990179837728052e-06,-0.00468470110327477,-7.737925766406159e-06,-1.6523409341337414,-5.42657380090322e-06,1.6473736940400558,-0.785313858952566,9.428439370011038e-06,0.001715717324510343,3.667199293505471e-06,0.0010381049893453522,-1.5967516415263838e-05,0.0027854165520688748,3.7804644941793264e-06,-0.00038772856751251,-23.361704793230615,-0.005144866332818975,17.429801776441,0.7393281723509667,1.6243652801704476,9.65224576293384e-05,-0.00038772856751251,-23.361704793230615,-0.005144866332818975,17.429801776441,0.7393281723509667,1.6243652801704476,9.65224576293384e-05
2.270999999999861,2,1,1,4,0.0001222754073475765,5.139164461301748,5.1421865137059015,5.0,0.55815670225082,-9.040693275213053e-06,0.43512732978630664,0.001326269258191665,3.495233897558048e-06,-0.00020602438447251713,0.5587285706043611,-9.278129557961225e-06,0.000571868402832113,0.014928829683507984,0.0006435607019903936,0.0006435607019903936,1.0,-0.0024426341625282478,-0.0024420293156490165,0.0,0.0,0.0,-0.0024426341625282478,-0.0,0.0,0.0,-0.003609142353904988,-0.0036155407594209996,0.0,0.0,0.0,0.055,0.3,0.2963908576460953,0.0,0.0,0.0,1.7460326373868922e-05,0,0,0,0,0,inf,inf,0,0,0.0,1.419472150628466,-5.888139589956845e-06,-0.004665239711613338,-7.697686803749344e-06,-1.652327849371534,-5.603668686239112e-06,1.6474021124113678,-0.785313818922527,1.0906360001713128e-05,0.0021452566814052633,4.3540268249517136e-06,0.0015415771396784844,-1.9307285546654427e-05,0.0029094529541699938,4.085132187668192e-06,-0.0004479933976230786,-23.349895065945102,-0.005184535678293707,17.45386911270043,0.7393570676658673,1.6538481163819079,0.00012155101679980706,-0.0004479933976230786,-23.349895065945102,-0.005184535678293707,17.45386911270043,0.7393570676658673,1.6538481163819079,0.00012155101679980706
2.28099999999986,2,1,1,4,0.00012079286907021227,5.1420663645497715,5.141943500239941,5.0,0.5581712577928725,-9.003424187038993e-06,0.4351253806310332,0.00156926854540845,3.930133821720658e-06,-0.0001844527509391218,0.5588179259238374,-9.278129557961225e-06,0.0006466681893124997,0.013509614315501987,0.0007329160214666132,0.0007329160214666132,1.0,-0.0027257368984109015,-0.0027246347569456495,0.0,0.0,0.0,-0.0027257368984109015,-0.0,0.0,0.0,-0.0036350795724760555,-0.0036414692890283564,0.0,0.0,0.0,0.055,0.3,0.29636492042752416,0.0,0.0,0.0,1.7280509154631414e-05,0,0,0,0,0,inf,inf,0,0,0.0,1.41949073409806,-5.768915322704987e-06,-0.004641079127248016,-7.649295791762366e-06,-1.65230926590194,-5.820067070089068e-06,1.6474324714434305,-0.7853137767135367,1.2816650715746944e-05,0.0026490776873089664,5.269424714795041e-06,0.0021311463799018925,-2.3702933190501325e-05,0.0031537758144180882,4.3970615882962e-06,-0.0005242215873216461,-23.336567673489842,-0.005235172279035309,17.477045465198625,0.7393970303544181,1.682609392978911,0.00015601194250722334,-0.0005242215873216461,-23.336567673489842,-0.005235172279035309,17.477045465198625,0.7393970303544181,1.682609392978911,0.00015601194250722334
2.2909999999998587,2,1,1,4,0.00011964478906475919,5.146403048744542,5.142213975929115,5.0,0.5581885165890781,-8.961324995498115e-06,0.43512369393435935,0.00186064242057752,4.451095762751531e-06,-0.00015465314670052744,0.5589145435688284,-9.278129557961225e-06,0.0007260270488697461,0.011870811354479491,0.0008295336664576686,0.0008295336664576686,1.0,-0.0030717480394131754,-0.0030700558884657943,0.0,0.0,0.0,-0.0030717480394131754,-0.0,0.0,0.0,-0.003664182633043378,-0.0036705581441617975,0.0,0.0,0.0,0.055,0.3,0.2963358173669568,0.0,0.0,0.0,1.7262110469282622e-05,0,0,0,0,0,inf,inf,0,0,0.0,1.4195157242777323,-5.6283542950499894e-06,-0.004611456205784738,-7.590552541971332e-06,-1.6522842757222678,-6.085947652058074e-06,1.6474657249297453,-0.7853137283370714,1.5126842008111752e-05,0.0032302921593327883,6.399853417162175e-06,0.0028144304539279613,-2.9089364657360025e-05,0.003474488353916378,5.304007584667195e-06,-0.0006104475376358244,-23.322086660503235,-0.0052900442737684765,17.499663703774882,0.7394473063501832,1.7110218042789467,0.00019270716925572323,-0.0006104475376358244,-23.322086660503235,-0.0052900442737684765,17.499663703774882,0.7394473063501832,1.7110218042789467,0.00019270716925572323
2.3009999999998576,2,1,1,4,0.00011891860002213785,5.151921975513904,5.143104997167741,5.0,0.5582089189833487,-8.913589462661865e-06,0.43512234288035134,0.0021928370566544186,5.048098155410539e-06,-0.00011821922742355652,0.5590185698566589,-9.278129557961225e-06,0.0008096509553761088,0.009969257406125446,0.0009335599542880774,0.0009335599542880774,1.0,-0.0034932807128988962,-0.003490935908015124,0.0,0.0,0.0,-0.0034932807128988962,-0.0,0.0,0.0,-0.003697151458158896,-0.003703506502307067,0.0,0.0,0.0,0.055,0.3,0.29630284854184125,0.0,0.0,0.0,1.7348654923266834e-05,0,0,0,0,0,inf,inf,0,0,0.0,1.4195480822139208,-5.4627224763401625e-06,-0.00457558938883336,-7.519448350447777e-06,-1.6522519177860793,-6.410557909453761e-06,1.647502452187398,-0.7853136669124031,1.778626025575213e-05,0.003890094930533744,7.716924689612655e-06,0.0035953713169428587,-3.533599917126826e-05,0.0038396917635380007,6.937604182057893e-06,-0.000704562911486864,-23.30674878928522,-0.005346267237795173,17.52199521512887,0.739506877859504,1.7393813183783269,0.000229259521651162,-0.000704562911486864,-23.30674878928522,-0.005346267237795173,17.52199521512887,0.739506877859504,1.7393813183783269,0.000229259521651162
2.3109999999998565,2,1,1,4,0.0001186832136112195,5.158430648657932,5.1446793586777755,5.0,0.558232840918413,-8.859516589989802e-06,0.4351213867286574,0.002560232264525746,5.710236782590635e-06,-7.639343544587166e-05,0.559130130798078,-9.278129557961225e-06,0.0008972899773129098,0.007776201167898336,0.001045120895707303,0.001045120895707303,1.0,-0.00400148375768174,-0.003998436964992549,0.0,0.0,0.0,-0.00400148375768174,-0.0,0.0,0.0,-0.0037348035724002206,-0.0037411313460461006,0.0,0.0,0.0,0.055,0.3,0.2962651964275999,0.0,0.0,0.0,1.7498007118346745e-05,0,0,0,0,0,inf,inf,0,0,0.0,1.4195887952773487,-5.268866056660353e-06,-0.0045326913830927365,-7.434336287828034e-06,-1.6522112047226514,-6.801532911166288e-06,1.6475429681455627,-0.7853135852776223,2.0732222696282853e-05,0.0046286097755168796,9.179512086705185e-06,0.004475653504178142,-4.226237039438166e-05,0.0042269512649426595,9.264046047648406e-06,-0.0008056124518115049,-23.290784276645105,-0.005402098941844024,17.544223794926605,0.7395742231466513,1.7678812790943994,0.00026482110881768695,-0.0008056124518115049,-23.290784276645105,-0.005402098941844024,17.544223794926605,0.7395742231466513,1.7678812790943994,0.00026482110881768695
2.3209999999998554,2,1,1,4,0.00011899337733214856,5.165780234340546,5.146968499052736,5.0,0.5582606102622922,-8.798517682422042e-06,0.43512087384270526,0.002958618946637059,6.426085374713543e-06,-3.015135303017503e-05,0.5592493317518739,-9.278129557961225e-06,0.0009887216059073732,0.005274559475972668,0.0011643218495030487,0.0011643218495030487,1.0,-0.00460646522648102,-0.004602669143849707,0.0,0.0,0.0,-0.00460646522648102,-0.0,0.0,0.0,-0.003778062023364137,-0.00378435524837552,0.0,0.0,0.0,0.055,0.3,0.296221937976636,0.0,0.0,0.0,1.7678471188718738e-05,0,0,0,0,0,inf,inf,0,0,0.0,1.4196388586326647,-5.044286284247164e-06,-0.0044819779507265485,-7.334010966835182e-06,-1.6521611413673354,-7.264589543772503e-06,1.647587402736155,-0.7853134770106469,2.3897911553118702e-05,0.0054452216162186335,1.0742023216280393e-05,0.005455403714504034,-4.9671484910394884e-05,0.004620651061258065,1.218593217592141e-05,-0.000913036264946077,-23.274375181577305,-0.00545619299028758,17.56646785003175,0.7396475953483539,1.796638792041067,0.00029913404592341454,-0.000913036264946077,-23.274375181577305,-0.00545619299028758,17.56646785003175,0.7396475953483539,1.796638792041067,0.00029913404592341454
2.3309999999998543,2,1,1,4,0.0001198929392414996,5.173853708069658,5.149981778107852,5.0,0.5582925187236446,-8.730118941531647e-06,0.4351208439953812,0.0033848178632914223,7.1841730224515325e-06,1.9735007235724247e-05,0.5593762571360908,-9.278129557961225e-06,0.0010837385510016437,0.0024667308931271776,0.0012912472337201452,0.0012912472337201452,1.0,-0.005317498131182492,-0.00531289988972568,0.0,0.0,0.0,-0.005317498131182492,-0.0,0.0,0.0,-0.003827946238220459,-0.003834197137932491,0.0,0.0,0.0,0.055,0.3,0.29617205376177963,0.0,0.0,0.0,1.7865971113192572e-05,0,0,0,0,0,inf,inf,0,0,0.0,1.4196992625315805,-4.787148948127095e-06,-0.004422673934646336,-7.217720394615153e-06,-1.6521007374684196,-7.803490277048904e-06,1.6476357580369274,-0.7853133367972023,2.7217812471088204e-05,0.006338812131301077,1.2359966321068e-05,0.006533687173908696,-5.737166023279134e-05,0.005010078439941248,1.5585731675136322e-05,-0.0010264099767916162,-23.257668790150742,-0.00550734662957133,17.58879660335514,0.7397252296768143,1.8257139316014894,0.0003321788278054424,-0.0010264099767916162,-23.257668790150742,-0.00550734662957133,17.58879660335514,0.7397252296768143,1.8257139316014894,0.0003321788278054424
2.340999999999853,2,1,1,4,0.00012092521460280083,5.1824972852075115,5.1537131369148925,5.0,0.5583288307198476,-8.653830099714078e-06,0.43512133019650223,0.003836574427572755,8.102808292334075e-06,7.271443966127605e-05,0.5595109701966473,-9.278129557961225e-06,0.0011821396416490054,0.0008925091821122003,0.0014259602942765562,0.0014259602942765562,1.0,-0.006143092229330434,-0.006137504748520317,0.0,0.0,0.0,-0.006143092229330434,-0.0,0.0,0.0,-0.0038855641878014348,-0.0038917642779205696,0.0,0.0,0.0,0.055,0.3,0.2961144358121987,0.0,0.0,0.0,1.737490683908485e-05,0,0,0,0,0,inf,inf,0,0,0.0,1.419770983689505,-4.496172148095129e-06,-0.004354017367843051,-7.0850298916602216e-06,-1.6520290163104951,-8.420070997543264e-06,1.6476879499952255,-0.7853131610111804,3.0710440626166876e-05,0.007307888423403228,1.4098889961387674e-05,0.00770882264744762,-6.508877185073614e-05,0.005388728037450763,1.8845768096307715e-05,-0.0011453569960572635,-23.240787358483246,-0.005554417873680602,17.611241946687674,0.7398054715753988,1.8551237445710054,0.00036403447012863053,-0.0011453569960572635,-23.240787358483246,-0.005554417873680602,17.611241946687674,0.7398054715753988,1.8551237445710054,0.00036403447012863053
2.350999999999852,2,1,1,4,0.00012082096713036863,5.1900605904833075,5.158019005002502,5.0,0.5583699207757322,-8.560614444634718e-06,0.4351224102702971,0.004342638882625701,1.0270343937007902e-05,0.0001401135296648556,0.5596535128339815,-9.278129557961225e-06,0.0012835922587911067,0.0043084726201996736,0.0015685029316107148,0.0015685029316107148,1.0,-0.007068491994343554,-0.007060499210647336,0.0,0.0,0.0,-0.007068491994343554,-0.0,0.0,0.0,-0.003952010941395743,-0.003958140601310831,0.0,0.0,0.0,0.055,0.3,0.2960479890586044,0.0,0.0,0.0,1.450017018949162e-05,0,0,0,0,0,inf,inf,0,0,0.0,1.4198549544556256,-4.165324247686714e-06,-0.004275291294142517,-6.928710378510905e-06,-1.6519450455443745,-9.108087455609696e-06,1.6477443599711699,-0.7853129728762532,3.4996841145528204e-05,0.008344142767307501,1.6839460852905194e-05,0.008973282613080141,-7.186153919912381e-05,0.005873521026214931,1.9417950493879635e-05,-0.0013819965540091328,-23.222907377046486,-0.00570924965653512,17.632304488371684,0.7398527008031269,1.8831939702082456,0.0004531444805774016,-0.0013819965540091328,-23.222907377046486,-0.00570924965653512,17.632304488371684,0.7398527008031269,1.8831939702082456,0.0004531444805774016
2.360999999999851,2,1,1,4,0.00012134192832821602,5.199154290880706,5.162861854961354,5.0,0.5584164228042849,-8.447271008280911e-06,0.43512426960889417,0.004909510134922686,1.2173381166871687e-05,0.0002256673390073697,0.5598039054882061,-9.278129557961225e-06,0.001387482932690376,0.008289031055582485,0.0017188955858353332,0.0017188955858353332,1.0,-0.008091040944266794,-0.00808119224890948,0.0,0.0,0.0,-0.008091040944266794,-0.0,0.0,0.0,-0.004028235264546813,-0.0040342745911034275,0.0,0.0,0.0,0.055,0.3,0.29597176473545334,0.0,0.0,0.0,1.3612819104800071e-05,0,0,0,0,0,inf,inf,0,0,0.0,1.4199520692029557,-3.7923599460305856e-06,-0.004185842171108405,-6.746245694956036e-06,-1.6518479307970444,-9.8654978474876e-06,1.6478063958589304,-0.785312761700125,3.9171030105853996e-05,0.009446801616139667,1.9379819906116716e-05,0.01032985767733614,-7.898638889496792e-05,0.006486891544527866,2.2762908287442505e-05,-0.001596643014214549,-23.203577802546338,-0.00583101229942404,17.650957099925556,0.7399031384187587,1.9087874113974015,0.0005125478275062457,-0.001596643014214549,-23.203577802546338,-0.00583101229942404,17.650957099925556,0.7399031384187587,1.9087874113974015,0.0005125478275062457
2.37099999999985,2,1,1,4,0.0001226891701493751,5.22828691859651,5.169075580123252,5.0,0.5584690263616934,-8.272230861551985e-06,0.4351271403788899,0.00558439957503908,2.4795925851868847e-05,0.00035344892461872747,0.5599621470830832,-9.278129557961225e-06,0.0014931210602211519,0.012837767103873689,0.0018771371807124746,0.0018771371807124746,1.0,-0.00900737792353526,-0.008981168663254456,0.0,0.0,0.0,-0.00900737792353526,-0.0,0.0,0.0,-0.0041146255400132,-0.004120461061664094,0.0,0.0,0.0,0.055,0.3,0.29588537445998686,0.0,0.0,0.0,3.90611488889979e-06,0,0,0,0,0,inf,inf,0,0,0.0,1.4200634782705477,-3.363055793588451e-06,-0.004084888650619139,-6.520207864499474e-06,-1.6517365217294524,-1.060029273956907e-05,1.647875420123775,-0.7853124869155463,4.739260868352966e-05,0.010653722094645287,2.6912881550225487e-05,0.011854581785813587,-6.426618493338969e-05,0.0073302332225217166,3.259934246458524e-05,-0.002219004668680281,-23.182272603364225,-0.006349522899597918,17.66558142498658,0.7395584465414767,1.9301771049653564,0.0005645029937841903,-0.002219004668680281,-23.182272603364225,-0.006349522899597918,17.66558142498658,0.7395584465414767,1.9301771049653564,0.0005645029937841903
2.380999999999849,2,1,1,4,0.00012560269224739986,5.263589989575172,5.179254003330199,5.0,0.5585296628136153,-7.9617341560547e-06,0.43513186610535026,0.0064778078769008075,3.5231363976750366e-05,0.0005805566517931527,0.5601282150289743,-9.278129557961225e-06,0.0015985527573796146,0.018264171429462427,0.0020432051266034484,0.0020432051266034484,1.0,-0.009682202482555304,-0.009658424076485969,0.0,0.0,0.0,-0.009682202482555304,-0.0,0.0,0.0,-0.004208475186743097,-0.004214062222270814,0.0,0.0,0.0,0.055,0.3,0.29579152481325693,0.0,0.0,0.0,2.7681017969556886e-06,0,0,0,0,0,inf,inf,0,0,0.0,1.42019212950082,-2.8262677705318453e-06,-0.003970755650271805,-6.192188763996443e-06,-1.6516078704991801,-1.1264161454397262e-05,1.647955663167047,-0.7853121091649088,5.8963878160920335e-05,0.012064041761121679,3.763744446874891e-05,0.013742556058195224,-7.207548722227227e-05,0.008623084434860328,4.232701998255759e-05,-0.0030177189005169427,-23.15620464821358,-0.007031820534447856,17.66928023178797,0.7393624563919703,1.9400347049149682,0.0007026689213461832,-0.0030177189005169427,-23.15620464821358,-0.007031820534447856,17.66928023178797,0.7393624563919703,1.9400347049149682,0.0007026689213461832
2.3909999999998477,2,1,1,4,0.00013072236994890376,5.294837670529182,5.192525220796966,5.0,0.5585998402416397,-7.570649403502683e-06,0.435139160244604,0.007468068862320479,4.2018875905917875e-05,0.0008557065048586587,0.5603020652847562,-9.278129557961225e-06,0.0017022258994920968,0.024775701949058752,0.0022170553823854335,0.0022170553823854335,1.0,-0.010292956970668508,-0.010271067048698748,0.0,0.0,0.0,-0.010292956970668508,-0.0,0.0,0.0,-0.004308698363250803,-0.004314058609250459,0.0,0.0,0.0,0.055,0.3,0.2956913016367492,0.0,0.0,0.0,2.1588583517245533e-06,0,0,0,0,0,inf,inf,0,0,0.0,1.4203413786754433,-2.169835559290986e-06,-0.0038415035869061296,-5.757257808030728e-06,-1.6514586213245568,-1.2105604836813741e-05,1.648049342782011,-0.785311614523878,7.115782766485112e-05,0.013654862376189503,4.823309038905061e-05,0.015932949763451634,-9.503530343130668e-05,0.009967434208418946,5.598085035165406e-05,-0.0037046032578169695,-23.128945797340936,-0.0075862830900007994,17.667495070387304,0.7394038693666569,1.9442503765602202,0.0008287431427756258,-0.0037046032578169695,-23.128945797340936,-0.0075862830900007994,17.667495070387304,0.7394038693666569,1.9442503765602202,0.0008287431427756258
2.4009999999998466,2,1,1,4,0.0001383461683117362,5.323438219963625,5.208032046919555,5.0,0.5586801523958085,-7.118331932000188e-06,0.4351493307209089,0.008494973335946928,4.778481900901579e-05,0.001150743346393512,0.5604836324785359,-9.278129557961225e-06,0.001803481375983803,0.03239821727678192,0.002398622576165146,0.002398622576165146,1.0,-0.010864330736273818,-0.010843518839132937,0.0,0.0,0.0,-0.010864330736273818,-0.0,0.0,0.0,-0.004414793887258755,-0.0044199418682761595,0.0,0.0,0.0,0.055,0.3,0.2955852061127413,0.0,0.0,0.0,1.7695500670474533e-06,0,0,0,0,0,inf,inf,0,0,0.0,1.4205139264451374,-1.3905774736816483e-06,-0.0036954671478203714,-5.218882353633652e-06,-1.6512860735548627,-1.3198919191041424e-05,1.6481558838037764,-0.785310961676723,8.34424642315343e-05,0.015401763702691378,5.8323741613427065e-05,0.018369827626417992,-0.00012107459832610456,0.011192093883710763,7.330271049366718e-05,-0.00435870499819214,-23.1024146843624,-0.008089995067295793,17.663311907351623,0.7394976302133773,1.9460902755341618,0.0009206589853453373,-0.00435870499819214,-23.1024146843624,-0.008089995067295793,17.663311907351623,0.7394976302133773,1.9460902755341618,0.0009206589853453373
2.4109999999998455,2,1,1,4,0.00014860442510691765,5.349983952567438,5.225162282008106,5.0,0.5587708090844411,-6.610650112573414e-06,0.4351624930883308,0.009533154603058381,5.316212879290065e-05,0.0014518362312160417,0.5606728300868294,-9.278129557961225e-06,0.001902022872883749,0.04108713042730486,0.0025878201844586417,0.0025878201844586417,1.0,-0.011417040122706341,-0.011396462103931313,0.0,0.0,0.0,-0.011417040122706341,-0.0,0.0,0.0,-0.004526484863175465,-0.004531426689149571,0.0,0.0,0.0,0.055,0.3,0.2954735151368247,0.0,0.0,0.0,1.481858716476066e-06,0,0,0,0,0,inf,inf,0,0,0.0,1.4207119982377705,-4.900238826720791e-07,-0.0035311967365073797,-4.583778939958365e-06,-1.6510880017622296,-1.4549330999363446e-05,1.6482737378237953,-0.7853101243942205,9.538553925766348e-05,0.017285011591135557,6.761401028948166e-05,0.021011093062699555,-0.0001461914073409815,0.012243474532337345,9.239381801711671e-05,-0.005009544825568518,-23.077398209899137,-0.00857098911485744,17.657991885839326,0.7395864282558812,1.9468326103799307,0.0009864856814434252,-0.005009544825568518,-23.077398209899137,-0.00857098911485744,17.657991885839326,0.7395864282558812,1.9468326103799307,0.0009864856814434252
2.4209999999998444,2,1,1,4,0.00016153530584025935,5.374735427672227,5.243441379835068,5.0,0.5588718521803526,-6.051204085744604e-06,0.4351786617317649,0.010570951503209225,5.8156671485590727e-05,0.0017511594047849692,0.560869550671717,-9.278129557961225e-06,0.0019977010976237972,0.05077218453139892,0.0027845407693461812,0.0027845407693461812,1.0,-0.01196843838025854,-0.011947316840860528,0.0,0.0,0.0,-0.01196843838025854,-0.0,0.0,0.0,-0.004643682667428212,-0.004648416325558885,0.0,0.0,0.0,0.055,0.3,0.2953563173325719,0.0,0.0,0.0,1.2524067716210687e-06,0,0,0,0,0,inf,inf,0,0,0.0,1.4209374420936258,5.2635180443476e-07,-0.003347425267641395,-3.861347299655345e-06,-1.6508625579063743,-1.6139088082304243e-05,1.648401100994429,-0.7853090938228974,0.00010662283244159163,0.019287368408087764,7.585765542314501e-05,0.023821970256646865,-0.00016905079559465633,0.013112489066340658,0.00011172991158025358,-0.00566190587806708,-23.054236922667382,-0.009032814006269888,17.65207884049449,0.739654651566569,1.9469811789351026,0.0010346406459634634,-0.00566190587806708,-23.054236922667382,-0.009032814006269888,17.65207884049449,0.739654651566569,1.9469811789351026,0.0010346406459634634
2.4309999999998433,2,1,1,4,0.00017711814236839787,5.397815083724046,5.262483457503988,5.0,0.5589832409608188,-5.444649129177762e-06,0.43519778927712527,0.01160215158978164,6.260937683539462e-05,0.002043586398042994,0.5610736661753228,-9.278129557961225e-06,0.002090428729473134,0.06137481263175113,0.0029886562729520955,0.0029886562729520955,1.0,-0.012532992717829768,-0.012510652104914921,0.0,0.0,0.0,-0.012532992717829768,-0.0,0.0,0.0,-0.004766455946936576,-0.004770972197249689,0.0,0.0,0.0,0.055,0.3,0.2952335440530635,0.0,0.0,0.0,1.0683006949147236e-06,0,0,0,0,0,inf,inf,0,0,0.0,1.4211917848491165,1.6497992942782743e-06,-0.0031430488066757876,-3.0631604997138067e-06,-1.6506082151508836,-1.7942780368586718e-05,1.6485361811541555,-0.7853078734916129,0.00011685661432805364,0.021393188380565347,8.286179672985363e-05,0.026772245789439323,-0.00018920961926789507,0.013806186001118532,0.00013028829818401136,-0.0063100793937893316,-23.03309292858397,-0.009468710665399154,17.645832040509376,0.739700187701114,1.9467387571641686,0.0010702789807852807,-0.0063100793937893316,-23.03309292858397,-0.009468710665399154,17.645832040509376,0.739700187701114,1.9467387571641686,0.0010702789807852807
2.440999999999842,2,1,1,4,0.00019528975324131694,5.419286006970742,5.28196654005287,5.0,0.5591048863563927,-4.797356728683876e-06,0.4352197852403676,0.01262275892775647,6.635050469055953e-05,0.0023253490050954588,0.5612850282708133,-9.278129557961225e-06,0.0021801465190070942,0.0728148145012291,0.0032000183684425245,0.0032000183684425245,1.0,-0.013122726737898943,-0.01309859959932288,0.0,0.0,0.0,-0.013122726737898943,-0.0,0.0,0.0,-0.004895004245059888,-0.004899287687808491,0.0,0.0,0.0,0.055,0.3,0.29510499575494015,0.0,0.0,0.0,9.297960296829596e-07,0,0,0,0,0,inf,inf,0,0,0.0,1.4214762700492671,2.868954004123362e-06,-0.0029171131087136156,-2.2024119774531707e-06,-1.650323729950733,-1.9932486094716126e-05,1.6486772905049072,-0.7853064751108204,0.00012585479608296708,0.023588015821176103,8.848962122190634e-05,0.029835002023180967,-0.00020652607794777216,0.01433681247244318,0.00014739513743288702,-0.006944802687937979,-23.014054939644524,-0.00986852372544935,17.639395743487658,0.7397250368060829,1.9461918609139714,0.0010962734952675085,-0.006944802687937979,-23.014054939644524,-0.00986852372544935,17.639395743487658,0.7397250368060829,1.9461918609139714,0.0010962734952675085
2.450999999999841,2,1,1,4,0.00021595365934559598,5.439185556335762,5.301618420742409,5.0,0.5592366651759785,-4.117211326156469e-06,0.43524452612134135,0.013629725602686736,6.924710121199181e-05,0.002593473278146945,0.5615034687689497,-9.278129557961225e-06,0.0022668094679933826,0.08501287036211844,0.0034184588665789545,0.0034184588665789545,1.0,-0.013747582592494634,-0.013721204630889734,0.0,0.0,0.0,-0.013747582592494634,-0.0,0.0,0.0,-0.005029635632359519,-0.005033665766748358,0.0,0.0,0.0,0.055,0.3,0.29497036436764057,0.0,0.0,0.0,8.421336004371968e-07,0,0,0,0,0,inf,inf,0,0,0.0,1.421791886975686,4.170474631325576e-06,-0.0026688029318852093,-1.2933642635141704e-06,-1.650008113024314,-2.207953066502032e-05,1.64882287147045,-0.7853049158199664,0.00013344710461012584,0.025858382322732583,9.265804426495556e-05,0.0329859594467555,-0.0002209636984928429,0.014717667194596554,0.00016260019052766702,-0.007556353061896281,-22.99717963900715,-0.010221781526955354,17.63286586944887,0.7397321743403471,1.9453827725131716,0.0011143069896362473,-0.007556353061896281,-22.99717963900715,-0.010221781526955354,17.63286586944887,0.7397321743403471,1.9453827725131716,0.0011143069896362473
2.46099999999984,2,1,1,4,0.00023898617145026637,5.4575414542229765,5.321207653633744,5.0,0.5593784264642372,-3.4131702700070818e-06,0.43527186180931354,0.014620452722002521,7.121300978468574e-05,0.002845529093390666,0.561728800079084,-9.278129557961225e-06,0.0023503809323417064,0.09789143934046186,0.0036437901767132352,0.0036437901767132352,1.0,-0.014415691088746563,-0.014386693208669945,0.0,0.0,0.0,-0.014415691088746563,-0.0,0.0,0.0,-0.005170747453228637,-0.005174499665713282,0.0,0.0,0.0,0.055,0.3,0.29482925254677145,0.0,0.0,0.0,8.088788209878798e-07,0,0,0,0,0,inf,inf,0,0,0.0,1.4221393947178718,5.539630422385876e-06,-0.0023974328810150466,-3.5083975729342376e-07,-1.6496606052821283,-2.435513582568826e-05,1.6489714976366638,-0.785303216390872,0.00013951926580834883,0.028191683752323636,9.533230824952023e-05,0.0362030826740413,-0.00023252879962479245,0.014961593404392537,0.0001756034006776755,-0.00813582167214987,-22.98250802733374,-0.01051895998048942,17.626316296230634,0.739724538364574,1.9443374155331647,0.0011255060649445483,-0.00813582167214987,-22.98250802733374,-0.01051895998048942,17.626316296230634,0.739724538364574,1.9443374155331647,0.0011255060649445483
2.470999999999839,2,1,1,4,0.0002642410033606704,5.474381260423668,5.340537427748063,5.0,0.559529994762369,-2.6948063042544644e-06,0.4353016203016024,0.01559259399752396,7.220592619738579e-05,0.0030795121870644386,0.5619608157233312,-9.278129557961225e-06,0.0024308298756594467,0.11137504292314995,0.003875805820960503,0.003875805820960503,1.0,-0.015133552681338426,-0.015101653816687703,0.0,0.0,0.0,-0.015133552681338426,-0.0,0.0,0.0,-0.005318809279250786,-0.0053222557545300215,0.0,0.0,0.0,0.055,0.3,0.2946811907207493,0.0,0.0,0.0,8.263129845995898e-07,0,0,0,0,0,inf,inf,0,0,0.0,1.4225193430733676,6.9608248953516285e-06,-0.0021024392799432025,6.102265230991255e-07,-1.6492806569266325,-2.673073349104384e-05,1.649121866019307,-0.78530139996843,0.0001440063500529588,0.030576089529773493,9.651934603710823e-05,0.03946631398273511,-0.00024125346299218948,0.015080490528427453,0.00018621431065549607,-0.008675566616718608,-22.970071844685965,-0.010751927184522784,17.61980918311163,0.7397047561515298,1.9430758603283451,0.001130745597525171,-0.008675566616718608,-22.970071844685965,-0.010751927184522784,17.61980918311163,0.7397047561515298,1.9430758603283451,0.001130745597525171
2.480999999999838,2,1,1,4,0.0002915531541321228,5.48973949919869,5.359441358838761,5.0,0.5596911721512428,-1.971906319769975e-06,0.43533361161572204,0.01654397863883137,7.222033526972328e-05,0.0032937876755536116,0.5621992909025114,-9.278129557961225e-06,0.0025081293928670184,0.12539032916580847,0.004114281000140716,0.004114281000140716,1.0,-0.015906134675393722,-0.01587113719306725,0.0,0.0,0.0,-0.015906134675393722,-0.0,0.0,0.0,-0.005474347207190274,-0.00547745778064132,0.0,0.0,0.0,0.055,0.3,0.2945256527928098,0.0,0.0,0.0,8.833335304498245e-07,0,0,0,0,0,inf,inf,0,0,0.0,1.4229320912125538,8.418051922091887e-06,-0.0017833728709209862,1.5751662291344993e-06,-1.6488679087874463,-2.9178206981447556e-05,1.6492727868704082,-0.7852994911141731,0.00014688599648271755,0.0330004646465846,9.626096478610762e-05,0.04275737991127817,-0.0002471937555303232,0.015085209415748195,0.00019432840496237092,-0.0091693032378953,-22.959895973947788,-0.010914026156966173,17.61339888183435,0.7396751332891613,1.9416159490507117,0.0011307798445045697,-0.0091693032378953,-22.959895973947788,-0.010914026156966173,17.61339888183435,0.7396751332891613,1.9416159490507117,0.0011307798445045697
2.4909999999998367,2,1,1,4,0.0003207424438894371,5.503663999613223,5.377780742619976,5.0,0.5598617398166641,-1.2541470387462959e-06,0.43536763133412903,0.017472580992757624,7.127958559418518e-05,0.0034870668935094076,0.5624439831123084,-9.278129557961225e-06,0.00258225576235106,0.13986607609758683,0.004358973209937572,0.004358973209937572,1.0,-0.01673689032154144,-0.016698678859543237,0.0,0.0,0.0,-0.01673689032154144,-0.0,0.0,0.0,-0.005637928694315028,-0.00564067167690113,0.0,0.0,0.0,0.055,0.3,0.29436207130568504,0.0,0.0,0.0,9.666412111317126e-07,0,0,0,0,0,inf,inf,0,0,0.0,1.423377824698282,9.895285275566873e-06,-0.001439892265607267,2.5298904290242446e-06,-1.648422175301718,-3.16701449542078e-05,1.6494231732938187,-0.7852975150365041,0.0001481718996590634,0.03545429600288852,9.462737667987304e-05,0.04605964819278245,-0.0002504325992015994,0.014985580856312197,0.00019991163732503036,-0.009612035022063686,-22.95199915028611,-0.010999998887289118,17.60713320781414,0.7396377360106282,1.9399741775675785,0.0011262929019779195,-0.009612035022063686,-22.95199915028611,-0.010999998887289118,17.60713320781414,0.7396377360106282,1.9399741775675785,0.0011262929019779195
2.5009999999998356,2,1,1,4,0.0003516169418677209,5.5162218212255825,5.395443000073386,5.0,0.5600414594218802,-5.508485183318784e-07,0.4354034640420733,0.01837650763563332,6.942833438251534e-05,0.0036584057416176423,0.5626946328079567,-9.278129557961225e-06,0.0026531877396858018,0.15473319843711822,0.004609622905585996,0.004609622905585996,1.0,-0.017627707190079098,-0.017586251238611596,0.0,0.0,0.0,-0.017627707190079098,-0.0,0.0,0.0,-0.005810147188404164,-0.0058124902004882675,0.0,0.0,0.0,0.055,0.3,0.2941898528115959,0.0,0.0,0.0,1.0652126220697473e-06,0,0,0,0,0,inf,inf,0,0,0.0,1.4238565712991704,1.1376805447871356e-05,-0.0010717581275190777,3.4611407611058585e-06,-1.6479434287008297,-3.418013038089904e-05,1.6495720313806352,-0.7852954969513246,0.00014790775327550213,0.037927619337231,9.171131506793716e-05,0.049358024292614454,-0.00025108346156762823,0.014790477748894885,0.00020298897543842228,-0.009999915916696047,-22.94639390872608,-0.011005842477072909,17.601053593848757,0.7395945032063668,1.9381654993166642,0.0011179144221918908,-0.009999915916696047,-22.94639390872608,-0.011005842477072909,17.601053593848757,0.7395945032063668,1.9381654993166642,0.0011179144221918908
2.5109999999998345,2,1,1,4,0.00038397645775509106,5.527504529016996,5.41234108999363,5.0,0.5602300743859121,1.292012773009066e-07,0.435440886838114,0.01925398964006897,6.672585387653646e-05,0.003807218526236134,0.562950964115637,-9.278129557961225e-06,0.0027209059923481668,0.16992478291599347,0.004865954213266288,0.004865954213266288,1.0,-0.018578795808371934,-0.0185341558671384,0.0,0.0,0.0,-0.018578795808371934,-0.0,0.0,0.0,-0.005991605901943474,-0.005993516752926331,0.0,0.0,0.0,0.055,0.3,0.2940083940980565,0.0,0.0,0.0,1.1714900643545882e-06,0,0,0,0,0,inf,inf,0,0,0.0,1.424368215953494,1.2847468883272355e-05,-0.0006788280890894107,4.3566854256355975e-06,-1.647431784046506,-3.668306344543284e-05,1.6497184509515452,-0.7852934615444298,0.00014616174416773846,0.04041094536653873,8.762282520995291e-05,0.05263888067567463,-0.00024929335612345997,0.014507871009327373,0.0002036350904074712,-0.010330087193108515,-22.94308616550085,-0.010928640473917138,17.59519477847459,0.7395473607353866,1.9362027562562456,0.0011062215489471444,-0.010330087193108515,-22.94308616550085,-0.010928640473917138,17.59519477847459,0.7395473607353866,1.9362027562562456,0.0011062215489471444
2.5209999999998334,2,1,1,4,0.0004176162233923411,5.537632206895102,5.428413637487066,5.0,0.560427311086111,7.77860800616872e-07,0.43547967304682134,0.020103374594638734,6.324042103341395e-05,0.0039333027072783935,0.5632126855886258,-9.278129557961225e-06,0.0027853926549414438,0.18537616010863422,0.005127675686255094,0.005127675686255094,1.0,-0.019588534734871144,-0.01954087134576162,0.0,0.0,0.0,-0.019588534734871144,-0.0,0.0,0.0,-0.006182900217305102,-0.006184347863473171,0.0,0.0,0.0,0.055,0.3,0.2938170997826948,0.0,0.0,0.0,1.2807678003909243e-06,0,0,0,0,0,inf,inf,0,0,0.0,1.4249125151752824,1.4292925360455821e-05,-0.00026105241137031824,5.205466854173241e-06,-1.6468874848247177,-3.91555069242698e-05,1.6498615967474728,-0.7852914325193903,0.00014302163187088573,0.04289518532378172,8.24847373338715e-05,0.055890012192645916,-0.00024524438200804465,0.014144864166374007,0.00020196634710695186,-0.010600512530161975,-22.942074627647802,-0.010766393052921848,17.589584348555796,0.7394983223068526,1.934096069412767,0.0010917362574180025,-0.010600512530161975,-22.942074627647802,-0.010766393052921848,17.589584348555796,0.7394983223068526,1.934096069412767,0.0010917362574180025
2.5309999999998323,2,1,1,4,0.000452330847859588,5.54675536411032,5.443625462920174,5.0,0.5606328799674831,1.3876996863412367e-06,0.435519596215974,0.020923115953145284,5.904491122630943e-05,0.004036869544429475,0.5634794910061314,-9.278129557961225e-06,0.002846631020218029,0.20102501146201687,0.005394481103760617,0.005394481103760617,1.0,-0.020653294361985732,-0.02060287870001633,0.0,0.0,0.0,-0.020653294361985732,-0.0,0.0,0.0,-0.006384598404689079,-0.006385554007313985,0.0,0.0,0.0,0.055,0.3,0.29361540159531085,0.0,0.0,0.0,1.3902677884324513e-06,0,0,0,0,0,inf,inf,0,0,0.0,1.4254891111210644,1.5699789389617895e-05,0.00018152961508484763,5.997707679677641e-06,-1.6463108888789357,-4.157603623412342e-05,1.6500006998306624,-0.7852894322204325,0.00013859041067619784,0.04537157745722573,7.642877951139255e-05,0.059100609516070754,-0.00023915323254127089,0.013707703446948348,0.00019813367420175402,-0.010809827265037836,-22.94335015495069,-0.010517861964854118,17.584242329756812,0.7394495643620098,1.9318523729313104,0.0010749220490636506,-0.010809827265037836,-22.94335015495069,-0.010517861964854118,17.584242329756812,0.7394495643620098,1.9318523729313104,0.0010749220490636506
2.540999999999831,2,1,1,4,0.0004879185749166173,5.555053811563359,5.4579681179145005,5.0,0.5608464765264685,1.952026421899152e-06,0.43556043442439774,0.02171175888825372,5.42136650169274e-05,0.004118574481903133,0.5637510602126232,-9.278129557961225e-06,0.002904605395966844,0.2168115042061924,0.005666050310252522,0.005666050310252522,1.0,-0.021767267778278976,-0.021714491847209985,0.0,0.0,0.0,-0.021767267778278976,-0.0,0.0,0.0,-0.006597220591316439,-0.006597658680346652,0.0,0.0,0.0,0.055,0.3,0.2934027794086834,0.0,0.0,0.0,1.498417525491207e-06,0,0,0,0,0,inf,inf,0,0,0.0,1.4260975454432645,1.7055771293434914e-05,0.0006487925525732244,6.724981004721161e-06,-1.6457024545567356,-4.392557098973871e-05,1.6501350489681126,-0.7852874813230457,0.000132982521887859,0.04783161737252768,6.959225310488936e-05,0.06226124037602444,-0.00023126816457763038,0.01320176735670479,0.0001923160501741939,-0.010957214323174598,-22.946895177112047,-0.010182442725349735,17.579180967530732,0.7394034632800496,1.929475207437772,0.001056181684376329,-0.010957214323174598,-22.946895177112047,-0.010182442725349735,17.579180967530732,0.7394034632800496,1.929475207437772,0.001056181684376329
2.55099999999983,2,1,1,4,0.0005241858050798734,5.56273172592875,5.4714599699460384,5.0,0.5610677821350599,2.4648917825411956e-06,0.43560197485834407,0.022467922952449173,4.882064224522359e-05,0.004179539942316316,0.5640270599953567,-9.278129557961225e-06,0.00295930115956337,0.2326784423290554,0.005942050092985986,0.005942050092985986,1.0,-0.022922341621596454,-0.02286772557962952,0.0,0.0,0.0,-0.022922341621596454,-0.0,0.0,0.0,-0.0068212162307896155,-0.006821115956906934,0.0,0.0,0.0,0.055,0.3,0.2931787837692102,0.0,0.0,0.0,1.6043710332272211e-06,0,0,0,0,0,inf,inf,0,0,0.0,1.4267372729419128,1.8349773183169887e-05,0.0011405270416482139,7.380250051719354e-06,-1.6450627270580873,-4.618766034850759e-05,1.650263981840142,-0.7852855985873264,0.00012632056025426897,0.05026699625953983,6.211516944791091e-05,0.0653638262736878,-0.00022186303002297213,0.012631545170973727,0.00018471439714036364,-0.011042316710398382,-22.95268326255908,-0.00976007387653128,17.574404811035162,0.7393625847469447,1.9269648436368614,0.0010358566543601485,-0.011042316710398382,-22.95268326255908,-0.00976007387653128,17.574404811035162,0.7393625847469447,1.9269648436368614,0.0010358566543601485
2.560999999999829,2,1,1,4,0.0005609517684668488,5.570008529306071,5.484145355990582,5.0,0.5612964646794988,2.921080618729289e-06,0.43564401853702855,0.023190282803745535,4.293879616873204e-05,0.0042213626086986,0.5643071449976854,-9.278129557961225e-06,0.00301070503355033,0.24857141851894193,0.00622213509531467,0.00622213509531467,1.0,-0.024108041474521495,-0.024052235393516343,0.0,0.0,0.0,-0.024108041474521495,-0.0,0.0,0.0,-0.007056940662849288,-0.007056287094369297,0.0,0.0,0.0,0.055,0.3,0.29294305933715054,0.0,0.0,0.0,1.7077050637144818e-06,0,0,0,0,0,inf,inf,0,0,0.0,1.4274076748960016,1.9571954377233413e-05,0.001656441474494235,7.957881185470863e-06,-1.6443923251039985,-4.8348691667541227e-05,1.6503868760348066,-0.7852838006709872,0.00011873240072733825,0.052669551816126786,5.413773375077528e-05,0.06840160127528593,-0.00021122822051481622,0.012000617856445107,0.00017554570430973414,-0.011065192869573042,-22.960678927413966,-0.009251189555089646,17.569911179874453,0.7393296188362692,1.9243187632480743,0.0010142286477897646,-0.011065192869573042,-22.960678927413966,-0.009251189555089646,17.569911179874453,0.7393296188362692,1.9243187632480743,0.0010142286477897646
2.570999999999828,2,1,1,4,0.0005980531576580675,5.57710588076715,5.4960923789207055,5.0,0.5615321790049169,3.3161033065803415e-06,0.435686384990513,0.023877549045509174,3.664048760973105e-05,0.004246097791622306,0.56459095866566,-9.278129557961225e-06,0.003058805588408164,0.26443895019657865,0.006505948763289292,0.006505948763289292,1.0,-0.025311583605376418,-0.025255361222970306,0.0,0.0,0.0,-0.025311583605376418,-0.0,0.0,0.0,-0.007304631688206598,-0.007303417083291405,0.0,0.0,0.0,0.055,0.3,0.29269536831179316,0.0,0.0,0.0,1.808226442975408e-06,0,0,0,0,0,inf,inf,0,0,0.0,1.4281080718243566,2.071377001046572e-05,0.00219616327049903,8.453633154560951e-06,-1.6436919281756435,-5.039799268015664e-05,1.6505031399383756,-0.7852821020005329,0.00011034866214406891,0.05503123677577275,4.579806395448516e-05,0.07136904028432958,-0.00019965879540576116,0.011311657201544591,0.00016503724421188616,-0.011026315953489704,-22.970837755694372,-0.008656716331733408,17.56569104990192,0.7393072608993547,1.9215324756519074,0.0009915230443846954,-0.011026315953489704,-22.970837755694372,-0.008656716331733408,17.56569104990192,0.7393072608993547,1.9215324756519074,0.0009915230443846954
2.5809999999998268,2,1,1,4,0.0006353484652086563,5.584231895743196,5.507389067241457,5.0,0.5617745671808475,3.6461956682614823e-06,0.43572891662866586,0.024528451737405817,2.9998629190575268e-05,0.004256215455119624,0.564878134225318,-9.278129557961225e-06,0.0031035939550311084,0.28023258290561376,0.006793124322947208,0.006793124322947208,1.0,-0.026518056968958603,-0.02646229982358972,0.0,0.0,0.0,-0.026518056968958603,-0.0,0.0,0.0,-0.007564387362088384,-0.007562612326424838,0.0,0.0,0.0,0.055,0.3,0.2924356126379114,0.0,0.0,0.0,1.9058481682550773e-06,0,0,0,0,0,inf,inf,0,0,0.0,1.4288377353157307,2.1767985746370774e-05,0.0027592399536486263,8.864624363654304e-06,-1.6429622646842694,-5.2327803034983144e-05,1.6506122037899895,-0.7852805147001226,0.00010130042589271996,0.0573441091309742,3.723005092788224e-05,0.07426174746760754,-0.0001874406087942031,0.010566458495563683,0.0001534208120715932,-0.010926611304495092,-22.98310687175145,-0.007978108504607102,17.561730339402185,0.7392980473280498,1.9186005980435767,0.0009679143137088758,-0.010926611304495092,-22.98310687175145,-0.007978108504607102,17.561730339402185,0.7392980473280498,1.9186005980435767,0.0009679143137088758
2.5909999999998257,2,1,1,4,0.0006727217329926252,5.591564472619158,5.518137855038613,5.0,0.5620232586289259,3.908332397574762e-06,0.43577148250348796,0.02514172920309334,2.30881344547638e-05,0.004254525906724132,0.5651682956879851,-9.278129557961225e-06,0.0031450647029329566,0.2959069466698257,0.0070832857856143495,0.0070832857856143495,1.0,-0.027710746600444865,-0.02765641828388979,0.0,0.0,0.0,-0.027710746600444865,-0.0,0.0,0.0,-0.007836146382599447,-0.007833820813642369,0.0,0.0,0.0,0.055,0.3,0.29216385361740027,0.0,0.0,0.0,2.0005092292819083e-06,0,0,0,0,0,inf,inf,0,0,0.0,1.4295958985045054,2.272867075214033e-05,0.0033451402632317905,9.18927923460998e-06,-1.6422041014954947,-5.413310229891823e-05,1.6507135113044433,-0.7852790485778508,9.17171417051074e-05,0.05960034635895536,2.8561301776384545e-05,0.07707630129084429,-0.00017483580409618214,0.009766018399233082,0.0001409270107033573,-0.010767519267546558,-22.99742576516099,-0.007217408843066059,17.55801151773848,0.739304164957901,1.9155180832141694,0.0009435330637569488,-0.010767519267546558,-22.99742576516099,-0.007217408843066059,17.55801151773848,0.739304164957901,1.9155180832141694,0.0009435330637569488
2.6009999999998246,2,1,1,4,0.0007100854226263211,5.599236059997418,5.528448629550475,5.0,0.5622778701782033,4.1002543964234094e-06,0.4358139811709166,0.025716124290851846,1.5987187357670426e-05,0.004244077571148416,0.5654610588808348,-9.278129557961225e-06,0.0031832168160082605,0.3114197553407947,0.0073760489784640525,0.0073760489784640525,1.0,-0.028871593315080754,-0.02881970518742429,0.0,0.0,0.0,-0.028871593315080754,-0.0,0.0,0.0,-0.008119672474063516,-0.008116816199073165,0.0,0.0,0.0,0.055,0.3,0.2918803275259362,0.0,0.0,0.0,2.092124118354126e-06,0,0,0,0,0,inf,inf,0,0,0.0,1.4303817647732784,2.3591170550399925e-05,0.003953255538825504,9.427254386103946e-06,-1.6414182352267217,-5.581129755499464e-05,1.6508065123484554,-0.7852777111683864,8.17246783306985e-05,0.06179228339990038,1.9911155458802816e-05,0.07981006011005944,-0.0001620694326123647,0.008910662886678435,0.00012777970519737818,-0.01055106467521475,-23.01372742325608,-0.006377315968599515,17.554515406649028,0.7393272606844112,1.9122814529249843,0.0009184743388498873,-0.01055106467521475,-23.01372742325608,-0.006377315968599515,17.554515406649028,0.7393272606844112,1.9122814529249843,0.0009184743388498873
2.6109999999998235,2,1,1,4,0.0007473821632533453,5.607322142058768,5.538430876207609,5.0,0.5625380061300637,4.22050566084743e-06,0.43585634240754295,0.026250389267306655,8.777879757104522e-06,0.004228033766719431,0.5657560324998788,-9.278129557961225e-06,0.0032180546810112675,0.3267317448395469,0.0076710225975080626,0.0076710225975080626,1.0,-0.02998176746615739,-0.029933338667549415,0.0,0.0,0.0,-0.02998176746615739,-0.0,0.0,0.0,-0.008414544019797413,-0.008411187056815714,0.0,0.0,0.0,0.055,0.3,0.2915854559802023,0.0,0.0,0.0,2.1805542073495573e-06,0,0,0,0,0,inf,inf,0,0,0.0,1.4311945143457874,2.4352061115907094e-05,0.0045829016023065374,9.579345532765236e-06,-1.6406054856542127,-5.736179192974264e-05,1.6508906571578439,-0.7852765078291688,7.144350956312265e-05,0.0639124712774945,1.138881030135815e-05,0.08246093991516615,-0.00014931900946573595,0.008000221490733955,0.0001141908592911156,-0.010279911879132644,-23.031939686616916,-0.005461237081348841,17.551223012471656,0.7393682809516595,1.9088898944330142,0.0008928066211483184,-0.010279911879132644,-23.031939686616916,-0.005461237081348841,17.551223012471656,0.7393682809516595,1.9088898944330142,0.0008928066211483184
2.6209999999998224,2,1,1,2,0.000784321076138266,5.287429723470716,5.538656137863307,5.0,0.5628031638552294,4.274244978170721e-06,0.43589824896754004,0.02668140217017455,5.364164250783688e-06,0.004024518797483234,0.5660528191825043,-9.278129557961225e-06,0.0032496835865882833,0.3417645720031164,0.007967809280133572,0.007967809280133572,1.0,-0.027279859482106036,-0.02710272051483304,0.0,0.0,0.0,-0.027279859482106036,-0.0,0.0,0.0,-0.008712321275781768,-0.008705928273731721,0.0,0.0,0.0,0.055,0.3,0.29128767872421796,0.0,0.0,0.0,7.358911870581045e-06,0,0,0,0,0,inf,inf,0,0,0.0,1.4320330456358457,2.50066073829876e-05,0.005233555338820081,9.642475154410211e-06,-1.6397669543641544,-5.8747149416864506e-05,1.6509651571064112,-0.7852754480547753,5.935670816864907e-05,0.06610956748372017,-1.3741051925758146e-07,0.08485251967677748,-0.00011140938718118954,0.006881161930290041,9.621399994476273e-05,-0.010021484803872136,-23.05374189088531,-0.004536513426751166,17.550678407212665,0.7392534200292291,1.9082834426559687,0.0008557986563538003,-0.010021484803872136,-23.05374189088531,-0.004536513426751166,17.550678407212665,0.7392534200292291,1.9082834426559687,0.0008557986563538003
2.6309999999998213,2,1,1,2,0.0008153095312106997,5.33085528048,5.507649354520537,5.0,0.5630714969626889,4.372848946437122e-06,0.43593382537738523,0.02698516167134515,1.2452705320013083e-05,0.0032028198891042403,0.5663510165966172,-9.278129557961225e-06,0.0032795480448585823,0.3556972318715777,0.008266006694246522,0.008266006694246522,1.0,-0.032669867708020724,-0.032493116024413154,0.0,0.0,0.0,-0.032669867708020724,-0.0,0.0,0.0,-0.009015601529203979,-0.0090074222608567,0.0,0.0,0.0,0.055,0.3,0.2909843984707958,0.0,0.0,0.0,3.1403765084281844e-06,0,0,0,0,0,inf,inf,0,0,0.0,1.4328909622917358,2.551178020816546e-05,0.005909628668441978,9.53319256373304e-06,-1.6389090377082642,-5.926193677041992e-05,1.6510264969988186,-0.7852746796087477,4.403751572159548e-05,0.0688118067477847,-1.8392240254820283e-05,0.08657649378917986,-1.1235358534761049e-05,0.0056230896714643906,6.16505161524676e-05,-0.010286672387815882,-23.096372729908662,-0.004106090392115202,17.572266877808577,0.7380028044817253,1.9266073033661741,0.0008309645633065389,-0.010286672387815882,-23.096372729908662,-0.004106090392115202,17.572266877808577,0.7380028044817253,1.9266073033661741,0.0008309645633065389
2.64099999999982,2,1,1,2,0.0008393815490294323,5.374115086479717,5.486659757936544,5.0,0.5633436380603204,4.507806086620416e-06,0.43596212581513577,0.027410904011326807,1.3660495500922068e-05,0.0025448990581394782,0.5666502185434067,-9.278129557961225e-06,0.003306609221415316,0.3685814786724122,0.008565208641035906,0.008565208641035906,1.0,-0.03716614305350756,-0.0370038955852161,0.0,0.0,0.0,-0.03716614305350756,-0.0,0.0,0.0,-0.009367682162885152,-0.009357808031437218,0.0,0.0,0.0,0.055,0.3,0.29063231783711474,0.0,0.0,0.0,1.974749092539364e-06,0,0,0,0,0,inf,inf,0,0,0.0,1.4337666975585401,2.588771056336129e-05,0.006611960530066374,9.28455070422659e-06,-1.63803330244146,-5.9053809769557796e-05,1.6510779837235317,-0.7852742169781739,3.2808800006717646e-05,0.07137535912756013,-2.9288457723680855e-05,0.0884031748932676,4.14264746685444e-05,0.004795113269843315,3.5181192611639855e-05,-0.010417331369768388,-23.13481119804188,-0.003518077863492442,17.584175966331973,0.7373324796522326,1.9345159835438697,0.0008688024295527021,-0.010417331369768388,-23.13481119804188,-0.003518077863492442,17.584175966331973,0.7373324796522326,1.9345159835438697,0.0008688024295527021
2.650999999999819,2,1,1,2,0.0008578479931206353,5.41384334621952,5.474086411326751,5.0,0.5636202653179031,4.6335618982149546e-06,0.435984556212548,0.027868643309864025,1.12899039998632e-05,0.002010888129591617,0.5669500160707073,-9.278129557961225e-06,0.003329779814185786,0.3806846236224219,0.008865006168336475,0.008865006168336475,1.0,-0.04094223533267719,-0.04079974878675893,0.0,0.0,0.0,-0.04094223533267719,-0.0,0.0,0.0,-0.00976065421169191,-0.009749264271667687,0.0,0.0,0.0,0.055,0.3,0.290239345788308,0.0,0.0,0.0,2.499301913235379e-06,0,0,0,0,0,inf,inf,0,0,0.0,1.434661149587165,2.6166770597404755e-05,0.007339161258544455,8.954355151322526e-06,-1.637138850412835,-5.849400813540149e-05,1.6511219913739217,-0.78527396584845,2.420084863258125e-05,0.07379907326609449,-3.552978260616718e-05,0.09030679371589054,6.451269462368712e-05,0.004080878146340981,1.813728313553476e-05,-0.010402714332472496,-23.171892878931594,-0.0027615943091608567,17.590924785122038,0.7370362487608185,1.9369889683123693,0.0008964280494492729,-0.010402714332472496,-23.171892878931594,-0.0027615943091608567,17.590924785122038,0.7370362487608185,1.9369889683123693,0.0008964280494492729
2.660999999999818,2,1,1,2,0.0008717411255560184,5.448553260373114,5.46822228107548,5.0,0.5639014149602236,4.72373244057674e-06,0.436002195223374,0.028311592297515554,6.954878779858084e-06,0.001573057250049296,0.5672500099023707,-9.278129557961225e-06,0.0033486242158105323,0.39213449805477646,0.009165000000000017,0.009165000000000017,1.0,-0.04411292386862869,-0.043991822111279624,0.0,0.0,0.0,-0.04411292386862869,-0.0,0.0,0.0,-0.010187968534305758,-0.010175269607211724,0.0,0.0,0.0,0.055,0.3,0.2898120314656942,0.0,0.0,0.0,2.978093907397905e-06,0,0,0,0,0,inf,inf,0,0,0.0,1.4355748988130361,2.636922683471467e-05,0.008089813717875404,8.578568307939245e-06,-1.636225101186964,-5.7806151977940224e-05,1.65115875154392,-0.7852738443476476,1.7188388831273113e-05,0.07607946499658741,-3.8934946782699485e-05,0.0922524606432749,7.04218985237973e-05,0.0033341636725307514,8.085574594577206e-06,-0.010273166776956787,-23.209024774701874,-0.0018675555119460592,17.595023712356213,0.7369697892576283,1.936752228305101,0.0009018063918830107,-0.010273166776956787,-23.209024774701874,-0.0018675555119460592,17.595023712356213,0.7369697892576283,1.936752228305101,0.0009018063918830107
2.670999999999817,2,1,1,2,0.0008818878772648689,5.477694825022992,5.467451459415425,5.0,0.5641868106310123,4.7649149503774795e-06,0.43601589158336457,0.028719612793023954,1.7208210737489652e-06,0.001211888600149492,0.5675500099023708,-9.278129557961225e-06,0.0033632285896093373,0.4029899125498793,0.009465000000000017,0.009465000000000017,1.0,-0.04679118576786035,-0.04669075070160643,0.0,0.0,0.0,-0.04679118576786035,-0.0,0.0,0.0,-0.01064419905230427,-0.010630404721766094,0.0,0.0,0.0,0.055,0.3,0.28935580094769575,0.0,0.0,0.0,3.1718076217895074e-06,0,0,0,0,0,inf,inf,0,0,0.0,1.4365081749562243,2.6506961441250452e-05,0.008862472591394834,8.17844179069785e-06,-1.6352918250437758,-5.711365477010978e-05,1.6511876147455886,-0.7852737978943707,1.1075238031854047e-05,0.07821489720621357,-4.072009669489336e-05,0.09420620083964415,6.741548569640836e-05,0.0025072211359756947,2.2899841489817554e-06,-0.010062096906064227,-23.246588511192705,-0.0008703611646502885,17.598137334339008,0.7370348325255323,1.9356460208737782,0.0008892475380898363,-0.010062096906064227,-23.246588511192705,-0.0008703611646502885,17.598137334339008,0.7370348325255323,1.9356460208737782,0.0008892475380898363
2.6809999999998158,2,1,1,2,0.0008889616397990399,5.501532939327844,5.470356187209836,5.0,0.5644760632282831,4.75204595971901e-06,0.43602633008346703,0.02908658969280787,-3.7497243420572733e-06,0.0009130641896171101,0.5678500099023708,-9.278129557961225e-06,0.003373975845410289,0.4132817729414006,0.009765000000000017,0.009765000000000017,1.0,-0.04905118404962547,-0.04896892820806574,0.0,0.0,0.0,-0.04905118404962547,-0.0,0.0,0.0,-0.011124861236472725,-0.01111016464676123,0.0,0.0,0.0,0.055,0.3,0.28887513876352733,0.0,0.0,0.0,3.2616341514293955e-06,0,0,0,0,0,inf,inf,0,0,0.0,1.4374608965764293,2.6586342715327016e-05,0.009655693267992928,7.76555712416423e-06,-1.6343391034235708,-5.6474794158039015e-05,1.651207756923094,-0.7852737960448475,5.414827987705021e-06,0.08020651613847453,-4.167201681074554e-05,0.09613931570073209,6.072768084496984e-05,0.0015995870455705603,-1.3288702379651744e-06,-0.009796102695425187,-23.28470103888596,0.00020217201602264865,17.60087389929016,0.7371670971584512,1.9342934844545157,0.0008654473842883745,-0.009796102695425187,-23.28470103888596,0.00020217201602264865,17.60087389929016,0.7371670971584512,1.9342934844545157,0.0008654473842883745
2.6909999999998147,2,1,1,2,0.000893514798686961,5.520565561484892,5.4757628257082125,5.0,0.5647687542258044,4.685037969262695e-06,0.43603407017823737,0.02941156518133637,-9.076377888449886e-06,0.0006653404803009948,0.5681500099023707,-9.278129557961225e-06,0.0033812845074556244,0.423030130249095,0.010065000000000017,0.010065000000000017,1.0,-0.050949817787073,-0.05088324112607488,0.0,0.0,0.0,-0.050949817787073,-0.0,0.0,0.0,-0.011626092290985395,-0.011610661375433274,0.0,0.0,0.0,0.055,0.3,0.2883739077090146,0.0,0.0,0.0,3.290270773486686e-06,0,0,0,0,0,inf,inf,0,0,0.0,1.4384327242397639,2.6610275202931876e-05,0.010468050364129716,7.345346505077511e-06,-1.6333672757602362,-5.590777046809729e-05,1.6512184421058076,-0.7852738249303879,-6.613626012440383e-08,0.08205682474036073,-4.228135109479452e-05,0.09802838430475565,5.3485941964183405e-05,0.0006253786808188563,-4.111759931208682e-06,-0.009493326433912479,-23.32336213849938,0.0013305644830804188,17.603494918042163,0.7373264679187707,1.9329316407041586,0.0008353384513727805,-0.009493326433912479,-23.32336213849938,0.0013305644830804188,17.603494918042163,0.7373264679187707,1.9329316407041586,0.0008353384513727805
2.7009999999998136,2,1,1,2,0.0008960017842205839,5.535344342534776,5.482726082009156,5.0,0.5650644703629573,4.566546319301758e-06,0.4360395716848756,0.029696004387930373,-1.4058952385576305e-05,0.0004597042456347992,0.5684500099023708,-9.278129557961225e-06,0.003385567847198272,0.4322512692947343,0.010365000000000017,0.010365000000000017,1.0,-0.05253647249881798,-0.052483280367171835,0.0,0.0,0.0,-0.05253647249881798,-0.0,0.0,0.0,-0.012144555791579774,-0.012128534505935715,0.0,0.0,0.0,0.055,0.3,0.28785544420842024,0.0,0.0,0.0,3.2822160934053497e-06,0,0,0,0,0,inf,inf,0,0,0.0,1.4394231128106594,2.657963930042517e-05,0.011298149903450846,6.91951903930822e-06,-1.6323768871893407,-5.540770954321792e-05,1.6512191058469936,-0.7852738809824847,-5.518701508635005e-06,0.08376945298659384,-4.283536446213464e-05,0.09985511187704099,4.741577110268158e-05,-0.00039674571023231507,-6.863501827572916e-06,-0.009165825233800107,-23.362505389056523,0.002501376534012598,17.606127874953312,0.7374891778022823,1.9316593353162321,0.0008022709900611551,-0.009165825233800107,-23.362505389056523,0.002501376534012598,17.606127874953312,0.7374891778022823,1.9316593353162321,0.0008022709900611551
2.7109999999998124,2,1,1,2,0.0008967970186836418,5.546409438038621,5.4905010500606215,5.0,0.5653628196897462,4.40057698274423e-06,0.43604321399316914,0.029942442735061917,-1.8607154122606906e-05,0.0002888424426836192,0.5687500099023708,-9.278129557961225e-06,0.003387217832309032,0.44096091793158926,0.010665000000000018,0.010665000000000018,1.0,-0.05385424714242764,-0.053812426709573924,0.0,0.0,0.0,-0.05385424714242764,-0.0,0.0,0.0,-0.012677373806493515,-0.012660884683063247,0.0,0.0,0.0,0.055,0.3,0.28732262619350646,0.0,0.0,0.0,3.25093362790189e-06,0,0,0,0,0,inf,inf,0,0,0.0,1.4404313600762793,2.6494293005036938e-05,0.012144639348186962,6.487707779167866e-06,-1.6313686399237208,-5.495778561839744e-05,1.6512093725472796,-0.7852739665501741,-1.1010132205151614e-05,0.08534893062194338,-4.34849273806462e-05,0.10160581503579157,4.3340332505243217e-05,-0.0014481563993701445,-1.0023598329815976e-05,-0.008821595106876632,-23.40203946294747,0.0037052327696144123,17.608832754228732,0.7376421837053625,1.9305105670428917,0.0007684553869659824,-0.008821595106876632,-23.40203946294747,0.0037052327696144123,17.608832754228732,0.7376421837053625,1.9305105670428917,0.0007684553869659824
2.7209999999998113,2,1,1,2,0.0008962092652334544,5.554259510011052,5.498512676655489,5.0,0.565663438135707,4.19165871447534e-06,0.4360453109675721,0.030153805551863023,-2.2694314418125806e-05,0.00014677927758367207,0.5690500099023708,-9.278129557961225e-06,0.0033865985540008172,0.44917553026886126,0.010965000000000018,0.010965000000000018,1.0,-0.054940761760517244,-0.0549085897435824,0.0,0.0,0.0,-0.054940761760517244,-0.0,0.0,0.0,-0.013222068689253906,-0.013205215734742485,0.0,0.0,0.0,0.055,0.3,0.2867779313107461,0.0,0.0,0.0,3.2039148457903214e-06,0,0,0,0,0,inf,inf,0,0,0.0,1.441456649329301,2.6353745987987972e-05,0.01300621536296716,6.048558135551753e-06,-1.630343350670699,-5.4536246819306585e-05,1.651189042981746,-0.7852740869710564,-1.6552340418099634e-05,0.08680046597157755,-4.429210745307738e-05,0.10327077191831151,4.152369802065699e-05,-0.0025121956917492335,-1.3791525543930513e-05,-0.008466020235344983,-23.44186812013136,0.004935403944482211,17.61163604614136,0.7377792579322487,1.9294910825881015,0.0007353241013436261,-0.008466020235344983,-23.44186812013136,0.004935403944482211,17.61163604614136,0.7377792579322487,1.9294910825881015,0.0007353241013436261
2.7309999999998102,2,1,1,2,0.0008944932896888516,5.559340607000729,5.506326601575685,5.0,0.5659659913936987,3.944379631794171e-06,0.4360461228088256,0.03033307834723441,-2.6328043667484328e-05,2.8613018239261113e-05,0.5693500099023707,-9.278129557961225e-06,0.003384044340989612,0.45691265193062347,0.011265000000000018,0.011265000000000018,1.0,-0.05582878571883252,-0.055804805674932116,0.0,0.0,0.0,-0.05582878571883252,-0.0,0.0,0.0,-0.013776511839010274,-0.013759383320160995,0.0,0.0,0.0,0.055,0.3,0.28622348816098964,0.0,0.0,0.0,3.145557051019378e-06,0,0,0,0,0,inf,inf,0,0,0.0,1.4424980853544969,2.6157594569601267e-05,0.013881629508577955,5.600423258419481e-06,-1.6293019146455032,-5.412066440946857e-05,1.651158070357536,-0.7852742486799243,-2.2122404906888477e-05,0.08812975214869694,-4.526336050386601e-05,0.1048435674538438,4.190054129959604e-05,-0.0035748137247717834,-1.821436031126785e-05,-0.008102852407090147,-23.481899275295863,0.006186846769525424,17.614547743507053,0.7378983436203194,1.928595890832703,0.0007037886344882675,-0.008102852407090147,-23.481899275295863,0.006186846769525424,17.614547743507053,0.7378983436203194,1.928595890832703,0.0007037886344882675
2.740999999999809,2,1,1,2,0.0008918594260700899,5.562044749834175,5.513623090571131,5.0,0.5662701745900469,3.6631504268889207e-06,0.43604586565129505,0.030483155817032974,-2.9532339199482285e-05,-6.968438463548804e-05,0.5696500099023708,-9.278129557961225e-06,0.0033798600881041144,0.4641908777309562,0.011565000000000018,0.011565000000000018,1.0,-0.05654678398660262,-0.056529772642920854,0.0,0.0,0.0,-0.05654678398660262,-0.0,0.0,0.0,-0.014338878245727526,-0.014321549176623014,0.0,0.0,0.0,0.055,0.3,0.28566112175427244,0.0,0.0,0.0,3.0786808002093955e-06,0,0,0,0,0,inf,inf,0,0,0.0,1.443554724132681,2.5905785973726834e-05,0.01476969217538875,5.141787816136307e-06,-1.6282452758673192,-5.369034803071003e-05,1.651116533794519,-0.785274458032439,-2.7677084736454496e-05,0.08934280560695862,-4.637227506010124e-05,0.10632049202828642,4.422604578752417e-05,-0.004624589654308243,-2.324647525731042e-05,-0.007734848221369319,-23.522048629450488,0.00745557795795984,17.617569629253822,0.7379998080576224,1.9278171272747051,0.000674412716263615,-0.007734848221369319,-23.522048629450488,0.00745557795795984,17.617569629253822,0.7379998080576224,1.9278171272747051,0.000674412716263615
2.750999999999808,2,1,1,2,0.0008884814570182245,5.562713162188057,5.520174600269045,5.0,0.5665757109836762,3.352102526814249e-06,0.43604471940137307,0.030606779347968557,-3.233719691554943e-05,-0.0001514254302243028,0.5699500099023708,-9.278129557961225e-06,0.0033743225565238738,0.47102965148915965,0.011865000000000018,0.011865000000000018,1.0,-0.05711941628383357,-0.057108348337345155,0.0,0.0,0.0,-0.05711941628383357,-0.0,0.0,0.0,-0.014907606224470548,-0.014890140503619875,0.0,0.0,0.0,0.055,0.3,0.2850923937755294,0.0,0.0,0.0,3.0052968489632334e-06,0,0,0,0,0,inf,inf,0,0,0.0,1.4446255969338075,2.5598763003387083e-05,0.015669275072768284,4.671507352770198e-06,-1.6271744030661925,-5.3227579978864235e-05,1.651064613225389,-0.7852747206113109,-3.316289429193182e-05,0.09044583514848803,-4.757488258406527e-05,0.10770001478824144,4.817116244806849e-05,-0.005652492801434589,-2.878949625288802e-05,-0.007364170453623539,-23.562240710696507,0.008738278815178233,17.62069921644367,0.7380853166757141,1.9271472082521965,0.0006475268254149017,-0.007364170453623539,-23.562240710696507,0.008738278815178233,17.62069921644367,0.7380853166757141,1.9271472082521965,0.0006475268254149017
2.760999999999807,2,1,1,2,0.0008845031147821916,5.561641417747731,5.525826922812364,5.0,0.5668823502983334,3.015062092692698e-06,0.4360428341690625,0.03070651663095113,-3.4772988076169425e-05,-0.00021933481573818033,0.5702500099023707,-9.278129557961225e-06,0.003367682041289756,0.4774490242654866,0.01216500000000002,0.01216500000000002,1.0,-0.05756799812053269,-0.057562013690444794,0.0,0.0,0.0,-0.05756799812053269,-0.0,0.0,0.0,-0.01548136192943969,-0.01546381413737649,0.0,0.0,0.0,0.055,0.3,0.2845186380705603,0.0,0.0,0.0,2.9269807576430666e-06,0,0,0,0,0,inf,inf,0,0,0.0,1.4457097295723773,2.5237526545705843e-05,0.01657931255664156,4.188924754308574e-06,-1.6260902704276228,-5.271811080255166e-05,1.6510025672498918,-0.7852750408529241,-3.852295866785276e-05,0.09144513715873359,-4.881975722870591e-05,0.10898233464347078,5.338122373062261e-05,-0.006651558462531149,-3.4718646104168196e-05,-0.006992632307416458,-23.602408759989302,0.010032053466553196,17.623931585950537,0.7381571267149732,1.9265798034459223,0.0006233036520105098,-0.006992632307416458,-23.602408759989302,0.010032053466553196,17.623931585950537,0.7381571267149732,1.9265798034459223,0.0006233036520105098
2.770999999999806,2,1,1,2,0.0008800434421976913,5.559085082219373,5.53048358873533,5.0,0.567189866967768,2.655562949105757e-06,0.436040335554012,0.030784760151235185,-3.6867759681988565e-05,-0.0002756540467271751,0.5705500099023708,-9.278129557961225e-06,0.00336016412604776,0.4834694209216272,0.01246500000000002,0.01246500000000002,1.0,-0.05791092374300731,-0.057909299999156984,0.0,0.0,0.0,-0.05791092374300731,-0.0,0.0,0.0,-0.016059008270259276,-0.0160414251640508,0.0,0.0,0.0,0.055,0.3,0.28394099172974074,0.0,0.0,0.0,2.845049848478761e-06,0,0,0,0,0,inf,inf,0,0,0.0,1.446806157577688,2.4823642844697287e-05,0.017498802032162725,3.693906666736506e-06,-1.624993842422312,-5.2151209797949706e-05,1.650930714296517,-0.7852754218834709,-4.370156410441256e-05,0.09234701249972278,-5.0054508114856924e-05,0.11016900375652476,5.9510461265038776e-05,-0.007616559522070759,-4.0899823600028274e-05,-0.006621839694214622,-23.642494161841352,0.011334286799301442,17.627260249107756,0.7382176591968261,1.9261098829902843,0.0006018080831768326,-0.006621839694214622,-23.642494161841352,0.011334286799301442,17.627260249107756,0.7382176591968261,1.9261098829902843,0.0006018080831768326
2.7809999999998047,2,1,1,2,0.0008752012078119533,5.555265150212769,5.534093108610635,5.0,0.5674980584139628,2.276876279752068e-06,0.4360373289896752,0.030843733323863386,-3.864625209041756e-05,-0.00032222767988231154,0.5708500099023708,-9.278129557961225e-06,0.0033519714048303195,0.4891114331845398,0.01276500000000002,0.01276500000000002,1.0,-0.058164049205002455,-0.058166176411857805,0.0,0.0,0.0,-0.058164049205002455,-0.0,0.0,0.0,-0.016639577839720733,-0.016621999588157663,0.0,0.0,0.0,0.055,0.3,0.2833604221602793,0.0,0.0,0.0,2.7606442784047392e-06,0,0,0,0,0,inf,inf,0,0,0.0,1.4479139379589765,2.435921472845652e-05,0.018426803624927112,3.186829366549085e-06,-1.6238860620410236,-5.1519461524735576e-05,1.6508494169211552,-0.7852758654894443,-4.8647073703984095e-05,0.09315770094565456,-5.122979958474325e-05,0.11126261513386307,6.62409864651582e-05,-0.008543707647932343,-4.720042929800018e-05,-0.00625326896957652,-23.682445744164266,0.012642565494628857,17.630677582981907,0.7382692520212388,1.925733437381482,0.0005830306781417532,-0.00625326896957652,-23.682445744164266,0.012642565494628857,17.630677582981907,0.7382692520212388,1.925733437381482,0.0005830306781417532
2.7909999999998036,2,1,1,2,0.0008700585357592485,5.5503729685107395,5.536638623340245,5.0,0.5678067434031143,1.8820444404835705e-06,0.43603390330974456,0.03088549912008446,-4.012986358479024e-05,-0.00036057459674396865,0.5711500099023707,-9.278129557961225e-06,0.003343285126119815,0.49439564313331075,0.01306500000000002,0.01306500000000002,1.0,-0.058341034667009774,-0.05834639631595737,0.0,0.0,0.0,-0.058341034667009774,-0.0,0.0,0.0,-0.01722224944810956,-0.017204710650213118,0.0,0.0,0.0,0.055,0.3,0.28277775055189047,0.0,0.0,0.0,2.6747637712849027e-06,0,0,0,0,0,inf,inf,0,0,0.0,1.4490321581566468,2.384683034563193e-05,0.019362439276688632,2.668534198968749e-06,-1.6227678418433533,-5.081843023506509e-05,1.6507590688752833,-0.7852763721719218,-5.331369208077643e-05,0.09388332972902405,-5.2301693581210605e-05,0.1122665452722784,7.329197056498243e-05,-0.009430394802883015,-5.349599474875443e-05,-0.005888304992431853,-23.722219085193565,0.01395463781250233,17.634175092179245,0.738314028596311,1.9254471363216161,0.0005669104320386265,-0.005888304992431853,-23.722219085193565,0.01395463781250233,17.634175092179245,0.738314028596311,1.9254471363216161,0.0005669104320386265
2.8009999999998025,2,1,1,2,0.0008646838844965912,5.544574543800787,5.538129563552504,5.0,0.5681157604906517,1.4739122473236484e-06,0.4360301336717718,0.03091196901235898,-4.133708389209931e-05,-0.0003919469007479421,0.5714500099023708,-9.278129557961225e-06,0.0033342667478700985,0.49934247527368775,0.01336500000000002,0.01336500000000002,1.0,-0.058453646562608125,-0.05846180305914005,0.0,0.0,0.0,-0.058453646562608125,-0.0,0.0,0.0,-0.01780632785864872,-0.017788858383522902,0.0,0.0,0.0,0.055,0.3,0.28219367214135127,0.0,0.0,0.0,2.588285273253052e-06,0,0,0,0,0,inf,inf,0,0,0.0,1.4501599426824243,2.3289498923578172e-05,0.02030489139100527,2.1402661673003264e-06,-1.6216400573175758,-5.0046268086922265e-05,1.6506600845339034,-0.7852769412507897,-5.7662424729958694e-05,0.09452987344119575,-5.323286462693862e-05,0.11318474330881675,8.042280860046669e-05,-0.010274975285794968,-5.967400910885803e-05,-0.005528255739512926,-23.761775876963362,0.01526839624448514,17.63774360672809,0.7383538384233466,1.9252480308565925,0.0005533505482173589,-0.005528255739512926,-23.761775876963362,0.01526839624448514,17.63774360672809,0.7383538384233466,1.9252480308565925,0.0005533505482173589
2.8109999999998014,2,1,1,2,0.0008591344867646946,5.538014237021617,5.5385949657213045,5.0,0.568424966553502,1.0551527457725725e-06,0.43602608394998543,0.03092491146288654,-4.228411049503868e-05,-0.00041737851461189985,0.5717500099023708,-9.278129557961225e-06,0.00332505940527074,0.5039720735562692,0.01366500000000002,0.01366500000000002,1.0,-0.05851202163286078,-0.05852259697268427,0.0,0.0,0.0,-0.05851202163286078,-0.0,0.0,0.0,-0.018391226332772074,-0.018373852013222777,0.0,0.0,0.0,0.055,0.3,0.281608773667228,0.0,0.0,0.0,2.5019732965929807e-06,0,0,0,0,0,inf,inf,0,0,0.0,1.451296457870813,2.2690580178589837e-05,0.02125340112995627,1.6036047445928558e-06,-1.6205035421291871,-4.920331289117044e-05,1.6505528902982263,-0.7852775709963629,-6.166147815345417e-05,0.09510312311106153,-5.3993066634268175e-05,0.1140215590737523,8.743272598946848e-05,-0.011076584265708313,-6.563588409320356e-05,-0.005174353884477081,-23.801083355505206,0.016581872854417996,17.641373457689156,0.7383902411161796,1.925133328412234,0.0005422295994102604,-0.005174353884477081,-23.801083355505206,0.016581872854417996,17.641373457689156,0.7383902411161796,1.925133328412234,0.0005422295994102604
2.8209999999998003,2,1,1,2,0.0008534583448424329,5.53081789457549,5.538078143560438,5.0,0.5687342354038022,6.282866106239447e-07,0.43602180869061746,0.030925959788479285,-4.298548493587173e-05,-0.00043772519218585135,0.5720500099023708,-9.278129557961225e-06,0.0033157892970511484,0.5083041995593133,0.01396500000000002,0.01396500000000002,1.0,-0.05852489577141828,-0.05853756668260861,0.0,0.0,0.0,-0.05852489577141828,-0.0,0.0,0.0,-0.01897645161950126,-0.018959194826383863,0.0,0.0,0.0,0.055,0.3,0.2810235483804988,0.0,0.0,0.0,2.4164880564314586e-06,0,0,0,0,0,inf,inf,0,0,0.0,1.4524409150940563,2.2053711959964813e-05,0.022207266443963262,1.060392877132933e-06,-1.6193590849059438,-4.8291701733188094e-05,1.650437917636912,-0.7852782587734778,-6.528627556557514e-05,0.09560866275082519,-5.455911176083862e-05,0.11478160350972365,9.415839915457372e-05,-0.01183498752638416,-7.129769138839999e-05,-0.004827751883456084,-23.84011379254024,0.017893240917758263,17.645054642373868,0.7384245154742816,1.9251002388164218,0.0005334096049618492,-0.004827751883456084,-23.84011379254024,0.017893240917758263,17.645054642373868,0.7384245154742816,1.9251002388164218,0.0005334096049618492
2.8309999999997992,2,1,1,2,0.000847695859678115,5.523095484889657,5.536632461741172,5.0,0.5690434564780704,1.9569549367552163e-07,0.43601735470749536,0.030916619464515238,-4.3454663844253156e-05,-0.00045369738069219123,0.5723500099023707,-9.278129557961225e-06,0.003306566996314031,0.5123581485332751,0.01426500000000002,0.01426500000000002,1.0,-0.058499801136798465,-0.0585142882352328,0.0,0.0,0.0,-0.058499801136798465,-0.0,0.0,0.0,-0.019561591055776966,-0.019544471175181023,0.0,0.0,0.0,0.055,0.3,0.28043840894422306,0.0,0.0,0.0,2.332393325030968e-06,0,0,0,0,0,inf,inf,0,0,0.0,1.4535925727330978,2.1382739253348074e-05,0.02316583990170249,5.126680240298523e-07,-1.6182074272669023,-4.731501452094622e-05,1.6503155974826784,-0.7852790011882702,-6.851921254279669e-05,0.096051852019005,-5.491453941405407e-05,0.11546963593671282,0.00010047057576480082,-0.012550457232338158,-7.659009992942617e-05,-0.004489514570339762,-23.878844038997713,0.019200818959389843,17.648776979532574,0.7384576819628551,1.9251458784417617,0.0005267420057338817,-0.004489514570339762,-23.878844038997713,0.019200818959389843,17.648776979532574,0.7384576819628551,1.9251458784417617,0.0005267420057338817
2.840999999999798,2,1,1,2,0.0008418811593486055,5.514943311676125,5.534318002352278,5.0,0.5693525335968962,-2.403697882920802e-07,0.43601276238257625,0.03089827499036726,-4.3704486795784354e-05,-0.000465887142929064,0.5726500099023708,-9.278129557961225e-06,0.00329748869084765,0.5161526806069023,0.01456500000000002,0.01456500000000002,1.0,-0.05844323515929136,-0.05845929573881828,0.0,0.0,0.0,-0.05844323515929136,-0.0,0.0,0.0,-0.0201463014803403,-0.02012933531160264,0.0,0.0,0.0,0.055,0.3,0.2798536985196598,0.0,0.0,0.0,2.2501644898532276e-06,0,0,0,0,0,inf,inf,0,0,0.0,1.4547507371469368,2.0681646631399766e-05,0.024128526375173633,-3.740237615052028e-08,-1.6170492628530633,-4.627795389290777e-05,1.6501863557498437,-0.7852797942313202,-7.134924134153706e-05,0.0964378139261654,-5.5049097102237256e-05,0.11609047354808236,0.00010627029821671033,-0.013223669136647275,-8.145780156374599e-05,-0.004160611610516715,-23.91725511085483,0.020503074912031297,17.65253025161503,0.7384905313828676,1.9252672178118548,0.0005220721738144174,-0.004160611610516715,-23.91725511085483,0.020503074912031297,17.65253025161503,0.7384905313828676,1.9252672178118548,0.0005220721738144174
2.850999999999797,2,1,1,2,0.0008360431811768867,5.506445870739359,5.531198951944352,5.0,0.5696613837914083,-6.777851244486076e-07,0.43600806672508086,0.030872196429831765,-4.37475309794473e-05,-0.0004747901585567714,0.5729500099023708,-9.278129557961225e-06,0.003288637356661353,0.5197059650004685,0.01486500000000002,0.01486500000000002,1.0,-0.058360804999748384,-0.058378227146410035,0.0,0.0,0.0,-0.058360804999748384,-0.0,0.0,0.0,-0.020730299699808934,-0.02071350178894139,0.0,0.0,0.0,0.055,0.3,0.27926970030019116,0.0,0.0,0.0,2.170196768574389e-06,0,0,0,0,0,inf,inf,0,0,0.0,1.4559147628409823,1.995449549830565e-05,0.025094780625442934,-5.875796129818342e-07,-1.6158852371590178,-4.518606332529614e-05,1.6500506097801229,-0.7852806334131798,-7.377134741624479e-05,0.0967714267179412,-5.4958116150421114e-05,0.11664891930033841,0.00011148508818006756,-0.0138556173886124,-8.585862033747371e-05,-0.0038419111133410513,-23.955331809522967,0.0217986291447925,17.656304331286695,0.7385236553752905,1.9254610597872328,0.000519242873621111,-0.0038419111133410513,-23.955331809522967,0.0217986291447925,17.656304331286695,0.7385236553752905,1.9254610597872328,0.000519242873621111
2.860999999999796,2,1,1,2,0.0008302065524643789,5.497677409624167,5.5273415685816145,5.0,0.5699699361937498,-1.1145519243313855e-06,0.4360032982335983,0.03083954570985972,-4.359635811104984e-05,-0.0004808236610124304,0.5732500099023707,-9.278129557961225e-06,0.003280083867523218,0.5230355355242001,0.01516500000000002,0.01516500000000002,1.0,-0.05825735079443795,-0.05827594857257278,0.0,0.0,0.0,-0.05825735079443795,-0.0,0.0,0.0,-0.021313354280031456,-0.021296737200372718,0.0,0.0,0.0,0.055,0.3,0.27868664571996865,0.0,0.0,0.0,2.0928133519772303e-06,0,0,0,0,0,inf,inf,0,0,0.0,1.4570840520003494,1.9205366942667613e-05,0.026064104826834765,-1.1356058632500684e-06,-1.6147159479996507,-4.4045482616808573e-05,1.6499087655585032,-0.7852815138898956,-7.578596379174743e-05,0.09705731922911998,-5.464183875354834e-05,0.1171497050133236,0.00011606529415946249,-0.014447543798912721,-8.976243792874408e-05,-0.0035341750330260655,-23.993062370972496,0.023086255767547664,17.66008929053745,0.7385574762441293,1.9257240382180107,0.0005180969503251467,-0.0035341750330260655,-23.993062370972496,0.023086255767547664,17.66008929053745,0.7385574762441293,1.9257240382180107,0.0005180969503251467
2.870999999999795,2,1,1,2,0.0008243923069413397,5.488703241028916,5.522812614592709,5.0,0.570278130989468,-1.5487978704547953e-06,0.43599848359776394,0.03080138272952574,-4.326366677476197e-05,-0.0004843410273647679,0.5735500099023708,-9.278129557961225e-06,0.003271888042593518,0.5261582559636037,0.015465000000000022,0.015465000000000022,1.0,-0.05813705071460433,-0.05815666022108244,0.0,0.0,0.0,-0.05813705071460433,-0.0,0.0,0.0,-0.0218952784675107,-0.021878853057164343,0.0,0.0,0.0,0.055,0.3,0.2781047215324894,0.0,0.0,0.0,2.0182732620863017e-06,0,0,0,0,0,inf,inf,0,0,0.0,1.4582580535252814,1.8438310630501707e-05,0.02703604606098269,-1.6792495374458118e-06,-1.6135419464747187,-4.286273848224148e-05,1.649761215569051,-0.7852824305772068,-7.73983561720116e-05,0.09729986912496442,-5.4104734575520693e-05,0.11759744704161264,0.00011998070686998176,-0.015000879021340974,-9.3150025406795e-05,-0.0032380565785340614,-24.030438139483234,0.024364882016374056,17.66387549196729,0.7385922747374812,1.926052629625991,0.0005184794319445047,-0.0032380565785340614,-24.030438139483234,0.024364882016374056,17.66387549196729,0.7385922747374812,1.926052629625991,0.0005184794319445047
2.8809999999997937,2,1,1,2,0.000818618467459147,5.479580852855783,5.517678162350391,5.0,0.5705859184300723,-1.9787787506058062e-06,0.43599364626959525,0.030758671305856907,-4.276236644408758e-05,-0.0004856436194867087,0.5738500099023708,-9.278129557961225e-06,0.0032640996339042185,0.5290902941844621,0.015765000000000022,0.015765000000000022,1.0,-0.05800351052951701,-0.05802398665191153,0.0,0.0,0.0,-0.05800351052951701,-0.0,0.0,0.0,-0.02247592407411568,-0.02245969963792364,0.0,0.0,0.0,0.055,0.3,0.2775240759258844,0.0,0.0,0.0,1.9467787576648112e-06,0,0,0,0,0,inf,inf,0,0,0.0,1.4594362616820242,1.765729989434065e-05,0.028010193806856723,-2.2163438584367623e-06,-1.6123637383179759,-4.164456728898075e-05,1.649608337183111,-0.785283378252844,-7.86180024593625e-05,0.09750320354142952,-5.335483247481063e-05,0.11799661232787136,0.000123217488006306,-0.01551719360312583,-9.601184277826077e-05,-0.0029540996124045506,-24.067453263194786,0.02563358575853265,17.667653662828698,0.7386282151395304,1.9264431726867606,0.0005202391739815574,-0.0029540996124045506,-24.067453263194786,0.02563358575853265,17.667653662828698,0.7386282151395304,1.9264431726867606,0.0005202391739815574
2.8909999999997926,2,1,1,2,0.0008129005199923591,5.470360850521945,5.512002698115391,5.0,0.5708932579041974,-2.402880677112117e-06,0.43598880692916603,0.030712284965346524,-4.210558978846319e-05,-0.0004849903738325795,0.5741500099023708,-9.278129557961225e-06,0.0032567592552494745,0.5318471039571788,0.016065000000000024,0.016065000000000024,1.0,-0.05785984002016204,-0.05788105376655901,0.0,0.0,0.0,-0.05785984002016204,-0.0,0.0,0.0,-0.023055176183303567,-0.023039160665643068,0.0,0.0,0.0,0.055,0.3,0.27694482381669655,0.0,0.0,0.0,1.8784821836208995e-06,0,0,0,0,0,inf,inf,0,0,0.0,1.4606182144627042,1.686619297631918e-05,0.028986177448430746,-2.7448189219799907e-06,-1.6111817855372959,-4.039776672288163e-05,1.6494504914905956,-0.785284351646848,-7.945798364776113e-05,0.09767120171168168,-5.240308415308994e-05,0.11835149302021504,0.00012577542295308952,-0.01599815724987035,-9.834684812519714e-05,-0.002682739873803167,-24.104104409533022,0.02689159129521564,17.671414953068965,0.7386653674594967,1.9268918919559872,0.0005232301377120168,-0.002682739873803167,-24.104104409533022,0.02689159129521564,17.671414953068965,0.7386653674594967,1.9268918919559872,0.0005232301377120168
2.9009999999997915,2,1,1,2,0.0008072517994840702,5.46108776088065,5.505848463400904,5.0,0.5712001170658224,-2.8196221626426826e-06,0.435983983864805,0.030663012578798544,-4.13066587441604e-05,-0.00048260555167822295,0.5744500099023708,-9.278129557961225e-06,0.0032498992540333457,0.5344434136205711,0.016365000000000022,0.016365000000000022,1.0,-0.05770871826723384,-0.057730554560733616,0.0,0.0,0.0,-0.05770871826723384,-0.0,0.0,0.0,-0.02363294855774453,-0.023617148691257906,0.0,0.0,0.0,0.055,0.3,0.2763670514422556,0.0,0.0,0.0,1.813492240329417e-06,0,0,0,0,0,inf,inf,0,0,0.0,1.4618034917313014,1.6068700241901243e-05,0.029963663817874756,-3.262727621075258e-06,-1.6099965082686987,-3.9129073183207755e-05,1.6492880224998319,-0.7852853455201678,-7.993439810855083e-05,0.09780749922752888,-5.126277037096766e-05,0.11866618814184121,0.00012766548819140132,-0.016445504962598514,-0.00010016134458960656,-0.002424307800367635,-24.140390499185592,0.02813826369663329,17.675150978987592,0.7387037267480375,1.9273949234873462,0.0005273123696161165,-0.002424307800367635,-24.140390499185592,0.02813826369663329,17.675150978987592,0.7387037267480375,1.9273949234873462,0.0005273123696161165
2.9109999999997904,2,1,1,2,0.0008016838043196353,5.451800721797488,5.499274985022375,5.0,0.5715064710179345,-3.2276556689361223e-06,0.43597919328429047,0.030611563831054026,-4.037901797777107e-05,-0.0004786849898907149,0.5747500099023708,-9.278129557961225e-06,0.003243544527686418,0.5368932207944566,0.016665000000000024,0.016665000000000024,1.0,-0.0575524495411399,-0.0575748053927884,0.0,0.0,0.0,-0.0575524495411399,-0.0,0.0,0.0,-0.024209179646825327,-0.024193601081240294,0.0,0.0,0.0,0.055,0.3,0.2757908203531748,0.0,0.0,0.0,1.751879645543429e-06,0,0,0,0,0,inf,inf,0,0,0.0,1.4629917132191284,1.52683570818885e-05,0.030942354788927595,-3.7682658974828205e-06,-1.6088082867808717,-3.784506186185136e-05,1.6491212566434559,-0.7852863547320293,-8.006580759804538e-05,0.09791549363470543,-4.9948956032146607e-05,0.11894459105405344,0.00012890771377488503,-0.016861008949807767,-0.00010146788397271136,-0.0021790326836248785,-24.176312457662142,0.029373101940742007,17.678853854281364,0.7387432297134277,1.927948340834715,0.0005323527324594862,-0.0021790326836248785,-24.176312457662142,0.029373101940742007,17.678853854281364,0.7387432297134277,1.927948340834715,0.0005323527324594862
2.9209999999997893,2,1,1,2,0.0007962064531249749,5.442534077013222,5.492338754481639,5.0,0.5718123015499276,-3.6257683644009355e-06,0.4359744495704496,0.030558574514646906,-3.933614726452625e-05,-0.0004734011322623432,0.5750500099023708,-9.278129557961225e-06,0.0032377132863592893,0.539209792422378,0.01696500000000002,0.01696500000000002,1.0,-0.05739301125960797,-0.05741579424975386,0.0,0.0,0.0,-0.05739301125960797,-0.0,0.0,0.0,-0.02478382910831558,-0.024768476522742822,0.0,0.0,0.0,0.055,0.3,0.27521617089168465,0.0,0.0,0.0,1.6936822272423312e-06,0,0,0,0,0,inf,inf,0,0,0.0,1.46418253642182,1.4468502152980224e-05,0.0319219849323325,-4.259787828922708e-06,-1.6076174635781801,-3.6552066687663914e-05,1.648950502537718,-0.7852873742967093,-7.987272053650445e-05,0.09799835110304861,-4.847799735402042e-05,0.119190381662928,0.00012952931655838394,-0.017246455411142357,-0.00010228423901956141,-0.0019470479026903367,-24.211872983688405,0.030595731114224353,17.682516210248657,0.7387837688695383,1.9285481804922386,0.0005382254288980584,-0.0019470479026903367,-24.211872983688405,0.030595731114224353,17.682516210248657,0.7387837688695383,1.9285481804922386,0.0005382254288980584
2.930999999999788,2,1,1,2,0.0007908282950472014,5.43331789229037,5.485093025006176,5.0,0.5721175964269172,-4.0128819354642015e-06,0.4359697654920598,0.030504611636241716,-3.8191462197989436e-05,-0.00046690707146334996,0.5753500099023707,-9.278129557961225e-06,0.003232417763706643,0.5414056694838677,0.017265000000000023,0.017265000000000023,1.0,-0.05723209524923947,-0.05725522226048511,0.0,0.0,0.0,-0.05723209524923947,-0.0,0.0,0.0,-0.025356874771847386,-0.025341751973317728,0.0,0.0,0.0,0.055,0.3,0.2746431252281529,0.0,0.0,0.0,1.638909481440408e-06,0,0,0,0,0,inf,inf,0,0,0.0,1.46537565444032,1.3672260563759785e-05,0.03290231924282914,-4.735816079939864e-06,-1.60642434555968,-3.525611756932678e-05,1.6487760509507146,-0.7852883994304446,-7.937711599350736e-05,0.0980590139482882,-4.686710214216345e-05,0.1194070224932455,0.00012956307852022555,-0.017603625443223588,-0.00010263245166771392,-0.0017283969818919363,-24.2470763337882,0.03180589393140303,17.686131206833323,0.7388252044768436,1.9291904662016464,0.000544812349387126,-0.0017283969818919363,-24.2470763337882,0.03180589393140303,17.686131206833323,0.7388252044768436,1.9291904662016464,0.000544812349387126
2.940999999999787,2,1,1,2,0.0007855566825811502,5.4241784058716185,5.477587700762945,5.0,0.5724223487290397,-4.388051376185183e-06,0.43596515237887423,0.030450178325916642,-3.695821069380593e-05,-0.00045933979020730987,0.5756500099023708,-9.278129557961225e-06,0.0032276648776930804,0.5434926757689181,0.01756500000000002,0.01756500000000002,1.0,-0.05707114335029072,-0.05709453950593847,0.0,0.0,0.0,-0.05707114335029072,-0.0,0.0,0.0,-0.025928309983114187,-0.02591341999360979,0.0,0.0,0.0,0.055,0.3,0.2740716900168861,0.0,0.0,0.0,1.5875466278752399e-06,0,0,0,0,0,inf,inf,0,0,0.0,1.4665707938003993,1.2882531587882869e-05,0.03388315094513524,-5.195048245527445e-06,-1.6052292061996007,-3.3962892625058203e-05,1.6485981749418621,-0.7852894255892625,-7.860201019756174e-05,0.09810020881278461,-4.513394261788835e-05,0.11959775789738171,0.00012904594503285793,-0.017934279441350745,-0.00010253796104256031,-0.0015230402499714338,-24.281928122451262,0.033003441792745516,17.68969253604473,0.7388673745331802,1.9298712317982998,0.0005520032728360418,-0.0015230402499714338,-24.281928122451262,0.033003441792745516,17.68969253604473,0.7388673745331802,1.9298712317982998,0.0005520032728360418
2.950999999999786,2,1,1,2,0.0007803979142963205,5.41513842386265,5.469869297771916,5.0,0.5727265562387212,-4.750462747899661e-06,0.43596062026790783,0.030395718541288676,-3.5649371013063584e-05,-0.000450822755929815,0.5759500099023708,-9.278129557961225e-06,0.003223456843431119,0.5454819301537696,0.017865000000000023,0.017865000000000023,1.0,-0.05691137823651182,-0.056934976006853905,0.0,0.0,0.0,-0.05691137823651182,-0.0,0.0,0.0,-0.02649814127714346,-0.026483486410964468,0.0,0.0,0.0,0.055,0.3,0.2735018587228568,0.0,0.0,0.0,1.5395582169118785e-06,0,0,0,0,0,inf,inf,0,0,0.0,1.4677677122785995,1.2101980475162004e-05,0.034864299384573014,-5.636359604645208e-06,-1.6040322877214006,-3.2677683331237087e-05,1.6484171301406265,-0.7852904484985346,-7.757106614600773e-05,0.09812445533903932,-4.329631913308276e-05,0.11976561578688077,0.0001280178194272131,-0.018240144470380516,-0.00010202881244470618,-0.0013308618923923347,-24.316435137294885,0.03418832558956011,17.693194419119845,0.7389101030614936,1.9305865424164976,0.0005596959423797357,-0.0013308618923923347,-24.316435137294885,0.03418832558956011,17.693194419119845,0.7389101030614936,1.9305865424164976,0.0005596959423797357
2.960999999999785,2,1,1,2,0.0007753573534135241,5.406217669195135,5.461980960084784,5.0,0.573030220873829,-5.099429946567272e-06,0.43595617802673226,0.030341621560721937,-3.427755553578582e-05,-0.0004414679949878134,0.5762500099023707,-9.278129557961225e-06,0.0032197917401359873,0.5473838618631469,0.018165000000000025,0.018165000000000025,1.0,-0.05675383018011235,-0.0567775686259247,0.0,0.0,0.0,-0.05675383018011235,-0.0,0.0,0.0,-0.027066386336915715,-0.02705196826988727,0.0,0.0,0.0,0.055,0.3,0.27293361366308455,0.0,0.0,0.0,1.494891328367027e-06,0,0,0,0,0,inf,inf,0,0,0.0,1.468966196756935,1.1333033930919043e-05,0.035845608006463095,-6.058802779598064e-06,-1.6028338032430651,-3.140537074825787e-05,1.6482331551373217,-0.785291464175064,-7.63082459414182e-05,0.09813407519288471,-4.137187232981633e-05,0.11991341137468224,0.00012652053210591825,-0.018522904159320456,-0.00010113494668855609,-0.001151677225834419,-24.35060516861316,0.03536058642249294,17.696631598623178,0.7389532069171708,1.9313325139747028,0.0005677960371145405,-0.001151677225834419,-24.35060516861316,0.03536058642249294,17.696631598623178,0.7389532069171708,1.9313325139747028,0.0005677960371145405
2.970999999999784,2,1,1,2,0.0007704395270450573,5.397433091238537,5.453962518054978,5.0,0.5733333481645772,-5.434390556642128e-06,0.43595183345840877,0.030288226262114464,-3.285492325862908e-05,-0.00043137774908935233,0.5765500099023708,-9.278129557961225e-06,0.0032166640343242714,0.5492082282474232,0.018465000000000023,0.018465000000000023,1.0,-0.056599360372458794,-0.056623184500721666,0.0,0.0,0.0,-0.056599360372458794,-0.0,0.0,0.0,-0.027633072200229633,-0.02761889203197964,0.0,0.0,0.0,0.055,0.3,0.2723669277997706,0.0,0.0,0.0,1.4534783930471628e-06,0,0,0,0,0,inf,inf,0,0,0.0,1.4701660611240472,1.0577878841861192e-05,0.03682694242709157,-6.461604769729919e-06,-1.6016339388759528,-3.0150411188202835e-05,1.6480464719628805,-0.7852924689425003,-7.483750475695493e-05,0.09813120131345301,-3.9377840773343666e-05,0.12004375249988271,0.00012459696449852742,-0.01878419074111691,-9.988756776539062e-05,-0.0009852400385770856,-24.384446852694882,0.03652034638608794,17.699999326510692,0.7389965013203921,1.932105330912966,0.0005762170572358636,-0.0009852400385770856,-24.384446852694882,0.03652034638608794,17.699999326510692,0.7389965013203921,1.932105330912966,0.0005762170572358636
2.9809999999997827,2,1,1,2,0.0007656482099574194,5.388799141857886,5.445850578156077,5.0,0.5736359467720379,-5.754900883860946e-06,0.43594759339175715,0.030235825185891015,-3.139310296003552e-05,-0.0004206457975078557,0.5768500099023708,-9.278129557961225e-06,0.0032140650613989774,0.5509641346425427,0.018765000000000025,0.018765000000000025,1.0,-0.05644868131207893,-0.05647254152349723,0.0,0.0,0.0,-0.05644868131207893,-0.0,0.0,0.0,-0.028198233683259327,-0.028184291993573467,0.0,0.0,0.0,0.055,0.3,0.2718017663167409,0.0,0.0,0.0,1.4152396817604455e-06,0,0,0,0,0,inf,inf,0,0,0.0,1.4713671442366079,9.838463840827778e-06,0.03780818859792542,-6.844161796175566e-06,-1.6004328557633922,-2.8916829875013278e-05,1.6478572866379553,-0.7852934594408455,-7.318252479069963e-05,0.09811778728475747,-3.733086074872784e-05,0.12015904617731636,0.00012229031012489115,-0.019025578914723465,-9.83185858093255e-05,-0.0008312498744490886,-24.41796952827084,0.037667799536872874,17.703293349033785,0.7390398042911264,1.9329012621962478,0.0005848801381421162,-0.0008312498744490886,-24.41796952827084,0.037667799536872874,17.703293349033785,0.7390398042911264,1.9329012621962478,0.0005848801381421162
2.9909999999997816,2,1,1,2,0.0007609864959697002,5.380328022672844,5.437678635928429,5.0,0.5739380280460907,-6.060630287873176e-06,0.4359434637599183,0.030184668382725297,-2.99031281433492e-05,-0.0004093585129118736,0.5771500099023708,-9.278129557961225e-06,0.003211983467792698,0.552660055922227,0.019065000000000023,0.019065000000000023,1.0,-0.056302374687786524,-0.056326226299519166,0.0,0.0,0.0,-0.056302374687786524,-0.0,0.0,0.0,-0.02876191199389207,-0.02874820889397011,0.0,0.0,0.0,0.055,0.3,0.2712380880061082,0.0,0.0,0.0,1.3800854877549868e-06,0,0,0,0,0,inf,inf,0,0,0.0,1.4725693079515394,9.116503321441726e-06,0.038789251063788006,-7.2060323601660835e-06,-1.5992306920484607,-2.7708221314936304e-05,1.6476657897746865,-0.7852944326307888,-7.136648717269716e-05,0.09809561673929948,-3.524680472100871e-05,0.12026150607340355,0.0001196434568782812,-0.01924858125313548,-9.64601315829569e-05,-0.0006893591536474334,-24.451183105438314,0.03880320314637108,17.70650988922164,0.7390829401472602,1.9337166756165924,0.0005937138073443188,-0.0006893591536474334,-24.451183105438314,0.03880320314637108,17.70650988922164,0.7390829401472602,1.9337166756165924,0.0005937138073443188
3.0009999999997805,2,1,1,2,0.0007564568594787538,5.372029907442217,5.429477205346462,5.0,0.5742396056206773,-6.3513549267262215e-06,0.43593944966957127,0.03013496704816187,-2.8395384214859813e-05,-0.0003975957057473562,0.5774500099023708,-9.278129557961225e-06,0.0032104056157946322,0.5543038593884876,0.019365000000000025,0.019365000000000025,1.0,-0.056160907115543106,-0.056184709945530556,0.0,0.0,0.0,-0.056160907115543106,-0.0,0.0,0.0,-0.029324153511822496,-0.029310688691110618,0.0,0.0,0.0,0.055,0.3,0.2706758464881777,0.0,0.0,0.0,1.3479180313057788e-06,0,0,0,0,0,inf,inf,0,0,0.0,1.4737724352369068,8.413483535694305e-06,0.03977005131488694,-7.546928881843595e-06,-1.5980275647630933,-2.652775524454102e-05,1.64747215721701,-0.7852953857935587,-6.94118795077564e-05,0.0980663127178341,-3.314065487635255e-05,0.12035316065953937,0.000116698476308239,-0.019454644920394414,-9.434413822568455e-05,-0.0005591800496997916,-24.48409794640427,0.039926869313976036,17.70964562755764,0.7391257422031153,1.9345480504376302,0.0006026536960774208,-0.0005591800496997916,-24.48409794640427,0.039926869313976036,17.70964562755764,0.7391257422031153,1.9345480504376302,0.0006026536960774208
3.0109999999997794,2,1,1,2,0.0007520612090819714,5.363913142827968,5.4212739592804455,5.0,0.5745406950442491,-6.626951046116988e-06,0.43593555546265217,0.030086896947689325,-2.6879567846500918e-05,-0.00038543130154966825,0.5777500099023708,-9.278129557961225e-06,0.003209315953175728,0.5559028286822973,0.019665000000000026,0.019665000000000026,1.0,-0.05602464403000405,-0.056048362031909764,0.0,0.0,0.0,-0.05602464403000405,-0.0,0.0,0.0,-0.029885008715639125,-0.029871781484792182,0.0,0.0,0.0,0.055,0.3,0.27011499128436117,0.0,0.0,0.0,1.3186331150616923e-06,0,0,0,0,0,inf,inf,0,0,0.0,1.4749764283670872,7.730670431738956e-06,0.04075052623189543,-7.866708250702822e-06,-1.5968235716329129,-2.5378187157476552e-05,1.6472765507075593,-0.7852963165269411,-6.734033655376534e-05,0.0980313469214841,-3.102640816985966e-05,0.12043586183629165,0.00011349620717925533,-0.01964514949390959,-9.200198566281111e-05,-0.00044029105571591635,-24.516724757383166,0.041039157000755964,17.7126976813646,0.7391680547907464,1.9353919884382214,0.0006116422165479533,-0.00044029105571591635,-24.516724757383166,0.041039157000755964,17.7126976813646,0.7391680547907464,1.9353919884382214,0.0006116422165479533
3.0209999999997783,2,1,1,2,0.0007478009348900463,5.355984430232181,5.413093876840756,5.0,0.5748413134433294,-6.887387922158128e-06,0.4359317847720613,0.03004060163694214,-2.5364658094668878e-05,-0.00037293388692622787,0.5780500099023708,-9.278129557961225e-06,0.0032086973496903456,0.557463688431026,0.019965000000000024,0.019965000000000024,1.0,-0.055893861983545026,-0.05591746292325675,0.0,0.0,0.0,-0.055893861983545026,-0.0,0.0,0.0,-0.030444531239876383,-0.030431540570304828,0.0,0.0,0.0,0.055,0.3,0.26955546876012393,0.0,0.0,0.0,1.2921215550040662e-06,0,0,0,0,0,inf,inf,0,0,0.0,1.4761812072059581,7.069118914818243e-06,0.04173062662271,-8.165361583382258e-06,-1.595618792794042,-2.4261872530913982e-05,1.6470791185710951,-0.785297222738064,-6.517251142863866e-05,0.09799204880299504,-2.8917009378737002e-05,0.12051129385713222,0.00011007592190616509,-0.019821405716924066,-8.946420289038603e-05,-0.0003322431916080096,-24.549074490992282,0.042140464526337074,17.715663583323096,0.7392097347087592,1.9362452234147558,0.0006206282134441341,-0.0003322431916080096,-24.549074490992282,0.042140464526337074,17.715663583323096,0.7392097347087592,1.9362452234147558,0.0006206282134441341
3.030999999999777,2,1,1,2,0.0007436769507588583,5.348248990974829,5.404959394290559,5.0,0.5751414792171835,-7.132720579946967e-06,0.4359281405724912,0.02999619548262054,-2.3858898575593935e-05,-0.00036016715289285446,0.5783500099023707,-9.278129557961225e-06,0.0032085314024593407,0.5589926293794188,0.020265000000000026,0.020265000000000026,1.0,-0.05576875956541231,-0.055792214731933076,0.0,0.0,0.0,-0.05576875956541231,-0.0,0.0,0.0,-0.031002777047307008,-0.030990021607683327,0.0,0.0,0.0,0.055,0.3,0.26899722295269324,0.0,0.0,0.0,1.2682704046287631e-06,0,0,0,0,0,inf,inf,0,0,0.0,1.477386707580297,6.429683240595391e-06,0.04271031584902735,-8.443003450171852e-06,-1.594413292419703,-2.3180783980055725e-05,1.6468799964060086,-0.7852981026335005,-6.292797469645613e-05,0.09794961445323316,-2.682430878449631e-05,0.12058098241037164,0.0001064750656430722,-0.019984655030282322,-8.676022328318952e-05,-0.00023456581718220073,-24.581158258492444,0.043231222558132304,17.718541259471447,0.7392506521904175,1.9371046292072498,0.0006295665984396203,-0.00023456581718220073,-24.581158258492444,0.043231222558132304,17.718541259471447,0.7392506521904175,1.9371046292072498,0.0006295665984396203
3.040999999999776,2,1,1,2,0.0007396897324319076,5.340710716702416,5.396890556936693,5.0,0.575441211761625,-7.363082389727786e-06,0.43592462522728403,0.029953766490402794,-2.236978980838886e-05,-0.0003471902584943712,0.5786500099023708,-9.278129557961225e-06,0.0032087987122067143,0.5604953337816506,0.020565000000000024,0.020565000000000024,1.0,-0.055649467120726374,-0.05567275106541304,0.0,0.0,0.0,-0.055649467120726374,-0.0,0.0,0.0,-0.03155980370368903,-0.031547281893723376,0.0,0.0,0.0,0.055,0.3,0.2684401962963113,0.0,0.0,0.0,1.2469640111924248e-06,0,0,0,0,0,inf,inf,0,0,0.0,1.4785928797443209,5.813028276652826e-06,0.04368956854048965,-8.699860798704757e-06,-1.5932071202556792,-2.213653066549126e-05,1.6466793077768362,-0.7852989547071948,-6.0625138691448296e-05,0.09790511524717942,-2.475904127100754e-05,0.12064630374327803,0.0001027290588436849,-0.02013606975365115,-8.391818807580804e-05,-0.00014677202982408318,-24.61298725123954,0.044311887608103485,17.7213290069721,0.7392906914698198,1.9379672263158603,0.0006384179742314794,-0.00014677202982408318,-24.61298725123954,0.044311887608103485,17.7213290069721,0.7392906914698198,1.9379672263158603,0.0006384179742314794
3.050999999999775,2,1,1,2,0.000735839352355965,5.333372306634759,5.388905169990802,5.0,0.5757405312200766,-7.5786776373491665e-06,0.4359212405320058,0.02991337894666731,-2.0904090721891674e-05,-0.0003340581329522397,0.5789500099023708,-9.278129557961225e-06,0.0032094791322327437,0.5619770008586513,0.020865000000000026,0.020865000000000026,1.0,-0.055536055420703105,-0.05555914572021267,0.0,0.0,0.0,-0.055536055420703105,-0.0,0.0,0.0,-0.03211566974381955,-0.0321033797255617,0.0,0.0,0.0,0.055,0.3,0.26788433025618075,0.0,0.0,0.0,1.228084907676098e-06,0,0,0,0,0,inf,inf,0,0,0.0,1.4797996869352459,5.219641394090174e-06,0.04466836939383076,-8.936261772195272e-06,-1.5920003130647542,-2.1130379364776513e-05,1.6464771649019196,-0.7852997777266639,-5.828120448761114e-05,0.09785950622081459,-2.273082381433692e-05,0.12070849373375846,9.887115504237305e-05,-0.020276753804317902,-8.096479328535649e-05,-6.836363133458702e-05,-24.644572670724106,0.04538293604683298,17.724025471876917,0.7393297510159462,1.9388301871807339,0.0006471482539089635,-6.836363133458702e-05,-24.644572670724106,0.04538293604683298,17.724025471876917,0.7393297510159462,1.9388301871807339,0.0006471482539089635
3.060999999999774,2,1,1,2,0.0007321255117644634,5.326235393010229,5.381018946861521,5.0,0.5760394582600548,-7.779774155783962e-06,0.4359179877552697,0.029875075881205065,-1.9467828259679177e-05,-0.0003208217307743784,0.5792500099023707,-9.278129557961225e-06,0.0032105519919550865,0.5634423721503328,0.021165000000000028,0.021165000000000028,1.0,-0.0554285434130437,-0.055451420452075885,0.0,0.0,0.0,-0.0554285434130437,-0.0,0.0,0.0,-0.032670434119134235,-0.03265837384601668,0.0,0.0,0.0,0.055,0.3,0.2673295658808661,0.0,0.0,0.0,1.2115145776294526e-06,0,0,0,0,0,inf,inf,0,0,0.0,1.4810071040189132,4.649844776653641e-06,0.045646712054204085,-9.152624590484135e-06,-1.5907928959810869,-2.0163276697532372e-05,1.6462736693313755,-0.7853005707178872,-5.591212900327429e-05,0.09781363415650868,-2.074816855012549e-05,0.12076865683306355,9.493234643081428e-05,-0.020407743857304598,-7.79251754720041e-05,1.1643384287238312e-06,-24.675925666600808,0.04644485863155566,17.726629627079316,0.7393677434933904,1.9396908401982687,0.0006557282808194449,1.1643384287238312e-06,-24.675925666600808,0.04644485863155566,17.726629627079316,0.7393677434933904,1.9396908401982687,0.0006557282808194449
3.070999999999773,2,1,1,2,0.0007285475704971447,5.319300655895019,5.373245653714499,5.0,0.5763380138733339,-7.966696091987346e-06,0.43591486767721954,0.029838881358356467,-1.806631400121609e-05,-0.0003075282511793816,0.5795500099023708,-9.278129557961225e-06,0.0032119962967610055,0.5648957566151714,0.021465000000000026,0.021465000000000026,1.0,-0.05532690516140662,-0.0553495519321687,0.0,0.0,0.0,-0.05532690516140662,-0.0,0.0,0.0,-0.03322415571826737,-0.03321232296207009,0.0,0.0,0.0,0.055,0.3,0.2667758442817329,0.0,0.0,0.0,1.1971341076067855e-06,0,0,0,0,0,inf,inf,0,0,0.0,1.48221511622384,4.103807959363294e-06,0.0466245980756798,-9.349446635217085e-06,-1.5895848837761601,-1.9235872063375303e-05,1.6460689126114327,-0.7853013329492471,-5.353260983696966e-05,0.09776824535995181,-1.8818508825116855e-05,0.1208277748182557,9.094131055676773e-05,-0.020530010863986738,-7.482283192763963e-05,6.231949636603124e-05,-24.707057282127437,0.047498155538156284,17.72914075060057,0.7394045955006149,1.9405466725468403,0.0006641334534725418,6.231949636603124e-05,-24.707057282127437,0.047498155538156284,17.72914075060057,0.7394045955006149,1.9405466725468403,0.0006641334534725418
3.0809999999997717,2,1,1,2,0.000725104574898743,5.3125679283606795,5.365597249438827,5.0,0.5766362191981158,-8.13981687344841e-06,0.43591188062597075,0.029804802604153812,-1.6704166731445397e-05,-0.0002942213306926911,0.5798500099023708,-9.278129557961225e-06,0.0032137909058480296,0.5663410553508283,0.021765000000000027,0.021765000000000027,1.0,-0.055231076067324074,-0.05525347798329174,0.0,0.0,0.0,-0.055231076067324074,-0.0,0.0,0.0,-0.033776892952989336,-0.033765285328879735,0.0,0.0,0.0,0.055,0.3,0.2662231070470109,0.0,0.0,0.0,1.1848247469706403e-06,0,0,0,0,0,inf,inf,0,0,0.0,1.4834237179615166,3.581560431974355e-06,0.04760203595775574,-9.52729385577524e-06,-1.5883762820384835,-1.8348540915030223e-05,1.645862976931945,-0.7853020639148391,-5.1156085554577775e-05,0.09772399311636334,-1.6948235862167963e-05,0.12088671530607568,8.692439214082468e-05,-0.0206444618580428,-7.167957113686315e-05,0.00011560843557099378,-24.737978406460908,0.04854333188812028,17.73155840433259,0.7394402471319591,1.9413953319012827,0.0006723433578755897,0.00011560843557099378,-24.737978406460908,0.04854333188812028,17.73155840433259,0.7394402471319591,1.9413953319012827,0.0006723433578755897
3.0909999999997706,2,1,1,2,0.0007217952840772581,5.306036292894584,5.358084020399572,5.0,0.5769340953616003,-8.299552428044959e-06,0.435909026512247,0.029772831977107707,-1.538533993294995e-05,-0.00028094121576520116,0.5801500099023708,-9.278129557961225e-06,0.0032159146896570167,0.5677817858284065,0.022065000000000026,0.022065000000000026,1.0,-0.055140958454291275,-0.055163103176235594,0.0,0.0,0.0,-0.055140958454291275,-0.0,0.0,0.0,-0.034328703402794356,-0.03431731839257354,0.0,0.0,0.0,0.055,0.3,0.2656712965972059,0.0,0.0,0.0,1.1744683939685707e-06,0,0,0,0,0,inf,inf,0,0,0.0,1.4846329117303543,3.0830041646502543e-06,0.04857904025462655,-9.686790590124193e-06,-1.5871670882696458,-1.7501408045540167e-05,1.6456559357545557,-0.7853027633174374,-4.879474928744146e-05,0.09768144481778245,-1.5142743896773327e-05,0.12094623999071673,8.290561462460159e-05,-0.020751941987663766,-6.851548957613273e-05,0.00016153345062506884,-24.76869973327833,0.049580893746844566,17.733882413329674,0.7394746513993602,1.942234627113239,0.0006803414111032264,0.00016153345062506884,-24.76869973327833,0.049580893746844566,17.733882413329674,0.7394746513993602,1.942234627113239,0.0006803414111032264
3.1009999999997695,2,1,1,2,0.0007186181947157746,5.299704169805477,5.350714709548628,5.0,0.5772316633414429,-8.446354702036863e-06,0.435906304862374,0.02974294879026324,-1.4113153233463807e-05,-0.00026772492065607324,0.5804500099023708,-9.278129557961225e-06,0.0032183466684131217,0.5692211055499838,0.022365000000000027,0.022365000000000027,1.0,-0.05505642658229399,-0.055078303855049256,0.0,0.0,0.0,-0.05505642658229399,-0.0,0.0,0.0,-0.034879643512144114,-0.03486847848581385,0.0,0.0,0.0,0.055,0.3,0.26512035648785615,0.0,0.0,0.0,1.165948024985568e-06,0,0,0,0,0,inf,inf,0,0,0.0,1.48584270710035,2.6079259338282407e-06,0.04955563075389352,-9.828609874548534e-06,-1.5859572928996502,-1.6694370619261538e-05,1.6454478544195419,-0.7853034310513536,-4.645957364752232e-05,0.09764108875674453,-1.3406481863731611e-05,0.12100701257716406,7.890671662265827e-05,-0.020853236721693917,-6.534897119900189e-05,0.00020058965582581844,-24.799231725221276,0.05061134457584555,17.736112845721145,0.7395077735487493,1.9430625279336622,0.0006881145179005886,0.00020058965582581844,-24.799231725221276,0.05061134457584555,17.736112845721145,0.7395077735487493,1.9430625279336622,0.0006881145179005886
3.1109999999997684,2,1,1,2,0.0007155715645968111,5.293569398286625,5.34349663961891,5.0,0.5775289438446528,-8.580705509191848e-06,0.43590371484976137,0.029715120992085373,-1.2890326912334148e-05,-0.0002546063745388134,0.5807500099023708,-9.278129557961225e-06,0.003221066133220991,0.5706618350555779,0.02266500000000003,0.02266500000000003,1.0,-0.05497733115193896,-0.05499893265067955,0.0,0.0,0.0,-0.05497733115193896,-0.0,0.0,0.0,-0.03542976833500433,-0.035418820570754815,0.0,0.0,0.0,0.055,0.3,0.26457023166499594,0.0,0.0,0.0,1.1591480736005439e-06,0,0,0,0,0,inf,inf,0,0,0.0,1.4870531197753178,2.1560093453653153e-06,0.05053183172136712,-9.953464298215708e-06,-1.5847468802246822,-1.5927120721765194e-05,1.645238790729854,-0.7853040671854009,-4.416034511739057e-05,0.09760334058465488,-1.1743009927566003e-05,0.12106960638944637,7.494720895848478e-05,-0.020949074184949682,-6.219670623103524e-05,0.0002332624739606255,-24.829584583682152,0.05163518211212209,17.73824999330119,0.7395395902971467,1.943877163858281,0.0006956527417039343,0.0002332624739606255,-24.829584583682152,0.05163518211212209,17.73824999330119,0.7395395902971467,1.943877163858281,0.0006956527417039343
3.1209999999997673,2,1,1,2,0.0007126534349509986,5.287629310723911,5.336435830248166,5.0,0.5778259572025538,-8.703110739011868e-06,0.4359012553249607,0.02968930671361447,-1.1719018647453018e-05,-0.00024161656077089806,0.5810500099023708,-9.278129557961225e-06,0.0032240527510950666,0.5721064802182194,0.022965000000000027,0.022965000000000027,1.0,-0.05490350334932726,-0.05492482253432027,0.0,0.0,0.0,-0.05490350334932726,-0.0,0.0,0.0,-0.0359791313218574,-0.03596839802456504,0.0,0.0,0.0,0.055,0.3,0.2640208686781429,0.0,0.0,0.0,1.153954778681421e-06,0,0,0,0,0,inf,inf,0,0,0.0,1.488264170729342,1.7268464696274962e-06,0.05150767120861245,-1.0062097442588903e-05,-1.583535829270658,-1.519916724431909e-05,1.6450287955112717,-0.785304671946137,-4.19057062270477e-05,0.09756854943573037,-1.0155059356618396e-05,0.12113451163958354,7.104444844006872e-05,-0.021040127584550813,-5.9073726179003596e-05,0.00026002547723517373,-24.859768223483037,0.052652895652378656,17.740294352836088,0.7395700890167798,1.944676822171257,0.0007029489919218746,0.00026002547723517373,-24.859768223483037,0.052652895652378656,17.740294352836088,0.7395700890167798,1.944676822171257,0.0007029489919218746
3.130999999999766,2,1,1,2,0.0007098616517124115,5.281880800775916,5.329537108973895,5.0,0.5781227232805194,-8.81409493933446e-06,0.43589892484436454,0.029665455689182187,-1.0600861765908523e-05,-0.00022878365046629227,0.5813500099023707,-9.278129557961225e-06,0.003227286655211896,0.5735572537790364,0.02326500000000003,0.02326500000000003,1.0,-0.05483475847609593,-0.05485579045520193,0.0,0.0,0.0,-0.05483475847609593,-0.0,0.0,0.0,-0.03652778414484784,-0.03651726246316394,0.0,0.0,0.0,0.055,0.3,0.2634722158551524,0.0,0.0,0.0,1.1502564999356638e-06,0,0,0,0,0,inf,inf,0,0,0.0,1.4894758854140107,1.3199490192255904e-06,0.05248318041990794,-1.0155275931788093e-05,-1.5823241145859894,-1.4509856954680885e-05,1.6448179131479506,-0.785305245701533,-3.970320398165777e-05,0.09753700371955379,-8.644594434511423e-06,0.12120214234839324,6.721372495981586e-05,-0.021127017694797384,-5.599345223094508e-05,0.00028133855444229325,-24.889792252017894,0.053664963712282444,17.742246608117387,0.7395992668842125,1.945459945264325,0.0007099987277642297,0.00028133855444229325,-24.889792252017894,0.053664963712282444,17.742246608117387,0.7395992668842125,1.945459945264325,0.0007099987277642297
3.140999999999765,2,1,1,2,0.0007071938857430562,5.276320385692806,5.322804216115394,5.0,0.578419261401254,-8.914196289195863e-06,0.4358967216975953,0.029643510557801886,-9.537004347025922e-06,-0.00021613313188465592,0.5816500099023708,-9.278129557961225e-06,0.0032307485216147673,0.5750160960857006,0.023565000000000027,0.023565000000000027,1.0,-0.05477089920376638,-0.054791640602063596,0.0,0.0,0.0,-0.05477089920376638,-0.0,0.0,0.0,-0.03707577655713182,-0.037065463599235765,0.0,0.0,0.0,0.055,0.3,0.2629242234428684,0.0,0.0,0.0,1.1479440123697257e-06,0,0,0,0,0,inf,inf,0,0,0.0,1.4906882930329202,9.34759014634309e-07,0.05345839313532927,-1.0233782107946647e-05,-1.58111170696708,-1.3858394637905225e-05,1.6446061820929287,-0.7853057889451888,-3.75593431541599e-05,0.09750893658711603,-7.212875285371925e-06,0.12127284291378902,6.346835889516455e-05,-0.0212103153730548,-5.296775449669505e-05,0.00029764638424640253,-24.919665952457386,0.054671852037285806,17.744107612781416,0.7396271300135768,1.9462251273072846,0.0007167996793076357,0.00029764638424640253,-24.919665952457386,0.054671852037285806,17.744107612781416,0.7396271300135768,1.9462251273072846,0.0007167996793076357
3.150999999999764,2,1,1,2,0.0007046476520748126,5.270944263297713,5.316239903616887,5.0,0.5787155902804613,-9.003961962062445e-06,0.4358946439336213,0.029623408052140175,-8.52814860340692e-06,-0.00020368793666717197,0.5819500099023708,-9.278129557961225e-06,0.003234419633529506,0.5764846950061481,0.02386500000000003,0.02386500000000003,1.0,-0.05471171848657955,-0.054732167322624335,0.0,0.0,0.0,-0.05471171848657955,-0.0,0.0,0.0,-0.03762315628286523,-0.037613049130950774,0.0,0.0,0.0,0.055,0.3,0.26237684371713504,0.0,0.0,0.0,1.1469107768249664e-06,0,0,0,0,0,inf,inf,0,0,0.0,1.491901425879922,5.706588959896764e-07,0.05443334518672707,-1.0298407335308843e-05,-1.5798985741200782,-1.324386221900833e-05,1.6443936353534137,-0.7853063022811878,-3.547964320146416e-05,0.09748453107674669,-5.860520656613418e-06,0.1213468943259075,5.981980616116753e-05,-0.02129054408342166,-5.000701980725679e-05,0.0003093771889734854,-24.94939827063958,0.05567401193601044,17.745878373904816,0.739653692587458,1.9469711103411356,0.0007233515863194154,0.0003093771889734854,-24.94939827063958,0.05567401193601044,17.745878373904816,0.739653692587458,1.9469711103411356,0.0007233515863194154
3.160999999999763,2,1,1,2,0.0007022203282020236,5.265748364015366,5.309846027969958,5.0,0.5790117279738195,-9.08394388441515e-06,0.4358926893856267,0.029605080081762023,-7.574590049513283e-06,-0.00019146856357997523,0.5822500099023707,-9.278129557961225e-06,0.00323828193437348,0.5779645049994458,0.02416500000000003,0.02416500000000003,1.0,-0.05465700216336297,-0.05467715773167403,0.0,0.0,0.0,-0.05465700216336297,-0.0,0.0,0.0,-0.03816996893458607,-0.03816006465814477,0.0,0.0,0.0,0.055,0.3,0.2618300310654142,0.0,0.0,0.0,1.1470531939259221e-06,0,0,0,0,0,inf,inf,0,0,0.0,1.4931153187375845,2.269810510064137e-07,0.05540807398343889,-1.0349945928118219e-05,-1.5786846812624156,-1.2665236804037655e-05,1.6441803009508813,-0.7853067864096691,-3.3468697701230264e-05,0.0974639249475929,-4.587569858365694e-06,0.1214245200314447,5.627776858703764e-05,-0.021368182408653093,-4.7120226033333655e-05,0.00031694174562244475,-24.97899780529283,0.05667187890995934,17.747560036381824,0.7396789759967283,1.9476967798659899,0.0007296559543624863,0.00031694174562244475,-24.97899780529283,0.05667187890995934,17.747560036381824,0.7396789759967283,1.9476967798659899,0.0007296559543624863
3.170999999999762,2,1,1,2,0.0006999091714498243,5.260728398300538,5.303623637367097,5.0,0.5793076918342351,-9.154694880496115e-06,0.43589085569465497,0.02958845471711213,-6.676256037037783e-06,-0.0001794932001482845,0.5825500099023708,-9.278129557961225e-06,0.0032423180704852575,0.5794567653326974,0.02446500000000003,0.02446500000000003,1.0,-0.054606531275390266,-0.054626394034903825,0.0,0.0,0.0,-0.054606531275390266,-0.0,0.0,0.0,-0.038716257955032404,-0.03870655362299496,0.0,0.0,0.0,0.055,0.3,0.2612837420449679,0.0,0.0,0.0,1.1482708352467088e-06,0,0,0,0,0,inf,inf,0,0,0.0,1.4943300083323952,-9.698326074400853e-08,0.05638261808465751,-1.0389189690120457e-05,-1.577469991667605,-1.2121407597611336e-05,1.6439662023562014,-0.7853072421131689,-3.153023533818791e-05,0.09744721520933625,-3.393543199112591e-06,0.12150589145207377,5.285030760594119e-05,-0.021443666534034404,-4.4315021123964006e-05,0.00032073263331238225,-25.008472801260027,0.05766587155588267,17.74915386808193,0.7397030080009034,1.9484011599919786,0.0007357158282982838,0.00032073263331238225,-25.008472801260027,0.05766587155588267,17.74915386808193,0.7397030080009034,1.9484011599919786,0.0007357158282982838
3.1809999999997607,2,1,1,2,0.0006977113354419686,5.255879899786283,5.29757305326312,5.0,0.5796034984784245,-9.2167651994501e-06,0.4358891403320502,0.029573457080453513,-5.8327433097011836e-06,-0.00016777784235996154,0.5828500099023708,-9.278129557961225e-06,0.0032465114245262177,0.5809625174389118,0.02476500000000003,0.02476500000000003,1.0,-0.05456008412465039,-0.054579655592827764,0.0,0.0,0.0,-0.05456008412465039,-0.0,0.0,0.0,-0.03926206458069218,-0.0392525572724856,0.0,0.0,0.0,0.055,0.3,0.2607379354193081,0.0,0.0,0.0,1.1504666544300871e-06,0,0,0,0,0,inf,inf,0,0,0.0,1.495545532843271,-4.019755979259274e-07,0.057357016815470015,-1.0416923047603253e-05,-1.5762544671567291,-1.1611191673597182e-05,1.6437513589001378,-0.7853076702437723,-2.966718159174707e-05,0.09743446235765285,-2.277500383122828e-06,0.12159113316382603,4.954395951554719e-05,-0.02151739268970215,-4.159780529150928e-05,0.00032112369169913887,-25.037831145418778,0.05865639071272625,17.75066124578296,0.7397258219147549,1.9490834082174766,0.0007415355829011454,0.00032112369169913887,-25.037831145418778,0.05865639071272625,17.75066124578296,0.7397258219147549,1.9490834082174766,0.0007415355829011454
3.1909999999997596,2,1,1,2,0.0006956238856857524,5.251198264451782,5.291693946539109,5.0,0.5798991637619146,-9.270699409590674e-06,0.435887540620712,0.02956001014974519,-5.043354289739383e-06,-0.00015633641247075764,0.5831500099023708,-9.278129557961225e-06,0.003250846140464612,0.582482621417849,0.025065000000000028,0.025065000000000028,1.0,-0.05451743809433492,-0.054536720746778476,0.0,0.0,0.0,-0.05451743809433492,-0.0,0.0,0.0,-0.03980742782461065,-0.03979811464018696,0.0,0.0,0.0,0.055,0.3,0.2601925721753897,0.0,0.0,0.0,1.1535471742277804e-06,0,0,0,0,0,inf,inf,0,0,0.0,1.496761931460041,-6.887626447967191e-07,0.05833130992368027,-1.0433918753191874e-05,-1.575038068539959,-1.113334859156205e-05,1.6435357861597106,-0.7853080717110956,-2.7881720392488185e-05,0.09742569432556819,-1.238096449062633e-06,0.12168032774593028,4.636385082754087e-05,-0.021589719540307178,-3.897381497521628e-05,0.00031846967212533747,-25.067080365007353,0.05964381883251989,17.752083641870858,0.7397474558289628,1.949742809898771,0.0007471207297073365,0.00031846967212533747,-25.067080365007353,0.05964381883251989,17.752083641870858,0.7397474558289628,1.949742809898771,0.0007471207297073365
3.2009999999997585,2,1,1,2,0.0006936438142926262,5.246678786083795,5.285985408475979,5.0,0.5801947027616393,-9.317033648414149e-06,0.4358860537551859,0.029548035481193155,-4.307131870365495e-06,-0.00014518087484097255,0.5834500099023708,-9.278129557961225e-06,0.0032553071409639933,0.5840177716858246,0.02536500000000003,0.02536500000000003,1.0,-0.05447837125149459,-0.054497368426814956,0.0,0.0,0.0,-0.05447837125149459,-0.0,0.0,0.0,-0.040352384476188975,-0.04034326254507908,0.0,0.0,0.0,0.055,0.3,0.2596476155238115,0.0,0.0,0.0,1.1574226516474066e-06,0,0,0,0,0,inf,inf,0,0,0.0,1.4979792439886426,-9.581291319887933e-07,0.059305537274631885,-1.0440934133969551e-05,-1.5738207560113575,-1.0686593865198752e-05,1.6433194963209934,-0.7853084474711142,-2.6175355121409312e-05,0.09742091016134123,-2.7363492899141885e-07,0.1217735203088736,4.3313812451828914e-05,-0.02166097051301557,-3.644720740758761e-05,0.0003131060593501278,-25.096227628094184,0.060628519550624656,17.753422611793585,0.7397679518692555,1.9503787724674164,0.0007524777399598968,0.0003131060593501278,-25.096227628094184,0.060628519550624656,17.753422611793585,0.7397679518692555,1.9503787724674164,0.0007524777399598968
3.2109999999997574,2,1,1,2,0.0006917680538454365,5.242316688292325,5.280446016752836,5.0,0.5804901297653331,-9.356293210551455e-06,0.4358846768206044,0.02953745385596201,-3.622892537087281e-06,-0.00013432134966750113,0.5837500099023708,-9.278129557961225e-06,0.0032598801379747906,0.5855685117845948,0.02566500000000003,0.02566500000000003,1.0,-0.05444266374995194,-0.054461379559808655,0.0,0.0,0.0,-0.05444266374995194,-0.0,0.0,0.0,-0.04089696911589667,-0.0408880356053415,0.0,0.0,0.0,0.055,0.3,0.25910303088410386,0.0,0.0,0.0,1.1620072159247138e-06,0,0,0,0,0,inf,inf,0,0,0.0,1.4991975104998825,-1.210871361159492e-06,0.060279738581357156,-1.043870785477614e-05,-1.5726024895001176,-1.0269611300306842e-05,1.6431024985190017,-0.7853087985158342,-2.4548968423427306e-05,0.0974200834438587,6.178820052695786e-07,0.12187072271242436,4.0396491665401064e-05,-0.02173143605664399,-3.402114478093911e-05,0.0003053490448096219,-25.125279745940404,0.06161083743436758,17.754679782255774,0.7397873554968586,1.9509908194538046,0.0007576138827943688,0.0003053490448096219,-25.125279745940404,0.06161083743436758,17.754679782255774,0.7397873554968586,1.9509908194538046,0.0007576138827943688
3.2209999999997563,2,1,1,2,0.0006899934904383278,5.238107153314806,5.275073896689724,5.0,0.5807854582670038,-9.38899045836617e-06,0.4358834068105087,0.02952818585629391,-2.989257690153879e-06,-0.00012376622443618273,0.5840500099023708,-9.278129557961225e-06,0.0032645516372493484,0.5871352483646585,0.02596500000000003,0.02596500000000003,1.0,-0.0544100990501337,-0.0544285382942437,0.0,0.0,0.0,-0.0544100990501337,-0.0,0.0,0.0,-0.04144121414299286,-0.041432466265202354,0.0,0.0,0.0,0.055,0.3,0.2585587858570077,0.0,0.0,0.0,1.1672189795263513e-06,0,0,0,0,0,inf,inf,0,0,0.0,1.500416771018732,-1.4477913191726318e-06,0.06125395316748864,-1.0427957165648145e-05,-1.5713832289812681,-9.881064229352613e-06,1.6428847991553996,-0.7853091258637992,-2.3002880396873508e-05,0.0974231654467552,1.438706563817899e-06,0.12197191748509313,3.7613461006437045e-05,-0.02180137582627616,-3.169787717072712e-05,0.0002954956338548549,-25.154243177029667,0.06259109789033038,17.75585684013752,0.7398057148535622,1.951578584366914,0.00076253707789451,0.0002954956338548549,-25.154243177029667,0.06259109789033038,17.75585684013752,0.7398057148535622,1.951578584366914,0.00076253707789451
3.230999999999755,2,1,1,2,0.0006883169758961352,5.234045347840297,5.269866777956344,5.0,0.5810807009678003,-9.41562303441255e-06,0.435882240643566,0.029520152376028518,-2.4046830782527917e-06,-0.00011352226289903814,0.5843500099023707,-9.278129557961225e-06,0.0032693089374616477,0.588718264358682,0.02626500000000003,0.02626500000000003,1.0,-0.054380464971111535,-0.054398633057134466,0.0,0.0,0.0,-0.054380464971111535,-0.0,0.0,0.0,-0.04198514981451094,-0.0419765848331,0.0,0.0,0.0,0.055,0.3,0.25801485018548953,0.0,0.0,0.0,1.1729801233462917e-06,0,0,0,0,0,inf,inf,0,0,0.0,1.500362934748778,-1.6696913635320032e-06,0.06222821976048296,-1.0409375601159231e-05,-1.570162934748778,-9.519605677327884e-06,1.6426664021947877,-0.7853094305514166,-2.1536904800094496e-05,0.09743008806259404,2.1913016206335875e-06,0.12207706145703291,3.496532339716149e-05,-0.021871020789086478,-2.9478823526230324e-05,0.00028382387042150933,-25.183124032553096,0.06356960721200307,17.756955522119075,0.7398230801530121,1.9521418044794439,0.0007672557620413666,0.00028382387042150933,-25.183124032553096,0.06356960721200307,17.756955522119075,0.7398230801530121,1.9521418044794439,0.0007672557620413666
3.240999999999754,2,1,1,2,0.0006867353392037414,5.230126446057763,5.264822046967667,5.0,0.5813758697816487,-9.436672357774397e-06,0.4358811751792182,0.02951327507029715,-1.8674862913769011e-06,-0.00010359471137633688,0.5846500099023708,-9.278129557961225e-06,0.003274140124560673,0.590317731366501,0.02656500000000003,0.02656500000000003,1.0,-0.054353554589113943,-0.05437145745722242,0.0,0.0,0.0,-0.054353554589113943,-0.0,0.0,0.0,-0.042528804293908005,-0.042520419529557284,0.0,0.0,0.0,0.055,0.3,0.25747119570609256,0.0,0.0,0.0,1.179216954456299e-06,0,0,0,0,0,inf,inf,0,0,0.0,1.4991415676538418,-1.8773694576183043e-06,0.06320257631281977,-1.0383631098836263e-05,-1.5689415676538419,-9.183887499728756e-06,1.6424473094403826,-0.7853097136250795,-2.0150402990610017e-05,0.09744076649849179,2.878300288930639e-06,0.12218608911873276,3.245181294815391e-05,-0.021940575248186815,-2.7364650150801666e-05,0.00027059316179985814,-25.21192808315523,0.06454665274870384,17.757977604993293,0.7398395031179864,1.9526803145639153,0.0007717787686391829,0.00027059316179985814,-25.21192808315523,0.06454665274870384,17.757977604993293,0.7398395031179864,1.9526803145639153,0.0007717787686391829
3.250999999999753,2,1,1,2,0.000685245397148009,5.2263456501362375,5.259936795185437,5.0,0.5816709758450695,-9.452602384314891e-06,0.4358802072322744,0.029507476748907545,-1.3758722893887671e-06,-9.398740219268484e-05,0.5849500099023708,-9.278129557961225e-06,0.003279034061942961,0.591933721271941,0.02686500000000003,0.02686500000000003,1.0,-0.054329166995410835,-0.054346811047519074,0.0,0.0,0.0,-0.054329166995410835,-0.0,0.0,0.0,-0.04307220370791547,-0.043063996543303465,0.0,0.0,0.0,0.055,0.3,0.2569277962920851,0.0,0.0,0.0,1.1858599383033014e-06,0,0,0,0,0,inf,inf,0,0,0.0,1.4979190893110355,-2.0716149317880852e-06,0.06417705984895317,-1.0351364503740166e-05,-1.5677190893110355,-8.87256853825066e-06,1.6422275207899175,-0.78530997613406,-1.8842335375927015e-05,0.09745510175452164,3.502468779045146e-06,0.12229891571806084,3.0071891026717057e-05,-0.02201021878239049,-2.5355346230251196e-05,0.00025604469126042984,-25.240660766763416,0.06552250318190248,17.758924896643386,0.7398550364649447,1.9531940406180464,0.0007761152195121117,0.00025604469126042984,-25.240660766763416,0.06552250318190248,17.758924896643386,0.7398550364649447,1.9531940406180464,0.0007761152195121117
3.260999999999752,2,1,1,2,0.0006838439642148633,5.222698208313837,5.255207863541199,5.0,0.5819660295306429,-9.46385861269455e-06,0.4358793335864973,0.02950268171772545,-9.279569706754454e-07,-8.47028540664393e-05,0.5852500099023707,-9.278129557961225e-06,0.0032839803769798884,0.5935662171168319,0.027165000000000033,0.027165000000000033,1.0,-0.054307107926213315,-0.05432449995963393,0.0,0.0,0.0,-0.054307107926213315,-0.0,0.0,0.0,-0.043615372210255035,-0.04360734009430696,0.0,0.0,0.0,0.055,0.3,0.2563846277897456,0.0,0.0,0.0,1.192843698695764e-06,0,0,0,0,0,inf,inf,0,0,0.0,1.4966954622748767,-2.2532047445143825e-06,0.06515170633590488,-1.03131884266445e-05,-1.5664954622748768,-8.584321843300743e-06,1.6420070344726176,-0.7853102191241359,-1.7611310213483927e-05,0.09747298289613636,4.066672486967214e-06,0.12241544010830177,2.7823837286464663e-05,-0.02208010810057252,-2.3450296050365633e-05,0.00024040190313346082,-25.26932719733357,0.06649740889197109,17.759799227668307,0.7398697334344582,1.9536829936228153,0.0007802744282433543,0.00024040190313346082,-25.26932719733357,0.06649740889197109,17.759799227668307,0.7398697334344582,1.9536829936228153,0.0007802744282433543
3.2709999999997508,2,1,1,2,0.0006825278617447464,5.2191794307814225,5.2506318831917715,5.0,0.58226104046362,-9.470867313069196e-06,0.43587855100719686,0.029498816072123804,-5.217888044980564e-07,-7.574236929533422e-05,0.5855500099023708,-9.278129557961225e-06,0.003288969444398126,0.5952151232558611,0.02746500000000003,0.02746500000000003,1.0,-0.05428719027552881,-0.05430433742097729,0.0,0.0,0.0,-0.05428719027552881,-0.0,0.0,0.0,-0.04415833205100051,-0.04415047250249784,0.0,0.0,0.0,0.055,0.3,0.2558416679490001,0.0,0.0,0.0,1.2001070071244262e-06,0,0,0,0,0,inf,inf,0,0,0.0,1.495470650189216,-2.422900216401649e-06,0.0661265505755007,-1.0269686423930167e-05,-1.5652706501892162,-8.317841014918573e-06,1.6417858472681015,-0.7853104436319244,-1.645562964751091e-05,0.09749428913168985,4.573845231319116e-06,0.12253554735980318,2.570533545551795e-05,-0.022150378810074103,-2.1648347651094805e-05,0.00022387104938280833,-25.297932174366565,0.06747160240304,17.760602443628954,0.7398836473671174,1.954147263359074,0.0007842658141288749,0.00022387104938280833,-25.297932174366565,0.06747160240304,17.760602443628954,0.7398836473671174,1.954147263359074,0.0007842658141288749
3.2809999999997497,2,1,1,2,0.0006812939263791942,5.215784703522051,5.246205312813155,5.0,0.5825560175412222,-9.474034964512393e-06,0.4358778562528721,0.02949580794636118,-1.5536857103031078e-07,-6.710612759933224e-05,0.5858500099023708,-9.278129557961225e-06,0.0032939923669741736,0.5968802748188373,0.027765000000000033,0.027765000000000033,1.0,-0.0542692345020855,-0.05428614416591091,0.0,0.0,0.0,-0.0542692345020855,-0.0,0.0,0.0,-0.044701103650477116,-0.04469341426107042,0.0,0.0,0.0,0.055,0.3,0.2552988963495235,0.0,0.0,0.0,1.2075927339609575e-06,0,0,0,0,0,inf,inf,0,0,0.0,1.4942446179117548,-2.5814442090402173e-06,0.06710162611636113,-1.022141246829389e-05,-1.5640446179117549,-8.071845715216488e-06,1.6415639547080707,-0.7853106506798777,-1.537333291492962e-05,0.09751889170593378,5.026961530705264e-06,0.12265911114774954,2.3713553766321642e-05,-0.022221147099194594,-1.9947877731981705e-05,0.00020664178696116797,-25.32648019305436,0.06844529889388945,17.76133639789886,0.739896831323642,1.954587012322886,0.0007880988261015747,0.00020664178696116797,-25.32648019305436,0.06844529889388945,17.76133639789886,0.739896831323642,1.954587012322886,0.0007880988261015747
3.2909999999997486,2,1,1,2,0.0006801390178220726,5.2125095002660125,5.241924472632884,5.0,0.5828509689542093,-9.473747876261858e-06,0.43587724608593603,0.029493587722533757,1.7333273493261244e-07,-5.8793276507193435e-05,0.5861500099023708,-9.278129557961225e-06,0.0032990409539611133,0.5985614465071195,0.02806500000000003,0.02806500000000003,1.0,-0.05425306893989723,-0.054269748750376046,0.0,0.0,0.0,-0.05425306893989723,-0.0,0.0,0.0,-0.045243705676692406,-0.045236184113358995,0.0,0.0,0.0,0.055,0.3,0.2547562943233082,0.0,0.0,0.0,1.2152477899639657e-06,0,0,0,0,0,inf,inf,0,0,0.0,1.4930173316158588,-2.7295587201946336e-06,0.06807696518386461,-1.0168890680546581e-05,-1.562817331615859,-7.845086406216953e-06,1.6413413512616473,-0.7853108412719106,-1.4362236690612904e-05,0.09754665562012181,5.429011793991711e-06,0.12278599592839985,2.1845219985287973e-05,-0.022292511334364426,-1.8346852693642698e-05,0.00018888781347596866,-25.354975454933214,0.06941869676109089,17.762002945090277,0.7399093377467385,1.9550024697579156,0.0007917828760457856,0.00018888781347596866,-25.354975454933214,0.06941869676109089,17.762002945090277,0.7399093377467385,1.9550024697579156,0.0007917828760457856
3.3009999999997475,2,1,1,2,0.0006790600259387871,5.209349392709562,5.237785575394664,5.0,0.5831459022103342,-9.470371981617308e-06,0.4358767172825556,0.029492088202543818,4.6635776638263453e-07,-5.080201819831619e-05,0.5864500099023708,-9.278129557961225e-06,0.003304107697629202,0.6002583607517439,0.028365000000000033,0.028365000000000033,1.0,-0.054238530022107975,-0.054254987779674246,0.0,0.0,0.0,-0.054238530022107975,-0.0,0.0,0.0,-0.04578615512538822,-0.04577879913237447,0.0,0.0,0.0,0.055,0.3,0.2542138448746124,0.0,0.0,0.0,1.2230230428336798e-06,0,0,0,0,0,inf,inf,0,0,0.0,1.491788758871714,-2.867942866714755e-06,0.06905259862640689,-1.011261529414804e-05,-1.561588758871714,-7.636348367031936e-06,1.6411180305052029,-0.7853110163896134,-1.341997257510488e-05,0.09757744118908167,5.782980281908602e-06,0.12291605891589331,2.009669106125915e-05,-0.022364553573027152,-1.6842885765738445e-05,0.00017076753545352044,-25.38342187892955,0.07039197822756328,17.762603935037447,0.7399212181640544,1.9553939258359228,0.0007953272803306048,0.00017076753545352044,-25.38342187892955,0.07039197822756328,17.762603935037447,0.7399212181640544,1.9553939258359228,0.0007953272803306048
3.3109999999997464,2,1,1,2,0.0006780538772168934,5.206300059139419,5.2337847544424525,5.0,0.5834408241593246,-9.464252781834054e-06,0.4358762666416413,0.02949124474633262,7.257483765912189e-07,-4.312969273219167e-05,0.5867500099023708,-9.278129557961225e-06,0.0033091857482803687,0.6019706952599787,0.028665000000000034,0.028665000000000034,1.0,-0.05422546242673175,-0.05424170605797865,0.0,0.0,0.0,-0.05422546242673175,-0.0,0.0,0.0,-0.0463284674018944,-0.04632127480218134,0.0,0.0,0.0,0.055,0.3,0.2536715325981063,0.0,0.0,0.0,1.2308732255058541e-06,0,0,0,0,0,inf,inf,0,0,0.0,1.4905588687087572,-2.997271226741097e-06,0.07002855587638128,-1.0053050825592575e-05,-1.5603588687087573,-7.444455043830164e-06,1.6408939852775142,-0.7853111769890164,-1.2544021755743e-05,0.09761110544531319,6.0918256870911445e-06,0.12304915187144659,1.8464017465534883e-05,-0.022437340993622514,-1.5433290208127792e-05,0.00015242475854205736,-25.41182311269622,0.07136530998476767,17.76314120731059,0.7399325229293974,1.9557617260018703,0.0007987412095303167,0.00015242475854205736,-25.41182311269622,0.07136530998476767,17.76314120731059,0.7399325229293974,1.9557617260018703,0.0007987412095303167
3.3209999999997453,2,1,1,2,0.0006771175406218568,5.20335729159153,5.2299180891045856,5.0,0.5837357410190793,-9.455715425855295e-06,0.4358758909930288,0.02949099537943003,9.53532777049895e-07,-3.577285762258113e-05,0.5870500099023708,-9.278129557961225e-06,0.003314268888049171,0.6036980899788384,0.028965000000000032,0.028965000000000032,1.0,-0.05421371915226574,-0.05422975666768286,0.0,0.0,0.0,-0.05421371915226574,-0.0,0.0,0.0,-0.04687065640404784,-0.046863625100377365,0.0,0.0,0.0,0.055,0.3,0.2531293435959529,0.0,0.0,0.0,1.2387568115659887e-06,0,0,0,0,0,inf,inf,0,0,0.0,1.4893276316611945,-3.1181925132201467e-06,0.0710048649244044,-9.990632425332253e-06,-1.5591276316611946,-7.2682707850614435e-06,1.6406692078210692,-0.7853113239978654,-1.1731746895296736e-05,0.097647503399849,6.358464174222249e-06,0.12318512271644642,1.6943002341995274e-05,-0.022510927244394834,-1.41151286246865e-05,0.00013398939250805716,-25.440182544145795,0.07233884386029106,17.76361658624006,0.739943300999915,1.956106265505872,0.0008020336451501133,0.00013398939250805716,-25.440182544145795,0.07233884386029106,17.76361658624006,0.739943300999915,1.956106265505872,0.0008020336451501133
3.330999999999744,2,1,1,2,0.0006762480328670597,5.200517001674242,5.226181627551417,5.0,0.5840306584027847,-9.445064910394817e-06,0.4358755872048831,0.029491280872693947,1.1517142121815808e-06,-2.8727363734424204e-05,0.5873500099023707,-9.278129557961225e-06,0.003319351503783784,0.6054401535032288,0.029265000000000034,0.029265000000000034,1.0,-0.054203161531199036,-0.05421900098631222,0.0,0.0,0.0,-0.054203161531199036,-0.0,0.0,0.0,-0.047412734605520326,-0.04740586258101747,0.0,0.0,0.0,0.055,0.3,0.2525872653944804,0.0,0.0,0.0,1.2466359041470215e-06,0,0,0,0,0,inf,inf,0,0,0.0,1.488095019798301,-3.231328551392814e-06,0.0719815523054068,-9.925766385530098e-06,-1.557895019798301,-7.106703013053629e-06,1.6404436899103234,-0.7853114583133673,-1.0980421321409947e-05,0.09768648916927865,6.585754717200306e-06,0.12332381698059416,1.552925561445089e-05,-0.02258535371298964,-1.288525845538012e-05,0.00011557816664483233,-25.468503313098722,0.07331271750554304,17.76403187642251,0.7399535997478744,1.956427984130828,0.0008052133428570839,0.00011557816664483233,-25.468503313098722,0.07331271750554304,17.76403187642251,0.7399535997478744,1.956427984130828,0.0008052133428570839
3.340999999999743,2,1,1,2,0.0006754424231266978,5.1977752251697025,5.222571407293147,5.0,0.5843255813466876,-9.432586384959117e-06,0.4358753521903631,0.029492044796932713,1.3222610609768636e-06,-2.198842750008421e-05,0.5876500099023708,-9.278129557961225e-06,0.00332442855927139,0.6071964689551866,0.029565000000000032,0.029565000000000032,1.0,-0.05419365918817263,-0.0542093086481089,0.0,0.0,0.0,-0.05419365918817263,-0.0,0.0,0.0,-0.04795471313897076,-0.047947998457396515,0.0,0.0,0.0,0.055,0.3,0.25204528686102995,0.0,0.0,0.0,1.2544760938346339e-06,0,0,0,0,0,inf,inf,0,0,0.0,1.486861006741099,-3.337273533742241e-06,0.07295864309530013,-9.858830782567975e-06,-1.556661006741099,-6.958703881408363e-06,1.6402174229676811,-0.7853115808003722,-1.0287255605824253e-05,0.09772791697798756,6.776486570572421e-06,0.12346507909588669,1.4218243236546668e-05,-0.02266065071902236,-1.1740373751366381e-05,9.729534638971197e-05,-25.49678832297018,0.0742870550933493,17.76438885869147,0.739963464803539,1.9567273611361662,0.0008082888020209071,9.729534638971197e-05,-25.49678832297018,0.0742870550933493,17.76438885869147,0.739963464803539,1.9567273611361662,0.0008082888020209071
3.350999999999742,2,1,1,2,0.0006746978372240966,5.195128125524865,5.219083473477408,5.0,0.5846205143382872,-9.418545549023832e-06,0.43587518291358873,0.029493233554937538,1.4670982718281453e-06,-1.5550699470157246e-05,0.5879500099023708,-9.278129557961225e-06,0.00332949556704448,0.6089665993623452,0.029865000000000034,0.029865000000000034,1.0,-0.054185089949561886,-0.05420055745678582,0.0,0.0,0.0,-0.054185089949561886,-0.0,0.0,0.0,-0.04849660187850699,-0.04849004268417431,0.0,0.0,0.0,0.055,0.3,0.2515033981214937,0.0,0.0,0.0,1.2622463185096354e-06,0,0,0,0,0,inf,inf,0,0,0.0,1.4856255676668946,-3.436593526845886e-06,0.07393616091702125,-9.79017623386569e-06,-1.5554255676668947,-6.823271465702472e-06,1.6399903981679695,-0.7853116922899518,-9.649421634442555e-06,0.09777164204430337,6.933368712259273e-06,0.12360875354682886,1.3005331782081008e-05,-0.022736838631959817,-1.0677043342950507e-05,7.923344982507856e-05,-25.525040252429857,0.07526196802336117,17.764689286523904,0.7399729399279305,1.9570049104210276,0.00081126824035485,7.923344982507856e-05,-25.525040252429857,0.07526196802336117,17.764689286523904,0.7399729399279305,1.9570049104210276,0.00081126824035485
3.360999999999741,2,1,1,2,0.0006740128962224026,5.19351961770297,5.215764617352967,5.0,0.5849154636885061,-9.400827248954127e-06,0.4358750778701678,0.029495707756886393,2.316757298712526e-06,-8.828904872219649e-06,0.5882500099023708,-9.278129557961225e-06,0.003334546216122029,0.6107505737411223,0.030165000000000015,0.030165000000000015,1.0,-0.054155071817697416,-0.05416888951340998,0.0,0.0,0.0,-0.054155071817697416,-0.0,0.0,0.0,-0.04903832018211384,-0.04903190279270256,0.0,0.0,0.0,0.055,0.3,0.2509616798178868,0.0,0.0,0.0,7.809563649565576e-07,0,0,0,0,0,inf,inf,0,0,0.0,1.4843886765197154,-3.5294935700393667e-06,0.07491412870058396,-9.719106916118983e-06,-1.5541886765197155,-6.693379301941031e-06,1.6397626128974467,-0.7853117926484569,-8.95239490968667e-06,0.09781781705504428,7.383962751598937e-06,0.12375579102842219,1.3715538538750874e-05,-0.022811473580272423,-9.40041739655599e-06,3.515867348676325e-05,-25.553249698201842,0.0762103148313359,17.76490681521501,0.7399537991145305,1.9572265493462315,0.0008138277142934154,3.515867348676325e-05,-25.553249698201842,0.0762103148313359,17.76490681521501,0.7399537991145305,1.9572265493462315,0.0008138277142934154
3.3709999999997398,2,1,1,2,0.0006734025445718486,5.191903293157278,5.212685737710257,5.0,0.5852104613061694,-9.372803928496645e-06,0.4358750534714398,0.02950235379425017,3.0787652048306577e-06,3.621447153254467e-07,0.5885500099023707,-9.278129557961225e-06,0.0033395485975433194,0.612553717711928,0.03046499999999998,0.03046499999999998,1.0,-0.05410909285304946,-0.05412297959447089,0.0,0.0,0.0,-0.05410909285304946,-0.0,0.0,0.0,-0.04957962299466942,-0.049573344135626356,0.0,0.0,0.0,0.055,0.3,0.2504203770053313,0.0,0.0,0.0,7.855318396993546e-07,0,0,0,0,0,inf,inf,0,0,0.0,1.4831502718014664,-3.614542707044193e-06,0.07589257789658257,-9.641884472635578e-06,-1.5529502718014665,-6.555075912789682e-06,1.6395341300739126,-0.7853118791630157,-8.140431921305643e-06,0.09786762698923598,7.965427820069634e-06,0.12391093164880491,1.3537885750391162e-05,-0.022877826856511716,-8.05792559754494e-06,-2.348021395148008e-05,-25.58132280683463,0.07714478360407777,17.76486130905228,0.7399319646922081,1.9572034532425153,0.0008183741636889862,-2.348021395148008e-05,-25.58132280683463,0.07714478360407777,17.76486130905228,0.7399319646922081,1.9572034532425153,0.0008183741636889862
3.3809999999997387,2,1,1,2,0.0006728841571023427,5.190138498199126,5.209792478244842,5.0,0.5855055361594058,-9.340303452750028e-06,0.43587512897182046,0.029510610948027288,3.3513376323945494e-06,1.0807769651192311e-05,0.5888500099023707,-9.278129557961225e-06,0.0033444737435427783,0.6143806479509452,0.03076499999999995,0.03076499999999995,1.0,-0.054058427475761686,-0.054072379064449005,0.0,0.0,0.0,-0.054058427475761686,-0.0,0.0,0.0,-0.050120438145319364,-0.05011429853484675,0.0,0.0,0.0,0.055,0.3,0.24987956185468135,0.0,0.0,0.0,7.883879212933689e-07,0,0,0,0,0,inf,inf,0,0,0.0,1.4819102772994774,-3.6916390281761105e-06,0.0768715434024297,-9.559876752940137e-06,-1.5517102772994775,-6.42798781709153e-06,1.6393049889499174,-0.7853119526278192,-7.3657285983744735e-06,0.09792065304724036,8.373029814528228e-06,0.12407271440099364,1.1945239761352136e-05,-0.022944217699636574,-6.7680912274126415e-06,-6.26850237835972e-05,-25.609327064417432,0.07810025314611294,17.764658211458684,0.7399362410917552,1.9570532299047776,0.0008227452313182752,-6.26850237835972e-05,-25.609327064417432,0.07810025314611294,17.764658211458684,0.7399362410917552,1.9570532299047776,0.0008227452313182752
3.3909999999997376,2,1,1,2,0.0006724646092456646,5.188296049994518,5.207045161607094,5.0,0.5858006953553854,-9.30611325543387e-06,0.43587531140604974,0.02951907124066144,3.4601433727254442e-06,2.1614250877268944e-05,0.5891500099023707,-9.278129557961225e-06,0.003349314547102185,0.6162314765544615,0.031064999999999916,0.031064999999999916,1.0,-0.05400517029820192,-0.05401914898909372,0.0,0.0,0.0,-0.05400517029820192,-0.0,0.0,0.0,-0.05066073095986724,-0.05065473104933297,0.0,0.0,0.0,0.055,0.3,0.24933926904013348,0.0,0.0,0.0,7.902312913019643e-07,0,0,0,0,0,inf,inf,0,0,0.0,1.48066863717001,-3.7613396420006606e-06,0.07785105431457896,-9.474461657402332e-06,-1.55046863717001,-6.3185502192228805e-06,1.6390751647312811,-0.7853120134185512,-6.657334110704184e-06,0.09797636589219232,8.664074725775466e-06,0.12423933212978742,1.0127927896401125e-05,-0.023014325351261244,-5.526517620669302e-06,-9.45398573231289e-05,-25.63731128519186,0.07906385849453387,17.764378405830612,0.7399471871312265,1.9568600204487476,0.000826081095453963,-9.45398573231289e-05,-25.63731128519186,0.07906385849453387,17.764378405830612,0.7399471871312265,1.9568600204487476,0.000826081095453963
3.4009999999997365,2,1,1,2,0.0006721453872476071,5.186407022130065,5.204415984907927,5.0,0.5860959379431943,-9.27124437919149e-06,0.4358756017865755,0.029527267824184418,3.501639396951122e-06,3.234929375463038e-05,0.5894500099023706,-9.278129557961225e-06,0.0033540719591834303,0.6181047504491888,0.03136499999999988,0.03136499999999988,1.0,-0.05395082757897718,-0.05396479173134937,0.0,0.0,0.0,-0.05395082757897718,-0.0,0.0,0.0,-0.051200484150200155,-0.05119462397949961,0.0,0.0,0.0,0.055,0.3,0.2487995158498006,0.0,0.0,0.0,7.913567989567616e-07,0,0,0,0,0,inf,inf,0,0,0.0,1.479425310329317,-3.8243729404949746e-06,0.07883113523677125,-9.386664977904072e-06,-1.549225310329317,-6.2267622477367545e-06,1.6388446155765932,-0.7853120622920032,-6.025547273950715e-06,0.09803436727859013,8.861130481277046e-06,0.12440951845273568,8.430232802034268e-06,-0.023088763668269414,-4.381769064896615e-06,-0.00012301091115932253,-25.66529194987323,0.08003139686245125,17.76405106763085,0.7399591038715873,1.9566519274451475,0.000828713400073703,-0.00012301091115932253,-25.66529194987323,0.08003139686245125,17.76405106763085,0.7399591038715873,1.9566519274451475,0.000828713400073703
3.4109999999997354,2,1,1,2,0.0006719249391861906,5.184488961757791,5.20188404346595,5.0,0.5863912602927497,-9.236191761343195e-06,0.43587599791272924,0.02953504533267141,3.5030271059988824e-06,4.275959037957263e-05,0.5897500099023706,-9.278129557961225e-06,0.003358749609882724,0.6199985841419767,0.031664999999999846,0.031664999999999846,1.0,-0.05389656746241473,-0.05391048049397061,0.0,0.0,0.0,-0.05389656746241473,-0.0,0.0,0.0,-0.05173969351270052,-0.05173397272964321,0.0,0.0,0.0,0.055,0.3,0.24826030648730024,0.0,0.0,0.0,7.9190998831659e-07,0,0,0,0,0,inf,inf,0,0,0.0,1.478180266683111,-3.881526727509825e-06,0.07981180720242417,-9.297361006549559e-06,-1.547980266683111,-6.150837141249075e-06,1.6386132995170588,-0.7853121003993397,-5.47365469144756e-06,0.09809432861396195,8.975248621642357e-06,0.1245822895449731,6.94005691927021e-06,-0.023167223313117106,-3.3638091590026904e-06,-0.000149264930586733,-25.693274815138107,0.0810016324655068,17.763688129142345,0.7399704493800807,1.9564387091457298,0.0008309508441251825,-0.000149264930586733,-25.693274815138107,0.0810016324655068,17.763688129142345,0.7399704493800807,1.9564387091457298,0.0008309508441251825
3.4209999999997343,2,1,1,2,0.0006717997114624443,5.182554446272496,5.199433227781395,5.0,0.5866866578906693,-9.20130948908131e-06,0.4358764955549962,0.029542353794756546,3.4714274210865784e-06,5.267562217431816e-05,0.5900500099023706,-9.278129557961225e-06,0.003363352012578535,0.6219110306364435,0.03196499999999981,0.03196499999999981,1.0,-0.05384331652422091,-0.05385714909754355,0.0,0.0,0.0,-0.05384331652422091,-0.0,0.0,0.0,-0.05227836514597641,-0.05227278307185313,0.0,0.0,0.0,0.055,0.3,0.24772163485402432,0.0,0.0,0.0,7.919810275853067e-07,0,0,0,0,0,inf,inf,0,0,0.0,1.4769334849026217,-3.933601980559388e-06,0.08079308822469944,-9.20733515710459e-06,-1.5467334849026217,-6.088609485277877e-06,1.6383811792557406,-0.7853121290846833,-5.001666422603521e-06,0.09815596738630616,9.014222336552693e-06,0.12475684770612959,5.667986012146933e-06,-0.02324916217253459,-2.4843763270434537e-06,-0.00017353973653855774,-25.721261968842644,0.08197430961212211,17.763295540362275,0.7399809281140829,1.9562240626136707,0.0008329691121592231,-0.00017353973653855774,-25.721261968842644,0.08197430961212211,17.763295540362275,0.7399809281140829,1.9562240626136707,0.0008329691121592231
3.430999999999733,2,1,1,2,0.0006717647246003147,5.180613852816254,5.197051120465966,5.0,0.5869821259596395,-9.166914599903762e-06,0.43587708907857636,0.029549180625664865,3.4088849096067008e-06,6.197756999530345e-05,0.5903500099023705,-9.278129557961225e-06,0.003367883944567302,0.6238402033834376,0.03226499999999978,0.03226499999999978,1.0,-0.05379180543224535,-0.05380553545828887,0.0,0.0,0.0,-0.05379180543224535,-0.0,0.0,0.0,-0.052816513308958396,-0.0528110690119453,0.0,0.0,0.0,0.055,0.3,0.24718348669104231,0.0,0.0,0.0,7.916372035259709e-07,0,0,0,0,0,inf,inf,0,0,0.0,1.475684950823327,-3.981388341562979e-06,0.08177499369200537,-9.117298967414745e-06,-1.545484950823327,-6.037956093674008e-06,1.6381482230900875,-0.7853121497453865,-4.607632585601761e-06,0.09821903635289297,8.98531276775481e-06,0.12493253845017209,4.601850827837845e-06,-0.02333402327283181,-1.744515544580011e-06,-0.00019579503308803886,-25.749254146635206,0.08294946606449544,17.762876975328076,0.7399906043212585,1.9560096327875085,0.0008348610212796992,-0.00019579503308803886,-25.749254146635206,0.08294946606449544,17.762876975328076,0.7399906043212585,1.9560096327875085,0.0008348610212796992
3.440999999999732,2,1,1,2,0.0006718139689611815,5.178676243767694,5.194728272423435,5.0,0.587277659686617,-9.133308990512408e-06,0.4358777718544371,0.029555527747272957,3.316799109146448e-06,7.058130558340842e-05,0.5906500099023705,-9.278129557961225e-06,0.003372350218862991,0.6257843163920414,0.03256499999999975,0.03256499999999975,1.0,-0.05374259740278713,-0.05375620937200076,0.0,0.0,0.0,-0.05374259740278713,-0.0,0.0,0.0,-0.05335415862622628,-0.053348850990459024,0.0,0.0,0.0,0.055,0.3,0.24664584137377443,0.0,0.0,0.0,7.909341809281561e-07,0,0,0,0,0,inf,inf,0,0,0.0,1.4744346561563186,-4.025648002290715e-06,0.08275753668420872,-9.027890424995857e-06,-1.5442346561563187,-5.996915981832778e-06,1.6379144046395684,-0.7853121637546822,-4.2882196391071984e-06,0.0982833173153306,8.895992515552111e-06,0.12510882597625916,3.723390797610575e-06,-0.023421299134602596,-1.1395160202357728e-06,-0.00021593494701092628,-25.77725150458346,0.0839271996274771,17.762435076111238,0.7399996319002546,1.9557963259572888,0.0008366788504404847,-0.00021593494701092628,-25.77725150458346,0.0839271996274771,17.762435076111238,0.7399996319002546,1.9557963259572888,0.0008366788504404847
3.450999999999731,2,1,1,2,0.0006719407139205427,5.176749648712377,5.192457649777131,5.0,0.5875732543170858,-9.100778089214956e-06,0.435878536573174,0.029561403542516428,3.1970880691974206e-06,7.843111972956423e-05,0.5909500099023705,-9.278129557961225e-06,0.0033767555899419694,0.6277416970346458,0.032864999999999714,0.032864999999999714,1.0,-0.053696110391961066,-0.05370959453224476,0.0,0.0,0.0,-0.053696110391961066,-0.0,0.0,0.0,-0.05389132653869376,-0.053886154325479316,0.0,0.0,0.0,0.055,0.3,0.24610867346130694,0.0,0.0,0.0,7.899200678016675e-07,0,0,0,0,0,inf,inf,0,0,0.0,1.4731825974017647,-4.067103851070542e-06,0.08374072823817873,-8.939671199781229e-06,-1.5429825974017648,-5.963718433102048e-06,1.6376797022481888,-0.7853121724197635,-4.0390519230305425e-06,0.09834861678083918,8.754010577842128e-06,0.12528527558027405,3.013339795606407e-06,-0.023510546511913213,-6.614934147518067e-07,-0.0002338810058598551,-25.805253888053308,0.08490759200837948,17.761971892317167,0.740008172912322,1.9555847445114296,0.0008384560463699974,-0.0002338810058598551,-25.805253888053308,0.08490759200837948,17.761971892317167,0.740008172912322,1.9555847445114296,0.0008384560463699974
3.46099999999973,2,1,1,2,0.0006721377630205796,5.174841161160973,5.190234178779694,5.0,0.5878689052004019,-9.069584336609789e-06,0.4358793755012337,0.02956681975494135,3.052356455895898e-06,8.549484867187094e-05,0.5912500099023704,-9.278129557961225e-06,0.003381104708400001,0.6297107893905597,0.03316499999999968,0.03316499999999968,1.0,-0.053652636509116856,-0.05366598793652369,0.0,0.0,0.0,-0.053652636509116856,-0.0,0.0,0.0,-0.05442804595944552,-0.0544230078599399,0.0,0.0,0.0,0.055,0.3,0.2455719540405552,0.0,0.0,0.0,7.886370679572141e-07,0,0,0,0,0,inf,inf,0,0,0.0,1.4719287749190715,-4.106430515330035e-06,0.08472457757566394,-8.853124592379536e-06,-1.5417287749190716,-5.9367830927342875e-06,1.6374440983409106,-0.7853121769580673,-3.854970124494535e-06,0.0984147625851218,8.56724858782436e-06,0.12546153925230413,2.452965685184633e-06,-0.02360138541531478,-3.007237655722009e-07,-0.0002495930867836159,-25.833260935672083,0.08589068704840597,17.761489056036396,0.7400163741056389,1.9553753349425234,0.0008402167636736038,-0.0002495930867836159,-25.833260935672083,0.08589068704840597,17.761489056036396,0.7400163741056389,1.9553753349425234,0.0008402167636736038
3.4709999999997287,2,1,1,2,0.0006723976677631962,5.172956985085159,5.188054360783935,5.0,0.5881646078149394,-9.039960859898206e-06,0.4358802806944551,0.029571790093500985,2.885777778393325e-06,9.175998931190192e-05,0.5915500099023704,-9.278129557961225e-06,0.003385402095808772,0.6316901540121703,0.03346499999999965,0.03346499999999965,1.0,-0.053612359717773464,-0.053625577635387375,0.0,0.0,0.0,-0.053612359717773464,-0.0,0.0,0.0,-0.05496434811385745,-0.054959442793490805,0.0,0.0,0.0,0.055,0.3,0.2450356518861433,0.0,0.0,0.0,7.871223260116832e-07,0,0,0,0,0,inf,inf,0,0,0.0,1.470673192129919,-4.14424775976276e-06,0.08570909230096121,-8.768655232818406e-06,-1.540473192129919,-5.914711677452808e-06,1.6372075788202953,-0.7853121784833526,-3.7302513863815466e-06,0.09848160113119661,8.343533787608449e-06,0.12563734319578337,2.024523753736031e-06,-0.023693493480044413,-4.6400993137950546e-08,-0.0002630723496784,-25.86127212873596,0.0868764876434429,17.76098786816232,0.7400243613463087,1.9551684420652609,0.0008419798067188757,-0.0002630723496784,-25.86127212873596,0.0868764876434429,17.76098786816232,0.7400243613463087,1.9551684420652609,0.0008419798067188757
3.4809999999997276,2,1,1,2,0.0006727129062374096,5.171102473501404,5.18591594432299,5.0,0.5884603577832472,-9.012106773342883e-06,0.43588124417588237,0.029576329471728082,2.7009122323535687e-06,9.723034459622164e-05,0.5918500099023704,-9.278129557961225e-06,0.0033896521295619683,0.6336784660928568,0.033764999999999615,0.033764999999999615,1.0,-0.0535753721201453,-0.05358845908332217,0.0,0.0,0.0,-0.0535753721201453,-0.0,0.0,0.0,-0.0555002655488287,-0.055495491684076456,0.0,0.0,0.0,0.055,0.3,0.244499734451172,0.0,0.0,0.0,7.854084992603475e-07,0,0,0,0,0,inf,inf,0,0,0.0,1.4694158548378333,-4.181115939092776e-06,0.086694278573604,-8.686590604351284e-06,-1.5392158548378334,-5.8962772891827625e-06,1.6369701325268051,-0.7853121779977438,-3.658803662411284e-06,0.09854899509018922,8.090464604984107e-06,0.12581247680874522,1.7113792298703337e-06,-0.023786599285829258,1.128683856375031e-07,-0.0002743580207342627,-25.889286821975343,0.08786495897487412,17.76046935341095,0.7400322395653142,1.954964332338381,0.000843760262113112,-0.0002743580207342627,-25.889286821975343,0.08786495897487412,17.76046935341095,0.7400322395653142,1.954964332338381,0.000843760262113112
3.4909999999997265,2,1,1,2,0.0006730760306474506,5.169282171043211,5.183817646497932,5.0,0.5887561508812614,-8.986184307329237e-06,0.4358822580821782,0.02958045351932901,2.50152828428364e-06,0.00010192304712431654,0.5921500099023703,-9.278129557961225e-06,0.003393859033665693,0.6356745127406764,0.03406499999999958,0.03406499999999958,1.0,-0.053541688891901036,-0.053554650145012345,0.0,0.0,0.0,-0.053541688891901036,-0.0,0.0,0.0,-0.056035831297416336,-0.05603118760561453,0.0,0.0,0.0,0.055,0.3,0.24396416870258436,0.0,0.0,0.0,7.835242291374818e-07,0,0,0,0,0,inf,inf,0,0,0.0,1.4681567706508942,-4.21753326947778e-06,0.08768014126017457,-8.607184155659943e-06,-1.5379567706508943,-5.8804131483201e-06,1.6367317507657575,-0.7853121763879373,-3.634337573532541e-06,0.09861682147615985,7.815265677788262e-06,0.12598678292578072,1.4980302187040447e-06,-0.023880475795743584,1.887015870589933e-07,-0.00028352220388517434,-25.91730426733333,0.08885603372124581,17.759934302765195,0.740040094360845,1.9547632067871379,0.0008455702399187975,-0.00028352220388517434,-25.91730426733333,0.08885603372124581,17.759934302765195,0.740040094360845,1.9547632067871379,0.0008455702399187975
3.5009999999997254,2,1,1,2,0.0006734797870755751,5.167499862701876,5.1817589177900185,5.0,0.5890519830434829,-8.962317601252494e-06,0.43588331478207687,0.02958417823701737,2.291447597172026e-06,0.0001058659062868664,0.5924500099023703,-9.278129557961225e-06,0.0033980268735630996,0.6376771896432113,0.03436499999999955,0.03436499999999955,1.0,-0.05351126187858217,-0.05352410476344672,0.0,0.0,0.0,-0.05351126187858217,-0.0,0.0,0.0,-0.056571078185451554,-0.05656656344837474,0.0,0.0,0.0,0.055,0.3,0.24342892181454914,0.0,0.0,0.0,7.814945658876601e-07,0,0,0,0,0,inf,inf,0,0,0.0,1.4668959484956663,-4.253934698864658e-06,0.08866668406862306,-8.530619683696392e-06,-1.5366959484956664,-5.866201289588549e-06,1.6364924268973728,-0.7853121744245878,-3.6505165843738173e-06,0.09868497003234625,7.52467541617174e-06,0.1261601492008692,1.370100967210576e-06,-0.02397493427977429,1.9265385617170618e-07,-0.0002906642198910362,-25.945323634516292,0.08984961771256543,17.759383309499924,0.7400479940383754,1.9545652101932132,0.0008474192864123988,-0.0002906642198910362,-25.945323634516292,0.08984961771256543,17.759383309499924,0.7400479940383754,1.9545652101932132,0.0008474192864123988
3.5109999999997243,2,1,1,2,0.0006738807903299551,5.161767960588848,5.179457406270633,5.0,0.5893477491666707,-8.940419312546452e-06,0.43588436414781795,0.029557692748776586,2.069249034254398e-06,9.669795132486411e-05,0.5927500099023703,-9.278129557961225e-06,0.0034022607524602537,0.639666112367379,0.034664999999999516,0.034664999999999516,1.0,-0.053368737455913404,-0.05338948509194025,-0.0005667467853012915,-0.0005667789104616143,-0.0005667467853012992,-0.05393548424121471,-0.01917336620998772,0.0,0.0,-0.057105713871825385,-0.05710134604719412,-2.183449560237834e-06,-2.1835141057712855e-06,-2.1834495602378802e-06,0.05499781655043976,0.29999781655043983,0.24289210267861508,0.0,2.183449560237834e-06,0.0005667467853012915,5.941680150982714e-07,0,0,0,0,0,inf,inf,0,0,0.0,1.4656334873568324,-4.2912531990927925e-06,0.0896538644411481,-8.45807928271939e-06,-1.5354334873568325,-5.848575693863422e-06,1.6362518615538957,-0.7853121702471317,-3.8666589369443645e-06,0.09873943719143705,6.897742989166503e-06,0.12630589477421392,2.3928253008507456e-06,-0.024156125582064057,8.066166407662166e-07,-0.0002877087938402139,-25.97395575521607,0.09085315109271105,17.75999042037011,0.7400451666762115,1.9556613498319373,0.0008392860024958854,-0.0002877087938402139,-25.97395575521607,0.09085315109271105,17.75999042037011,0.7400451666762115,1.9556613498319373,0.0008392860024958854
3.5209999999997232,2,1,1,2,0.000674110346680328,5.16233820585095,5.177202185361311,5.0,0.589642845065336,-8.923159555869518e-06,0.43588520183773705,0.029456633053314755,1.3932034108372552e-06,6.846423701072745e-05,0.5930500099023702,-9.278129557961225e-06,0.0034071648555251723,0.6415325402801242,0.03496499999999948,0.03496499999999948,1.0,-0.05262705332373383,-0.05266183301078334,-0.0022530486993764553,-0.0022534810367380222,-0.0022530486993764622,-0.054880102023110264,-0.07648339742957205,0.0,0.0,-0.05763573863334423,-0.0576316487162253,-1.621552234600166e-05,-1.6217538267207076e-05,-1.6215522346001654e-05,0.054983784477654,0.29998378447765406,0.24234804584431044,0.0,1.621552234600166e-05,0.0022530486993764553,1.1676113909603646e-06,0,0,0,0,0,inf,inf,0,0,0.0,1.4643699266020533,-4.3324470255054856e-06,0.09064132521256371,-8.395837968970111e-06,-1.5341699266020534,-5.8171910398420754e-06,1.6360083389416138,-0.785312155245339,-4.353035450322814e-06,0.098740966440046,5.589924904898074e-06,0.1263865519208924,3.7943092692700785e-06,-0.02454692525860805,2.1749341569237372e-06,-0.00024512068224131133,-26.00426564318766,0.09189619576332576,17.76418276471563,0.740045763005476,1.9607497683629336,0.0008121259484636957,-0.00024512068224131133,-26.00426564318766,0.09189619576332576,17.76418276471563,0.740045763005476,1.9607497683629336,0.0008121259484636957
3.530999999999722,2,1,1,2,0.0006740587823647328,5.162090051301973,5.175347829197406,5.0,0.5899364086574318,-8.914789189646541e-06,0.4358856732091371,0.029255959848756792,3.148601618846262e-07,2.4158249531207334e-05,0.5933500099023702,-9.278129557961225e-06,0.0034136012642751873,0.6431387393853945,0.03526499999999945,0.03526499999999945,1.0,-0.051418909091867006,-0.05147362949832991,-0.005011846376369709,-0.005013778917114598,-0.005011846376369724,-0.05643075546823673,-0.1713021929638167,0.0,0.0,-0.058155718104583094,-0.058152082443559204,-5.306442891007802e-05,-5.307776863677521e-05,-5.306442891007804e-05,0.05494693557108993,0.29994693557109003,0.24179121746650753,0.0,5.306442891007802e-05,0.005011846376369709,3.132587761818865e-06,0,0,0,0,0,inf,inf,0,0,0.0,1.4631060412945949,-4.379872471277279e-06,0.0916283348574385,-8.35052644243842e-06,-1.532906041294595,-5.7683251296403276e-06,1.6357594985337973,-0.7853121227722066,-5.118333005131534e-06,0.0986516032641721,3.5231227892660253e-06,0.1263722408549735,5.966589130387324e-06,-0.02520396466602094,4.189732322763218e-06,-0.00016256706113022503,-26.03641678907557,0.09297819441924363,17.77304513074471,0.7400482670174241,1.9711163985861808,0.0007663256893468394,-0.00016256706113022503,-26.03641678907557,0.09297819441924363,17.77304513074471,0.7400482670174241,1.9711163985861808,0.0007663256893468394
3.540999999999721,2,1,1,2,0.0006735994532450487,5.159628838153582,5.173634487383267,5.0,0.5902273054627287,-8.919755815802616e-06,0.43588559554806156,0.028933088129473483,-1.2340890836944549e-06,-3.967522979533284e-05,0.5936500099023702,-9.278129557961225e-06,0.0034227044584031665,0.6443134209736469,0.035564999999999417,0.035564999999999417,1.0,-0.04981844669641891,-0.04989554486648783,-0.008755306258263896,-0.008760656653140231,-0.008755306258263883,-0.05857375295468275,-0.30259089824673996,0.0,0.0,-0.05866139839086378,-0.058658432077530596,-0.00012300673792013515,-0.00012305630059077904,-0.00012300673792013507,0.05487699326207987,0.29987699326208,0.24121559487121677,0.0,0.00012300673792013515,0.008755306258263896,5.575160995321496e-06,0,0,0,0,0,inf,inf,0,0,0.0,1.4618430468027135,-4.437421258785068e-06,0.09261377090917941,-8.331619809335812e-06,-1.5316430468027136,-5.689215689206058e-06,1.6355024434919567,-0.7853120692766504,-6.361147496639556e-06,0.09843331465184664,3.7499571110856365e-07,0.1262150146382034,9.813655018724626e-06,-0.026160819261565913,6.242756486286722e-06,-3.224819792247789e-05,-26.07063269351575,0.09410505579287025,17.787890619731275,0.7400457521353078,1.9882397145570803,0.0007011377532716996,-3.224819792247789e-05,-26.07063269351575,0.09410505579287025,17.787890619731275,0.7400457521353078,1.9882397145570803,0.0007011377532716996
3.55099999999972,2,1,1,2,0.0006725911433228806,5.154162447453938,5.17169017611886,5.0,0.5905142555416495,-8.942925602681815e-06,0.43588476822037103,0.02847908452627811,-3.277917212831287e-06,-0.00012368071953806225,0.5939500099023701,-9.278129557961225e-06,0.003435754377072456,0.6448754699898648,0.035864999999999383,0.035864999999999383,1.0,-0.047897996378836995,-0.047997639575226764,-0.013354802600041932,-0.013366200362305795,-0.013354802600041935,-0.0612527989788789,-0.4689110867493345,0.0,0.0,-0.059149254655436134,-0.05914718389931011,-0.00023521368913935665,-0.00023534760051806156,-0.00023521368913935662,0.054764786310860646,0.2997647863108608,0.2406155316554252,0.0,0.00023521368913935665,0.013354802600041932,8.270083298869405e-06,0,0,0,0,0,inf,inf,0,0,0.0,1.4605826177458485,-4.51082613421495e-06,0.09359616161960717,-8.35108610559455e-06,-1.5303826177458486,-5.5589851214434025e-06,1.6352342154356787,-0.7853119988085396,-8.248582099482658e-06,0.09805384869475452,-4.045339112631369e-06,0.1258710925671547,1.6047067631854694e-05,-0.02740526450403082,7.535617744741934e-06,0.00014803159743131928,-26.106742035804242,0.09527669041653318,17.809396127271707,0.7400320860401798,2.0128903177118427,0.0006201366895265422,0.00014803159743131928,-26.106742035804242,0.09527669041653318,17.809396127271707,0.7400320860401798,2.0128903177118427,0.0006201366895265422
3.560999999999719,2,1,1,2,0.0006708933727911084,5.145275573851773,5.1691111826357945,5.0,0.5907959404218858,-8.989247921169344e-06,0.4358829941582285,0.027893695664513968,-5.813105628628481e-06,-0.0002268059542737764,0.5942500099023701,-9.278129557961225e-06,0.0034540694925646533,0.6446527745896595,0.03616499999999935,0.03616499999999935,1.0,-0.04572937897790733,-0.04585021813236648,-0.01864618830890494,-0.018666776726143024,-0.01864618830890494,-0.06437556728681228,-0.6684405196816291,0.0,0.0,-0.05961648254357013,-0.05961552639182438,-0.00039736907367323896,-0.0003976647677626024,-0.0003973690736732389,0.05460263092632676,0.29960263092632694,0.23998614838275736,0.0,0.00039736907367323896,0.01864618830890494,1.1092495417303186e-05,0,0,0,0,0,inf,inf,0,0,0.0,1.459326831681801,-4.607204798605681e-06,0.09457374770076042,-8.42212247990091e-06,-1.5291268316818012,-5.351179775322301e-06,1.6349521285304618,-0.7853119227653615,-1.0893884237450808e-05,0.09748737449914464,-9.80688483320323e-06,0.1253032894956416,2.509327143118131e-05,-0.028900060050301248,7.407639964279584e-06,0.0003784153542501252,-26.144348640448953,0.09649075803911707,17.837832173842195,0.7400031813740223,2.045392197323651,0.0005276195715190768,0.0003784153542501252,-26.144348640448953,0.09649075803911707,17.837832173842195,0.7400031813740223,2.045392197323651,0.0005276195715190768
3.5709999999997177,2,1,1,2,0.0006683759520789414,5.132800875404028,5.165508071497536,5.0,0.5910710727195191,-9.063507851566718e-06,0.4358800929490475,0.027182452590916673,-8.81297828349097e-06,-0.0003469568586185981,0.5945500099023701,-9.278129557961225e-06,0.003478937189471166,0.6434929364985001,0.03646499999999932,0.03646499999999932,1.0,-0.04338324687148695,-0.0435229163604328,-0.02443805102671367,-0.024471242450746257,-0.02443805102671364,-0.06782129789820056,-0.8989931108222003,0.0,0.0,-0.060060990471922586,-0.060061348548791235,-0.0006153575864530936,-0.0006159256238680553,-0.0006153575864530934,0.05438464241354692,0.2993846424135471,0.23932365194162505,0.0,0.0006153575864530936,0.02443805102671367,1.3957049471218463e-05,0,0,0,0,0,inf,inf,0,0,0.0,1.458078095688759,-4.734478710290785e-06,0.09554454813940351,-8.55800911070773e-06,-1.527878095688759,-5.036678003835291e-06,1.6346539488279201,-0.7853118580171835,-1.4350412673312714e-05,0.09671472826941477,-1.6870730245984527e-05,0.12448223703351508,3.709222949727384e-05,-0.030594846479432024,5.4066377086426244e-06,0.0006578419442909515,-26.182931363446073,0.09774364178079499,17.87319436823956,0.7399571951886779,2.0857709476062745,0.00042767762235253204,0.0006578419442909515,-26.182931363446073,0.09774364178079499,17.87319436823956,0.7399571951886779,2.0857709476062745,0.00042767762235253204
3.5809999999997166,2,1,1,2,0.0006649250687907051,5.116744285665202,5.160531973178485,5.0,0.5913384437229611,-9.17010362900277e-06,0.43587590891730005,0.02635493175136873,-1.2229182042294864e-05,-0.000481394281140184,0.59485000990237,-9.278129557961225e-06,0.0035115661810705486,0.6412692732120966,0.036764999999999284,0.036764999999999284,1.0,-0.04092762287901413,-0.041083097367204745,-0.030521681353523043,-0.030570890489352187,-0.03052168135352305,-0.07144930423253716,-1.158042877736281,0.0,0.0,-0.0604813802807645,-0.06048322467185612,-0.0008930459738401464,-0.0008940312760109848,-0.0008930459738401463,0.054106954026159865,0.29910695402616,0.23862557374539614,0.0,0.0008930459738401464,0.030521681353523043,1.6799566705460058e-05,0,0,0,0,0,inf,inf,0,0,0.0,1.4568390649196836,-4.900782137657183e-06,0.09650642703197379,-8.77112559014224e-06,-1.5266390649196837,-4.586363673599356e-06,1.634337984420685,-0.7853118248288535,-1.8613929477088655e-05,0.09572341382749255,-2.5107784777931447e-05,0.12338689927417773,5.1935564869271065e-05,-0.032433057288276716,1.2819607328174222e-06,0.0009841427768650052,-26.22190452124284,0.09903063375258993,17.91528025853899,0.7398942546176939,2.133839235411411,0.0003240188037558845,0.0009841427768650052,-26.22190452124284,0.09903063375258993,17.91528025853899,0.7398942546176939,2.133839235411411,0.0003240188037558845
3.5909999999997155,2,1,1,2,0.0006604471963440875,5.097240374442155,5.1538894108031945,5.0,0.591596957423011,-9.312837166835749e-06,0.4358703161088206,0.025423656769272388,-1.599310517161113e-05,-0.0006269850423113284,0.59515000990237,-9.278129557961225e-06,0.003553052479528517,0.637884022958887,0.03706499999999925,0.03706499999999925,1.0,-0.03842620723308838,-0.03859407618452107,-0.036681905192213676,-0.036750277636787426,-0.03668190519221367,-0.07510811242530208,-1.4427516169679122,0.0,0.0,-0.06087691166219695,-0.06088038187892074,-0.0012321692238247695,-0.0012337496010669587,-0.0012321692238247692,0.05376783077617525,0.29876783077617536,0.23789091911397905,0.0,0.0012321692238247695,0.036681905192213676,1.9568268385591854e-05,0,0,0,0,0,inf,inf,0,0,0.0,1.455612558502035,-5.1139185581657915e-06,0.09745715948191759,-9.07215331097191e-06,-1.525412558502035,-3.97333578489546e-06,1.6340031231803267,-0.7853118449900931,-2.3628868866521813e-05,0.09450744096853787,-3.431774172301324e-05,0.12200466448750466,6.931692967603322e-05,-0.0343560347655859,-5.043175733482628e-06,0.0013539888826232958,-26.26065602749588,0.10034595156340602,17.963736136013686,0.7398160247697275,2.1892477663517216,0.00021997418642502803,0.0013539888826232958,-26.26065602749588,0.10034595156340602,17.963736136013686,0.7398160247697275,2.1892477663517216,0.00021997418642502803
3.6009999999997144,2,1,1,2,0.0006548715548480291,5.0745241780622825,5.145350300461379,5.0,0.5918456556748343,-9.49472323599721e-06,0.4358632212579976,0.024403353062389978,-2.0018165391720393e-05,-0.0007803702353621589,0.59545000990237,-9.278129557961225e-06,0.003604354234043487,0.6332698231667729,0.03736499999999922,0.03736499999999922,1.0,-0.035936768211011105,-0.03611345937469998,-0.04270810004154032,-0.042798251022165584,-0.0427081000415403,-0.07864486825255144,-1.7499999999909392,0.0,0.0,-0.06124744992277385,-0.06125265031372177,-0.0016323266151570424,-0.0016347086243362111,-0.001632326615157042,0.05336767338484298,0.298367673384843,0.23712022346206987,0.0,0.0016323266151570424,0.04270810004154032,2.2219210179463455e-05,0,0,0,0,0,inf,inf,0,0,0.0,1.454401476080225,-5.380890349889468e-06,0.0983944952219418,-9.469465406563084e-06,-1.5242014760802252,-3.1746106925447954e-06,1.6336488387270085,-0.7853119402461478,-2.929629325943397e-05,0.0930670494635424,-4.424746677844385e-05,0.12033117067658358,8.878185986323669e-05,-0.03630557273912123,-1.3502368050187894e-05,0.0017628626818329456,-26.298572819279514,0.10168276823593184,18.01808752706425,0.7397252710829523,2.2515175554702016,0.00011853151991870852,0.0017628626818329456,-26.298572819279514,0.10168276823593184,18.01808752706425,0.7397252710829523,2.2515175554702016,0.00011853151991870852
3.6109999999997133,2,1,1,2,0.0006481515436576315,5.048911891215636,5.134751726022033,5.0,0.592083737064128,-9.717826829939809e-06,0.4358545653553131,0.023310395616941974,-2.4203044311046587e-05,-0.0009380858576212342,0.5957500099023699,-9.278129557961225e-06,0.0036662728646084633,0.6273900644227536,0.037664999999999185,0.037664999999999185,1.0,-0.03350980163371642,-0.03369176819347496,-0.04840478929247255,-0.04851856659304993,-0.04840478929247255,-0.08191459092618891,-2.076421749225105,0.0,0.0,-0.0615933990158322,-0.06160039820563909,-0.002091086086178236,-0.0020944983976293337,-0.0020910860861782354,0.05290891391382179,0.29790891391382174,0.23631551489799035,0.0,0.002091086086178236,0.04840478929247255,2.471387913069518e-05,0,0,0,0,0,inf,inf,0,0,0.0,1.4532087171296568,-5.707511529687363e-06,0.09931621898587303,-9.968692850797312e-06,-1.523008717129657,-2.1723539974558096e-06,1.6332751762916136,-0.785312131025764,-3.548236124488669e-05,0.09140834722068392,-5.4607897142354466e-05,0.11836995433429245,0.00010977210930779336,-0.03822556649650853,-2.3914647521294916e-05,0.0022050942237780997,-26.33505889200128,0.10303329883654495,18.077761005485584,0.7396254783198214,2.320062298527237,2.2359877437887302e-05,0.0022050942237780997,-26.33505889200128,0.10303329883654495,18.077761005485584,0.7396254783198214,2.320062298527237,2.2359877437887302e-05
3.6209999999997122,2,1,1,2,0.000640265392424815,5.02078620170022,5.1219989518348505,5.0,0.5923105708836564,-9.983137044856323e-06,0.43584432417526053,0.022162362337958968,-2.843563879665655e-05,-0.0010966552301336593,0.5960500099023699,-9.278129557961225e-06,0.0037394390851721135,0.6202384617378415,0.03796499999999915,0.03796499999999915,1.0,-0.031187566156970218,-0.0313714432226541,-0.053601262446994265,-0.05373954641084357,-0.05360126244699428,-0.08478882860396446,-2.4184405196776564,0.0,0.0,-0.061915623172006,-0.061924455200770265,-0.002604189621078562,-0.0026088742086776287,-0.0026041896210785617,0.05239581037892147,0.2973958103789214,0.23548018720691624,0.0,0.002604189621078562,0.053601262446994265,2.7017948774702556e-05,0,0,0,0,0,inf,inf,0,0,0.0,1.4520371045038873,-6.0981050760436555e-06,0.10022020687786716,-1.0572449625623374e-05,-1.5218371045038874,-9.547061787953981e-07,1.6328827251458478,-0.7853124354384312,-4.202671782319266e-05,0.08954288081053789,-6.508911460105433e-05,0.11613197403071396,0.0001316632172524297,-0.040063146014285296,-3.600998819503904e-05,0.0026739609054037116,-26.36954887365857,0.10438894402341899,18.14210152410882,0.7395205432554851,2.3942056964652325,-6.617802645859588e-05,0.0026739609054037116,-26.36954887365857,0.10438894402341899,18.14210152410882,0.7395205432554851,2.3942056964652325,-6.617802645859588e-05
3.630999999999711,2,1,1,2,0.000631206463177352,4.990583974188837,5.107064506087804,5.0,0.5925257069922065,-1.0290482982013002e-05,0.4358325079824239,0.020977645851734034,-3.2597423478363494e-05,-0.001252663904514101,0.5963500099023699,-9.278129557961225e-06,0.003824303044156309,0.6118380416206294,0.03826499999999912,0.03826499999999912,1.0,-0.029003548420087455,-0.029186280035423104,-0.058159732603916645,-0.05832228438566083,-0.05815973260391663,-0.08716328102400414,-2.7723090821274896,0.0,0.0,-0.0622153612198057,-0.06222602808536018,-0.0031658471654829046,-0.0031720487537897648,-0.003165847165482904,0.05183415283451713,0.29683415283451703,0.23461879161471222,0.0,0.0031658471654829046,0.058159732603916645,2.910066099985625e-05,0,0,0,0,0,inf,inf,0,0,0.0,1.4508893132829628,-6.555282290800693e-06,0.10110447813622613,-1.128019833699206e-05,-1.5206893132829629,4.837316592446937e-07,1.6324725815306564,-0.7853128685099294,-4.8750516166091686e-05,0.08748715117910173,-7.537355666001504e-05,0.11363504003755526,0.00015379568605323275,-0.04176949866410496,-4.945181465046605e-05,0.0031618387142076675,-26.401518735008228,0.10574047871234123,18.210387535226765,0.7394145377726057,2.4731963690721743,-0.00014502206698413912,0.0031618387142076675,-26.401518735008228,0.10574047871234123,18.210387535226765,0.7394145377726057,2.4731963690721743,-0.00014502206698413912
3.64099999999971,2,1,1,2,0.0006209629625682769,4.958785079948463,5.0899858226570425,5.0,0.5927288819924426,-1.0638494152984405e-05,0.43581916055598624,0.01977509934818162,-3.656793329506584e-05,-0.001402822823302888,0.5966500099023698,-9.278129557961225e-06,0.00392112814590424,0.6022396655449138,0.038564999999999086,0.038564999999999086,1.0,-0.02698237372586532,-0.027161309703068147,-0.061981625224365004,-0.06216699206719381,-0.06198162522436502,-0.0889639989502303,-3.1341503785526466,0.0,0.0,-0.0624941380082887,-0.06250661331347784,-0.003769102134427435,-0.0037770564358975047,-0.0037691021344274348,0.051230897865572604,0.2962308978655725,0.2337367598572847,0.0,0.003769102134427435,0.061981625224365004,3.093454831721994e-05,0,0,0,0,0,inf,inf,0,0,0.0,1.4497678057439156,-7.079799644287086e-06,0.10196724180092306,-1.2088238101742948e-05,-1.5195678057439157,2.141692946770372e-06,1.6320463045182443,-0.7853134416282144,-5.5463927364339814e-05,0.08526208468466141,-8.514745632815673e-05,0.11090317043381981,0.0001755006979551253,-0.04330049279982777,-6.385688883873977e-05,0.0036603912814727633,-26.430494489362,0.10707827192569279,18.281845082790856,0.7393115314487348,2.556221745377408,-0.00021241532876383457,0.0036603912814727633,-26.430494489362,0.10707827192569279,18.281845082790856,0.7393115314487348,2.556221745377408,-0.00021241532876383457
3.650999999999709,2,1,1,2,0.0006096271168108116,4.925901783236798,5.070861744301567,5.0,0.5929200219964886,-1.1024605197866705e-05,0.4358043576320172,0.01857370487451877,-4.0229119784869615e-05,-0.0015440226934086226,0.5969500099023698,-9.278129557961225e-06,0.0040299882843161695,0.5915201691233876,0.03886499999999905,0.03886499999999905,1.0,-0.025140149099930977,-0.025313110645518416,-0.065011694578303,-0.06521717791571821,-0.06501169457830301,-0.09015184367823395,-3.4999999999893356,0.0,0.0,-0.06275367733535245,-0.06276791073274463,-0.0044062480638974956,-0.004416169410968055,-0.004406248063897496,0.05059375193610254,0.2955937519361025,0.2328400746007509,0.0,0.0044062480638974956,0.065011694578303,3.249534201806762e-05,0,0,0,0,0,inf,inf,0,0,0.0,1.448674773102756,-7.670487536774245e-06,0.10280693788779403,-1.2989797668892094e-05,-1.5184747731027561,4.011272593935401e-06,1.631605866444907,-0.7853141621754801,-6.197306354418421e-05,0.08289246839414095,-9.411063432653014e-05,0.10796588877407012,0.00019612135743600986,-0.044617160771954496,-7.881293811912026e-05,0.004160783832597006,-26.45605932265106,0.10839252464583798,18.35566143262119,0.7392154611401214,2.6424216086410746,-0.0002669059596978493,0.004160783832597006,-26.45605932265106,0.10839252464583798,18.35566143262119,0.7392154611401214,2.6424216086410746,-0.0002669059596978493
3.660999999999708,2,1,1,4,0.0005986566971711007,4.969431428919462,5.0604371947310325,5.0,0.5930986740085226,-1.1488031701854579e-05,0.435789622359245,0.01727369960377397,-4.7401762442974325e-05,-0.001388650621991121,0.5972500099023698,-9.278129557961225e-06,0.004151336482051484,0.5799214831031235,0.03916499999999902,0.03916499999999902,1.0,-0.03009171169248763,-0.03034042038134394,-0.06678141698629392,-0.06702721269352285,-0.06678141698629392,-0.09687312867878153,-3.865849621426141,0.0,0.0,-0.06306083698905311,-0.06308196557945703,-0.005067128082719871,-0.005079418193614047,-0.0050671280827198715,0.04993287191728018,0.2949328719172801,0.2318720349282279,0.0,0.005067128082719871,0.06678141698629392,4.2369480966616415e-05,0,0,0,0,0,inf,inf,0,0,0.0,1.44761365523237,-8.180541337876633e-06,0.10361868458599,-1.3878155920495956e-05,-1.51741365523237,5.372217613370665e-06,1.6311540481607285,-0.7853144885966067,-5.203168214845894e-05,0.07967252110362422,-9.266900270842024e-05,0.10452540964378369,0.00014285832856436082,-0.04559491658794088,-4.475844896960912e-05,0.0050436693573045885,-26.470347028408955,0.1101339942621277,18.42773445093644,0.740003629032944,2.728618808997511,-0.0005899441594971557,0.0050436693573045885,-26.470347028408955,0.1101339942621277,18.42773445093644,0.740003629032944,2.728618808997511,-0.0005899441594971557
3.6709999999997067,2,1,1,4,0.0005896132673353918,4.908265865811677,5.044718338464836,5.0,0.5932645136872652,-1.1966100161401592e-05,0.4357766282195753,0.016032485077446427,-4.806993423278319e-05,-0.0012345824474915424,0.5975500099023697,-9.278129557961225e-06,0.004285497058085719,0.5677434255915835,0.03946499999999899,0.03946499999999899,1.0,-0.026475719862869757,-0.02669580200239169,-0.06778439055540822,-0.06803407157174114,-0.0677843905554082,-0.09426011041827798,-4.227690917851647,0.0,0.0,-0.06334132843693333,-0.063364783330195,-0.0057409765188035245,-0.00575574870318402,-0.005740976518803525,0.049259023481196526,0.2942590234811965,0.23091769504426404,0.0,0.0057409765188035245,0.06778439055540822,4.285669207072463e-05,0,0,0,0,0,inf,inf,0,0,0.0,1.446588347947128,-8.7344910548064e-06,0.10439713837000177,-1.486338341887003e-05,-1.516388347947128,6.991240205928388e-06,1.6306946351796818,-0.7853151187480806,-5.81730514196343e-05,0.07635770204994334,-0.00010305759380300475,0.10088155569758452,0.000177242251532585,-0.04616334637370828,-7.641078644378151e-05,0.00535221276398869,-26.477824751336957,0.11118787241029984,18.498791144845605,0.7397668261947596,2.814726301659617,-0.0004836024572708207,0.00535221276398869,-26.477824751336957,0.11118787241029984,18.498791144845605,0.7397668261947596,2.814726301659617,-0.0004836024572708207
3.6809999999997056,2,1,1,4,0.0005820271986633754,4.853544901624333,5.023305141725023,5.0,0.5934184443118828,-1.2448386769394115e-05,0.43576495277366356,0.014882906808014577,-4.829486829810761e-05,-0.001119231544419792,0.5978500099023697,-9.278129557961225e-06,0.004431566724457376,0.5551267836531171,0.039764999999998954,0.039764999999998954,1.0,-0.023471444888368973,-0.023666550750308695,-0.06819097694009228,-0.06844071917214728,-0.06819097694009228,-0.09166242182846128,-4.581559480302058,0.0,0.0,-0.06358908969232004,-0.06361460531548412,-0.006421519188471067,-0.006438792064347443,-0.006421519188471068,0.04857848081152898,0.2935784808115289,0.2299893911192098,0.0,0.006421519188471067,0.06819097694009228,4.31931578869008e-05,0,0,0,0,0,inf,inf,0,0,0.0,1.4455999894063694,-9.349637663912954e-06,0.1051427556288279,-1.594152512326877e-05,-1.5153999894063694,8.938657501162665e-06,1.6302316792233476,-0.7853160217161853,-6.418899135831623e-05,0.07310309382884495,-0.00011134500213678155,0.09715401758556223,0.00020836792739237355,-0.04635033348262555,-0.00010092588111999295,0.005688707137360957,-26.481093504136926,0.11223390579490006,18.569225019128066,0.7395314412885017,2.9005540958996328,-0.00043245145760882663,0.005688707137360957,-26.481093504136926,0.11223390579490006,18.569225019128066,0.7395314412885017,2.9005540958996328,-0.00043245145760882663
3.6909999999997045,2,1,1,4,0.0005755211218273762,4.804592099148612,4.99777640507732,5.0,0.5935613925874487,-1.2930593311399925e-05,0.43575426098986003,0.013827297124600051,-4.809725122125854e-05,-0.0010333386381257614,0.5981500099023697,-9.278129557961225e-06,0.004588618768571239,0.5422039323341843,0.04006499999999892,0.04006499999999892,1.0,-0.021003395381293193,-0.021176569733137696,-0.06808383984212324,-0.06832894046785311,-0.06808383984212327,-0.08908723522341642,-4.92357825075541,0.0,0.0,-0.06380981673652063,-0.06383716047152665,-0.007103221732236859,-0.007122970695025421,-0.0071032217322368595,0.04789677826776319,0.29289677826776295,0.22908696153124347,0.0,0.007103221732236859,0.06820823779962044,4.330271122118039e-05,0,0,0,0,0,inf,inf,0,0,0.0,1.4446490954694762,-1.0021940912313959e-05,0.10585626840352995,-1.7088790026808428e-05,-1.5144490954694763,1.1168890788619616e-05,1.6297687385401236,-0.7853171464395144,-6.959991270688268e-05,0.06993232334745328,-0.00011710064636102625,0.09340027580738532,0.00023411383003781852,-0.04620007225112952,-0.00012139984112543468,0.006010189317177714,-26.480380953839298,0.11323254931771355,18.638725808771405,0.7393245067088002,2.9858218127674676,-0.0003906793463050042,0.006010189317177714,-26.480380953839298,0.11323254931771355,18.638725808771405,0.7393245067088002,2.9858218127674676,-0.0003906793463050042
3.7009999999997034,2,1,1,4,0.0005698041522337596,4.760963576136945,4.969424037331696,5.0,0.5936943226776268,-1.3408504597668338e-05,0.43574430303980777,0.01287037825700296,-4.74764407443608e-05,-0.0009689650316206163,0.5984500099023696,-9.278129557961225e-06,0.00475568901838422,0.5291039698325082,0.04036499999999889,0.04036499999999889,1.0,-0.019003374820887254,-0.019157258628519983,-0.06757350823587717,-0.06780858177368798,-0.06757350823587717,-0.08657688305676443,-5.249999999990591,0.0,0.0,-0.0640084906146993,-0.06403745795026537,-0.0077815341425604275,-0.007803683630559302,-0.007781534142560428,0.047218465857439613,0.2922184658574393,0.22820997524274123,0.0,0.0077815341425604275,0.06820823779962044,4.313347828054235e-05,0,0,0,0,0,inf,inf,0,0,0.0,1.4437356363289262,-1.0743449584266919e-05,0.10653864532625666,-1.8279169821367447e-05,-1.5135356363289263,1.3622270544916503e-05,1.629309005117716,-0.7853184575732898,-7.407961536369287e-05,0.06686908798822137,-0.00012023056551742582,0.08967273807899274,0.0002535366076579927,-0.04574384925681298,-0.00013858270274304442,0.006300870384053109,-26.475865667372993,0.11417082125158202,18.706870183395502,0.739159001366392,3.0700993242572614,-0.00034436003729663506,0.006300870384053109,-26.475865667372993,0.11417082125158202,18.706870183395502,0.739159001366392,3.0700993242572614,-0.00034436003729663506
3.7109999999997023,2,1,1,4,0.0005646583027303633,4.722384234193003,4.939318550858085,5.0,0.5938182542233268,-1.3877824383330818e-05,0.43573490193777553,0.012018243559069658,-4.641968286548739e-05,-0.0009193406466593388,0.5987500099023696,-9.278129557961225e-06,0.0049317578240383455,0.5159559817265288,0.040664999999998855,0.040664999999998855,1.0,-0.017410962617025336,-0.017547895440376264,-0.0667923101464289,-0.06701151249323953,-0.0667923101464289,-0.08420327276345427,-5.557248383014832,0.0,0.0,-0.06418945255087137,-0.06421986367537229,-0.008453137116792452,-0.008477554996503019,-0.008453137116792452,0.046546862883207606,0.29154686288320736,0.22735741033233714,0.0,0.008453137116792452,0.06820823779962044,4.2651213356380376e-05,0,0,0,0,0,inf,inf,0,0,0.0,1.4428590801108543,-1.1503591822051426e-05,0.10719109244584149,-1.948661771680711e-05,-1.5126590801108544,1.6233441115852035e-05,1.6288554060956482,-0.7853199230495571,-7.741328644113555e-05,0.06393715457514941,-0.00012078733804577484,0.0860199530310912,0.00026631844188473955,-0.045004812487364806,-0.0001525872333271375,0.006553480455755662,-26.467707011619833,0.11504397176957878,18.773164251992675,0.7390406737595558,3.152858306687212,-0.0002896812268429384,0.006553480455755662,-26.467707011619833,0.11504397176957878,18.773164251992675,0.7390406737595558,3.152858306687212,-0.0002896812268429384
3.720999999999701,2,1,1,4,0.000559926955285033,4.68869996060113,4.908358288998916,5.0,0.5939342717824536,-1.433410311808039e-05,0.435725942622356,0.011277614646078005,-4.491064303363658e-05,-0.0008787266202121645,0.5990500099023696,-9.278129557961225e-06,0.0051157406183689365,0.5028906385718277,0.04096499999999882,0.04096499999999882,1.0,-0.01617445620888514,-0.016296510007883777,-0.06588717755375267,-0.06608445043744685,-0.06588717755375267,-0.08206163376263784,-5.841957122247869,0.0,0.0,-0.0643564866075236,-0.06438818362718073,-0.009116121266298698,-0.009142615577539035,-0.009116121266298698,0.04588387873370135,0.29088387873370114,0.2265273921261787,0.0,0.009116121266298698,0.06820823779962044,4.183498041647246e-05,0,0,0,0,0,inf,inf,0,0,0.0,1.4420184270234027,-1.229011848181496e-05,0.10781505329968935,-2.0686026293913578e-05,-1.5118184270234027,1.893595834292271e-05,1.628410665884473,-0.7853215110367994,-7.946802561304553e-05,0.06116023049500518,-0.00011889118827830614,0.08248735958404256,0.00027249207431287724,-0.04400129697516247,-0.00016340134574668346,0.006763444718604844,-26.45606536783956,0.11584983192969225,18.837074712945608,0.7389712708644016,3.2335100639784216,-0.00022596253653068312,0.006763444718604844,-26.45606536783956,0.11584983192969225,18.837074712945608,0.7389712708644016,3.2335100639784216,-0.00022596253653068312
3.7309999999997,2,1,1,4,0.000555505031903907,4.659840885873679,4.877306376023399,5.0,0.5940435279332663,-1.477273697996278e-05,0.43571736232256464,0.010655287024525884,-4.2935338647910185e-05,-0.0008422942282885936,0.5993500099023695,-9.278129557961225e-06,0.005306484813803604,0.49004064126555924,0.04126499999999879,0.04126499999999879,1.0,-0.01525203862479531,-0.015361005575285708,-0.06501168115033175,-0.0651810074046528,-0.06501168115033178,-0.08026371977512706,-6.1010068891635285,0.0,0.0,-0.06451291319434051,-0.06454575742032086,-0.00977008982107539,-0.009798408034764824,-0.00977008982107539,0.04522991017892467,0.29022991017892447,0.22571699698458514,0.0,0.00977008982107539,0.06820823779962044,4.0674263752059924e-05,0,0,0,0,0,inf,inf,0,0,0.0,1.4412122379244285,-1.308980130233671e-05,0.10841220719373229,-2.1853686691362175e-05,-1.5110122379244286,2.1664903077676826e-05,1.627977340799783,-0.7853231896058659,-8.0171914120859e-05,0.05856174868699053,-0.0001146945010152459,0.07911770508297611,0.00027229144751138073,-0.04274915381319613,-0.0001710258106477516,0.006927164912524094,-26.44111565984892,0.11658719599509214,18.8980524397447,0.7389502333179568,3.3114342098399367,-0.00015346283839971498,0.006927164912524094,-26.44111565984892,0.11658719599509214,18.8980524397447,0.7389502333179568,3.3114342098399367,-0.00015346283839971498
3.740999999999699,2,1,1,4,0.0005513305716108577,4.635792492059831,4.846818299584969,5.0,0.5941472416120571,-1.5189012717061748e-05,0.43570914204725886,0.010157711002395962,-4.048570069669832e-05,-0.0008060194955296405,0.5996500099023695,-9.278129557961225e-06,0.005502771464944471,0.47754037016566686,0.041564999999998756,0.041564999999998756,1.0,-0.014612955901371705,-0.014710307697394365,-0.06431769980094883,-0.0644533584454422,-0.06431769980094883,-0.07893065570232058,-6.331559480305834,0.0,0.0,-0.0646616944735987,-0.0646955634176477,-0.010416179325070517,-0.010446010162145873,-0.010416179325070517,0.044583820674929546,0.2895838206749294,0.22492212620133187,0.0,0.010416179325070517,0.06820823779962044,3.916694346095641e-05,0,0,0,0,0,inf,inf,0,0,0.0,1.4404386600745642,-1.3888956358185095e-05,0.1089844650087456,-2.2967507355804547e-05,-1.5102386600745643,2.4358385148745653e-05,1.6275578345071415,-0.7853249270467353,-7.949905946494408e-05,0.05616459796373218,-0.00010836494666561025,0.07595122707101513,0.00026606626454585156,-0.04126336758357116,-0.0001755004725729113,0.0070415812823244614,-26.4230560851252,0.11725544411863395,18.95555076579706,0.7389756508502388,3.386000963244157,-7.272118799785446e-05,0.0070415812823244614,-26.4230560851252,0.11725544411863395,18.95555076579706,0.7389756508502388,3.386000963244157,-7.272118799785446e-05
3.750999999999698,2,1,1,4,0.0005473774739665196,4.61657253651804,4.817462294916152,5.0,0.5942466928448916,-1.5578178006205468e-05,0.43570129905037036,0.009790675092695485,-3.756139382073606e-05,-0.0007665916953257312,0.5999500099023695,-9.278129557961225e-06,0.005703320537084353,0.4655249942035762,0.04186499999999872,0.04186499999999872,1.0,-0.014238517203594168,-0.014325349812638588,-0.06394715335936471,-0.0640439629345712,-0.06394715335936471,-0.07818567056295887,-6.531088913240001,0.0,0.0,-0.06480555070627622,-0.0648403345790353,-0.011056997018070029,-0.011087974764099413,-0.011056997018070029,0.043943002981930046,0.2889430029819298,0.22413745227565487,0.0,0.011056997018070029,0.06820823779962044,3.731779588526412e-05,0,0,0,0,0,inf,inf,0,0,0.0,1.4396954520350316,-1.467384234023228e-05,0.10953396212741186,-2.4007117305789423e-05,-1.5094954520350317,2.6958405104636026e-05,1.6271544003033143,-0.7853266922527353,-7.74588528079675e-05,0.053990823477824496,-0.00010007736232594233,0.07302566924935444,0.00025423220907607044,-0.039559149189682286,-0.00017690133022688604,0.007104109488212983,-26.402113271522467,0.11785451474196607,19.00903982095481,0.7390448194392077,3.456588716309637,1.562376653446788e-05,0.007104109488212983,-26.402113271522467,0.11785451474196607,19.00903982095481,0.7390448194392077,3.456588716309637,1.562376653446788e-05
3.760999999999697,2,1,1,4,0.0005436492148283836,4.602212504117775,4.789734187516689,5.0,0.5943432147762243,-1.593552312376518e-05,0.4356938801450148,0.00955907102936098,-3.417045731219144e-05,-0.0007213335570382234,0.6002500099023694,-9.278129557961225e-06,0.005906798877830594,0.45412923152813883,0.04216499999999869,0.04216499999999869,1.0,-0.014122762013419549,-0.01419973715937801,-0.06402422400186289,-0.064077763044796,-0.06402422400186289,-0.07814698601528249,-6.697409101744585,0.0,0.0,-0.06494708488324466,-0.06498268251380908,-0.011696477890679284,-0.011728189026844756,-0.011696477890679284,0.043303522109320786,0.28830352210932053,0.22335643722607715,0.0,0.011696477890679284,0.06820823779962044,3.5137319829183346e-05,0,0,0,0,0,inf,inf,0,0,0.0,1.4389800090597498,-1.5430968584961676e-05,0.11006304829660014,-2.4953914725116937e-05,-1.5087800090597498,2.9411342449219992e-05,1.6267691347402449,-0.7853284550398778,-7.408819186516504e-05,0.05206131722457714,-9.001001218857257e-05,0.07037618566352616,0.00023724214786459581,-0.03765263173371333,-0.00017533286072388233,0.007112668428651679,-26.37854468627516,0.1183849506767894,19.05801774313229,0.7391545672485754,3.522597892943333,0.00011087432314137207,0.007112668428651679,-26.37854468627516,0.1183849506767894,19.05801774313229,0.7391545672485754,3.522597892943333,0.00011087432314137207
3.7709999999996957,2,1,1,4,0.0005401733780454878,4.592742761949919,4.764067988410396,5.0,0.5944381837283743,-1.6256464532792114e-05,0.4356869557613192,0.009466726180247968,-3.0329181291896145e-05,-0.0006681310572955052,0.6005500099023694,-9.278129557961225e-06,0.006111830157840645,0.443485909166181,0.04246499999999866,0.04246499999999866,1.0,-0.014272671494767488,-0.014339963847910843,-0.06464845986391693,-0.06465525474341036,-0.06464845986391693,-0.07892113135868443,-6.8286978070295925,0.0,0.0,-0.06508891160902877,-0.06512522580420116,-0.01233966850025399,-0.01237166036687968,-0.01233966850025399,0.04266033149974609,0.28766033149974585,0.22257141989071838,0.0,0.01233966850025399,0.06820823779962044,3.264077799770424e-05,0,0,0,0,0,inf,inf,0,0,0.0,1.4382893898593896,-1.6147337344853406e-05,0.11057427441550295,-2.5791091530574208e-05,-1.5080893898593897,3.1668230216804566e-05,1.626403966033588,-0.7853301863954922,-6.944577464968584e-05,0.050395514433261006,-7.834304539591942e-05,0.06803517521914541,0.00021556987517140004,-0.03556126129106298,-0.00017092179268031758,0.00706571433366347,-26.35263889248717,0.11884793917607864,19.10201929521005,0.7393014413822454,3.583461756460098,0.0002122800201781721,0.00706571433366347,-26.35263889248717,0.11884793917607864,19.10201929521005,0.7393014413822454,3.583461756460098,0.0002122800201781721
3.7809999999996946,2,1,1,4,0.0005369968779861669,4.588180865199453,4.740843271240299,5.0,0.594533007904804,-1.653662440520822e-05,0.4356806146624852,0.009516292613544036,-2.606150485271991e-05,-0.0006053709782893271,0.6008500099023694,-9.278129557961225e-06,0.0063170061677183835,0.43372443702734476,0.042764999999998624,0.042764999999998624,1.0,-0.014707834430758692,-0.014765091398024446,-0.06588909837101503,-0.06584677076596346,-0.065889098371015,-0.0805969328017737,-6.923516602565993,0.0,0.0,-0.06523378515946873,-0.06527071759934584,-0.012992448282041345,-0.013024239403878696,-0.012992448282041345,0.042007551717958745,0.28700755171795844,0.2217737665584911,0.0,0.012992448282041345,0.06820823779962044,2.9847400037424638e-05,0,0,0,0,0,inf,inf,0,0,0.0,1.437620345246316,-1.681063729022858e-05,0.11107037637892457,-2.6503648804420728e-05,-1.5074203452463162,3.368491085788659e-05,1.6260606399062991,-0.7853318586771992,-6.360781978536012e-05,0.049011108139144687,-6.525796624383406e-05,0.06603207943646293,0.0001897012256751355,-0.03330395294797118,-0.00016381313458998893,0.006962259402889036,-26.32471411595842,0.1192453276404244,19.140622269671837,0.7394818107232168,3.638654637376688,0.00031904057279226504,0.006962259402889036,-26.32471411595842,0.1192453276404244,19.140622269671837,0.7394818107232168,3.638654637376688,0.00031904057279226504
3.7909999999996935,2,1,1,4,0.0005341817726200173,4.588522618527823,4.720390159914036,5.0,0.5946291152525625,-1.6771902438054757e-05,0.43567495924951405,0.00970918365326047,-2.139813267083142e-05,-0.0005318848341191436,0.6011500099023693,-9.278129557961225e-06,0.0065208989557047955,0.42496928606423034,0.04306499999999859,0.04306499999999859,1.0,-0.015459511700993168,-0.015505830787296945,-0.06778087071323903,-0.067688239566564,-0.06778087071323903,-0.08324038241423223,-6.980826633787783,0.0,0.0,-0.06538472092305816,-0.06542216674780675,-0.013661202059365656,-0.013692293698413047,-0.013661202059365656,0.041338797940634435,0.2863387979406341,0.2209540770175774,0.0,0.013661202059365656,0.06820823779962044,2.6779733010677976e-05,0,0,0,0,0,inf,inf,0,0,0.0,1.4369693488826216,-1.7409399839600172e-05,0.11155425620972347,-2.7078409241510695e-05,-1.5067693488826217,3.542212796078743e-05,1.6257407048906445,-0.785333445782046,-5.666475159666065e-05,0.047923790950777846,-5.0937452094775384e-05,0.06439316884887893,0.00016012929527134024,-0.030901069511273898,-0.00015416788466641375,0.006801872493947783,-26.295115510843765,0.119579614900733,19.17345200329286,0.7396919197279845,3.687697970499809,0.00043031262134525934,0.006801872493947783,-26.295115510843765,0.119579614900733,19.17345200329286,0.7396919197279845,3.687697970499809,0.00043031262134525934
3.8009999999996924,2,1,1,4,0.0005318015859238903,4.593735578330168,4.702992597583717,5.0,0.5947279409111328,-1.6958537943376496e-05,0.4356701013965703,0.010045549296043966,-1.6375507294337046e-05,-0.0004468982064402647,0.6014500099023693,-9.278129557961225e-06,0.0067220733789223365,0.4173385385011463,0.04336499999999856,0.04336499999999856,1.0,-0.01656907696944481,-0.016603003951410275,-0.07032146063935202,-0.07017859617628144,-0.07032146063935203,-0.08689053760879686,-7.0,0.0,0.0,-0.0655451040607271,-0.06558294634341957,-0.014352459592607076,-0.014382348057674948,-0.014352459592607076,0.040647540407393004,0.28564754040739265,0.2201024363466671,0.0,0.014352459592607076,0.07032146063935202,2.346316022809511e-05,0,0,0,0,0,inf,inf,0,0,0.0,1.436332630135391,-1.793312607635317e-05,0.11202896078749919,-2.7504027916612638e-05,-1.506132630135391,3.6845582807860014e-05,1.6254454985853715,-0.7853349232984496,-4.871852391151269e-05,0.04714702995526615,-3.5565159808291995e-05,0.06314133704403525,0.0001273517186754764,-0.028374272191889094,-0.0001421616739832185,0.0065846648964008655,-26.26421146989594,0.11985392292541415,19.200184313608112,0.7399279156152444,3.7301645085376203,0.0005452202760536639,0.0065846648964008655,-26.26421146989594,0.11985392292541415,19.200184313608112,0.7399279156152444,3.7301645085376203,0.0005452202760536639
3.8109999999996913,2,1,1,4,0.0005299564155613881,4.61484512148855,4.689049853715215,5.0,0.594830942205702,-1.7081935310802178e-05,0.43566617996443047,0.010543559510772339,-6.024382991212632e-06,-0.0003382416798258955,0.6017500099023693,-9.278129557961225e-06,0.006919072097503313,0.41094975053203875,0.043664999999998524,0.043664999999998524,1.0,-0.017880800847884896,-0.01786791401449312,-0.07380743396839318,-0.07357914895275913,-0.07380743396839318,-0.09168823481627807,-7.0,0.0,0.0,-0.06571826619078008,-0.06575630875007814,-0.015073481446488273,-0.015101601291655439,-0.015073481446488273,0.039926518553511814,0.2849265185535115,0.2192082523627329,0.0,0.015073481446488273,0.07380743396839318,7.079951777015082e-06,0,0,0,0,0,inf,inf,0,0,0.0,1.4357062022221008,-1.8370956653852925e-05,0.1124976439888367,-2.7764616970977607e-05,-1.5055062022221009,3.7951467579308866e-05,1.6251762401304108,-0.785336272283202,-3.921871895187793e-05,0.046690456849265434,-1.650492802326988e-05,0.06230652654449281,0.00010326288037555897,-0.02568141645391993,-0.0001282575869310027,0.00613924957458096,-26.23204118122165,0.11989316967686246,19.220016644164634,0.7400334110018038,3.765101305059933,0.0006851658160366224,0.00613924957458096,-26.23204118122165,0.11989316967686246,19.220016644164634,0.7400334110018038,3.765101305059933,0.0006851658160366224
3.82099999999969,2,1,1,4,0.0005293543478871168,4.664945557186164,4.682299579816158,5.0,0.5949407467392426,-1.704611907561326e-05,0.43566402235515567,0.011378796973422381,1.062759507921255e-05,-9.853022431398013e-05,0.6020500099023692,-9.278129557961225e-06,0.007109267407001284,0.40615831926320334,0.04396499999999849,0.04396499999999849,1.0,-0.01852607234258632,-0.018514910609532514,-0.07965404899558914,-0.07932204941765433,-0.07965404899558914,-0.09818012133817546,-7.0,0.0,0.0,-0.0659006641640077,-0.06593858748309227,-0.015842125613781722,-0.015867297262456,-0.015842125613781722,0.03915787438621836,0.28415787438621815,0.21825721022221187,0.0,0.015842125613781722,0.07965404899558914,5.5186819911556345e-06,0,0,0,0,0,inf,inf,0,0,0.0,1.4350847187622298,-1.868934384917524e-05,0.11296387463155444,-2.7784008358984048e-05,-1.5048847187622298,3.88619816864955e-05,1.6249373546638612,-0.7853374581982426,-2.5250594634379988e-05,0.04662709285089516,1.0195212711872938e-05,0.06211910827165437,7.622948445174324e-05,-0.02236580268312598,-0.00010980858064729034,0.005139890044798545,-26.193603394281162,0.11937876617256339,19.222813142339913,0.7398995080290972,3.7814929886369364,0.0009041616563010364,0.005139890044798545,-26.193603394281162,0.11937876617256339,19.222813142339913,0.7398995080290972,3.7814929886369364,0.0009041616563010364
3.830999999999689,2,1,1,4,0.0005309783483612709,4.7084341988886145,4.6827078129590225,5.0,0.5950599647781575,-1.6862210755277073e-05,0.4356647215566455,0.01237745607956688,2.4622438783815745e-05,0.00021243842414144502,0.6023500099023692,-9.278129557961225e-06,0.0072900490691991,0.40330979625896046,0.04426499999999846,0.04426499999999846,1.0,-0.019126725523605753,-0.01911694221758541,-0.0866446741444304,-0.08628260645416999,-0.08664467414443042,-0.1057713996680362,-7.0,0.0,0.0,-0.06608926062597512,-0.06612708032322524,-0.01667666424491376,-0.016698315868902077,-0.01667666424491376,0.038323335755086306,0.28332333575508606,0.21723407512911244,0.0,0.01667666424491376,0.0866446741444304,4.54613120404135e-06,0,0,0,0,0,inf,inf,0,0,0.0,1.4344617536909672,-1.8851506748683705e-05,0.1134314893246478,-2.7531400459415246e-05,-1.5042617536909673,3.9383210244959814e-05,1.6247322850098909,-0.7853384159754092,-8.527954920815446e-06,0.04691954436549396,3.7586259901220576e-05,0.06251914100939406,3.126535689131342e-05,-0.019019492007122354,-8.294513905013257e-05,0.004176294546862092,-26.153382782048315,0.11892696692328375,19.21499623248711,0.7400065532572232,3.7864655901846467,0.0010980063732608607,0.004176294546862092,-26.153382782048315,0.11892696692328375,19.21499623248711,0.7400065532572232,3.7864655901846467,0.0010980063732608607
3.840999999999688,2,1,1,4,0.0005352059327055339,4.748249232624089,4.688643416346462,5.0,0.5951894327870314,-1.654082572477159e-05,0.4356686528470016,0.013413098699148182,3.826653118511026e-05,0.0005408177916039261,0.6026500099023692,-9.278129557961225e-06,0.007460580650368787,0.4024017613445543,0.044564999999998425,0.044564999999998425,1.0,-0.019695096723835008,-0.019686113276520915,-0.09389423669549775,-0.09352921690837407,-0.09389423669549776,-0.11358933341933279,-7.0,0.0,0.0,-0.06628367496913776,-0.06632140175066832,-0.017582952871261846,-0.017600954617245798,-0.017582952871261846,0.03741704712873822,0.2824170471287381,0.21613337215960168,0.0,0.017582952871261846,0.09389423669549775,3.824284625757441e-06,0,0,0,0,0,inf,inf,0,0,0.0,1.433832154850679,-1.883771439802226e-05,0.11390368439710692,-2.7007206120822248e-05,-1.503632154850679,3.9430514255855036e-05,1.6245590334891544,-0.7853390618038236,9.624921294934152e-06,0.04750494550874412,6.438298809630005e-05,0.06338269303119536,-1.700674162862147e-05,-0.015998382012787887,-4.8731204237695906e-05,0.0031777188812031334,-26.115311291146863,0.11845687125737817,19.203191165083176,0.7401408593788543,3.787183824146795,0.0012340453226768627,0.0031777188812031334,-26.115311291146863,0.11845687125737817,19.203191165083176,0.7401408593788543,3.787183824146795,0.0012340453226768627
3.850999999999687,2,1,1,4,0.0005421214545051891,4.785472463731615,4.698951679776088,5.0,0.5953292237125948,-1.6084359486387077e-05,0.43567585542891485,0.014438472685191956,5.1610044074436696e-05,0.0008648525558701407,0.6029500099023691,-9.278129557961225e-06,0.00762078922914296,0.4032967969191652,0.04486499999999839,0.04486499999999839,1.0,-0.020244433698851053,-0.02023563019648038,-0.10107196344840375,-0.10071429501050302,-0.10107196344840375,-0.12131639714725484,-7.0,0.0,0.0,-0.06648365784904271,-0.06652129627838603,-0.01856150236159627,-0.01857588927545908,-0.01856150236159627,0.036438497638403795,0.28143849763840373,0.2149548397893623,0.0,0.01856150236159627,0.10107196344840375,3.2292837758378844e-06,0,0,0,0,0,inf,inf,0,0,0.0,1.4331917970291448,-1.863884758355557e-05,0.11438311286603205,-2.6223216058535232e-05,-1.5029917970291449,3.8999655452558505e-05,1.6244137293272698,-0.7853393419161854,2.8304350285643287e-05,0.04833451570910993,8.955737217176576e-05,0.06462055780672565,-6.408809169415405e-05,-0.013392952012156168,-1.073161511273389e-05,0.0021313916960137074,-26.080703483615107,0.11795396745692119,19.18986856842618,0.7402497548398789,3.7862309061289974,0.0013261021750610611,0.0021313916960137074,-26.080703483615107,0.11795396745692119,19.18986856842618,0.7402497548398789,3.7862309061289974,0.0013261021750610611
3.860999999999686,2,1,1,4,0.0005516797580214219,4.820536817406399,4.712729918531743,5.0,0.5954791198577076,-1.549825807226985e-05,0.43568622687804315,0.01543514098015941,6.418556210219192e-05,0.0011749012359480993,0.6032500099023691,-9.278129557961225e-06,0.007770892534079821,0.4058193932871017,0.04516499999999836,0.04516499999999836,1.0,-0.02078638190336487,-0.020777211703504377,-0.10804878739568728,-0.10770259917077146,-0.10804878739568728,-0.12883516929905214,-7.0,0.0,0.0,-0.06668908480732111,-0.0667266335890864,-0.01961078903776245,-0.01962166029143047,-0.01961078903776245,0.03538921096223761,0.28038921096223757,0.2137001261549178,0.0,0.01961078903776245,0.10804878739568728,2.7142309178965408e-06,0,0,0,0,0,inf,inf,0,0,0.0,1.4325373402822317,-1.8253673513154525e-05,0.11487198621472665,-2.5200202899783437e-05,-1.5023373402822318,3.811238849582136e-05,1.6242921804172699,-0.7853392349260424,4.67987814969355e-05,0.04936733451959607,0.00011231809002528569,0.06616147735288089,-0.00010840683862441055,-0.011202241030682791,2.820563575757799e-05,0.0010508926248279894,-26.049930788219736,0.11743202865955585,19.175997681256298,0.7403254766943357,3.784550106039594,0.0013878533173277562,0.0010508926248279894,-26.049930788219736,0.11743202865955585,19.175997681256298,0.7403254766943357,3.784550106039594,0.0013878533173277562
3.8709999999996847,2,1,1,4,0.0005637708359644547,4.853658993425735,4.729238376103315,5.0,0.595638786677865,-1.4792953851827168e-05,0.4356995987671799,0.016395413069864733,7.550396630707846e-05,0.0014662378812757343,0.6035500099023691,-9.278129557961225e-06,0.007911225146664713,0.40979018381166704,0.045464999999998326,0.045464999999998326,1.0,-0.02133015923123662,-0.021320199193575667,-0.11477086847918726,-0.11443794069385911,-0.11477086847918726,-0.13610102771042384,-7.0,0.0,0.0,-0.0668999347592567,-0.06693738778727605,-0.02072847125514361,-0.0207359526034976,-0.02072847125514361,0.03427152874485645,0.2792715287448564,0.2123715939856011,0.0,0.02072847125514361,0.11477086847918726,2.2603438638445564e-06,0,0,0,0,0,inf,inf,0,0,0.0,1.431866091049914,-1.768735650175576e-05,0.11537213754848397,-2.3965554154930055e-05,-1.501666091049914,3.680052689207541e-05,1.624190395234064,-0.7853387428851053,6.45224704970879e-05,0.05056784983566764,0.00013210816892637284,0.06794562905445935,-0.00014927167798636865,-0.009395766047840747,6.611664780966308e-05,-4.092798250997679e-05,-26.023020990590688,0.11691427478616184,19.161995554342777,0.7403720489576447,3.782495542515971,0.0014278077659872256,-4.092798250997679e-05,-26.023020990590688,0.11691427478616184,19.161995554342777,0.7403720489576447,3.782495542515971,0.0014278077659872256
3.8809999999996836,2,1,1,4,0.0005782485719937605,4.884992977651903,4.747860662342203,5.0,0.5958078389913637,-1.3983228039853597e-05,0.43571576922390354,0.017315817990592668,8.518229351944051e-05,0.0017364199503333104,0.603850009902369,-9.278129557961225e-06,0.008042172287371878,0.41503777304525924,0.04576499999999829,0.04576499999999829,1.0,-0.02188243233148333,-0.021871398961399332,-0.12121390455949102,-0.12089505879269616,-0.12121390455949102,-0.14309633689097434,-7.0,0.0,0.0,-0.06711626475074303,-0.06715361245050433,-0.0219118528794469,-0.021916081950473718,-0.0219118528794469,0.03308814712055317,0.2780881471205532,0.21097188236981146,0.0,0.0219118528794469,0.12121390455949102,1.8595218980625233e-06,0,0,0,0,0,inf,inf,0,0,0.0,1.431175904994237,-1.695032189536034e-05,0.11588506837044103,-2.2551025725471725e-05,-1.500975904994237,3.510088242127015e-05,1.624104738954225,-0.7853378838146611,8.099668666772781e-05,0.05190473800396444,0.00014858496704712025,0.06992181634633168,-0.00018629829776783437,-0.007935441042038525,0.0001016674815060722,-0.0011198106688226671,-25.9998739272999,0.11642510468848438,19.148067946016628,0.7403959818874042,3.7802080373535034,0.0014510310040323268,-0.0011198106688226671,-25.9998739272999,0.11642510468848438,19.148067946016628,0.7403959818874042,3.7802080373535034,0.0014510310040323268
3.8909999999996825,2,1,1,4,0.0005949461016969962,4.914682914542127,4.768082718726954,5.0,0.5959858680835791,-1.3086996207761086e-05,0.4357345195264434,0.018194709756482946,9.296359410073708e-05,0.001984292805910598,0.604150009902369,-9.278129557961225e-06,0.008164142707276677,0.42140254593070037,0.04606499999999826,0.04606499999999826,1.0,-0.02244738573396773,-0.022435135772709475,-0.12736636921416045,-0.1270619850097589,-0.12736636921416045,-0.14981375494812815,-7.0,0.0,0.0,-0.0673381847582,-0.06737541549465358,-0.023158073021440878,-0.023159192977791884,-0.023158073021440878,0.03184192697855918,0.2768419269785592,0.20950374222036053,0.0,0.023158073021440878,0.12736636921416045,1.5083494980020894e-06,0,0,0,0,0,inf,inf,0,0,0.0,1.4304651093482725,-1.6057225954196897e-05,0.11641198711851147,-2.0990763591058403e-05,-1.5002651093482726,3.305322900115052e-05,1.6240319608711382,-0.7853366865906797,9.584313668194085e-05,0.05335026689642879,0.00016158925292037238,0.07204602216877312,-0.00021925129070016864,-0.006783211908936599,0.00013395264330363452,-0.00216337192164313,-25.980339869917312,0.11598677652739814,19.134332754242593,0.7404037531808604,3.7777497990918785,0.0014608203148752839,-0.00216337192164313,-25.980339869917312,0.11598677652739814,19.134332754242593,0.7404037531808604,3.7777497990918785,0.0014608203148752839
3.9009999999996814,2,1,1,4,0.0006136858786860147,4.942879471277009,4.789479027905003,5.0,0.5961724542610759,-1.2124095172954781e-05,0.43575562447285215,0.019031357660095456,9.870627674524476e-05,0.002209583619803206,0.604450009902369,-9.278129557961225e-06,0.00827755613053895,0.428737606571038,0.04636499999999823,0.04636499999999823,1.0,-0.023026835466487622,-0.023013359760566586,-0.13322314367152935,-0.13293336052108196,-0.13322314367152935,-0.156249979138017,-7.0,0.0,0.0,-0.06756583347558809,-0.06760293492531942,-0.02446419391960856,-0.024462350296356884,-0.02446419391960856,0.030535806080391498,0.2755358060803916,0.20796997260480476,0.0,0.02446419391960856,0.13322314367152935,1.2064872762678814e-06,0,0,0,0,0,inf,inf,0,0,0.0,1.4297324364608197,-1.502597802100059e-05,0.11695384257097703,-1.9319654978696875e-05,-1.4995324364608198,3.069909942829831e-05,1.6239691777645564,-0.7853351873749626,0.00010877907760215601,0.05487985840786979,0.00017111153141452122,0.0742804856855995,-0.00024800013173458674,-0.005903592836914744,0.0001623747773140512,-0.0031523288812928397,-25.964248641375658,0.11561823865681642,19.120865568042277,0.7404011945848694,3.7751528646928563,0.0014596184963133895,-0.0031523288812928397,-25.964248641375658,0.11561823865681642,19.120865568042277,0.7404011945848694,3.7751528646928563,0.0014596184963133895
3.9109999999996803,2,1,1,4,0.0006342873660707118,4.96974263657979,4.811701881861275,5.0,0.5963671737042848,-1.1115226465640484e-05,0.4357788600387541,0.01982557392098936,0.00010236610717443423,0.002412708721631783,0.6047500099023689,-9.278129557961225e-06,0.00838283639938382,0.4369086909818567,0.046664999999998194,0.046664999999998194,1.0,-0.02362035871372002,-0.023605772968836987,-0.138782910223408,-0.13850771502696713,-0.13878291022340802,-0.162403268937128,-7.0,0.0,0.0,-0.06779935533004677,-0.06783631577333253,-0.02582724891200495,-0.025822587751348366,-0.02582724891200495,0.029172751087995108,0.27417275108799516,0.2063733957579497,0.0,0.02582724891200495,0.138782910223408,9.570391712898532e-07,0,0,0,0,0,inf,inf,0,0,0.0,1.4289769652264614,-1.3876816637497677e-05,0.11751135342534454,-1.7572009485782813e-05,-1.4987769652264615,2.8080828313254594e-05,1.6239138434111575,-0.7853334269550402,0.00011961134323401883,0.05647174140515745,0.0001772600246999744,0.0765929978457721,-0.0002725043253572894,-0.005264387945881104,0.00018657317442883993,-0.004070838176696023,-25.951420976407924,0.11533485771017767,19.10771727024236,0.7403933973883942,3.772436709670011,0.0014494308308140823,-0.004070838176696023,-25.951420976407924,0.11533485771017767,19.10771727024236,0.7403933973883942,3.772436709670011,0.0014494308308140823
3.920999999999679,2,1,1,4,0.0006565734120777258,4.995439161270317,4.834472080321675,5.0,0.5965696028418649,-1.0081084987123632e-05,0.43580400959749516,0.02057753903065496,0.00010397778428764436,0.002594658144978779,0.6050500099023689,-9.278129557961225e-06,0.008480407098517367,0.44579371460981265,0.04696499999999816,0.04696499999999816,1.0,-0.024225441923308007,-0.02420997552089498,-0.1440469295475175,-0.1437862013196125,-0.1440469295475175,-0.1682723714708255,-7.0,0.0,0.0,-0.06803887888967868,-0.06807568839900888,-0.0272442730594338,-0.02723693965147652,-0.0272442730594338,0.027755726940566258,0.2727557269405663,0.20471684805088894,0.0,0.0272442730594338,0.1440469295475175,7.677890493481604e-07,0,0,0,0,0,inf,inf,0,0,0.0,1.428198068924842,-1.2631453643885828e-05,0.11808503470618267,-1.578054225404908e-05,-1.497998068924842,2.524070266514336e-05,1.623863714949104,-0.7853314486504105,0.00012822888601018713,0.0581066557723443,0.0001802320920856105,0.07895630241441058,-0.000292804349800346,-0.004836771730082359,0.0002063766370352957,-0.004906461997663099,-25.941673439853517,0.11514851030739477,19.09492158903796,0.7403847450831547,3.7696148680733734,0.0014319979510880765,-0.004906461997663099,-25.941673439853517,0.11514851030739477,19.09492158903796,0.7403847450831547,3.7696148680733734,0.0014319979510880765
3.930999999999678,2,1,1,4,0.0006803756871807945,5.020137671075889,4.857570368658159,5.0,0.5967793214520482,-9.04166394408696e-06,0.4358308691579051,0.021287702893505272,0.00010363810574941132,0.002756907071630386,0.6053500099023689,-9.278129557961225e-06,0.008570688453582767,0.4552821905601895,0.04726499999999813,0.04726499999999813,1.0,-0.024837655117810012,-0.024821638184161006,-0.14901834862686178,-0.14877188619870263,-0.14901834862686178,-0.1738560037446718,-7.0,0.0,0.0,-0.06828449689021261,-0.06832114839739876,-0.028712324857060663,-0.028702462822165552,-0.028712324857060663,0.026287675142939396,0.27128767514293944,0.20300317825272815,0.0,0.028712324857060663,0.14901834862686178,6.505798915379626e-07,0,0,0,0,0,inf,inf,0,0,0.0,1.4273953686924608,-1.1312299809246674e-05,0.11867522142196009,-1.3975621543901126e-05,-1.4971953686924608,2.22202022092689e-05,1.62381681985901,-0.7853292966187884,0.00013459411565607535,0.05976759311476454,0.00018028955412431464,0.0813475577951578,-0.0003090123731762061,-0.004595146203687448,0.00022176807140597156,-0.005649979674906036,-25.934820985445675,0.11506781622033024,19.082499026324403,0.7403789638225937,3.7666976676608726,0.0014088630368225244,-0.005649979674906036,-25.934820985445675,0.11506781622033024,19.082499026324403,0.7403789638225937,3.7666976676608726,0.0014088630368225244
3.940999999999677,2,1,1,2,0.0007048092869329772,4.7837261138063285,4.865875202483187,5.0,0.5969956420354774,-8.016268420431169e-06,0.4358584844406348,0.021852690036025614,0.00010125025693804387,0.0025978894492449337,0.6056500099023688,-9.278129557961225e-06,0.008654367958885079,0.4651572110246107,0.047564999999998095,0.047564999999998095,1.0,-0.023307142385976486,-0.023190877022889727,-0.15297348250369333,-0.1528188887713182,-0.15297348250369333,-0.17628062488966978,-7.0,0.0,0.0,-0.06852553280638381,-0.06855984401752896,-0.03022659177673707,-0.03021470661469729,-0.03022659177673707,0.024773408223262988,0.269773408223263,0.20124787541688058,0.0,0.03022659177673707,0.15297348250369333,6.760125496132693e-06,0,0,0,0,0,inf,inf,0,0,0.0,1.4265693912155828,-9.956573654443332e-06,0.11928270502440955,-1.2198822820794078e-05,-1.4963693912155829,1.91221176946573e-05,1.623770690103343,-0.78532703514938,0.00013290955627591748,0.0616846893450596,0.00017226478941228927,0.08347102765078375,-0.00029683006824108486,-0.004793287867383673,0.00022446393472843414,-0.006252192643272217,-25.936491770649226,0.11512137493314262,19.078000797674726,0.7401861281922513,3.7712848257618496,0.0013594950550592099,-0.006252192643272217,-25.936491770649226,0.11512137493314262,19.078000797674726,0.7401861281922513,3.7712848257618496,0.0013594950550592099
3.950999999999676,2,1,1,2,0.0007247658491358602,4.832844997981181,4.857876042937164,5.0,0.5972168729838034,-7.029045597839427e-06,0.43588149691802613,0.022362343642696077,9.63507992525272e-05,0.002076478628995676,0.6059500099023688,-9.278129557961225e-06,0.008733137208173706,0.4746326805024238,0.04786499999999806,0.04786499999999806,1.0,-0.02727817282170583,-0.027161948424149138,-0.15654123192179353,-0.15634066801629368,-0.15654123192179353,-0.1838194047434994,-7.0,0.0,0.0,-0.068780935480546,-0.0688140745028952,-0.03177523213861137,-0.03176151574087082,-0.03177523213861137,0.023224767861388683,0.26822476786138877,0.19944383238084412,0.0,0.03177523213861137,0.15654123192179353,3.280945842813265e-06,0,0,0,0,0,inf,inf,0,0,0.0,1.4257248726236915,-8.681412620672685e-06,0.11991197767579886,-1.0555119997312988e-05,-1.4955248726236916,1.6353593347144022e-05,1.6237208328845902,-0.7853248669104129,0.0001234183680652482,0.06393648691316567,0.0001584891765879874,0.085274325149624,-0.0002636882834858387,-0.005085215767754089,0.00021051671206246696,-0.0067076926351108505,-25.95214911805263,0.11530540082129397,19.08637456159787,0.7397380738709465,3.7862929004161883,0.001334181633559965,-0.0067076926351108505,-25.95214911805263,0.11530540082129397,19.08637456159787,0.7397380738709465,3.7862929004161883,0.001334181633559965
3.960999999999675,2,1,1,2,0.0007402264485838741,4.881490833806698,4.857536819975972,5.0,0.5974437071382956,-6.100577650377778e-06,0.43589992428049185,0.022951752217166294,8.980125696256919e-05,0.001664432442984304,0.6062500099023688,-9.278129557961225e-06,0.008806303337346387,0.48382572117023737,0.04816499999999803,0.04816499999999803,1.0,-0.03071878453878568,-0.030610973501911363,-0.1606672995111696,-0.16045057536420232,-0.1606672995111696,-0.19138608404995527,-7.0,0.0,0.0,-0.06907303187221882,-0.06910505045945267,-0.03336309591089649,-0.033347267200477954,-0.03336309591089649,0.021636904089103563,0.2666369040891037,0.19756387221688618,0.0,0.03336309591089649,0.1606672995111696,1.399854188840746e-06,0,0,0,0,0,inf,inf,0,0,0.0,1.4248616258361524,-7.490758102370778e-06,0.12056348505938642,-9.031295468308275e-06,-1.4946616258361525,1.3816069146795904e-05,1.623669551592545,-0.7853228300122952,0.0001157296698671581,0.06613585273255934,0.0001477291530059815,0.08720075849420388,-0.0002476060286444751,-0.005148763725485986,0.0001986266038900317,-0.007085578624856187,-25.965815919701868,0.1156020393434446,19.08813559944915,0.739512441564971,3.793832721851985,0.0013404428528324746,-0.007085578624856187,-25.965815919701868,0.1156020393434446,19.08813559944915,0.739512441564971,3.793832721851985,0.0013404428528324746
3.9709999999996737,2,1,1,2,0.0007520787518136276,4.927454161418574,4.863612811467982,5.0,0.5976765702465697,-5.243109213273198e-06,0.435914701802786,0.023558998814683308,8.23480865145945e-05,0.0013345239982903434,0.6065500099023687,-9.278129557961225e-06,0.00887344057322162,0.49288892715959504,0.048464999999997996,0.048464999999997996,1.0,-0.033725829079089685,-0.03362994531199658,-0.164918257226316,-0.1647014771718351,-0.164918257226316,-0.19864408630540567,-7.0,0.0,0.0,-0.06939708565172986,-0.06942809015572227,-0.034993163466637146,-0.034975157796402874,-0.034993163466637146,0.020006836533362913,0.2650068365333631,0.19560975088163451,0.0,0.034993163466637146,0.164918257226316,7.598352319905001e-07,0,0,0,0,0,inf,inf,0,0,0.0,1.423978559013913,-6.3697891567641885e-06,0.12123666433378465,-7.604511486456305e-06,-1.493778559013913,1.1378636804199377e-05,1.6236178553341305,-0.7853208929481836,0.00010926939196745025,0.06827552972614208,0.0001387436205733492,0.08922370827742385,-0.00024168828408566406,-0.005193309575909247,0.0001901452684374522,-0.0073720060511999145,-25.979374385167176,0.11601951048816382,19.086396253310724,0.7394318639387131,3.797389155780415,0.0013399708058412182,-0.0073720060511999145,-25.979374385167176,0.11601951048816382,19.086396253310724,0.7394318639387131,3.797389155780415,0.0013399708058412182
3.9809999999996726,2,1,1,2,0.0007610171105517918,4.969753804969681,4.874813941977724,5.0,0.5979154425378372,-4.462507322034072e-06,0.4359265417782787,0.024151274118177107,7.453685207559692e-05,0.001067906019517869,0.6068500099023687,-9.278129557961225e-06,0.008934568662312034,0.5018811371319053,0.04876499999999796,0.04876499999999796,1.0,-0.036365623229671816,-0.03628257845123718,-0.16906443289963302,-0.16885593128826976,-0.16906443289963302,-0.2054300561293048,-7.0,0.0,0.0,-0.0697491432576676,-0.06977925947079162,-0.03666529651022333,-0.03664516386580659,-0.03666529651022333,0.018334703489776727,0.2633347034897769,0.1935855602321106,0.0,0.03666529651022333,0.16906443289963302,1.0281329833714562e-06,0,0,0,0,0,inf,inf,0,0,0.0,1.423074876676937,-5.308983701146747e-06,0.12193087536500784,-6.261650065500944e-06,-1.492874876676937,8.968268721854547e-06,1.6235653356680881,-0.7853190259451891,0.00010355192374670466,0.07034771022752244,0.00013074200798313693,0.09131215604058641,-0.00024099827264851113,-0.005315476356726234,0.00018416520604500386,-0.007578327444837423,-25.99377106542808,0.1165419220870763,19.082892389256404,0.7394392269570668,3.798880413030091,0.0013269093330219033,-0.007578327444837423,-25.99377106542808,0.1165419220870763,19.082892389256404,0.7394392269570668,3.798880413030091,0.0013269093330219033
3.9909999999996715,2,1,1,2,0.0007675935769435862,5.008083422453184,4.8899379652628285,5.0,0.5981600740044746,-3.760245223916244e-06,0.43593599924929294,0.024712135279101256,6.67256723672947e-05,0.0008510575694806857,0.6071500099023687,-9.278129557961225e-06,0.00898993759129019,0.5108132779975515,0.04906499999999793,0.04906499999999793,1.0,-0.03868840205967545,-0.0386177926728533,-0.17299072124626183,-0.1727945001899521,-0.17299072124626183,-0.21167912330593724,-7.0,0.0,0.0,-0.07012581843695298,-0.07015517325513675,-0.03837774505812814,-0.03835559283545958,-0.03837774505812814,0.016622254941871924,0.261622254941872,0.1914964365049204,0.0,0.03837774505812814,0.17299072124626183,1.3552982698766748e-06,0,0,0,0,0,inf,inf,0,0,0.0,1.4221500919723087,-4.303048019098574e-06,0.12264540393240124,-4.995879823841409e-06,-1.4919500919723088,6.552259760373813e-06,1.6235109823317784,-0.7853172105376032,9.820644029262072e-05,0.07234544191455435,0.0001232115697898595,0.09343588679079042,-0.00024218746862835532,-0.005551427617147079,0.0001795143771037617,-0.007718957804885866,-26.00943460750088,0.11715130403552651,19.078579937233346,0.7394943408447493,3.799343370968519,0.001303501214388909,-0.007718957804885866,-26.00943460750088,0.11715130403552651,19.078579937233346,0.7394943408447493,3.799343370968519,0.001303501214388909
4.000999999999671,2,1,1,2,0.0007722522796450295,5.042489984941318,4.907927239668929,5.0,0.5984101044690956,-3.135041803639071e-06,0.4359435143780186,0.025234194382055777,5.912937202738522e-05,0.0006739423953700794,0.6074500099023686,-9.278129557961225e-06,0.009039907520547246,0.5196735265939864,0.0493649999999979,0.0493649999999979,1.0,-0.04073462905929842,-0.04067545096852465,-0.1766454026473695,-0.1764630883292559,-0.17664540264736953,-0.2173800317066679,-7.0,0.0,0.0,-0.07052417006740425,-0.07055288262200278,-0.0401279879150317,-0.0401039492749889,-0.0401279879150317,0.014872012084968356,0.2598720120849686,0.1893478420175656,0.0,0.0401279879150317,0.1766454026473695,1.5908043879947112e-06,0,0,0,0,0,inf,inf,0,0,0.0,1.4212040039449745,-3.3497888599660047e-06,0.12337947375249414,-3.804379404566044e-06,-1.4910040039449746,4.1243859501121894e-06,1.623453611766122,-0.7853154388112359,9.297042896628696e-05,0.07426317001178381,0.00011583301347876579,0.09556785566520008,-0.0002431275977456091,-0.005906304967505546,0.00017526140856727768,-0.0078058586103209185,-26.026513922246505,0.11783295345809537,19.073978288168327,0.739570336136273,3.7993269017110376,0.001273153055862951,-0.0078058586103209185,-26.026513922246505,0.11783295345809537,19.073978288168327,0.739570336136273,3.7993269017110376,0.001273153055862951
4.010999999999674,2,1,1,2,0.0007753534303212841,5.073192103382235,4.927884273819178,5.0,0.5986651294511345,-2.5840455897834443e-06,0.4359494406823572,0.02571498655397311,5.186377367650552e-05,0.000528888868652907,0.6077500099023686,-9.278129557961225e-06,0.009084882917461078,0.5284407982334152,0.049664999999997864,0.049664999999997864,1.0,-0.04253810858735661,-0.042489141924558736,-0.18001121961847547,-0.17984316049415322,-0.18001121961847547,-0.22254932820583206,-7.0,0.0,0.0,-0.0709416232011353,-0.07096980117162191,-0.04191319374469227,-0.04188741041975487,-0.04191319374469227,0.013086806255307793,0.258086806255308,0.18714518305417396,0.0,0.04191319374469227,0.18001121961847547,1.754197535925362e-06,0,0,0,0,0,inf,inf,0,0,0.0,1.4202366602452707,-2.449123814450556e-06,0.1241322613375241,-2.6867196105738596e-06,-1.4900366602452708,1.69455931405392e-06,1.6233920801455148,-0.7853137104726556,8.767192109801304e-05,0.07609685534953435,0.0001084256521702073,0.09768504554564748,-0.000242580865582218,-0.006370426044711321,0.00017077926262916505,-0.007847916509151677,-26.04501161977498,0.11857587425187059,19.06936486018004,0.739650265942326,3.7991137814957066,0.0012387351836028722,-0.007847916509151677,-26.04501161977498,0.11857587425187059,19.06936486018004,0.739650265942326,3.7991137814957066,0.0012387351836028722
4.0209999999996775,2,1,1,2,0.0007771863591916886,5.100480205506879,4.949066405758367,5.0,0.5989247355982376,-2.103621049821212e-06,0.43595406459528147,0.0261546635104717,4.4981235925601946e-05,0.00040989504971855584,0.6080500099023686,-9.278129557961225e-06,0.009125277124515514,0.5370917511097806,0.04996499999999783,0.04996499999999783,1.0,-0.04412770681367029,-0.04408771396486306,-0.18308923143355513,-0.18293510771529264,-0.18308923143355513,-0.22721693824722544,-7.0,0.0,0.0,-0.07137591269787286,-0.07140365135604197,-0.04373046909332172,-0.04370308225959787,-0.04373046909332172,0.011269530906678345,0.25626953090667853,0.18489361820880698,0.0,0.04373046909332172,0.18308923143355513,1.8688088615575858e-06,0,0,0,0,0,inf,inf,0,0,0.0,1.419248315937038,-1.6022844042200095e-06,0.124902910819969,-1.6437112135410058e-06,-1.489048315937038,-7.185383124317704e-07,1.6233253792843247,-0.7853120300486078,8.22098640630073e-05,0.07784389534460236,0.00010090652391473289,0.09976855490643671,-0.00023992978391357216,-0.006927972900825711,0.00016569447088321282,-0.00785155381953366,-26.06485759126607,0.1193720055624053,19.0648840032187,0.7397242359225779,3.7988441051069333,0.0012023589962561838,-0.00785155381953366,-26.06485759126607,0.1193720055624053,19.0648840032187,0.7397242359225779,3.7988441051069333,0.0012023589962561838
4.030999999999681,2,1,1,2,0.0007779155426565201,5.124663553415122,4.970871011966968,5.0,0.599188519221152,-1.68983421488005e-06,0.43595761956034984,0.026554719827070087,3.849635497255869e-05,0.00031218412412741995,0.6083500099023685,-9.278129557961225e-06,0.009161493823839177,0.545604244668046,0.0502649999999978,0.0502649999999978,1.0,-0.04552840287540467,-0.04549622309615235,-0.1858898978848361,-0.1857490562548329,-0.18588989788483612,-0.23141830076024078,-7.0,0.0,0.0,-0.07182504000950794,-0.07185242262404383,-0.04557698813657854,-0.045548133738309696,-0.04557698813657854,0.009423011863421513,0.25442301186342164,0.1825979718539151,0.0,0.04557698813657854,0.1858898978848361,1.950080672313886e-06,0,0,0,0,0,inf,inf,0,0,0.0,1.4182393936781226,-8.112067204840982e-07,0.12569054747340871,-6.766068478779266e-07,-1.4880393936781227,-3.0924678343877336e-06,1.623252670709022,-0.7853104047223783,7.65363924810889e-05,0.0795029635795677,9.325909137975943e-05,0.10180331990022608,-0.00023496977347648386,-0.0075614965956573065,0.0001598199650406812,-0.007821478684607813,-26.08594891448465,0.1202153424290991,19.060607360787277,0.7397871564187933,3.7985830128756457,0.001165507322777545,-0.007821478684607813,-26.08594891448465,0.1202153424290991,19.060607360787277,0.7397871564187933,3.7985830128756457,0.001165507322777545
4.040999999999684,2,1,1,2,0.0007778200025072837,5.146043538762233,4.992817396157423,5.0,0.5994560955456406,-1.3387288747356904e-06,0.4359602965631536,0.026917296761737878,3.2403306638451726e-05,0.00023190873569415942,0.6086500099023685,-9.278129557961225e-06,0.009193917784760232,0.553958892599861,0.050564999999997765,0.050564999999997765,1.0,-0.04676198935231715,-0.046736577553355904,-0.18842820594343163,-0.18829984139533118,-0.18842820594343165,-0.23519019529574878,-7.0,0.0,0.0,-0.0722872383724342,-0.0723143372236121,-0.047450057445179786,-0.047419863951439545,-0.047450057445179786,0.007549942554820272,0.25254994255482044,0.18026270418238763,0.0,0.047450057445179786,0.18842820594343163,2.0075628265735824e-06,0,0,0,0,0,inf,inf,0,0,0.0,1.417210447630952,-7.808291825538912e-08,0.12649428946553679,2.1342763759828526e-07,-1.487010447630952,-5.404285856212879e-06,1.6231732884294823,-0.7853088427974836,7.064214796814462e-05,0.08107382544103349,8.550962874226936e-05,0.103777686389209,-0.0002277574458697798,-0.008254131824732438,0.00015309754098317066,-0.007761293605174385,-26.108171059432074,0.12110122980655268,19.056567054256778,0.7398370738765859,3.7983573458446767,0.0011292039230950451,-0.007761293605174385,-26.108171059432074,0.12110122980655268,19.056567054256778,0.7398370738765859,3.7983573458446767,0.0011292039230950451
4.0509999999996875,2,1,1,2,0.0007770619942770443,5.1649014104922495,5.01452851771535,5.0,0.5997271029181689,-1.046465826777783e-06,0.4359622522391645,0.02724480596360492,2.668685718781361e-05,0.00016594567913933456,0.6089500099023685,-9.278129557961225e-06,0.009222910657676636,0.5621396152824997,0.05086499999999773,0.05086499999999773,1.0,-0.047847576073460116,-0.04782801253406064,-0.19072103565080106,-0.1906042890501024,-0.19072103565080106,-0.2385686117242612,-7.0,0.0,0.0,-0.07276094383501158,-0.07278782144122414,-0.04934714542653438,-0.049315732901330345,-0.04934714542653438,0.005652854573465665,0.25065285457346587,0.17789191073845564,0.0,0.04934714542653438,0.19072103565080106,2.0472367569667102e-06,0,0,0,0,0,inf,inf,0,0,0.0,1.4161621319283968,5.949576050076208e-07,0.12731325777123015,1.0256412044716906e-06,-1.4859621319283969,-7.632536588119999e-06,1.6230867269581475,-0.785307352660407,6.454467054856346e-05,0.08255715707030688,7.77098599224941e-05,0.10568294336932436,-0.00021850376603749013,-0.008990583492531425,0.00014555416487494274,-0.007673926741675999,-26.131408837705127,0.12202586079924803,19.0527738033544,0.7398739818115523,3.798175168443434,0.001094149631136905,-0.007673926741675999,-26.131408837705127,0.12202586079924803,19.0527738033544,0.7398739818115523,3.798175168443434,0.001094149631136905
4.060999999999691,2,1,1,2,0.0007757746629763742,5.181493718384955,5.035714056915951,5.0,0.6000012043017074,-8.093780132593736e-07,0.4359636152604341,0.02753972883649494,2.1328897896730617e-05,0.00011174714334521277,0.6092500099023684,-9.278129557961225e-06,0.009248809477904216,0.5701336844639271,0.0511649999999977,0.0511649999999977,1.0,-0.04880197628677185,-0.04878746208512182,-0.1927857556122256,-0.19267976517857213,-0.19278575561222563,-0.24158773189899746,-7.0,0.0,0.0,-0.07324477062980361,-0.07327148098384674,-0.05126589279686526,-0.05123337266844013,-0.05126589279686526,0.0037341072031347733,0.24873410720313496,0.17548933657333277,0.0,0.05126589279686526,0.1927857556122256,2.0730196208695872e-06,0,0,0,0,0,inf,inf,0,0,0.0,1.4150951737471156,1.2060660500194469e-06,0.1281465843524893,1.7598802657394375e-06,-1.4848951737471157,-9.758371089528759e-06,1.6229926233394378,-0.7853059421114512,5.827946373807031e-05,0.08395437942146412,6.992454481190177e-05,0.10751287236871483,-0.00020750126806970954,-0.009757472369976214,0.00013727038854229018,-0.007561915738145363,-26.155551798930727,0.1229859434032203,19.04922677009869,0.7398990017589737,3.798035955598446,0.0010608191376400998,-0.007561915738145363,-26.155551798930727,0.1229859434032203,19.04922677009869,0.7398990017589737,3.798035955598446,0.0010608191376400998
4.070999999999694,2,1,1,2,0.0007740672135794482,5.196051719988994,5.056155414986574,5.0,0.6002780873393607,-6.239778745938528e-07,0.4359644914496061,0.02780451158271477,1.6311976861823745e-05,6.722879009350425e-05,0.6095500099023684,-9.278129557961225e-06,0.009271926601777666,0.5779315248448417,0.051464999999997665,0.051464999999997665,1.0,-0.04964001737288691,-0.04962986353239491,-0.19463948826396438,-0.19454341606453227,-0.19463948826396438,-0.2442795056368513,-7.0,0.0,0.0,-0.07373748996735828,-0.07376407968776127,-0.05320411302790362,-0.053170588222797785,-0.05320411302790363,0.001795886972096415,0.24679588697209665,0.17305839700473977,0.0,0.05320411302790362,0.19463948826396438,2.0876356374151407e-06,0,0,0,0,0,inf,inf,0,0,0.0,1.4140103506780717,1.753815079343645e-06,0.12899341878303033,2.4166689527390423e-06,-1.4838103506780718,-1.1766081797374482e-05,1.6228907376774357,-0.7853046179579485,5.1893234681869105e-05,0.08526751149771383,6.222286392050846e-05,0.10926333695966711,-0.00019507604906773127,-0.010543359781447487,0.00012835807736016544,-0.007427583526920302,-26.180496665972495,0.12397849077881858,19.045918891539287,0.7399138365341222,3.7979357585732565,0.001029527134376583,-0.007427583526920302,-26.180496665972495,0.12397849077881858,19.045918891539287,0.7399138365341222,3.7979357585732565,0.001029527134376583
4.0809999999996975,2,1,1,2,0.0007720291484648858,5.2087826894489,5.075692779344679,5.0,0.6005574636790818,-4.869406754037103e-07,0.43596496792024836,0.028041511958598404,1.162091375487357e-05,3.068294890903423e-05,0.6098500099023684,-9.278129557961225e-06,0.009292550381726184,0.5855264121871603,0.05176499999999763,0.05176499999999763,1.0,-0.050374799324483605,-0.050368413872976026,-0.19629873713045373,-0.19621178213033214,-0.1962987371304537,-0.24667353645493734,-7.0,0.0,0.0,-0.07423801163573032,-0.0742645209956621,-0.05515978762100318,-0.055125352882236,-0.05515978762100319,-0.00015978762100314644,0.24484021237899709,0.17060220074326818,0.0,0.05515978762100318,0.19629873713045373,2.0931030376588254e-06,0,0,0,0,0,inf,inf,0,0,0.0,1.4129084719385205,2.237281835130816e-06,0.12985293351333457,2.9972195617900365e-06,-1.4827084719385206,-1.364325831346799e-05,1.6227809343398087,-0.7853033857908865,4.543884273344754e-05,0.08649904313455767,5.46726441814843e-05,0.1109319206541525,-0.00018155723472668275,-0.011338622693747894,0.00011894495128775971,-0.007273139893313435,-26.206148221822712,0.12500069676911685,19.042839771629893,0.7399204171291722,3.7978697120507294,0.001000473217210179,-0.007273139893313435,-26.206148221822712,0.12500069676911685,19.042839771629893,0.7399204171291722,3.7978697120507294,0.001000473217210179
4.090999999999701,2,1,1,2,0.0007697337545278507,5.219872020374252,5.094214155741448,5.0,0.6008390679327094,-3.9507855566841706e-07,0.43596511645240055,0.028252973764181986,7.2432579261346696e-06,7.09750899836575e-07,0.6101500099023683,-9.278129557961225e-06,0.009310946207070053,0.5929141398110462,0.0520649999999976,0.0520649999999976,1.0,-0.05101791427324512,-0.051014789314477366,-0.1977792082255776,-0.19770061216539078,-0.19777920822557757,-0.24879712249882271,-7.0,0.0,0.0,-0.07474536796225908,-0.07477183178793614,-0.057131058821395624,-0.05709580111398182,-0.05713105882139563,-0.002131058821395593,0.2428689411786046,0.16812357321634694,0.0,0.057131058821395624,0.1977792082255776,2.091003267820352e-06,0,0,0,0,0,inf,inf,0,0,0.0,1.411790362935371,2.6560879789618505e-06,0.13072432796543984,3.503397252580101e-06,-1.481590362935371,-1.5380707722666887e-05,1.6226631647918468,-0.7853022498879263,3.8971565931809225e-05,0.08765182605604618,4.733666533275007e-05,0.11251761352273061,-0.00016725845407899174,-0.012135268920843356,0.00010916400396002416,-0.0071007342008996615,-26.232419409637718,0.1260498678368278,19.039977260886737,0.7399206835880769,3.797833162002918,0.000973772667089779,-0.0071007342008996615,-26.232419409637718,0.1260498678368278,19.039977260886737,0.7399206835880769,3.797833162002918,0.000973772667089779
4.100999999999704,2,1,1,2,0.0007672409791639459,5.229485546574386,5.111646170130864,5.0,0.6011226564687616,-3.4531388782347355e-07,0.4359649962559685,0.028441016095660875,3.169100983870088e-06,-2.383837331318712e-05,0.6104500099023683,-9.278129557961225e-06,0.009327357711088939,0.600092689060436,0.052364999999997566,0.052364999999997566,1.0,-0.05157963511746481,-0.05157933487916438,-0.19909573479696488,-0.19902478427539866,-0.19909573479696488,-0.25067536991442974,-7.0,0.0,0.0,-0.07525869979542263,-0.07528514824011327,-0.059116221168574866,-0.05908022012095051,-0.05911622116857487,-0.004116221168574844,0.24088377883142537,0.1656250790360041,0.0,0.059116221168574866,0.19909573479696488,2.0826303017100875e-06,0,0,0,0,0,inf,inf,0,0,0.0,1.410656852709136,3.010408166932301e-06,0.13160683163007705,3.937656456946688e-06,-1.4804568527091362,-1.6972236752611144e-05,1.6225374523835754,-0.7853012132022132,3.2546375941846e-05,0.08872898131831446,4.027046258215426e-05,0.11402054420351071,-0.0001524673829065032,-0.012926737840158341,9.914638217677225e-05,-0.006912477276171206,-26.25923105080503,0.1271233909358,19.0373183338878,0.7399164563978586,3.7978220986407942,0.0009494779572936502,-0.006912477276171206,-26.25923105080503,0.1271233909358,19.0373183338878,0.7399164563978586,3.7978220986407942,0.0009494779572936502
4.1109999999997076,2,1,1,2,0.000764599804432802,5.237771796907067,5.12794641235803,5.0,0.6014080061447415,-3.3465645553241914e-07,0.43596465623782593,0.028607630399496313,-6.094258145157753e-07,-4.390188978530717e-05,0.6107500099023683,-9.278129557961225e-06,0.009342008038597645,0.6070619201832483,0.05266499999999753,0.05266499999999753,1.0,-0.05206907855104401,-0.05207122877542479,-0.2002622566844211,-0.2001982832503881,-0.2002622566844211,-0.2523313352354651,-7.0,0.0,0.0,-0.07577724422854144,-0.0758037034342892,-0.06111371262320519,-0.0610770409774715,-0.061113712623205196,-0.0061137126232051675,0.23888628737679504,0.16310904314825495,0.0,0.06111371262320519,0.2002622566844211,2.0690748554128334e-06,0,0,0,0,0,inf,inf,0,0,0.0,1.409508763830224,3.300955680816115e-06,0.13249970631898428,4.302961442310313e-06,-1.479308763830224,-1.8414360404012664e-05,1.6224038791015636,-0.7853002774082367,2.6215983137104315e-05,0.08973382113711369,3.3521187114493604e-05,0.11544175252733385,-0.00013744058728636248,-0.013707708328900899,8.901671186793141e-05,-0.006710444751205556,-26.286511392734717,0.12821872327707126,19.034849591483002,0.7399093676438614,3.7978332546966382,0.0009275941528200494,-0.006710444751205556,-26.286511392734717,0.12821872327707126,19.034849591483002,0.7399093676438614,3.7978332546966382,0.0009275941528200494
4.120999999999711,2,1,1,2,0.0007618502071800306,5.244864058366977,5.143097097149227,5.0,0.6016949130346725,-3.601863948230136e-07,0.43596413686329405,0.028754681621487574,-4.098765085706977e-06,-6.025120077463766e-05,0.6110500099023682,-9.278129557961225e-06,0.009355101118303382,0.6138232901861608,0.0529649999999975,0.0529649999999975,1.0,-0.05249434632837705,-0.05249862506810704,-0.20129182834513057,-0.20123420755638521,-0.2012918283451306,-0.2537861746735076,-7.0,0.0,0.0,-0.07630032383130966,-0.0763268164923159,-0.06312210566050065,-0.06308482971734518,-0.06312210566050067,-0.008122105660500638,0.23687789433949957,0.16057757050819121,0.0,0.06312210566050065,0.20129182834513057,2.0512734988522815e-06,0,0,0,0,0,inf,inf,0,0,0.0,1.408346904369396,3.528951878969961e-06,0.13340224770565523,4.602699745368646e-06,-1.478146904369396,-1.97059789738335e-05,1.6222625741549095,-0.7852994429844297,2.0029470668247382e-05,0.09066978319952777,2.7127200783514584e-05,0.1167829976753996,-0.0001224017621758758,-0.014473923224335048,7.88901525601081e-05,-0.006496670052515904,-26.314195594572833,0.1293333946149848,19.03255756131148,0.7399008306495913,3.797864054787603,0.0009080902377109698,-0.006496670052515904,-26.314195594572833,0.1293333946149848,19.03255756131148,0.7399008306495913,3.797864054787603,0.0009080902377109698
4.130999999999714,2,1,1,2,0.0007590247766184601,5.250882204478877,5.1570998368503,5.0,0.6019831911809936,-4.1904329763788015e-07,0.4359634716844828,0.028883911490527818,-7.304538549539816e-06,-7.351711030339952e-05,0.6113500099023682,-9.278129557961225e-06,0.009366822910811461,0.6203795992628823,0.05326499999999747,0.05326499999999747,1.0,-0.05286264778391279,-0.05286877752369339,-0.20219664182332692,-0.20214479177551403,-0.2021966418233269,-0.2550592896072396,-7.0,0.0,0.0,-0.07682733718862139,-0.0768538830299773,-0.06514009853407468,-0.06510227858507177,-0.0651400985340747,-0.010140098534074646,0.23485990146592556,0.1580325642773055,0.0,0.06514009853407468,0.20219664182332692,2.0300388572953365e-06,0,0,0,0,0,inf,inf,0,0,0.0,1.4071720616140861,3.696084570568423e-06,0.13431378626977994,4.840594456752596e-06,-1.4769720616140862,-2.0848049913180232e-05,1.6221137042101146,-0.7852987093181568,1.4031380246523442e-05,0.09154037574813662,2.1118168824770434e-05,0.11804659701466205,-0.00010754207688338569,-0.015222033306952147,6.887067315584001e-05,-0.006273132340770527,-26.34222520434261,0.13046501595937957,19.030428888043804,0.739892033657816,3.7979125088240795,0.0008909076744084187,-0.006273132340770527,-26.34222520434261,0.13046501595937957,19.030428888043804,0.739892033657816,3.7979125088240795,0.0008909076744084187
4.140999999999718,2,1,1,2,0.0007561500481879915,5.255934287681699,5.1699713450643,5.0,0.6022726713859547,-5.084210076459797e-07,0.43596268859432785,0.028996942904805246,-1.0232080422209434e-05,-8.421592774005433e-05,0.6116500099023682,-9.278129557961225e-06,0.009377342617138332,0.6267347650200378,0.053564999999997434,0.053564999999997434,1.0,-0.053180406129855154,-0.05318814709526594,-0.20298805743855816,-0.2029414370293204,-0.2029880574385582,-0.25616846356841333,-7.0,0.0,0.0,-0.07735775057344754,-0.07738436675773677,-0.06716650681616068,-0.06712819755975091,-0.0671665068161607,-0.012166506816160634,0.23283349318383958,0.15547574261039335,0.0,0.06716650681616068,0.20298805743855816,2.0060795561007153e-06,0,0,0,0,0,inf,inf,0,0,0.0,1.405984997248412,3.8044592329052644e-06,0.13523368774465913,5.020619351159089e-06,-1.475784997248412,-2.184327058142431e-05,1.6219574650782742,-0.7852980748229542,8.261145247817535e-06,0.09234913193346768,1.5515479754846086e-05,0.11923529121310526,-9.302177027077429e-05,-0.015949460751068317,5.9050190019785584e-05,-0.0060417427443113115,-26.370547652607325,0.1316112908579201,19.028450461179144,0.7398839479099923,3.7979770938936133,0.0008759670344628374,-0.0060417427443113115,-26.370547652607325,0.1316112908579201,19.028450461179144,0.7398839479099923,3.7979770938936133,0.0008759670344628374
4.150999999999721,2,1,1,2,0.0007532476023217874,5.260117913622722,5.181739915770586,5.0,0.6025632000502419,-6.255672117484076e-07,0.43596181085450203,0.029095284876215596,-1.2886870651613136e-05,-9.277016550976172e-05,0.6119500099023681,-9.278129557961225e-06,0.009386813839999687,0.632893622682315,0.0538649999999974,0.0538649999999974,1.0,-0.05345335071254307,-0.05346249521241841,-0.20367663838279473,-0.20363474545038895,-0.2036766383827947,-0.25712998909533774,-7.0,0.0,0.0,-0.07789109060378219,-0.07791779207658292,-0.06920025526844963,-0.06916150620778813,-0.06920025526844964,-0.014200255268449572,0.23079974473155065,0.15290865412776977,0.0,0.06920025526844963,0.20367663838279473,1.980014495594622e-06,0,0,0,0,0,inf,inf,0,0,0.0,1.404786443755818,3.856546087541053e-06,0.13616135315293668,5.146919426247746e-06,-1.474586443755818,-2.269578110705575e-05,1.6217940746669917,-0.785297537060874,2.752791090790105e-06,0.09309957212879247,1.0332869772044857e-05,0.12035213176239708,-7.897243434064749e-05,-0.016654280632222292,4.9508311980975824e-05,-0.005804330909060855,-26.39911577332111,0.1327700268998995,19.026609505379483,0.739877343799522,3.798056644210318,0.0008631732472942175,-0.005804330909060855,-26.39911577332111,0.1327700268998995,19.026609505379483,0.739877343799522,3.798056644210318,0.0008631732472942175
4.160999999999724,2,1,1,2,0.0007503349684699059,5.263521422638005,5.192442546287081,5.0,0.6028546380626975,-7.677867759224198e-07,0.4359608579369003,0.029180337742625018,-1.527486106031195e-05,-9.952560105245006e-05,0.6122500099023681,-9.278129557961225e-06,0.009395375694010888,0.6388617490862805,0.05416499999999737,0.05416499999999737,1.0,-0.05368659713691961,-0.05369696479084524,-0.20427218719375934,-0.20423455660488263,-0.20427218719375936,-0.257958784330679,-7.0,0.0,0.0,-0.07842693775395261,-0.07845373753774904,-0.07124037007042618,-0.07120122589229305,-0.07124037007042619,-0.01624037007042612,0.2287596299295741,0.15033269217562284,0.0,0.07124037007042618,0.20427218719375934,1.9523838618044915e-06,0,0,0,0,0,inf,inf,0,0,0.0,1.4035771018391374,3.855125354080499e-06,0.13709621850393203,5.223738389575785e-06,-1.4733771018391375,-2.3410892118345063e-05,1.6216237670267317,-0.7852970928649187,-2.4651591530713e-06,0.09379517307921763,5.577164189766576e-06,0.12140038755219919,-6.549962496676282e-05,-0.017335118589582504,4.031250929556941e-05,-0.005562633017465295,-26.427887355435217,0.13393914608680274,19.024893646499308,0.7398728110221882,3.7981502563906995,0.0008524198262807399,-0.005562633017465295,-26.427887355435217,0.13393914608680274,19.024893646499308,0.7398728110221882,3.7981502563906995,0.0008524198262807399
4.170999999999728,2,1,1,2,0.0007474263678900741,5.266224904996946,5.202122593594277,5.0,0.6031468597428344,-9.324477743871475e-07,0.4359598462114923,0.029253398488440992,-1.7402699698545977e-05,-0.00010476533186325093,0.6125500099023681,-9.278129557961225e-06,0.0094031538631005,0.6446453082195701,0.054464999999997335,0.054464999999997335,1.0,-0.05388471693537934,-0.0538961506518844,-0.20478378298763208,-0.20474998471592593,-0.20478378298763208,-0.2586684999230115,-7.0,0.0,0.0,-0.07896492060837497,-0.07899183005297658,-0.07328597141729566,-0.07324647235180805,-0.07328597141729568,-0.018285971417295613,0.22671402858270462,0.14774910797433097,0.0,0.07328597141729566,0.20478378298763208,1.9236581511834527e-06,0,0,0,0,0,inf,inf,0,0,0.0,1.4023576386837882,3.803232456793088e-06,0.13803775421544487,5.255353905918715e-06,-1.4721576386837882,-2.399483927457582e-05,1.6214467873409444,-0.7852967384580885,-7.369622571319464e-06,0.09443934291207276,1.2490740757850432e-06,0.12238346761446577,-5.268557216614477e-05,-0.01799106267081305,3.1518574489667405e-05,-0.005318281861343361,-26.456824725503925,0.13511669336294813,19.02329096044398,0.7398707801608947,3.7982572114954825,0.0008435923156448828,-0.005318281861343361,-26.456824725503925,0.13511669336294813,19.02329096044398,0.7398707801608947,3.7982572114954825,0.0008435923156448828
4.180999999999731,2,1,1,2,0.0007445333230690345,5.268301074913268,5.210827871831849,5.0,0.6034397518367027,-1.1169892553178565e-06,0.4359587895076903,0.029315666081046163,-1.927786506208576e-05,-0.00010872134139737167,0.612850009902368,-9.278129557961225e-06,0.009410261604579868,0.6502509161599196,0.0547649999999973,0.0547649999999973,1.0,-0.05405179824583734,-0.05406416083388863,-0.2052198188039378,-0.20518945602361957,-0.2052198188039378,-0.25927161704977514,-7.0,0.0,0.0,-0.07950471076142293,-0.07953173975773879,-0.07533626649126571,-0.0752964486524423,-0.07533626649126572,-0.020336266491265655,0.22466373350873461,0.14515902274731296,0.0,0.07533626649126571,0.2052198188039378,1.8942458576483605e-06,0,0,0,0,0,inf,inf,0,0,0.0,1.4011286869162531,3.7041045304651125e-06,0.13898546431392636,5.24602090650431e-06,-1.4709286869162532,-2.4454564768404294e-05,1.6212633877284819,-0.7852964695666781,-1.1942776222161158e-05,0.09503540116897558,-2.6559950840363737e-06,0.12330485757549932,-4.0591850536920656e-05,-0.01862158750537062,2.3171278935326533e-05,-0.0050727991956437,-26.485894360091837,0.13630084300810505,19.021790008949335,0.7398715441365622,3.798376912745868,0.00083657112451733,-0.0050727991956437,-26.485894360091837,0.13630084300810505,19.021790008949335,0.7398715441365622,3.798376912745868,0.00083657112451733
4.190999999999734,2,1,1,2,0.0007416651569175084,5.269816025554844,5.218609114320943,5.0,0.6037332125659183,-1.3189299214672342e-06,0.4359576995716941,0.02936824676523654,-2.090872449644774e-05,-0.00011158400425563653,0.613150009902368,-9.278129557961225e-06,0.00941680070005868,0.6556855234200388,0.05506499999999727,0.05506499999999727,1.0,-0.05419149877195862,-0.05420467008498275,-0.20558803865756578,-0.2055607458678032,-0.20558803865756578,-0.2597795374295244,-7.0,0.0,0.0,-0.08004601828065305,-0.08007317544358632,-0.07739054280493539,-0.0773504385123559,-0.0773905428049354,-0.022390542804935312,0.222609457195065,0.14256343891441312,0.0,0.07739054280493539,0.20558803865756578,1.8645002030131111e-06,0,0,0,0,0,inf,inf,0,0,0.0,1.3998908441325972,3.5611292300907774e-06,0.13993888545915548,5.199922907924646e-06,-1.4696908441325973,-2.4797524913177587e-05,1.6210738237443352,-0.785296281526266,-1.617178982403222e-05,0.09558656313412894,-6.147152335141996e-06,0.12416806771728116,-2.9261928032510593e-05,-0.01922648914303545,1.5305154665982312e-05,-0.004827590375640907,-26.515066526267923,0.13748990284978116,19.02037986485255,0.7398752786133328,3.7985088369010245,0.0008312338670024762,-0.004827590375640907,-26.515066526267923,0.13748990284978116,19.02037986485255,0.7398752786133328,3.7985088369010245,0.0008312338670024762
4.200999999999738,2,1,1,2,0.0007388294009850463,5.270829884191067,5.22551873652642,5.0,0.6040271507292068,-1.5358770458425081e-06,0.4359565864384237,0.029412159276224793,-2.2304531562079755e-05,-0.00011350988600449815,0.613450009902368,-9.278129557961225e-06,0.009422862353855243,0.6609563128744521,0.055364999999997236,0.055364999999997236,1.0,-0.05430709212414263,-0.054320966651232004,-0.20589557402176867,-0.20587101521261109,-0.20589557402176867,-0.2602026661459113,-7.0,0.0,0.0,-0.08058858766238775,-0.08061588048769448,-0.07944816191226695,-0.07940779999419635,-0.07944816191226696,-0.024448161912266866,0.2205518380877335,0.13996325042534688,0.0,0.07944816191226695,0.20589557402176867,1.8347250907408476e-06,0,0,0,0,0,inf,inf,0,0,0.0,1.3986446728909885,3.3777965743906323e-06,0.14089758583285733,5.12113104887035e-06,-1.4684446728909886,-2.5031522328266646e-05,1.6208783514802239,-0.7852961693794487,-2.004849620587826e-05,0.09609592783115962,-9.237267607024176e-06,0.1249765908615951,-1.872354831890831e-05,-0.01980582910041061,7.945349438649484e-06,-0.004583941154751754,-26.54431494835683,0.1386823163967463,19.019050128661448,0.7398820608618927,3.7986524971284945,0.0008274572954921442,-0.004583941154751754,-26.54431494835683,0.1386823163967463,19.019050128661448,0.7398820608618927,3.7986524971284945,0.0008274572954921442
4.210999999999741,2,1,1,2,0.0007360321286549445,5.271397383651376,5.231609847274374,5.0,0.604321484855493,-1.7655350926427558e-06,0.43595545873341673,0.029448339942192044,-2.347537633046075e-05,-0.00011462813271592237,0.6137500099023679,-9.278129557961225e-06,0.0094285280398705,0.6660706116115951,0.0556649999999972,0.0556649999999972,1.0,-0.05440150848370368,-0.054415993315968594,-0.20614897953897135,-0.2061268464068406,-0.20614897953897135,-0.26055048802267505,-7.0,0.0,0.0,-0.08113219421876743,-0.08115962921794524,-0.08150855348028653,-0.08146795955872542,-0.08150855348028654,-0.02650855348028644,0.21849144651971392,0.1373592523009476,0.0,0.08150855348028653,0.20614897953897135,1.8051804354025056e-06,0,0,0,0,0,inf,inf,0,0,0.0,1.3973907010785573,3.1576543313414435e-06,0.1418611639248924,5.01357039614282e-06,-1.4671907010785574,-2.516456092638258e-05,1.6206772251800488,-0.785296127964805,-2.3569019646554834e-05,0.09656646914466521,-1.1942268106783433e-05,0.1257338685564581,-8.990925498251187e-06,-0.020359886353793842,1.1085165858454312e-06,-0.004343016437520553,-26.57361649919025,0.13987666308845365,19.017790937815235,0.7398918868567324,3.79880741533765,0.0008251188923999758,-0.004343016437520553,-26.57361649919025,0.13987666308845365,19.017790937815235,0.7398918868567324,3.79880741533765,0.0008251188923999758
4.220999999999744,2,1,1,2,0.0007332782265830054,5.271568363578398,5.236935464598473,5.0,0.6046161424072883,-2.0057136407548597e-06,0.43595432391742,0.029477647653987207,-2.4432101126740824e-05,-0.00011504569532454656,0.6140500099023679,-9.278129557961225e-06,0.009433870298173079,0.6710358152091079,0.05596499999999717,0.05596499999999717,1.0,-0.05447737039449861,-0.05449238350619044,-0.20635426780250993,-0.20633427802136634,-0.20635426780250996,-0.26083163819700855,-7.0,0.0,0.0,-0.08167664084403452,-0.08170422366065161,-0.08357120971289729,-0.08353040647108896,-0.0835712097128973,-0.028571209712897207,0.2164287902871031,0.1347521494430697,0.0,0.08357120971289729,0.20635426780250993,1.7760869266053654e-06,0,0,0,0,0,inf,inf,0,0,0.0,1.3961294225768657,2.904267274368626e-06,0.1428292472456157,4.880992974970782e-06,-1.4659294225768658,-2.5204721781112415e-05,1.6204706952968573,-0.7852961519969073,-2.67333783952051e-05,0.09700102959482426,-1.4280492198135492e-05,0.12644326427050284,-6.674464000513719e-08,-0.02088911619205526,-5.1962887926137e-06,-0.004105860756369198,-26.602950914218553,0.141071656886545,19.016592969800648,0.7399046865445711,3.7989731022180173,0.0008240981721015913,-0.004105860756369198,-26.602950914218553,0.141071656886545,19.016592969800648,0.7399046865445711,3.7989731022180173,0.0008240981721015913
4.230999999999748,2,1,1,2,0.0007305716153546407,5.271388212652923,5.241547900096066,5.0,0.6049110590329615,-2.2543343265977515e-06,0.4359531884841662,0.02950086868430884,-2.5186192518688273e-05,-0.00011485159233649562,0.6143500099023679,-9.278129557961225e-06,0.009438953482710196,0.6758593230750755,0.05626499999999714,0.05626499999999714,1.0,-0.05453702436583416,-0.05455249315960585,-0.20651694308558052,-0.20649883863847995,-0.20651694308558052,-0.2610539674514146,-7.0,0.0,0.0,-0.08222175511517686,-0.08224949062550302,-0.0856356801168101,-0.08559468754978795,-0.08563568011681011,-0.030635680116809998,0.21436431988319038,0.13214256476801461,0.0,0.0856356801168101,0.20651694308558052,1.7476303057239342e-06,0,0,0,0,0,inf,inf,0,0,0.0,1.394861298162113,2.621180492732826e-06,0.14380149098863668,4.7269569258569095e-06,-1.464661298162113,-2.5160057940160292e-05,1.620259006927973,-0.7852962361374344,-2.9545074519131303e-05,0.09740231635577776,-1.6272104457752794e-05,0.12710804249299104,8.056029519205152e-06,-0.021394114995771304,-1.0966728213168272e-05,-0.0038734002298331824,-26.63230052697807,0.14226614344816021,19.015447440122717,0.7399203373193783,3.7991490434892308,0.0008242777350042098,-0.0038734002298331824,-26.63230052697807,0.14226614344816021,19.015447440122717,0.7399203373193783,3.7991490434892308,0.0008242777350042098
4.240999999999751,2,1,1,2,0.0007279154284756941,5.270898260995929,5.245498281887887,5.0,0.6052061778663023,-2.509436620340753e-06,0.43595205812000853,0.029518721342504172,-2.5749658589870624e-05,-0.00011412037982484295,0.6146500099023678,-9.278129557961225e-06,0.009443834461733362,0.6805484836277595,0.056564999999997104,0.056564999999997104,1.0,-0.054582568866512166,-0.05459842894025141,-0.20664203392026903,-0.20662557949486746,-0.20664203392026903,-0.2612246027867812,-7.0,0.0,0.0,-0.08276738668831204,-0.082795279088653,-0.08770156659850924,-0.08766040224730919,-0.08770156659850925,-0.03270156659850913,0.21229843340149124,0.1295310467131803,0.0,0.08770156659850924,0.20664203392026903,1.7199652212821507e-06,0,0,0,0,0,inf,inf,0,0,0.0,1.3935867565863118,2.3118868229023e-06,0.1447775766644224,4.554811168842589e-06,-1.463386756586312,-2.5038506304410005e-05,1.6200423985735402,-0.7852963750576245,-3.201068161945668e-05,0.09777289916252327,-1.7938572904344675e-05,0.12773135280023926,1.539252814448534e-05,-0.021875590139830727,-1.6206327976423788e-05,-0.003646445757745142,-26.66165002452486,0.14345909612367755,19.014346096006335,0.7399386758009617,3.799334691122826,0.0008255441076921762,-0.003646445757745142,-26.66165002452486,0.14345909612367755,19.014346096006335,0.7399386758009617,3.799334691122826,0.0008255441076921762
4.250999999999754,2,1,1,2,0.0007253121572232948,5.270136130323602,5.248836191412937,5.0,0.6055014488716738,-2.769182327052023e-06,0.43595093783254335,0.029531860454373112,-2.613489886523732e-05,-0.00011291496884420339,0.6149500099023678,-9.278129557961225e-06,0.009448563272643295,0.685110548204451,0.05686499999999707,0.05686499999999707,1.0,-0.05461587920042329,-0.05463207330026809,-0.20673412445230888,-0.2067191059028588,-0.20673412445230885,-0.26135000365273225,-7.0,0.0,0.0,-0.08331340495748898,-0.08334145784023991,-0.08976851888032791,-0.08972719805051961,-0.08976851888032793,-0.03476851888032782,0.21023148111967258,0.12691807616218465,0.0,0.08976851888032791,0.20673412445230888,1.6932186744945412e-06,0,0,0,0,0,inf,inf,0,0,0.0,1.3923061957942795,1.9797983746184144e-06,0.14575721072189773,4.36768495720186e-06,-1.4621061957942796,-2.4847814785826927e-05,1.6198211011711352,-0.7852965634924234,-3.4139438772772116e-05,0.09811520979803398,-1.9302207481962223e-05,0.1283162180878607,2.196452771215411e-05,-0.022334334328431633,-2.092366793272598e-05,-0.003425697230788903,-26.69098622154972,0.14464961099982324,19.013281206601224,0.7399595080381196,3.7995294585141677,0.0008277883988488548,-0.003425697230788903,-26.69098622154972,0.14464961099982324,19.013281206601224,0.7399595080381196,3.7995294585141677,0.0008277883988488548
4.260999999999758,2,1,1,2,0.0007227637675890899,5.2691360480823475,5.251609393538575,5.0,0.6057968282329624,-3.031858777038433e-06,0.4359498320540921,0.0295408816592063,-2.6354572743429366e-05,-0.00011128890642363448,0.6152500099023678,-9.278129557961225e-06,0.009453183733043585,0.689552632699923,0.05716499999999704,0.05716499999999704,1.0,-0.054638629679030916,-0.05465510680863671,-0.20679738451710497,-0.20678360739463036,-0.20679738451710497,-0.2614360141961359,-7.0,0.0,0.0,-0.08385969694706384,-0.0838879133671749,-0.09183623022307547,-0.09179476618828755,-0.09183623022307548,-0.03683623022307538,0.20816376977692502,0.12430407282986221,0.0,0.09183623022307547,0.20679738451710497,1.667493136055586e-06,0,0,0,0,0,inf,inf,0,0,0.0,1.3910199842386297,1.6282220521155862e-06,0.14674012317234242,4.168481719485967e-06,-1.4608199842386298,-2.4595483070058954e-05,1.6195953373654717,-0.785296796286781,-3.594285722455043e-05,0.09843154289321711,-2.0385757549291715e-05,0.12886552628617515,2.779916144917122e-05,-0.022771203766583627,-2.5131618260958702e-05,-0.0032117485430304695,-26.72029785197824,0.14583690119725842,19.0122455503588,0.7399826182747162,3.7997327187520806,0.0008309067958409707,-0.0032117485430304695,-26.72029785197824,0.14583690119725842,19.0122455503588,0.7399826182747162,3.7997327187520806,0.0008309067958409707
4.270999999999761,2,1,1,2,0.0007202717944630168,5.267929130681425,5.253863642979393,5.0,0.606092277784465,-3.295880713101158e-06,0.43594874472486456,0.02954632551882737,-2.6421470960342454e-05,-0.00010928821635334309,0.6155500099023677,-9.278129557961225e-06,0.00945773400986258,0.69388168603068,0.057464999999997005,0.057464999999997005,1.0,-0.0546523134417528,-0.054669028102944855,-0.20683559840034796,-0.2068228865518899,-0.20683559840034796,-0.26148791184210074,-7.0,0.0,0.0,-0.08440616541259821,-0.08443454794587406,-0.09390443344221351,-0.09386283763333994,-0.09390443344221353,-0.03890443344221346,0.2060955665577869,0.12168940114518972,0.0,0.09390443344221351,0.20683559840034796,1.642869342978434e-06,0,0,0,0,0,inf,inf,0,0,0.0,1.3897284622612107,1.2603389144265257e-06,0.14772606622741163,3.959876616583068e-06,-1.4595284622612108,-2.428871543092407e-05,1.6193653209777277,-0.7852970684346015,-3.7434344812927784e-05,0.09872405780804175,-2.1212065226706394e-05,0.12938202497662563,3.2927780505957986e-05,-0.023187099653280013,-2.8846629029283384e-05,-0.0030050932206307267,-26.74957537693124,0.14702029060675068,19.01123240016839,0.7400077764161309,3.7999438052918695,0.0008348009241249551,-0.0030050932206307267,-26.74957537693124,0.14702029060675068,19.01123240016839,0.7400077764161309,3.7999438052918695,0.0008348009241249551
4.280999999999764,2,1,1,2,0.0007178374172978333,5.266543640039653,5.25564255292596,5.0,0.6063877644818151,-3.5597909249210754e-06,0.43594767935975315,0.02954868143562009,-2.6348393465384944e-05,-0.0001069528793969803,0.6158500099023677,-9.278129557961225e-06,0.009462247148440265,0.6981044646124309,0.05776499999999697,0.05776499999999697,1.0,-0.054658260222146655,-0.05467517176600255,-0.2068521922620258,-0.2068403864991978,-0.2068521922620258,-0.26151045248417254,-7.0,0.0,0.0,-0.08495272712843693,-0.08498127792286593,-0.09597289720429876,-0.09593117938507896,-0.09597289720429877,-0.04097289720429874,0.20402710279570163,0.11907437566726572,0.0,0.09597289720429876,0.2068521922620258,1.6194088174787005e-06,0,0,0,0,0,inf,inf,0,0,0.0,1.388431943514779,8.79187176255085e-07,0.14871481296096561,3.7443172753117907e-06,-1.458231943514779,-2.3934384166887387e-05,1.6191312566437797,-0.7852973751108941,-3.8628851801400136e-05,0.09899478139336286,-2.180377088118675e-05,0.12986831841275273,3.738495264397533e-05,-0.023582952550795632,-3.20880752434441e-05,-0.0028061304980273516,-26.778810807991,0.14819920722937935,19.010235506757322,0.7400347443328413,3.80016201445397,0.000839378088739907,-0.0028061304980273516,-26.778810807991,0.14819920722937935,19.010235506757322,0.7400347443328413,3.80016201445397,0.000839378088739907
4.290999999999768,2,1,1,2,0.0007154615207609341,5.265005216924784,5.2569875141918345,5.0,0.6066832599110306,-3.82225971132824e-06,0.43594663910199793,0.029548391378458935,-2.6148036134380753e-05,-0.0001043180187825075,0.6161500099023677,-9.278129557961225e-06,0.00946675156349828,0.7022275121185929,0.05806499999999694,0.05806499999999694,1.0,-0.05465765231245905,-0.05467472438323912,-0.20685026021620323,-0.20683921705271366,-0.20685026021620326,-0.26150791252866223,-7.0,0.0,0.0,-0.08549931134284676,-0.08552803216396507,-0.09804142259027358,-0.09799959101993792,-0.0980414225902736,-0.0430414225902736,0.2019585774097268,0.11645926606688102,0.0,0.09804142259027358,0.20685347986557684,1.5971561425030737e-06,0,0,0,0,0,inf,inf,0,0,0.0,1.3871307164032416,4.876486202951202e-07,0.14970615600254095,3.5240271992621916e-06,-1.4569307164032417,-2.3539002349901753e-05,1.6188933395947518,-0.7852977116976848,-3.954254070348994e-05,0.0992456114602714,-2.218306669736754e-05,0.13032686652249123,4.1207586596314424e-05,-0.023959709243866485,-3.48776584623434e-05,-0.0026151716951142716,-26.807997544773876,0.1493731762636713,19.00924908078504,0.7400632811281692,3.800386609270357,0.0008445514148002991,-0.0026151716951142716,-26.807997544773876,0.1493731762636713,19.00924908078504,0.7400632811281692,3.800386609270357,0.0008445514148002991
4.300999999999771,2,1,1,2,0.0007131447432376084,5.263337093972361,5.257937655182361,5.0,0.60697873983377,-4.082083263166357e-06,0.4359456267663522,0.029545853417120106,-2.5832887946775074e-05,-0.00010141484537542522,0.6164500099023676,-9.278129557961225e-06,0.009471271493902492,0.7062571438622052,0.058364999999996905,0.058364999999996905,1.0,-0.05465153894179442,-0.054668738999108915,-0.20683258907055369,-0.2068221795278672,-0.20683258907055369,-0.26148412801234805,-7.0,0.0,0.0,-0.08604585838391196,-0.08607475065504813,-0.10010983991217576,-0.10006790149584187,-0.10010983991217577,-0.04510983991217576,0.19989016008782465,0.11384430170391362,0.0,0.10010983991217576,0.20685347986557684,1.5761410034878599e-06,0,0,0,0,0,inf,inf,0,0,0.0,1.3858250455226895,8.843817120322561e-08,0.15069990626870003,3.301011399081873e-06,-1.4556250455226896,-2.3108704692397093e-05,1.618651755556868,-0.785298073804254,-4.019248176970557e-05,0.09947832080769412,-2.2371494131287255e-05,0.13075998553115772,4.443417082948501e-05,-0.024318321753447118,-3.7238864828409805e-05,-0.0024324467676347687,-26.83713022586567,0.15054181306347,19.008267774002203,0.7400931474907778,3.8006168242897163,0.0008502399025589162,-0.0024324467676347687,-26.83713022586567,0.15054181306347,19.008267774002203,0.7400931474907778,3.8006168242897163,0.0008502399025589162
4.310999999999774,2,1,1,2,0.0007108875155600594,5.261560290776603,5.258529834643508,5.0,0.6072741837668812,-4.338181083374967e-06,0.4359446448739087,0.029541425067141976,-2.5415139608209975e-05,-9.827140743802067e-05,0.6167500099023676,-9.278129557961225e-06,0.00947582742313606,0.7101994352109049,0.05866499999999687,0.05866499999999687,1.0,-0.05464084925178961,-0.05465814815859189,-0.2068016817393804,-0.2067917902192894,-0.20680168173938046,-0.26144253099117,-7.0,0.0,0.0,-0.08659231840135742,-0.08662138323947005,-0.10217800576993236,-0.10213596619742724,-0.10217800576993237,-0.047178005769932384,0.19782199423006802,0.11122967582871156,0.0,0.10217800576993236,0.20685347986557684,1.556380037101107e-06,0,0,0,0,0,inf,inf,0,0,0.0,1.3845151730887422,-3.1590363097419017e-07,0.1516958917371192,3.0770638266131214e-06,-1.4543151730887423,-2.2649235447422222e-05,1.6184066807506943,-0.7852984572822612,-4.0596375047400934e-05,0.09969456167987996,-2.2389781027198162e-05,0.1311698498980861,4.710411607605546e-05,-0.02465973821364179,-3.919647837833522e-05,-0.0022581109220005733,-26.866204592225994,0.15170481607139885,19.00728665978401,0.740124109240482,3.800851871017109,0.0008563684100699577,-0.0022581109220005733,-26.866204592225994,0.15170481607139885,19.00728665978401,0.740124109240482,3.800851871017109,0.0008563684100699577
4.320999999999778,2,1,1,2,0.000708690091893587,5.2596937930579735,5.258798660522809,5.0,0.6075695745943726,-4.589592557280191e-06,0.4359436956803278,0.029535426448287817,-2.4906604081926105e-05,-9.491318198906842e-05,0.6170500099023676,-9.278129557961225e-06,0.009480436467349905,0.7140602135059527,0.05896499999999684,0.05896499999999684,1.0,-0.05462640402740697,-0.05464377569345534,-0.20675977935214954,-0.20675030257469829,-0.20675977935214954,-0.26138618337955655,-7.0,0.0,0.0,-0.08713865023116138,-0.08716788847886958,-0.10424580033508857,-0.1042036642088572,-0.10424580033508858,-0.04924580033508859,0.1957541996649118,0.10861554943375139,0.0,0.10424580033508857,0.20685347986557684,1.5378784988000597e-06,0,0,0,0,0,inf,inf,0,0,0.0,1.3832013203385374,-7.230155256939099e-07,0.15269395626709434,2.8537762391365315e-06,-1.4530013203385375,-2.2165942359476208e-05,1.6181582819725617,-0.7852988582362977,-4.077229930133626e-05,0.09989587054373557,-2.225771425543356e-05,0.13155849530579594,4.925719169775161e-05,-0.024984895358249274,-4.077614779254895e-05,-0.002092251201662107,-26.895217362215373,0.15286195981671652,19.006301213300866,0.7401559401688694,3.801090943725899,0.0008628675756051709,-0.002092251201662107,-26.895217362215373,0.15286195981671652,19.006301213300866,0.7401559401688694,3.801090943725899,0.0008628675756051709
4.330999999999781,2,1,1,2,0.000706552574356061,5.257754717595176,5.258776529416106,5.0,0.6078648982099627,-4.8354727939920285e-06,0.4359427811988736,0.02952814326071251,-2.4318649086563866e-05,-9.136353823575631e-05,0.6173500099023675,-9.278129557961225e-06,0.009485112732835296,0.7178450530122482,0.059264999999996806,0.059264999999996806,1.0,-0.054608926318570575,-0.054626347390795915,-0.2067088820862035,-0.20669972809113502,-0.20670888208620344,-0.26131780840477403,-7.0,0.0,0.0,-0.08768482037127169,-0.0877142326255848,-0.10631312484857816,-0.10627089580132246,-0.10631312484857817,-0.05131312484857817,0.19368687515142222,0.10600205478015148,0.0,0.10631312484857816,0.20685347986557684,1.520631760367592e-06,0,0,0,0,0,inf,inf,0,0,0.0,1.3818836888980932,-1.1307180629066998e-06,0.15369395846913342,2.6325481605913637e-06,-1.4516836888980933,-2.1663775779212336e-05,1.6179067167433183,-0.7852992730303905,-4.0738487576028484e-05,0.10008367309199656,-2.1994043882097032e-05,0.13192782247995408,5.0933046618079577e-05,-0.02529471239617131,-4.200400417822349e-05,-0.001934892968469874,-26.92416611744251,0.1540130880502239,19.005307291546625,0.7401884242646641,3.801333225431711,0.0008696736904750085,-0.001934892968469874,-26.92416611744251,0.1540130880502239,19.005307291546625,0.7401884242646641,3.801333225431711,0.0008696736904750085
4.340999999999784,2,1,1,2,0.0007044749326718105,5.255758464339726,5.258493682023542,5.0,0.6081601431884138,-5.075087858225908e-06,0.43594190321940707,0.029519829583713894,-2.3662141301407052e-05,-8.764409812648814e-05,0.6176500099023675,-9.278129557961225e-06,0.009489867644712737,0.7215592724766595,0.05956499999999677,0.05956499999999677,1.0,-0.05458905107014285,-0.054606500662514317,-0.2066507687577866,-0.20664185596749113,-0.2066507687577866,-0.2612398198279295,-7.0,0.0,0.0,-0.08823080205799431,-0.08826038869616788,-0.10837989931996223,-0.10833758012263434,-0.10837989931996224,-0.05337989931996223,0.19162010068003818,0.10338929862204484,0.0,0.10837989931996223,0.20685347986557684,1.5046266690354655e-06,0,0,0,0,0,inf,inf,0,0,0.0,1.3805624621077914,-1.5370140334279512e-06,0.1546957706254441,2.4145976455078305e-06,-1.4503624621077915,-2.1147292144118293e-05,1.6176521335115979,-0.7852996982909499,-4.0513128776030695e-05,0.10025928939225404,-2.1616415075974135e-05,0.13227960165219144,5.217080623322452e-05,-0.025590086083355067,-4.290632712545444e-05,-0.001786006215885612,-26.953049198675533,0.15515810707564376,19.004301113404125,0.7402213574056563,3.801577893853555,0.0008767285313171213,-0.001786006215885612,-26.953049198675533,0.15515810707564376,19.004301113404125,0.7402213574056563,3.801577893853555,0.0008767285313171213
4.350999999999788,2,1,1,2,0.0007024570198964344,5.253718856930863,5.257978270828919,5.0,0.6084553004838946,-5.307809505782524e-06,0.4359410633242367,0.029510710502557824,-2.2947401787738628e-05,-8.377501457494032e-05,0.6179500099023675,-9.278129557961225e-06,0.009494710248589923,0.7252079349177621,0.05986499999999674,0.05986499999999674,1.0,-0.05456733386210737,-0.05458479331906482,-0.20658701520976952,-0.20657827155153635,-0.20658701520976958,-0.26115434907187696,-7.0,0.0,0.0,-0.0887765744337092,-0.08880633563658885,-0.11044606041592651,-0.11040365307667975,-0.11044606041592653,-0.055446060415926514,0.1895539395840739,0.10077736515036567,0.0,0.11044606041592651,0.20685347986557684,1.489842761298857e-06,0,0,0,0,0,inf,inf,0,0,0.0,1.3792378063004522,-1.940087053921129e-06,0.15569927766239183,2.2009725880629005e-06,-1.4490378063004523,-2.062066110960718e-05,1.6173946719005776,-0.7853001309066318,-4.011419432333991e-05,0.10042393911411504,-2.1141324191770623e-05,0.13261547750684755,5.300873735700973e-05,-0.025871886823641145,-4.350925599206554e-05,-0.0016455116618165626,-26.9818656110992,0.15629697932619782,19.00327923990183,0.7402545485918125,3.8018241272327478,0.0008839791605429152,-0.0016455116618165626,-26.9818656110992,0.15629697932619782,19.00327923990183,0.7402545485918125,3.8018241272327478,0.0008839791605429152
4.360999999999791,2,1,1,2,0.0007004985850705128,5.251648272649819,5.257256436875489,5.0,0.6087503631537008,-5.533109532428878e-06,0.4359402629015642,0.029500984569337405,-2.2184171965901578e-05,-7.977518418174474e-05,0.6182500099023674,-9.278129557961225e-06,0.009499647486861182,0.7287958493118991,0.06016499999999671,0.06016499999999671,1.0,-0.054544258849264525,-0.054561711537421516,-0.2065190115377681,-0.20651037362305194,-0.20651901153776817,-0.2610632703870327,-7.0,0.0,0.0,-0.08932212179751658,-0.08935205757067555,-0.11251155952623185,-0.11246906538090948,-0.11251155952623186,-0.057511559526231826,0.1874884404737686,0.09816631867625294,0.0,0.11251155952623185,0.20685347986557684,1.4762533722564767e-06,0,0,0,0,0,inf,inf,0,0,0.0,1.377909872027914,-2.3382985509336782e-06,0.15670437617538951,1.992562352924036e-06,-1.447709872027914,-2.0087675691014146e-05,1.6171344629887656,-0.7853005680255442,-3.955928870931346e-05,0.1005787467774933,-2.058409571750259e-05,0.13293697447764308,5.3483973862455375e-05,-0.02614095565237648,-4.383854323299306e-05,-0.0015132865840018653,-27.010614938243066,0.1574297172202021,19.00223855478051,0.7402878207836776,3.802071109899496,0.0008913777017543356,-0.0015132865840018653,-27.010614938243066,0.1574297172202021,19.00223855478051,0.7402878207836776,3.802071109899496,0.0008913777017543356
4.370999999999794,2,1,1,2,0.0006985992834826196,5.249557762714307,5.256352393060874,5.0,0.6090453261056984,-5.75055383676684e-06,0.43593950315709934,0.02949082610417539,-2.13815893704754e-05,-7.566240819715988e-05,0.6185500099023674,-9.278129557961225e-06,0.009504684451282596,0.7323275738780984,0.060464999999996674,0.060464999999996674,1.0,-0.05452024597811147,-0.05453767710212377,-0.20644797819878957,-0.2064393905571032,-0.20644797819878957,-0.260968224176901,-7.0,0.0,0.0,-0.08986743293124451,-0.08989754312417432,-0.1145763609957423,-0.11453378079046161,-0.11457636099574231,-0.05957636099574227,0.18542363900425815,0.09555620607301463,0.0,0.1145763609957423,0.20685347986557684,1.4638266193785083e-06,0,0,0,0,0,inf,inf,0,0,0.0,1.376578795233256,-2.730183375571358e-06,0.15771097350615934,1.7901095362427924e-06,-1.446378795233256,-1.9551764847148408e-05,1.6168716296166934,-0.785301007050205,-3.886552258102315e-05,0.10072474697437338,-1.995887703444548e-05,0.13324550228168877,5.363229626715274e-05,-0.0263981019753712,-4.39193465092602e-05,-0.001389170364183239,-27.03929726394175,0.15855637732664296,19.00117624547253,0.7403210114064201,3.8023180375128156,0.0008988810967785801,-0.001389170364183239,-27.03929726394175,0.15855637732664296,19.00117624547253,0.7403210114064201,3.8023180375128156,0.0008988810967785801
4.380999999999798,2,1,1,2,0.0006967586850884768,5.247457163699995,5.255288511832684,5.0,0.6093401858679313,-5.959796290011946e-06,0.4359387851242954,0.029480387343314013,-2.0548172332881933e-05,-7.145351291904796e-05,0.6188500099023674,-9.278129557961225e-06,0.009509824613381394,0.7358074206976897,0.06076499999999664,0.06076499999999664,1.0,-0.05449565755018078,-0.05451305398910488,-0.20637498104819738,-0.2063663954132084,-0.20637498104819738,-0.260870638598378,-7.0,0.0,0.0,-0.09041250049397709,-0.0904427848175525,-0.11664044051160735,-0.11659777447797172,-0.11664044051160737,-0.06164044051160731,0.18335955948839314,0.092947058994417,0.0,0.11664044051160735,0.20685347986557684,1.4525262928165787e-06,0,0,0,0,0,inf,inf,0,0,0.0,1.375244698366825,-3.1144442660837873e-06,0.15871898687187905,1.594221694229149e-06,-1.445044698366825,-1.901600800051374e-05,1.616606286712597,-0.7853014456306178,-3.8049406879752615e-05,0.1008628895245371,-1.9278648199487247e-05,0.13354236159662952,5.3487959059952675e-05,-0.026644101952136002,-4.377605631402237e-05,-0.0012729697208503827,-27.067913101727594,0.15967705485822678,19.000089784572793,0.740353972571107,3.8025641219150073,0.0009064508494451599,-0.0012729697208503827,-27.067913101727594,0.15967705485822678,19.000089784572793,0.740353972571107,3.8025641219150073,0.0009064508494451599
4.390999999999801,2,1,1,2,0.0006949762815262875,5.245355200781276,5.254085415549518,5.0,0.6096349403788988,-6.1605724992672146e-06,0.43593810967356184,0.029469800440799717,-1.9691812707490147e-05,-6.716443860927842e-05,0.6191500099023673,-9.278129557961225e-06,0.009515070034193274,0.7392394614351505,0.06106499999999661,0.06106499999999661,1.0,-0.05447080419231665,-0.05448815435348962,-0.20630094535192187,-0.20629231999731118,-0.20630094535192187,-0.2607717495442386,-7.0,0.0,0.0,-0.09095732047890752,-0.09098777852131339,-0.11870378363513855,-0.11866103155858611,-0.11870378363513857,-0.0637037836351385,0.18129621636486193,0.0903388958859554,0.0,0.11870378363513855,0.20685347986557684,1.4423126567503572e-06,0,0,0,0,0,inf,inf,0,0,0.0,1.3739076914450747,-3.489945360350753e-06,0.15972834254536766,1.4053829032063767e-06,-1.4437076914450748,-1.848315104852381e-05,1.6163385416311715,-0.7853018816558036,-3.712676647189227e-05,0.10099404453282966,-1.855524422157121e-05,0.1338287498025201,5.308356007268468e-05,-0.026879697426572282,-4.3432155882705995e-05,-0.0011644636171104649,-27.096463331091204,0.1607918785032148,18.99897691186161,0.7403865710588952,3.8028085955588202,0.0009140527614404694,-0.0011644636171104649,-27.096463331091204,0.1607918785032148,18.99897691186161,0.7403865710588952,3.8028085955588202,0.0009140527614404694
4.400999999999804,2,1,1,2,0.0006932514920769675,5.243259583402043,5.252762068092414,5.0,0.6099295887970783,-6.352693535452179e-06,0.43593747752072876,0.02945917933053785,-1.8819775742588107e-05,-6.281030427601803e-05,0.6194500099023673,-9.278129557961225e-06,0.009520421554753194,0.7426275339556194,0.061364999999996575,0.061364999999996575,1.0,-0.054445950288281565,-0.05446324397619254,-0.20622666882132712,-0.2062179679439604,-0.20622666882132712,-0.2606726191096087,-7.0,0.0,0.0,-0.09150189172688879,-0.09153252296817023,-0.12076638446839355,-0.12072354575016676,-0.12076638446839358,-0.0657663844683935,0.1792336155316069,0.08773172380471912,0.0,0.12076638446839355,0.20685347986557684,1.4331431635074935e-06,0,0,0,0,0,inf,inf,0,0,0.0,1.3725678730519366,-3.8557049444296595e-06,0.16073897508517732,1.2239650389370553e-06,-1.4423678730519367,-1.7955623474234256e-05,1.6160684945004151,-0.785302313244097,-3.6112671675721474e-05,0.10111900732169805,-1.7799387553578578e-05,0.13410576672358687,5.244994669952125e-05,-0.02710559532078629,-4.2910110258602535e-05,-0.001063407831944481,-27.12494914007752,0.1619010056057449,18.997835616930466,0.7404186881105524,3.8030507154867688,0.000921656663645267,-0.001063407831944481,-27.12494914007752,0.1619010056057449,18.997835616930466,0.7404186881105524,3.8030507154867688,0.000921656663645267
4.410999999999808,2,1,1,2,0.0006915836688391732,5.241177093928956,5.251335866579461,5.0,0.6102241313283334,-6.536039697614992e-06,0.4359368892349694,0.02944862145551098,-1.7938706213605207e-05,-5.840545423301529e-05,0.6197500099023673,-9.278129557961225e-06,0.009525878968698597,0.7459752496570575,0.06166499999999654,0.06166499999999654,1.0,-0.054421318919759695,-0.054438547217808636,-0.2061528337182716,-0.20614402686626615,-0.2061528337182716,-0.2605741526380313,-7.0,0.0,0.0,-0.09204621549156429,-0.09207701931693797,-0.1228282444459559,-0.12278531815915167,-0.12282824444595593,-0.06782824444595585,0.17717175555404457,0.08512554006248127,0.0,0.1228282444459559,0.20685347986557684,1.424973095196852e-06,0,0,0,0,0,inf,inf,0,0,0.0,1.3712253312830298,-4.210887607292486e-06,0.16175082661422494,1.0502386844569584e-06,-1.44102533128303,-1.743555621464274e-05,1.6157962385723303,-0.7853027387324762,-3.502138607982396e-05,0.101238503218071,-1.7020728764386565e-05,0.13437442031666286,5.161615420820865e-05,-0.027322467418596414,-4.223128149117954e-05,-0.0009695391948286046,-27.153371973721814,0.16300461769297997,18.996664122443107,0.7404502190561961,3.803289766846114,0.0009292361468297712,-0.0009695391948286046,-27.153371973721814,0.16300461769297997,18.996664122443107,0.7404502190561961,3.803289766846114,0.0009292361468297712
4.420999999999811,2,1,1,2,0.0006899721013307871,5.239113669779415,5.249822732260315,5.0,0.6105185690699095,-6.710554367502e-06,0.4359363452463344,0.029438209370912967,-1.705463996157211e-05,-5.3963491167264126e-05,0.6200500099023672,-9.278129557961225e-06,0.009531441178283827,0.7492860013588094,0.06196499999999651,0.06196499999999651,1.0,-0.05439709636014457,-0.05441425152354303,-0.20608001807761853,-0.2060710796209113,-0.20608001807761853,-0.26047711443776317,-7.0,0.0,0.0,-0.09259029505141535,-0.09262127076346112,-0.12488937124287249,-0.12484635618300884,-0.12488937124287251,-0.06988937124287244,0.175110628757128,0.08252033370571367,0.0,0.12488937124287249,0.20685347986557684,1.4177561337669307e-06,0,0,0,0,0,inf,inf,0,0,0.0,1.3698801446334843,-4.55479595593601e-06,0.16276384614541287,8.843835947360478e-07,-1.4396801446334844,-1.6924799989714842e-05,1.61552186057395,-0.7853031566651761,-3.386632906976084e-05,0.10135319217825749,-1.6227893584252395e-05,0.1346356322630514,5.060937182589184e-05,-0.027530950474853842,-4.141586709622597e-05,-0.0008825794838992659,-27.181733487857805,0.16410291634759858,18.99546086805963,0.7404810728171468,3.803525065940487,0.0009367682946066811,-0.0008825794838992659,-27.181733487857805,0.16410291634759858,18.99546086805963,0.7404810728171468,3.803525065940487,0.0009367682946066811
4.430999999999814,2,1,1,2,0.0006884160206808423,5.2370744794773145,5.24823719985446,5.0,0.6108129038698091,-6.876238005782686e-06,0.4359358458530136,0.029428012227866025,-1.6173020022144007e-05,-4.949729947533565e-05,0.6203500099023672,-9.278129557961225e-06,0.009537106335012672,0.7525629716082173,0.062264999999996476,0.062264999999996476,1.0,-0.054373436159969125,-0.0543905115182791,-0.2060087060938476,-0.20599961473492778,-0.2060087060938476,-0.2603821422538166,-7.0,0.0,0.0,-0.0931341353644701,-0.09316528219430566,-0.12694977779018055,-0.12690667252069157,-0.12694977779018057,-0.07194977779018047,0.17305022220981991,0.07991608684535083,0.0,0.12694977779018055,0.20685347986557684,1.4114448710200065e-06,0,0,0,0,0,inf,inf,0,0,0.0,1.3685323828305431,-4.886862029413099e-06,0.16377798895254927,7.26498663355884e-07,-1.4383323828305432,-1.6424943836305997e-05,1.6152454410557426,-0.7853035657818032,-3.2660051518812446e-05,0.10146367323852028,-1.5428534732227084e-05,0.1348902434291068,4.9454932674451964e-05,-0.027731646595070263,-4.0482859057876785e-05,-0.000802238992162347,-27.210035507861413,0.16519611941986562,18.99422449503758,0.740511171308079,3.8037559628219824,0.0009442334207980866,-0.000802238992162347,-27.210035507861413,0.16519611941986562,18.99422449503758,0.740511171308079,3.8037559628219824,0.0009442334207980866
4.440999999999818,2,1,1,2,0.0006869146035362308,5.2350639930430365,5.246592504753546,5.0,0.6111071382003683,-7.033142331809838e-06,0.4359353912284051,0.029418087144265834,-1.52987165784479e-05,-4.501906183738362e-05,0.6206500099023672,-9.278129557961225e-06,0.00954287196606861,0.7558091412840923,0.06256499999999644,0.06256499999999644,1.0,-0.05435046285901684,-0.054367452727133656,-0.205939297717582,-0.2059300360400985,-0.205939297717582,-0.2602897605765988,-7.0,0.0,0.0,-0.09367774276178585,-0.09370905987931408,-0.12900948138991788,-0.12896628428296628,-0.1290094813899179,-0.07400948138991778,0.17099051861008258,0.07731277584829777,0.0,0.12900948138991788,0.20685347986557684,1.4059912541323385e-06,0,0,0,0,0,inf,inf,0,0,0.0,1.3671821076124093,-5.2066385351944e-06,0.1647932159847716,5.766113511891296e-07,-1.4369821076124094,-1.5937333628293422e-05,1.614967054734958,-0.7853039650051387,-3.1414223155532296e-05,0.10157048878239235,-1.4629387135724787e-05,0.1351390191681086,4.817632400614505e-05,-0.027925123837174225,-3.945002082091325e-05,-0.0007282197704244686,-27.23827999192268,0.1662844575698194,18.992953831521,0.7405404487635698,3.803981843438107,0.000951614813596044,-0.0007282197704244686,-27.23827999192268,0.1662844575698194,18.992953831521,0.7405404487635698,3.803981843438107,0.000951614813596044
4.450999999999821,2,1,1,2,0.0006854669757736789,5.233086047100387,5.244900667638867,5.0,0.6114012750449596,-7.181364719164503e-06,0.435934981428047,0.029408480469150126,-1.4436050026220547e-05,-4.054027134402913e-05,0.6209500099023672,-9.278129557961225e-06,0.009548735087617291,0.7590272983928013,0.06286499999999641,0.06286499999999641,1.0,-0.05432827535690621,-0.0543451749533463,-0.20587211750678389,-0.20586267155982035,-0.20587211750678386,-0.26020039286369,-7.0,0.0,0.0,-0.0942211246761492,-0.09425261119945641,-0.13106850292196265,-0.13102521219493626,-0.13106850292196268,-0.07606850292196254,0.1689314970780378,0.07471037240188967,0.0,0.13106850292196265,0.20685347986557684,1.4013469921088628e-06,0,0,0,0,0,inf,inf,0,0,0.0,1.3658293734550513,-5.513790016769038e-06,0.16580949332260683,4.346865499338751e-07,-1.4356293734550514,-1.5463090397787096e-05,1.6146867708319372,-0.785304353428801,-3.0139630190295568e-05,0.10167412861873087,-1.3836325336550886e-05,0.13538265444222822,4.6795214541565816e-05,-0.028111916993651877,-3.833387990888042e-05,-0.0006602185585906331,-27.266468998465513,0.1673681711270667,18.991647878516023,0.7405688510086678,3.804202131346402,0.0009588984876950092,-0.0006602185585906331,-27.266468998465513,0.1673681711270667,18.991647878516023,0.7405688510086678,3.804202131346402,0.0009588984876950092
4.460999999999824,2,1,1,2,0.0006840722160818815,5.231143905046442,5.243172576174064,5.0,0.6116953177967748,-7.321042837085776e-06,0.4359346163964431,0.029399228946808475,-1.358881649681534e-05,-3.6071740965998465e-05,0.6212500099023671,-9.278129557961225e-06,0.00955469230602729,0.7622200469661667,0.06316499999999638,0.06316499999999638,1.0,-0.054306949970897675,-0.05432375534267604,-0.20580742277614,-0.20579778169199514,-0.20580742277613995,-0.2601143727470376,-7.0,0.0,0.0,-0.09476428940273918,-0.0947959444067132,-0.13312686613548974,-0.13308347988352712,-0.13312686613548977,-0.07812686613548961,0.16687313386451072,0.07210884446177263,0.0,0.13312686613548974,0.20685347986557684,1.397463892291389e-06,0,0,0,0,0,inf,inf,0,0,0.0,1.3644742282488536,-5.808084047630338e-06,0.16682679167375336,3.006348644735384e-07,-1.4342742282488536,-1.5003128302489327e-05,1.6144046533977767,-0.7853047303049095,-2.884618185970366e-05,0.10177503386699048,-1.3054422047641012e-05,0.1356217787486711,4.5331496031716654e-05,-0.02829252851796279,-3.7149733973007886e-05,-0.0005979294151741543,-27.29460465735826,0.16844750725792967,18.99030579655611,0.7405963346937204,3.804416289025932,0.0009660729460227978,-0.0005979294151741543,-27.29460465735826,0.16844750725792967,18.99030579655611,0.7405963346937204,3.804416289025932,0.0009660729460227978
4.470999999999828,2,1,1,2,0.0006827293594621467,5.229240312612587,5.241418063523945,5.0,0.6119892701687354,-7.452349558067873e-06,0.43593429597380395,0.029390360786659638,-1.2760315246328368e-05,-3.162361172303074e-05,0.6215500099023671,-9.278129557961225e-06,0.009560739907963007,0.7653898159838185,0.06346499999999634,0.06346499999999634,1.0,-0.054286543207206564,-0.054303251160403354,-0.2057454110868127,-0.20573556673023005,-0.2057454110868127,-0.26003195429401926,-7.0,0.0,0.0,-0.0953072458887723,-0.09533906841300097,-0.13518459701825886,-0.13514111324312686,-0.13518459701825888,-0.08018459701825872,0.1648154029817416,0.06950815709297038,0.0,0.13518459701825886,0.20685347986557684,1.3942941778762686e-06,0,0,0,0,0,inf,inf,0,0,0.0,1.363116713927137,-6.089382533850988e-06,0.16784508590664837,1.7432030750129537e-07,-1.432916713927137,-1.4558172111338724e-05,1.6141207616320827,-0.7853050950318733,-2.7542924633524407e-05,0.10187360064831012,-1.2288006982411455e-05,0.13585696083856666,4.380333647105225e-05,-0.02846742956406502,-3.591166825403467e-05,-0.0005410460625772688,-27.322689144587887,0.16952271742192307,18.98892689304266,0.7406228665062647,3.8046238187996932,0.0009731289519356106,-0.0005410460625772688,-27.322689144587887,0.16952271742192307,18.98892689304266,0.7406228665062647,3.8046238187996932,0.0009731289519356106
4.480999999999831,2,1,1,2,0.0006814374006767479,5.227377549114874,5.2396459835258415,5.0,0.612283136113601,-7.5754881451041785e-06,0.4359340199027102,0.02938189664471134,-1.195337737320388e-05,-2.7205360564978724e-05,0.621850009902367,-9.278129557961225e-06,0.009566873940277843,0.7685388682537211,0.06376499999999631,0.06376499999999631,1.0,-0.05426709426973594,-0.05428370230524811,-0.20568622711725798,-0.20567617376410288,-0.20568622711725798,-0.25995332138699395,-7.0,0.0,0.0,-0.09585000354939724,-0.09588199260540169,-0.137241723237363,-0.13719813987299054,-0.13724172323736303,-0.08224172323736283,0.16275827676263746,0.06690827321324135,0.0,0.137241723237363,0.20685347986557684,1.3917907442836678e-06,0,0,0,0,0,inf,inf,0,0,0.0,1.3617568670486684,-6.357633195368724e-06,0.16886435461987911,5.556740787565072e-08,-1.4315568670486685,-1.4128774104785462e-05,1.6138351501898356,-0.7853054471424084,-2.62380629154816e-05,0.10197018358278383,-1.1540725215597212e-05,0.13608871322096722,4.222724266790661e-05,-0.02863706111221999,-3.463258261806189e-05,-0.0004892639595101318,-27.350724660086836,0.17059405510594858,18.987510610257313,0.7406484223754121,3.8048242634041296,0.000980059312334658,-0.0004892639595101318,-27.350724660086836,0.17059405510594858,18.987510610257313,0.7406484223754121,3.8048242634041296,0.000980059312334658
4.4909999999998345,2,1,1,2,0.0006801952976628603,5.225557474681837,5.237864282402501,5.0,0.6125769197534402,-7.690687734256558e-06,0.43593378783469483,0.02937385052220288,-1.1170395391051666e-05,-2.2825808695262617e-05,0.622150009902367,-9.278129557961225e-06,0.009573090280544278,0.7716693091945649,0.06406499999999628,0.06406499999999628,1.0,-0.05424862732795582,-0.054265133581849964,-0.20562996895430957,-0.20561970299779164,-0.20562996895430957,-0.2598785962822654,-7.0,0.0,0.0,-0.09639257210733528,-0.09642472668518648,-0.1392982736454647,-0.13925458858041634,-0.13929827364546474,-0.0842982736454646,0.16070172635453575,0.06430915424720153,0.0,0.1392982736454647,0.20685347986557684,1.3899073936361142e-06,0,0,0,0,0,inf,inf,0,0,0.0,1.3603947193363333,-6.612861284926076e-06,0.16988457974550863,-5.583225914881116e-08,-1.4301947193363334,-1.3715330307506188e-05,1.6135478694766292,-0.7853057862918704,-2.4938985160889475e-05,0.10206509909477535,-1.0815594463308845e-05,0.13631749644751112,4.061813013678783e-05,-0.02880183515804344,-3.3324226504899656e-05,-0.0004422821195919738,-27.37871340843055,0.1716617738169953,18.98605651402608,0.7406729866778269,3.805017206224052,0.0009868586726361796,-0.0004422821195919738,-27.37871340843055,0.1716617738169953,18.98605651402608,0.7406729866778269,3.805017206224052,0.0009868586726361796
4.500999999999838,2,1,1,2,0.0006790019749221268,5.223781573720502,5.2360800669572125,5.0,0.612870625317656,-7.79819911186471e-06,0.4359335993367395,0.029366230586797843,-1.0413353235768757e-05,-1.8493130847527035e-05,0.622450009902367,-9.278129557961225e-06,0.009579384699029072,0.7747830954732621,0.06436499999999624,0.06436499999999624,1.0,-0.0542311535641143,-0.05424755675218227,-0.20557669384209365,-0.20556621352470528,-0.20557669384209365,-0.25980784740620794,-7.0,0.0,0.0,-0.0969349614539698,-0.09696728052833199,-0.1413542778469315,-0.1413104889440858,-0.14135427784693153,-0.08635427784693143,0.15864572215306896,0.061710760699100184,0.0,0.1413542778469315,0.20685347986557684,1.3885990219198772e-06,0,0,0,0,0,inf,inf,0,0,0.0,1.3590302981741789,-6.85516159331956e-06,0.17090574618441357,-1.6011410616470594e-07,-1.428830298174179,-1.3318095990423802e-05,1.6132589659317682,-0.785306112246973,-2.3652294422658643e-05,0.10215862852936332,-1.0115060782678116e-05,0.136543723175971,3.8989398515337614e-05,-0.028962135945113505,-3.19972402707947e-05,-0.00039980468955420537,-27.40665758213841,0.17272612531985856,18.984564283024596,0.7406965514558754,3.8052022712284517,0.0009935233234237058,-0.00039980468955420537,-27.40665758213841,0.17272612531985856,18.984564283024596,0.7406965514558754,3.8052022712284517,0.0009935233234237058
4.510999999999841,2,1,1,2,0.0006778563268863549,5.222050994872731,5.234299669234405,5.0,0.6131642570888206,-7.898290796704924e-06,0.43593345389767213,0.029359039921464776,-9.683856341025882e-06,-1.4214865846885129e-05,0.622750009902367,-9.278129557961225e-06,0.009585752912858054,0.7778820434581609,0.06466499999999621,0.06466499999999621,1.0,-0.054214673018006365,-0.05423097238409973,-0.20552642342474362,-0.2055157285941721,-0.20552642342474362,-0.2597410964427499,-7.0,0.0,0.0,-0.09747718152978031,-0.09750966406542112,-0.14340976581864653,-0.14336587093232747,-0.14340976581864656,-0.08840976581864647,0.15659023418135393,0.059113052651574655,0.0,0.14340976581864653,0.20685347986557684,1.3878217906906507e-06,0,0,0,0,0,inf,inf,0,0,0.0,1.3576636270650342,-7.084690780230015e-06,0.1719278414717659,-2.5753511425650733e-07,-1.4274636270650343,-1.2937200395642739e-05,1.612968482298878,-0.7853064248749488,-2.2383842427585527e-05,0.1022510210840126,-9.441052291723877e-06,0.1367677620131318,3.7353010927371624e-05,-0.029118321224361834,-3.0661201583871886e-05,-0.00036154230577116497,-27.434559347334876,0.17378735810116647,18.983033698702243,0.7407191156542858,3.8053791226292497,0.0010000510192676084,-0.00036154230577116497,-27.434559347334876,0.17378735810116647,18.983033698702243,0.7407191156542858,3.8053791226292497,0.0010000510192676084
4.5209999999998445,2,1,1,2,0.0006767572212562903,5.220366587695086,5.232528707663487,5.0,0.6134578193556235,-7.991245418004375e-06,0.4359333509344496,0.02935227720595978,-8.98316146706806e-06,-9.997928649009498e-06,0.6230500099023669,-9.278129557961225e-06,0.009592190633067339,0.7809678374554438,0.06496499999999618,0.06496499999999618,1.0,-0.05419917624631019,-0.054215371514180224,-0.20547914851730315,-0.2054682404046576,-0.20547914851730315,-0.2596783247636133,-7.0,0.0,0.0,-0.0980192422221905,-0.09805188717899395,-0.1454647675806242,-0.14542076457141573,-0.14546476758062424,-0.0904647675806242,0.15453523241937625,0.05651599019718675,0.0,0.1454647675806242,0.20685347986557684,1.387533258138005e-06,0,0,0,0,0,inf,inf,0,0,0.0,1.3562947260509077,-7.301660061404638e-06,0.17295085547083763,-3.483689384666122e-07,-1.4260947260509078,-1.2572660652544618e-05,1.612676457883838,-0.7853067241331957,-2.1138766371462134e-05,0.10234249656038832,-8.795030598687783e-06,0.13698994113927798,3.571957591770363e-05,-0.02927072352599961,-2.9324675669794534e-05,-0.000327213243967201,-27.46242083154272,0.17484571604489907,18.981464635809882,0.7407406843823051,3.805547464296312,0.0010064408094861209,-0.000327213243967201,-27.46242083154272,0.17484571604489907,18.981464635809882,0.7407406843823051,3.805547464296312,0.0010064408094861209
4.530999999999848,2,1,1,2,0.0006757035023100258,5.218728936282773,5.230772144732125,5.0,0.6137513163722905,-8.077356391045604e-06,0.4359332897983166,0.02934593733557411,-8.31220601406814e-06,-5.848623944569202e-06,0.6233500099023669,-9.278129557961225e-06,0.009598693605183261,0.7840420377037984,0.06526499999999615,0.06526499999999615,1.0,-0.05418464581182514,-0.054200737140156094,-0.2054348334374623,-0.20542371445624297,-0.2054348334374623,-0.2596194792492874,-7.0,0.0,0.0,-0.09856115327906208,-0.09859395961657763,-0.1475193129118933,-0.14747519965935119,-0.14751931291189332,-0.09251931291189329,0.15248068708810716,0.05391953380904605,0.0,0.1475193129118933,0.20685347986557684,1.3876924903761723e-06,0,0,0,0,0,inf,inf,0,0,0.0,1.354923612098322,-7.506328275307365e-06,0.17397478009336087,-4.329015138403373e-07,-1.424723612098322,-1.2224394866044161e-05,1.6123829287999905,-0.7853070100594423,-1.9921527705299598e-05,0.10243324794186699,-8.1780397081415e-06,0.13721055171806631,3.409843076560872e-05,-0.02941965143202197,-2.7995268344363164e-05,-0.00029654437836444127,-27.49024411339975,0.17590143730315352,18.979857053507114,0.7407612682056249,3.8057070389512146,0.0010126928806673309,-0.00029654437836444127,-27.49024411339975,0.17590143730315352,18.979857053507114,0.7407612682056249,3.8057070389512146,0.0010126928806673309
4.540999999999851,2,1,1,2,0.0006746939941648924,5.217138390046879,5.229034341257558,5.0,0.6140447523238639,-8.15692488182343e-06,0.43593326978081537,0.029340011981592716,-7.671636596119198e-06,-1.7726613309211804e-06,0.6236500099023669,-9.278129557961225e-06,0.009605257643941061,0.7871060881054893,0.06556499999999611,0.06556499999999611,1.0,-0.05417105761714122,-0.054187045557538116,-0.20539341992924892,-0.20538209349356001,-0.20539341992924892,-0.2595644775463901,-7.0,0.0,0.0,-0.09910292423621417,-0.09913589091777268,-0.1495734311074277,-0.14952920552088853,-0.14957343110742774,-0.0945734311074277,0.15042656889257275,0.05132364465635957,0.0,0.1495734311074277,0.20685347986557684,1.3882601550089234e-06,0,0,0,0,0,inf,inf,0,0,0.0,1.353550299450709,-7.698995345522046e-06,0.17499960904473202,-5.114271358628841e-07,-1.423350299450709,-1.1892234369000682e-05,1.6120879282006597,-0.785307282762455,-1.8735952264914545e-05,0.10252344380280351,-7.590752239885778e-06,0.1374298510967708,3.24977251495845e-05,-0.029565390839233718,-2.6679680891821776e-05,-0.0002692719669601343,-27.518031214106244,0.1769547533457222,18.97821098703073,0.7407808824717961,3.8058576271695443,0.0010188084109834948,-0.0002692719669601343,-27.518031214106244,0.1769547533457222,18.97821098703073,0.7407808824717961,3.8058576271695443,0.0010188084109834948
4.5509999999998545,2,1,1,2,0.0006737275039908888,5.215595091838555,5.227319107342523,5.0,0.614338131296784,-8.230257052418504e-06,0.43593329011964055,0.029334490097673256,-7.061836688991519e-06,2.2248280045367226e-06,0.6239500099023668,-9.278129557961225e-06,0.009611878662701507,0.790161323679515,0.06586499999999608,0.06586499999999608,1.0,-0.05415838209567999,-0.054174267553459395,-0.2053548307081344,-0.20534330106872878,-0.2053548307081344,-0.2595132128038144,-7.0,0.0,0.0,-0.09964456435748423,-0.09967769035390929,-0.15162715077220854,-0.1515828107998798,-0.15162715077220856,-0.09662715077220857,0.14837284922779193,0.048728284870308676,0.0,0.15162715077220854,0.20685347986557684,1.3891985799278206e-06,0,0,0,0,0,inf,inf,0,0,0.0,1.3521747999499258,-7.879996149142636e-06,0.1760253375924132,-5.842449877778363e-07,-1.421974799949926,-1.1575935140162212e-05,1.6117914864991423,-0.7853075424132989,-1.7585271173210648e-05,0.10261323055598796,-7.033512852736158e-06,0.13764806580285216,3.092450429443425e-05,-0.02970820620447407,-2.5383765989320706e-05,-0.00024514227697668487,-27.545784090423204,0.1780058881744151,18.97652653990177,0.7407995466722281,3.805999046216943,0.0010247894355836975,-0.00024514227697668487,-27.545784090423204,0.1780058881744151,18.97652653990177,0.7407995466722281,3.805999046216943,0.0010247894355836975
4.560999999999858,2,1,1,2,0.0006728028251583853,5.214099003606997,5.225629750116315,5.0,0.6146314572542605,-8.297661576148882e-06,0.4359333500043183,0.029329358376135952,-6.482953205419006e-06,6.139273194074424e-06,0.6242500099023668,-9.278129557961225e-06,0.009618552698078337,0.7932089777237626,0.06616499999999605,0.06616499999999605,1.0,-0.05414658527256946,-0.054162369470070755,-0.20531897265549628,-0.2053072447523141,-0.2053189726554963,-0.25946555792806575,-7.0,0.0,0.0,-0.1001860825859739,-0.10021936687891511,-0.15368049964878644,-0.15363604328528882,-0.15368049964878647,-0.09868049964878646,0.14631950035121402,0.04613341776524109,0.0,0.15368049964878644,0.20685347986557684,1.3904718118602733e-06,0,0,0,0,0,inf,inf,0,0,0.0,1.350797123328897,-8.049694796065064e-06,0.1770519623559498,-6.516560864974337e-07,-1.420597123328897,-1.1275188397009837e-05,1.6114936315763657,-0.7853077892371622,-1.6472162014162625e-05,0.10270273454499088,-6.5063788184144466e-06,0.13786539434355344,2.9384790859599375e-05,-0.02984834176518027,-2.4112583957338016e-05,-0.00022391206598114757,-27.573504629060498,0.1790550576868002,18.974803876648917,0.7408172838420969,3.806131148741663,0.0010306387230866792,-0.00022391206598114757,-27.573504629060498,0.1790550576868002,18.974803876648917,0.7408172838420969,3.806131148741663,0.0010306387230866792
4.570999999999861,2,1,1,2,0.0006719187403088347,5.2126499297660995,5.2239691183721915,5.0,0.6149247340159468,-8.359447413435245e-06,0.4359334485816952,0.029324601657926417,-5.934921878475965e-06,9.96664432477648e-06,0.6245500099023668,-9.278129557961225e-06,0.009625275930261624,0.7962501886798778,0.06646499999999601,0.06646499999999601,1.0,-0.054135629706244276,-0.05415131414861339,-0.20528573968876299,-0.20527381901870861,-0.20528573968876299,-0.25942136939500726,-7.0,0.0,0.0,-0.10072748750523881,-0.1007609290901519,-0.15573350447498333,-0.15568892976750331,-0.15573350447498335,-0.10073350447498336,0.14426649552501714,0.04353900801977926,0.0,0.15573350447498333,0.20685347986557684,1.3920456424280245e-06,0,0,0,0,0,inf,inf,0,0,0.0,1.349417277477308,-8.208479319466132e-06,0.1780794811170902,-7.139606184877743e-07,-1.4192172774773082,-1.0989630379525764e-05,1.6111943889765126,-0.7853080235057398,-1.539878984610505e-05,0.10279206398826451,-6.009157730208917e-06,0.13808200981579055,2.78836649611714e-05,-0.029986022729751954,-2.2870458749485153e-05,-0.00020534893233215432,-27.601194642301905,0.18010246917588799,18.973043216026237,0.7408341199999515,3.8062538213475907,0.0010363596624720643,-0.00020534893233215432,-27.601194642301905,0.18010246917588799,18.973043216026237,0.7408341199999515,3.8062538213475907,0.0010363596624720643
4.5809999999998645,2,1,1,2,0.000671074024344547,5.2112475384291095,5.222339644220068,5.0,0.6152179652414783,-8.41592183361906e-06,0.4359335849612338,0.029320203299807,-5.417491368411668e-06,1.3703431954279222e-05,0.6248500099023667,-9.278129557961225e-06,0.009632044699478455,0.7992860066949687,0.06676499999999598,0.06676499999999598,1.0,-0.05412547532144025,-0.05414106176465773,-0.20525501533213883,-0.20524290783090077,-0.20525501533213883,-0.2593804906535791,-7.0,0.0,0.0,-0.10126878730928862,-0.10130238519808586,-0.15778619086862916,-0.15774149592182757,-0.1577861908686292,-0.10278619086862922,0.1422138091313713,0.04094502182208362,0.0,0.15778619086862916,0.20685347986557684,1.3938876287184738e-06,0,0,0,0,0,inf,inf,0,0,0.0,1.3480352686822092,-8.356756773767405e-06,0.17910789264856378,-7.714556370781528e-07,-1.4178352686822093,-1.0718851346419163e-05,1.6108937820909228,-0.7853082455301743,-1.4366847682353621e-05,0.1028813107819656,-5.5414423692128135e-06,0.13829806233402148,2.6425341821705864e-05,-0.030121456433273897,-2.1661033161963557e-05,-0.00018923154876439356,-27.62885586473122,0.18114832095195693,18.97124482470414,0.7408500836266272,3.8063669830702866,0.0010419561599029313,-0.00018923154876439356,-27.62885586473122,0.18114832095195693,18.97124482470414,0.7408500836266272,3.8063669830702866,0.0010419561599029313
4.590999999999868,2,1,1,2,0.0006702674473188222,5.209891380671883,5.220743381878889,5.0,0.6155111544174591,-8.4673886701572e-06,0.4359337582200937,0.02931614550212553,-4.9302460296158665e-06,1.7346625673774556e-05,0.6251500099023667,-9.278129557961225e-06,0.009638855519004029,0.8023173998782033,0.06706499999999595,0.06706499999999595,1.0,-0.05411608014298982,-0.05413157056406605,-0.20522667501134087,-0.2052143869481477,-0.20522667501134087,-0.25934275515433064,-7.0,0.0,0.0,-0.10180998978036403,-0.10184374300375686,-0.15983858323646905,-0.15979376621627983,-0.15983858323646907,-0.10483858323646911,0.14016141676353142,0.03835142698316835,0.0,0.15983858323646905,0.20685347986557684,1.39596709602759e-06,0,0,0,0,0,inf,inf,0,0,0.0,1.3466511018453033,-8.494948732985567e-06,0.18013719656014282,-8.244330930259389e-07,-1.4164511018453034,-1.0462403809797177e-05,1.6105918323306478,-0.785308455654544,-1.3377596124930127e-05,0.10297055216848755,-5.102642779468993e-06,0.1385136812840586,2.501324664855942e-05,-0.030254833455127503,-2.04873228333589e-05,-0.00017534979158307195,-27.656489950931434,0.18219280207426125,18.969409011410207,0.7408652051845426,3.806470583774356,0.0010474325453910646,-0.00017534979158307195,-27.656489950931434,0.18219280207426125,18.969409011410207,0.7408652051845426,3.806470583774356,0.0010474325453910646
4.600999999999871,2,1,1,2,0.0006694977772190571,5.208580907967682,5.219182043736586,5.0,0.6158043048475295,-8.514146797734106e-06,0.43593396740799384,0.029312409600306222,-4.47262729917591e-06,2.08936918906973e-05,0.6254500099023667,-9.278129557961225e-06,0.009645705085092611,0.8053452602531848,0.06736499999999591,0.06736499999999591,1.0,-0.054107400939464444,-0.054122797508640706,-0.205200588094376,-0.20518812597863645,-0.205200588094376,-0.2593079890338405,-7.0,0.0,0.0,-0.10235110227354871,-0.1023850098831036,-0.16189070470460348,-0.16184576384104635,-0.1618907047046035,-0.10689070470460356,0.13810929529539698,0.03575819302184921,0.0,0.16189070470460348,0.20685347986557684,1.3982551360503433e-06,0,0,0,0,0,inf,inf,0,0,0.0,1.3452647806786153,-8.623487179514809e-06,0.18116739316068367,-8.731781708157087e-07,-1.4150647806786154,-1.021981003782133e-05,1.6102885592880494,-0.7853086542498795,-1.2431901889171588e-05,0.10305985227765972,-4.692015624756941e-06,0.13872897741095822,2.3650086423427302e-05,-0.030386328695868593,-1.935176870315139e-05,-0.00016350477566150359,-27.684098474042997,0.18323609218235357,18.967536121499396,0.7408795166765244,3.8065646024921076,0.0010527934878602858,-0.00016350477566150359,-27.684098474042997,0.18323609218235357,18.967536121499396,0.7408795166765244,3.8065646024921076,0.0010527934878602858
4.6109999999998745,2,1,1,2,0.0006687637826442707,5.207315487925867,5.217657033807324,5.0,0.6160974196451594,-8.556488812828794e-06,0.4359342115518566,0.029308976323015302,-4.043953688145842e-06,2.4342551002166157e-05,0.6257500099023666,-9.278129557961225e-06,0.009652590284182637,0.8083704094078054,0.06766499999999588,0.06766499999999588,1.0,-0.054099393784567254,-0.05411469883946307,-0.20517661969901135,-0.20516399019785486,-0.20517661969901135,-0.2592760134835786,-7.0,0.0,0.0,-0.10289213170735889,-0.10292619277728585,-0.1639425770680367,-0.16389751065715655,-0.16394257706803672,-0.10894257706803677,0.13605742293196377,0.03316529122460581,0.0,0.1639425770680367,0.20685347986557684,1.4007245819866493e-06,0,0,0,0,0,inf,inf,0,0,0.0,1.3438763078801572,-8.742810771031738e-06,0.1821984833349118,-9.179679040227074e-07,-1.4136763078801573,-9.990568857591485e-06,1.609983980887864,-0.7853088417086972,-1.1530275004140597e-05,0.10314926354748909,-4.308690924358413e-06,0.13894404474919328,2.2337918365531472e-05,-0.03051610241147461,-1.8256287621543718e-05,-0.00015350881038155711,-27.711682925074477,0.1842783614121449,18.96562653193235,0.7408930512425737,3.8066490457213122,0.0010580439194501831,-0.00015350881038155711,-27.711682925074477,0.1842783614121449,18.96562653193235,0.7408930512425737,3.8066490457213122,0.0010580439194501831
4.620999999999878,2,1,1,2,0.0006680642353556745,5.206148875086897,5.216170179859193,5.0,0.6163905017288672,-8.594699908604451e-06,0.4359344896602167,0.02930582603023171,-3.6434393826986083e-06,2.769155937745853e-05,0.6260500099023666,-9.278129557961225e-06,0.009659508197676376,0.8113936038483611,0.06796499999999585,0.06796499999999585,1.0,-0.05409067851334533,-0.054105751801343444,-0.20515463235956408,-0.20514184219159065,-0.20515463235956408,-0.25924531087290936,-7.0,0.0,0.0,-0.10343308288108762,-0.10346729619254198,-0.1659942207571865,-0.16594902716218773,-0.16599422075718653,-0.11099422075718655,0.13400577924281395,0.030572696361727318,0.0,0.1659942207571865,0.20685347986557684,1.309007070406512e-06,0,0,0,0,0,inf,inf,0,0,0.0,1.342485685291115,-8.853361471265319e-06,0.18323046843378413,-9.590700440187563e-07,-1.412285685291115,-9.774161792833735e-06,1.6096781135282034,-0.7853090184400282,-1.0672904481728113e-05,0.10323882803207181,-3.9516961892660965e-06,0.13915896240866896,2.1078214590429475e-05,-0.030644301168522733,-1.7202321165863014e-05,-0.00014518528277275003,-27.739244843894166,0.18531977039021777,18.96368074816434,0.7409058427945091,3.806723965160627,0.0010631889674700928,-0.00014518528277275003,-27.739244843894166,0.18531977039021777,18.96368074816434,0.7409058427945091,3.806723965160627,0.0010631889674700928
4.630999999999881,2,1,1,2,0.0006673983855793033,5.2056394584633425,5.214772782982721,5.0,0.6166835547163604,-8.630036078528354e-06,0.4359348013096316,0.029303335951146803,-3.6290365457204293e-06,3.11973173592073e-05,0.6263500099023666,-9.278129557961225e-06,0.009666455207732088,0.8144157286921008,0.06826499999999582,0.06826499999999582,1.0,-0.05406632017791186,-0.05408121485516399,-0.20513726679966307,-0.2051238076934273,-0.205137266799663,-0.2592035869775749,-7.0,0.0,0.0,-0.10397386634437486,-0.10400822872422269,-0.16804566109698313,-0.1680003373588162,-0.16804566109698316,-0.11304566109698318,0.13195433890301733,0.027980472558643457,0.0,0.16804566109698313,0.20685347986557684,6.138044651772442e-07,0,0,0,0,0,inf,inf,0,0,0.0,1.3410929129287394,-8.955599426010413e-06,0.18426335045762007,-9.973024664160029e-07,-1.4108929129287395,-9.572484435949164e-06,1.6093709746757574,-0.7853091853109379,-9.867127367211207e-06,0.10332870585211676,-3.824673002056936e-06,0.1393742916007315,1.8983600077490903e-05,-0.030769972883239925,-1.6358382736062737e-05,-0.00012561018021194762,-27.76678648281005,0.18637407845779508,18.961692531579246,0.7409310006559565,3.8067763039774203,0.0010683629324115135,-0.00012561018021194762,-27.76678648281005,0.18637407845779508,18.961692531579246,0.7409310006559565,3.8067763039774203,0.0010683629324115135
4.6409999999998846,2,1,1,2,0.0006667747116779468,5.205083593853935,5.213498090909657,5.0,0.6169765973583484,-8.667133389294988e-06,0.43593515647314574,0.02930352931384737,-3.6989640484162452e-06,3.631804946280776e-05,0.6266500099023665,-9.278129557961225e-06,0.0096734125633141,0.8174408001493847,0.06856499999999578,0.06856499999999578,1.0,-0.054035946809160296,-0.054050883096291295,-0.20513868631412954,-0.20512435457548428,-0.20513868631412957,-0.2591746331232897,-7.0,0.0,0.0,-0.10451436610703053,-0.10454887762763929,-0.17009702934573692,-0.17005156541735195,-0.17009702934573695,-0.11509702934573696,0.12990297065426354,0.025388604547233993,0.0,0.17009702934573692,0.20685347986557684,6.158221288680913e-07,0,0,0,0,0,inf,inf,0,0,0.0,1.339697968576181,-9.050334933760254e-06,0.18529713749621976,-1.0354537589402627e-06,-1.409497968576181,-9.395044072401421e-06,1.6090626203008302,-0.785309345388743,-9.16445390267069e-06,0.10341980448148803,-3.7644990030858176e-06,0.1395933191716702,1.6957483767444232e-05,-0.030888232044217576,-1.5703135564117795e-05,-9.524207330023984e-05,-27.794240930936848,0.1874402020920161,18.95954200446426,0.7409651840849666,3.8066796575715207,0.0010740948727825782,-9.524207330023984e-05,-27.794240930936848,0.1874402020920161,18.95954200446426,0.7409651840849666,3.8066796575715207,0.0010740948727825782
4.650999999999888,2,1,1,2,0.000666205775558675,5.204408815982347,5.212311328480854,5.0,0.6172696499569833,-8.702850610873791e-06,0.43593556889634233,0.02930493601715034,-3.439965342396942e-06,4.240230748657893e-05,0.6269500099023665,-9.278129557961225e-06,0.009680359962476863,0.8204730665728343,0.06886499999999575,0.06886499999999575,1.0,-0.054002150441035075,-0.05401713884748098,-0.20514860005951666,-0.20513399147331254,-0.20514860005951668,-0.2591507505005518,-7.0,0.0,0.0,-0.10505454183043961,-0.10508920301070365,-0.17214846762334557,-0.1721028585933899,-0.1721484676233456,-0.11714846762334559,0.1278515323766549,0.02279699054621629,0.0,0.17214846762334557,0.20685347986557684,6.158916106239533e-07,0,0,0,0,0,inf,inf,0,0,0.0,1.3383008154255367,-9.138379766988637e-06,0.18633184186968138,-1.0717933180906306e-06,-1.4081008154255368,-9.23189212636666e-06,1.6087531000790798,-0.785309498289885,-8.514064357198952e-06,0.10351200630919152,-3.508388259977151e-06,0.139815510381703,1.5863609739766053e-05,-0.031004168850393834,-1.4937530827881047e-05,-8.150465422224358e-05,-27.821642324165268,0.1884891634663911,18.95728071774947,0.7409817340004329,3.8064950762382534,0.0010797375946565483,-8.150465422224358e-05,-27.821642324165268,0.1884891634663911,18.95728071774947,0.7409817340004329,3.8064950762382534,0.0010797375946565483
4.660999999999891,2,1,1,2,0.0006656972096627791,5.2036722318879285,5.211188910402046,5.0,0.6175627184318374,-8.735223871590721e-06,0.4359360444947833,0.029306585411508743,-3.0619780304368905e-06,4.884778119770736e-05,0.6272500099023665,-9.278129557961225e-06,0.009687291485742102,0.8235137253617923,0.06916499999999572,0.06916499999999572,1.0,-0.053966375096836015,-0.05398139528541562,-0.2051602132606289,-0.205145522569883,-0.2051602132606289,-0.2591265883574649,-7.0,0.0,0.0,-0.10559436774422293,-0.10562917900441424,-0.17420001737037275,-0.1741542617176622,-0.17420001737037277,-0.11920001737037274,0.12579998262962772,0.020205614885405822,0.0,0.17420001737037275,0.20685347986557684,6.150974807867571e-07,0,0,0,0,0,inf,inf,0,0,0.0,1.3369014281257092,-9.220030709531248e-06,0.187367473055193,-1.1050387594422875e-06,-1.4067014281257093,-9.07775866892342e-06,1.6084424190418867,-0.7853096430626487,-7.881188709624422e-06,0.10360504976840551,-3.1659732397099964e-06,0.14003980229260804,1.5067856295023e-05,-0.031120558175747146,-1.4091102925413614e-05,-7.576752159437454e-05,-27.849024669790744,0.18953057481847202,18.954963098999887,0.7409915189726513,3.8062809426528954,0.001085130029738916,-7.576752159437454e-05,-27.849024669790744,0.18953057481847202,18.954963098999887,0.7409915189726513,3.8062809426528954,0.001085130029738916
4.670999999999895,2,1,1,2,0.0006652509131114528,5.202897564382747,5.21011559777039,5.0,0.6178558031765976,-8.763563202593665e-06,0.43593658514575756,0.02930816001833115,-2.6451330549093713e-06,5.536585662729588e-05,0.6275500099023664,-9.278129557961225e-06,0.009694206739425351,0.8265628146550565,0.06946499999999568,0.06946499999999568,1.0,-0.053929625847480595,-0.05394465174381242,-0.20517130342490186,-0.20515659384716706,-0.20517130342490186,-0.25910092927238254,-7.0,0.0,0.0,-0.10613382983145055,-0.10616879134615746,-0.17625168134529418,-0.1762057786544641,-0.1762516813452942,-0.12125168134529418,0.12374831865470629,0.017614488823256766,0.0,0.17625168134529418,0.20685347986557684,6.138302723097409e-07,0,0,0,0,0,inf,inf,0,0,0.0,1.335499789708627,-9.295405479291048e-06,0.18840403850162357,-1.1346394224099948e-06,-1.405299789708627,-8.930998387616592e-06,1.6081305683376919,-0.7853097790786742,-7.257585767133649e-06,0.10369876790882329,-2.788952913975095e-06,0.14026549614069284,1.4361987613997458e-05,-0.031238019426917854,-1.3195984358485485e-05,-7.4761035305933e-05,-27.876399554019795,0.19056804048553125,18.952608410311324,0.7409983435050697,3.8060566758611194,0.001090280569548227,-7.4761035305933e-05,-27.876399554019795,0.19056804048553125,18.952608410311324,0.7409983435050697,3.8060566758611194,0.001090280569548227
4.680999999999898,2,1,1,2,0.0006648667377712461,5.2020973502340535,5.209080550227275,5.0,0.6181489027847782,-8.78769112117532e-06,0.4359371905835396,0.02930955733320519,-2.2239141988113467e-06,6.178737365551382e-05,0.6278500099023664,-9.278129557961225e-06,0.009701107129985235,0.8296200050328502,0.06976499999999565,0.06976499999999565,1.0,-0.05389267645105142,-0.05390768400153579,-0.2051811529181265,-0.20516644423870933,-0.2051811529181265,-0.25907382936917794,-7.0,0.0,0.0,-0.10667292275794064,-0.10670803444897081,-0.1783034497048012,-0.17825739991508446,-0.17830344970480122,-0.12330344970480124,0.12169655029519923,0.015023627537259594,0.0,0.1783034497048012,0.20685347986557684,6.122466279885488e-07,0,0,0,0,0,inf,inf,0,0,0.0,1.334095889126227,-9.364597908375245e-06,0.1894415442507102,-1.1604188820680443e-06,-1.403895889126227,-8.791132716506512e-06,1.6078175372111716,-0.785309906004609,-6.644211403338576e-06,0.10379303715783024,-2.4059532103842512e-06,0.14049207168441824,1.368121950205665e-05,-0.03135651052149823,-1.2279257595112735e-05,-7.701559068869457e-05,-27.903771153096248,0.1916031378320687,18.95022423309464,0.7410036145533287,3.8058289399230274,0.0010952191758369268,-7.701559068869457e-05,-27.903771153096248,0.1916031378320687,18.95022423309464,0.7410036145533287,3.8058289399230274,0.0010952191758369268
4.690999999999901,2,1,1,2,0.000664543199166894,5.201280159110835,5.2080757725612825,5.0,0.6184420152813572,-8.807668100674771e-06,0.43593785917891276,0.029310746388343707,-1.8157148323682707e-06,6.799745819497214e-05,0.6281500099023664,-9.278129557961225e-06,0.009707994632408703,0.8326848607300931,0.07006499999999562,0.07006499999999562,1.0,-0.053856145260743206,-0.053871114534875635,-0.2051895448849669,-0.2051748423446742,-0.2051895448849669,-0.25904569014571016,-7.0,0.0,0.0,-0.1072116480344728,-0.10724690960509475,-0.18035530862537022,-0.18030911178112055,-0.18035530862537025,-0.12535530862537023,0.11964469137463024,0.012433043340158417,0.0,0.18035530862537022,0.20685347986557684,6.104228829438227e-07,0,0,0,0,0,inf,inf,0,0,0.0,1.3326897198908998,-9.42773111520347e-06,0.19047999525255724,-1.1824216287361172e-06,-1.4024897198908999,-8.65802442834789e-06,1.6075033165192683,-0.7853100237484029,-6.045084681114281e-06,0.10388775843169933,-2.0347694692582194e-06,0.14071911925626018,1.30087175949547e-05,-0.03147581078247841,-1.1362742830974656e-05,-8.168770054417308e-05,-27.93114113478077,0.19263673592550795,18.947814146535638,0.741007917462211,3.8056001953909933,0.0010999727569663404,-8.168770054417308e-05,-27.93114113478077,0.19263673592550795,18.947814146535638,0.741007917462211,3.8056001953909933,0.0010999727569663404
4.700999999999905,2,1,1,2,0.0006642778513472882,5.200452926604772,5.207095374904256,5.0,0.6187351385363099,-8.823684042944538e-06,0.43593858833703825,0.029311720548688483,-1.4306559038021713e-06,7.391252851207856e-05,0.6284500099023663,-9.278129557961225e-06,0.009714871376685523,0.8357569273622698,0.07036499999999558,0.07036499999999558,1.0,-0.05382052796031111,-0.05383544342433363,-0.20519643281506794,-0.20518173665675737,-0.20519643281506794,-0.25901696077537906,-7.0,0.0,0.0,-0.10775001266182564,-0.10778542364029471,-0.18240724319810395,-0.18236089936434902,-0.18240724319810397,-0.12740724319810395,0.11759275680189651,0.00984274414007182,0.0,0.18240724319810395,0.20685347986557684,6.084059593524998e-07,0,0,0,0,0,inf,inf,0,0,0.0,1.331281279146255,-9.484973852905699e-06,0.19151939556162664,-1.2008337106706492e-06,-1.401081279146255,-8.531603901004384e-06,1.6071878995294033,-0.7853101324109997,-5.465012101443542e-06,0.10398284914665734,-1.6870085577685197e-06,0.14094631084666587,1.23433353526945e-05,-0.03159567429700265,-1.0463796455042349e-05,-8.817398514749804e-05,-27.958510263039088,0.19366943227928446,18.945380251101625,0.7410115473594797,3.8053714918736143,0.0011045640282945478,-8.817398514749804e-05,-27.958510263039088,0.19366943227928446,18.945380251101625,0.7410115473594797,3.8053714918736143,0.0011045640282945478
4.710999999999908,2,1,1,2,0.0006640675352493066,5.199621700355382,5.206135127037112,5.0,0.6190282704075861,-8.836007668740112e-06,0.435939374753951,0.029312481779938643,-1.0750933899187052e-06,7.947114846891336e-05,0.6287500099023663,-9.278129557961225e-06,0.009721739504833501,0.8388357626363351,0.07066499999999555,0.07066499999999555,1.0,-0.053786215979661295,-0.05380106619533332,-0.2052018304160094,-0.20518713909644148,-0.2052018304160094,-0.2589880463956707,-7.0,0.0,0.0,-0.10828802801180143,-0.10832358779390887,-0.18445923842963297,-0.18441274766254945,-0.184459238429633,-0.12945923842963297,0.11554076157036747,0.007252733558567012,0.0,0.18445923842963297,0.20685347986557684,6.062303490048675e-07,0,0,0,0,0,inf,inf,0,0,0.0,1.3298705669423416,-9.536542738341155e-06,0.19255974847715704,-1.2159332505410044e-06,-1.3996705669423417,-8.411781807933353e-06,1.6068712818712432,-0.7853102322457178,-4.908678331224925e-06,0.10407823908582228,-1.3701258297850532e-06,0.1411733845400594,1.1688702857925965e-05,-0.031715876055298804,-9.596013719626061e-06,-9.598457740856535e-05,-27.98587892772995,0.19470169798446324,18.942924010028943,0.7410146885949058,3.8051433821649305,0.0011090130768720992,-9.598457740856535e-05,-27.98587892772995,0.19470169798446324,18.942924010028943,0.7410146885949058,3.8051433821649305,0.0011090130768720992
4.720999999999911,2,1,1,2,0.0006639085699501604,5.198791876505045,5.205192134523265,5.0,0.6193214087928826,-8.844957393531832e-06,0.4359402146110255,0.029313035253109417,-7.52993908310485e-07,8.46294979267509e-05,0.6290500099023663,-9.278129557961225e-06,0.009728601119127336,0.8419209480681085,0.07096499999999552,0.07096499999999552,1.0,-0.05375350993670851,-0.0537682870972414,-0.20520577384316466,-0.2051910851565129,-0.2052057738431647,-0.25895928377987315,-7.0,0.0,0.0,-0.10882570886099299,-0.10886141674852536,-0.18651127960459143,-0.18646464194074994,-0.18651127960459146,-0.13151127960459144,0.11348872039540898,0.0046630115344169845,0.0,0.18651127960459143,0.20685347986557684,6.039239315046395e-07,0,0,0,0,0,inf,inf,0,0,0.0,1.3284575856355871,-9.582698602272374e-06,0.19360105665165112,-1.2280554324682308e-06,-1.3982575856355872,-8.298424954416399e-06,1.6065534612496717,-0.7853103236237118,-4.38025072316951e-06,0.10417386778498851,-1.0885248645889977e-06,0.14140013390097786,1.104952281021238e-05,-0.031836223397430106,-8.769767533410257e-06,-0.00010470138522876066,-28.013247323838034,0.19573392681812976,18.9404465412021,0.7410174759127134,3.8049162235945966,0.0011133383561637428,-0.00010470138522876066,-28.013247323838034,0.19573392681812976,18.9404465412021,0.7410174759127134,3.8049162235945966,0.0011133383561637428
4.730999999999915,2,1,1,2,0.0006637969104986976,5.197968277239996,5.204264578040467,5.0,0.6196145516493677,-8.850881318711457e-06,0.43594110373432693,0.02931338738058735,-4.6658004559548633e-07,8.935845593013564e-05,0.6293500099023662,-9.278129557961225e-06,0.009735458262373549,0.8450120941379483,0.07126499999999548,0.07126499999999548,1.0,-0.05372263109206083,-0.05373733053131605,-0.2052083079505256,-0.20519361945229458,-0.2052083079505256,-0.25893093904258635,-7.0,0.0,0.0,-0.10936307254676322,-0.10939892778111351,-0.18856335242373135,-0.1885165678761182,-0.18856335242373137,-0.13356335242373135,0.1114366475762691,0.0020735750295068516,0.0,0.18856335242373135,0.20685347986557684,6.015101328519452e-07,0,0,0,0,0,inf,inf,0,0,0.0,1.32704233938165,-9.623740208949162e-06,0.19464332217755867,-1.2375661717478132e-06,-1.39684233938165,-8.191353592994585e-06,1.6062344371143233,-0.7853104070042175,-3.883199299264131e-06,0.10426968264020742,-8.442825313590558e-07,0.14162639954053002,1.0430308518194202e-05,-0.031956556431759424,-7.992646532075246e-06,-0.0001139636646154296,-28.04061551649455,0.196766453033002,18.937948728646546,0.7410200159778334,3.804690279390423,0.0011175570836182448,-0.0001139636646154296,-28.04061551649455,0.196766453033002,18.937948728646546,0.7410200159778334,3.804690279390423,0.0011175570836182448
4.740999999999918,2,1,1,2,0.0006637282811501602,5.197155182781124,5.203351494562579,5.0,0.6199076970011935,-8.854142029527035e-06,0.43594203772871964,0.029313545021485452,-2.1671450783772657e-07,9.364132023103197e-05,0.6296500099023662,-9.278129557961225e-06,0.009742312910398681,0.8481088429688407,0.07156499999999545,0.07156499999999545,1.0,-0.05369373174080342,-0.05370835146116427,-0.20520948072686948,-0.2051947899143401,-0.20520948072686948,-0.2589032124676729,-7.0,0.0,0.0,-0.10990013823154408,-0.10993614002249759,-0.19061544305654055,-0.1905685116132782,-0.19061544305654057,-0.13561544305654055,0.10938455694345983,-0.0005155812880832405,0.0,0.19061544305654055,0.20685347986557684,5.990088659761114e-07,0,0,0,0,0,inf,inf,0,0,0.0,1.325624833705332,-9.65999680981138e-06,0.19568654665754734,-1.2448419544889954e-06,-1.395424833705332,-8.090346033941688e-06,1.6059142103465132,-0.7853104829088455,-3.4202222258477905e-06,0.10436563744582569,-6.376939988793281e-07,0.1418520619278337,9.83495961708787e-06,-0.03207674514447855,-7.2698368983303895e-06,-0.00012346202907584855,-28.067983468754964,0.19779955915531042,18.93543127402619,0.741022395629858,3.804465754699043,0.0011216853407104155,-0.00012346202907584855,-28.067983468754964,0.19779955915531042,18.93543127402619,0.741022395629858,3.804465754699043,0.0011216853407104155
4.750999999999921,2,1,1,2,0.0006636982879917033,5.196356353648238,5.202452591352381,5.0,0.6202008429417144,-8.855104593155628e-06,0.43594301209106634,0.02931351510973706,-3.1800244722470347e-09,9.747184603981115e-05,0.6299500099023662,-9.278129557961225e-06,0.009749166969829469,0.8512108698875493,0.07186499999999542,0.07186499999999542,1.0,-0.053666904806754664,-0.05368144504075928,-0.2052093406912638,-0.20519464509203642,-0.2052093406912638,-0.2588762454980186,-7.0,0.0,0.0,-0.11043692626656715,-0.11047307381654492,-0.19266753815682172,-0.19262045978111988,-0.19266753815682175,-0.13766753815682173,0.10733246184317864,-0.0031044644233874973,0.0,0.19266753815682172,0.20685347986557684,5.964370657389214e-07,0,0,0,0,0,inf,inf,0,0,0.0,1.324205075137224,-9.691820308525272e-06,0.19673073126191262,-1.2502544953799499e-06,-1.3940050751372242,-7.995145626163735e-06,1.6055927829805412,-0.7853105518994843,-2.993231709847963e-06,0.10446169123957631,-4.677092821198224e-07,0.14207703510763842,9.26663399982602e-06,-0.03219668571367964,-6.604468315309314e-06,-0.00013293479356921308,-28.095351057168976,0.19883348075116045,18.932894727392767,0.7410246856830527,3.804242811159455,0.0011257380626788045,-0.00013293479356921308,-28.095351057168976,0.19883348075116045,18.932894727392767,0.7410246856830527,3.804242811159455,0.0011257380626788045
4.760999999999925,2,1,1,2,0.0006637025133715271,5.19557505380633,5.201568087869228,5.0,0.620493987633046,-8.854127046783237e-06,0.4359440223050454,0.029313304453857155,1.7509223642033872e-07,0.00010085250010640079,0.6302500099023661,-9.278129557961225e-06,0.009756022278533854,0.8543178843412955,0.07216499999999539,0.07216499999999539,1.0,-0.05364219270244594,-0.05365665551293745,-0.20520793549037453,-0.2051932327108455,-0.20520793549037453,-0.25885012819282044,-7.0,0.0,0.0,-0.11097345764747993,-0.11100975017160865,-0.1947196248596338,-0.19467239949038195,-0.19471962485963382,-0.1397196248596338,0.10528037514036655,-0.005693082507112363,0.0,0.1947196248596338,0.20685347986557684,5.938090771355065e-07,0,0,0,0,0,inf,inf,0,0,0.0,1.3227830709089066,-9.719577510157666e-06,0.19777587677580727,-1.2541593124557276e-06,-1.3925830709089067,-7.905468321238423e-06,1.6052701579621214,-0.7853106145595043,-2.6033784375514006e-06,0.10455780738888099,-3.3229126048911154e-07,0.14230126117874176,8.727731282465008e-06,-0.0323162968394098,-5.9979316318453015e-06,-0.00014216475321498755,-28.122718083237647,0.19986841037822956,18.930339509997207,0.741026943206985,3.8040215743388694,0.001129729003908127,-0.00014216475321498755,-28.122718083237647,0.19986841037822956,18.930339509997207,0.741026943206985,3.8040215743388694,0.001129729003908127
4.770999999999928,2,1,1,2,0.0006637365940114484,5.194814077166808,5.200698582168567,5.0,0.6207871293041228,-8.851552979413911e-06,0.4359450639195107,0.029312919619925014,3.198275556572501e-07,0.00010379289422375639,0.6305500099023661,-9.278129557961225e-06,0.009762880607562622,0.8574296303509317,0.07246499999999535,0.07246499999999535,1.0,-0.05361959546363266,-0.053633984383396074,-0.20520531107844006,-0.20519059883118362,-0.20520531107844006,-0.25882490654207263,-7.0,0.0,0.0,-0.11150975355457127,-0.11154619029697184,-0.19677169076770695,-0.1967243183204261,-0.19677169076770698,-0.14177169076770696,0.10322830923229338,-0.00828144432227684,0.0,0.19677169076770695,0.20685347986557684,5.911369796586248e-07,0,0,0,0,0,inf,inf,0,0,0.0,1.3213588286995814,-9.743642764401076e-06,0.19882198363844858,-1.2568875251448953e-06,-1.3911588286995815,-7.821010115490358e-06,1.6049463389421301,-0.785310671477995,-2.251101671264162e-06,0.10465395287396555,-2.2871057420618604e-07,0.1425247054503668,8.219922968638853e-06,-0.032435516342946905,-5.450170459781031e-06,-0.0001509758708002797,-28.150084283339222,0.20090450138021207,18.92776593336299,0.7410292132584896,3.803802138687338,0.0011336707115949677,-0.0001509758708002797,-28.150084283339222,0.20090450138021207,18.92776593336299,0.7410292132584896,3.803802138687338,0.0011336707115949677
4.780999999999931,2,1,1,2,0.0006637962844900083,5.194075777363995,5.199844938969665,5.0,0.6210802662478666,-8.847705916079784e-06,0.435946132612101,0.02931236686331281,4.3323900940613397e-07,0.00010630838312730973,0.6308500099023661,-9.278129557961225e-06,0.009769743663980996,0.8605458865872537,0.07276499999999532,0.07276499999999532,1.0,-0.05359907815928384,-0.053613397869534514,-0.20520151123857744,-0.20518678735659424,-0.20520151123857738,-0.2588005893978612,-7.0,0.0,0.0,-0.1120458349703547,-0.11208241521704179,-0.1988237239316609,-0.1987762042996527,-0.19882372393166092,-0.1438237239316609,0.10117627606833941,-0.010869558902014232,0.0,0.1988237239316609,0.20685347986557684,5.884308787433446e-07,0,0,0,0,0,inf,inf,0,0,0.0,1.3199323564277063,-9.764391208524612e-06,0.19986905197607335,-1.2587403019668306e-06,-1.3897323564277064,-7.741454055635663e-06,1.6046213301025265,-0.7853107232367759,-1.9361961760678883e-06,0.10475009773294114,-1.537873752304128e-07,0.14274735221409524,7.744204879843804e-06,-0.03255429810411279,-4.959947124586888e-06,-0.0001592297906168346,-28.177449337913952,0.2019418716726884,18.925174216024082,0.7410315303782415,3.803584571520651,0.0011375745186093854,-0.0001592297906168346,-28.177449337913952,0.2019418716726884,18.925174216024082,0.7410315303782415,3.803584571520651,0.0011375745186093854
4.790999999999935,2,1,1,2,0.0006638775076717443,5.193362100017001,5.199008196880698,5.0,0.6213733968178661,-8.842885256587502e-06,0.435947224239688,0.029311652093109104,5.178820930403547e-07,0.00010841881751101618,0.631150009902366,-9.278129557961225e-06,0.009776613094188256,0.8636664661243127,0.07306499999999529,0.07306499999999529,1.0,-0.05358057758380451,-0.05359483363014009,-0.20519657733304553,-0.2051818397749658,-0.20519657733304553,-0.2587771549168501,-7.0,0.0,0.0,-0.11258172236729502,-0.1126184454560689,-0.2008757128267624,-0.20082804588234804,-0.20087571282676242,-0.1458757128267624,0.09912428717323792,-0.013457435194056044,0.0,0.2008757128267624,0.20685347986557684,5.856991676898646e-07,0,0,0,0,0,inf,inf,0,0,0.0,1.3185036620817847,-9.782192740737521e-06,0.2009170816300962,-1.259985469695253e-06,-1.3883036620817848,-7.666476649559816e-06,1.6042951360109927,-0.7853107703999268,-1.6578894045918778e-06,0.10484621463955099,-1.0408755861271297e-07,0.14296920107611813,7.300961340726649e-06,-0.032672609343650676,-4.525083060954778e-06,-0.000166822223248478,-28.20481288012286,0.2029806075169348,18.92256449843083,0.741033919951796,3.8033689165212383,0.0011414505562444258,-0.000166822223248478,-28.20481288012286,0.2029806075169348,18.92256449843083,0.741033919951796,3.8033689165212383,0.0011414505562444258
4.800999999999938,2,1,1,2,0.0006639763935769863,5.192674616552434,5.198189492489447,5.0,0.6216665194248308,-8.837363552054374e-06,0.43594833487716755,0.029310780859938896,5.765305559734207e-07,0.0001101474439399529,0.631450009902366,-9.278129557961225e-06,0.00978349048746394,0.8667912159128255,0.07336499999999525,0.07336499999999525,1.0,-0.05356400824694365,-0.05357820679090786,-0.20519054821738072,-0.2051757950662158,-0.20519054821738072,-0.2587545564643244,-7.0,0.0,0.0,-0.11311743545857787,-0.1131543007862733,-0.2029276463281298,-0.20287983192390416,-0.20292764632812982,-0.1479276463281298,0.0970723536718705,-0.016045081786706293,0.0,0.2029276463281298,0.20685347986557684,5.829487670325689e-07,0,0,0,0,0,inf,inf,0,0,0.0,1.317072753584994,-9.797406797652773e-06,0.20196607218165483,-1.2608558647010357e-06,-1.386872753584994,-7.595753597575075e-06,1.6039677615009194,-0.7853108135055828,-1.4149238808973213e-06,0.10494227858836477,-7.607985717910312e-08,0.14319026379783256,6.890035575495054e-06,-0.03279042823642585,-4.142673883743918e-06,-0.0001736792806902838,-28.232174504016847,0.20402076723293744,18.919936856237936,0.7410363994639755,3.8031551969119985,0.0011453077854029765,-0.0001736792806902838,-28.232174504016847,0.20402076723293744,18.919936856237936,0.7410363994639755,3.8031551969119985,0.0011453077854029765
4.810999999999941,2,1,1,2,0.0006641266963031403,5.197663321256989,5.1977197873086665,5.0,0.6219597353004834,-8.83153905725623e-06,0.4359495047914069,0.029341048685476108,5.794910380799395e-07,0.0001248749864876668,0.631750009902366,-9.278129557961225e-06,0.009790274612068306,0.8699400133641083,0.07366499999999522,0.07366499999999522,1.0,-0.053615232203438994,-0.053627270857427814,-0.20483989129749744,-0.20479880486325763,-0.20483989129749747,-0.2584551235009364,-6.9808266337891824,0.0,0.0,-0.11365325356461736,-0.11369025246330669,-0.20497806725406778,-0.20492999603297593,-0.2049780672540678,-0.1499780672540678,0.0950219327459325,-0.018631320818683794,0.0,0.20497806725406778,0.20685347986557684,6.350518254141691e-07,0,0,0,0,0,inf,inf,0,0,0.0,1.3156395437334252,-9.810141000853174e-06,0.20301606973327874,-1.260187501277228e-06,-1.3854395437334253,-7.533138891820826e-06,1.603639512435821,-0.7853108556324893,-1.1335219493981137e-06,0.10505291218545663,3.545660366029181e-07,0.1434400653030209,5.280380400545726e-06,-0.03281671164870974,-4.5370736592488e-06,-0.00018720579032669628,-28.258903912181168,0.20505633954351793,18.916118984126314,0.7410493043532129,3.801623801697161,0.0011589222871819535,-0.00018720579032669628,-28.258903912181168,0.20505633954351793,18.916118984126314,0.7410493043532129,3.801623801697161,0.0011589222871819535
4.820999999999945,2,1,1,2,0.0006646243326382797,5.210606817350261,5.1986993770876255,5.0,0.6222538739774003,-8.824859385627975e-06,0.43595108159406976,0.029494049513607366,8.282029329681614e-07,0.0001907793097065153,0.6320500099023659,-9.278129557961225e-06,0.009796135935452118,0.8732708387723624,0.07396499999999519,0.07396499999999519,1.0,-0.0537749404359053,-0.053781940180160706,-0.2042176416165147,-0.20412554149622675,-0.2042176416165147,-0.25799258205242,-6.9235166025687445,0.0,0.0,-0.11419020505014743,-0.11422729815078973,-0.20702311429280254,-0.20697436046389311,-0.20702311429280257,-0.15202311429280255,0.09297688570719775,-0.021213319342948643,0.0,0.20702311429280254,0.20685347986557684,8.676632923426797e-07,0,0,0,0,0,inf,inf,0,0,0.0,1.3142031775254603,-9.818770086671694e-06,0.20406751725567793,-1.2461974668681306e-06,-1.3840031775254604,-7.5066150518745225e-06,1.6033127343699516,-0.785310910326455,-5.893011101575703e-07,0.10523477193197132,2.6121157500786518e-06,0.14382481216119503,-8.680940225192345e-08,-0.032504364776241135,-6.330085449624693e-06,-0.00024228226249530823,-28.28265178693574,0.20605694298271296,18.906452732198698,0.7410956361839305,3.7935646136064176,0.0012078884955954864,-0.00024228226249530823,-28.28265178693574,0.20605694298271296,18.906452732198698,0.7410956361839305,3.7935646136064176,0.0012078884955954864
4.830999999999948,2,1,1,2,0.0006659853452959654,5.22881961531282,5.201805588327945,5.0,0.622550409258868,-8.81126271463784e-06,0.4359536689726319,0.029806791398648315,1.9685053777226193e-06,0.00032104605862760805,0.6323500099023659,-9.278129557961225e-06,0.00979960065461904,0.8770522196912657,0.07426499999999515,0.07426499999999515,1.0,-0.05402683787377093,-0.054027380863004903,-0.20355661999869493,-0.20340938708570605,-0.20355661999869498,-0.2575834578724659,-6.828697807033631,0.0,0.0,-0.11472926545727467,-0.11476639395011318,-0.2090616732438633,-0.20901169437109515,-0.20906167324386332,-0.1540616732438633,0.09093832675613697,-0.023790938701136664,0.0,0.2090616732438633,0.20685347986557684,1.2218913042635978e-06,0,0,0,0,0,inf,inf,0,0,0.0,1.3127618243226384,-9.819796622405328e-06,0.20512141784314364,-1.1952513554800287e-06,-1.3825618243226385,-7.554110382183212e-06,1.602991286990214,-0.7853109827676354,3.6611795569259263e-07,0.10553859479602963,7.565209549554508e-06,0.14442659588003137,-9.051254824998905e-06,-0.03179195500668899,-7.810188662271066e-06,-0.0003684042963286322,-28.30265044286756,0.2069947098675882,18.888578554075266,0.7411613697358482,3.776323877102954,0.001287103198560403,-0.0003684042963286322,-28.30265044286756,0.2069947098675882,18.888578554075266,0.7411613697358482,3.776323877102954,0.001287103198560403
4.840999999999951,2,1,1,2,0.0006687599275885516,5.251018039718415,5.207366794564348,5.0,0.6228509772261733,-8.77924209371335e-06,0.43595790822406844,0.030283544128810857,4.427650191214884e-06,0.0005139817998932035,0.6326500099023659,-9.278129557961225e-06,0.009799032688892189,0.8815638942609952,0.07456499999999512,0.07456499999999512,1.0,-0.05437042608468067,-0.05436354593670856,-0.20283625902842203,-0.20263748292241518,-0.20283625902842203,-0.25720668511310263,-6.697409101749835,0.0,0.0,-0.115271346061579,-0.11530843987211753,-0.21109336742163273,-0.21104162804543927,-0.21109336742163276,-0.15609336742163274,0.08890663257836758,-0.026364713483210397,0.0,0.21109336742163273,0.20685347986557684,1.6570034870274121e-06,0,0,0,0,0,inf,inf,0,0,0.0,1.3113129961860643,-9.808484464391725e-06,0.20617921303076303,-1.0783269999361267e-06,-1.3811129961860644,-7.707875364884304e-06,1.6026790068314332,-0.785311060791159,1.8422172177438728e-06,0.10600321367506708,1.5524831709328876e-05,0.1452999991317001,-2.0948997743296454e-05,-0.030716815609241336,-7.435668849564786e-06,-0.0005847685921822471,-28.31921127422279,0.20785188586607398,18.86190021665153,0.7412275985876429,3.749190657774219,0.0013851778157550772,-0.0005847685921822471,-28.31921127422279,0.20785188586607398,18.86190021665153,0.7412275985876429,3.749190657774219,0.0013851778157550772
4.850999999999955,2,1,1,2,0.0006734554182128141,5.276383261774569,5.21552746995995,5.0,0.6231571814084814,-8.714543181474588e-06,0.43596438915514557,0.03091655735946345,8.364200079715186e-06,0.0007623763393804471,0.6329500099023658,-9.278129557961225e-06,0.009792828510101869,0.8870594886624678,0.07486499999999509,0.07486499999999509,1.0,-0.054811714053557975,-0.054796597069730515,-0.201933669804649,-0.201690223501242,-0.201933669804649,-0.25674538385820694,-6.531088913246372,0.0,0.0,-0.11581739342469693,-0.11585437376343079,-0.21311698113574368,-0.21306300182266533,-0.2131169811357437,-0.15811698113574368,0.08688301886425662,-0.02893437456043931,0.0,0.21311698113574368,0.20685347986557684,2.1520199491023963e-06,0,0,0,0,0,inf,inf,0,0,0.0,1.309853762472787,-9.779162540709527e-06,0.20724268079202282,-8.653664137171205e-07,-1.3796537624727871,-7.994309703802436e-06,1.602379168397993,-0.7853111205722879,3.918089213624629e-06,0.10665826821552055,2.6446103324194118e-05,0.14648170061109556,-3.5271082396913465e-05,-0.02934503229644799,-4.3396030808307e-06,-0.0009029344697185603,-28.333005080674734,0.20861907223626266,18.826477573609463,0.7412814983608275,3.7121652301787087,0.0014937584936889337,-0.0009029344697185603,-28.333005080674734,0.20861907223626266,18.826477573609463,0.7412814983608275,3.7121652301787087,0.0014937584936889337
4.860999999999958,2,1,1,2,0.0006805056593878469,5.304265621532503,5.2263130762147,5.0,0.6234705165223753,-8.602474524933865e-06,0.4359736155295296,0.031692951222342676,1.3738785282543478e-05,0.0010567660673721393,0.6332500099023658,-9.278129557961225e-06,0.009779493403330662,0.8937543602011429,0.07516499999999506,0.07516499999999506,1.0,-0.055359502919708536,-0.05533542922788154,-0.20068058660200044,-0.20040094831626593,-0.20068058660200042,-0.2560400895217089,-6.331559480313229,0.0,0.0,-0.11636843156571344,-0.1164052120253557,-0.21512979079142508,-0.21507317054046643,-0.2151297907914251,-0.1601297907914251,0.08487020920857519,-0.03149822235713724,0.0,0.21512979079142508,0.20685347986557684,2.6928870717985355e-06,0,0,0,0,0,inf,inf,0,0,0.0,1.3083809048948747,-9.725583488065982e-06,0.20831385051193393,-5.281747222667747e-07,-1.3781809048948748,-8.435423485546528e-06,1.6020943419977698,-0.7853111326278563,6.6324459329745245e-06,0.10752533505721398,4.0040276561853696e-05,0.14799438234380138,-5.1620959128114737e-05,-0.027748777827172888,1.8271356969862557e-06,-0.0013278388434557816,-28.344820386495734,0.20929393437460464,18.782660879851637,0.7413154963105512,3.665555907385959,0.0016071527060356062,-0.0013278388434557816,-28.344820386495734,0.20929393437460464,18.782660879851637,0.7413154963105512,3.665555907385959,0.0016071527060356062
4.870999999999961,2,1,1,2,0.0006902575542811753,5.334099308280964,5.239662248550677,5.0,0.6237923323300493,-8.429527354739872e-06,0.4359859904305293,0.03259711477791346,2.0376366617482845e-05,0.0013867119892579472,0.6335500099023658,-9.278129557961225e-06,0.00975767760921696,0.9018218764152071,0.07546499999999502,0.07546499999999502,1.0,-0.05602350038190437,-0.055989865120065,-0.1988898830632968,-0.19858334483939555,-0.19888988306329677,-0.2549133834452012,-6.1010068891718365,0.0,0.0,-0.11692557872129337,-0.11696206629511073,-0.21712727014259908,-0.21706769769951673,-0.2171272701425991,-0.1621272701425991,0.08287272985740118,-0.034052848863891164,0.0,0.21712727014259908,0.20685347986557684,3.267205598279637e-06,0,0,0,0,0,inf,inf,0,0,0.0,1.3068910453593316,-9.641364820589374e-06,0.20939492598721146,-4.24244521514275e-08,-1.3766910453593317,-9.049476419940105e-06,1.6018263796383279,-0.7853110660068766,9.977804968310766e-06,0.1086185476757355,5.5850072793316096e-05,0.14984878810837654,-6.963227131620308e-05,-0.02599903226960094,1.1066797134755956e-05,-0.0018584395532220146,-28.35547732240598,0.20988023795005337,18.730965527651055,0.7413256137771276,3.6098443182678466,0.0017211815730154545,-0.0018584395532220146,-28.35547732240598,0.20988023795005337,18.730965527651055,0.7413256137771276,3.6098443182678466,0.0017211815730154545
4.880999999999965,2,1,1,2,0.0007029653002208194,5.365386099003185,5.255448400130404,5.0,0.6241238121300883,-8.184481304636755e-06,0.4360018102614469,0.033611645153314884,2.8009442822972812e-05,0.0017414309215983846,0.6338500099023657,-9.278129557961225e-06,0.009726197833764305,0.9113926932664703,0.07576499999999499,0.07576499999999499,1.0,-0.056813006813573944,-0.056769370027823285,-0.196372310156222,-0.19604847389526336,-0.196372310156222,-0.25318531696979596,-5.841957122256975,0.0,0.0,-0.11749004895241617,-0.11752614544456084,-0.21910299804979227,-0.21904025714534872,-0.2191029980497923,-0.16410299804979228,0.08089700195020798,-0.03659304700220714,0.0,0.21910299804979227,0.20685347986557684,3.862876643450384e-06,0,0,0,0,0,inf,inf,0,0,0.0,1.3053807570436156,-9.520453291501958e-06,0.2104882135809889,6.109833383611678e-07,-1.3751807570436156,-9.85104267112893e-06,1.60157644166282,-0.7853108910974937,1.3900886130686594e-05,0.10994505419156934,7.330652359616438e-05,0.15204518734945402,-8.893218632680093e-05,-0.02416330698339064,2.314731108680102e-05,-0.0024882955112639146,-28.365792299553256,0.21038705469002147,18.672024409563278,0.7413104723248742,3.545637190855087,0.001832500241312336,-0.0024882955112639146,-28.365792299553256,0.21038705469002147,18.672024409563278,0.7413104723248742,3.545637190855087,0.001832500241312336
4.890999999999968,2,1,1,2,0.00071878918382176,5.397701301030271,5.273497960694167,5.0,0.6244659576013087,-7.859153009443075e-06,0.4360212637067715,0.03471781255013001,3.630862923719105e-05,0.0021102155498816744,0.6341500099023657,-9.278129557961225e-06,0.009684052405016247,0.9225552644258362,0.07606499999999496,0.07606499999999496,1.0,-0.057735755159203504,-0.057681903747583516,-0.19294985691269195,-0.19261823215332932,-0.19294985691269195,-0.2506856120718955,-5.557248383024614,0.0,0.0,-0.11806314164226418,-0.11809874565093993,-0.2210487124476736,-0.22098268263158713,-0.22104871244767363,-0.1660487124476736,0.07895128755232668,-0.03911185408993645,0.0,0.2210487124476736,0.20685347986557684,4.468007080236209e-06,0,0,0,0,0,inf,inf,0,0,0.0,1.3038466620296987,-9.35755812673727e-06,0.21159605464095185,1.445058649779782e-06,-1.3736466620296988,-1.0850905715390803e-05,1.6013450356953285,-0.785310581546591,1.830767799506135e-05,0.11150542712089559,9.177413756836205e-05,0.15457465384943195,-0.00010913748464992902,-0.022305000821827597,3.7674998519446894e-05,-0.0032061531271269875,-28.376559428501263,0.21082804658146578,18.606565017240595,0.7412708067629548,3.47364553578445,0.0019382872748474802,-0.0032061531271269875,-28.376559428501263,0.21082804658146578,18.606565017240595,0.7412708067629548,3.47364553578445,0.0019382872748474802
4.900999999999971,2,1,1,2,0.0007377979110445845,5.430705455089717,5.293607477698751,5.0,0.624819577308775,-7.448882303245119e-06,0.4360444344462482,0.035895871066762404,4.4905947040597674e-05,0.002482783961658806,0.6344500099023657,-9.278129557961225e-06,0.009630432767318326,0.9353570048288965,0.07636499999999492,0.07636499999999492,1.0,-0.05879677033873411,-0.05873278551273442,-0.18846745955907082,-0.18813711176306833,-0.18846745955907082,-0.2472642298978049,-5.25000000000092,0.0,0.0,-0.11864621955484432,-0.11868122910923738,-0.22295448828236905,-0.22288514203032825,-0.22295448828236908,-0.16795448828236906,0.07704551171763124,-0.041600707837212036,0.0,0.22295448828236905,0.20685347986557684,5.07115069252263e-06,0,0,0,0,0,inf,inf,0,0,0.0,1.3022855165040366,-9.14851576776013e-06,0.21272076194306191,2.466264544927729e-06,-1.3720855165040367,-1.2056010497052356e-05,1.6011320585955144,-0.7853101155797543,2.3071523362484945e-05,0.11329406324524822,0.00011058743323414725,0.1574202902168253,-0.0001298661027331358,-0.020483292255748065,5.4146203500693516e-05,-0.003996552877785194,-28.388537630232776,0.2112207827810803,18.535394105893555,0.7412092293573529,3.394672045066518,0.0020361182358785423,-0.003996552877785194,-28.388537630232776,0.2112207827810803,18.535394105893555,0.7412092293573529,3.394672045066518,0.0020361182358785423
4.910999999999975,2,1,1,2,0.0007599741024842113,5.464154694904332,5.3155600053072884,5.0,0.6251852779970168,-6.952810872618639e-06,0.43607130719263454,0.03712531948320751,5.3413828399082294e-05,0.0028496007130930944,0.6347500099023656,-9.278129557961225e-06,0.009564732188007359,0.9498059169910914,0.07666499999999489,0.07666499999999489,1.0,-0.05999721661019624,-0.05992354205475756,-0.1828032845693994,-0.18248252532243558,-0.18280328456939943,-0.24280050117959567,-4.92357825076616,0.0,0.0,-0.11924067542428564,-0.11927499130422141,-0.22480902477798503,-0.2247364213115972,-0.22480902477798506,-0.16980902477798504,0.07519097522201526,-0.04404970020226934,0.0,0.22480902477798503,0.20685347986557684,5.661596045087512e-06,0,0,0,0,0,inf,inf,0,0,0.0,1.3006942838253062,-8.890563425086339e-06,0.21386456015099659,3.6743852998349124e-06,-1.3704942838253062,-1.346956415699893e-05,1.600936838370933,-0.7853094768714658,2.804290877822301e-05,0.11529958800552627,0.00012908055596505668,0.1605584335524251,-0.00015075353317512886,-0.018753205615897422,7.198779618763832e-05,-0.004840461537208658,-28.40243987806655,0.211586062725702,18.459384378755328,0.7411300871263085,3.309600495251738,0.002123917117129931,-0.004840461537208658,-28.40243987806655,0.211586062725702,18.459384378755328,0.7411300871263085,3.309600495251738,0.002123917117129931
4.920999999999978,2,1,1,2,0.0007852227439724404,5.497905183646644,5.3391403888380395,5.0,0.6255634583905415,-6.373986242182771e-06,0.43610177682122914,0.03838514662685535,6.144151846003842e-05,0.003202175782541022,0.6350500099023656,-9.278129557961225e-06,0.009486551956350653,0.9658726111425472,0.07696499999999486,0.07696499999999486,1.0,-0.06133324768329915,-0.061250752287706746,-0.1758773660438931,-0.1755734891426464,-0.17587736604389312,-0.23721061372719227,-4.581559480313095,0.0,0.0,-0.11984788700696822,-0.1198814167202349,-0.22660002672974827,-0.22652430298570697,-0.2266000267297483,-0.17160002672974828,0.07339997327025194,-0.046447913736715224,0.0,0.22660002672974827,0.20685347986557684,6.229607786958633e-06,0,0,0,0,0,inf,inf,0,0,0.0,1.299070195641935,-8.582510419776024e-06,0.21502953038287773,5.062658469228799e-06,-1.3688701956419351,-1.5091297769940304e-05,1.600758175116745,-0.7853086550496957,3.305989177931374e-05,0.11750527252115979,0.00014661119057532968,0.16395983958895244,-0.00017146796557586448,-0.01716572169928997,9.059090057048094e-05,-0.005715939812945339,-28.418923473715303,0.2119472223967534,18.379461447489987,0.7410393210263146,3.219385157703467,0.002199937141928442,-0.005715939812945339,-28.418923473715303,0.2119472223967534,18.379461447489987,0.7410393210263146,3.219385157703467,0.002199937141928442
4.930999999999981,2,1,1,2,0.0008133823400651432,5.531907716928566,5.364148536071228,5.0,0.6259543054264162,-5.71931089013531e-06,0.43613566032681556,0.03965407398240776,6.86099487207585e-05,0.0035333318703050084,0.6353500099023656,-9.278129557961225e-06,0.0093957051499377,0.9834926862120328,0.07726499999999482,0.07726499999999482,1.0,-0.06279490558894693,-0.06270493246051034,-0.16765828630474985,-0.16737735641533452,-0.16765828630474988,-0.2304531918936968,-4.227690917862839,0.0,0.0,-0.1204691608531209,-0.1205018231723527,-0.22831466166308806,-0.22823602090678718,-0.2283146616630881,-0.17331466166308807,0.07168533833691212,-0.04878382251620774,0.0,0.22831466166308806,0.20685347986557684,6.7665853837882935e-06,0,0,0,0,0,inf,inf,0,0,0.0,1.297410801387255,-8.224806107358293e-06,0.2162175590537962,6.618119317624999e-06,-1.367210801387255,-1.6917853232250526e-05,1.6005943809034704,-0.7853076458920338,3.795824180939082e-05,0.11988947109485809,0.00016257974068843503,0.1675908224367378,-0.00019172014234429804,-0.015767871233670214,0.00010933951962965275,-0.0065988612412208394,-28.43858110326241,0.21232939831473605,18.296590593247583,0.7409442657097878,3.1250395888379767,0.002262751130588685,-0.0065988612412208394,-28.43858110326241,0.21232939831473605,18.296590593247583,0.7409442657097878,3.1250395888379767,0.002262751130588685
4.940999999999985,2,1,1,2,0.0008442383682130952,5.5661893405433265,5.390409402234781,5.0,0.6263577929268564,-4.9993474658851844e-06,0.4361727111947113,0.04091080146747625,7.45658204634512e-05,0.0038374214208287474,0.6356500099023655,-9.278129557961225e-06,0.00929221796063326,1.002569444915613,0.07756499999999479,0.07756499999999479,1.0,-0.06436514294297652,-0.0642695347263959,-0.15816761788232966,-0.15791431798651778,-0.15816761788232964,-0.2225327608253062,-3.865849621437357,0.0,0.0,-0.12110566567250504,-0.12113739554047216,-0.22994007169274555,-0.22985877033721466,-0.2299400716927456,-0.17494007169274556,0.0700599283072546,-0.05104573736524937,0.0,0.22994007169274555,0.20685347986557684,7.265121758680225e-06,0,0,0,0,0,inf,inf,0,0,0.0,1.2957140067862896,-7.81951186170051e-06,0.2174302912497717,8.322114813722305e-06,-1.3655140067862896,-1.8943225593015207e-05,1.6004433190357399,-0.7853064512609694,4.2580471030011716e-05,0.12242608871574093,0.00017644457309798044,0.1714143137908873,-0.00021126501388759404,-0.014602766459020958,0.00012763457277987098,-0.007463700578120312,-28.461932743587802,0.21275872338701451,18.211763308648653,0.7408533427618098,3.0276246311466184,0.0023112439872819256,-0.007463700578120312,-28.461932743587802,0.21275872338701451,18.211763308648653,0.7408533427618098,3.0276246311466184,0.0023112439872819256
4.950999999999988,2,1,1,2,0.0008775384168775704,5.600820519493386,5.417778255202481,5.0,0.6267736827644131,-4.227985503107338e-06,0.43621263555550016,0.04213425991800337,7.899529603430187e-05,0.004110469749538631,0.6359500099023655,-9.278129557961225e-06,0.009176328527612547,1.0229769109666291,0.07786499999999476,0.07786499999999476,1.0,-0.06601907082160795,-0.06592016125293612,-0.14748191721708995,-0.14725945957967246,-0.14748191721708995,-0.2135009880386979,-3.5000000000004508,0.0,0.0,-0.12175835706871421,-0.12178911057884959,-0.2314639164740316,-0.2313802497195227,-0.23146391647403167,-0.17646391647403162,0.06853608352596856,-0.05322227354274459,0.0,0.2314639164740316,0.20685347986557684,7.71895589471099e-06,0,0,0,0,0,inf,inf,0,0,0.0,1.2939781024152406,-7.370192194914355e-06,0.21866908899276724,1.0150951389914174e-05,-1.3637781024152407,-2.11591680172685e-05,1.600302443524964,-0.7853050788236833,4.678305537527478e-05,0.12508508953180175,0.000187733943295308,0.17539079822540923,-0.00022989343717523124,-0.013709530778065098,0.00014491340100266433,-0.00828440419861554,-28.489418645994412,0.2132614363090887,18.125983797841155,0.7407756154438111,2.9282356363818622,0.002344604784576033,-0.00828440419861554,-28.489418645994412,0.2132614363090887,18.125983797841155,0.7407756154438111,2.9282356363818622,0.002344604784576033
4.960999999999991,2,1,1,2,0.0009130081531111547,5.635869194355358,5.446139947611469,5.0,0.6272015285981537,-3.4219734619888176e-06,0.43625510925144784,0.04330387203065323,8.163723543892873e-05,0.00435022049781478,0.6362500099023655,-9.278129557961225e-06,0.009048483199256881,1.044563105952784,0.07816499999999472,0.07816499999999472,1.0,-0.06772355711984139,-0.0676241210842429,-0.13573214988018234,-0.13554225339263226,-0.13573214988018228,-0.20345570700002372,-3.1341503785635396,0.0,0.0,-0.12242789657004849,-0.12245765563898775,-0.23287492202386273,-0.23278920897068142,-0.23287492202386278,-0.17787492202386274,0.06712507797613745,-0.055302818593909994,0.0,0.23287492202386273,0.20685347986557684,8.12282755175196e-06,0,0,0,0,0,inf,inf,0,0,0.0,1.2922017837892672,-6.881746074398992e-06,0.2199349948667036,1.207664568104403e-05,-1.3620017837892673,-2.3555457894347693e-05,1.6001688399813048,-0.7853035416020422,5.0441343551961755e-05,0.12783305702452633,0.00019605500493324833,0.17947908257242443,-0.0002474138733609373,-0.013123094473316475,0.0001606646706936792,-0.009035338623204204,-28.521393708903766,0.2138629053168556,18.04025571937597,0.7407201977530335,2.8279890335604656,0.0023623177260617967,-0.009035338623204204,-28.521393708903766,0.2138629053168556,18.04025571937597,0.7407201977530335,2.8279890335604656,0.0023623177260617967
4.970999999999995,2,1,1,2,0.0009503670589630355,5.67134651339256,5.475401488334746,5.0,0.627640682263864,-2.6003235808309146e-06,0.43629979473242547,0.04439982104620516,8.229535936273903e-05,0.004556065631267588,0.6365500099023654,-9.278129557961225e-06,0.008909330141108104,1.0671535307244417,0.07846499999999469,0.07846499999999469,1.0,-0.06943731068159492,-0.06934046999591738,-0.12310052699937477,-0.12294346153605729,-0.12310052699937479,-0.19253783768096971,-2.772309082138044,0.0,0.0,-0.12311456920468261,-0.1231433455015392,-0.23416340952867246,-0.23407597843251451,-0.2341634095286725,-0.17916340952867246,0.06583659047132771,-0.05727797873335381,0.0,0.23416340952867246,0.20685347986557684,8.472259327275883e-06,0,0,0,0,0,inf,inf,0,0,0.0,1.2903841648153958,-6.360203004029794e-06,0.22122870156775062,1.4067750229037757e-05,-1.3601841648153958,-2.6119934274142833e-05,1.6000392693635097,-0.785301857398923,5.3451940623291835e-05,0.1306338136071861,0.0002011000787292288,0.18363686981752175,-0.00026362630114394766,-0.012873841816412768,0.00017443867784941878,-0.00969228729428174,-28.5581235779863,0.21458659682274786,17.955569514052957,0.7406955460899162,2.7280084664054014,0.0023641518004589436,-0.00969228729428174,-28.5581235779863,0.21458659682274786,17.955569514052957,0.7406955460899162,2.7280084664054014,0.0023641518004589436
4.980999999999998,2,1,1,2,0.000989342764480177,5.707152112057658,5.505478151432811,5.0,0.6280903028769806,-1.7836061458953883e-06,0.43634635658431736,0.04540332326901115,8.08482067602348e-05,0.004728854510153798,0.6368500099023654,-9.278129557961225e-06,0.008759710231420683,1.0905547838580363,0.07876499999999466,0.07876499999999466,1.0,-0.07111157554739449,-0.07102066444877302,-0.10981484217494808,-0.10968953793016184,-0.10981484217494808,-0.18092641772234253,-2.418440519687764,0.0,0.0,-0.12381820518193407,-0.1238460428875272,-0.2353217786478787,-0.23523295297903157,-0.23532177864787876,-0.1803217786478787,0.06467822135212152,-0.05913998382981145,0.0,0.2353217786478787,0.20685347986557684,8.763307192629772e-06,0,0,0,0,0,inf,inf,0,0,0.0,1.2885247866225769,-5.81250865283941e-06,0.22255052798820968,1.6090226789129648e-05,-1.358324786622577,-2.8838252062989378e-05,1.5999102160322585,-0.7853000481459536,5.5732706893134707e-05,0.13344910125884893,0.0002026501655743008,0.18782113130256464,-0.0002782928981585667,-0.01298712139574171,0.00018585325499425502,-0.010233436128573435,-28.5997827689802,0.2154530532482261,17.872890663168732,0.7407087013298482,2.6294108187185716,0.00235014898840453,-0.010233436128573435,-28.5997827689802,0.2154530532482261,17.872890663168732,0.7407087013298482,2.6294108187185716,0.00235014898840453
4.991000000000001,2,1,0,0,0.0010010869873644523,0.0,4.986261284056552,5.0,0.6285611449086733,2.1243574630201775e-06,0.4363657885066041,0.04902431118634048,0.0007524473664820379,-0.0023435397892272196,0.6371500099023654,-9.278129557961225e-06,0.00858887256259976,1.1149940829963143,0.07906499999999463,0.07906499999999463,1.0,0.0,0.0,-0.10180278721026126,-0.10139099052715234,-0.10180278721026126,-0.10180278721026126,-2.0764217492346644,0.0,0.0,-0.12403251497725493,-0.12402432598727525,-0.23637021316326395,-0.23627731876155564,-0.236370213163264,-0.18137021316326396,0.06362978683673627,-0.06040272814051755,0.0,0.23637021316326395,0.20685347986557684,2.051204968288129e-05,0,0,0,0,0,inf,inf,0,0,0.0,1.2866799650813527,-6.384900059313327e-06,0.22391481761548776,1.92747562694249e-05,-1.3564799650813528,-1.9796647897578447e-05,1.599856319522767,-0.7852986385062888,-0.00020146896356004263,0.13983731118645146,0.0004478699828158319,0.17797611625643578,0.0023262414665112204,0.005242348199469646,7.579487041721125e-05,-0.040178105615518066,-28.64290445982214,0.1831237421505581,17.754631344765166,0.7025680461190763,2.4469427841633227,0.0027273466335661495,-0.040178105615518066,-28.64290445982214,0.1831237421505581,17.754631344765166,0.7025680461190763,2.4469427841633227,0.0027273466335661495
5.001000000000005,2,1,1,2,0.0009640681080690097,6.244939700250675,5.0798182309569455,5.0,0.6290498385631388,6.928959367206624e-06,0.43633605211017873,0.048507076318938726,0.00019171564438624555,-0.0025414193926597915,0.6374500099023653,-9.278129557961225e-06,0.008400186973996148,1.1383626628511951,0.07936499999999459,0.07936499999999459,1.0,-0.12962824788579713,-0.12994834173268555,-0.084894089288346,-0.08492640365152757,-0.084894089288346,-0.2145223371741431,-1.7499999999998606,0.0,0.0,-0.125224454457214,-0.125287457910058,-0.23729680819257445,-0.23720431215763735,-0.2372968081925745,-0.18229680819257446,0.06270319180742577,-0.06252126264978712,0.0,0.23729680819257445,0.20685347986557684,9.783792287253713e-06,0,0,0,0,0,inf,inf,0,0,0.0,1.2848840371223411,-7.660461945053937e-06,0.2253315643118541,2.2707412605535348e-05,-1.3546840371223412,-6.245831201630881e-06,1.5998850815213101,-0.7852976571331216,-4.772648065384285e-05,0.1427188289848847,0.00022565398834070363,0.1826842933891579,0.00033540328541609615,-0.0009974060544025326,0.00011030845422744822,-0.023803054470450447,-28.76119529680582,0.2033982024764132,17.749845011235465,0.7253277878750266,2.41366739852537,0.0024385197382844805,-0.023803054470450447,-28.76119529680582,0.2033982024764132,17.749845011235465,0.7253277878750266,2.41366739852537,0.0024385197382844805
5.011000000000008,2,1,1,2,0.00093772176878018,6.223693441678266,5.236389681903642,5.0,0.629534276167027,7.145874348561889e-06,0.43631674296854084,0.048472463255687014,-6.56561095227592e-05,-0.0014307279842626064,0.6377500099023653,-9.278129557961225e-06,0.008215750151865679,1.160199540962638,0.07966499999999456,0.07966499999999456,1.0,-0.12200151012588711,-0.12223022817845847,-0.06993959547028959,-0.06992124657685805,-0.0699395954702896,-0.1919411055961769,-1.442751616976114,0.0,0.0,-0.12647822077834986,-0.12654387033876519,-0.2380619050644188,-0.23796938095924283,-0.23806190506441885,-0.1830619050644188,0.06193809493558147,-0.06454012584276723,0.0,0.2380619050644188,0.20685347986557684,1.0211993334044277e-05,0,0,0,0,0,inf,inf,0,0,0.0,1.2830208179769165,-7.665602893064325e-06,0.22677146641770798,2.4252893559107818e-05,-1.3528208179769166,-8.860541604055275e-06,1.5998429661961355,-0.7852964741478762,2.5305993700746555e-05,0.1450208153828113,0.00011822326002855162,0.18922607978968975,-0.0005723315822319083,-0.006467766736188408,0.00012592058471561494,-0.010888806052295533,-28.83291618033458,0.21941022022900422,17.70033601869672,0.7418042985674851,2.3595292198940583,0.0022637446220493207,-0.010888806052295533,-28.83291618033458,0.21941022022900422,17.70033601869672,0.7418042985674851,2.3595292198940583,0.0022637446220493207
5.0210000000000115,2,1,1,2,0.0009222509976750384,6.183763665196538,5.367616522552627,5.0,0.6300203148377468,6.1206341885312746e-06,0.43630833082609605,0.04871818358356278,-0.00011728659366912916,-0.0003854154812597206,0.6380500099023653,-9.278129557961225e-06,0.008029709829918096,1.1817469322251353,0.07996499999999453,0.07996499999999453,1.0,-0.11524082272556055,-0.11541822344705543,-0.056422734646809046,-0.05640252392285433,-0.056422734646809115,-0.17166355737236963,-1.1580428777436946,0.0,0.0,-0.12766025712201726,-0.12772789261896933,-0.23868602879221315,-0.23859329385009798,-0.2386860287922132,-0.18368602879221316,0.06131397120778709,-0.06634628591422896,0.0,0.23868602879221315,0.20685347986557684,1.015874976345471e-05,0,0,0,0,0,inf,inf,0,0,0.0,1.2810951767969256,-7.2734154901182074e-06,0.22823385991236073,2.5277114060960115e-05,-1.3508951767969257,-1.5957669661562015e-05,1.5997558677183874,-0.7852951189284304,4.656067321390782e-05,0.14721480850811525,9.541559686086166e-05,0.19520100258405804,-0.000767465913097446,-0.010427731673872426,0.0001429649870539384,-0.007236521834687779,-28.895147474019083,0.22493895152539664,17.634881548365943,0.7461381931810874,2.28519841742435,0.002154460446897557,-0.007236521834687779,-28.895147474019083,0.22493895152539664,17.634881548365943,0.7461381931810874,2.28519841742435,0.002154460446897557
5.031000000000015,2,1,1,2,0.0009163705535123736,6.138546308870277,5.475389180351661,5.0,0.6305088265500264,4.965290145958902e-06,0.43630948795964797,0.04894231963472218,-0.00011013198428877305,0.0004923366328250056,0.6383500099023652,-9.278129557961225e-06,0.007841196288832519,1.2032079789344723,0.0802649999999945,0.0802649999999945,1.0,-0.10942783779120066,-0.10956991184126977,-0.044002883798593975,-0.04399079164861994,-0.04400288379859403,-0.15343072158979473,-0.8989931108287661,0.0,0.0,-0.1287799398989961,-0.12884914617112508,-0.23918102631891197,-0.23908813197103018,-0.23918102631891203,-0.18418102631891198,0.0608189736810883,-0.06796096621790661,0.0,0.23918102631891197,0.20685347986557684,9.903007127295719e-06,0,0,0,0,0,inf,inf,0,0,0.0,1.2791133306224869,-6.774172553682474e-06,0.22971731859447486,2.621278479957626e-05,-1.348913330622487,-2.3605440015851143e-05,1.5996321224888685,-0.7852936150988064,5.136427996036677e-05,0.14924367607911343,9.301876568988688e-05,0.20052619026602145,-0.0007466036307903269,-0.013936368986405566,0.00015561863797313138,-0.006428911879928132,-28.957845294430115,0.22726407220529987,17.56976395879229,0.7467274121018844,2.2092748077195297,0.0020599724378027964,-0.006428911879928132,-28.957845294430115,0.22726407220529987,17.56976395879229,0.7467274121018844,2.2092748077195297,0.0020599724378027964
5.041000000000018,2,1,1,2,0.0009183288888830734,6.091773728158108,5.562413069501965,5.0,0.630998955426511,3.971631127379139e-06,0.43631839420562657,0.049044618665980436,-9.011093617976453e-05,0.0011826886568397238,0.6386500099023652,-9.278129557961225e-06,0.007651065948522947,1.2244382286393212,0.08056499999999446,0.08056499999999446,1.0,-0.10447137286300587,-0.10458678061802967,-0.03278657730806913,-0.032782231326363875,-0.032786577308069165,-0.13725795017107512,-0.6684405196873016,0.0,0.0,-0.12984630097904223,-0.12991677551334416,-0.239558292477361,-0.2394653216494833,-0.23955829247736105,-0.184558292477361,0.06044170752263928,-0.06940459345640175,0.0,0.239558292477361,0.20685347986557684,9.549495807582002e-06,0,0,0,0,0,inf,inf,0,0,0.0,1.2770818942206663,-6.262071729637168e-06,0.23121999760482867,2.7136672350807346e-05,-1.3468818942206664,-3.064685419529952e-05,1.5994739795934123,-0.7852920169655918,5.059268603586073e-05,0.15107411283337158,9.13783937123561e-05,0.20518522965252312,-0.00066544467027465,-0.01734889755015286,0.0001623137464819711,-0.00641117744006017,-29.024063327714536,0.22870831433380273,17.510591218569164,0.7462283667981414,2.1382904434925813,0.001963287073450823,-0.00641117744006017,-29.024063327714536,0.22870831433380273,17.510591218569164,0.7462283667981414,2.1382904434925813,0.001963287073450823
5.0510000000000215,2,1,1,2,0.0009263598250140162,6.044427990196505,5.631324813670019,5.0,0.6314892664995856,3.1781582007195192e-06,0.4363331982792361,0.04899106815028754,-7.111426719206558e-05,0.0016918060451858563,0.6389500099023652,-9.278129557961225e-06,0.007460753801139919,1.2451889535554614,0.08086499999999443,0.08086499999999443,1.0,-0.10024789470017999,-0.10034293844800801,-0.022974760645383174,-0.022975453305591323,-0.02297476064538323,-0.12322265534556322,-0.4689110867540783,0.0,0.0,-0.13086723267115616,-0.1309387445688808,-0.23983095061606297,-0.23973796646296563,-0.23983095061606302,-0.18483095061606297,0.06016904938393734,-0.07069818328721761,0.0,0.23983095061606297,0.20685347986557684,9.132298937786888e-06,0,0,0,0,0,inf,inf,0,0,0.0,1.2750075216081995,-5.772017559721019e-06,0.23273976898118154,2.8020106784555515e-05,-1.3448075216081996,-3.678868559017911e-05,1.5992816239452914,-0.7852903860780773,4.744600361346824e-05,0.15268064723272617,8.501430184438165e-05,0.20918085315366336,-0.0005719060669339901,-0.020787520970947704,0.00016279980272453258,-0.006519967719699457,-29.094569027309547,0.23001419213479615,17.45946215109248,0.7454765080731843,2.0748156325056555,0.0018597083652763325,-0.006519967719699457,-29.094569027309547,0.23001419213479615,17.45946215109248,0.7454765080731843,2.0748156325056555,0.0018597083652763325
5.061000000000025,2,1,1,2,0.000938813728725312,5.9966988823749645,5.68448190218481,5.0,0.6319781268982699,2.5495462651346565e-06,0.4363521629903615,0.04877005325620131,-5.691324057807124e-05,0.002033986320250608,0.6392500099023651,-9.278129557961225e-06,0.007271892622912143,1.265187421926503,0.0811649999999944,0.0811649999999944,1.0,-0.0966336949152221,-0.09671371611838583,-0.01475890801959571,-0.01476187808344263,-0.01475890801959572,-0.11139260293481779,-0.3025908982505325,0.0,0.0,-0.13184938034614485,-0.13192175593045102,-0.24001412519312953,-0.2399211625619722,-0.2400141251931296,-0.18501412519312954,0.05998587480687081,-0.0718635055392728,0.0,0.24001412519312953,0.20685347986557684,8.662542002485681e-06,0,0,0,0,0,inf,inf,0,0,0.0,1.272896805202966,-5.322056860160246e-06,0.23427426816664543,2.88083872971513e-05,-1.3426968052029662,-4.199886373170673e-05,1.599054522791185,-0.7852887835980643,4.278814067276656e-05,0.1540407576482773,7.29156822148514e-05,0.21252100796344825,-0.00048004096195599836,-0.024294939235183693,0.00015728718327998617,-0.00653755645018725,-29.169341772417084,0.23141917086177508,17.417283286885578,0.7447309834106378,2.0200822536453207,0.0017488576992623973,-0.00653755645018725,-29.169341772417084,0.23141917086177508,17.417283286885578,0.7447309834106378,2.0200822536453207,0.0017488576992623973
5.071000000000028,2,1,1,2,0.0009541967473961346,5.948482450457714,5.72393261234827,5.0,0.6324638395330291,2.033263732282006e-06,0.4363737096288067,0.04837830318057439,-4.809166519860055e-05,0.0022258770460885807,0.6395500099023651,-9.278129557961225e-06,0.007086179397310923,1.2841644499085916,0.08146499999999436,0.08146499999999436,1.0,-0.09351175721002777,-0.09358144517998856,-0.00828819883125226,-0.00829132319528583,-0.008288198831252317,-0.10179995604128013,-0.1713021929666479,0.0,0.0,-0.13279818660028295,-0.13287130195657743,-0.24012463775608958,-0.24003170708433128,-0.24012463775608964,-0.1851246377560896,0.059875362243910775,-0.07292282435637096,0.0,0.24012463775608958,0.20685347986557684,8.14454130243627e-06,0,0,0,0,0,inf,inf,0,0,0.0,1.2707562492301208,-4.925921177690837e-06,0.23582091556595958,2.9445638823214434e-05,-1.3405562492301208,-4.63179405893012e-05,1.5987919016616718,-0.7852872673894038,3.682627700575625e-05,0.15513373248131646,5.5454568116267756e-05,0.21521495121877063,-0.00039337111998512454,-0.027884092840617856,0.0001461819050181778,-0.0063917083299034165,-29.248060716135406,0.23299684553499447,17.384513068822546,0.7440682466416076,1.9748251351403538,0.0016318474636983495,-0.0063917083299034165,-29.248060716135406,0.23299684553499447,17.384513068822546,0.7440682466416076,1.9748251351403538,0.0016318474636983495
5.0810000000000315,2,1,1,2,0.0009711792424353096,5.899490315747181,5.751426615195956,5.0,0.6329446980482497,1.577382323597264e-06,0.4363964285983003,0.04781647053891533,-4.423280049128981e-05,0.0022844216471597737,0.6398500099023651,-9.278129557961225e-06,0.00690532038682669,1.301864895274129,0.08176499999999433,0.08176499999999433,1.0,-0.09077400764031823,-0.09083739554468578,-0.003657570391337673,-0.0036596045129992164,-0.0036575703913377367,-0.09443157803165605,-0.07648339743144345,0.0,0.0,-0.13371797147668796,-0.13379174602272823,-0.24018050929134965,-0.24008760450125236,-0.2401805092913497,-0.18518050929134966,0.05981949070865072,-0.07389848076803598,0.0,0.24018050929134965,0.20685347986557684,7.580913059977965e-06,0,0,0,0,0,inf,inf,0,0,0.0,1.2685922634740294,-4.59627076074985e-06,0.23737693470875232,2.9882358657925495e-05,-1.3383922634740295,-4.980087864519169e-05,1.5984929395745384,-0.7852858906479351,2.9623830437759893e-05,0.15594078054456223,3.3408911541547765e-05,0.21727220906231595,-0.00031220151597059,-0.03155409862321066,0.00012999186501257137,-0.006060722243709648,-29.33026783938019,0.23476482777311292,17.36139936950999,0.7435058703532641,1.9395475916078875,0.0015103047534623059,-0.006060722243709648,-29.33026783938019,0.23476482777311292,17.36139936950999,0.7435058703532641,1.9395475916078875,0.0015103047534623059
5.091000000000035,2,1,1,2,0.0009885920957434504,5.849287432469422,5.76843266751394,5.0,0.6334190173338796,1.136133872114447e-06,0.4364190769017382,0.04708778310524756,-4.461234340467359e-05,0.002225955849419164,0.640150009902365,-9.278129557961225e-06,0.006731000625010274,1.3180525187400793,0.0820649999999943,0.0820649999999943,1.0,-0.08832333065925405,-0.08838373250790471,-0.0009029338851046807,-0.0009036005408826152,-0.0009029338851046794,-0.08922626454435878,-0.01917336621091137,0.0,0.0,-0.13461203279442013,-0.1346864223718985,-0.2402003877449976,-0.24010749559709627,-0.24020038774499766,-0.1852003877449976,0.05979961225500276,-0.07481242053941611,0.0,0.2402003877449976,0.20685347986557684,6.974285818321782e-06,0,0,0,0,0,inf,inf,0,0,0.0,1.2664111622536773,-4.3451782642954166e-06,0.2389393740244789,3.007749000500677e-05,-1.3362111622536774,-5.249955542096237e-05,1.598156874745843,-0.7852847011370468,2.1245476033255987e-05,0.15644552370943235,7.653536491292574e-06,0.21870233527777475,-0.00023589805372650554,-0.03529531927472715,0.00010928463453919638,-0.0055432244006425255,-29.415427807511847,0.23671899111010097,17.348055609237328,0.7430413839610835,1.9146029716336013,0.001386029725063788,-0.0055432244006425255,-29.415427807511847,0.23671899111010097,17.348055609237328,0.7430413839610835,1.9146029716336013,0.001386029725063788
5.101000000000038,2,1,1,1,0.0009989198961087012,5.506088287092259,5.522126109573037,5.0,0.6338886831385504,1.6850203665986045e-06,0.43643406747621943,0.047707869182816984,0.0003734861278671905,-0.0011272089720617885,0.640450009902365,-9.278129557961225e-06,0.006561335922828982,1.3327613922423325,0.08236499999999426,0.08236499999999426,1.0,0.0,-0.04208045380286718,0.0,0.0,0.0,0.0,-0.0,0.0,0.0,-0.13520296271241647,-0.13527573320299954,-0.24020294996782196,-0.24011005943901223,-0.24020294996782202,-0.18520294996782197,0.059797050032178424,-0.07540591268023676,0.0,0.24020294996782196,0.20685347986557684,2.236846359173001e-05,0,0,0,0,0,inf,inf,0,0,0.0,1.2642320863516372,-4.75091053037463e-06,0.24050873782424445,3.0360538455046956e-05,-1.3340320863516373,-5.007701258324137e-05,1.5978039549587981,-0.7852848995433868,-0.0001943489390706815,0.1583127693356542,0.00013644773788601934,0.21321130858454973,0.0015733866763863221,-0.02967144810349172,-0.00019768049523676841,-0.021482521131474985,-29.484272129447554,0.21988686047775158,17.311658739904445,0.7220258765004902,1.8546171296320686,0.0035099050453431292,-0.021482521131474985,-29.484272129447554,0.21988686047775158,17.311658739904445,0.7220258765004902,1.8546171296320686,0.0035099050453431292
5.1110000000000415,2,1,1,2,0.0009839669790958896,5.965191420124956,5.58146901953929,5.0,0.6343576247919486,4.930206310553413e-06,0.4364229608543573,0.046096706721915404,0.00023796388329933683,-0.0010623417116079946,0.640750009902365,-9.278129557961225e-06,0.006392400900810385,1.3456400169995446,0.08266499999999423,0.08266499999999423,1.0,-0.10402547706560102,-0.10430374767710185,0.0,0.0,0.0,-0.10402547706560102,-0.0,0.0,0.0,-0.13624208063446566,-0.13632982450940473,-0.24020294996782196,-0.24011005943901223,-0.24020294996782202,-0.18520294996782197,0.059797050032178424,-0.07644503060228602,0.0,0.24020294996782196,0.20685347986557684,7.3578981468992535e-06,0,0,0,0,0,inf,inf,0,0,0.0,1.2620916634653707,-6.688452301783e-06,0.24209201427110794,3.1522498183739644e-05,-1.3318916634653708,-3.575309831762735e-05,1.5974716661622785,-0.7852874967972897,-0.00013955188477506343,0.15818989931662564,8.80619511798596e-05,0.21468862287154256,0.0010383822339430655,-0.036536875515821056,-0.00010811206552852884,-0.022851334849943995,-29.60792908660983,0.2201450083144927,17.345517816665005,0.7210421434327811,1.8647869920680211,0.002927986745599105,-0.022851334849943995,-29.60792908660983,0.2201450083144927,17.345517816665005,0.7210421434327811,1.8647869920680211,0.002927986745599105
5.121000000000045,2,1,1,2,0.0009710409656107635,5.8830837068059765,5.627667826931518,5.0,0.6348104714173876,6.3669837779264636e-06,0.43641311782429637,0.04466163433752972,7.475939192755328e-05,-0.0009271831307044623,0.6410500099023649,-9.278129557961225e-06,0.006239558099343664,1.355675882375013,0.0829649999999942,0.0829649999999942,1.0,-0.09916993828961332,-0.09937775741007024,0.0,0.0,0.0,-0.09916993828961332,-0.0,0.0,0.0,-0.13725532282230066,-0.13734543505125135,-0.24020294996782196,-0.24011005943901223,-0.24020294996782202,-0.18520294996782197,0.059797050032178424,-0.07745827279012106,0.0,0.24020294996782196,0.20685347986557684,4.755628018352072e-06,0,0,0,0,0,inf,inf,0,0,0.0,1.2599395060217446,-7.6212387572842616e-06,0.2436712807313266,3.1986627825063505e-05,-1.3297395060217447,-2.9110455973878298e-05,1.5970739902151303,-0.7852877344386917,-6.264631407266127e-05,0.1576756314853327,1.2249983365254837e-05,0.21554926141454833,0.0004067674542764538,-0.042155039866121055,2.0269115174556875e-05,-0.015471800682224963,-29.704654968068798,0.23022442443342883,17.368181311518182,0.730340552431658,1.8838287480666134,0.0016359354722196287,-0.015471800682224963,-29.704654968068798,0.23022442443342883,17.368181311518182,0.730340552431658,1.8838287480666134,0.0016359354722196287
5.131000000000048,2,1,1,2,0.0009599809730758404,5.812358576333716,5.657409221165974,5.0,0.6352503543106679,6.50001459292099e-06,0.4364045614246962,0.043458353119167785,-2.7907683546943737e-05,-0.000807660917199128,0.6413500099023649,-9.278129557961225e-06,0.006099675998539054,1.3636202684034406,0.08326499999999416,0.08326499999999416,1.0,-0.0947292325691209,-0.09489175061009078,0.0,0.0,0.0,-0.0947292325691209,-0.0,0.0,0.0,-0.13822223443187048,-0.13831416011985195,-0.24020294996782196,-0.24011005943901223,-0.24020294996782202,-0.18520294996782197,0.059797050032178424,-0.07842518439969091,0.0,0.24020294996782196,0.20685347986557684,4.201507100519003e-06,0,0,0,0,0,inf,inf,0,0,0.0,1.257782084078272,-8.017406601382774e-06,0.2452441823646818,3.173603148701548e-05,-1.3275820840782722,-2.708323324362518e-05,1.596628166946928,-0.7852873590172569,-2.5455373927526105e-05,0.1569456670205767,-5.2814045973792264e-05,0.21582090396639178,7.510074779716915e-05,-0.046405010255996366,4.2833143895292486e-05,-0.010338836106383626,-29.791323711753655,0.23751887386582993,17.382403791291317,0.7360569528767967,1.8926442181697927,0.0011563644634902258,-0.010338836106383626,-29.791323711753655,0.23751887386582993,17.382403791291317,0.7360569528767967,1.8926442181697927,0.0011563644634902258
5.1410000000000515,2,1,1,2,0.000950450102020022,5.750341103640359,5.674251601567005,5.0,0.6356790136505427,5.911363789112788e-06,0.4363970462339771,0.04239309669791167,-7.743506892791568e-05,-0.0007165982758992864,0.6416500099023649,-9.278129557961225e-06,0.005971015571909244,1.3699104540573472,0.08356499999999413,0.08356499999999413,1.0,-0.09072804998085521,-0.09086013938727805,0.0,0.0,0.0,-0.09072804998085521,-0.0,0.0,0.0,-0.13914716362161275,-0.13924053769725067,-0.24020294996782196,-0.24011005943901223,-0.24020294996782202,-0.18520294996782197,0.059797050032178424,-0.0793501135894331,0.0,0.24020294996782196,0.20685347986557684,4.2279348280359315e-06,0,0,0,0,0,inf,inf,0,0,0.0,1.2556246331321175,-8.184181476455962e-06,0.24680879502898212,3.094432225002534e-05,-1.3254246331321176,-2.712299154409478e-05,1.596145144807974,-0.7852869881292002,-1.2037484306437012e-05,0.1560417639960498,-9.759484201606556e-05,0.21562007734427907,-4.4045414409446675e-05,-0.04973930351371033,2.9816463402730177e-05,-0.0072907166085665566,-29.871307665478472,0.2423289111051947,17.392630371409158,0.7387767373184677,1.896581575263337,0.0009714377990711948,-0.0072907166085665566,-29.871307665478472,0.2423289111051947,17.392630371409158,0.7387767373184677,1.896581575263337,0.0009714377990711948
5.151000000000055,2,1,1,2,0.0009421006081868069,5.695627382588418,5.680967314571206,5.0,0.6360975660373513,5.042248535491712e-06,0.43639028579411787,0.04142316845765236,-9.107861318560602e-05,-0.0006529397363350567,0.6419500099023648,-9.278129557961225e-06,0.005852461385294463,1.3748357485339815,0.0838649999999941,0.0838649999999941,1.0,-0.08712713286102686,-0.08723361126510908,0.0,0.0,0.0,-0.08712713286102686,-0.0,0.0,0.0,-0.1400343743318875,-0.14012893498517878,-0.24020294996782196,-0.24011005943901223,-0.24020294996782202,-0.18520294996782197,0.059797050032178424,-0.08023732429970783,0.0,0.24020294996782196,0.20685347986557684,4.61807440984924e-06,0,0,0,0,0,inf,inf,0,0,0.0,1.25347132168327,-8.289611489327296e-06,0.24836358692646013,2.98145138977513e-05,-1.32327132168327,-2.7612903056618375e-05,1.5956326124655242,-0.7852868037815403,-1.0348588234734598e-05,0.15500101344983638,-0.00012335830614258514,0.21504571632179284,-4.195468876430502e-05,-0.052403303120031795,8.799691975031086e-06,-0.00581393791761215,-29.94623759909781,0.245327159348985,17.400782490333796,0.7395197546362088,1.8980559161050774,0.000906057827568075,-0.00581393791761215,-29.94623759909781,0.245327159348985,17.400782490333796,0.7395197546362088,1.8980559161050774,0.000906057827568075
5.161000000000058,2,1,1,2,0.0009346534125012343,5.647915929815669,5.679925243454014,5.0,0.6365068747669332,4.104214545873248e-06,0.4363840587807617,0.040534407880642914,-9.56552773104539e-05,-0.0006065637496194031,0.6422500099023648,-9.278129557961225e-06,0.005743150726819056,1.3786185177705648,0.08416499999999406,0.08416499999999406,1.0,-0.08380282594693014,-0.08389365169349933,0.0,0.0,0.0,-0.08380282594693014,-0.0,0.0,0.0,-0.14088709899983506,-0.14098263350536924,-0.24020294996782196,-0.24011005943901223,-0.24020294996782202,-0.18520294996782197,0.059797050032178424,-0.08109004896765538,0.0,0.24020294996782196,0.20685347986557684,4.527626076618158e-06,0,0,0,0,0,inf,inf,0,0,0.0,1.2513253695743691,-8.403658952161028e-06,0.249907382087521,2.8473294702905224e-05,-1.3211253695743692,-2.7868985093720295e-05,1.5950964963388725,-0.7852868464552568,-1.2629153264159e-05,0.15385785527800291,-0.00014242474388338454,0.21419004513940063,-1.1065811702586227e-05,-0.05452862144616716,-1.5276425132521693e-05,-0.004829251553797016,-30.016768501508615,0.24775084509313886,17.407332989443365,0.7396829473115097,1.8978032644162832,0.000892856442695546,-0.004829251553797016,-30.016768501508615,0.24775084509313886,17.407332989443365,0.7396829473115097,1.8978032644162832,0.000892856442695546
5.1710000000000615,2,1,1,2,0.0009279065481987694,5.604466708216222,5.672904107091823,5.0,0.6369076683726325,3.1325466756036402e-06,0.43637821954356554,0.03971122075134807,-9.815026458692306e-05,-0.0005736325570063492,0.6425500099023648,-9.278129557961225e-06,0.005642355178737555,1.381441266357224,0.08446499999999403,0.08446499999999403,1.0,-0.08078717673008366,-0.08086699447771675,0.0,0.0,0.0,-0.08078717673008366,-0.0,0.0,0.0,-0.14170829575454771,-0.1418046750103793,-0.24020294996782196,-0.24011005943901223,-0.24020294996782202,-0.18520294996782197,0.059797050032178424,-0.08191124572236805,0.0,0.24020294996782196,0.20685347986557684,4.296640021812909e-06,0,0,0,0,0,inf,inf,0,0,0.0,1.2491892055358005,-8.551458671071371e-06,0.2514393093173274,2.6960121112681027e-05,-1.3189892055358006,-2.7785976324587483e-05,1.5945415402090413,-0.7852871353869824,-1.6736376566256913e-05,0.15263885605945152,-0.00015807569932027382,0.21311869773632053,2.44211106811814e-05,-0.05623056040765511,-3.9937179773577454e-05,-0.003935035964824431,-30.08354192895288,0.25005089671259806,17.412816475353026,0.7397407377841673,1.8965607521272192,0.0009016700981700303,-0.003935035964824431,-30.08354192895288,0.25005089671259806,17.412816475353026,0.7397407377841673,1.8965607521272192,0.0009016700981700303
5.181000000000065,2,1,1,2,0.0009216914269221379,5.564454257670412,5.661220973214145,5.0,0.6373005358109116,2.1442356402758632e-06,0.4363726448321227,0.03894240962356994,-9.920711424476728e-05,-0.0005520395325008937,0.6428500099023647,-9.278129557961225e-06,0.005549485846647072,1.3834471339860344,0.084764999999994,0.084764999999994,1.0,-0.07805620480638856,-0.07812790880330883,0.0,0.0,0.0,-0.07805620480638856,-0.0,0.0,0.0,-0.14250092309578263,-0.14259805401340947,-0.24020294996782196,-0.24011005943901223,-0.24020294996782202,-0.18520294996782197,0.059797050032178424,-0.08270387306360298,0.0,0.24020294996782196,0.20685347986557684,4.003423431937684e-06,0,0,0,0,0,inf,inf,0,0,0.0,1.2470647058074522,-8.746027042836568e-06,0.25295873123219625,2.53093224568084e-05,-1.3168647058074523,-2.7345319126483096e-05,1.5939714818971218,-0.7852876646321157,-2.176936847942899e-05,0.1513654845084622,-0.00017030424152023534,0.21188116961223055,5.990111950136499e-05,-0.05759448147420947,-6.326687770277994e-05,-0.003106591693711909,-30.147084093058538,0.2522614196040181,17.41766671928574,0.7397485789027702,1.8949052516575653,0.0009214166536305305,-0.003106591693711909,-30.147084093058538,0.2522614196040181,17.41766671928574,0.7397485789027702,1.8949052516575653,0.0009214166536305305
5.191000000000068,2,1,1,2,0.0009158696154250292,5.527353309633784,5.645926192197345,5.0,0.6376859821465701,1.1514241417416476e-06,0.43636723380466447,0.038221443192773194,-9.920353169588412e-05,-0.000539505018222369,0.6431500099023647,-9.278129557961225e-06,0.005464037709577404,1.3847531217980775,0.08506499999999396,0.08506499999999396,1.0,-0.07558368262424241,-0.07564915649134234,0.0,0.0,0.0,-0.07558368262424241,-0.0,0.0,0.0,-0.14326768380991137,-0.1433654962407549,-0.24020294996782196,-0.24011005943901223,-0.24020294996782202,-0.18520294996782197,0.059797050032178424,-0.08347063377773171,0.0,0.24020294996782196,0.20685347986557684,3.6922556188473603e-06,0,0,0,0,0,inf,inf,0,0,0.0,1.2449533021264967,-8.993069913070047e-06,0.2544652066764542,2.3554457400155334e-05,-1.3147533021264968,-2.6562562853145413e-05,1.5933893545995799,-0.7852884154900243,-2.7117020125916072e-05,0.15005594136971742,-0.00017924996112272771,0.21051813413687331,9.279518414954936e-05,-0.05868059315561395,-8.438476296181047e-05,-0.002333028860669072,-30.20775340368132,0.2543995055234971,17.422101460687877,0.7397386182608267,1.8931449935934168,0.0009478805957906805,-0.002333028860669072,-30.20775340368132,0.2543995055234971,17.422101460687877,0.7397386182608267,1.8931449935934168,0.0009478805957906805
5.201000000000072,2,1,1,2,0.0009103302207762723,5.49281275470857,5.627870770480906,5.0,0.6380644620254331,1.6337132518727523e-07,0.4363619077984068,0.03754425975008251,-9.836766262050815e-05,-0.0005338935070843076,0.6434500099023647,-9.278129557961225e-06,0.005385556152957753,1.3854584223610604,0.08536499999999393,0.08536499999999393,1.0,-0.07334410492488903,-0.07340463154913623,0.0,0.0,0.0,-0.07334410492488903,-0.0,0.0,0.0,-0.1440110208386105,-0.14410945991825685,-0.24020294996782196,-0.24011005943901223,-0.24020294996782202,-0.18520294996782197,0.059797050032178424,-0.08421397080643085,0.0,0.24020294996782196,0.20685347986557684,3.3866950072685936e-06,0,0,0,0,0,inf,inf,0,0,0.0,1.2428560586918478,-9.293297538614893e-06,0.25595846096966596,2.1727102402869754e-05,-1.3126560586918479,-2.5471688913706383e-05,1.5927976795319423,-0.7852893633504539,-3.23599276944401e-05,0.1487256695637271,-0.00018515181624040463,0.20906337482095838,0.00012177063289210139,-0.05953380949226948,-0.00010288745865049435,-0.0016096027748529807,-30.265813952634975,0.2564740364955207,17.426224272673238,0.7397287709733126,1.891441292547729,0.0009790225969647254,-0.0016096027748529807,-30.265813952634975,0.2564740364955207,17.426224272673238,0.7397287709733126,1.891441292547729,0.0009790225969647254
5.211000000000075,2,1,1,2,0.0009049862695249813,5.460584371382881,5.607751568501937,5.0,0.6384363972512462,-8.124464056132977e-07,0.43635660807512644,0.0369080827935096,-9.684437576297917e-05,-0.0005333413198333794,0.6437500099023646,-9.278129557961225e-06,0.005313619394905585,1.3856492240093734,0.0856649999999939,0.0856649999999939,1.0,-0.07131391319252406,-0.07137040538820844,0.0,0.0,0.0,-0.07131391319252406,-0.0,0.0,0.0,-0.14473313220596737,-0.14483215372238095,-0.24020294996782196,-0.24011005943901223,-0.24020294996782202,-0.18520294996782197,0.059797050032178424,-0.08493608217378773,0.0,0.24020294996782196,0.20685347986557684,3.0984714809238783e-06,0,0,0,0,0,inf,inf,0,0,0.0,1.2407737333528512,-9.643993945818587e-06,0.25743836056306735,1.98561039678773e-05,-1.3105737333528513,-2.4115521292273015e-05,1.5921985856554535,-0.7852904810758957,-3.721136617596967e-05,0.14738774657724768,-0.00018830506442154017,0.2075451183363706,0.0001462530622750513,-0.06018932161156903,-0.00011862382414923085,-0.000934418803438495,-30.321475559904243,0.2584897188413861,17.43007968919924,0.739728328780294,1.8898752065834006,0.0010135514101560904,-0.000934418803438495,-30.321475559904243,0.2584897188413861,17.43007968919924,0.739728328780294,1.8898752065834006,0.0010135514101560904
5.221000000000078,2,1,1,2,0.0008997709413070811,5.430482113725047,5.58614297780035,5.0,0.6388021858282723,-1.7697291835144678e-06,0.4363512928691542,0.03631078832342331,-9.473329042060274e-05,-0.0005362891496816833,0.6440500099023646,-9.278129557961225e-06,0.005247829445465896,1.3854015770672043,0.08596499999999387,0.08596499999999387,1.0,-0.06947188229346184,-0.06952501539252431,0.0,0.0,0.0,-0.06947188229346184,-0.0,0.0,0.0,-0.1454359930722654,-0.14553556055312092,-0.24020294996782196,-0.24011005943901223,-0.24020294996782202,-0.18520294996782197,0.059797050032178424,-0.0856389430400858,0.0,0.24020294996782196,0.20685347986557684,2.832765098022463e-06,0,0,0,0,0,inf,inf,0,0,0.0,1.238706827621262,-1.004012359865743e-05,0.25890489117523335,1.7967197200460506e-05,-1.3085068276212621,-2.2539933013340526e-05,1.591593887869129,-0.7852917408892051,-4.147965406528408e-05,0.146053200627455,-0.0001890300075036284,0.20598700196691921,0.0001661226358224531,-0.060675799720402476,-0.00013159022793030216,-0.00030686366082185047,-30.374915565874293,0.2604491203052388,17.43368283927823,0.739741419275322,1.8884840453724847,0.0010504892745020642,-0.00030686366082185047,-30.374915565874293,0.2604491203052388,17.43368283927823,0.739741419275322,1.8884840453724847,0.0010504892745020642
5.231000000000082,2,1,1,2,0.00089463405489179,5.4023585425511715,5.563520066871798,5.0,0.6391622064760469,-2.7030302531016174e-06,0.4363459343873577,0.03575057189082691,-9.21103871685659e-05,-0.000541469528478443,0.6443500099023646,-9.278129557961225e-06,0.005187807593005344,1.384783189398298,0.08626499999999383,0.08626499999999383,1.0,-0.06779911738094338,-0.06784940759235586,0.0,0.0,0.0,-0.06779911738094338,-0.0,0.0,0.0,-0.14612137925734184,-0.14622146205894793,-0.24020294996782196,-0.24011005943901223,-0.24020294996782202,-0.18520294996782197,0.059797050032178424,-0.08632432922516223,0.0,0.24020294996782196,0.20685347986557684,2.591211616294248e-06,0,0,0,0,0,inf,inf,0,0,0.0,1.2366556283662662,-1.0475135588127691e-05,0.26035813878671193,1.6082877581084865e-05,-1.3064556283662663,-2.0790411624349324e-05,1.5909851410501878,-0.7852931155136527,-4.504299567929155e-05,0.1447312744890411,-0.0001876511118684154,0.20440880922205817,0.0001815254986860565,-0.06101727927386003,-0.000141874278051772,0.0002731996394131283,-30.426290680195002,0.2623537698383355,17.437035210369086,0.7397691374664573,1.887281375630542,0.0010890354793171495,0.0002731996394131283,-30.426290680195002,0.2623537698383355,17.437035210369086,0.7397691374664573,1.887281375630542,0.0010890354793171495
5.241000000000085,2,1,1,2,0.0008895389643100151,5.376090950623556,5.540276127143935,5.0,0.6395168207885017,-3.6075913781082235e-06,0.4363405160541597,0.03522577776387878,-8.903996822211148e-05,-0.0005478753016312108,0.6446500099023645,-9.278129557961225e-06,0.005133192245930721,1.3838546250012902,0.0865649999999938,0.0865649999999938,1.0,-0.06627888342377386,-0.06632673574945849,0.0,0.0,0.0,-0.06627888342377386,-0.0,0.0,0.0,-0.1467908896872427,-0.1468914616854417,-0.24020294996782196,-0.24011005943901223,-0.24020294996782202,-0.18520294996782197,0.059797050032178424,-0.08699383965506303,0.0,0.24020294996782196,0.20685347986557684,2.373580715027156e-06,0,0,0,0,0,inf,inf,0,0,0.0,1.234620243048802,-1.094156116599646e-05,0.26179827305382075,1.4222437814776383e-05,-1.304420243048802,-1.891008873973924e-05,1.5903736796297205,-0.7852945788859454,-4.7831954367377474e-05,0.14342965110857306,-0.00018448366959603635,0.20282705148188981,0.00019275680065106743,-0.06123431088816018,-0.00014962090198317795,0.0008058588378608418,-30.47574342922503,0.2642047702293456,17.440132889385367,0.7398108573423869,1.8862679940687612,0.001128517939031073,0.0008058588378608418,-30.47574342922503,0.2642047702293456,17.440132889385367,0.7398108573423869,1.8862679940687612,0.001128517939031073
5.251000000000088,2,1,1,2,0.0008844599019182378,5.351573031283017,5.516736385054428,5.0,0.6398663742083655,-4.479264174629757e-06,0.43633503011117997,0.034734815143764905,-8.558094850953566e-05,-0.0005547223289606347,0.6449500099023645,-9.278129557961225e-06,0.005083637959022085,1.3826701643281836,0.08686499999999377,0.08686499999999377,1.0,-0.06489637632065907,-0.06494211502606692,0.0,0.0,0.0,-0.06489637632065907,-0.0,0.0,0.0,-0.14744596675447535,-0.14754700541096477,-0.24020294996782196,-0.24011005943901223,-0.24020294996782202,-0.18520294996782197,0.059797050032178424,-0.0876489167222957,0.0,0.24020294996782196,0.20685347986557684,2.178702150265959e-06,0,0,0,0,0,inf,inf,0,0,0.0,1.2326006297601413,-1.1431464421360455e-05,0.2632255328105491,1.2402108028887652e-05,-1.3024006297601414,-1.6938676860224617e-05,1.5897606481538193,-0.7852961066007527,-4.981677622205552e-05,0.14215464969247696,-0.00017982561703182897,0.20125544215121258,0.00020018829542153686,-0.06134469338579968,-0.00015501027876852098,0.0012913750390269384,-30.523405680502588,0.266003138289173,17.44297074376713,0.7398650358876621,1.885437954283321,0.0011683706082563534,0.0012913750390269384,-30.523405680502588,0.266003138289173,17.44297074376713,0.7398650358876621,1.885437954283321,0.0011683706082563534
5.261000000000092,2,1,1,2,0.0008793797480358958,5.328709765081811,5.493168978198742,5.0,0.6402111964421879,-5.314474756494702e-06,0.4363294755901533,0.0342761205716495,-8.178985615037531e-05,-0.0005614127864573005,0.6452500099023645,-9.278129557961225e-06,0.005038815019130554,1.3812784676712992,0.08716499999999373,0.08716499999999373,1.0,-0.06363848717800712,-0.06368237599324472,0.0,0.0,0.0,-0.06363848717800712,-0.0,0.0,0.0,-0.14808791432414997,-0.14818939999669553,-0.24020294996782196,-0.24011005943901223,-0.24020294996782202,-0.18520294996782197,0.059797050032178424,-0.08829086429197032,0.0,0.24020294996782196,0.20685347986557684,2.004972134502753e-06,0,0,0,0,0,inf,inf,0,0,0.0,1.2305966229710374,-1.1936784814137096e-05,0.26464021339608684,1.0635257622387357e-05,-1.3003966229710375,-1.4911966456837641e-05,1.5891470259419664,-0.7852976761760271,-5.099790840572828e-05,0.14091139788826243,-0.00017395281031567586,0.19970529199268763,0.000204223757240846,-0.061363966599494335,-0.00015824281336987122,0.0017302884812368533,-30.569400594219633,0.2677499859634948,17.445544427656632,0.7399297021387018,1.8847818823885847,0.00120811889079472,0.0017302884812368533,-30.569400594219633,0.2677499859634948,17.445544427656632,0.7399297021387018,1.8847818823885847,0.00120811889079472
5.271000000000095,2,1,1,2,0.0008742881827780427,5.307414210552049,5.469793903925046,5.0,0.6405516016447833,-6.110207249876629e-06,0.43632385663565876,0.03384814435482565,-7.772197200773523e-05,-0.0005675018614479945,0.6455500099023644,-9.278129557961225e-06,0.0049984092614737945,1.379723119007269,0.0874649999999937,0.0874649999999937,1.0,-0.062493582426061546,-0.06253583849836963,0.0,0.0,0.0,-0.062493582426061546,-0.0,0.0,0.0,-0.14871791345873028,-0.14881982887657055,-0.24020294996782196,-0.24011005943901223,-0.24020294996782202,-0.18520294996782197,0.059797050032178424,-0.08892086342655062,0.0,0.24020294996782196,0.20685347986557684,1.8506274451017213e-06,0,0,0,0,0,inf,inf,0,0,0.0,1.228607955671998,-1.2449597536570293e-05,0.26604265559120854,8.932630911205283e-06,-1.298407955671998,-1.2861666455051207e-05,1.588533647657816,-0.7852992671944939,-5.1398698096484657e-05,0.13970398391362762,-0.00016711660617262092,0.1981858440576389,0.0002052718060432041,-0.06130576217301489,-0.0001595286370193044,0.0021234559147852747,-30.613843735221618,0.26944660683109045,17.44785123707696,0.7400027504215044,1.884288803751734,0.001247368094845706,0.0021234559147852747,-30.613843735221618,0.26944660683109045,17.44785123707696,0.7400027504215044,1.884288803751734,0.001247368094845706
5.281000000000098,2,1,1,2,0.0008691801685638814,5.287605447755123,5.4467904161948075,5.0,0.6408878885413315,-6.863992645677979e-06,0.4363181811373781,0.03344934903552641,-7.34314661462214e-05,-0.0005726688034089633,0.6458500099023644,-9.278129557961225e-06,0.0049621219482874615,1.3780430928623366,0.08776499999999367,0.08776499999999367,1.0,-0.06145130814105913,-0.061492112037125866,0.0,0.0,0.0,-0.06145130814105913,-0.0,0.0,0.0,-0.14933703607377372,-0.1494393659294024,-0.24020294996782196,-0.24011005943901223,-0.24020294996782202,-0.18520294996782197,0.059797050032178424,-0.08953998604159405,0.0,0.24020294996782196,0.20685347986557684,1.7138919112594566e-06,0,0,0,0,0,inf,inf,0,0,0.0,1.22663427843676,-1.2962309774257485e-05,0.2674332359791026,7.3025980057880986e-06,-1.2964342784367602,-1.0815452225121153e-05,1.5879212208833626,-0.7853008613579157,-5.1059636233232704e-05,0.13853559144194727,-0.0001595429782613241,0.1967045606064993,0.00020372965356233962,-0.06118206748533738,-0.00015908016842470523,0.0024720480582542817,-30.656843742694193,0.27109450637365673,17.449890368431806,0.7400821117893994,1.8839471498002758,0.0012857935691250562,0.0024720480582542817,-30.656843742694193,0.27109450637365673,17.449890368431806,0.7400821117893994,1.8839471498002758,0.0012857935691250562
5.291000000000102,2,1,1,2,0.0008640547127929657,5.269207237749733,5.4243032035427365,5.0,0.6412203405689296,-7.573895987772083e-06,0.43631245962746135,0.03307821348109112,-6.897104117983174e-05,-0.0005766923960404894,0.6461500099023644,-9.278129557961225e-06,0.0049296696280196175,1.3762731678177957,0.08806499999999363,0.08806499999999363,1.0,-0.06050242010384608,-0.06054192321140704,0.0,0.0,0.0,-0.06050242010384608,-0.0,0.0,0.0,-0.14994625677882983,-0.15004898740464795,-0.24020294996782196,-0.24011005943901223,-0.24020294996782202,-0.18520294996782197,0.059797050032178424,-0.09014920674665015,0.0,0.24020294996782196,0.20685347986557684,1.5930531432430565e-06,0,0,0,0,0,inf,inf,0,0,0.0,1.2246751758386287,-1.3467805925081513e-05,0.2688123585705274,5.75140857087208e-06,-1.2944751758386288,-8.79713575580147e-06,1.587310341378548,-0.7853024424793523,-5.0033737837098304e-05,0.13740861940757826,-0.00015143265314308607,0.19526737076706605,0.00019997371047984826,-0.061003434045573256,-0.0001571068170828974,0.002777524454439257,-30.698502771392654,0.2726953994706209,17.4516628789552,0.740165849835273,1.8837453115126364,0.0013231320851181528,0.002777524454439257,-30.698502771392654,0.2726953994706209,17.4516628789552,0.740165849835273,1.8837453115126364,0.0013231320851181528
5.301000000000105,2,1,1,2,0.0008589138647696884,5.252147138433201,5.4024475899069,5.0,0.6415492260732942,-8.23849873611668e-06,0.4363067044004371,0.03273323919588558,-6.439138005874968e-05,-0.0005794305104850044,0.6464500099023643,-9.278129557961225e-06,0.004900783939341474,1.3744442999809776,0.0883649999999936,0.0883649999999936,1.0,-0.05963863807615736,-0.05967696822301176,0.0,0.0,0.0,-0.05963863807615736,-0.0,0.0,0.0,-0.1505464631540471,-0.1506495822627022,-0.24020294996782196,-0.24011005943901223,-0.24020294996782202,-0.18520294996782197,0.059797050032178424,-0.09074941312186746,0.0,0.24020294996782196,0.20685347986557684,1.486501380152885e-06,0,0,0,0,0,inf,inf,0,0,0.0,1.2227301805752417,-1.3959551572795878e-05,0.27018044755237314,4.283440302768292e-06,-1.2925301805752418,-6.8269044005270464e-06,1.5867015064737142,-0.785303996431318,-4.838278979819417e-05,0.13632478847675544,-0.00014296191656766027,0.19387888539592849,0.000194354503883111,-0.060779148528601015,-0.00015381122413837372,0.00304159643573443,-30.73891681855279,0.2742511896149902,17.453171508721688,0.7402522097799914,1.8836719409321705,0.0013591742521767685,0.00304159643573443,-30.73891681855279,0.2742511896149902,17.453171508721688,0.7402522097799914,1.8836719409321705,0.0013591742521767685
5.311000000000108,2,1,1,2,0.0008537619067846827,5.236355918411174,5.381313939798798,5.0,0.6418747985721864,-8.856875354391482e-06,0.4363009288174974,0.03241295709492264,-5.974056619323985e-05,-0.0005808032465128087,0.6467500099023643,-9.278129557961225e-06,0.00487521134837761,1.372583964159473,0.08866499999999357,0.08866499999999357,1.0,-0.05885252160929041,-0.058889787415307204,0.0,0.0,0.0,-0.05885252160929041,-0.0,0.0,0.0,-0.15113846469038192,-0.15124196116399027,-0.24020294996782196,-0.24011005943901223,-0.24020294996782202,-0.18520294996782197,0.059797050032178424,-0.09134141465820234,0.0,0.24020294996782196,0.20685347986557684,1.3927477456909941e-06,0,0,0,0,0,inf,inf,0,0,0.0,1.2207987856013731,-1.4431663828134446e-05,0.27153794103451445,2.9014368109296015e-06,-1.2905987856013732,-4.9215945459031705e-06,1.5860951269045607,-0.7853055110628222,-4.6174283156179766e-05,0.13528523564410885,-0.00013428385066224707,0.19254258411746564,0.0001871942967902468,-0.06051737726529054,-0.00014938662959332907,0.0032661848476383763,-30.778175996494266,0.2757639388303017,17.454420448431005,0.740339638970266,1.8837161116886403,0.001393757808617823,0.0032661848476383763,-30.778175996494266,0.2757639388303017,17.454420448431005,0.740339638970266,1.8837161116886403,0.001393757808617823
5.321000000000112,2,1,1,2,0.0008486047051633186,5.221767169323559,5.360971407727014,5.0,0.642197297084822,-9.42856438907071e-06,0.4362951467621351,0.03211593386531205,-5.506356510519576e-05,-0.0005807791409181538,0.6470500099023643,-9.278129557961225e-06,0.004852712819874044,1.3707164674436734,0.08896499999999354,0.08896499999999354,1.0,-0.058137364439750504,-0.058173658739760666,0.0,0.0,0.0,-0.058137364439750504,-0.0,0.0,0.0,-0.15172300059253063,-0.15182686431008252,-0.24020294996782196,-0.24011005943901223,-0.24020294996782202,-0.18520294996782197,0.059797050032178424,-0.09192595056035106,0.0,0.24020294996782196,0.20685347986557684,1.3104312700438898e-06,0,0,0,0,0,inf,inf,0,0,0.0,1.218880454525544,-1.4878954138198696e-05,0.27288528568324794,1.6067315574108714e-06,-1.2886804545255441,-3.0949791574859476e-06,1.5854915373158756,-0.785306976094896,-4.3478900940660935e-05,0.13429059820804004,-0.00012552983594821005,0.19126097849610252,0.00017878639271653912,-0.06022529084994505,-0.00014401507892807046,0.0034533766309485106,-30.816364781666287,0.2772358338194712,17.455415096397534,0.7404267901767784,1.88386740000836,0.0014267616572679633,0.0034533766309485106,-30.816364781666287,0.2772358338194712,17.455415096397534,0.7404267901767784,1.88386740000836,0.0014267616572679633
5.331000000000115,2,1,1,2,0.0008434151455401209,5.208317051972693,5.341471142050632,5.0,0.6425169465206843,-9.95353491126306e-06,0.4362893722191931,0.03184077751757015,-5.0401809564281376e-05,-0.0005793639531372669,0.6473500099023642,-9.278129557961225e-06,0.004833063428872875,1.368863238259063,0.0892649999999935,0.0892649999999935,1.0,-0.057487104672562454,-0.05752250724083147,0.0,0.0,0.0,-0.057487104672562454,-0.0,0.0,0.0,-0.15230074661484466,-0.1524049683098394,-0.24020294996782196,-0.24011005943901223,-0.24020294996782202,-0.18520294996782197,0.059797050032178424,-0.09250369658266507,0.0,0.24020294996782196,0.20685347986557684,1.2383195840978649e-06,0,0,0,0,0,inf,inf,0,0,0.0,1.2169746304908409,-1.5296948577295912e-05,0.2742229321412455,3.994558795937967e-07,-1.286774630490841,-1.358056139337504e-06,1.584891005607839,-0.7853083830018179,-4.036846704500589e-05,0.13334108822050184,-0.00011681120182783644,0.19003575456951868,0.00016939548058562774,-0.05990917314798027,-0.0001378662642706332,0.003605382738618116,-30.85356225515677,0.2786691516938712,17.456161826232854,0.7405125148388396,1.8841159205318898,0.0014581005375379462,0.003605382738618116,-30.85356225515677,0.2786691516938712,17.456161826232854,0.7405125148388396,1.8841159205318898,0.0014581005375379462
5.341000000000118,2,1,1,2,0.0008382195347749468,5.195944132964456,5.322849031443361,5.0,0.6428339581186784,-1.0432149454719624e-05,0.43628361895398493,0.031586141981600646,-4.579290238225445e-05,-0.0005765915924352476,0.6476500099023642,-9.278129557961225e-06,0.004816051921948657,1.3670430930541306,0.08956499999999347,0.08956499999999347,1.0,-0.05689624825970655,-0.0569308279993049,0.0,0.0,0.0,-0.05689624825970655,-0.0,0.0,0.0,-0.15287232107411647,-0.15297689221638536,-0.24020294996782196,-0.24011005943901223,-0.24020294996782202,-0.18520294996782197,0.059797050032178424,-0.0930752710419369,0.0,0.24020294996782196,0.20685347986557684,1.175305825466804e-06,0,0,0,0,0,inf,inf,0,0,0.0,1.2150807437311728,-1.5681889817676964e-05,0.2755513311441937,-7.212699136694753e-07,-1.284880743731173,2.806704917442547e-07,1.5842937412641378,-0.7853097248835267,-3.69142839366197e-05,0.1324365583810372,-0.00010822094346654614,0.18886789742843474,0.0001592586105740195,-0.05957451759278907,-0.00013109685062251744,0.0037244988318715917,-30.889842341320872,0.2800662272558559,17.456667774988162,0.7405958507276673,1.8844523362848182,0.001487720246955782,0.0037244988318715917,-30.889842341320872,0.2800662272558559,17.456667774988162,0.7405958507276673,1.8844523362848182,0.001487720246955782
5.351000000000122,2,1,1,2,0.0008330442511907113,5.184589282093952,5.305128065432962,5.0,0.6431485299269238,-1.0865124625942045e-05,0.43627790027217705,0.03135073073370659,-4.1270435251179644e-05,-0.0005725168114277853,0.6479500099023642,-9.278129557961225e-06,0.004801480237708772,1.3652724822992859,0.08986499999999344,0.08986499999999344,1.0,-0.056359803627394574,-0.056393620343583424,0.0,0.0,0.0,-0.056359803627394574,-0.0,0.0,0.0,-0.1534382901600976,-0.153543202857148,-0.24020294996782196,-0.24011005943901223,-0.24020294996782202,-0.18520294996782197,0.059797050032178424,-0.09364124012791798,0.0,0.24020294996782196,0.20685347986557684,1.120403076118077e-06,0,0,0,0,0,inf,inf,0,0,0.0,1.2131982179697283,-1.6030724343128074e-05,0.27687093025340426,-1.7571627006951975e-06,-1.2829982179697283,1.8149213980235298e-06,1.5836999027771876,-0.7853109963334274,-3.318580185700708e-05,0.1315765602411146,-9.983544704024125e-05,0.1877578001105285,0.00014858654055367032,-0.059226112820501074,-0.00012385017569417034,0.0038130695360321883,-30.925274046824775,0.28142942293325807,17.456940655338343,0.7406760068073616,1.884867853836817,0.0015155933429649015,0.0038130695360321883,-30.925274046824775,0.28142942293325807,17.456940655338343,0.7406760068073616,1.884867853836817,0.0015155933429649015
5.361000000000125,2,1,1,2,0.0008278974694740085,5.174195609584902,5.288320367502835,5.0,0.6434608473137362,-1.1253490495518095e-05,0.43627222884455774,0.031133299506873637,-3.686391357573397e-05,-0.0005672093488900043,0.6482500099023641,-9.278129557961225e-06,0.004789162996011336,1.3635657171998807,0.0901649999999934,0.0901649999999934,1.0,-0.05587322563846582,-0.05590633148520952,0.0,0.0,0.0,-0.05587322563846582,-0.0,0.0,0.0,-0.15399917264500004,-0.1541044195592324,-0.24020294996782196,-0.24011005943901223,-0.24020294996782202,-0.18520294996782197,0.059797050032178424,-0.09420212261282046,0.0,0.24020294996782196,0.20685347986557684,1.0727370347005418e-06,0,0,0,0,0,inf,inf,0,0,0.0,1.2113264758055953,-1.6341077953985963e-05,0.2781821711318447,-2.7106198072647337e-06,-1.2811264758055954,3.2403874119190707e-06,1.5831096042683666,-0.7853121933048485,-2.92495723620773e-05,0.13076039549670526,-9.171618246799225e-05,0.18670535874431748,0.00013756528746393314,-0.05886811916652162,-0.00011625623848016497,0.0038734566115882756,-30.95992170019722,0.28276110191236903,17.45698859220432,0.7407523470032565,1.8853542100445826,0.0015417152727577135,0.0038734566115882756,-30.95992170019722,0.28276110191236903,17.45698859220432,0.7407523470032565,1.8853542100445826,0.0015417152727577135
5.371000000000128,2,1,1,2,0.0008227871940296441,5.1647084283405515,5.272428949003894,5.0,0.6437710835010781,-1.159854975686765e-05,0.43626661658369004,0.0309326581669873,-3.2598773273597764e-05,-0.0005607492572065388,0.6485500099023641,-9.278129557961225e-06,0.004778926964628978,1.3619351783676301,0.09046499999999337,0.09046499999999337,1.0,-0.055432367373115014,-0.055464808040555036,0.0,0.0,0.0,-0.055432367373115014,-0.0,0.0,0.0,-0.15455544407676255,-0.1546610183556783,-0.24020294996782196,-0.24011005943901223,-0.24020294996782202,-0.18520294996782197,0.059797050032178424,-0.09475839404458296,0.0,0.24020294996782196,0.20685347986557684,1.031537383712409e-06,0,0,0,0,0,inf,inf,0,0,0.0,1.209464943216676,-1.6611222182568554e-05,0.27948548729838857,-3.5845788781055803e-06,-1.279264943216676,4.5544911563746646e-06,1.5825229213879046,-0.7853133129786563,-2.516844633143574e-05,0.12998716107077343,-8.391133515029989e-05,0.18571005560975878,0.00012635777812561164,-0.05850413720617068,-0.00010843191071788897,0.003908011126692853,-30.99384519095118,0.28406360467074354,17.45681998263342,0.7408243739086027,1.8859036541414387,0.0015661008878139378,0.003908011126692853,-30.99384519095118,0.28406360467074354,17.45681998263342,0.7408243739086027,1.8859036541414387,0.0015661008878139378
5.381000000000132,2,1,1,2,0.0008177211192880443,5.156075230621685,5.257449223949165,5.0,0.6440794001126318,-1.1901837487938198e-05,0.43626107456183233,0.030747671849060555,-2.8496474193952188e-05,-0.0005532231953225256,0.6488500099023641,-9.278129557961225e-06,0.004770610511216894,1.360391507597168,0.09076499999999334,0.09076499999999334,1.0,-0.055033438466463226,-0.05506525416179755,0.0,0.0,0.0,-0.055033438466463226,-0.0,0.0,0.0,-0.1551075405271323,-0.15521343574424276,-0.24020294996782196,-0.24011005943901223,-0.24020294996782202,-0.18520294996782197,0.059797050032178424,-0.09531049049495265,0.0,0.24020294996782196,0.20685347986557684,9.961282184070042e-07,0,0,0,0,0,inf,inf,0,0,0.0,1.2076130532916198,-1.684003387039039e-05,0.2807813023017287,-4.382393636617843e-06,-1.27741305329162,5.756165394587503e-06,1.58193989656861,-0.785314353633963,-2.1000982009761972e-05,0.12925578862030257,-7.64573573356281e-05,0.18477103156028907,0.00011510553233254013,-0.05813726928940198,-0.00010048131917278285,0.003919049546635442,-31.027100206925454,0.28533922889680485,17.456443377042902,0.7408917130337686,1.8865089274234852,0.0015887813091399207,0.003919049546635442,-31.027100206925454,0.28533922889680485,17.456443377042902,0.7408917130337686,1.8865089274234852,0.0015887813091399207
5.391000000000135,2,1,1,2,0.0008127065274339531,5.148245671642161,5.243370318175822,5.0,0.6443859477296331,-1.2165082196024223e-05,0.4362556129614975,0.03057726144891112,-2.457465500998908e-05,-0.0005447215067124485,0.649150009902364,-9.278129557961225e-06,0.004764063047456605,1.3589437838285,0.0910649999999933,0.0910649999999933,1.0,-0.05467296895697647,-0.05470419521947131,0.0,0.0,0.0,-0.05467296895697647,-0.0,0.0,0.0,-0.1556558619542163,-0.15576207205881837,-0.24020294996782196,-0.24011005943901223,-0.24020294996782202,-0.18520294996782197,0.059797050032178424,-0.09585881192203666,0.0,0.24020294996782196,0.20685347986557684,9.659179254538719e-07,0,0,0,0,0,inf,inf,0,0,0.0,1.2057702492900937,-1.7026949838315994e-05,0.2820700282614058,-5.10772465481823e-06,-1.2755702492900938,6.845648180849158e-06,1.581360543699054,-0.7853153145233979,-1.680103289343944e-05,0.12856507904287956,-6.938042647226038e-05,0.1838871490654005,0.00010393033547086563,-0.05777017485444377,-9.249635702542777e-05,0.003908833554272502,-31.059738468413723,0.28659021265715773,17.455867379672053,0.74095409793455,1.8871632418909803,0.0016098011148626054,0.003908833554272502,-31.059738468413723,0.28659021265715773,17.455867379672053,0.74095409793455,1.8871632418909803,0.0016098011148626054
5.401000000000138,2,1,1,2,0.000807750216208796,5.141171554841413,5.230176201013475,5.0,0.6446908664485211,-1.2390168685016156e-05,0.43625024105162963,0.03042040356190315,-2.0847335487838013e-05,-0.0005353359342859715,0.649450009902364,-9.278129557961225e-06,0.004759144471335473,1.357599684325321,0.09136499999999327,0.09136499999999327,1.0,-0.05434777777889566,-0.05437844616105994,0.0,0.0,0.0,-0.05434777777889566,-0.0,0.0,0.0,-0.156200775229709,-0.15630729450405104,-0.24020294996782196,-0.24011005943901223,-0.24020294996782202,-0.18520294996782197,0.059797050032178424,-0.09640372519752927,0.0,0.24020294996782196,0.20685347986557684,9.40388877223233e-07,0,0,0,0,0,inf,inf,0,0,0.0,1.2039359871190007,-1.717191829857152e-05,0.2833520647288597,-5.764444157960052e-06,-1.2737359871190008,7.824294548136846e-06,1.5807848522746977,-0.7853161957540417,-1.2617488751552808e-05,0.12791373250442378,-6.269780294326887e-05,0.18305704697603917,9.293587348650351e-05,-0.0574051201830252,-8.4557290494489e-05,0.0038795533496673736,-31.091807957726708,0.28781872059445873,17.45510056606753,0.7410113563870406,1.8878602586736923,0.001629215825012716,0.0038795533496673736,-31.091807957726708,0.28781872059445873,17.45510056606753,0.7410113563870406,1.8878602586736923,0.001629215825012716
5.411000000000142,2,1,1,2,0.0008028584507996641,5.1348068152798625,5.217846663234095,5.0,0.6449942864353426,-1.2579103145238057e-05,0.43624496718371975,0.030276129954024286,-1.7325153486557168e-05,-0.0005251578510563075,0.649750009902364,-9.278129557961225e-06,0.0047557246126331,1.3563656320539952,0.09166499999999324,0.09166499999999324,1.0,-0.05405494518024075,-0.054085083820405166,0.0,0.0,0.0,-0.05405494518024075,-0.0,0.0,0.0,-0.1567426168731723,-0.1568494398958169,-0.24020294996782196,-0.24011005943901223,-0.24020294996782202,-0.18520294996782197,0.059797050032178424,-0.09694556684099256,0.0,0.24020294996782196,0.20685347986557684,9.190873089282941e-07,0,0,0,0,0,inf,inf,0,0,0.0,1.2021097373019913,-1.727534840703407e-05,0.2846277978263562,-6.356553833940217e-06,-1.2719097373019914,8.694404254801312e-06,1.5802127910793395,-0.7853169981748191,-8.49414602545381e-06,0.12730037446142972,-5.6419083361602746e-05,0.18227918798150525,8.220931299439583e-05,-0.05704402316620372,-7.67334329910977e-05,0.003833314149245368,-31.123353142991373,0.2890268329044442,17.45415141552202,0.74106339767519,1.8885940667391619,0.0016470896613168477,0.003833314149245368,-31.123353142991373,0.2890268329044442,17.45415141552202,0.74106339767519,1.8885940667391619,0.0016470896613168477
5.421000000000145,2,1,1,2,0.0007980369349128982,5.129107498874188,5.206358161479084,5.0,0.6452963284726748,-1.2733980753015159e-05,0.43623979880325187,0.030143526643140912,-1.4015625659179456e-05,-0.0005142769076105991,0.650050009902364,-9.278129557961225e-06,0.004753682685863535,1.3552469302080556,0.0919649999999932,0.0919649999999932,1.0,-0.05379178847045514,-0.05382142257666765,0.0,0.0,0.0,-0.05379178847045514,-0.0,0.0,0.0,-0.1572816955292574,-0.1573888171436668,-0.24020294996782196,-0.24011005943901223,-0.24020294996782202,-0.18520294996782197,0.059797050032178424,-0.09748464549707765,0.0,0.24020294996782196,0.20685347986557684,9.016137299835528e-07,0,0,0,0,0,inf,inf,0,0,0.0,1.2002909865105682,-1.7338059131134467e-05,0.2858975996261318,-6.888114595701758e-06,-1.2700909865105683,9.459064978065775e-06,1.5796443114440115,-0.7853177232708962,-4.469686436489546e-06,0.12672357810736432,-5.054734844953278e-05,0.18155189961188486,7.182281571182604e-05,-0.056688493575936055,-6.908386401918675e-05,0.003772125587699555,-31.154415195180114,0.29021653682191384,17.453028256535756,0.7411102009940503,1.8893591621739152,0.00166349356148928,0.003772125587699555,-31.154415195180114,0.29021653682191384,17.453028256535756,0.7411102009940503,1.8893591621739152,0.00166349356148928
5.431000000000148,2,1,1,2,0.0007932907970540628,5.124031736125774,5.195684546407638,5.0,0.645597104495554,-1.2856955962299484e-05,0.4362347424727788,0.030021732660537245,-1.092342243767666e-05,-0.0005027800156805083,0.6503500099023639,-9.278129557961225e-06,0.004752906754195971,1.3542478847824593,0.09226499999999317,0.09226499999999317,1.0,-0.05355584060218889,-0.05358499286328648,0.0,0.0,0.0,-0.05355584060218889,-0.0,0.0,0.0,-0.15781829421836152,-0.15792570950591012,-0.24020294996782196,-0.24011005943901223,-0.24020294996782202,-0.18520294996782197,0.059797050032178424,-0.09802124418618176,0.0,0.24020294996782196,0.20685347986557684,8.87614129299653e-07,0,0,0,0,0,inf,inf,0,0,0.0,1.1984792387170962,-1.73612284099478e-05,0.2871618277361723,-7.363187247350647e-06,-1.2682792387170962,1.0122010258241233e-05,1.5790793501258156,-0.785318373065423,-5.777449483940473e-07,0.1261818836330483,-4.508020666504899e-05,0.1808734095410147,6.183498055967671e-05,-0.05633986927789221,-6.165817403498938e-05,0.003697893724932143,-31.185032197553685,0.2913897203443474,17.451739223543857,0.7411518049358959,1.890150428198656,0.001678503429203204,0.003697893724932143,-31.185032197553685,0.2913897203443474,17.451739223543857,0.7411518049358959,1.890150428198656,0.001678503429203204
5.441000000000152,2,1,1,2,0.0007886245887510903,5.11953970970402,5.185797689365365,5.0,0.6458967181135628,-1.2950215587740239e-05,0.43622980390362887,0.02990993855524692,-8.050649423854907e-06,-0.0004907506020732688,0.6506500099023639,-9.278129557961225e-06,0.004753293207209086,1.353371916060268,0.09256499999999314,0.09256499999999314,1.0,-0.053344831174926007,-0.05337352211134064,0.0,0.0,0.0,-0.053344831174926007,-0.0,0.0,0.0,-0.1583526723867335,-0.15846037664349052,-0.24020294996782196,-0.24011005943901223,-0.24020294996782202,-0.18520294996782197,0.059797050032178424,-0.09855562235455378,0.0,0.24020294996782196,0.20685347986557684,8.767721947768672e-07,0,0,0,0,0,inf,inf,0,0,0.0,1.1966740160229725,-1.7346343406221712e-05,0.2884208250627399,-7.785783025478342e-06,-1.2664740160229726,1.0687491446835287e-05,1.5785178318451332,-0.7853189500287951,3.1529496678870893e-06,0.12567381465451363,-4.001073632870574e-05,0.18024187585897447,5.2292209490930916e-05,-0.05599924877184041,-5.449721982511056e-05,0.0036124153668961093,-31.215239346886975,0.2925481679289686,17.45029222332609,0.7411882980058215,1.8909631159895646,0.001692198600990148,0.0036124153668961093,-31.215239346886975,0.2925481679289686,17.45029222332609,0.7411882980058215,1.8909631159895646,0.001692198600990148
5.451000000000155,2,1,1,2,0.0007840422920714343,5.115593615747771,5.17666802033609,5.0,0.646195265116814,-1.3015954706932801e-05,0.43622498799384435,0.029807384696426693,-5.397128717032247e-06,-0.00047826807945609726,0.6509500099023638,-9.278129557961225e-06,0.004754746254749047,1.3526216598356233,0.0928649999999931,0.0928649999999931,1.0,-0.053156669516114356,-0.053184917780519515,0.0,0.0,0.0,-0.053156669516114356,-0.0,0.0,0.0,-0.15888506777830097,-0.15899305649503767,-0.24020294996782196,-0.24011005943901223,-0.24020294996782202,-0.18520294996782197,0.059797050032178424,-0.0990880177461212,0.0,0.24020294996782196,0.20685347986557684,8.688026421307599e-07,0,0,0,0,0,inf,inf,0,0,0.0,1.1948748592089347,-1.729515249329977e-05,0.28967491972310966,-8.15982302146623e-06,-1.2646748592089347,1.1160162883051297e-05,1.5779596715160007,-0.785319456995466,6.698376493546469e-06,0.12519789212858523,-3.532833017613188e-05,0.17965541290799697,4.322999494864314e-05,-0.05566752040479994,-4.763387774839824e-05,0.0035173744224584326,-31.245069146017183,0.2936935579132702,17.44869490968722,0.7412198101037016,1.8917928263254757,0.0017046605128812678,0.0035173744224584326,-31.245069146017183,0.2936935579132702,17.44869490968722,0.7412198101037016,1.8917928263254757,0.0017046605128812678
5.461000000000158,2,1,1,2,0.0007795473342757922,5.112157619114141,5.168264988235293,5.0,0.6464928339640804,-1.3056355349196284e-05,0.4362202988704322,0.029713359422222096,-2.9606749780695337e-06,-0.0004654074904739342,0.6512500099023638,-9.278129557961225e-06,0.004757177438647065,1.3519990591531363,0.09316499999999307,0.09316499999999307,1.0,-0.052989429551881205,-0.05301725218774485,0.0,0.0,0.0,-0.052989429551881205,-0.0,0.0,0.0,-0.15941569814736825,-0.1595239669923343,-0.24020294996782196,-0.24011005943901223,-0.24020294996782202,-0.18520294996782197,0.059797050032178424,-0.0996186481151885,0.0,0.24020294996782196,0.20685347986557684,8.634457010523824e-07,0,0,0,0,0,inf,inf,0,0,0.0,1.1930813280489145,-1.720961948148338e-05,0.2909244250850108,-8.489105534646666e-06,-1.2628813280489146,1.1544979509519193e-05,1.5774047762011876,-0.7853198970882312,1.0038979402808486e-05,0.1247526460459818,-3.1019447098794554e-05,0.17911211320979312,3.467412812149926e-05,-0.05534538856725035,-4.109378457611745e-05,0.003414340031789291,-31.274551587403277,0.29482746142310295,17.446954665154063,0.7412465049059375,1.8926354920443367,0.0017159715502586504,0.003414340031789291,-31.274551587403277,0.29482746142310295,17.446954665154063,0.7412465049059375,1.8926354920443367,0.0017159715502586504
5.471000000000162,2,1,1,2,0.0007751426078493042,5.109197803049112,5.160557453168514,5.0,0.6467895062517716,-1.307356789857936e-05,0.43621573993438945,0.02962719707730242,-7.373621444307914e-07,-0.00045223928981943056,0.6515500099023638,-9.278129557961225e-06,0.004760505163599135,1.3515054473045292,0.09346499999999304,0.09346499999999304,1.0,-0.05284133622580808,-0.05286874889031318,0.0,0.0,0.0,-0.05284133622580808,-0.0,0.0,0.0,-0.1599447628287188,-0.1600533076328033,-0.24020294996782196,-0.24011005943901223,-0.24020294996782202,-0.18520294996782197,0.059797050032178424,-0.1001477127965391,0.0,0.24020294996782196,0.20685347986557684,8.604627126667558e-07,0,0,0,0,0,inf,inf,0,0,0.0,1.1912930014238994,-1.7091880466871442e-05,0.2921696399120109,-8.777280457191605e-06,-1.2610930014238995,1.1847106135066497e-05,1.576853046820585,-0.7853202736498135,1.315939071345383e-05,0.1243366251638252,-2.7068276412537033e-05,0.17861006595422488,2.6641828085577774e-05,-0.055033397152628165,-3.489605770261145e-05,0.0033047662205289074,-31.303714327522506,0.2959513425513662,17.445078588583048,0.7412685730784101,1.8934873612708139,0.0017262140644886254,0.0033047662205289074,-31.303714327522506,0.2959513425513662,17.445078588583048,0.7412685730784101,1.8934873612708139,0.0017262140644886254
5.481000000000165,2,1,1,2,0.0007708304944805391,5.106682113914836,5.153514019062832,5.0,0.6470853571628469,-1.3069695095943225e-05,0.43621131390728624,0.029548275975480296,1.2782223146134223e-06,-0.0004388292355095257,0.6518500099023637,-9.278129557961225e-06,0.004764654248122824,1.3511416227807433,0.093764999999993,0.093764999999993,1.0,-0.052710753262413736,-0.052737770419080864,0.0,0.0,0.0,-0.052710753262413736,-0.0,0.0,0.0,-0.16047244417945422,-0.16058126092340533,-0.24020294996782196,-0.24011005943901223,-0.24020294996782202,-0.18520294996782197,0.059797050032178424,-0.10067539414727451,0.0,0.24020294996782196,0.20685347986557684,8.596327334694966e-07,0,0,0,0,0,inf,inf,0,0,0.0,1.189509477267843,-1.694420357978914e-05,0.2934108485965561,-9.027829847161789e-06,-1.259309477267843,1.2071837557221832e-05,1.5763043796388558,-0.7853205901815057,1.6048131476426578e-05,0.12394840501384843,-2.345732036089445e-05,0.1781473724678811,1.914279261869551e-05,-0.05473195053427328,-2.9053988259838677e-05,0.0031899928529293188,-31.332582852042524,0.29706655960930795,17.443073487707974,0.7412862262566373,1.8943449813673314,0.001735469541364611,0.0031899928529293188,-31.332582852042524,0.29706655960930795,17.443073487707974,0.7412862262566373,1.8943449813673314,0.001735469541364611
5.491000000000168,2,1,1,2,0.0007666128918341333,5.104580301696414,5.147103314043818,5.0,0.6473804558951,-1.3046778505312746e-05,0.43620702287844926,0.029476016318611478,3.0927378805365473e-06,-0.00042523836601689814,0.6521500099023637,-9.278129557961225e-06,0.004769555496156914,1.3509079168374196,0.09406499999999297,0.09406499999999297,1.0,-0.05259617210399127,-0.05262280718931595,0.0,0.0,0.0,-0.05259617210399127,-0.0,0.0,0.0,-0.16099890890505184,-0.16110799370847662,-0.24020294996782196,-0.24011005943901223,-0.24020294996782202,-0.18520294996782197,0.059797050032178424,-0.10120185887287214,0.0,0.24020294996782196,0.20685347986557684,8.607500124355933e-07,0,0,0,0,0,inf,inf,0,0,0.0,1.1877303723737382,-1.6768951818259635e-05,0.29464832146461484,-9.24405390446537e-06,-1.2575303723737383,1.2224528768064997e-05,1.5757586675558741,-0.7853208502885727,1.8697296962498324e-05,0.12358659439913344,-2.016790076294129e-05,0.17772215903549787,1.2180172015363383e-05,-0.05444133229102121,-2.3575702165638103e-05,0.0030712476756979837,-31.361180631807787,0.2981743672702215,17.44094587578064,0.7412996917298391,1.8952051835566774,0.0017438179065264567,0.0030712476756979837,-31.361180631807787,0.2981743672702215,17.44094587578064,0.7412996917298391,1.8952051835566774,0.0017438179065264567
5.501000000000172,2,1,1,2,0.000762491242182555,5.102863857052084,5.141294225042396,5.0,0.6476748660685111,-1.3006787286507753e-05,0.4362028683519942,0.02940987809824566,4.713867774034432e-06,-0.00041152304430460844,0.6524500099023637,-9.278129557961225e-06,0.004775145289608346,1.3508042542903023,0.09436499999999294,0.09436499999999294,1.0,-0.052496201875730376,-0.0525224674432959,0.0,0.0,0.0,-0.052496201875730376,-0.0,0.0,0.0,-0.1615243092805562,-0.16163365839246013,-0.24020294996782196,-0.24011005943901223,-0.24020294996782202,-0.18520294996782197,0.059797050032178424,-0.10172725924837654,0.0,0.24020294996782196,0.20685347986557684,8.636221889908349e-07,0,0,0,0,0,inf,inf,0,0,0.0,1.1859553220844679,-1.656854907340234e-05,0.2958823151378776,-9.429061624027156e-06,-1.255755322084468,1.231053448288585e-05,1.5752158012213031,-0.7853210576320685,2.1102234647965265e-05,0.12324984057070981,-1.718059578203823e-05,0.17733258740653324,5.751467682097868e-06,-0.054161721892310076,-1.8464785457991913e-05,0.0029496492623993305,-31.38952926976137,0.29927591944282694,17.438701971565376,0.7413092077700368,1.8960650681603861,0.0017513369543438355,0.0029496492623993305,-31.38952926976137,0.29927591944282694,17.438701971565376,0.7413092077700368,1.8960650681603861,0.0017513369543438355
5.511000000000175,2,1,1,2,0.0007584665621316036,5.1015059456763385,5.136056092349936,5.0,0.6479686461116316,-1.2951609104694771e-05,0.43619885129311686,0.029349359002275126,6.15011302378922e-06,-0.00039773505338480095,0.6527500099023636,-9.278129557961225e-06,0.004781365201882747,1.350830208118694,0.09466499999999291,0.09466499999999291,1.0,-0.0524095602557874,-0.0524354681009389,0.0,0.0,0.0,-0.0524095602557874,-0.0,0.0,0.0,-0.16204878427649255,-0.16215839406715116,-0.24020294996782196,-0.24011005943901223,-0.24020294996782202,-0.18520294996782197,0.059797050032178424,-0.1022517342443129,0.0,0.24020294996782196,0.20685347986557684,8.680690371409391e-07,0,0,0,0,0,inf,inf,0,0,0.0,1.1841839798899225,-1.6345449386979604e-05,0.2971130729412725,-9.58576546012029e-06,-1.2539839798899226,1.2335157251000058e-05,1.5746756699926345,-0.7853212158866987,2.3261220861569247e-05,0.12293683325567162,-1.4475612755487385e-05,0.1769768632829287,-1.5064233783647168e-07,-0.053893209535427054,-1.3720871380952641e-05,0.00282621068923582,-31.417648638989753,0.3003722727308527,17.43634770205197,0.7413150195508946,1.8969219904072858,0.0017581018867886922,0.00282621068923582,-31.417648638989753,0.3003722727308527,17.43634770205197,0.7413150195508946,1.8969219904072858,0.0017581018867886922
5.521000000000178,2,1,1,2,0.0007545394728501178,5.100481340712539,5.131358869175032,5.0,0.6482618496271529,-1.2883043003403075e-05,0.4361949721732125,0.029293992345046677,7.410604294903134e-06,-0.0003839217309359283,0.6530500099023636,-9.278129557961225e-06,0.004788161632245355,1.3509850484159176,0.09496499999999287,0.09496499999999287,1.0,-0.05233506514544621,-0.05236062641289595,0.0,0.0,0.0,-0.05233506514544621,-0.0,0.0,0.0,-0.16257246059796132,-0.1626823275519429,-0.24020294996782196,-0.24011005943901223,-0.24020294996782202,-0.18520294996782197,0.059797050032178424,-0.1027754105657817,0.0,0.24020294996782196,0.20685347986557684,8.739216198983198e-07,0,0,0,0,0,inf,inf,0,0,0.0,1.1824160169490983,-1.610210942545836e-05,0.29834082534517103,-9.716879394610313e-06,-1.2522160169490983,1.2303603431388395e-05,1.574138162754187,-0.7853213287043364,2.517514122227388e-05,0.12264630769046907,-1.2033102905921868e-05,0.17665324305161387,-5.537548433368134e-06,-0.053635809311121364,-9.340187626822023e-06,0.0027018437895952206,-31.445557012136362,0.3014643903509073,17.433888707336084,0.7413173756054272,1.897773546763195,0.0017641849503304185,0.0027018437895952206,-31.445557012136362,0.3014643903509073,17.433888707336084,0.7413173756054272,1.897773546763195,0.0017641849503304185
5.531000000000182,2,1,1,2,0.0007507102303062332,5.099766353916728,5.1271732506748595,5.0,0.6485545257369743,-1.2802794058946218e-05,0.436191231013475,0.02924334503606364,8.504931554770057e-06,-0.0003701261328833094,0.6533500099023636,-9.278129557961225e-06,0.004795485460697347,1.3512677861879432,0.09526499999999284,0.09526499999999284,1.0,-0.052271627049648356,-0.05229685232617566,0.0,0.0,0.0,-0.052271627049648356,-0.0,0.0,0.0,-0.16309545364441005,-0.16320557435459043,-0.24020294996782196,-0.24011005943901223,-0.24020294996782202,-0.18520294996782197,0.059797050032178424,-0.10329840361223043,0.0,0.24020294996782196,0.20685347986557684,8.810217215305832e-07,0,0,0,0,0,inf,inf,0,0,0.0,1.1806511215534203,-1.5840964108838443e-05,0.29956579043310283,-9.824919859087481e-06,-1.2504511215534204,1.2220946342038863e-05,1.5736031686128875,-0.7853213996827862,2.684717907081417e-05,0.12237704679660676,-9.833423567620228e-06,0.1763600389962037,-1.0424022358167676e-05,-0.0533894708588635,-5.316062968038809e-06,0.0025773638497606577,-31.47327118246966,0.30255314639366404,17.43133034719929,0.7413165247731061,1.8986175617463774,0.001769655159711225,0.0025773638497606577,-31.47327118246966,0.30255314639366404,17.43133034719929,0.7413165247731061,1.8986175617463774,0.001769655159711225
5.541000000000185,2,1,1,2,0.0007469787551399312,5.0993387662100504,5.123470776424729,5.0,0.6488467194072316,-1.2712469643081567e-05,0.4361876274267438,0.029197015599457123,9.442991330177137e-06,-0.0003563872177803572,0.6536500099023635,-9.278129557961225e-06,0.004803291722903863,1.3516772124664538,0.09556499999999281,0.09556499999999281,1.0,-0.0522182420908876,-0.05224314148490328,0.0,0.0,0.0,-0.0522182420908876,-0.0,0.0,0.0,-0.1636178683967526,-0.16372823955918375,-0.24020294996782196,-0.24011005943901223,-0.24020294996782202,-0.18520294996782197,0.059797050032178424,-0.10382081836457298,0.0,0.24020294996782196,0.20685347986557684,8.892214474647361e-07,0,0,0,0,0,inf,inf,0,0,0.0,1.1788889985453244,-1.5564405295117768e-05,0.30078817438708816,-9.912209015932808e-06,-1.2486889985453244,1.2092095920484931e-05,1.5730705774851055,-0.785321432339392,2.8282515267370276e-05,0.12212788262099941,-7.857353324628027e-06,0.1760956231962034,-1.4827595065426309e-05,-0.05315408965940531,-1.6393931931701178e-06,0.002453494629583071,-31.500806576927193,0.3036393303330006,17.428677708988683,0.7413127135929702,1.8994520751944837,0.0017745780972887773,0.002453494629583071,-31.500806576927193,0.3036393303330006,17.428677708988683,0.7413127135929702,1.8994520751944837,0.0017745780972887773
5.5510000000001885,2,1,1,2,0.000743344661865957,5.099177758200608,5.120223909840242,5.0,0.6491384717538455,-1.2613577116778263e-05,0.43618416065742005,0.029154632253823903,1.0234851052445055e-05,-0.0003427400454045039,0.6539500099023635,-9.278129557961225e-06,0.004811539304614922,1.3522119331673947,0.09586499999999278,0.09586499999999278,1.0,-0.05217398559013998,-0.05219856879971909,0.0,0.0,0.0,-0.05217398559013998,-0.0,0.0,0.0,-0.16413980023779678,-0.16425041864730622,-0.24020294996782196,-0.24011005943901223,-0.24020294996782202,-0.18520294996782197,0.059797050032178424,-0.10434275020561713,0.0,0.24020294996782196,0.20685347986557684,8.983829151906123e-07,0,0,0,0,0,inf,inf,0,0,0.0,1.1771293687041964,-1.5274763391657088e-05,0.30200817198384206,-9.98087995586523e-06,-1.2469293687041965,1.1921774263639568e-05,1.5725402805874242,-0.7853214300890797,2.9488041992436065e-05,0.12189769714960798,-6.086265186877464e-06,0.1758584302985608,-1.8767996306021328e-05,-0.05292951609979985,1.7009331883552465e-06,0.002330873600840612,-31.52817736147982,0.3047236516948751,17.425935616458737,0.7413061841000248,1.9002753299574981,0.0017790157788994444,0.002330873600840612,-31.52817736147982,0.3047236516948751,17.425935616458737,0.7413061841000248,1.9002753299574981,0.0017790157788994444
5.561000000000192,2,1,1,2,0.0007398072871823971,5.0992638411829,5.117406097668893,5.0,0.6494298203292331,-1.2507522791859925e-05,0.4361808296193458,0.02911585105978061,1.0890629792305704e-05,-0.00032921598426782447,0.6542500099023635,-9.278129557961225e-06,0.004820190654932149,1.3528704000930158,0.09616499999999274,0.09616499999999274,1.0,-0.0521380061575044,-0.05216228252821341,0.0,0.0,0.0,-0.0521380061575044,-0.0,0.0,0.0,-0.16466133571132857,-0.164772198257742,-0.24020294996782196,-0.24011005943901223,-0.24020294996782202,-0.18520294996782197,0.059797050032178424,-0.10486428567914897,0.0,0.24020294996782196,0.20685347986557684,9.083779832922082e-07,0,0,0,0,0,inf,inf,0,0,0.0,1.1753719681100232,-1.4974291741977472e-05,0.303225967096124,-1.0032883419152897e-05,-1.2451719681100233,1.1714496447214853e-05,1.5720121708429284,-0.7853213962264435,3.0472092539293837e-05,0.1216854225905939,-4.502262630798242e-06,0.17564695932530125,-2.2266652714901174e-05,-0.05271556343452516,4.717648535842409e-06,0.002210057315224374,-31.55539653917935,0.3058067448147513,17.42310863929187,0.7412971719867577,1.901085759994356,0.001783026576751807,0.002210057315224374,-31.55539653917935,0.3058067448147513,17.42310863929187,0.7412971719867577,1.901085759994356,0.001783026576751807
5.571000000000195,2,1,1,2,0.0007363657172091689,5.09957878906045,5.1149918123144165,5.0,0.6497207993908972,-1.2395611996793682e-05,0.43617763293157574,0.029080354140656853,1.1420394541344578e-05,-0.0003158429237921233,0.6545500099023634,-9.278129557961225e-06,0.00482921151770687,1.353650938445074,0.09646499999999271,0.09646499999999271,1.0,-0.05210952024291723,-0.05213349881667714,0.0,0.0,0.0,-0.05210952024291723,-0.0,0.0,0.0,-0.1651825532246721,-0.16529365688956388,-0.24020294996782196,-0.24011005943901223,-0.24020294996782202,-0.18520294996782197,0.059797050032178424,-0.10538550319249253,0.0,0.24020294996782196,0.20685347986557684,9.190879728731157e-07,0,0,0,0,0,inf,inf,0,0,0.0,1.173616547493583,-1.4665153619821478e-05,0.30444173319440143,-1.0069995694192525e-05,-1.243416547493583,1.1474556058354734e-05,1.5714861432134197,-0.7853213339114825,3.1244188519519576e-05,0.12149004121201742,-3.0882830129688362e-06,0.17545977466201745,-2.534624100867786e-05,-0.052512014755684705,7.424757652329237e-06,0.0020915268219020003,-31.582476041256964,0.306889173618767,17.420201103064073,0.7412859050928621,1.9018819788625132,0.0017866651916907553,0.0020915268219020003,-31.582476041256964,0.306889173618767,17.420201103064073,0.7412859050928621,1.9018819788625132,0.0017866651916907553
5.5810000000001985,2,1,1,2,0.0007330188135302998,5.100105571569726,5.112956579442291,5.0,0.6500114401526397,-1.2279050099767812e-05,0.4361745689520189,0.029047847980070207,1.183407109034392e-05,-0.0003026454877622536,0.6548500099023634,-9.278129557961225e-06,0.004838570680321388,1.3545517711860118,0.09676499999999268,0.09676499999999268,1.0,-0.05208780710330957,-0.052111496659345974,0.0,0.0,0.0,-0.05208780710330957,-0.0,0.0,0.0,-0.1657035236990796,-0.16581486555296765,-0.24020294996782196,-0.24011005943901223,-0.24020294996782202,-0.18520294996782197,0.059797050032178424,-0.10590647366690004,0.0,0.24020294996782196,0.20685347986557684,9.304033713995693e-07,0,0,0,0,0,inf,inf,0,0,0.0,1.171862871580655,-1.4349411650849875e-05,0.3056556338447959,-1.009382739048854e-05,-1.241662871580655,1.1206014909198763e-05,1.5709620949668963,-0.7853212461586238,3.181480541256003e-05,0.12131058480894993,-1.8281725435401236e-06,0.17529550635493463,-2.803029286309189e-05,-0.05231862907547336,9.837225753045395e-06,0.001975693071301559,-31.609426811651712,0.307971436378299,17.417217099458444,0.7412726021907592,1.9026627685835797,0.0017899826668027515,0.001975693071301559,-31.609426811651712,0.307971436378299,17.417217099458444,0.7412726021907592,1.9026627685835797,0.0017899826668027515
5.591000000000202,2,1,1,2,0.0007297652379530664,5.100828289118689,5.111276993033573,5.0,0.6503017710191852,-1.2158944347459593e-05,0.4361716358089487,0.029018061798727207,1.214136849477222e-05,-0.00028964524636985447,0.6551500099023634,-9.278129557961225e-06,0.004848239739065599,1.3555710405582146,0.09706499999999264,0.09706499999999264,1.0,-0.05207220414859501,-0.05209561323743955,0.0,0.0,0.0,-0.05207220414859501,-0.0,0.0,0.0,-0.16622431117190656,-0.16633588837181792,-0.24020294996782196,-0.24011005943901223,-0.24020294996782202,-0.18520294996782197,0.059797050032178424,-0.10642726113972704,0.0,0.24020294996782196,0.20685347986557684,9.422234975221808e-07,0,0,0,0,0,inf,inf,0,0,0.0,1.1701107184365291,-1.4029019475411829e-05,0.30686782319997186,-1.010583282309826e-05,-1.2399107184365292,1.0912696433631508e-05,1.5704399258886437,-0.7853211358286697,3.219515696895928e-05,0.12114613386571939,-7.067366736675535e-07,0.17515284982897067,-3.0342848005698663e-05,-0.05213514661493454,1.1970701009546225e-05,0.0018629022473744387,-31.63625888534038,0.3090539703917419,17.41416049657287,0.7412574720340444,1.9034270688861128,0.0017930264360914146,0.0018629022473744387,-31.63625888534038,0.3090539703917419,17.41416049657287,0.7412574720340444,1.9034270688861128,0.0017930264360914146
5.601000000000205,2,1,1,2,0.0007266034759247078,5.101732109502047,5.109930719802277,5.0,0.6505918178050153,-1.2036306388601462e-05,0.43616883143041096,0.028990746011590324,1.2351716073835451e-05,-0.00027686092474280797,0.6554500099023634,-9.278129557961225e-06,0.0048581928803079185,1.356706827044362,0.09736499999999261,0.09736499999999261,1.0,-0.05206210263265297,-0.05208523960408393,0.0,0.0,0.0,-0.05206210263265297,-0.0,0.0,0.0,-0.1667449733541699,-0.16685678314151195,-0.24020294996782196,-0.24011005943901223,-0.24020294996782202,-0.18520294996782197,0.059797050032178424,-0.10694792332199038,0.0,0.24020294996782196,0.20685347986557684,9.544561351542237e-07,0,0,0,0,0,inf,inf,0,0,0.0,1.168359878816052,-1.3705815462742435e-05,0.3080784464802433,-1.0107319782367942e-05,-1.2381598788160522,1.0598182304053351e-05,1.5699195384434033,-0.7853210056233427,3.2396998620004024e-05,0.12099581647076461,2.9023057214394354e-07,0.17503056512546972,-3.2308152075723857e-05,-0.051961293384635315,1.3841269693636249e-05,0.0017534409846820473,-31.662981460840808,0.31013715655935603,17.41103494918949,0.7412407126414259,1.9041739668140478,0.0017958404018969941,0.0017534409846820473,-31.662981460840808,0.31013715655935603,17.41103494918949,0.7412407126414259,1.9041739668140478,0.0017958404018969941
5.6110000000002085,2,1,1,2,0.0007235318585769026,5.1028032066946984,5.108896494666262,5.0,0.6508816039382167,-1.1912055364181823e-05,0.43616615357157074,0.028965670765560794,1.247421188239412e-05,-0.0002643086063246294,0.6557500099023633,-9.278129557961225e-06,0.004868406676655464,1.3579571660278789,0.09766499999999258,0.09766499999999258,1.0,-0.05205694366023641,-0.05207981668588797,0.0,0.0,0.0,-0.05205694366023641,-0.0,0.0,0.0,-0.16726556214677618,-0.1673776018454577,-0.24020294996782196,-0.24011005943901223,-0.24020294996782202,-0.18520294996782197,0.059797050032178424,-0.10746851211459668,0.0,0.24020294996782196,0.20685347986557684,9.67017141103077e-07,0,0,0,0,0,inf,inf,0,0,0.0,1.16661015552353,-1.3381518287096628e-05,0.30928764044270524,-1.0099459496330663e-05,-1.23641015552353,1.0265811839315944e-05,1.5694008378952584,-0.7853208580821073,3.243244974884526e-05,0.12085880703417065,1.1759351076304515e-06,0.17492747574597792,-3.395039583674804e-05,-0.05179678513505506,1.5465241857744612e-05,0.0016475414307462583,-31.689602967250202,0.311221323819946,17.407843908908273,0.7412225107879191,1.9049026867047745,0.0017984650362176547,0.0016475414307462583,-31.689602967250202,0.311221323819946,17.407843908908273,0.7412225107879191,1.9049026867047745,0.0017984650362176547
5.621000000000212,2,1,1,2,0.0007205485833907945,5.104028701878995,5.1081541087593285,5.0,0.6511711506501433,-1.1787021454537929e-05,0.4361635998400615,0.028942624557010757,1.251758160168454e-05,-0.00025200192985762136,0.6560500099023633,-9.278129557961225e-06,0.00487885989730296,1.3593200623896402,0.09796499999999254,0.09796499999999254,1.0,-0.05205621448341673,-0.05207883157477562,0.0,0.0,0.0,-0.05205621448341673,-0.0,0.0,0.0,-0.16778612411843213,-0.1678983911331842,-0.24020294996782196,-0.24011005943901223,-0.24020294996782202,-0.18520294996782197,0.059797050032178424,-0.1079890740862526,0.0,0.24020294996782196,0.20685347986557684,9.79830023084979e-07,0,0,0,0,0,inf,inf,0,0,0.0,1.1648613627860038,-1.3057724179180534e-05,0.31049553383666123,-1.00832966235325e-05,-1.234661362786004,9.918683808775555e-06,1.5688837323911538,-0.7853206955809767,3.231383443054187e-05,0.12073432485133538,1.962586239759654e-06,0.17484246717741608,-3.529349239546404e-05,-0.051641330747236085,1.685896540740482e-05,0.0015453861260467897,-31.716131126169802,0.3123067534281523,17.40459063406509,0.7412030416790941,1.9056125805357138,0.0018009375003150104,0.0015453861260467897,-31.716131126169802,0.3123067534281523,17.40459063406509,0.7412030416790941,1.9056125805357138,0.0018009375003150104
5.631000000000215,2,1,1,2,0.0007176517334822876,5.105396606822321,5.107684391291106,5.0,0.6514604771516901,-1.1661949784255866e-05,0.4361611677194006,0.028921412927820255,1.2490146816781947e-05,-0.0002399522790443193,0.6563500099023633,-9.278129557961225e-06,0.004889533331771484,1.3607935032553917,0.09826499999999251,0.09826499999999251,1.0,-0.05205944506421192,-0.05208181408666762,0.0,0.0,0.0,-0.05205944506421192,-0.0,0.0,0.0,-0.1683067009480013,-0.16841919276285633,-0.24020294996782196,-0.24011005943901223,-0.24020294996782202,-0.18520294996782197,0.059797050032178424,-0.1085096509158218,0.0,0.24020294996782196,0.20685347986557684,9.928255056143305e-07,0,0,0,0,0,inf,inf,0,0,0.0,1.1631133256427146,-1.2735905671289457e-05,0.3117022478440181,-1.0059759141410293e-05,-1.2329133256427147,9.559660270370162e-06,1.5683681330132828,-0.7853205203330338,3.2053540051247306e-05,0.12062163255029212,2.66141246314273e-06,0.1747744851641523,-3.6360889173142814e-05,-0.05149463512760264,1.8038666413053717e-05,0.0014471126778546936,-31.742573008857132,0.3133936830539521,17.40127819937384,0.7411824687852611,1.9063031186392434,0.001803291779194103,0.0014471126778546936,-31.742573008857132,0.3133936830539521,17.40127819937384,0.7411824687852611,1.9063031186392434,0.001803291779194103
5.6410000000002185,2,1,1,2,0.0007148392955334251,5.1068957696782595,5.107469186399074,5.0,0.6517496007969478,-1.1537504599593e-05,0.43615885459055076,0.028901857238050777,1.2399801687474128e-05,-0.00022816896421887437,0.6566500099023632,-9.278129557961225e-06,0.004900409626267401,1.3623754690890362,0.09856499999999248,0.09856499999999248,1.0,-0.05206620488277264,-0.05208833356622557,0.0,0.0,0.0,-0.05206620488277264,-0.0,0.0,0.0,-0.1688273298338545,-0.16894004401074608,-0.24020294996782196,-0.24011005943901223,-0.24020294996782202,-0.18520294996782197,0.059797050032178424,-0.10903027980167498,0.0,0.24020294996782196,0.20685347986557684,1.0059410902791826e-06,0,0,0,0,0,inf,inf,0,0,0.0,1.1613658793529724,-1.2417411661359121e-05,0.3129078965036682,-1.0029668019839166e-05,-1.2311658793529725,9.191372112622915e-06,1.5678539538049834,-0.785320334390414,3.1663893059025275e-05,0.12052003445494011,3.2826872695080845e-06,0.17472253378370106,-3.7175411480095517e-05,-0.051356401664645224,1.9020313530051067e-05,0.0013528182098063225,-31.768935088931116,0.31448231069044,17.39790950524939,0.7411609438138511,1.9069738807890448,0.0018055588267809925,0.0013528182098063225,-31.768935088931116,0.31448231069044,17.39790950524939,0.7411609438138511,1.9069738807890448,0.0018055588267809925
5.651000000000222,2,1,1,2,0.0007121091764013257,5.108515823253072,5.107491325991589,5.0,0.6520385372349939,-1.1414273634331188e-05,0.43615665775171253,0.028883793512964235,1.225399706182675e-05,-0.00021665939557901742,0.6569500099023632,-9.278129557961225e-06,0.004911473131905199,1.3640639433086668,0.09886499999999245,0.09886499999999245,1.0,-0.052076099972112995,-0.05209799591870217,0.0,0.0,0.0,-0.052076099972112995,-0.0,0.0,0.0,-0.16934804387256194,-0.16946097805001467,-0.24020294996782196,-0.24011005943901223,-0.24020294996782202,-0.18520294996782197,0.059797050032178424,-0.1095509938403824,0.0,0.24020294996782196,0.20685347986557684,1.019120611858905e-06,0,0,0,0,0,inf,inf,0,0,0.0,1.1596188688241154,-1.2103468629295675e-05,0.31411258711917045,-9.993746591220284e-06,-1.2294188688241154,8.816226001233895e-06,1.5673411117742306,-0.7853201396475215,3.115705097965902e-05,0.12042887489175316,3.83576291532013e-06,0.1746856733749566,-3.775913467849725e-05,-0.051226334299509985,1.9819504422907718e-05,0.0012625635772343456,-31.795223290940683,0.3155727983626898,17.394487286780336,0.7411386068011525,1.9076245476593912,0.0018077667187851015,0.0012625635772343456,-31.795223290940683,0.3155727983626898,17.394487286780336,0.7411386068011525,1.9076245476593912,0.0018077667187851015
5.661000000000225,2,1,1,2,0.0007094592184387063,5.110247135754241,5.107734599451001,5.0,0.6523273005505533,-1.1292772599964885e-05,0.4361545744364276,0.028867071361779472,1.205973113547239e-05,-0.000205429247698632,0.6572500099023632,-9.278129557961225e-06,0.004922709764061104,1.365856920585041,0.09916499999999241,0.09916499999999241,1.0,-0.0520887701626312,-0.05211044085201894,0.0,0.0,0.0,-0.0520887701626312,-0.0,0.0,0.0,-0.1698688724091006,-0.16998202430098344,-0.24020294996782196,-0.24011005943901223,-0.24020294996782202,-0.18520294996782197,0.059797050032178424,-0.11007182237692104,0.0,0.24020294996782196,0.20685347986557684,1.0323138023894934e-06,0,0,0,0,0,inf,inf,0,0,0.0,1.1578721480608007,-1.1795182848123407e-05,0.3153164206493003,-9.9526295476816e-06,-1.2276721480608008,8.43641246032301e-06,1.5668295268783263,-0.7853199378452695,3.054490974311765e-05,0.1203475364633838,4.329110338324789e-06,0.1746630183609266,-3.813328205508918e-05,-0.05110413925729974,2.0451372153636563e-05,0.0011763773390511105,-31.82144303509492,0.31666527563080704,17.391014122331907,0.7411155863053825,1.9082548926577385,0.001809940810439998,0.0011763773390511105,-31.82144303509492,0.31666527563080704,17.391014122331907,0.7411155863053825,1.9082548926577385,0.001809940810439998
5.6710000000002285,2,1,1,2,0.0007068872135781714,5.112080764009766,5.1081837209496035,5.0,0.6526159033942238,-1.117344973665141e-05,0.43615260183008675,0.02885155296532769,1.1823545814516573e-05,-0.00019448261518828229,0.6575500099023631,-9.278129557961225e-06,0.004934106872160472,1.3677524139674349,0.09946499999999238,0.09946499999999238,1.0,-0.05210388652100812,-0.05212533931364021,0.0,0.0,0.0,-0.05210388652100812,-0.0,0.0,0.0,-0.17038984136058738,-0.17050320875490824,-0.24020294996782196,-0.24011005943901223,-0.24020294996782202,-0.18520294996782197,0.059797050032178424,-0.1105927913284078,0.0,0.24020294996782196,0.20685347986557684,1.0454758659754563e-06,0,0,0,0,0,inf,inf,0,0,0.0,1.1561255796364767,-1.1493543442377746e-05,0.31651949208124625,-9.906871512776937e-06,-1.2259255796364767,8.053914846351424e-06,1.5663191219929427,-0.7853197305761566,2.9839025307400713e-05,0.12027543830892123,4.77036364140082e-06,0.1746537350017789,-3.831814567777209e-05,-0.05098952648109289,2.0930509583027743e-05,0.0010942594828537925,-31.847599278431804,0.31775984288488823,17.387492441767307,0.7410919996843716,1.9088647741322684,0.0018121038966554441,0.0010942594828537925,-31.847599278431804,0.31775984288488823,17.387492441767307,0.7410919996843716,1.9088647741322684,0.0018121038966554441
5.681000000000232,2,1,1,2,0.0007043909162288966,5.114008409126989,5.108824295027956,5.0,0.6529043571029437,-1.1056690373186967e-05,0.4361507370849307,0.028837112129608003,1.1551528000422853e-05,-0.00018382215948264268,0.6578500099023631,-9.278129557961225e-06,0.004945653119223323,1.3697484609668455,0.09976499999999235,0.09976499999999235,1.0,-0.05212114896949362,-0.052142391108182515,0.0,0.0,0.0,-0.05212114896949362,-0.0,0.0,0.0,-0.1709109735154047,-0.17102455427312824,-0.24020294996782196,-0.24011005943901223,-0.24020294996782202,-0.18520294996782197,0.059797050032178424,-0.11111392348322509,0.0,0.24020294996782196,0.20685347986557684,1.0585670664500297e-06,0,0,0,0,0,inf,inf,0,0,0.0,1.1543790341875648,-1.1199426156513833e-05,0.31772189078641455,-9.856955149694723e-06,-1.224179034187565,7.67051899911636e-06,1.5658098228682835,-0.7853195192900074,2.9050548532321688e-05,0.12021203436733566,5.166367777702241e-06,0.17465703910858021,-3.8333027673149735e-05,-0.050882210806304236,2.1270909910387503e-05,0.0010161849025276857,-31.87369655269311,0.3188565744317718,17.383924534284084,0.7410679534434659,1.9094541279523234,0.0018142763728096845,0.0010161849025276857,-31.87369655269311,0.3188565744317718,17.383924534284084,0.7410679534434659,1.9094541279523234,0.0018142763728096845
5.691000000000235,2,1,1,2,0.0007019680550359999,5.116022374548883,5.109642780992839,5.0,0.6531926718113447,-1.0942821449089186e-05,0.4361489773336268,0.028823633402139774,1.1249315074273995e-05,-0.00017344924683003287,0.658150009902363,-9.278129557961225e-06,0.004957338370523135,1.3718431287144892,0.10006499999999231,0.10006499999999231,1.0,-0.0521402840728746,-0.05216132268306101,0.0,0.0,0.0,-0.0521402840728746,-0.0,0.0,0.0,-0.17143228880945133,-0.17154608086332504,-0.24020294996782196,-0.24011005943901223,-0.24020294996782202,-0.18520294996782197,0.059797050032178424,-0.11163523877727168,0.0,0.24020294996782196,0.20685347986557684,1.0715523357789955e-06,0,0,0,0,0,inf,inf,0,0,0.0,1.1526323899305984,-1.091359770666833e-05,0.31892370085895116,-9.803298780578516e-06,-1.2224323899305984,7.287823378961632e-06,1.5653015580747733,-0.7853193053002298,2.819017224039555e-05,0.12015681165781172,5.523228261700203e-06,0.1746721937433088,-3.819619952041918e-05,-0.05078191290901517,2.1485921589371116e-05,0.0009421066310656415,-31.899738999150642,0.31995552137621075,17.380312555866738,0.7410435436406584,1.9100229604617938,0.001816476394095521,0.0009421066310656415,-31.899738999150642,0.31995552137621075,17.380312555866738,0.7410435436406584,1.9100229604617938,0.001816476394095521
5.7010000000002385,2,1,1,2,0.0006996163435656058,5.1181155264428595,5.110626456610351,5.0,0.6534808565545951,-1.083211596335731e-05,0.43614731970151566,0.02881101124797442,1.0922103919503499e-05,-0.0001633640776309013,0.658450009902363,-9.278129557961225e-06,0.0049691535907543626,1.3740345183005305,0.10036499999999228,0.10036499999999228,1.0,-0.05216104298149871,-0.05218188507044026,0.0,0.0,0.0,-0.05216104298149871,-0.0,0.0,0.0,-0.17195380458112974,-0.1720678059345066,-0.24020294996782196,-0.24011005943901223,-0.24020294996782202,-0.18520294996782197,0.059797050032178424,-0.11215675454895009,0.0,0.24020294996782196,0.20685347986557684,1.0844008976446447e-06,0,0,0,0,0,inf,inf,0,0,0.0,1.1508855322023361,-1.063672059974355e-05,0.3201250014372129,-9.74626350232646e-06,-1.2206855322023362,6.907249522487658e-06,1.564794258940361,-0.7853190897904487,2.726808940526425e-05,0.12010928858820795,5.84636190880808e-06,0.17469850692651545,-3.792487712522222e-05,-0.05068836005820668,2.1588215957487286e-05,0.0008719588321445726,-31.925730400618605,0.32105671429926724,17.37665853636282,0.7410188563360008,1.9105713418029862,0.0018187200323016694,0.0008719588321445726,-31.925730400618605,0.32105671429926724,17.37665853636282,0.7410188563360008,1.9105713418029862,0.0018187200323016694
5.711000000000242,2,1,1,2,0.0006973334899692254,5.120281256355906,5.111763381497383,5.0,0.6537689193633185,-1.0724797316094574e-05,0.43614576131761007,0.028799149282208978,1.0574662879473706e-05,-0.00015356580733057973,0.658750009902363,-9.278129557961225e-06,0.00498109074912375,1.3763207683882934,0.10066499999999225,0.10066499999999225,1.0,-0.05218319951933805,-0.05220385197452779,0.0,0.0,0.0,-0.05218319951933805,-0.0,0.0,0.0,-0.17247553580657107,-0.17258974453221945,-0.24020294996782196,-0.24011005943901223,-0.24020294996782202,-0.18520294996782197,0.059797050032178424,-0.11267848577439145,0.0,0.24020294996782196,0.20685347986557684,1.0970859119986604e-06,0,0,0,0,0,inf,inf,0,0,0.0,1.149138353022671,-1.0369358314283855e-05,0.32132586700852145,-9.68615979331922e-06,-1.2189383530226712,6.530052670455135e-06,1.5642878594812561,-0.7853188738214036,2.6293961426196573e-05,0.12006901330071908,6.140547764708813e-06,0.17473532937031566,-3.753520960748701e-05,-0.05060128669855374,2.1589766032161853e-05,0.0008056595568156506,-31.951674210868855,0.3221601657395516,17.372964386189842,0.7409939680755256,1.9110993996044652,0.0018210214288524142,0.0008056595568156506,-31.951674210868855,0.3221601657395516,17.372964386189842,0.7409939680755256,1.9110993996044652,0.0018210214288524142
5.721000000000245,2,1,1,2,0.0006951172056870727,5.122513446055392,5.113042360550561,5.0,0.6540568673511316,-1.0621043516082787e-05,0.4361442993244295,0.028787959555881194,1.021134610670771e-05,-0.00014405265912154804,0.659050009902363,-9.278129557961225e-06,0.0049931427318208625,1.378700058188894,0.10096499999999221,0.10096499999999221,1.0,-0.05220654840761297,-0.052227017994559304,0.0,0.0,0.0,-0.05220654840761297,-0.0,0.0,0.0,-0.1729974953164932,-0.17311190955538752,-0.24020294996782196,-0.24011005943901223,-0.24020294996782202,-0.18520294996782197,0.059797050032178424,-0.1132004452843136,0.0,0.24020294996782196,0.20685347986557684,1.1095841456218845e-06,0,0,0,0,0,inf,inf,0,0,0.0,1.1473907506800038,-1.0111980747889826e-05,0.3225263676976132,-9.62325361311884e-06,-1.217190750680004,6.15733244138193e-06,1.5637822963276589,-0.7853186583380016,2.527689547443669e-05,0.12003556206195845,6.4099775286850585e-06,0.1747820522511725,-3.70422798934105e-05,-0.0505204348873982,2.1501835037850386e-05,0.0007431132730648399,-31.977573581651523,0.3232658724834161,17.36923190268675,0.7409689463994139,1.9116073130308993,0.001823392943093632,0.0007431132730648399,-31.977573581651523,0.3232658724834161,17.36923190268675,0.7409689463994139,1.9116073130308993,0.001823392943093632
5.731000000000249,2,1,1,2,0.0006929652132443278,5.1248064344739,5.114452907695626,5.0,0.65434470679532,-1.0520991234975812e-05,0.4361429308867474,0.028777361892178884,9.836109813651679e-06,-0.00013482202873761148,0.6593500099023629,-9.278129557961225e-06,0.005005303261349798,1.3811706098723426,0.10126499999999218,0.10126499999999218,1.0,-0.052230903614353015,-0.052251196974039585,0.0,0.0,0.0,-0.052230903614353015,-0.0,0.0,0.0,-0.1735196939959954,-0.17363431195608256,-0.24020294996782196,-0.24011005943901223,-0.24020294996782202,-0.18520294996782197,0.059797050032178424,-0.11372264396381583,0.0,0.24020294996782196,0.20685347986557684,1.1218756520273644e-06,0,0,0,0,0,inf,inf,0,0,0.0,1.1456426293386117,-9.864969845852386e-06,0.3237265695392604,-9.557772003423448e-06,-1.2154426293386118,5.790043442505002e-06,1.56327750864582,-0.785318444176439,2.4225429935993605e-05,0.12000853770305894,6.658304902509236e-06,0.17483810503412928,-3.646011536982419e-05,-0.0504455546068048,2.133497333726155e-05,0.0006842131771950554,-32.00343138751073,0.32437381767149115,17.3654627761234,0.7409438503664245,1.9120953071871123,0.00182584529505091,0.0006842131771950554,-32.00343138751073,0.32437381767149115,17.3654627761234,0.7409438503664245,1.9120953071871123,0.00182584529505091
5.741000000000252,2,1,1,2,0.0006908752532065734,5.12715498666658,5.115985210190543,5.0,0.6546324432111413,-1.0424739690154653e-05,0.43614165319933795,0.028767283269975408,9.452529987859489e-06,-0.000125870581654419,0.6596500099023629,-9.278129557961225e-06,0.005017566822232745,1.3837306904831164,0.10156499999999215,0.10156499999999215,1.0,-0.05225609682179317,-0.052276220467819184,0.0,0.0,0.0,-0.05225609682179317,-0.0,0.0,0.0,-0.17404214096850348,-0.17415696092344188,-0.24020294996782196,-0.24011005943901223,-0.24020294996782202,-0.18520294996782197,0.059797050032178424,-0.1142450909363239,0.0,0.24020294996782196,0.20685347986557684,1.1339434891226217e-06,0,0,0,0,0,inf,inf,0,0,0.0,1.1438938986674496,-9.628625335196926e-06,0.32492653473558936,-9.489908203617282e-06,-1.2136938986674497,5.429005726352588e-06,1.5627734380575837,-0.7853182320713128,2.3147527020391975e-05,0.11998756811400942,6.888693408923435e-06,0.17490295335771736,-3.580170701038177e-05,-0.050376403969140275,2.1099022557908004e-05,0.0006288432961146488,-32.02925024856973,0.3254839727290343,17.36165859538129,0.7409187310871729,1.9125636478676993,0.0018283877022195183,0.0006288432961146488,-32.02925024856973,0.3254839727290343,17.36165859538129,0.7409187310871729,1.9125636478676993,0.0018283877022195183
5.751000000000255,2,1,1,2,0.0006888450903407553,5.129554264692814,5.1176300936725845,5.0,0.6549200814202035,-1.0332354344336634e-05,0.4361404634937854,0.028757657251793748,9.06382118592911e-06,-0.00011719434302607468,0.6599500099023629,-9.278129557961225e-06,0.005029928592637032,1.386378613421047,0.10186499999999211,0.10186499999999211,1.0,-0.05228197600342293,-0.05230193631909977,0.0,0.0,0.0,-0.05228197600342293,-0.0,0.0,0.0,-0.1745648437649979,-0.17467986405286795,-0.24020294996782196,-0.24011005943901223,-0.24020294996782202,-0.18520294996782197,0.059797050032178424,-0.11476779373281831,0.0,0.24020294996782196,0.20685347986557684,1.1457734390717337e-06,0,0,0,0,0,inf,inf,0,0,0.0,1.1421444734897344,-9.403170497366604e-06,0.32612632189865465,-9.41982629825682e-06,-1.2119444734897344,5.0749150162345686e-06,1.5622700285583813,-0.7853180226626556,2.2050571654819222e-05,0.11997230479525624,7.103862323334728e-06,0.17497609698667266,-3.507903553733393e-05,-0.05031274933241537,2.0803125803668624e-05,0.0005768803903902468,-32.055032551448214,0.32659629912774585,17.357820853323535,0.7408936322593205,1.9130126366465614,0.0018310280100468739,0.0005768803903902468,-32.055032551448214,0.32659629912774585,17.357820853323535,0.7408936322593205,1.9130126366465614,0.0018310280100468739
5.761000000000259,2,1,1,2,0.000686872519042008,5.131999800329815,5.1193789881016745,5.0,0.6552076256133605,-1.0243870412384192e-05,0.43613935904443357,0.02874842345341661,8.67285606433792e-06,-0.0001087887806968369,0.6602500099023628,-9.278129557961225e-06,0.005042384381483863,1.3891127395419918,0.10216499999999208,0.10216499999999208,1.0,-0.052308404103518405,-0.052328207338976404,0.0,0.0,0.0,-0.052308404103518405,-0.0,0.0,0.0,-0.17508780847958247,-0.17520302750156747,-0.24020294996782196,-0.24011005943901223,-0.24020294996782202,-0.18520294996782197,0.059797050032178424,-0.11529075844740289,0.0,0.24020294996782196,0.20685347986557684,1.1573537569686693e-06,0,0,0,0,0,inf,inf,0,0,0.0,1.1403942734526007,-9.188757921283913e-06,0.3273259862788537,-9.347665416906918e-06,-1.2101942734526008,4.72835263755279e-06,1.5617672264345004,-0.7853178165028419,2.09413758366943e-05,0.11996242146859216,7.306130449502547e-06,0.17505706783778782,-3.430310331954912e-05,-0.050254365339615685,2.0455742948888015e-05,0.0005281956709413982,-32.08078046846207,0.32771074998983013,17.35395095186798,0.74086859070002,1.913442606294486,0.0018337728155471268,0.0005281956709413982,-32.08078046846207,0.32771074998983013,17.35395095186798,0.74086859070002,1.913442606294486,0.0018337728155471268
5.771000000000262,2,1,1,2,0.0006849553680789702,5.134487469525082,5.121223894719733,5.0,0.6554950794085159,-1.015929617181785e-05,0.43613833717354267,0.028739527052463763,8.282185351419053e-06,-0.00010064888163819497,0.6605500099023628,-9.278129557961225e-06,0.0050549305706485735,1.3919314779262961,0.10246499999999205,0.10246499999999205,1.0,-0.05233525781230195,-0.05235491008166177,0.0,0.0,0.0,-0.05233525781230195,-0.0,0.0,0.0,-0.1756110399123792,-0.1757264561314179,-0.24020294996782196,-0.24011005943901223,-0.24020294996782202,-0.18520294996782197,0.059797050032178424,-0.11581398988019963,0.0,0.24020294996782196,0.20685347986557684,1.1686749412532622e-06,0,0,0,0,0,inf,inf,0,0,0.0,1.1386432227160808,-8.985475186487326e-06,0.3285255799797827,-9.273543509023468e-06,-1.2084432227160808,4.389795104043482e-06,1.5612649801803216,-0.7853176140633156,1.982618767458877e-05,0.11995761274850197,7.497457543666848e-06,0.17514542808269087,-3.348397084923504e-05,-0.050201034894506856,2.006467011426329e-05,0.00048265633724654,-32.10649597524527,0.32882727154033664,17.350050206779613,0.7408436368703081,1.9138539165146187,0.0018366275841313134,0.00048265633724654,-32.10649597524527,0.32882727154033664,17.350050206779613,0.7408436368703081,1.9138539165146187,0.0018366275841313134
5.781000000000265,2,1,1,2,0.0006830915047043853,5.137013468499044,5.1231573541173185,5.0,0.6557824459037166,-1.0078616069495298e-05,0.4361373952557123,0.028730918333390754,7.894058000984626e-06,-9.276922215748287e-05,0.6608500099023628,-9.278129557961225e-06,0.005067564061869701,1.3948332863580377,0.10276499999999202,0.10276499999999202,1.0,-0.05236242643024493,-0.05238193370901879,0.0,0.0,0.0,-0.05236242643024493,-0.0,0.0,0.0,-0.17613454170067033,-0.17625015364008245,-0.24020294996782196,-0.24011005943901223,-0.24020294996782202,-0.18520294996782197,0.059797050032178424,-0.1163374916684908,0.0,0.24020294996782196,0.20685347986557684,1.1797295114616826e-06,0,0,0,0,0,inf,inf,0,0,0.0,1.1368912496606214,-8.793350433435878e-06,0.32972515216014064,-9.197560718158027e-06,-1.2066912496606215,4.059623318958187e-06,1.560763240416094,-0.7853174157411039,1.8710704403553175e-05,0.11995759287442104,7.67948325704501e-06,0.17524076833003305,-3.2630796763501284e-05,-0.050152549084773394,1.9637062511753676e-05,0.00044012695012711955,-32.13218086692025,0.32994580441838917,17.346119852198804,0.7408187953875439,1.914246949986789,0.0018395967596440905,0.00044012695012711955,-32.13218086692025,0.32994580441838917,17.346119852198804,0.7408187953875439,1.914246949986789,0.0018395967596440905
5.791000000000269,2,1,1,2,0.0006812788381856663,5.1395742914039495,5.125172415474581,5.0,0.6560697277258828,-1.000179363014727e-05,0.436136530721638,0.028722552266477967,7.5104413089675035e-06,-8.514403222741015e-05,0.6611500099023627,-9.278129557961225e-06,0.005080282228021331,1.3978166715534823,0.10306499999999198,0.10306499999999198,1.0,-0.05238981081564213,-0.052409178938375905,0.0,0.0,0.0,-0.05238981081564213,-0.0,0.0,0.0,-0.17665831643914634,-0.1767741226812333,-0.24020294996782196,-0.24011005943901223,-0.24020294996782202,-0.18520294996782197,0.059797050032178424,-0.11686126640696683,0.0,0.24020294996782196,0.20685347986557684,1.1905118062401206e-06,0,0,0,0,0,inf,inf,0,0,0.0,1.135138286612332,-8.612357784888982e-06,0.33092474922329096,-9.119802380759735e-06,-1.2049382866123322,3.7381313608441057e-06,1.5602619598067242,-0.7853172218650891,1.760008871908191e-05,0.11996209450376605,7.853563521298556e-06,0.1753427058884603,-3.175188049743096e-05,-0.05010870706196244,1.917945993914869e-05,0.00040047064889941764,-32.15783677293774,0.33106628485524386,17.342161044920022,0.7407940855227063,1.9146221087073088,0.0018426838673488589,0.00040047064889941764,-32.15783677293774,0.33106628485524386,17.342161044920022,0.7407940855227063,1.9146221087073088,0.0018426838673488589
5.801000000000272,2,1,1,2,0.000679515322796447,5.142166709457471,5.12726260702255,5.0,0.656356927075506,-9.928774162247648e-06,0.43613574106125197,0.02871438811851362,7.133040804046123e-06,-7.776725427793519e-05,0.6614500099023627,-9.278129557961225e-06,0.005093082868416854,1.4008801891726723,0.10336499999999195,0.10336499999999195,1.0,-0.05241732240991293,-0.0524365570680919,0.0,0.0,0.0,-0.05241732240991293,-0.0,0.0,0.0,-0.1771823657900613,-0.17729836497468465,-0.24020294996782196,-0.24011005943901223,-0.24020294996782202,-0.18520294996782197,0.059797050032178424,-0.11738531575788182,0.0,0.24020294996782196,0.20685347986557684,1.2010178050823023e-06,0,0,0,0,0,inf,inf,0,0,0.0,1.1333842695851613,-8.442422588522059e-06,0.33212441499508366,-9.040341675338032e-06,-1.2031842695851613,3.425534832118322e-06,1.559761092981964,-0.7853170327020125,1.649898782998013e-05,0.1199708675651102,8.020804348312412e-06,0.17545088311082074,-3.085470676659144e-05,-0.050069315886420086,1.869781428178206e-05,0.00036355022492433434,-32.18346517069205,0.332188645728861,17.338174868434663,0.7407695216801727,1.9149798106120863,0.0018458916102000833,0.00036355022492433434,-32.18346517069205,0.332188645728861,17.338174868434663,0.7407695216801727,1.9149798106120863,0.0018458916102000833
5.811000000000275,2,1,1,2,0.0006777989603173598,5.14478775146036,5.129421907753197,5.0,0.656644045767614,-9.859487267933886e-06,0.436135023826306,0.02870638909299354,6.763319755914952e-06,-7.063259678722277e-05,0.6617500099023627,-9.278129557961225e-06,0.005105964167844894,1.4040224436437028,0.10366499999999192,0.10366499999999192,1.0,-0.05244488233527239,-0.0524639890755635,0.0,0.0,0.0,-0.05244488233527239,-0.0,0.0,0.0,-0.17770669058404373,-0.17782288140718455,-0.24020294996782196,-0.24011005943901223,-0.24020294996782202,-0.18520294996782197,0.059797050032178424,-0.11790964055186423,0.0,0.24020294996782196,0.20685347986557684,1.211244952929312e-06,0,0,0,0,0,inf,inf,0,0,0.0,1.1316291380391816,-8.283426456625449e-06,0.333324190890537,-8.959241947820137e-06,-1.2014291380391817,3.1219787560647755e-06,1.5592605964583084,-0.7853168484621946,1.5411554685908108e-05,0.11998367817047405,8.182093053246404e-06,0.17556496581928788,-2.9945991179020562e-05,-0.05003419034430825,1.8197518459945652e-05,0.00032922906120865826,-32.20906739801481,0.3333128175027631,17.33416233675371,0.7407451138574298,1.9153204864715474,0.0018492219582562901,0.00032922906120865826,-32.20906739801481,0.3333128175027631,17.33416233675371,0.7407451138574298,1.9153204864715474,0.0018492219582562901
5.821000000000279,2,1,1,2,0.0006761278020876163,5.147434685619865,5.13164472039165,5.0,0.6569310852692981,-9.793849161412542e-06,0.43613437663244614,0.028698521997785283,6.402518170595223e-06,-6.37335829970407e-05,0.6620500099023626,-9.278129557961225e-06,0.005118924659043282,1.4072420878277827,0.10396499999999188,0.10396499999999188,1.0,-0.05247242055998792,-0.05249140478284072,0.0,0.0,0.0,-0.05247242055998792,-0.0,0.0,0.0,-0.1782312909122595,-0.17834767212456254,-0.24020294996782196,-0.24011005943901223,-0.24020294996782202,-0.18520294996782197,0.059797050032178424,-0.11843424088007999,0.0,0.24020294996782196,0.20685347986557684,1.2211920024705605e-06,0,0,0,0,0,inf,inf,0,0,0.0,1.1298728346541835,-8.135212083882244e-06,0.33452411606996013,-8.87655873866885e-06,-1.1996728346541836,2.8275450143611165e-06,1.5587604285628496,-0.7853166693049617,1.4341470889014744e-05,0.1200003075853842,8.33812694217354e-06,0.17568464181044918,-2.9031726372065968e-05,-0.05000315274280403,1.7683436330171314e-05,0.00029737194770178635,-32.23464466463654,0.3344387290570086,17.330124398022598,0.7407208680833192,1.9156445770450565,0.0018526762319119013,0.00029737194770178635,-32.23464466463654,0.3344387290570086,17.330124398022598,0.7407208680833192,1.9156445770450565,0.0018526762319119013
5.831000000000282,2,1,1,2,0.0006744999506418095,5.150105002599693,5.133925845631322,5.0,0.6572180467340466,-9.731764798527287e-06,0.4361337971608215,0.028690756938327688,6.0516711682435495e-06,-5.706359507186946e-05,0.6623500099023626,-9.278129557961225e-06,0.0051319631883653275,1.4105378225465282,0.10426499999999185,0.10426499999999185,1.0,-0.052499875126634954,-0.05251874208524043,0.0,0.0,0.0,-0.052499875126634954,-0.0,0.0,0.0,-0.1787561662105776,-0.17887273661588293,-0.24020294996782196,-0.24011005943901223,-0.24020294996782202,-0.18520294996782197,0.059797050032178424,-0.11895911617839813,0.0,0.24020294996782196,0.20685347986557684,1.230858872216206e-06,0,0,0,0,0,inf,inf,0,0,0.0,1.128115305117786,-7.997587828844503e-06,0.33572422758508635,-8.792341536770397e-06,-1.197915305117786,2.542259322830764e-06,1.5582605493592716,-0.7853164953437698,1.3291970849809095e-05,0.12002055125509897,8.489439530025018e-06,0.17580961943889079,-2.8117228152381623e-05,-0.04997603268869933,1.7159933120088867e-05,0.000267845784108221,-32.26019806270341,0.3355663084208346,17.32606193794061,0.7406967868337061,1.9159525304800056,0.001856255178570664,0.000267845784108221,-32.26019806270341,0.3355663084208346,17.32606193794061,0.7406967868337061,1.9159525304800056,0.001856255178570664
5.841000000000285,2,1,1,2,0.0006729135609778994,5.15279639971958,5.136260457622318,5.0,0.6575049310331543,-9.673129829157657e-06,0.436133283159279,0.028683067034556354,5.711626658502707e-06,-5.0615914002734916e-05,0.6626500099023626,-9.278129557961225e-06,0.005145078884370798,1.413908395994274,0.10456499999999182,0.10456499999999182,1.0,-0.05252719143906104,-0.052545946238661614,0.0,0.0,0.0,-0.05252719143906104,-0.0,0.0,0.0,-0.17928131533634517,-0.17939807379021136,-0.24020294996782196,-0.24011005943901223,-0.24020294996782202,-0.18520294996782197,0.059797050032178424,-0.11948426530416575,0.0,0.24020294996782196,0.20685347986557684,1.2402465136760069e-06,0,0,0,0,0,inf,inf,0,0,0.0,1.1263564979272875,-7.870332048852751e-06,0.33692456051577013,-8.706635284318379e-06,-1.1961564979272876,2.2660977478333197e-06,1.5577609205761305,-0.7853163266510215,1.2265866796504487e-05,0.12004421788520922,8.636424377494592e-06,0.17593962627740298,-2.720718120315775e-05,-0.04995266685484819,1.6630906015860207e-05,0.00024052017796587135,-32.28572857642523,0.33669548341339495,17.321975782997473,0.7406728694238196,1.9162447999448502,0.0018599590433878359,0.00024052017796587135,-32.28572857642523,0.33669548341339495,17.321975782997473,0.7406728694238196,1.9162447999448502,0.0018599590433878359
5.851000000000289,2,1,1,2,0.0006713668414831389,5.155506766234442,5.138644080694931,5.0,0.6577917387844143,-9.617832374304075e-06,0.43613283244317735,0.028675428159847048,5.383062251171825e-06,-4.43837555529343e-05,0.6629500099023625,-9.278129557961225e-06,0.005158271129133924,1.4173526030527717,0.10486499999999178,0.10486499999999178,1.0,-0.052554321603992205,-0.052572969201579806,0.0,0.0,0.0,-0.052554321603992205,-0.0,0.0,0.0,-0.17980673663833519,-0.17992368204655793,-0.24020294996782196,-0.24011005943901223,-0.24020294996782202,-0.18520294996782197,0.059797050032178424,-0.12000968660615573,0.0,0.24020294996782196,0.20685347986557684,1.2493567894739616e-06,0,0,0,0,0,inf,inf,0,0,0.0,1.1245963642045052,-7.753197181803995e-06,0.33812514809777944,-8.619481655957143e-06,-1.1943963642045052,1.998992769759641e-06,1.557261505537519,-0.7853161632625796,1.1265574292061726e-05,0.12007112857467238,8.77935664803302e-06,0.1760744078516006,-2.630568398306714e-05,-0.049932898738276076,1.6099814597945914e-05,0.00021526794842091038,-32.3112370909265,0.3378261822009699,17.317866703537817,0.7406491123767317,1.9165218414824807,0.0018637876341527709,0.00021526794842091038,-32.3112370909265,0.3378261822009699,17.317866703537817,0.7406491123767317,1.9165218414824807,0.0018637876341527709
5.861000000000292,2,1,1,2,0.000669858054556354,5.158234169623446,5.1410725672929285,5.0,0.6580784703783178,-9.56575464089958e-06,0.43613244289586434,0.028667818700394924,5.066501351986837e-06,-3.8360302523104026e-05,0.6632500099023625,-9.278129557961225e-06,0.005171539532043109,1.4208692845246869,0.10516499999999175,0.10516499999999175,1.0,-0.05258122382357024,-0.05259976902793943,0.0,0.0,0.0,-0.05258122382357024,-0.0,0.0,0.0,-0.1803324280203936,-0.1804495593375233,-0.24020294996782196,-0.24011005943901223,-0.24020294996782202,-0.18520294996782197,0.059797050032178424,-0.12053537798821412,0.0,0.24020294996782196,0.20685347986557684,1.2581923610636433e-06,0,0,0,0,0,inf,inf,0,0,0.0,1.1228348575228666,-7.645913571378368e-06,0.3393260218421978,-8.530920134371682e-06,-1.1926348575228667,1.740838903391917e-06,1.5567622690961793,-0.785316005181977,1.0293137958038734e-05,0.12010111599924428,8.918412497844398e-06,0.17621372644651165,-2.5416292518109265e-05,-0.04991657841311685,1.556971086584368e-05,0.00019196554252140437,-32.33672440036638,0.33895833377632584,17.313735416663896,0.7406255097677821,1.916784112071077,0.0018677403808265523,0.00019196554252140437,-32.33672440036638,0.33895833377632584,17.313735416663896,0.7406255097677821,1.916784112071077,0.0018677403808265523
5.871000000000295,2,1,1,2,0.0006683855169542776,5.160976842824729,5.143542077085881,5.0,0.6583651260019504,-9.516774378511813e-06,0.4361321124688483,0.02866021933353939,4.7623284145711815e-06,-3.25387336040577e-05,0.6635500099023625,-9.278129557961225e-06,0.005184883905904108,1.4244573263004339,0.10546499999999172,0.10546499999999172,1.0,-0.052607861835263246,-0.052626309307407096,0.0,0.0,0.0,-0.052607861835263246,-0.0,0.0,0.0,-0.1808583869992756,-0.18097570322713724,-0.24020294996782196,-0.24011005943901223,-0.24020294996782202,-0.18520294996782197,0.059797050032178424,-0.12106133696709609,0.0,0.24020294996782196,0.20685347986557684,1.2667565892868473e-06,0,0,0,0,0,inf,inf,0,0,0.0,1.1210719337460557,-7.548193035142487e-06,0.3405272116469273,-8.440988903317109e-06,-1.1908719337460558,1.4914978876646302e-06,1.5562631775691054,-0.785315852384331,9.350257141244895e-06,0.12013402364320194,9.053686422761999e-06,0.1763573599825012,-2.454206283042859e-05,-0.04990356228107188,1.5043268620791343e-05,0.00017049337471262337,-32.362191215387696,0.3400918683689355,17.30958258898615,0.7406020535453698,1.9170320678795931,0.0018718163897668175,0.00017049337471262337,-32.362191215387696,0.3400918683689355,17.30958258898615,0.7406020535453698,1.9170320678795931,0.0018718163897668175
5.881000000000299,2,1,1,2,0.0006669475998903043,5.163733172354787,5.14604905722542,5.0,0.6586517056607706,-9.470766188815438e-06,0.4361318391816986,0.028652612823641954,4.470803326221891e-06,-2.6912249071221434e-05,0.6638500099023624,-9.278129557961225e-06,0.005198304245161169,1.4281156584708057,0.10576499999999169,0.10576499999999169,1.0,-0.05263420439579826,-0.052652558649667135,0.0,0.0,0.0,-0.05263420439579826,-0.0,0.0,0.0,-0.18138461075712534,-0.18150211094334429,-0.24020294996782196,-0.24011005943901223,-0.24020294996782202,-0.18520294996782197,0.059797050032178424,-0.12158756072494582,0.0,0.24020294996782196,0.20685347986557684,1.2750534393999915e-06,0,0,0,0,0,inf,inf,0,0,0.0,1.119307550877529,-7.459732177357613e-06,0.3417287459007656,-8.34972557783557e-06,-1.189107550877529,1.2508034595247633e-06,1.5557641986756403,-0.7853157048199667,8.438311299688231e-06,0.12016970507721472,9.185206687063285e-06,0.17650510095777047,-2.3685591815256782e-05,-0.04989371282163954,1.4522812033500365e-05,0.0001507360948798773,-32.38763816994986,0.34122671779056074,17.30540883923093,0.74057873382802,1.9172661627064826,0.001876014492949503,0.0001507360948798773,-32.38763816994986,0.34122671779056074,17.30540883923093,0.74057873382802,1.9172661627064826,0.001876014492949503
5.891000000000302,2,1,1,2,0.0006655427289160845,5.166501687251978,5.14859022370695,5.0,0.658938209198437,-9.42760269687569e-06,0.43613162112170756,0.028644983834230846,4.192074920605385e-06,-2.147409356070136e-05,0.6641500099023624,-9.278129557961225e-06,0.005211800706068777,1.4318432543959594,0.10606499999999165,0.10606499999999165,1.0,-0.05266022480620555,-0.05267849020974785,0.0,0.0,0.0,-0.05266022480620555,-0.0,0.0,0.0,-0.18191109618902385,-0.18202877942556103,-0.24020294996782196,-0.24011005943901223,-0.24020294996782202,-0.18520294996782197,0.059797050032178424,-0.12211404615684429,0.0,0.24020294996782196,0.20685347986557684,1.283087397112066e-06,0,0,0,0,0,inf,inf,0,0,0.0,1.1175416689202542,-7.380215450389596e-06,0.3429306515805042,-8.257167790127865e-06,-1.1873416689202543,1.0185657283372782e-06,1.5552653014780655,-0.7853155624177612,7.558384914905238e-06,0.12020802328021427,9.312948963803247e-06,0.1766567554545912,-2.284905640519169e-05,-0.04988689834393536,1.4010343252299571e-05,0.00013258279328792064,-32.41306582759629,0.3423628157230176,17.301214740714393,0.7405555391785328,1.9174868465901704,0.0018803332927787208,0.00013258279328792064,-32.41306582759629,0.3423628157230176,17.301214740714393,0.7405555391785328,1.9174868465901704,0.0018803332927787208
5.901000000000305,2,1,1,2,0.0006641693836030573,5.1692810487943746,5.151162543795903,5.0,0.6592246363148392,-9.387155590797269e-06,0.43613145644333456,0.028637318755198413,3.926193619448954e-06,-1.621757615586081e-05,0.6644500099023624,-9.278129557961225e-06,0.005225373588660574,1.4356391297412867,0.10636499999999162,0.10636499999999162,1.0,-0.05268590047475943,-0.05270408125129762,0.0,0.0,0.0,-0.05268590047475943,-0.0,0.0,0.0,-0.18243783994599755,-0.1825557053676967,-0.24020294996782196,-0.24011005943901223,-0.24020294996782202,-0.18520294996782197,0.059797050032178424,-0.12264078991381804,0.0,0.24020294996782196,0.20685347986557684,1.2908633936628317e-06,0,0,0,0,0,inf,inf,0,0,0.0,1.1157742497460499,-7.309317970354192e-06,0.34413295434147795,-8.163353648245728e-06,-1.18557424974605,7.945751685691921e-07,1.5547664563246555,-0.7853154250882171,6.711291771565984e-06,0.1202488500031194,9.436848317542671e-06,0.1768121422063928,-2.2034250915743508e-05,-0.04988299274163759,1.3507568931850878e-05,0.0001159271499127987,-32.43847468720328,0.34350009795449116,17.297000823688496,0.740532456856072,1.917694564577192,0.0018847712023527252,0.0001159271499127987,-32.43847468720328,0.34350009795449116,17.297000823688496,0.740532456856072,1.917694564577192,0.0018847712023527252
5.911000000000309,2,1,1,2,0.0006628234294803461,5.172070040934388,5.153763219476112,5.0,0.6595109865824782,-9.349296540477796e-06,0.43613134336746817,0.028629605543933477,3.6731232111337317e-06,-1.11360879975676e-05,0.6647500099023623,-9.278129557961225e-06,0.005239023320367495,1.4395023414879757,0.10666499999999159,0.10666499999999159,1.0,-0.05271121251540246,-0.05272931274527657,0.0,0.0,0.0,-0.05271121251540246,-0.0,0.0,0.0,-0.1829648384738544,-0.18308288525700453,-0.24020294996782196,-0.24011005943901223,-0.24020294996782202,-0.18520294996782197,0.059797050032178424,-0.12316778844167488,0.0,0.24020294996782196,0.20685347986557684,1.2983867311398345e-06,0,0,0,0,0,inf,inf,0,0,0.0,1.1140052569739323,-7.246708094079366e-06,0.34533567860197234,-8.068322083480578e-06,-1.1838052569739324,5.786062494195139e-07,1.554267634795161,-0.7853152927262756,5.897598471654285e-06,0.120292065172302,9.556809656450804e-06,0.17697109172281314,-2.124262249137204e-05,-0.04988187525226637,1.3015925601321425e-05,0.00010066753226061785,-32.46386518825224,0.3446385025676259,17.29276757756889,0.7405094730460868,1.9178897556403616,0.0018893264817085665,0.00010066753226061785,-32.46386518825224,0.3446385025676259,17.29276757756889,0.7405094730460868,1.9178897556403616,0.0018893264817085665
5.921000000000312,2,1,1,2,0.0006615021160007164,5.174867561406728,5.156389671876712,5.0,0.6597972594613335,-9.313898003047948e-06,0.4361312801805217,0.028621833579339413,3.4327517825915794e-06,-6.223117621433179e-06,0.6650500099023623,-9.278129557961225e-06,0.005252750441150579,1.443431986925787,0.10696499999999155,0.10696499999999155,1.0,-0.052736145378889265,-0.052754169001357404,0.0,0.0,0.0,-0.052736145378889265,-0.0,0.0,0.0,-0.1834920880481855,-0.18361031540910142,-0.24020294996782196,-0.24011005943901223,-0.24020294996782202,-0.18520294996782197,0.059797050032178424,-0.12369503801600595,0.0,0.24020294996782196,0.20685347986557684,1.3056630223399842e-06,0,0,0,0,0,inf,inf,0,0,0.0,1.1122346558569065,-7.192049765641643e-06,0.34653884762187387,-7.972113101060443e-06,-1.1820346558569066,3.704207206683198e-07,1.5537688096486681,-0.7853151652138857,5.1176470768604525e-06,0.12033755633071636,9.672716779432839e-06,0.17713344546983453,-2.047530460370886e-05,-0.04988343022178349,1.253660381267545e-05,8.670704965823401e-05,-32.489237715665155,0.34577797008636707,17.28851545304909,0.7404865730702513,1.9180728517325374,0.0018939972704931003,8.670704965823401e-05,-32.489237715665155,0.34577797008636707,17.28851545304909,0.7404865730702513,1.9180728517325374,0.0018939972704931003
5.931000000000315,2,1,1,2,0.0006602083946064255,5.177672613462957,5.15903952663354,5.0,0.6600834543123314,-9.280833923340749e-06,0.4361312652333855,0.028613993527774606,3.2049018273728037e-06,-1.4722642107415884e-06,0.6653500099023623,-9.278129557961225e-06,0.005266555590031558,1.4474272026347352,0.10726499999999152,0.10726499999999152,1.0,-0.05276068651445348,-0.052778637329840464,0.0,0.0,0.0,-0.05276068651445348,-0.0,0.0,0.0,-0.1840195848058484,-0.18413799199947153,-0.24020294996782196,-0.24011005943901223,-0.24020294996782202,-0.18520294996782197,0.059797050032178424,-0.1242225347736689,0.0,0.24020294996782196,0.20685347986557684,1.3126981335531981e-06,0,0,0,0,0,inf,inf,0,0,0.0,1.1104624131766685,-7.14500464167272e-06,0.3477424835759293,-7.8747679475213e-06,-1.1802624131766686,1.6977057435454426e-07,1.5532699547737834,-0.7853150424223361,4.37157679577764e-06,0.12038521811467169,9.784440141803895e-06,0.17729905510217675,-1.9733148583498507e-05,-0.049887546875248136,1.2070571018729157e-05,7.395356829739981e-05,-32.51459260423779,0.3469184435848682,17.284244864108974,0.740463741576029,1.9182442769688437,0.001898781616883046,7.395356829739981e-05,-32.51459260423779,0.3469184435848682,17.284244864108974,0.740463741576029,1.9182442769688437,0.001898781616883046
5.941000000000319,2,1,1,2,0.0006589409445966468,5.180484298186858,5.161710600141162,5.0,0.6603695704095348,-9.249980339057145e-06,0.4361312969402614,0.028606077220002732,2.9893395549350435e-06,3.1227510564582324e-06,0.6656500099023622,-9.278129557961225e-06,0.005280439492902445,1.4514871634608688,0.10756499999999149,0.10756499999999149,1.0,-0.052784826059651735,-0.052802707731691614,0.0,0.0,0.0,-0.052784826059651735,-0.0,0.0,0.0,-0.1845473247732237,-0.18466591109174535,-0.24020294996782196,-0.24011005943901223,-0.24020294996782202,-0.18520294996782197,0.059797050032178424,-0.12475027474104414,0.0,0.24020294996782196,0.20685347986557684,1.3194981299933699e-06,0,0,0,0,0,inf,inf,0,0,0.0,1.1086884971457047,-7.105234005354082e-06,0.34894660762196006,-7.776329206935206e-06,-1.1784884971457048,-2.3599298017899968e-08,1.5527710451410701,-0.7853149242143667,3.6593446519084375e-06,0.12043495176427772,9.891843454321778e-06,0.1774677817451648,-1.9016753180829224e-05,-0.049894119094145185,1.161859316863167e-05,6.231969259385469e-05,-32.53993014270513,0.34805986876351624,17.279956189922782,0.740440962708152,1.9184044469258097,0.0019036775033546196,6.231969259385469e-05,-32.53993014270513,0.34805986876351624,17.279956189922782,0.740440962708152,1.9184044469258097,0.0019036775033546196
5.951000000000322,2,1,1,2,0.0006576984953188527,5.183301807356205,5.164400886651673,5.0,0.6606556069511635,-9.221215893815234e-06,0.4361313737773899,0.028598077538327583,2.785783431320303e-06,7.568075400156063e-06,0.6659500099023622,-9.278129557961225e-06,0.005294402951504556,1.455611081491407,0.10786499999999145,0.10786499999999145,1.0,-0.05280855655628966,-0.05282637261468402,0.0,0.0,0.0,-0.05280855655628966,-0.0,0.0,0.0,-0.18507530389151472,-0.18519406866302426,-0.24020294996782196,-0.24011005943901223,-0.24020294996782202,-0.18520294996782197,0.059797050032178424,-0.12527825385933514,0.0,0.24020294996782196,0.20685347986557684,1.326069231635627e-06,0,0,0,0,0,inf,inf,0,0,0.0,1.1069128773163177,-7.072400479551747e-06,0.3501512399643567,-7.676840837024066e-06,-1.1767128773163178,-2.0994873313978032e-07,1.5522720567576784,-0.7853148104460699,2.98074508814058e-06,0.12048666466567116,9.994789229838607e-06,0.1776394953233691,-1.8326492178436316e-05,-0.049903045200768326,1.1181255002644965e-05,5.172271681087581e-05,-32.565250577467644,0.34920219399518526,17.275649776671543,0.7404182202618164,1.9185537680477314,0.0019086828694851853,5.172271681087581e-05,-32.565250577467644,0.34920219399518526,17.275649776671543,0.7404182202618164,1.9185537680477314,0.0019086828694851853
5.961000000000325,2,1,1,2,0.0006564798251746098,5.186124416809756,5.1671085461774835,5.0,0.660941563069532,-9.194422273443787e-06,0.43613149428168885,0.02858998831312593,2.5939119839314802e-06,1.1869716416167307e-05,0.6662500099023622,-9.278129557961225e-06,0.005308446833490138,1.4597982050329543,0.10816499999999142,0.10816499999999142,1.0,-0.0528318726906805,-0.05284962653381394,0.0,0.0,0.0,-0.0528318726906805,-0.0,0.0,0.0,-0.18560351803934255,-0.18572246062650188,-0.24020294996782196,-0.24011005943901223,-0.24020294996782202,-0.18520294996782197,0.059797050032178424,-0.12580646800716297,0.0,0.24020294996782196,0.20685347986557684,1.3324177688841286e-06,0,0,0,0,0,inf,inf,0,0,0.0,1.1051355244961187,-7.0461695498970426e-06,0.3513563999131626,-7.576348155110476e-06,-1.1749355244961188,-3.895401891313687e-07,1.5517729666240867,-0.7853147009685991,2.3354284786964134e-06,0.12054026992318811,1.0093143381134653e-05,0.17781407393339185,-1.7662540090510958e-05,-0.04991422774998572,1.0758979064604198e-05,4.208455147418088e-05,-32.590554116007354,0.3503453703456972,17.27132593926633,0.7403954978195378,1.9186926371530089,0.0019137956320758403,4.208455147418088e-05,-32.590554116007354,0.3503453703456972,17.27132593926633,0.7403954978195378,1.9186926371530089,0.0019137956320758403
5.971000000000329,2,1,1,2,0.0006552837605525988,5.1889514802847,5.169831893155905,5.0,0.6612274378400054,-9.169484564012254e-06,0.4361316570493252,0.028581804228059636,2.4133709043706756e-06,1.6033535492211182e-05,0.6665500099023621,-9.278129557961225e-06,0.005322572063465594,1.4640478175971554,0.10846499999999139,0.10846499999999139,1.0,-0.052854771056077866,-0.052872465953875444,0.0,0.0,0.0,-0.052854771056077866,-0.0,0.0,0.0,-0.18613196305286683,-0.18625108285161263,-0.24020294996782196,-0.24011005943901223,-0.24020294996782202,-0.18520294996782197,0.059797050032178424,-0.12633491302068725,0.0,0.24020294996782196,0.20685347986557684,1.338550146869455e-06,0,0,0,0,0,inf,inf,0,0,0.0,1.10335641066956,-7.026210908837788e-06,0.35256210593903486,-7.474897782833763e-06,-1.17315641066956,-5.626368854300991e-07,1.5512737526928873,-0.7853145956296902,1.7229185324194337e-06,0.1205956859597309,1.0186778970976324e-05,0.17799140325826682,-1.7024895991346904e-05,-0.04992757332856765,1.035204344159059e-05,3.333162824327422e-05,-32.61584093001829,0.3514893515717672,17.26698496298464,0.7403727788722573,1.9188214410286706,0.0019190137026231142,3.333162824327422e-05,-32.61584093001829,0.3514893515717672,17.26698496298464,0.7403727788722573,1.9188214410286706,0.0019190137026231142
5.981000000000332,2,1,1,2,0.0006541091746894703,5.191782423693752,5.172569385834555,5.0,0.6615132302890482,-9.146291544947669e-06,0.43613186073422266,0.028573520733303805,2.243779486719338e-06,2.0065242530650387e-05,0.6668500099023621,-9.278129557961225e-06,0.005336779614942355,1.468359236895804,0.10876499999999135,0.10876499999999135,1.0,-0.05287724993604362,-0.0528948890329686,0.0,0.0,0.0,-0.05287724993604362,-0.0,0.0,0.0,-0.18666063474364705,-0.18677993118192274,-0.24020294996782196,-0.24011005943901223,-0.24020294996782202,-0.18520294996782197,0.059797050032178424,-0.12686358471146747,0.0,0.24020294996782196,0.20685347986557684,1.3444728104091585e-06,0,0,0,0,0,inf,inf,0,0,0.0,1.1015755089251087,-7.012199631768749e-06,0.353768375724357,-7.372537557582302e-06,-1.1713755089251088,-7.295011709783924e-07,1.550774393829536,-0.7853144942750153,1.142628585212892e-06,0.1206528361436496,1.0275579208867621e-05,0.17817137602103394,-1.6413405536830544e-05,-0.04994299236215161,9.960598252665814e-06,2.539478786971428e-05,-32.64111115827443,0.35263409410037144,17.26262710502824,0.7403500469262995,1.9189405561108919,0.0019243350025111813,2.539478786971428e-05,-32.64111115827443,0.35263409410037144,17.26262710502824,0.7403500469262995,1.9189405561108919,0.0019243350025111813
5.991000000000335,2,1,1,2,0.0006529549864795195,5.194616739810758,5.175319616337928,5.0,0.66179893940145,-9.124735920323432e-06,0.43613210404652464,0.02856513396616459,2.084736435792997e-06,2.397039185014675e-05,0.6671500099023621,-9.278129557961225e-06,0.005351070503110692,1.472731813848856,0.10906499999999132,0.10906499999999132,1.0,-0.05289930910675463,-0.0529168954249082,0.0,0.0,0.0,-0.05289930910675463,-0.0,0.0,0.0,-0.18718952891444324,-0.18730900145096133,-0.24020294996782196,-0.24011005943901223,-0.24020294996782202,-0.18520294996782197,0.059797050032178424,-0.12739247888226365,0.0,0.24020294996782196,0.20685347986557684,1.3501922132159797e-06,0,0,0,0,0,inf,inf,0,0,0.0,1.0997927933876788,-7.003817196316261e-06,0.35497522621075817,-7.269316417707198e-06,-1.1695927933876789,-8.903931029701438e-07,1.550274869774986,-0.7853143967493772,5.938767890465451e-07,0.1207116484405334,1.0359439778769272e-05,0.17835389147515085,-1.582778124108534e-05,-0.049960398929887496,9.584680937743154e-06,1.8209151445683462e-05,-32.666364909257965,0.35377955698964875,17.258252596002173,0.740327285596114,1.9190503482370806,0.0019297574762274657,1.8209151445683462e-05,-32.666364909257965,0.35377955698964875,17.258252596002173,0.740327285596114,1.9190503482370806,0.0019297574762274657
6.001000000000339,2,1,1,2,0.0006518201592415054,5.1974539833355315,5.1780813013767055,5.0,0.6620845641267926,-9.104714495535402e-06,0.43613238575102364,0.028556640678517417,1.935825084956825e-06,2.775437915124836e-05,0.667450009902362,-9.278129557961225e-06,0.00536544577837186,1.4771649316076958,0.10936499999999129,0.10936499999999129,1.0,-0.05292094965703517,-0.05293848609935195,0.0,0.0,0.0,-0.05292094965703517,-0.0,0.0,0.0,-0.1877186413731383,-0.18783828949617423,-0.24020294996782196,-0.24011005943901223,-0.24020294996782202,-0.18520294996782197,0.059797050032178424,-0.1279215913409587,0.0,0.24020294996782196,0.20685347986557684,1.355714793448543e-06,0,0,0,0,0,inf,inf,0,0,0.0,1.0980082391559656,-7.000752355733902e-06,0.35618267364328043,-7.165284267739509e-06,-1.1678082391559657,-1.0455692191133335e-06,1.5497751611101405,-0.7853143028977576,7.59002129637536e-08,0.12077205508838613,1.0438270581979439e-05,0.1785388549295048,-1.5267621082415025e-05,-0.04997971058670346,9.224230363175289e-06,1.1713981518445553e-05,-32.69160226356498,0.3549257018773998,17.25386164132184,0.7403044786851807,1.9191511724678114,0.0019352791025517935,1.1713981518445553e-05,-32.69160226356498,0.3549257018773998,17.25386164132184,0.7403044786851807,1.9191511724678114,0.0019352791025517935
6.011000000000342,2,1,1,2,0.0006507036994504436,5.200293766312078,5.180853273563008,5.0,0.6623701033852277,-9.086128305315688e-06,0.436132704665563,0.028548038170529977,1.7966180586709153e-06,3.1422439438861735e-05,0.667750009902362,-9.278129557961225e-06,0.005379906520560396,1.48165800459432,0.10966499999999126,0.10966499999999126,1.0,-0.052942173824701406,-0.05295966317819416,0.0,0.0,0.0,-0.052942173824701406,-0.0,0.0,0.0,-0.1882479679449516,-0.18836779117116983,-0.24020294996782196,-0.24011005943901223,-0.24020294996782202,-0.18520294996782197,0.059797050032178424,-0.12845091791277202,0.0,0.24020294996782196,0.20685347986557684,1.36104694847473e-06,0,0,0,0,0,inf,inf,0,0,0.0,1.0962218222443547,-7.00270187715813e-06,0.35739073361141954,-7.060491829061401e-06,-1.1660218222443548,-1.195281487117169e-06,1.549275249222034,-0.7853142125662306,-4.1213211924710914e-07,0.12083399229473317,1.0511996966712526e-05,0.17872617730589385,-1.4732425514735149e-05,-0.05000084819311197,8.879099809825832e-06,5.852532949509844e-06,-32.71682327610993,0.35607249291681026,17.249454422550702,0.7402816102552104,1.919243372969221,0.0019408979040110759,5.852532949509844e-06,-32.71682327610993,0.35607249291681026,17.249454422550702,0.7402816102552104,1.919243372969221,0.0019408979040110759
6.021000000000345,2,1,1,2,0.0006496046554470827,5.203135753875111,5.1836344732960375,5.0,0.6626555560726236,-9.06888269699708e-06,0.43613305965942606,0.02853932423018215,1.6666814173847322e-06,3.497964580078094e-05,0.668050009902362,-9.278129557961225e-06,0.00539445383379662,1.4862104775599145,0.10996499999999122,0.10996499999999122,1.0,-0.05296298484782035,-0.05298042978688465,0.0,0.0,0.0,-0.05296298484782035,-0.0,0.0,0.0,-0.1887775044830988,-0.18889750235641176,-0.24020294996782196,-0.24011005943901223,-0.24020294996782202,-0.18520294996782197,0.059797050032178424,-0.1289804544509192,0.0,0.24020294996782196,0.20685347986557684,1.3661950167936538e-06,0,0,0,0,0,inf,inf,0,0,0.0,1.094433519529078,-7.009371155202048e-06,0.3585994210872508,-6.9549904807744715e-06,-1.164233519529078,-1.3397764158982439e-06,1.548775116271681,-0.7853141256027517,-8.711072255291439e-07,0.12089739995428492,1.0580560514070044e-05,0.17891577472694514,-1.422161296473514e-05,-0.05002373575240329,8.549068882794223e-06,5.718962680303051e-07,-32.742027978142275,0.35721989670212834,17.245031098671586,0.7402586646845645,1.9193272829502803,0.001946611954907913,5.718962680303051e-07,-32.742027978142275,0.35721989670212834,17.245031098671586,0.7402586646845645,1.9193272829502803,0.001946611954907913
6.031000000000349,2,1,1,2,0.0006485221161260093,5.205979660303633,5.186423941184445,5.0,0.6629409210651367,-9.052887376001897e-06,0.4361334496517124,0.028530497078119697,1.5455783210888164e-06,3.843090895196416e-05,0.6683500099023619,-9.278129557961225e-06,0.005409088841914943,1.490821824662053,0.11026499999999119,0.11026499999999119,1.0,-0.0529833868298987,-0.053000789919679644,0.0,0.0,0.0,-0.0529833868298987,-0.0,0.0,0.0,-0.1893072468780418,-0.1894274189685023,-0.24020294996782196,-0.24011005943901223,-0.24020294996782202,-0.18520294996782197,0.059797050032178424,-0.1295101968458622,0.0,0.24020294996782196,0.20685347986557684,1.3711652558855418e-06,0,0,0,0,0,inf,inf,0,0,0.0,1.0926433086983431,-7.020474711040703e-06,0.35980875046083843,-6.848832094850855e-06,-1.1624433086983432,-1.4792943138143836e-06,1.5482747451635062,-0.7853140418578348,-1.301957161235053e-06,0.12096222138585024,1.0643919443215362e-05,0.1791075681325452,-1.3734533897185159e-05,-0.05004830025508822,8.233854390240705e-06,-4.177163174465704e-06,-32.76721637909265,0.3583678821870704,17.240591807296354,0.7402356267174146,1.9194032246507833,0.0019524193878224857,-4.177163174465704e-06,-32.76721637909265,0.3583678821870704,17.240591807296354,0.7402356267174146,1.9194032246507833,0.0019524193878224857
6.041000000000352,2,1,1,2,0.0006474552096188682,5.208825245356329,5.189220810972928,5.0,0.6632261972232597,-9.038056416261706e-06,0.4361338736097178,0.028521555317428376,1.4328722459692281e-06,4.178097745974642e-05,0.6686500099023619,-9.278129557961225e-06,0.005423812684415346,1.495491548563065,0.11056499999999116,0.11056499999999116,1.0,-0.05300338461773939,-0.05302074831749384,0.0,0.0,0.0,-0.05300338461773939,-0.0,0.0,0.0,-0.1898371910654617,-0.18995753696818884,-0.24020294996782196,-0.24011005943901223,-0.24020294996782202,-0.18520294996782197,0.059797050032178424,-0.13004014103328213,0.0,0.24020294996782196,0.20685347986557684,1.3759638285282084e-06,0,0,0,0,0,inf,inf,0,0,0.0,1.0908511682061426,-7.035736586765895e-06,0.36101873557311465,-6.742068869069442e-06,-1.1606511682061427,-1.6140686800637462e-06,1.547774119516298,-0.7853139611851242,-1.7056489749356839e-06,0.12102840308726834,1.0702048691269912e-05,0.17930148292295336,-1.327048353082424e-05,-0.05007447153036273,7.933120253758591e-06,-8.440370254223132e-06,-32.79238846826179,0.3595164205962077,17.236136665814932,0.7402124815037525,1.9194715093717503,0.0019583183989214685,-8.440370254223132e-06,-32.79238846826179,0.3595164205962077,17.236136665814932,0.7402124815037525,1.9194715093717503,0.0019583183989214685
6.051000000000355,2,1,1,2,0.0006464031019708097,5.2116723108727925,5.19202430294239,5.0,0.6635113833953893,-9.024308242576595e-06,0.43613433054731665,0.028512497887929634,1.3281297888201717e-06,4.503443857110148e-05,0.6689500099023619,-9.278129557961225e-06,0.005438626512895512,1.5002191795496316,0.11086499999999112,0.11086499999999112,1.0,-0.053022983691016705,-0.05304031035750255,0.0,0.0,0.0,-0.053022983691016705,-0.0,0.0,0.0,-0.19036733303307496,-0.19048785236721372,-0.24020294996782196,-0.24011005943901223,-0.24020294996782202,-0.18520294996782197,0.059797050032178424,-0.13057028300089538,0.0,0.24020294996782196,0.20685347986557684,1.3805967903863618e-06,0,0,0,0,0,inf,inf,0,0,0.0,1.0890570772294956,-7.05489064438856e-06,0.3622293897464011,-6.6347531606905435e-06,-1.1588570772294957,-1.7443257162042852e-06,1.5472732236356046,-0.7853138834418735,-2.0831755828117603e-06,0.12109589450719407,1.075493972025135e-05,0.1794974486268708,-1.2828713287830307e-05,-0.050102182104417796,7.646486497257536e-06,-1.2260106218422324e-05,-32.81754421636497,0.3606654853320681,17.231665772487972,0.7401892146319576,1.9195324375457428,0.0019643072521036585,-1.2260106218422324e-05,-32.81754421636497,0.3606654853320681,17.231665772487972,0.7401892146319576,1.9195324375457428,0.0019643072521036585
6.061000000000359,2,1,1,2,0.0006453649958211008,5.214520697619159,5.1948337177544,5.0,0.6637964784209669,-9.011565584050392e-06,0.43613481952335886,0.028503324024641244,1.2309230913819515e-06,4.819571957222056e-05,0.6692500099023618,-9.278129557961225e-06,0.005453531487909645,1.5050042746747665,0.11116499999999109,0.11116499999999109,1.0,-0.053042190062640465,-0.05305948195346408,0.0,0.0,0.0,-0.053042190062640465,-0.0,0.0,0.0,-0.1908976688264055,-0.19101836123412042,-0.24020294996782196,-0.24011005943901223,-0.24020294996782202,-0.18520294996782197,0.059797050032178424,-0.1311006187942259,0.0,0.24020294996782196,0.20685347986557684,1.3850700794090685e-06,0,0,0,0,0,inf,inf,0,0,0.0,1.0872610156288798,-7.07768077842935e-06,0.36344072581273607,-6.526937323349025e-06,-1.1570610156288799,-1.870283945595137e-06,1.5467720424875133,-0.7853138084893391,-2.43554751735713e-06,0.12116464783263735,1.080260009705499e-05,0.17969539859282926,-1.2408441059627383e-05,-0.050131367065348716,7.3735373682335285e-06,-1.567557587902313e-05,-32.84268357694443,0.3618150518780736,17.227179207485108,0.7401658121535443,1.9195862988409715,0.001970384282201263,-1.567557587902313e-05,-32.84268357694443,0.3618150518780736,17.227179207485108,0.7401658121535443,1.9195862988409715,0.001970384282201263
6.071000000000362,2,1,1,2,0.000644340129088066,5.21737028236271,5.197648430712195,5.0,0.6640814811332157,-8.999755408247373e-06,0.43613533964007745,0.028494033220068018,1.140831917292766e-06,5.126908961350634e-05,0.6695500099023618,-9.278129557961225e-06,0.005468528776231337,1.5098464169216426,0.11146499999999106,0.11146499999999106,1.0,-0.05306101018891983,-0.053078269465939874,0.0,0.0,0.0,-0.05306101018891983,-0.0,0.0,0.0,-0.1914281945536152,-0.1915490596991175,-0.24020294996782196,-0.24011005943901223,-0.24020294996782202,-0.18520294996782197,0.059797050032178424,-0.13163114452143562,0.0,0.24020294996782196,0.20685347986557684,1.3893895003487495e-06,0,0,0,0,0,inf,inf,0,0,0.0,1.0854629639116287,-7.103861050593479e-06,0.3646527561401585,-6.418673549198155e-06,-1.1552629639116287,-1.992153929352442e-06,1.546270561673744,-0.7853137361930973,-2.7637855047830587e-06,0.1212346177912238,1.0845052887873157e-05,0.17989526970236142,-1.2008860367882672e-05,-0.05016196393443463,7.113828650120253e-06,-1.8722973088277672e-05,-32.86780648765964,0.36296509769994484,17.222677033872596,0.7401422606022289,1.9196333722971977,0.0019765478972756908,-1.8722973088277672e-05,-32.86780648765964,0.36296509769994484,17.222677033872596,0.7401422606022289,1.9196333722971977,0.0019765478972756908
6.0810000000003654,2,1,1,2,0.0006433277736704037,5.220220975157139,5.200467886412006,5.0,0.6643663903615302,-8.988808834455514e-06,0.43613589004152414,0.028484625190009435,1.0574454100957994e-06,5.425866194068369e-05,0.6698500099023618,-9.278129557961225e-06,0.005483619548463953,1.5147452143912308,0.11176499999999102,0.11176499999999102,1.0,-0.053079450888860936,-0.053096679621492233,0.0,0.0,0.0,-0.053079450888860936,-0.0,0.0,0.0,-0.1919589063894871,-0.19207994395809547,-0.24020294996782196,-0.24011005943901223,-0.24020294996782202,-0.18520294996782197,0.059797050032178424,-0.1321618563573075,0.0,0.24020294996782196,0.20685347986557684,1.3935607244333168e-06,0,0,0,0,0,inf,inf,0,0,0.0,1.0836629031980813,-7.1331957545597865e-06,0.3658654926570914,-6.310013717956803e-06,-1.1534629031980814,-2.1101380682163864e-06,1.5457687674079972,-0.7853136664232921,-3.068913824713881e-06,0.12130576146719947,1.0882335904061233e-05,0.18009700210349716,-1.1629148500859767e-05,-0.05019391254356213,6.866894213115518e-06,-2.1435645253585654e-05,-32.89291287146657,0.3641156021449233,17.218159298550276,0.7401185470066771,1.9196739264856526,0.0019827965801238103,-2.1435645253585654e-05,-32.89291287146657,0.3641156021449233,17.218159298550276,0.7401185470066771,1.9196739264856526,0.0019827965801238103
6.091000000000369,2,1,1,2,0.0006423272341576072,5.223072716826639,5.203291593759777,5.0,0.664651204933534,-8.978661031715688e-06,0.4361364699120208,0.028475099842603938,9.803635622323131e-07,5.716839647633674e-05,0.6701500099023617,-9.278129557961225e-06,0.005498804976982335,1.5197002995119868,0.11206499999999099,0.11206499999999099,1.0,-0.05309751927171631,-0.05311471944025073,0.0,0.0,0.0,-0.05309751927171631,-0.0,0.0,0.0,-0.192489800578647,-0.19261101027588132,-0.24020294996782196,-0.24011005943901223,-0.24020294996782202,-0.18520294996782197,0.059797050032178424,-0.13269275054646743,0.0,0.24020294996782196,0.20685347986557684,1.3975892761527662e-06,0,0,0,0,0,inf,inf,0,0,0.0,1.081860815190298,-7.1654594184482365e-06,0.3670789468749566,-6.201009254158098e-06,-1.151660815190298,-2.224430480500171e-06,1.5452666464934937,-0.7853135990548217,-3.351954404831921e-06,0.12137803813026742,1.091450083222896e-05,0.18030053896322012,-1.1268473700871688e-05,-0.05022715491852869,6.632251861525869e-06,-2.3844254678712538e-05,-32.918002637694606,0.36526654634096156,17.21362603314306,0.7400946588984592,1.919708219693385,0.001989128889131346,-2.3844254678712538e-05,-32.918002637694606,0.36526654634096156,17.21362603314306,0.7400946588984592,1.919708219693385,0.001989128889131346
6.101000000000372,2,1,1,2,0.0006413378465656974,5.225925476630706,5.206119121329919,5.0,0.6649359236768487,-8.969251103577186e-06,0.43613707847464633,0.028465457250339176,9.091984214082066e-07,6.000210270354904e-05,0.6704500099023617,-9.278129557961225e-06,0.0055140862341640775,1.52471132827362,0.11236499999999096,0.11236499999999096,1.0,-0.053115222672154266,-0.05313239617101598,0.0,0.0,0.0,-0.053115222672154266,-0.0,0.0,0.0,-0.19302087343810376,-0.19314225498881182,-0.24020294996782196,-0.24011005943901223,-0.24020294996782202,-0.18520294996782197,0.059797050032178424,-0.13322382340592417,0.0,0.24020294996782196,0.20685347986557684,1.4014805324008155e-06,0,0,0,0,0,inf,inf,0,0,0.0,1.0800566821431434,-7.200436752062375e-06,0.3682931299091437,-6.091710993599276e-06,-1.1498566821431435,-2.335216947029279e-06,1.5447641863016515,-0.7853135339674702,-3.6139216045963026e-06,0.121451409076391,1.094161227752392e-05,0.18050582623759834,-1.0926001474579473e-05,-0.0502616351680073,6.409408521165558e-06,-2.597693646105597e-05,-32.943075683028994,0.36641791309616534,17.209077254847156,0.7400705843154108,1.9197365001268119,0.001995543458549325,-2.597693646105597e-05,-32.943075683028994,0.36641791309616534,17.209077254847156,0.7400705843154108,1.9197365001268119,0.001995543458549325
6.1110000000003755,2,1,1,2,0.0006403589770894993,5.228779250100413,5.208950093043856,5.0,0.6652205454205955,-8.96052196171587e-06,0.4361377149897475,0.0284556976247908,8.435750592282705e-07,6.276344280338004e-05,0.6707500099023617,-9.278129557961225e-06,0.005529464490887717,1.5297779794829267,0.11266499999999093,0.11266499999999093,1.0,-0.05313256859237307,-0.05314971723333254,0.0,0.0,0.0,-0.05313256859237307,-0.0,0.0,0.0,-0.19355212135917904,-0.19367367450669584,-0.24020294996782196,-0.24011005943901223,-0.24020294996782202,-0.18520294996782197,0.059797050032178424,-0.13375507132699946,0.0,0.24020294996782196,0.20685347986557684,1.4052397168397304e-06,0,0,0,0,0,inf,inf,0,0,0.0,1.0782504868375884,-7.237922545536316e-06,0.3695080524984501,-5.982169059718664e-06,-1.1480504868375885,-2.442674914702858e-06,1.544261374751842,-0.7853134710459905,-3.855817640836431e-06,0.1215258374797629,1.0963746744635272e-05,0.18071281245838292,-1.0600900098451067e-05,-0.05029729937790704,6.1978648260394e-06,-2.7859452278448575e-05,-32.96813189240828,0.3675696867992404,17.20451296723393,0.7400463118011885,1.9197590061310212,0.0020020389982325026,-2.7859452278448575e-05,-32.96813189240828,0.3675696867992404,17.20451296723393,0.7400463118011885,1.9197590061310212,0.0020020389982325026
6.121000000000379,2,1,1,2,0.000639390020881008,5.231634057032547,5.211784184147674,5.0,0.6655050689966604,-8.952420191975087e-06,0.4361383787534848,0.02844582129385433,7.83132327855075e-07,6.545593500803506e-05,0.6710500099023616,-9.278129557961225e-06,0.0055449409152673055,1.5348999540435924,0.11296499999999089,0.11296499999999089,1.0,-0.05314956465056822,-0.05316669016590485,0.0,0.0,0.0,-0.05314956465056822,-0.0,0.0,0.0,-0.19408354080889495,-0.19420526531423324,-0.24020294996782196,-0.24011005943901223,-0.24020294996782202,-0.18520294996782197,0.059797050032178424,-0.13428649077671537,0.0,0.24020294996782196,0.20685347986557684,1.4088718957777899e-06,0,0,0,0,0,inf,inf,0,0,0.0,1.0764422125560509,-7.2777215255604815e-06,0.3707237250230979,-5.872432750392207e-06,-1.146242212556051,-2.5469735509888274e-06,1.5437582002921748,-0.785313410180145,-4.078628610559934e-06,0.12160128825517356,1.098099158035221e-05,0.18092144853493944,-1.0292345385058187e-05,-0.05033409551092337,5.997119137833447e-06,-2.951533939524535e-05,-32.99317113984191,0.3687218533216622,17.199933161013124,0.7400218304013871,1.9197759664236576,0.002008614292917222,-2.951533939524535e-05,-32.99317113984191,0.3687218533216622,17.199933161013124,0.7400218304013871,1.9197759664236576,0.002008614292917222
6.131000000000382,2,1,1,2,0.0006384304008561206,5.234489939628583,5.214621117468992,5.0,0.665789493240744,-8.944895912492649e-06,0.4361390690964151,0.0284358286812746,7.275234240785995e-07,6.808295712943153e-05,0.6713500099023616,-9.278129557961225e-06,0.005560516671602712,1.5400769742581906,0.11326499999999086,0.11326499999999086,1.0,-0.0531662185352253,-0.05318332258079557,0.0,0.0,0.0,-0.0531662185352253,-0.0,0.0,0.0,-0.19461512833087732,-0.1947370239719499,-0.24020294996782196,-0.24011005943901223,-0.24020294996782202,-0.18520294996782197,0.059797050032178424,-0.13481807829869774,0.0,0.24020294996782196,0.20685347986557684,1.4123819800930138e-06,0,0,0,0,0,inf,inf,0,0,0.0,1.074631843059643,-7.3196481749082885e-06,0.3719401575214284,-5.762550435435222e-06,-1.1444318430596432,-2.6482738423259166e-06,1.543254651881258,-0.785313351264708,-4.283321066140714e-06,0.12167772793007853,1.0993443894809529e-05,0.18113168757045206,-9.999524775631745e-06,-0.050371973311002585,5.806671054326031e-06,-3.0966055136354475e-05,-33.018193289156066,0.36987439992141125,17.19533781475742,0.7399971296564823,1.9197876003393144,0.002015268201167258,-3.0966055136354475e-05,-33.018193289156066,0.36987439992141125,17.19533781475742,0.7399971296564823,1.9197876003393144,0.002015268201167258
6.1410000000003855,2,1,1,2,0.000637479566526016,5.237346960771927,5.217460659934858,5.0,0.6660738169932168,-8.937902628741013e-06,0.4361397853821059,0.028425720288267023,6.764162848889215e-07,7.064775023037487e-05,0.6716500099023616,-9.278129557961225e-06,0.005576192919524131,1.5453087831529713,0.11356499999999083,0.11356499999999083,1.0,-0.053182537964591964,-0.05319962212289282,0.0,0.0,0.0,-0.053182537964591964,-0.0,0.0,0.0,-0.19514688054583193,-0.19526894711670414,-0.24020294996782196,-0.24011005943901223,-0.24020294996782202,-0.18520294996782197,0.059797050032178424,-0.13534983051365235,0.0,0.24020294996782196,0.20685347986557684,1.415774717436494e-06,0,0,0,0,0,inf,inf,0,0,0.0,1.0728193625671816,-7.363526520555473e-06,0.37315735970536756,-5.652569464930017e-06,-1.1426193625671817,-2.7467287300088965e-06,1.5427507189708907,-0.7853132941994369,-4.470839100471964e-06,0.12175512452569216,1.1001209478372554e-05,0.18134348469140366,-9.72164081591998e-06,-0.05041088421253624,5.626024447164856e-06,-3.2231115329005484e-05,-33.04319819467296,0.3710273151497838,17.19072689559032,0.7399721995926554,1.919794118083766,0.0020219996539864804,-3.2231115329005484e-05,-33.04319819467296,0.3710273151497838,17.19072689559032,0.7399721995926554,1.919794118083766,0.0020219996539864804
6.151000000000389,2,1,1,2,0.000636536992859065,5.240205202430162,5.220302619333187,5.0,0.666358039099801,-8.931397084101265e-06,0.4361405270057889,0.028415496677061093,6.294938316875228e-07,7.315342240809473e-05,0.6719500099023615,-9.278129557961225e-06,0.005591970813310221,1.5505951438247418,0.11386499999999079,0.11386499999999079,1.0,-0.05319853065114023,-0.05321559643424677,0.0,0.0,0.0,-0.05319853065114023,-0.0,0.0,0.0,-0.19567879415164277,-0.19580103146181535,-0.24020294996782196,-0.24011005943901223,-0.24020294996782202,-0.18520294996782197,0.059797050032178424,-0.1358817441194632,0.0,0.24020294996782196,0.20685347986557684,1.4190546983843017e-06,0,0,0,0,0,inf,inf,0,0,0.0,1.0710047557358355,-7.409189895257889e-06,0.37437534097474945,-5.542536088337565e-06,-1.1408047557358356,-2.842483277732693e-06,1.5422463914896343,-0.7853132388890144,-4.6421019001423105e-06,0.12183344744648789,1.1004401728292918e-05,0.18155679688940066,-9.457914076133205e-06,-0.05045078125403572,5.454690068243322e-06,-3.332822778080763e-05,-33.068185701829876,0.37218058876040405,17.186100359838868,0.7399470307101469,1.9197957209943861,0.0020288076532513806,-3.332822778080763e-05,-33.068185701829876,0.37218058876040405,17.186100359838868,0.7399470307101469,1.9197957209943861,0.0020288076532513806
6.161000000000392,2,1,1,2,0.0006356021791761582,5.2430647641747345,5.2231468413014905,5.0,0.6666421584121016,-8.925339109817731e-06,0.4361412933930543,0.02840515845619638,5.864540813143491e-07,7.560295266093594e-05,0.6722500099023615,-9.278129557961225e-06,0.005607851501356925,1.5559358388103,0.11416499999999076,0.11416499999999076,1.0,-0.053214204270197976,-0.05323125312264673,0.0,0.0,0.0,-0.053214204270197976,-0.0,0.0,0.0,-0.1962108659231385,-0.1963332737968589,-0.24020294996782196,-0.24011005943901223,-0.24020294996782202,-0.18520294996782197,0.059797050032178424,-0.1364138158909589,0.0,0.24020294996782196,0.20685347986557684,1.4222263525041754e-06,0,0,0,0,0,inf,inf,0,0,0.0,1.069188007643289,-7.4564806770525e-06,0.3755941104305776,-5.432495384241356e-06,-1.138988007643289,-2.9356748655107027e-06,1.5417416598272295,-0.7853131852429674,-4.7980017276143865e-06,0.12191266737752152,1.1003140596205776e-05,0.18177158287446954,-9.207585565384803e-06,-0.05049161899609354,5.292187762156317e-06,-3.427341974980424e-05,-33.09315564774249,0.37333421162155944,17.181458153652212,0.7399216139700934,1.919792601805322,0.002035691269764404,-3.427341974980424e-05,-33.09315564774249,0.37333421162155944,17.181458153652212,0.7399216139700934,1.919792601805322,0.002035691269764404
6.1710000000003955,2,1,1,2,0.0006346746480734014,5.245925761809851,5.22599320652761,5.0,0.6669261737879942,-8.919691473382264e-06,0.4361420839985789,0.02839470626742725,5.470101419910093e-07,7.79991948156815e-05,0.6725500099023615,-9.278129557961225e-06,0.005623836125789849,1.561330669476431,0.11446499999999073,0.11446499999999073,1.0,-0.05322956643276391,-0.053246599734350634,0.0,0.0,0.0,-0.05322956643276391,-0.0,0.0,0.0,-0.196743092711568,-0.19686567098717087,-0.24020294996782196,-0.24011005943901223,-0.24020294996782202,-0.18520294996782197,0.059797050032178424,-0.13694604267938842,0.0,0.24020294996782196,0.20685347986557684,1.4252939543580114e-06,0,0,0,0,0,inf,inf,0,0,0.0,1.0673691037713149,-7.505250010758472e-06,0.3768136768873005,-5.322491200451543e-06,-1.137169103771315,-3.026433405201557e-06,1.5412365148198057,-0.7853131331755657,-4.9394022938170465e-06,0.12199275618903517,1.0997551566139845e-05,0.18198780293901337,-8.969918692356835e-06,-0.05053335344339494,5.138048325650721e-06,-3.508115928154417e-05,-33.11810786171716,0.37448817563192005,17.176800213589566,0.7398959407797785,1.9197849449176991,0.0020426496412553528,-3.508115928154417e-05,-33.11810786171716,0.37448817563192005,17.176800213589566,0.7398959407797785,1.9197849449176991,0.0020426496412553528
6.181000000000399,2,1,1,2,0.0006337539443802822,5.248788326102056,5.228841628148157,5.0,0.6672100840918939,-8.914419728588474e-06,0.43614289830489905,0.028384140774087244,5.108901072345438e-07,8.034488149085399e-05,0.6728500099023614,-9.278129557961225e-06,0.005639925822195106,1.5667794554320542,0.1147649999999907,0.1147649999999907,1.0,-0.053244624661687466,-0.053261643730227425,0.0,0.0,0.0,-0.053244624661687466,-0.0,0.0,0.0,-0.19727547144382362,-0.19739821997309834,-0.24020294996782196,-0.24011005943901223,-0.24020294996782202,-0.18520294996782197,0.059797050032178424,-0.13747842141164404,0.0,0.24020294996782196,0.20685347986557684,1.4282616153716735e-06,0,0,0,0,0,inf,inf,0,0,0.0,1.0655480299906528,-7.555357515184483e-06,0.3780340488841706,-5.212566104124894e-06,-1.1353480299906529,-3.1148815733666827e-06,1.5407309477358497,-0.7853130826057032,-5.0671374856689736e-06,0.12207368684782832,1.0987764670972875e-05,0.18220541883166166,-8.744200818029982e-06,-0.05057594197061559,4.991815043070557e-06,-3.576447143506414e-05,-33.14304216571717,0.37564247363905995,17.172126467176756,0.7398700029767203,1.9197729266702395,0.0020496819703429525,-3.576447143506414e-05,-33.14304216571717,0.37564247363905995,17.172126467176756,0.7398700029767203,1.9197729266702395,0.0020496819703429525
6.191000000000402,2,1,1,2,0.0006328396341499778,5.25165594692765,5.231692124453054,5.0,0.6674938881949146,-8.909492066620808e-06,0.43614373582122,0.02837346265257369,4.778368622410747e-07,8.264262898244074e-05,0.6731500099023614,-9.278129557961225e-06,0.005656121719459749,1.5722820339610033,0.11506499999999066,0.11506499999999066,1.0,-0.053259314411308004,-0.05327630913085235,0.0,0.0,0.0,-0.053259314411308004,-0.0,0.0,0.0,-0.19780799896276785,-0.19793091756303183,-0.24020294996782196,-0.24011005943901223,-0.24020294996782202,-0.18520294996782197,0.059797050032178424,-0.13801094893058827,0.0,0.24020294996782196,0.20685347986557684,1.4248532748304737e-06,0,0,0,0,0,inf,inf,0,0,0.0,1.0637247725470953,-7.60667097939579e-06,0.37925523469575245,-5.102761341455315e-06,-1.1335247725470954,-3.201135057690043e-06,1.5402249502629082,-0.7853130334567666,-5.182010410114317e-06,0.12215543333519432,1.0973913569969975e-05,0.1824243936413955,-8.529744494195494e-06,-0.050619343246011264,4.853044893454418e-06,-3.633504738661984e-05,-33.16795839007457,0.37679709936246586,17.167436844265346,0.7398437928124427,1.9197567177491481,0.0020567875224191796,-3.633504738661984e-05,-33.16795839007457,0.37679709936246586,17.167436844265346,0.7398437928124427,1.9197567177491481,0.0020567875224191796
6.2010000000004055,2,1,1,2,0.0006319313038261323,5.2545771885900034,5.234546910252217,5.0,0.6677775849752442,-8.904879169487465e-06,0.43614459608243206,0.028362672674418818,4.476077516630962e-07,8.489498923892463e-05,0.6734500099023614,-9.278129557961225e-06,0.005672424939397266,1.577838259542882,0.11536499999999063,0.11536499999999063,1.0,-0.053273035711689176,-0.053289983007871085,0.0,0.0,0.0,-0.053273035711689176,-0.0,0.0,0.0,-0.19834066867303157,-0.1984637568583984,-0.24020294996782196,-0.24011005943901223,-0.24020294996782202,-0.18520294996782197,0.059797050032178424,-0.138543618640852,0.0,0.24020294996782196,0.20685347986557684,1.3575413367187828e-06,0,0,0,0,0,inf,inf,0,0,0.0,1.0618993180484908,-7.659066050209467e-06,0.3804772423416904,-4.993116803595741e-06,-1.1316993180484909,-3.285302822648272e-06,1.5397185144959937,-0.7853129856564981,-5.284792468865966e-06,0.12223797058547879,1.0956135511314773e-05,0.1826446917509444,-8.325891055222777e-06,-0.05066351686298535,4.721307851184245e-06,-3.680336502052918e-05,-33.19285680619568,0.3779520473086027,17.162731582376715,0.7398173029528718,1.919736541468923,0.0020639656431953608,-3.680336502052918e-05,-33.19285680619568,0.3779520473086027,17.162731582376715,0.7398173029528718,1.919736541468923,0.0020639656431953608
6.211000000000409,2,1,1,2,0.0006310285607616642,5.257477304847281,5.237409813941958,5.0,0.6680611733211873,-8.90055406958701e-06,0.4361454786496788,0.02835177204505096,4.1997387027527817e-07,8.710465662575431e-05,0.6737500099023613,-9.278129557961225e-06,0.005688836593704116,1.5834480039984122,0.1156649999999906,0.1156649999999906,1.0,-0.05328580296172352,-0.05330272756123553,0.0,0.0,0.0,-0.05328580296172352,-0.0,0.0,0.0,-0.19887346891240928,-0.1989967262630206,-0.24020294996782196,-0.24011005943901223,-0.24020294996782202,-0.18520294996782197,0.059797050032178424,-0.1390764188802297,0.0,0.24020294996782196,0.20685347986557684,1.2446564079463646e-06,0,0,0,0,0,inf,inf,0,0,0.0,1.0600716534506744,-7.712425904326823e-06,0.38170007959624097,-4.883670976283641e-06,-1.1298716534506745,-3.3674874701147395e-06,1.5392116329355912,-0.7853129391368847,-5.376221306617238e-06,0.12232127448521324,1.0934573500815562e-05,0.18286627904184194,-8.13202314727368e-06,-0.050708422176349126,4.5961858160483295e-06,-3.717883751009209e-05,-33.21773807002319,0.3791073126897288,17.158011174708456,0.7397905265876895,1.9197126442775325,0.0020712158333177134,-3.717883751009209e-05,-33.21773807002319,0.3791073126897288,17.158011174708456,0.7397905265876895,1.9197126442775325,0.0020712158333177134
6.221000000000412,2,1,1,2,0.0006301310332778301,5.260388254068691,5.240279400194563,5.0,0.6683446521322318,-8.89649201207072e-06,0.4361463831103418,0.02834076172334191,3.947201948789241e-07,8.927414982061754e-05,0.6740500099023613,-9.278129557961225e-06,0.005705357782893556,1.5891111562492661,0.11596499999999056,0.11596499999999056,1.0,-0.0532985957374394,-0.05331551939816782,0.0,0.0,0.0,-0.0532985957374394,-0.0,0.0,0.0,-0.19940639739131688,-0.199529823982102,-0.24020294996782196,-0.24011005943901223,-0.24020294996782202,-0.18520294996782197,0.059797050032178424,-0.1396093473591373,0.0,0.24020294996782196,0.20685347986557684,1.1521835067499548e-06,0,0,0,0,0,inf,inf,0,0,0.0,1.0582417660443706,-7.766640912702453e-06,0.3829237539970443,-4.7744609185435644e-06,-1.1280417660443707,-3.4477855713464324e-06,1.5387042984791424,-0.7853128938339403,-5.457001865149556e-06,0.1224053217163888,1.0909369080356541e-05,0.183089122456908,-7.947546235211777e-06,-0.05075402054380815,4.477288691570144e-06,-3.746972383854539e-05,-33.24260177818382,0.3802628914913683,17.15327536209352,0.7397634572693135,1.9196851220378204,0.0020785375219246798,-3.746972383854539e-05,-33.24260177818382,0.3802628914913683,17.15327536209352,0.7397634572693135,1.9196851220378204,0.0020785375219246798
6.2310000000004155,2,1,1,2,0.0006292383687510885,5.263293464473996,5.243154165912434,5.0,0.66862802031591,-8.892670315596309e-06,0.43614730907576804,0.02832964240051858,3.716455969104803e-07,9.140576903023725e-05,0.6743500099023613,-9.278129557961225e-06,0.005721989599434459,1.5948276211876449,0.11626499999999053,0.11626499999999053,1.0,-0.053311281397671294,-0.05332820489543039,0.0,0.0,0.0,-0.053311281397671294,-0.0,0.0,0.0,-0.19993945320752535,-0.20006304903339958,-0.24020294996782196,-0.24011005943901223,-0.24020294996782202,-0.18520294996782197,0.059797050032178424,-0.14014240317534576,0.0,0.24020294996782196,0.20685347986557684,1.0739447758086705e-06,0,0,0,0,0,inf,inf,0,0,0.0,1.0564096434461931,-7.821608323984754e-06,0.38414827285250375,-4.665522284569662e-06,-1.1262096434461932,-3.5262878515660824e-06,1.5381965043996932,-0.7853128496874778,-5.5278080001331375e-06,0.12249008966821517,1.0880661887575685e-05,0.18331318976944402,-7.771883780412328e-06,-0.050800275228222384,4.364243945552899e-06,-3.768330586782221e-05,-33.26744748657878,0.3814187802983826,17.14852386052216,0.7397360888040428,1.9196540720542907,0.002085930142843637,-3.768330586782221e-05,-33.26744748657878,0.3814187802983826,17.14852386052216,0.7397360888040428,1.9196540720542907,0.002085930142843637
6.241000000000419,2,1,1,2,0.0006283502317676872,5.266193689894255,5.246032694895207,5.0,0.6689112767854429,-8.889068235851256e-06,0.43614825617912534,0.02831841456559585,3.5056233400293167e-07,9.350160953979433e-05,0.6746500099023612,-9.278129557961225e-06,0.005738733130106643,1.6005973187358382,0.1165649999999905,0.1165649999999905,1.0,-0.053323861612497823,-0.05334078567893999,0.0,0.0,0.0,-0.053323861612497823,-0.0,0.0,0.0,-0.20047263529894943,-0.2005964003623435,-0.24020294996782196,-0.24011005943901223,-0.24020294996782202,-0.18520294996782197,0.059797050032178424,-0.14067558526676985,0.0,0.24020294996782196,0.20685347986557684,1.0094837216629455e-06,0,0,0,0,0,inf,inf,0,0,0.0,1.0545752735910947,-7.877231958017036e-06,0.3853736432485031,-4.556889343300762e-06,-1.1243752735910948,-3.603079368378545e-06,1.5376882443286457,-0.7853128066409565,-5.589283191746843e-06,0.12257555637552409,1.0848589633083748e-05,0.18353844945762796,-7.604477486181865e-06,-0.05084715104751772,4.256692946741586e-06,-3.7826013651022986e-05,-33.292274733195704,0.3825749761909701,17.14375637654419,0.7397084152263242,1.9196195937971579,0.0020933931782394968,-3.7826013651022986e-05,-33.292274733195704,0.3825749761909701,17.14375637654419,0.7397084152263242,1.9196195937971579,0.0020933931782394968
6.251000000000422,2,1,1,2,0.0006274663025603025,5.269089653258276,5.248913859831974,5.0,0.6691944204583077,-8.8856668351471e-06,0.43614922407361245,0.028307078604429874,3.3129533103104425e-07,9.55636056358739e-05,0.6749500099023612,-9.278129557961225e-06,0.005755589457434166,1.6064201831317522,0.11686499999999046,0.11686499999999046,1.0,-0.0533363381969946,-0.05335326352056052,0.0,0.0,0.0,-0.0533363381969946,-0.0,0.0,0.0,-0.20100594262099813,-0.20112987693142007,-0.24020294996782196,-0.24011005943901223,-0.24020294996782202,-0.18520294996782197,0.059797050032178424,-0.14120889258881855,0.0,0.24020294996782196,0.20685347986557684,9.583285647639264e-07,0,0,0,0,0,inf,inf,0,0,0.0,1.052738644725617,-7.933421903458084e-06,0.3865998720546208,-4.4485949954507535e-06,-1.1225386447256172,-3.6782397109552093e-06,1.537179512242752,-0.7853127646413516,-5.6420407606120524e-06,0.1226617004752363,1.0813288426717512e-05,0.1837648706529894,-7.444790300674381e-06,-0.05089461394953185,4.154289962158208e-06,-3.790351468575107e-05,-33.31708308169303,0.3837314766822921,17.13897263597305,0.7396804308092972,1.9195817902634196,0.002100926179538272,-3.790351468575107e-05,-33.31708308169303,0.3837314766822921,17.13897263597305,0.7396804308092972,1.9195817902634196,0.002100926179538272
6.261000000000426,2,1,1,2,0.000626586275740775,5.271982048155726,5.2517967795351606,5.0,0.6694774502555204,-8.882448860556599e-06,0.4361502124310219,0.028295634850484443,3.136814543865639e-07,9.759356034346108e-05,0.6752500099023612,-9.278129557961225e-06,0.005772559660401745,1.6122961623916507,0.11716499999999043,0.11716499999999043,1.0,-0.05334871310333212,-0.053365640332013506,0.0,0.0,0.0,-0.05334871310333212,-0.0,0.0,0.0,-0.20153937414800022,-0.20166347772161722,-0.24020294996782196,-0.24011005943901223,-0.24020294996782202,-0.18520294996782197,0.059797050032178424,-0.14174232411582063,0.0,0.24020294996782196,0.20685347986557684,9.20009939031409e-07,0,0,0,0,0,inf,inf,0,0,0.0,1.050899745401581,-7.990094216963985e-06,0.387826965929924,-4.340670789468988e-06,-1.120699745401581,-3.7518432264950756e-06,1.5366703024542199,-0.7853127236390198,-5.686664017500352e-06,0.1227485011655259,1.0774892754848689e-05,0.18399242310089756,-7.292308848706877e-06,-0.050942630777916185,4.0567031227971806e-06,-3.7920775149498885e-05,-33.341872116407814,0.38488827968197953,17.13417237909998,0.7396521300773972,1.9195407646009919,0.002108528763344356,-3.7920775149498885e-05,-33.341872116407814,0.38488827968197953,17.13417237909998,0.7396521300773972,1.9195407646009919,0.002108528763344356
6.271000000000429,2,1,1,2,0.0006257098592430668,5.274871540754836,5.254680782140959,5.0,0.6697603651012569,-8.879398627414487e-06,0.4361512209405451,0.028284083608907506,2.975688511648097e-07,9.959316625868109e-05,0.6755500099023611,-9.278129557961225e-06,0.005789644814834455,1.6182252178721765,0.1174649999999904,0.1174649999999904,1.0,-0.05336098839795499,-0.053377918142721546,0.0,0.0,0.0,-0.05336098839795499,-0.0,0.0,0.0,-0.20207292887445644,-0.2021972017337091,-0.24020294996782196,-0.24011005943901223,-0.24020294996782202,-0.18520294996782197,0.059797050032178424,-0.14227587884227685,0.0,0.24020294996782196,0.20685347986557684,8.940761751459301e-07,0,0,0,0,0,inf,inf,0,0,0.0,1.0490585644701405,-8.047170624379315e-06,0.3890549313283659,-4.233146938640746e-06,-1.1188585644701405,-3.823959266519616e-06,1.5361606096025262,-0.7853126835875559,-5.723706519149592e-06,0.12283593816686586,1.0733535306286816e-05,0.18422107712574096,-7.146545036430534e-06,-0.050991169142692326,3.96361544288864e-06,-3.7882114705187786e-05,-33.36664143861477,0.38604538346322914,17.12935535740903,0.7396235078126484,1.9194966182505084,0.0021162006029811268,-3.7882114705187786e-05,-33.36664143861477,0.38604538346322914,17.12935535740903,0.7396235078126484,1.9194966182505084,0.0021162006029811268
6.281000000000432,2,1,1,2,0.0006248367734291984,5.277758771797149,5.257565373505664,5.0,0.6700431639226333,-8.87650191053516e-06,0.4361522493077593,0.028272425166178818,2.8281635330728883e-07,0.00010156402065979437,0.6758500099023611,-9.278129557961225e-06,0.005806845993616993,1.624207323890239,0.11776499999999036,0.11776499999999036,1.0,-0.0533731662339352,-0.053390099072240044,0.0,0.0,0.0,-0.0533731662339352,-0.0,0.0,0.0,-0.20260660581603165,-0.202731047989283,-0.24020294996782196,-0.24011005943901223,-0.24020294996782202,-0.18520294996782197,0.059797050032178424,-0.14280955578385207,0.0,0.24020294996782196,0.20685347986557684,8.801062188347504e-07,0,0,0,0,0,inf,inf,0,0,0.0,1.047215091076178,-8.104578225315875e-06,0.39028377450380175,-4.126052340442394e-06,-1.117015091076178,-3.8946524446681405e-06,1.535650428647191,-0.7853126444436394,-5.753692477162131e-06,0.12292399168465047,1.0689346712253802e-05,0.18445080359734578,-7.007036844373452e-06,-0.051040197346909504,3.87472547714991e-06,-3.779125878082143e-05,-33.391390663617265,0.3872027866296656,17.12452133123622,0.7395945590548654,1.919449449954904,0.0021239414209690013,-3.779125878082143e-05,-33.391390663617265,0.3872027866296656,17.12452133123622,0.7395945590548654,1.919449449954904,0.0021239414209690013
6.291000000000436,2,1,1,2,0.0006239667503057647,5.280644358538989,5.2604502101023405,5.0,0.6703258456495355,-8.873745839879069e-06,0.4361532972537357,0.02826065979222659,2.692929339883129e-07,0.00010350763683546374,0.6761500099023611,-9.278129557961225e-06,0.005824164266864211,1.630242467375906,0.11806499999999033,0.11806499999999033,1.0,-0.05338524882366067,-0.05340218530277064,0.0,0.0,0.0,-0.05338524882366067,-0.0,0.0,0.0,-0.20314040401026928,-0.20326501553148824,-0.24020294996782196,-0.24011005943901223,-0.24020294996782202,-0.18520294996782197,0.059797050032178424,-0.1433433539780897,0.0,0.24020294996782196,0.20685347986557684,8.777187802291153e-07,0,0,0,0,0,inf,inf,0,0,0.0,1.0453693146530358,-8.162249202663915e-06,0.3915135015146392,-4.019414598786121e-06,-1.115169314653036,-3.963982898585528e-06,1.5351397548611057,-0.7853126061668766,-5.7771173181454886e-06,0.12301264237332364,1.0642455237159082e-05,0.18468157389722245,-6.873348446313417e-06,-0.05108968434245362,3.7897475934782887e-06,-3.765139120213846e-05,-33.416119418416564,0.388360488079529,17.119670068040303,0.7395652790956279,1.919399355262241,0.0021317509833910756,-3.765139120213846e-05,-33.416119418416564,0.388360488079529,17.119670068040303,0.7395652790956279,1.919399355262241,0.0021317509833910756
6.301000000000439,2,1,1,2,0.0006230995328385938,5.283528896559426,5.26333507580201,5.0,0.6706084092144451,-8.871118801998636e-06,0.43615436451425216,0.028248787738875434,2.5687719891262703e-07,0.00010542545284069771,0.676450009902361,-9.278129557961225e-06,0.005841600702095089,1.636330647546493,0.1183649999999903,0.1183649999999903,1.0,-0.053397238414214114,-0.05341417905421268,0.0,0.0,0.0,-0.053397238414214114,-0.0,0.0,0.0,-0.20367432251704634,-0.2037991034255227,-0.24020294996782196,-0.24011005943901223,-0.24020294996782202,-0.18520294996782197,0.059797050032178424,-0.14387727248486676,0.0,0.24020294996782196,0.20685347986557684,8.865761724919891e-07,0,0,0,0,0,inf,inf,0,0,0.0,1.0435212249175871,-8.220120538450673e-06,0.3927441182281392,-3.913260049503867e-06,-1.1133212249175872,-4.0320065500612345e-06,1.5346285838242175,-0.7853125687196443,-5.794448376043298e-06,0.12310187130204812,1.059298644717679e-05,0.18491335988427762,-6.7450698190825e-06,-0.05113959970020795,3.7084119439067663e-06,-3.746520393525168e-05,-33.44082733979889,0.3895184869702519,17.114801341081606,0.7395356634682094,1.919346426304851,0.002139629095667891,-3.746520393525168e-05,-33.44082733979889,0.3895184869702519,17.114801341081606,0.7395356634682094,1.919346426304851,0.002139629095667891
6.311000000000442,2,1,1,2,0.0006222348743348529,5.286412961423448,5.266219862000105,5.0,0.6708908535522438,-8.8686103468914e-06,0.43615545083907814,0.028236809236736334,2.454568995966478e-07,0.00010731883845093064,0.676750009902361,-9.278129557961225e-06,0.00585915636442869,1.6424718755946572,0.11866499999999026,0.11866499999999026,1.0,-0.05340913726634298,-0.05342608256278614,0.0,0.0,0.0,-0.05340913726634298,-0.0,0.0,0.0,-0.20420836041880164,-0.2043333107588891,-0.24020294996782196,-0.24011005943901223,-0.24020294996782202,-0.18520294996782197,0.059797050032178424,-0.14441131038662205,0.0,0.24020294996782196,0.20685347986557684,9.063823021517894e-07,0,0,0,0,0,inf,inf,0,0,0.0,1.0416708118656512,-8.278133737238219e-06,0.3939756303243815,-3.8076137891681713e-06,-1.1114708118656513,-4.098775359188602e-06,1.5341169114174718,-0.7853125320669313,-5.806125692978147e-06,0.12319165992197222,1.0541062877165498e-05,0.18514613386012216,-6.621815995136944e-06,-0.051189913586691504,3.6304642189502107e-06,-3.723494590228199e-05,-33.465514072736106,0.39067678268230366,17.109914928386743,0.7395057079340681,1.9192907517356332,0.0021475755992866772,-3.723494590228199e-05,-33.465514072736106,0.39067678268230366,17.109914928386743,0.7395057079340681,1.9192907517356332,0.0021475755992866772
6.321000000000446,2,1,1,2,0.0006213725378892134,5.289297110188971,5.269104550619331,5.0,0.6711731775999815,-8.866211098785055e-06,0.4361565559913265,0.02822472449167271,2.3492846047746752e-07,0.0001091891008186282,0.677050009902361,-9.278129557961225e-06,0.0058768323168155315,1.648666174387281,0.11896499999999023,0.11896499999999023,1.0,-0.05342094763708659,-0.053437898063321165,0.0,0.0,0.0,-0.05342094763708659,-0.0,0.0,0.0,-0.2047425168205739,-0.2048676366414578,-0.24020294996782196,-0.24011005943901223,-0.24020294996782202,-0.18520294996782197,0.059797050032178424,-0.14494546678839432,0.0,0.24020294996782196,0.20685347986557684,9.368758664689815e-07,0,0,0,0,0,inf,inf,0,0,0.0,1.039818065767761,-8.336234558018482e-06,0.39520804329991227,-3.702499707164038e-06,-1.109618065767761,-4.164337569680243e-06,1.5336047338169692,-0.7853124961761865,-5.81256290542673e-06,0.1232819900351446,1.0486803714251723e-05,0.18537986853429866,-6.503226082904393e-06,-0.05124059674310193,3.5556652463446425e-06,-3.696246820161851e-05,-33.4901792690299,0.3918353747848583,17.105010611919273,0.7394754084682948,1.919232416751178,0.002155590369189336,-3.696246820161851e-05,-33.4901792690299,0.3918353747848583,17.105010611919273,0.7394754084682948,1.919232416751178,0.002155590369189336
6.331000000000449,2,1,1,2,0.0006205122958733147,5.292181882769597,5.271989199583474,5.0,0.6714553802966092,-8.86391267183473e-06,0.43615767974685204,0.028212533681423735,2.2519651601818703e-07,0.00011103748917151173,0.6773500099023609,-9.278129557961225e-06,0.0058946296203052665,1.6549135781737945,0.1192649999999902,0.1192649999999902,1.0,-0.053432671765886744,-0.05344962777504528,0.0,0.0,0.0,-0.053432671765886744,-0.0,0.0,0.0,-0.2052767908498857,-0.20540208020537212,-0.24020294996782196,-0.24011005943901223,-0.24020294996782202,-0.18520294996782197,0.059797050032178424,-0.14547974081770612,0.0,0.24020294996782196,0.20685347986557684,9.778210248344124e-07,0,0,0,0,0,inf,inf,0,0,0.0,1.0379629771652703,-8.39437275533952e-06,0.39644136247108996,-3.597940520780742e-06,-1.1077629771652704,-4.22873794356166e-06,1.5330920474883354,-0.7853124610171687,-5.814148194805321e-06,0.1233728437651071,1.0430324509268996e-05,0.1856145369898007,-6.388962148911264e-06,-0.051291620464798925,3.483790486414404e-06,-3.6649266415709664e-05,-33.51482258615164,0.3929942630030226,17.100088176903775,0.7394447612439082,1.9191715031598162,0.00216367331165928,-3.6649266415709664e-05,-33.51482258615164,0.3929942630030226,17.100088176903775,0.7394447612439082,1.9191715031598162,0.00216367331165928
6.341000000000452,2,1,1,2,0.000619653929469193,5.295067803165011,5.274873930411982,5.0,0.6717374605826836,-8.8617075910454e-06,0.436158821893696,0.028200236952653897,2.1617345384591313e-07,0.00011286519878714343,0.6776500099023609,-9.278129557961225e-06,0.0059125493343416685,1.661214132302892,0.11956499999999017,0.11956499999999017,1.0,-0.05344431186368065,-0.05346127389041489,0.0,0.0,0.0,-0.05344431186368065,-0.0,0.0,0.0,-0.20581118165650508,-0.20593664060482839,-0.24020294996782196,-0.24011005943901223,-0.24020294996782202,-0.18520294996782197,0.059797050032178424,-0.1460141316243255,0.0,0.24020294996782196,0.20685347986557684,1.028998048511964e-06,0,0,0,0,0,inf,inf,0,0,0.0,1.036105536866808,-8.452501830203445e-06,0.3976755929771463,-3.493957812999406e-06,-1.105905536866808,-4.292017984260048e-06,1.5325788491812913,-0.785312426561805,-5.811245283714657e-06,0.12346420352916775,1.0371736923422637e-05,0.18585011264922513,-6.278708030916061e-06,-0.05134295658041534,3.4146294646609775e-06,-3.629652024552908e-05,-33.53944368624098,0.3941534471865635,17.0951474112706,0.7394137626160102,1.9191080894768664,0.0021718243623787413,-3.629652024552908e-05,-33.53944368624098,0.3941534471865635,17.0951474112706,0.7394137626160102,1.9191080894768664,0.0021718243623787413
6.351000000000456,2,1,1,2,0.0006187972282337409,5.297955380570876,5.277758917634535,5.0,0.6720194174000387,-8.859589216491197e-06,0.43615998223156416,0.028187834418530483,2.0777896631950057e-07,0.00011467337441212136,0.6779500099023609,-9.278129557961225e-06,0.005930592517091042,1.667567892947592,0.11986499999999013,0.11986499999999013,1.0,-0.05345587010461856,-0.053472838566580486,0.0,0.0,0.0,-0.05345587010461856,-0.0,0.0,0.0,-0.20634568841211293,-0.20647131701575946,-0.24020294996782196,-0.24011005943901223,-0.24020294996782202,-0.18520294996782197,0.059797050032178424,-0.14654863837993334,0.0,0.24020294996782196,0.20685347986557684,1.0901958665047647e-06,0,0,0,0,0,inf,inf,0,0,0.0,1.0342457359450639,-8.510578791105989e-06,0.39891073978297925,-3.390572072595973e-06,-1.104045735945064,-4.354216147671023e-06,1.5320651359244382,-0.7853123927840526,-5.80419446268039e-06,0.12355605201233075,1.0311148514943572e-05,0.18608656924184208,-6.17216812940775e-06,-0.05139457743036195,3.3479851613641863e-06,-3.590512990586358e-05,-33.56404223523831,0.3953129272809223,17.09018810519403,0.7393824091065168,1.9190422510294287,0.002180043484916254,-3.590512990586358e-05,-33.56404223523831,0.3953129272809223,17.09018810519403,0.7393824091065168,1.9190422510294287,0.002180043484916254
6.361000000000459,2,1,1,2,0.0006168419672853134,5.381624431862711,5.290924076114022,5.0,0.6722926071443853,-8.902609514911311e-06,0.43615956309393433,0.025747778526199288,-1.1949134143678147e-05,-0.00033059272344887903,0.6780850099023708,-9.278129557961225e-06,0.005792402770157862,1.672401106686193,0.12,0.12,1.0,-0.022284389755855588,-0.022578845740396654,0.0,0.0,0.0,-0.022284389755855588,-0.0,0.0,0.0,-0.20672330076356235,-0.2068346887181853,-0.24020294996782196,-0.24011005943901223,-0.24020294996782202,-0.18520294996782197,0.059797050032178424,-0.14692625073138277,0.0,0.24020294996782196,0.20685347986557684,5.037444152254668e-05,0,0,0,0,0,inf,inf,0,0,0.0,1.0323890203533694,-8.466293599860214e-06,0.4001414430965394,-3.4656053560894275e-06,-1.1021890203533695,-4.455879760532687e-06,1.531523514973188,-0.7853120811462045,2.208550580556948e-05,0.12213698172775789,-3.8098028552011185e-05,0.18478779813814294,-1.6904205630019942e-05,-0.05913631984065145,7.321183030504748e-05,0.0011512379463752883,-33.876214088786604,0.3977094164949526,16.818304328783547,0.7398432864500909,1.4221101378209762,0.0013887765956556181,0.0011512379463752883,-33.876214088786604,0.3977094164949526,16.818304328783547,0.7398432864500909,1.4221101378209762,0.0013887765956556181
6.371000000000462,2,1,1,2,0.0006105400025767363,5.220605400092225,5.292601268572442,5.0,0.6725312394639761,-9.095714031420799e-06,0.4361528647628694,0.022455519406793256,-2.4219161114127752e-05,-0.0009235380192834054,0.6780850099023708,-9.278129557961225e-06,0.0055537704413904185,1.6711296425718036,0.12,0.12,1.0,-0.024826173185003204,-0.02497453889865901,0.0,0.0,0.0,-0.024826173185003204,-0.0,0.0,0.0,-0.20696281870327246,-0.20707646371024635,-0.24020294996782196,-0.24011005943901223,-0.24020294996782202,-0.18520294996782197,0.059797050032178424,-0.14716576867109288,0.0,0.24020294996782196,0.20685347986557684,2.1915156531519815e-05,0,0,0,0,0,inf,inf,0,0,0.0,1.0305562736532126,-8.066328038485122e-06,0.40134890219336533,-4.212844307593886e-06,-1.1003562736532126,-4.5597643715519135e-06,1.5308760265833448,-0.7853111957836006,5.21532462008299e-05,0.11957565779705512,-0.0001026952589357618,0.18192757970681628,9.581487549513334e-07,-0.06874251704203624,8.915770641046153e-05,0.0024146974427581474,-34.01418339929401,0.4001460558068423,16.913848926448217,0.7402692200816948,1.5184354539925515,0.0008201643013799106,0.0024146974427581474,-34.01418339929401,0.4001460558068423,16.913848926448217,0.7402692200816948,1.5184354539925515,0.0008201643013799106
6.381000000000466,2,1,1,2,0.0006008232418719664,5.1032545967631435,5.275269062444924,5.0,0.6727418573965129,-9.37832948959779e-06,0.43614128224780835,0.020026420464316734,-3.1011072868703854e-05,-0.001329378685267623,0.6780850099023708,-9.278129557961225e-06,0.0053431525067973405,1.6652348116920002,0.12,0.12,1.0,-0.024709213962994744,-0.024800697240278793,0.0,0.0,0.0,-0.024709213962994744,-0.0,0.0,0.0,-0.20721133613987047,-0.20732612227635133,-0.24020294996782196,-0.24011005943901223,-0.24020294996782202,-0.18520294996782197,0.059797050032178424,-0.1474142861076909,0.0,0.24020294996782196,0.20685347986557684,1.1053069310800132e-05,0,0,0,0,0,inf,inf,0,0,0.0,1.0287552190713027,-7.44519730087603e-06,0.4025299814851233,-5.533759290126997e-06,-1.0985552190713028,-4.3201980381873565e-06,1.5301531233104348,-0.7853104596707194,6.873007657415433e-05,0.11689799487435812,-0.00015439969655966807,0.1785626693572934,4.4862238338299073e-05,-0.07474857015414196,5.781294917369456e-05,0.0030183803818353543,-34.12199539028866,0.4018088308067347,16.97606694318133,0.7402475551678391,1.576010050909781,0.0007901339532415229,0.0030183803818353543,-34.12199539028866,0.4018088308067347,16.97606694318133,0.7402475551678391,1.576010050909781,0.0007901339532415229
6.391000000000469,2,1,1,2,0.0005888117586822774,5.015641126074517,5.246540229004151,5.0,0.6729315819043602,-9.71311233423746e-06,0.4361264099086284,0.018173432502575526,-3.522796306822122e-05,-0.0016045072438206586,0.6780850099023708,-9.278129557961225e-06,0.0051534280163682365,1.6562235695982932,0.12,0.12,1.0,-0.02387913090369668,-0.023940563975333114,0.0,0.0,0.0,-0.02387913090369668,-0.0,0.0,0.0,-0.20745420569601603,-0.2075697256419538,-0.24020294996782196,-0.24011005943901223,-0.24020294996782202,-0.18520294996782197,0.059797050032178424,-0.14765715566383644,0.0,0.24020294996782196,0.20685347986557684,5.002863603280131e-06,0,0,0,0,0,inf,inf,0,0,0.0,1.0269893905999414,-6.70521001247653e-06,0.40368402627771294,-7.31238384492284e-06,-1.0967893905999415,-3.594394960488195e-06,1.5293839975542145,-0.7853100994586508,7.741803297072955e-05,0.11417888436438611,-0.00019561771919088933,0.17493447418042432,9.532606643767791e-05,-0.07841262102539984,1.827637934308756e-05,0.0034215642296292156,-34.20883201130205,0.4031916903066383,17.01577093327501,0.7400496058647125,1.6078599100112432,0.0008886580180683288,0.0034215642296292156,-34.20883201130205,0.4031916903066383,17.01577093327501,0.7400496058647125,1.6078599100112432,0.0008886580180683288
6.401000000000472,2,1,1,2,0.0005752314138142969,4.946173452403657,5.211139306978851,5.0,0.6731048916267174,-1.0082342848036695e-05,0.43610927036678926,0.01668094457249609,-3.8152396511906835e-05,-0.0017968584051141648,0.6780850099023708,-9.278129557961225e-06,0.004980118340587468,1.6450353136637574,0.12,0.12,1.0,-0.022789445627358868,-0.022835031496009,0.0,0.0,0.0,-0.022789445627358868,-0.0,0.0,0.0,-0.20768711520353814,-0.20780315401464738,-0.24020294996782196,-0.24011005943901223,-0.24020294996782202,-0.18520294996782197,0.059797050032178424,-0.14789006517135855,0.0,0.24020294996782196,0.20685347986557684,1.8092483414871148e-06,0,0,0,0,0,inf,inf,0,0,0.0,1.0252606854266233,-5.906165311792366e-06,0.4048107996749785,-9.45243244151495e-06,-1.0950606854266234,-2.3753904311908724e-06,1.5285867127083215,-0.7853101188058386,8.138885255270332e-05,0.11144904884197024,-0.0002277623958308421,0.1711679643982385,0.00014277825043593458,-0.08063632768775192,-1.762217950897176e-05,0.0037801856776384767,-34.28199732617885,0.40447727380156817,17.04222469393434,0.7398096562400255,1.6250839693335943,0.0009909029232274956,0.0037801856776384767,-34.28199732617885,0.40447727380156817,17.04222469393434,0.7398096562400255,1.6250839693335943,0.0009909029232274956
6.411000000000476,2,1,1,2,0.0005605544608338888,4.888168819661098,5.171937889419357,5.0,0.6732646473560999,-1.0476171425250301e-05,0.4360905234759501,0.015423749158384148,-4.027148278823642e-05,-0.0019347724820170708,0.6780850099023708,-9.278129557961225e-06,0.004820362695150117,1.632261312583341,0.12,0.12,1.0,-0.021631429026675548,-0.021668636025468164,0.0,0.0,0.0,-0.021631429026675548,-0.0,0.0,0.0,-0.20790865276466966,-0.20802509700293667,-0.24020294996782196,-0.24011005943901223,-0.24020294996782202,-0.18520294996782197,0.059797050032178424,-0.14811160273249008,0.0,0.24020294996782196,0.20685347986557684,9.719009867275938e-07,0,0,0,0,0,inf,inf,0,0,0.0,1.0235700229300928,-5.084791807336191e-06,0.4059103223714993,-1.1868543900513568e-05,-1.0933700229300929,-7.189535710208547e-07,1.5277725332500751,-0.7853104642490871,8.239810503239717e-05,0.10873073155309335,-0.0002517953702235341,0.16734222382694225,0.0001831463772351096,-0.0819486755012345,-4.746404861954876e-05,0.004131025229193333,-34.34579657760094,0.4057194285468635,17.06075321870866,0.7395862310846564,1.6340405816855923,0.0010730122830003178,0.004131025229193333,-34.34579657760094,0.4057194285468635,17.06075321870866,0.7395862310846564,1.6340405816855923,0.0010730122830003178
6.421000000000479,2,1,1,2,0.0005451015448980903,4.837771178545326,5.130719455076604,5.0,0.6734127671881557,-1.0887625238126795e-05,0.43607061316628704,0.014328583441549034,-4.175438656355602e-05,-0.0020352483233248104,0.6780850099023708,-9.278129557961225e-06,0.004672242991434857,1.6182883220822795,0.12,0.12,1.0,-0.020487419212504562,-0.020520139489558276,0.0,0.0,0.0,-0.020487419212504562,-0.0,0.0,0.0,-0.20811864450069292,-0.208235433881253,-0.24020294996782196,-0.24011005943901223,-0.24020294996782202,-0.18520294996782197,0.059797050032178424,-0.14832159446851334,0.0,0.24020294996782196,0.20685347986557684,1.5158048813692117e-06,0,0,0,0,0,inf,inf,0,0,0.0,1.021917694628575,-4.264495053120646e-06,0.4069828045999337,-1.4484790353543961e-05,-1.0917176946285752,1.2959221313129065e-06,1.5269487142810927,-0.7853110752349022,8.150079726559175e-05,0.10604051344946361,-0.0002686647197638011,0.16350875784047456,0.00021524455706317251,-0.08266346423852192,-7.142379889790886e-05,0.004476131360949402,-34.40280403066423,0.406930119500733,17.07441877942567,0.7394008224335934,1.6383641889502656,0.0011362761856510994,0.004476131360949402,-34.40280403066423,0.406930119500733,17.07441877942567,0.7394008224335934,1.6383641889502656,0.0011362761856510994
6.431000000000482,2,1,1,2,0.0005291008160283319,4.792744868449393,5.088622002050541,5.0,0.6735506141340956,-1.1310685410550897e-05,0.436049852448746,0.013351992564683147,-4.265501475808555e-05,-0.0021087154091020983,0.6780850099023708,-9.278129557961225e-06,0.00453439622382465,1.6033813780097945,0.12,0.12,1.0,-0.019392253747018137,-0.019422488301894265,0.0,0.0,0.0,-0.019392253747018137,-0.0,0.0,0.0,-0.2083174473837019,-0.20843454915083764,-0.24020294996782196,-0.24011005943901223,-0.24020294996782202,-0.18520294996782197,0.059797050032178424,-0.1485203973515223,0.0,0.24020294996782196,0.20685347986557684,1.8793104645005372e-06,0,0,0,0,0,inf,inf,0,0,0.0,1.020303576800099,-3.4603720266554386e-06,0.4080285994196153,-1.723484828667498e-05,-1.090103576800099,3.5869260031430024e-06,1.5261201130909283,-0.7853118969271385,7.937707029825148e-05,0.10339099126120108,-0.00027933604042935305,0.15970212146100018,0.00023927782618564676,-0.08297005348385454,-9.025112938901597e-05,0.0048091946805203225,-34.4545944164175,0.408108606275019,17.084986981054946,0.7392576280752533,1.640127739519861,0.001186078287850713,0.0048091946805203225,-34.4545944164175,0.408108606275019,17.084986981054946,0.7392576280752533,1.640127739519861,0.001186078287850713
6.441000000000486,2,1,1,2,0.0005127053233685832,4.751780590981275,5.0463944869927015,5.0,0.6736792185631029,-1.1739661495503654e-05,0.436028472750367,0.012467633468224652,-4.2996539335350184e-05,-0.002161780798818706,0.6780850099023708,-9.278129557961225e-06,0.004405792026901335,1.5877316130065002,0.12,0.12,1.0,-0.018359253212168265,-0.01838800816462259,0.0,0.0,0.0,-0.018359253212168265,-0.0,0.0,0.0,-0.20850563476415312,-0.2086230301738812,-0.24020294996782196,-0.24011005943901223,-0.24020294996782202,-0.18520294996782197,0.059797050032178424,-0.14870858473197354,0.0,0.24020294996782196,0.20685347986557684,2.0253040305150286e-06,0,0,0,0,0,inf,inf,0,0,0.0,1.0187272630423583,-2.68200031280953e-06,0.4090481690092368,-2.0061944003510774e-05,-1.0885272630423584,6.077506988458607e-06,1.5252901229449944,-0.7853128823061867,7.64904010487664e-05,0.10079182264772227,-0.0002847487152292722,0.15594614489001007,0.00025604171538895525,-0.08298552446020172,-0.00010471718037546014,0.005123420987784931,-34.50216334675807,0.4092512436694824,17.09348117759908,0.7391534491119046,1.6405100402574218,0.0012269037895839283,0.005123420987784931,-34.50216334675807,0.4092512436694824,17.09348117759908,0.7391534491119046,1.6405100402574218,0.0012269037895839283
6.451000000000489,2,1,1,2,0.0004960275704196373,4.714097669110474,5.004546034576089,5.0,0.6737994060065094,-1.2169090043106599e-05,0.4360066527374187,0.011659005495415304,-4.280384598636809e-05,-0.002198807767031393,0.6780850099023708,-9.278129557961225e-06,0.004285604870945767,1.5714839940954521,0.12,0.12,1.0,-0.017391787495633897,-0.01741954977231235,0.0,0.0,0.0,-0.017391787495633897,-0.0,0.0,0.0,-0.20868385222567545,-0.20880152946057462,-0.24020294996782196,-0.24011005943901223,-0.24020294996782202,-0.18520294996782197,0.059797050032178424,-0.14888680219349587,0.0,0.24020294996782196,0.20685347986557684,2.045205778004894e-06,0,0,0,0,0,inf,inf,0,0,0.0,1.017188149642203,-1.935114452580357e-06,0.41004205925086856,-2.2918367955268397e-05,-1.0869881496422031,8.700319905231704e-06,1.5244612173704934,-0.785313991536626,7.316905267100371e-05,0.09825040781310104,-0.00028577780127398984,0.15225762832014234,0.00026651833292287713,-0.08278465864700846,-0.0001154917552099234,0.005413557443623084,-34.54616863668831,0.41035464189987503,17.10049999125624,0.7390824993290677,1.6401782116662504,0.001261710998988477,0.005413557443623084,-34.54616863668831,0.41035464189987503,17.10049999125624,0.7390824993290677,1.6401782116662504,0.001261710998988477
6.461000000000492,2,1,1,2,0.00047920705401036014,4.679216613412726,4.963433436036695,5.0,0.6739118707963593,-1.2593816555090182e-05,0.43598453534953935,0.010915290840365448,-4.21131846261535e-05,-0.0022228233755987497,0.6780850099023708,-9.278129557961225e-06,0.004173140423218763,1.5547535325903066,0.12,0.12,1.0,-0.01648864619172741,-0.016515635450575942,0.0,0.0,0.0,-0.01648864619172741,-0.0,0.0,0.0,-0.2088527509022715,-0.20897070139663318,-0.24020294996782196,-0.24011005943901223,-0.24020294996782202,-0.18520294996782197,0.059797050032178424,-0.14905570087009193,0.0,0.24020294996782196,0.20685347986557684,2.0013693901301425e-06,0,0,0,0,0,inf,inf,0,0,0.0,1.0156854926886152,-1.2226928850420095e-06,0.41101087985694945,-2.5764704203947504e-05,-1.0854854926886153,1.1397922970551066e-05,1.523635270441614,-0.7853151908783481,6.965048622366495e-05,0.09577235599286488,-0.00028321335080575845,0.14864857559044736,0.00027168664283259015,-0.08241719382377445,-0.0001231371781073649,0.005676131082815652,-34.5870688627226,0.41141652026778125,17.106399007147157,0.7390386159694495,1.6395067638299496,0.0012922751481251097,0.005676131082815652,-34.5870688627226,0.41141652026778125,17.106399007147157,0.7390386159694495,1.6395067638299496,0.0012922751481251097
6.471000000000496,2,1,1,2,0.0004623319466216238,4.646829266983463,4.923313084158919,5.0,0.6740172187133259,-1.3009114715185739e-05,0.4359622380497973,0.010228974764995647,-4.097236102942356e-05,-0.002236041371683575,0.6780850099023708,-9.278129557961225e-06,0.004067792900077557,1.5376348665612072,0.12,0.12,1.0,-0.015646606305593506,-0.015672907939706833,0.0,0.0,0.0,-0.015646606305593506,-0.0,0.0,0.0,-0.20901295732510194,-0.20913117389362604,-0.24020294996782196,-0.24011005943901223,-0.24020294996782202,-0.18520294996782197,0.059797050032178424,-0.14921590729292236,0.0,0.24020294996782196,0.20685347986557684,1.9302804577338957e-06,0,0,0,0,0,inf,inf,0,0,0.0,1.0142184478946596,-5.45713255470731e-07,0.4119552883890117,-2.8568932763291368e-05,-1.0840184478946597,1.4122248263778133e-05,1.5228137479423376,-0.7853164517090836,6.610717869557076e-05,0.09336182073910751,-0.0002777533754997777,0.1451275787272122,0.00027244329776705345,-0.08191778774668611,-0.0001281269894201898,0.005909197291360316,-34.62520303955342,0.41243577124099423,17.111394719861778,0.7390161740504089,1.638703110719911,0.0013196067538280994,0.005909197291360316,-34.62520303955342,0.41243577124099423,17.111394719861778,0.7390161740504089,1.638703110719911,0.0013196067538280994
6.481000000000499,2,1,1,2,0.0004454757746644991,4.616724772249397,4.884372345992474,5.0,0.6741159919041929,-1.3410785758988647e-05,0.4359398591585798,0.009594484076690066,-3.9437559079141234e-05,-0.002240164717346086,0.6780850099023708,-9.278129557961225e-06,0.0039690201496977665,1.5202080231894644,0.12,0.12,1.0,-0.014861677188467365,-0.014887312160115015,0.0,0.0,0.0,-0.014861677188467365,-0.0,0.0,0.0,-0.20916506087936723,-0.20928353679570263,-0.24020294996782196,-0.24011005943901223,-0.24020294996782202,-0.18520294996782197,0.059797050032178424,-0.14936801084718765,0.0,0.24020294996782196,0.20685347986557684,1.851967110004395e-06,0,0,0,0,0,inf,inf,0,0,0.0,1.0127860995289784,9.62923458214042e-08,0.4128759771441779,-3.1305511249792636e-05,-1.0825860995289784,1.6833611832006943e-05,1.5219978238030418,-0.7853177497447799,6.266279313283875e-05,0.09102175247881915,-0.0002700051280077665,0.1417007044378402,0.00026957770531161473,-0.08131179915692816,-0.00013086507536461508,0.00611200377385272,-34.66083656508317,0.4134122792139951,17.11562399253517,0.739010378766095,1.6378795114820988,0.0013442602981581261,0.00611200377385272,-34.66083656508317,0.4134122792139951,17.11562399253517,0.739010378766095,1.6378795114820988,0.0013442602981581261
6.491000000000502,2,1,1,2,0.00042870036927614066,4.588747452075348,4.846748982417679,5.0,0.6742086836560482,-1.3795220961829774e-05,0.4359174819143522,0.009007408304784659,-3.7569485810002204e-05,-0.0022365618527763354,0.6780850099023708,-9.278129557961225e-06,0.003876328878209828,1.5025419704799667,0.12,0.12,1.0,-0.014129701480812034,-0.014154662617302905,0.0,0.0,0.0,-0.014129701480812034,-0.0,0.0,0.0,-0.20930960979585045,-0.20942833836760225,-0.24020294996782196,-0.24011005943901223,-0.24020294996782202,-0.18520294996782197,0.059797050032178424,-0.14951255976367087,0.0,0.24020294996782196,0.20685347986557684,1.7766326962546923e-06,0,0,0,0,0,inf,inf,0,0,0.0,1.011387482234767,7.04812761552726e-07,0.4137736622512557,-3.395449609789256e-05,-1.0811874822347671,1.9499627459847552e-05,1.5211884530340487,-0.7853190644277089,5.940315923844714e-05,0.08875409687182285,-0.00026049078174985376,0.13837208460545133,0.00026377183459413327,-0.08061866585939989,-0.00013170035262797972,0.006284686989449416,-34.69418783079466,0.41434669026881055,17.11917805212391,0.7390172791311527,1.6370943157286724,0.0013665319300659078,0.006284686989449416,-34.69418783079466,0.41434669026881055,17.11917805212391,0.7390172791311527,1.6370943157286724,0.0013665319300659078
6.501000000000506,2,1,1,2,0.0004120578932302046,4.562772933118868,4.810543562647577,5.0,0.6742957473696273,-1.4159427343064528e-05,0.43589517720302207,0.008464054425698399,-3.5429928519036834e-05,-0.0022263705618302777,0.6780850099023708,-9.278129557961225e-06,0.003789265676766617,1.4846968823286963,0.12,0.12,1.0,-0.01344663654426075,-0.013470907049461356,0.0,0.0,0.0,-0.01344663654426075,-0.0,0.0,0.0,-0.20944711121282097,-0.20956608561244144,-0.24020294996782196,-0.24011005943901223,-0.24020294996782202,-0.18520294996782197,0.059797050032178424,-0.1496500611806414,0.0,0.24020294996782196,0.20685347986557684,1.708802193447122e-06,0,0,0,0,0,inf,inf,0,0,0.0,1.0100215980014886,1.282025524137675e-06,0.4146490745355306,-3.650073292200694e-05,-1.0798215980014887,2.2094181214988306e-05,1.5203864191145582,-0.7853203784372494,5.638432060113307e-05,0.08655995606990188,-0.0002496550836781889,0.13514432759764478,0.0002556099163157297,-0.07985389895730811,-0.00013093721060159456,0.0064280259912847994,-34.72544373866064,0.4152402004958346,17.122121900848573,0.7390336723916164,1.6363756015101936,0.001386578374650131,0.0064280259912847994,-34.72544373866064,0.4152402004958346,17.122121900848573,0.7390336723916164,1.6363756015101936,0.001386578374650131
6.511000000000509,2,1,1,2,0.0003955968737689155,4.538835988668951,4.775830160905183,5.0,0.6743776212098131,-1.4501041997248661e-05,0.4358730111970941,0.00796705191636907,-3.307939375487414e-05,-0.002208794483913079,0.6780850099023708,-9.278129557961225e-06,0.0037073923715353224,1.4667293666722758,0.12,0.12,1.0,-0.012790152586616048,-0.012812289435498562,0.0,0.0,0.0,-0.012790152586616048,-0.0,0.0,0.0,-0.20957796435431847,-0.2096971675452394,-0.24020294996782196,-0.24011005943901223,-0.24020294996782202,-0.18520294996782197,0.059797050032178424,-0.14978091432213889,0.0,0.24020294996782196,0.20685347986557684,2.2090070248122466e-06,0,0,0,0,0,inf,inf,0,0,0.0,1.0086874176921203,1.8308745707082368e-06,0.4155029604126407,-3.893232485708584e-05,-1.0784874176921204,2.4593905244714804e-05,1.5195924276996002,-0.7853216801380263,5.370715554999796e-05,0.08444242898194296,-0.0002376772975420523,0.13202263994101024,0.0002450038661496579,-0.07901139813969038,-0.0001294535937660078,0.006536549718053389,-34.75464258905602,0.41608981230715875,17.12429276209997,0.7390615106878058,1.6354794359737679,0.001412093220813172,0.006536549718053389,-34.75464258905602,0.41608981230715875,17.12429276209997,0.7390615106878058,1.6354794359737679,0.001412093220813172
6.521000000000512,2,1,1,2,0.0003793843517663478,4.517345009280531,4.742713694474069,5.0,0.6744548159892625,-1.4818073727005437e-05,0.4358510730256685,0.007521926020081905,-3.054061777709459e-05,-0.0021819422835547735,0.6780850099023708,-9.278129557961225e-06,0.0036301981402878897,1.4487097233540704,0.12,0.12,1.0,-0.012157512657052805,-0.012178748727688307,0.0,0.0,0.0,-0.012157512657052805,-0.0,0.0,0.0,-0.2097023604375595,-0.20982177987245698,-0.24020294996782196,-0.24011005943901223,-0.24020294996782202,-0.18520294996782197,0.059797050032178424,-0.1499053104053799,0.0,0.24020294996782196,0.20685347986557684,2.42962532306982e-06,0,0,0,0,0,inf,inf,0,0,0.0,1.0073838215266748,2.3542814297935787e-06,0.4163361221163222,-4.123929193304001e-05,-1.077183821526675,2.69782374956824e-05,1.5188073886354492,-0.785322960406385,5.125515777690132e-05,0.08240695569545836,-0.000224892791634858,0.12901637986991477,0.00023287581075145087,-0.07807743196517397,-0.00012665324007705983,0.006616500832840201,-34.78167012994474,0.41690034546395294,17.125244557768216,0.7390947712204611,1.6338202196640719,0.001435813282551147,0.006616500832840201,-34.78167012994474,0.41690034546395294,17.125244557768216,0.7390947712204611,1.6338202196640719,0.001435813282551147
6.531000000000516,2,1,1,2,0.00036348142918243755,4.497975201892161,4.711290213432573,5.0,0.6745278052066574,-1.5108970179978118e-05,0.43582944348882224,0.007120423639978349,-2.787622269024202e-05,-0.0021480241416258986,0.6780850099023708,-9.278129557961225e-06,0.00355720947456108,1.4307002178733037,0.12,0.12,1.0,-0.011556713019855688,-0.01157720280166432,0.0,0.0,0.0,-0.011556713019855688,-0.0,0.0,0.0,-0.2098206046723573,-0.2099402322731509,-0.24020294996782196,-0.24011005943901223,-0.24020294996782202,-0.18520294996782197,0.059797050032178424,-0.15002355464017772,0.0,0.24020294996782196,0.20685347986557684,2.5534215031270627e-06,0,0,0,0,0,inf,inf,0,0,0.0,1.006109650793718,2.854429264593274e-06,0.4171493759568913,-4.341555464499317e-05,-1.075909650793718,2.9235134469899798e-05,1.518032046600965,-0.785324205745921,4.9037058334640475e-05,0.08045247416271285,-0.0002116291582748175,0.12612579444995367,0.000219668978526467,-0.07708253423090046,-0.0001226411277342549,0.006672503824565133,-34.8068272229584,0.4176760703085578,17.125222142501993,0.7391305525256544,1.6316408967670113,0.0014547124193937681,0.006672503824565133,-34.8068272229584,0.4176760703085578,17.125222142501993,0.7391305525256544,1.6316408967670113,0.0014547124193937681
6.541000000000519,2,1,1,2,0.00034793325101803354,4.480438220790004,4.681598304811998,5.0,0.6745969869823129,-1.5372798298710794e-05,0.43580818270029215,0.006755874228659443,-2.5143366060785467e-05,-0.002108897780814916,0.6780850099023708,-9.278129557961225e-06,0.0034880282447016233,1.4127481030082094,0.12,0.12,1.0,-0.01098798514461859,-0.011007807714613595,0.0,0.0,0.0,-0.01098798514461859,-0.0,0.0,0.0,-0.20993301744784126,-0.21005284623304527,-0.24020294996782196,-0.24011005943901223,-0.24020294996782202,-0.18520294996782197,0.059797050032178424,-0.15013596741566168,0.0,0.24020294996782196,0.20685347986557684,2.607883468131482e-06,0,0,0,0,0,inf,inf,0,0,0.0,1.0048637584187612,3.333778927436716e-06,0.41794352109655175,-4.545775387232799e-05,-1.0746637584187613,3.1355349268588545e-05,1.517266878629284,-0.7853254056478728,4.707150390254707e-05,0.07857693376906556,-0.00019814168203078402,0.12334888935144833,0.0002056671063457094,-0.07604958599418539,-0.00011770069105999966,0.006706002098525624,-34.830370012408764,0.41841897081179596,17.12444058981297,0.7391681224679767,1.6291511921496908,0.0014697644070600436,0.006706002098525624,-34.830370012408764,0.41841897081179596,17.12444058981297,0.7391681224679767,1.6291511921496908,0.0014697644070600436
6.551000000000522,2,1,1,2,0.0003327721167290234,4.464517353189839,4.65363746524098,5.0,0.67466270141679,-1.5609142647845395e-05,0.43578733443126483,0.006423113135166389,-2.238969576854953e-05,-0.0020660282754907233,0.6780850099023708,-9.278129557961225e-06,0.0034223143415246025,1.3948894949064354,0.12,0.12,1.0,-0.010450872631980879,-0.010470064223387891,0.0,0.0,0.0,-0.010450872631980879,-0.0,0.0,0.0,-0.21003991741231592,-0.21015994093463936,-0.24020294996782196,-0.24011005943901223,-0.24020294996782202,-0.18520294996782197,0.059797050032178424,-0.15024286738013634,0.0,0.24020294996782196,0.20685347986557684,2.6144830234957252e-06,0,0,0,0,0,inf,inf,0,0,0.0,1.0036450246834134,3.794863678252204e-06,0.4187193331826683,-4.7364882548040476e-05,-1.0734450246834135,3.3332522699780294e-05,1.5165121711413367,-0.7853265521519607,4.535749806131279e-05,0.07677777179870401,-0.0001846483230353616,0.1206824120200986,0.00019115750971578514,-0.07499486721110758,-0.0001120664249310946,0.006718703562184005,-34.8524994457647,0.4191310368636498,17.123057945480657,0.7392064338197564,1.626495186874999,0.0014815624293677838,0.006718703562184005,-34.8524994457647,0.4191310368636498,17.123057945480657,0.7392064338197564,1.626495186874999,0.0014815624293677838
6.561000000000526,2,1,1,2,0.0003180200367880739,4.450045687760341,4.627381499018531,5.0,0.6747252432503643,-1.5818020211818903e-05,0.4357669295583533,0.006118067004912123,-1.96550356159859e-05,-0.0020205718009275193,0.6780850099023708,-9.278129557961225e-06,0.003359773017051047,1.3771521847587427,0.12,0.12,1.0,-0.009944490524601732,-0.009963064691911423,0.0,0.0,0.0,-0.009944490524601732,-0.0,0.0,0.0,-0.21014161612880858,-0.2102618281657456,-0.24020294996782196,-0.24011005943901223,-0.24020294996782202,-0.18520294996782197,0.059797050032178424,-0.150344566096629,0.0,0.24020294996782196,0.20685347986557684,2.588963068210725e-06,0,0,0,0,0,inf,inf,0,0,0.0,1.0024523669164886,4.2401295600477345e-06,0.4194775603655581,-4.913789542464511e-05,-1.0722523669164887,3.5163056521469134e-05,1.5157680747495574,-0.7853276394375969,4.3880836554332866e-05,0.0750521101112118,-0.00017132751026312576,0.11812234874309827,0.00017640447141827645,-0.07392999165472991,-0.00010593660563428679,0.006712411543730363,-34.87337594725088,0.4198142088617715,17.121191571917976,0.7392444039833596,1.623771051682917,0.0014905255403948893,0.006712411543730363,-34.87337594725088,0.4198142088617715,17.121191571917976,0.7392444039833596,1.623771051682917,0.0014905255403948893
6.571000000000529,2,1,1,2,0.0003036908119116435,4.436891030146684,4.602787639536139,5.0,0.6747848710815191,-1.5999808420327402e-05,0.4357469887843832,0.005837460898968369,-1.6972459895580944e-05,-0.0019734401637990957,0.6780850099023708,-9.278129557961225e-06,0.003300145666157631,1.3595576722683023,0.12,0.12,1.0,-0.00946768520663315,-0.009485645021542347,0.0,0.0,0.0,-0.00946768520663315,-0.0,0.0,0.0,-0.21023841472902796,-0.21035880912834212,-0.24020294996782196,-0.24011005943901223,-0.24020294996782202,-0.18520294996782197,0.059797050032178424,-0.15044136469684838,0.0,0.24020294996782196,0.20685347986557684,2.542568938485636e-06,0,0,0,0,0,inf,inf,0,0,0.0,1.001284745141661,4.671831133129381e-06,0.4202189209446898,-5.077932216592906e-05,-1.0710847451416612,3.68458101394009e-05,1.5150346430581763,-0.7853286634938181,4.261894644742917e-05,0.07339689337623015,-0.0001583200763438161,0.11566426197295314,0.00016163762264460906,-0.07286326435934377,-9.947861989816848e-05,0.006688948576203437,-34.8931298667907,0.42047036752459976,17.11892967843008,0.7392810542266308,1.6210448788047565,0.0014969786190355849,0.006688948576203437,-34.8931298667907,0.42047036752459976,17.11892967843008,0.7392810542266308,1.6210448788047565,0.0014969786190355849
6.581000000000532,2,1,1,2,0.00028979172588952575,4.424945516068557,4.579802736472084,5.0,0.6748418141515199,-1.6155181927389667e-05,0.4357275247963406,0.005578610853462376,-1.4369040273019233e-05,-0.0019253509448949099,0.6780850099023708,-9.278129557961225e-06,0.0032432030420845304,1.3421226468049159,0.12,0.12,1.0,-0.009019138063293027,-0.009036483236571267,0.0,0.0,0.0,-0.009019138063293027,-0.0,0.0,0.0,-0.2103306018317172,-0.21045117244907072,-0.24020294996782196,-0.24011005943901223,-0.24020294996782202,-0.18520294996782197,0.059797050032178424,-0.15053355179953762,0.0,0.24020294996782196,0.20685347986557684,2.4832161620467962e-06,0,0,0,0,0,inf,inf,0,0,0.0,1.000141164991958,5.091968271602448e-06,0.4209441021590013,-5.2292911319882134e-05,-1.0699411649919581,3.838173095654738e-05,1.5143118602304528,-0.785329621830119,4.154444271135181e-05,0.07180898614452115,-0.00014573305454243106,0.11330351741367656,0.00014704863374633565,-0.07180063495613447,-9.283243665201749e-05,0.006650111403248716,-34.91186895394207,0.42110132815770757,17.116339468951793,0.7393155677390472,1.618360376629592,0.0015011877304371094,0.006650111403248716,-34.91186895394207,0.42110132815770757,17.116339468951793,0.7393155677390472,1.618360376629592,0.0015011877304371094
6.591000000000536,2,1,1,2,0.00027632492423026924,4.414118485369789,4.558367436925107,5.0,0.6748962774020201,-1.628505593602952e-05,0.4357085439840964,0.005339276428436909,-1.1866443677714005e-05,-0.0018768667733943542,0.6780850099023708,-9.278129557961225e-06,0.0031887401988575283,1.3248600752590511,0.12,0.12,1.0,-0.00859743584241972,-0.00861416665465959,0.0,0.0,0.0,-0.00859743584241972,-0.0,0.0,0.0,-0.21041845230087533,-0.21053919298988882,-0.24020294996782196,-0.24011005943901223,-0.24020294996782202,-0.18520294996782197,0.059797050032178424,-0.15062140226869575,0.0,0.24020294996782196,0.20685347986557684,2.416414827437119e-06,0,0,0,0,0,inf,inf,0,0,0.0,0.9990206787941452,5.5022529399985895e-06,0.42165375977970804,-5.3683316797484825e-05,-1.0688206787941452,3.9773478313748025e-05,1.5135996606608766,-0.7853305132192921,4.062771095201232e-05,0.07028524083899204,-0.00013364417644152376,0.11103543522820829,0.00013279231784852548,-0.07074636824275235,-8.611367615934833e-05,0.006597639718141257,-34.929683734082786,0.42170883299067924,17.113472912128486,0.7393473031558313,1.6157456646723682,0.0015033783513282196,0.006597639718141257,-34.929683734082786,0.42170883299067924,17.113472912128486,0.7393473031558313,1.6157456646723682,0.0015033783513282196
6.601000000000539,2,1,1,2,0.0002632885364226836,4.404331612260001,4.538419000152874,5.0,0.6749484453022185,-1.639053514514784e-05,0.4356900478137583,0.005117555401202546,-9.481473752748483e-06,-0.0018284263136534645,0.6780850099023708,-9.278129557961225e-06,0.003136572664109865,1.3077800086707099,0.12,0.12,1.0,-0.008201120189504134,-0.008217239449538526,0.0,0.0,0.0,-0.008201120189504134,-0.0,0.0,0.0,-0.21050222658553708,-0.2106231312155103,-0.24020294996782196,-0.24011005943901223,-0.24020294996782202,-0.18520294996782197,0.059797050032178424,-0.1507051765533575,0.0,0.24020294996782196,0.20685347986557684,2.345959045070209e-06,0,0,0,0,0,inf,inf,0,0,0.0,0.9979223854436207,5.904097607386266e-06,0.42234851826384184,-5.4955830134793715e-05,-1.0677223854436206,4.102507168366107e-05,1.5128979430881677,-0.7853313374702323,3.9838759852968226e-05,0.06882254513293791,-0.00012210644942595617,0.10885538917852722,0.00011898988482665366,-0.06970351686730343,-7.941655531746108e-05,0.006533193638062539,-34.9466514026304,0.42229454284562146,17.11037083881927,0.739375785375508,1.6132180361713067,0.0015037461060313944,0.006533193638062539,-34.9466514026304,0.42229454284562146,17.11037083881927,0.739375785375508,1.6132180361713067,0.0015037461060313944
6.611000000000542,2,1,1,2,0.00025067758839217216,4.39551559061683,4.519893185188291,5.0,0.6749984847945404,-1.6472867995725227e-05,0.4356720339275597,0.004911808095030204,-7.226594472933809e-06,-0.001780368872461229,0.6780850099023708,-9.278129557961225e-06,0.0030865334933430446,1.2908901867565752,0.12,0.12,1.0,-0.007828723365987998,-0.00784423718087417,0.0,0.0,0.0,-0.007828723365987998,-0.0,0.0,0.0,-0.21058217047458788,-0.21070323296075713,-0.24020294996782196,-0.24011005943901223,-0.24020294996782202,-0.18520294996782197,0.059797050032178424,-0.1507851204424083,0.0,0.24020294996782196,0.20685347986557684,2.27442806924096e-06,0,0,0,0,0,inf,inf,0,0,0.0,0.9968454294948922,6.2986190392963364e-06,0.42302897129682054,-5.61161573409735e-05,-1.0666454294948922,4.214157691679693e-05,1.5122065807840128,-0.785332095229477,3.914852475739307e-05,0.06741785466138434,-0.00011115248331333916,0.10675887017030922,0.00010573305570183475,-0.06867425547739038,-7.28166937571046e-05,0.006458338089740492,-34.96283866965915,0.4228600299692994,17.107065861760418,0.7394006862262731,1.6107872960745597,0.0015024637012731438,0.006458338089740492,-34.96283866965915,0.4228600299692994,17.107065861760418,0.7394006862262731,1.6107872960745597,0.0015024637012731438
6.621000000000546,2,1,1,2,0.00023848474294943436,4.387607886253135,4.502725511801791,5.0,0.6750465476043878,-1.6533406111010596e-05,0.43565449702592796,0.0047206025747816155,-5.1104454740136235e-06,-0.001732954049992741,0.6780850099023708,-9.278129557961225e-06,0.0030384709600886333,1.2741964963139412,0.12,0.12,1.0,-0.007478794277667909,-0.007493712133948936,0.0,0.0,0.0,-0.007478794277667909,-0.0,0.0,0.0,-0.2106585151528424,-0.21077972949022597,-0.24020294996782196,-0.24011005943901223,-0.24020294996782202,-0.18520294996782197,0.059797050032178424,-0.1508614651206628,0.0,0.24020294996782196,0.20685347986557684,2.203545799690888e-06,0,0,0,0,0,inf,inf,0,0,0.0,0.9957889997575683,6.686652749534368e-06,0.42369568260160534,-5.717023681762767e-05,-1.0655889997575683,4.312883487308061e-05,1.511525428962472,-0.7853327878097641,3.85297565221576e-05,0.06606821525140633,-0.00010079840205628252,0.10474152557210868,9.308832681324856e-05,-0.06766011782207629,-6.637372245772706e-05,0.00637453294525284,-34.978303858696584,0.4234067730481199,17.103584464634125,0.7394218019078653,1.6084581002482412,0.0014996856600621898,0.00637453294525284,-34.978303858696584,0.4234067730481199,17.103584464634125,0.7394218019078653,1.6084581002482412,0.0014996856600621898
6.631000000000549,2,1,1,2,0.0002267008990500521,4.380551217290289,4.486852099427006,5.0,0.6750927720870333,-1.65735688298859e-05,0.4356374295751528,0.004542674562566887,-3.138345262209315e-06,-0.0016863775064856917,0.6780850099023708,-9.278129557961225e-06,0.002992246708907775,1.2577033232113997,0.12,0.12,1.0,-0.007149917389564107,-0.007164251860467861,0.0,0.0,0.0,-0.007149917389564107,-0.0,0.0,0.0,-0.21073147747658463,-0.21085283777238115,-0.24020294996782196,-0.24011005943901223,-0.24020294996782202,-0.18520294996782197,0.059797050032178424,-0.15093442744440505,0.0,0.24020294996782196,0.20685347986557684,2.13443674485396e-06,0,0,0,0,0,inf,inf,0,0,0.0,0.9947523275946509,7.068774539397096e-06,0.4243491869267366,-5.8124093776981305e-05,-1.064552327594651,4.399323169725141e-05,1.5108543302124924,-0.78533341704339,3.795759590439438e-05,0.06477077762745634,-9.104727472905392e-05,0.1027991821376201,8.110101515244035e-05,-0.06666216580276071,-6.01336541615945e-05,0.006283127856715389,-34.99309847334545,0.42393615467436674,17.099948504406985,0.7394390308088998,1.6062315943097614,0.0014955516604401847,0.006283127856715389,-34.99309847334545,0.42393615467436674,17.099948504406985,0.7394390308088998,1.6062315943097614,0.0014955516604401847
6.6410000000005525,2,1,1,2,0.0002153156751109322,4.374292528136641,4.472210222708083,5.0,0.6751372847338738,-1.6594812667686533e-05,0.43562082237483296,0.004376897763307168,-1.3127739325916591e-06,-0.001640783660319706,0.6780850099023708,-9.278129557961225e-06,0.0029477342490194236,1.2414138262286656,0.12,0.12,1.0,-0.006840726244459163,-0.006854492517664271,0.0,0.0,0.0,-0.006840726244459163,-0.0,0.0,0.0,-0.2108012604074037,-0.21092276090935205,-0.24020294996782196,-0.24011005943901223,-0.24020294996782202,-0.18520294996782197,0.059797050032178424,-0.15100421037522413,0.0,0.24020294996782196,0.20685347986557684,2.0678074126019932e-06,0,0,0,0,0,inf,inf,0,0,0.0,0.9937346850558711,7.445326415330125e-06,0.4249899911501128,-5.89837262716223e-05,-1.0635346850558711,4.474150749201452e-05,1.51019311851662,-0.7853339851578747,3.740990966305668e-05,0.06352280668733526,-8.189205767268883e-05,0.10092785790552762,6.97989146055986e-05,-0.06568111073639125,-5.413099910466651e-05,0.006185360794191424,-35.00726838220327,0.4244494610769233,17.09617629832044,0.7394523533822088,1.6041065612100422,0.001490188943380098,0.006185360794191424,-35.00726838220327,0.4244494610769233,17.09617629832044,0.7394523533822088,1.6041065612100422,0.001490188943380098
6.651000000000556,2,1,1,2,0.0002043177971368373,4.368782295431371,4.458738677119241,5.0,0.6751802014246474,-1.6598605453707466e-05,0.4356046650122114,0.00422226157701866,3.661730407053925e-07,-0.0015962759444549592,0.6780850099023708,-9.278129557961225e-06,0.002904817701960097,1.2253301529422864,0.12,0.12,1.0,-0.00654991280487315,-0.006563128148138612,0.0,0.0,0.0,-0.00654991280487315,-0.0,0.0,0.0,-0.21086805355738472,-0.21098968867698698,-0.24020294996782196,-0.24011005943901223,-0.24020294996782202,-0.18520294996782197,0.059797050032178424,-0.15107100352520514,0.0,0.24020294996782196,0.20685347986557684,2.0040744140572354e-06,0,0,0,0,0,inf,inf,0,0,0.0,0.9927353829349078,7.816444837763782e-06,0.425618575452845,-5.975501806253971e-05,-1.0625353829349078,4.538059910963429e-05,1.5095416222517184,-0.7853344946713866,3.686744716961327e-05,0.06232168684166552,-7.331807224425393e-05,0.0991237667544213,5.9195504647933506e-05,-0.06471740099168842,-4.839062789209315e-05,0.006082359395212449,-35.020854728239435,0.42494788372775577,17.09228341609731,0.7394618147007574,1.6020802241667882,0.0014837140825437918,0.006082359395212449,-35.020854728239435,0.42494788372775577,17.09228341609731,0.7394618147007574,1.6020802241667882,0.0014837140825437918
6.661000000000559,2,1,1,4,0.00019370875178639693,4.348075496460002,4.4461718970244135,5.0,0.675221629865578,-1.658660032373857e-05,0.4355889603796667,0.004079233011784628,1.704880556832643e-06,-0.0015387702246790365,0.6780850099023708,-9.278129557961225e-06,0.0028633893638218767,1.2094561716500838,0.12,0.12,1.0,-0.008866766052176062,-0.00890813123938864,0.0,0.0,0.0,-0.008866766052176062,-0.0,0.0,0.0,-0.21093462434163418,-0.21105774460549734,-0.24020294996782196,-0.24011005943901223,-0.24020294996782202,-0.18520294996782197,0.059797050032178424,-0.1511375743094546,0.0,0.24020294996782196,0.20685347986557684,1.9426519261370626e-06,0,0,0,0,0,inf,inf,0,0,0.0,0.9917538025006941,8.182816934090959e-06,0.4262353556132988,-6.044481867910406e-05,-1.061553802500694,4.59174003049328e-05,1.5088997059069298,-0.7853349476478073,3.70410295997139e-05,0.06112600779209657,-6.644983896056946e-05,0.09734962677929922,4.918045690397745e-05,-0.06373182958131803,-4.227173615261377e-05,0.0059751443576715,-35.033852467378786,0.4254325229465059,17.08825394206446,0.7394675094027641,1.600142960510777,0.0014762343110304125,0.0059751443576715,-35.033852467378786,0.4254325229465059,17.08825394206446,0.7394675094027641,1.600142960510777,0.0014762343110304125
6.6710000000005625,2,1,1,4,0.00018424733828262176,4.336619375039216,4.4322950998892345,5.0,0.6752617186731406,-1.6570924406657475e-05,0.43557451388305035,0.0039493191346482515,1.5359240872034751e-06,-0.0013734051056000405,0.6780850099023708,-9.278129557961225e-06,0.0028233006481607403,1.1939380141928928,0.12,0.12,1.0,-0.007978381879497374,-0.008013189279033533,0.0,0.0,0.0,-0.007978381879497374,-0.0,0.0,0.0,-0.21101827691608294,-0.211141772371148,-0.24020294996782196,-0.24011005943901223,-0.24020294996782202,-0.18520294996782197,0.059797050032178424,-0.15122122688390335,0.0,0.24020294996782196,0.20685347986557684,3.724286511562633e-06,0,0,0,0,0,inf,inf,0,0,0.0,0.9907914036967779,8.58351377258476e-06,0.4268384236339477,-6.11221933107392e-05,-1.0605914036967778,4.635601247304782e-05,1.5082694723890202,-0.7853353222615289,4.2137369228135276e-05,0.05965010601318672,-6.834497020941729e-05,0.09534374330791091,3.98742114583015e-05,-0.062459219667536856,-3.441766814586398e-05,0.006000003080299024,-35.03959702234387,0.42605903809146345,17.079130846104977,0.7395488398529948,1.593632017705274,0.0014057546768757975,0.006000003080299024,-35.03959702234387,0.42605903809146345,17.079130846104977,0.7395488398529948,1.593632017705274,0.0014057546768757975
6.681000000000566,2,1,1,4,0.0001761471609394152,4.327006286895068,4.418858453605391,5.0,0.6753004879722823,-1.655452670123768e-05,0.4355615512048086,0.0038164619885568463,1.7742272066847784e-06,-0.0012379474453368376,0.6780850099023708,-9.278129557961225e-06,0.0027845314372617735,1.1788122315075213,0.12,0.12,1.0,-0.007235140590770015,-0.007264720014372602,0.0,0.0,0.0,-0.007235140590770015,-0.0,0.0,0.0,-0.2110938637252655,-0.21121767774385947,-0.24020294996782196,-0.24011005943901223,-0.24020294996782202,-0.18520294996782197,0.059797050032178424,-0.15129681369308592,0.0,0.24020294996782196,0.20685347986557684,3.1835971876833184e-06,0,0,0,0,0,inf,inf,0,0,0.0,0.9898486364026765,9.021703650036338e-06,0.42742721329451355,-6.180415605342079e-05,-1.0596486364026765,4.671363911008e-05,1.5076514433009498,-0.7853356421598126,4.489871261852452e-05,0.0582603351440444,-6.776826883245001e-05,0.09341504973026626,3.2661004419673826e-05,-0.06127795838338689,-3.0316048743255484e-05,0.0059709766374028556,-35.04579845613225,0.4266075920308152,17.070972682431588,0.7395922363392329,1.588333852902434,0.0013780415667575612,0.0059709766374028556,-35.04579845613225,0.4266075920308152,17.070972682431588,0.7395922363392329,1.588333852902434,0.0013780415667575612
6.691000000000569,2,1,1,4,0.00016915634999306508,4.319081864121291,4.4060404989086726,5.0,0.6753379312117527,-1.6534307891711748e-05,0.4355498052222927,0.003684579361092991,2.2544010863696e-06,-0.0011267692650329675,0.6780850099023708,-9.278129557961225e-06,0.002747088273895096,1.1640294538652276,0.12,0.12,1.0,-0.006612494800060956,-0.006637692041582667,0.0,0.0,0.0,-0.006612494800060956,-0.0,0.0,0.0,-0.21116270030615972,-0.211286785375952,-0.24020294996782196,-0.24011005943901223,-0.24020294996782202,-0.18520294996782197,0.059797050032178424,-0.15136565027398013,0.0,0.24020294996782196,0.20685347986557684,2.774821717985474e-06,0,0,0,0,0,inf,inf,0,0,0.0,0.9889247463085761,9.4777386819984e-06,0.42800254194799203,-6.247029387849438e-05,-1.058724746308576,4.700753259454599e-05,1.5070448196988664,-0.7853359293657197,4.5964134653339594e-05,0.056948873851001475,-6.544789493686489e-05,0.09156041296744498,2.6884033825321927e-05,-0.060168230293265464,-2.7522457232818412e-05,0.005916683337548974,-35.052271026270084,0.42710955322450134,17.063532499296947,0.7396097276421431,1.5839603912818263,0.001365280272312679,0.005916683337548974,-35.052271026270084,0.42710955322450134,17.063532499296947,0.7396097276421431,1.5839603912818263,0.001365280272312679
6.7010000000005725,2,1,1,4,0.00016306954633862804,4.312688289540988,4.393974852391117,5.0,0.6753740731620477,-1.650846762540935e-05,0.4355390589805288,0.003556229177297433,2.870718845682029e-06,-0.0010353185333353578,0.6780850099023708,-9.278129557961225e-06,0.00271094638232151,1.1495522303320322,0.12,0.12,1.0,-0.0060895525020016605,-0.006111082571566066,0.0,0.0,0.0,-0.0060895525020016605,-0.0,0.0,0.0,-0.2112258744358927,-0.21135019076796188,-0.24020294996782196,-0.24011005943901223,-0.24020294996782202,-0.18520294996782197,0.059797050032178424,-0.1514288244037131,0.0,0.24020294996782196,0.20685347986557684,2.463362565241415e-06,0,0,0,0,0,inf,inf,0,0,0.0,0.9880190085677175,9.937310755313678e-06,0.42856515449390703,-6.310592944680733e-05,-1.0578190085677175,4.724902672825132e-05,1.5064489677365607,-0.7853361914355451,4.579493919279967e-05,0.05570891153788897,-6.186080575049709e-05,0.08977700329069258,2.20165479316565e-05,-0.05911593720780922,-2.5163650803224933e-05,0.005848636965895354,-35.05888178299516,0.42757955469183817,17.056627599354297,0.7396098411800088,1.5802975792646456,0.0013576850943619442,0.005848636965895354,-35.05888178299516,0.42757955469183817,17.056627599354297,0.7396098411800088,1.5802975792646456,0.0013576850943619442
6.711000000000576,2,1,1,4,0.00015771930088967403,4.307671343607548,4.3827562349507785,5.0,0.67540895857296,-1.6476051112770184e-05,0.43552913613279004,0.003433001459521657,3.553481760159346e-06,-0.0009599081044396769,0.6780850099023708,-9.278129557961225e-06,0.0026760610097147754,1.1353519056299475,0.12,0.12,1.0,-0.0056490581548416935,-0.005667523096615957,0.0,0.0,0.0,-0.0056490581548416935,-0.0,0.0,0.0,-0.21128428550746098,-0.21140879982755384,-0.24020294996782196,-0.24011005943901223,-0.24020294996782202,-0.18520294996782197,0.059797050032178424,-0.1514872354752814,0.0,0.24020294996782196,0.20685347986557684,2.2235015864371605e-06,0,0,0,0,0,inf,inf,0,0,0.0,0.9871307258677687,1.0390057459578134e-05,0.4291157322881366,-6.370041341719665e-05,-1.0569307258677687,4.744505482382765e-05,1.5058633711225593,-0.7853364307132651,4.473751164494579e-05,0.05453444087272651,-5.7360087769439347e-05,0.08806210950885904,1.7687531652861728e-05,-0.058111029466411154,-2.292255711526356e-05,0.005772079588737648,-35.065536288472195,0.4280255704067681,17.050122942449832,0.7395985648498371,1.577185999243621,0.0013517109853331264,0.005772079588737648,-35.065536288472195,0.4280255704067681,17.050122942449832,0.7395985648498371,1.577185999243621,0.0013517109853331264
6.721000000000579,2,1,1,4,0.0001529690840924849,4.3038847942923475,4.372446463433705,5.0,0.6754426441455648,-1.6436664203617128e-05,0.43551989324869844,0.0033158049068218723,4.2563694270183296e-06,-0.0008975473748873671,0.6780850099023708,-9.278129557961225e-06,0.0026423754535188876,1.1214063207332017,0.12,0.12,1.0,-0.005276783682737103,-0.0052926888520458916,0.0,0.0,0.0,-0.005276783682737103,-0.0,0.0,0.0,-0.2113386774776089,-0.2114633619874123,-0.24020294996782196,-0.24011005943901223,-0.24020294996782202,-0.18520294996782197,0.059797050032178424,-0.15154162744542932,0.0,0.24020294996782196,0.20685347986557684,2.0362778272968495e-06,0,0,0,0,0,inf,inf,0,0,0.0,0.9862592278424204,1.0828607411306254e-05,0.4296549003103443,-6.424618752742375e-05,-1.0560592278424203,4.759958414742137e-05,1.505287597554356,-0.7853366476548679,4.305595372370104e-05,0.05342010756594522,-5.222330885988619e-05,0.08641304063130016,1.3656271623990674e-05,-0.05714630777840696,-2.0685888063028557e-05,0.005689791078870804,-35.07216811672047,0.42845258864024377,17.043918795051443,0.7395800509307578,1.5745065286553956,0.0013460144552416165,0.005689791078870804,-35.07216811672047,0.42845258864024377,17.043918795051443,0.7395800509307578,1.5745065286553956,0.0013460144552416165
6.7310000000005825,2,1,1,4,0.00014870760009774633,4.301192868744025,4.363080101409704,5.0,0.6754751929200402,-1.6390284235755528e-05,0.43551121361338696,0.00320507520118782,4.948847077917398e-06,-0.0008458077475850308,0.6780850099023708,-9.278129557961225e-06,0.0026098266731729588,1.1076981215232253,0.12,0.12,1.0,-0.004961004097072763,-0.004974772662216753,0.0,0.0,0.0,-0.004961004097072763,-0.0,0.0,0.0,-0.21138966618671265,-0.21151449767822536,-0.24020294996782196,-0.24011005943901223,-0.24020294996782202,-0.18520294996782197,0.059797050032178424,-0.15159261615453307,0.0,0.24020294996782196,0.20685347986557684,1.8878263212167232e-06,0,0,0,0,0,inf,inf,0,0,0.0,0.985403871145656,1.1247874616195087e-05,0.4301832330598739,-6.473815727294546e-05,-1.055203871145656,4.771473427235706e-05,1.5047212751593269,-0.7853368420748436,4.095216048347835e-05,0.052361099965019677,-4.667347513095965e-05,0.08482708197615073,9.778937178300029e-06,-0.056216567728774536,-1.8419016923652022e-05,0.005603475019841075,-35.07873115362112,0.4288640442361119,17.037941560658414,0.739557131596935,1.5721697577274343,0.0013400572306532616,0.005603475019841075,-35.07873115362112,0.4288640442361119,17.037941560658414,0.739557131596935,1.5721697577274343,0.0013400572306532616
6.741000000000586,2,1,1,4,0.00014484415766471883,4.29947139955309,4.354669596139612,5.0,0.6755066704141757,-1.633713092459516e-05,0.43550300221960975,0.0031009255392838034,5.611234776132244e-06,-0.0008027148842867322,0.6780850099023708,-9.278129557961225e-06,0.0025783491512761346,1.0942135155374937,0.12,0.12,1.0,-0.0046920561551496145,-0.004704041792965267,0.0,0.0,0.0,-0.0046920561551496145,-0.0,0.0,0.0,-0.21143776189663677,-0.21156272100159257,-0.24020294996782196,-0.24011005943901223,-0.24020294996782202,-0.18520294996782197,0.059797050032178424,-0.15164071186445718,0.0,0.24020294996782196,0.20685347986557684,1.7680772516704582e-06,0,0,0,0,0,inf,inf,0,0,0.0,0.9845640397679359,1.164451702808836e-05,0.4307012595095063,-6.517321237770236e-05,-1.054364039767936,4.7791580184344975e-05,1.5041640760586323,-0.7853370136417741,3.857981973114649e-05,0.051353066624549464,-4.089020067062538e-05,0.0833014845327391,5.979393590536669e-06,-0.05531799256788775,-1.6119638629303932e-05,0.005514294998608836,-35.085193963369555,0.4292624416816652,17.03213698160508,0.739531696653028,1.57010819473924,0.0013336147074337935,0.005514294998608836,-35.085193963369555,0.4292624416816652,17.03213698160508,0.739531696653028,1.57010819473924,0.0013336147074337935
6.751000000000589,2,1,1,4,0.0001413049552013981,4.2987057203866055,4.347211065010025,5.0,0.6755371423085765,-1.627757644144914e-05,0.4354951817903685,0.0030034313257709952,6.2318554123903535e-06,-0.0007666164609372977,0.6780850099023708,-9.278129557961225e-06,0.00254787720814081,1.0809414087222526,0.12,0.12,1.0,-0.004459877657596935,-0.004469813994229193,0.0,0.0,0.0,-0.004459877657596935,-0.0,0.0,0.0,-0.21148338482848458,-0.2116084538228691,-0.24020294996782196,-0.24011005943901223,-0.24020294996782202,-0.18520294996782197,0.059797050032178424,-0.151686334796305,0.0,0.24020294996782196,0.20685347986557684,1.7724644878640335e-06,0,0,0,0,0,inf,inf,0,0,0.0,0.983739144947987,1.2016507400961997e-05,0.4312094676174292,-6.554983156764361e-05,-1.053539144947987,4.7830711702969996e-05,1.5036157057193318,-0.7853371620722438,3.605093963636663e-05,0.05039222010549097,-3.5014001357859145e-05,0.08183371946563935,2.2317382125750903e-06,-0.054447262777435945,-1.3793225854012387e-05,0.005423152809794331,-35.09153396562249,0.42964969065865216,17.026461607571242,0.7395049192116288,1.5682662420529387,0.001326530202362758,0.005423152809794331,-35.09153396562249,0.42964969065865216,17.026461607571242,0.7395049192116288,1.5682662420529387,0.001326530202362758
6.7610000000005925,2,1,1,4,0.0001380325177666999,4.299009946264199,4.340720690251282,5.0,0.6755666849616297,-1.6212051521207958e-05,0.4354876926938418,0.0029145091807806804,6.8092581567862274e-06,-0.0007356366143214904,0.6780850099023708,-9.278129557961225e-06,0.002518334486606567,1.067874853527388,0.12,0.12,1.0,-0.004249912441668758,-0.0042586823760822606,0.0,0.0,0.0,-0.004249912441668758,-0.0,0.0,0.0,-0.2115268048979618,-0.2116519666631892,-0.24020294996782196,-0.24011005943901223,-0.24020294996782202,-0.18520294996782197,0.059797050032178424,-0.15172975486578222,0.0,0.24020294996782196,0.20685347986557684,1.745640014302895e-06,0,0,0,0,0,inf,inf,0,0,0.0,0.9829286068741455,1.2362620777474761e-05,0.4317083203348379,-6.586741339159674e-05,-1.0527286068741455,4.783244292911474e-05,1.5030759259400337,-0.7853372873283344,3.342455660412758e-05,0.04947721007933512,-2.9092558771319113e-05,0.08042441233043987,-1.5158016540833294e-06,-0.05359685450925119,-1.149462393371362e-05,0.005329946835625729,-35.09769803542248,0.43002651084551374,17.020798649552816,0.7394775827166713,1.566496927294029,0.0013193425794879865,0.005329946835625729,-35.09769803542248,0.43002651084551374,17.020798649552816,0.7394775827166713,1.566496927294029,0.0013193425794879865
6.771000000000596,2,1,1,4,0.00013498331707387148,4.300043169700218,4.3351873105079095,5.0,0.6755953840417499,-1.61410089040581e-05,0.4354804903468966,0.0028337333948776477,7.339141801956926e-06,-0.000708714609244526,0.6780850099023708,-9.278129557961225e-06,0.002489635319677365,1.0550103740656323,0.12,0.12,1.0,-0.00406648593368035,-0.004074284932878173,0.0,0.0,0.0,-0.00406648593368035,-0.0,0.0,0.0,-0.211568275186462,-0.21169351916484955,-0.24020294996782196,-0.24011005943901223,-0.24020294996782202,-0.18520294996782197,0.059797050032178424,-0.15177122515428243,0.0,0.24020294996782196,0.20685347986557684,1.715670354599327e-06,0,0,0,0,0,inf,inf,0,0,0.0,0.9821318482154283,1.2682282161447246e-05,0.4321982623545927,-6.612593563616933e-05,-1.0519318482154283,4.779660735494128e-05,1.5025445433488112,-0.7853373897203954,3.077409809120594e-05,0.048605205815188755,-2.3215457080661183e-05,0.07907167160609141,-5.273787464202129e-06,-0.05276608425863096,-9.21230844366815e-06,0.005235177508886182,-35.103682167656096,0.43039417778411587,17.015115243118146,0.7394504691884316,1.5647541685297996,0.001312006300391337,0.005235177508886182,-35.103682167656096,0.43039417778411587,17.015115243118146,0.7394504691884316,1.5647541685297996,0.001312006300391337
6.781000000000599,2,1,1,4,0.00013212181601754327,4.301698303506364,4.3305735391725415,5.0,0.6756233147505177,-1.6064942958527448e-05,0.4354735380681054,0.002759992486059049,7.818458546889567e-06,-0.0006851627976628464,0.6780850099023708,-9.278129557961225e-06,0.0024617045073470492,1.0423442323669043,0.12,0.12,1.0,-0.0039052834925935873,-0.003912272636780789,0.0,0.0,0.0,-0.0039052834925935873,-0.0,0.0,0.0,-0.21160803667127245,-0.21173335406503144,-0.24020294996782196,-0.24011005943901223,-0.24020294996782202,-0.18520294996782197,0.059797050032178424,-0.15181098663909287,0.0,0.24020294996782196,0.20685347986557684,1.6838818506352869e-06,0,0,0,0,0,inf,inf,0,0,0.0,0.9813483204068657,1.2975579594882827e-05,0.4326797050618771,-6.632637765985768e-05,-1.0511483204068657,4.772333421832821e-05,1.502021355459845,-0.7853374693048959,2.8156204499774553e-05,0.047772848713117065,-1.747590674400509e-05,0.07777237855731246,-8.999274158520103e-06,-0.05195596433120205,-6.9339769183229046e-06,0.005139738445274408,-35.109503476025914,0.43075407181717196,17.00942392259715,0.7394237723586701,1.563047108288492,0.001304072625853912,0.005139738445274408,-35.109503476025914,0.43075407181717196,17.00942392259715,0.7394237723586701,1.563047108288492,0.001304072625853912
6.7910000000006026,2,1,1,4,0.00012941879187741614,4.303884934849936,4.32683371527522,5.0,0.6756505421563547,-1.5984365249473165e-05,0.4354668053786016,0.0026923486330019063,8.246407885709939e-06,-0.0006644125145052123,0.6780850099023708,-9.278129557961225e-06,0.0024344769828424655,1.0298723463343928,0.12,0.12,1.0,-0.00376273709928204,-0.0037690492745555797,0.0,0.0,0.0,-0.00376273709928204,-0.0,0.0,0.0,-0.21164629141284966,-0.21177167487532644,-0.24020294996782196,-0.24011005943901223,-0.24020294996782202,-0.18520294996782197,0.059797050032178424,-0.15184924138067007,0.0,0.24020294996782196,0.20685347986557684,1.65127455487049e-06,0,0,0,0,0,inf,inf,0,0,0.0,0.9805775062691636,1.3243064132772518e-05,0.4331530275868669,-6.647050990304837e-05,-1.0503775062691636,4.7613190817242554e-05,1.5015061529134373,-0.785337526196402,2.560956794431162e-05,0.04697702177749435,-1.194248096379846e-05,0.07652339022755997,-1.2648367186775473e-05,-0.05116694136012752,-4.675223376812886e-06,0.005044132518233512,-35.11517555693314,0.4311070861721896,17.003734429474704,0.7393975101014438,1.5613814988091548,0.0012954537994006225,0.005044132518233512,-35.11517555693314,0.4311070861721896,17.003734429474704,0.7393975101014438,1.5613814988091548,0.0012954537994006225
6.801000000000606,2,1,1,4,0.00012685021520722397,4.306526515581222,4.323917066870559,5.0,0.6756771227626478,-1.5899787211628137e-05,0.4354602669297473,0.0026300079505705448,8.62357364008674e-06,-0.0006459933320546028,0.6780850099023708,-9.278129557961225e-06,0.00240789624444104,1.0175904367457567,0.12,0.12,1.0,-0.0036358905940386743,-0.003641635539219609,0.0,0.0,0.0,-0.0036358905940386743,-0.0,0.0,0.0,-0.21168320925656786,-0.21180865263890802,-0.24020294996782196,-0.24011005943901223,-0.24020294996782202,-0.18520294996782197,0.059797050032178424,-0.15188615922438828,0.0,0.24020294996782196,0.20685347986557684,1.6185876633715289e-06,0,0,0,0,0,inf,inf,0,0,0.0,0.9798189198614765,1.3485597754344184e-05,0.43361857919773494,-6.656067872068335e-05,-1.0496189198614765,4.7467170986079074e-05,1.5009987242878373,-0.7853375607117599,2.315964983638908e-05,0.04621484480067124,-6.664420870493304e-06,0.07532160692944594,-1.61798970695553e-05,-0.05039904433435859,-2.458290072829309e-06,0.004948700132972708,-35.12070926770507,0.4314538690970481,16.99805432730797,0.739371605012448,1.559760561678997,0.0012861834788291668,0.004948700132972708,-35.12070926770507,0.4314538690970481,16.99805432730797,0.739371605012448,1.559760561678997,0.0012861834788291668
6.811000000000609,2,1,1,4,0.00012439632843966233,4.309558055004972,4.321770106225519,5.0,0.6757031058097112,-1.5811709297616594e-05,0.4354539016175524,0.0025722962369488555,8.9514165026906e-06,-0.000629515969412265,0.6780850099023708,-9.278129557961225e-06,0.0023819130534704098,1.0054941364864418,0.12,0.12,1.0,-0.0035222902607049433,-0.003527558687582511,0.0,0.0,0.0,-0.0035222902607049433,-0.0,0.0,0.0,-0.21171893333084,-0.21184443147386284,-0.24020294996782196,-0.24011005943901223,-0.24020294996782202,-0.18520294996782197,0.059797050032178424,-0.1519218832986604,0.0,0.24020294996782196,0.20685347986557684,1.5863548651285657e-06,0,0,0,0,0,inf,inf,0,0,0.0,0.9790721057708919,1.3704240449535431e-05,0.4340766816250903,-6.659963410033893e-05,-1.0488721057708918,4.728665317249052e-05,1.5004988596198772,-0.7853375733892702,2.0822054538522863e-05,0.045483666031376914,-1.6753085207793305e-06,0.07416402018815862,-1.9557893713251942e-05,-0.04965199943053787,-3.046363524352749e-07,0.004853703963981621,-35.12611333753415,0.43179492670827896,16.992389482927095,0.739345935255726,1.5581856524590194,0.00127633247360226,0.004853703963981621,-35.12611333753415,0.43179492670827896,16.992389482927095,0.739345935255726,1.5581856524590194,0.00127633247360226
6.821000000000613,2,1,1,4,0.00012204088832104467,4.312924220384959,4.3203384209893585,5.0,0.6757285343592428,-1.57206140770071e-05,0.43544769185099413,0.0025186391272129624,9.231954956326613e-06,-0.000614658203971874,0.6780850099023708,-9.278129557961225e-06,0.00235648434982427,0.9935790706250529,0.12,0.12,1.0,-0.0034198957836036638,-0.003424762746024032,0.0,0.0,0.0,-0.0034198957836036638,-0.0,0.0,0.0,-0.21175358456677598,-0.21187913312979142,-0.24020294996782196,-0.24011005943901223,-0.24020294996782202,-0.18520294996782197,0.059797050032178424,-0.1519565345345964,0.0,0.24020294996782196,0.20685347986557684,1.5549499198431322e-06,0,0,0,0,0,inf,inf,0,0,0.0,0.9783366380087591,1.3900166183785644e-05,0.43452763128924504,-6.659038962933585e-05,-1.0481366380087591,4.7073340486451874e-05,1.500006352926278,-0.7853375649651209,1.8605070023519158e-05,0.04478105147462199,3.004003796856021e-06,0.07304774559164175,-2.275287523327937e-05,-0.04892531869286784,1.767494710233221e-06,0.00475936195808371,-35.13139484640105,0.4321306721343932,16.986744442801434,0.7393203661415826,1.5566567727216687,0.0012659791340889873,0.00475936195808371,-35.13139484640105,0.4321306721343932,16.986744442801434,0.7393203661415826,1.5566567727216687,0.0012659791340889873
6.831000000000616,2,1,1,4,0.00011977054280046164,4.31657776948837,4.319567992065027,5.0,0.6757534462005068,-1.5626961878231916e-05,0.43544162294724253,0.002468545804985233,9.46755580244153e-06,-0.0006011532508598452,0.6780850099023708,-9.278129557961225e-06,0.002331572345761824,0.9818409140638815,0.12,0.12,1.0,-0.003327007622033107,-0.0033315352747634113,0.0,0.0,0.0,-0.003327007622033107,-0.0,0.0,0.0,-0.2117872654206113,-0.21191286074046686,-0.24020294996782196,-0.24011005943901223,-0.24020294996782202,-0.18520294996782197,0.059797050032178424,-0.15199021538843172,0.0,0.24020294996782196,0.20685347986557684,1.524623528721646e-06,0,0,0,0,0,inf,inf,0,0,0.0,0.977612118644703,1.4074600906778314e-05,0.4349717014116742,-6.653610913792667e-05,-1.047412118644703,4.6829193031679394e-05,1.4995210039553795,-0.785337536337097,1.6511624195310583e-05,0.04410477270524948,7.362916648087853e-06,0.07197004407509439,-2.5742244551301747e-05,-0.04821836814244474,3.7436666949920373e-06,0.004665861220820996,-35.136559599891704,0.43246145228198457,16.981122727198663,0.7392947689878067,1.555172962817106,0.0012551990931499286,0.004665861220820996,-35.136559599891704,0.43246145228198457,16.981122727198663,0.7392947689878067,1.555172962817106,0.0012551990931499286
6.841000000000619,2,1,1,4,0.00011757431833289613,4.320478254251036,4.319406142193232,5.0,0.6757778746099746,-1.5531188125196543e-05,0.43543568263159393,0.0024215955944862488,9.66079283227178e-06,-0.0005887801729624113,0.6780850099023708,-9.278129557961225e-06,0.0023071437662532408,0.9702754320219517,0.12,0.12,1.0,-0.0032422076489607883,-0.0032464475098755784,0.0,0.0,0.0,-0.0032422076489607883,-0.0,0.0,0.0,-0.21182006294515077,-0.21194570192005205,-0.24020294996782196,-0.24011005943901223,-0.24020294996782202,-0.18520294996782197,0.059797050032178424,-0.15202301291297118,0.0,0.24020294996782196,0.20685347986557684,1.4955327927821194e-06,0,0,0,0,0,inf,inf,0,0,0.0,0.9768981762781351,1.4228777608118692e-05,0.43540914399963343,-6.644001612254372e-05,-1.046698176278135,4.6556359757553974e-05,1.4990426193498494,-0.7853374885267372,1.4540800871103616e-05,0.04345279386292359,1.1398959418574465e-05,0.07092833442071003,-2.851009284962931e-05,-0.047530419734606526,5.613149405033041e-06,0.004573364551611151,-35.141612421967125,0.43278756419499825,16.975527059888584,0.7392690315734904,1.5537326015441317,0.00124406192670925,0.004573364551611151,-35.141612421967125,0.43278756419499825,16.975527059888584,0.7392690315734904,1.5537326015441317,0.00124406192670925
6.851000000000623,2,1,1,4,0.00011544319789161175,4.324590946325233,4.319802197909992,5.0,0.6758018489901465,-1.5433701830836255e-05,0.4354298606238314,0.002377426890284636,9.814349653767182e-06,-0.0005773559628742056,0.6780850099023708,-9.278129557961225e-06,0.0022831692101503696,0.9588785074485291,0.12,0.12,1.0,-0.003164310532697402,-0.003168305340033376,0.0,0.0,0.0,-0.003164310532697402,-0.0,0.0,0.0,-0.21185205132854265,-0.2119777313222002,-0.24020294996782196,-0.24011005943901223,-0.24020294996782202,-0.18520294996782197,0.059797050032178424,-0.15205500129636307,0.0,0.24020294996782196,0.20685347986557684,1.4677644926178228e-06,0,0,0,0,0,inf,inf,0,0,0.0,0.9761944644226633,1.4363904576063911e-05,0.4358401916986125,-6.630532267806441e-05,-1.0459944644226633,4.6257114403620896e-05,1.498571013361979,-0.7853374226441117,1.2689012269519451e-05,0.04282325832647105,1.511597622593194e-05,0.06992019915699788,-3.104664650339576e-05,-0.04686069066027311,7.368563048343309e-06,0.00448201398801276,-35.146557383122506,0.43310926592745774,16.96995954732546,0.7392430630980353,1.5523336332835975,0.0012326303213185926,0.00448201398801276,-35.146557383122506,0.43310926592745774,16.96995954732546,0.7392430630980353,1.5523336332835975,0.0012326303213185926
6.861000000000626,2,1,1,4,0.00011336977355716395,4.328885944586256,4.3207079304616025,5.0,0.6758253954084447,-1.5334884889944637e-05,0.4354241482959711,0.0023357279891665084,9.93095186030323e-06,-0.000566729002334787,0.6780850099023708,-9.278129557961225e-06,0.002259622611288443,0.9476461585563939,0.12,0.12,1.0,-0.0030923238401954875,-0.003096109079133124,0.0,0.0,0.0,-0.0030923238401954875,-0.0,0.0,0.0,-0.21188329399632838,-0.21200901275880363,-0.24020294996782196,-0.24011005943901223,-0.24020294996782202,-0.18520294996782197,0.059797050032178424,-0.1520862439641488,0.0,0.24020294996782196,0.20685347986557684,1.4413533652892766e-06,0,0,0,0,0,inf,inf,0,0,0.0,0.9755006598596444,1.4481143834727871e-05,0.4362650595115205,-6.613517500418316e-05,-1.0453006598596444,4.5933798117989865e-05,1.4981060082323912,-0.7853373398566988,1.0950899742012952e-05,0.04221447543246531,1.8522592584563118e-05,0.06894338556737915,-3.334752707297428e-05,-0.04620837275576487,9.005440002345037e-06,0.004391933046427497,-35.15139797771255,0.43342678417645836,16.964421818244524,0.7392167956324995,1.550973738727981,0.001220960160977804,0.004391933046427497,-35.15139797771255,0.43342678417645836,16.964421818244524,0.7392167956324995,1.550973738727981,0.001220960160977804
6.871000000000629,2,1,1,4,0.00011134796042758157,4.333337432160803,4.322077827603054,5.0,0.6758485370532248,-1.5235091937434024e-05,0.4354185383889765,0.0022962294737636306,1.0013319028327292e-05,-0.0005567736572229794,0.6780850099023708,-9.278129557961225e-06,0.0022364807824722887,0.9365745489506969,0.12,0.12,1.0,-0.003025415236799217,-0.0030290203956359696,0.0,0.0,0.0,-0.003025415236799217,-0.0,0.0,0.0,-0.21191384535475588,-0.2120396009570408,-0.24020294996782196,-0.24011005943901223,-0.24020294996782202,-0.18520294996782197,0.059797050032178424,-0.1521167953225763,0.0,0.24020294996782196,0.20685347986557684,1.4162963105633157e-06,0,0,0,0,0,inf,inf,0,0,0.0,0.9748164610021902,1.4581597360481354e-05,0.4366839463865606,-6.59326128291271e-05,-1.0446164610021902,4.5588769948982376e-05,1.4976474343186372,-0.785337241362736,9.320018659336892e-06,0.04162490749960346,2.1630935377759427e-05,0.06799580314100588,-3.541293903700281e-05,-0.045572654205656475,1.0521777144429414e-05,0.004303228349307993,-35.15613726132729,0.43374031983355865,16.95891513226372,0.7391901834165783,1.5496504618750166,0.0012091009493596652,0.004303228349307993,-35.15613726132729,0.43374031983355865,16.95891513226372,0.7391901834165783,1.5496504618750166,0.0012091009493596652
6.881000000000633,2,1,1,4,0.0001093727609954567,4.337923056557135,4.3238692372866625,5.0,0.6758712946208081,-1.5134650605477285e-05,0.43541302477822647,0.0022586978655255124,1.0064130312653911e-05,-0.0005473858091620314,0.6780850099023708,-9.278129557961225e-06,0.002213723028443906,0.9256599922704424,0.12,0.12,1.0,-0.0029628854724774974,-0.00296633507736705,0.0,0.0,0.0,-0.0029628854724774974,-0.0,0.0,0.0,-0.21194375223888437,-0.21206954301878878,-0.24020294996782196,-0.24011005943901223,-0.24020294996782202,-0.18520294996782197,0.059797050032178424,-0.1521467022067048,0.0,0.24020294996782196,0.20685347986557684,1.3925633705120082e-06,0,0,0,0,0,inf,inf,0,0,0.0,0.9741415862992858,1.4666299172491972e-05,0.43709703667790634,-6.570054037080734e-05,-1.0439415862992858,4.522436549828098e-05,1.4971951300409256,-0.7853371283689364,7.789352058053769e-06,0.04105315734070836,2.4455578228157184e-05,0.06707551850023327,-3.7246859073970864e-05,-0.044952735263385925,1.1917611120883578e-05,0.0042159909504336296,-35.16077795681232,0.4340500521322265,16.953440464231992,0.739163200918376,1.5483613032131578,0.0011970963434338807,0.0042159909504336296,-35.16077795681232,0.4340500521322265,16.953440464231992,0.739163200918376,1.5483613032131578,0.0011970963434338807
6.891000000000636,2,1,1,4,0.00010744007105448119,4.34262341134614,4.326042415524557,5.0,0.6758936866449358,-1.5033862072169702e-05,0.43540760227928454,0.0022229303188976437,1.0085999518338163e-05,-0.0005384791600195655,0.6780850099023708,-9.278129557961225e-06,0.0021913308164291964,0.9148989528216083,0.12,0.12,1.0,-0.002904146095916928,-0.0029074605640459104,0.0,0.0,0.0,-0.002904146095916928,-0.0,0.0,0.0,-0.21197305511733855,-0.21209887963469656,-0.24020294996782196,-0.24011005943901223,-0.24020294996782202,-0.18520294996782197,0.059797050032178424,-0.15217600508515897,0.0,0.24020294996782196,0.20685347986557684,1.3701061442983763e-06,0,0,0,0,0,inf,inf,0,0,0.0,0.9734757727006994,1.4736211788937075e-05,0.4375045014847668,-6.54417067351604e-05,-1.0432757727006994,4.484286345392891e-05,1.4967489416970567,-0.7853370020722569,6.3516889717277135e-06,0.04049795638312687,2.7012684390856824e-05,0.06618074860303058,-3.885627168437286e-05,-0.044347839349713744,1.3194630954130429e-05,0.004130297497110066,-35.16532253572061,0.43435614181201876,16.947998569617948,0.7391358402652999,1.5471037868765256,0.0011849847098491693,0.004130297497110066,-35.16532253572061,0.43435614181201876,16.947998569617948,0.7391358402652999,1.5471037868765256,0.0011849847098491693
6.901000000000639,2,1,1,4,0.00010554651981112186,4.347421601779428,4.32856050374681,5.0,0.6759157297780127,-1.493300181908862e-05,0.4354022664870153,0.0021887501720067996,1.0081456910557875e-05,-0.00052998217449254,0.6780850099023708,-9.278129557961225e-06,0.0021692874948966616,0.9042880433386029,0.12,0.12,1.0,-0.0028487010389640073,-0.0028518973826859254,0.0,0.0,0.0,-0.0028487010389640073,-0.0,0.0,0.0,-0.21200178909612621,-0.2121276460956904,-0.24020294996782196,-0.24011005943901223,-0.24020294996782202,-0.18520294996782197,0.059797050032178424,-0.15220473906394663,0.0,0.24020294996782196,0.20685347986557684,1.3488641775730418e-06,0,0,0,0,0,inf,inf,0,0,0.0,0.9728187741964281,1.4792225860384088e-05,0.43790649987536506,-6.515869392552784e-05,-1.0426187741964281,4.444645938991912e-05,1.496308723186691,-0.7853368636453035,4.999896453523944e-06,0.03995815347191901,2.9319320278234985e-05,0.06530985283216686,-4.0250475957113385e-05,-0.04375722060003415,1.4355833613215568e-05,0.004046211307501857,-35.16977328054749,0.4346587335891285,16.942590035091097,0.7391081084456064,1.545875507853719,0.0011727996650917588,0.004046211307501857,-35.16977328054749,0.4346587335891285,16.942590035091097,0.7391081084456064,1.545875507853719,0.0011727996650917588
6.911000000000643,2,1,1,4,0.00010368933816220973,4.352302879922843,4.331389455428101,5.0,0.6759374390318517,-1.4832320544266885e-05,0.4353970136422851,0.002156003203977096,1.0052935936539497e-05,-0.0005218355497080312,0.6780850099023708,-9.278129557961225e-06,0.002147578052816621,0.8938240207436089,0.12,0.12,1.0,-0.002796131375242513,-0.0027992237837210472,0.0,0.0,0.0,-0.002796131375242513,-0.0,0.0,0.0,-0.21202998475627463,-0.2121558731369583,-0.24020294996782196,-0.24011005943901223,-0.24020294996782202,-0.18520294996782197,0.059797050032178424,-0.15223293472409505,0.0,0.24020294996782196,0.20685347986557684,1.3287697725429286e-06,0,0,0,0,0,inf,inf,0,0,0.0,0.9721703604391506,1.4835162050167706e-05,0.438303180002901,-6.485391089670313e-05,-1.0419703604391506,4.4037246049261395e-05,1.4958743356756523,-0.7853367142249426,3.7271087013004493e-06,0.039432704395351806,3.13929144785673e-05,0.064461324436095,-4.1440474899947e-05,-0.0431801687023787,1.540522355108548e-05,0.0039637833948733955,-35.17413233197099,0.4349579581257063,16.937215317554077,0.7390800245295419,1.5446741640022617,0.001160570583431076,0.0039637833948733955,-35.17413233197099,0.4349579581257063,16.937215317554077,0.7390800245295419,1.5446741640022617,0.001160570583431076
6.921000000000646,2,1,1,4,0.00010186625018823638,4.357254337477871,4.334497927339634,5.0,0.6759588279842997,-1.4732045185006782e-05,0.4353918405215058,0.0021245544769708797,1.0002763632210712e-05,-0.0005139901202827906,0.6780850099023708,-9.278129557961225e-06,0.0021261889130384905,0.8835037805645711,0.12,0.12,1.0,-0.002746082686545046,-0.0027490830066235635,0.0,0.0,0.0,-0.002746082686545046,-0.0,0.0,0.0,-0.21205766885381683,-0.21218358764318218,-0.24020294996782196,-0.24011005943901223,-0.24020294996782202,-0.18520294996782197,0.059797050032178424,-0.15226061882163724,0.0,0.24020294996782196,0.20685347986557684,1.3097515600014344e-06,0,0,0,0,0,inf,inf,0,0,0.0,0.9715303154541609,1.4865774439846759e-05,0.4386946801208135,-6.45295923266638e-05,-1.0413303154541609,4.3617199264295656e-05,1.495445647223606,-0.7853365549036769,2.5268521329522593e-06,0.03892066214631997,3.3250839360639866e-05,0.06363378167101238,-4.243845005095796e-05,-0.04261601168637762,1.6347554657226196e-05,0.0038830534574706504,-35.178401724422166,0.4352539336366775,16.931874774178358,0.7390516170609748,1.5434975765711778,0.0011483230652401947,0.0038830534574706504,-35.178401724422166,0.4352539336366775,16.931874774178358,0.7390516170609748,1.5434975765711778,0.0011483230652401947
6.931000000000649,2,1,1,4,0.00010007538377584859,4.362264646573412,4.337857147275543,5.0,0.6759799089570193,-1.4632380021929193e-05,0.43538674434508784,0.0020942856635508956,9.93315387991709e-06,-0.0005064051233337062,0.6780850099023708,-9.278129557961225e-06,0.0021051077545146076,0.8733243505102285,0.12,0.12,1.0,-0.0026982545752515246,-0.0027011727093289566,0.0,0.0,0.0,-0.0026982545752515246,-0.0,0.0,0.0,-0.21208486490558812,-0.21221081323867325,-0.24020294996782196,-0.24011005943901223,-0.24020294996782202,-0.18520294996782197,0.059797050032178424,-0.15228781487340853,0.0,0.24020294996782196,0.20685347986557684,1.2917371172543372e-06,0,0,0,0,0,inf,inf,0,0,0.0,0.9708984364382828,1.4884754905185221e-05,0.4390811295046862,-6.418780099470634e-05,-1.0406984364382827,4.3188168672899846e-05,1.4950225323926487,-0.7853363867233862,1.3931215342393194e-06,0.03842116791440373,3.491009480624095e-05,0.06282595890313077,-4.3257318666910726e-05,-0.04206411717965807,1.7188111686051932e-05,0.0038040508374458217,-35.18258341260313,0.43554676722787755,16.926568685443126,0.7390229217000767,1.5423437021099544,0.001136079364037225,0.0038040508374458217,-35.18258341260313,0.43554676722787755,16.926568685443126,0.7390229217000767,1.5423437021099544,0.001136079364037225
6.941000000000653,2,1,1,4,9.831519701011728e-05,4.367323840531784,4.341440767323073,5.0,0.6760006931688326,-1.4533507836871975e-05,0.4353817227015577,0.0020650927781031506,9.846202936788823e-06,-0.0004990467611378045,0.6780850099023708,-9.278129557961225e-06,0.0020843233589604073,0.8632828835753108,0.12,0.12,1.0,-0.002652391945638412,-0.002655236181126195,0.0,0.0,0.0,-0.002652391945638412,-0.0,0.0,0.0,-0.21211159368015645,-0.21223757078189404,-0.24020294996782196,-0.24011005943901223,-0.24020294996782202,-0.18520294996782197,0.059797050032178424,-0.15231454364797686,0.0,0.24020294996782196,0.20685347986557684,1.2746548550185874e-06,0,0,0,0,0,inf,inf,0,0,0.0,0.9702745326470735,1.4892738042076568e-05,0.4394626492880094,-6.383043284557726e-05,-1.0400745326470735,4.275187243524885e-05,1.4946048718498426,-0.7853362106710509,3.2041935719280535e-07,0.03793344278977709,3.638707609981129e-05,0.06203669785960467,-4.3910367612326245e-05,-0.0415238925343808,1.7932527521603653e-05,0.0037267954510243964,-35.18667929100949,0.43583655603534094,16.92129727274397,0.7389939791548964,1.5412106379974444,0.0011238587721357613,0.0037267954510243964,-35.18667929100949,0.43583655603534094,16.92129727274397,0.7389939791548964,1.5412106379974444,0.0011238587721357613
6.951000000000656,2,1,1,4,9.658441756973859e-05,4.372423128014156,4.345224709548714,5.0,0.6760211908682746,-1.4435591105360578e-05,0.43537677348465315,0.0020368842457093718,9.74388681836015e-06,-0.0004918870100177653,0.6780850099023708,-9.278129557961225e-06,0.0020638254783065173,0.853376650950401,0.12,0.12,1.0,-0.0026082777454591493,-0.002611055027788427,0.0,0.0,0.0,-0.0026082777454591493,-0.0,0.0,0.0,-0.21213787360982722,-0.21226387878043868,-0.24020294996782196,-0.24011005943901223,-0.24020294996782202,-0.18520294996782197,0.059797050032178424,-0.15234082357764764,0.0,0.24020294996782196,0.20685347986557684,1.2584353243029082e-06,0,0,0,0,0,inf,inf,0,0,0.0,0.9696584243680605,1.4890306328540867e-05,0.4398393532187672,-6.345922398559886e-05,-1.0394584243680605,4.230989522461002e-05,1.494192551973202,-0.785336027676125,-6.96232234353198e-07,0.037456780150841196,3.769741040194875e-05,0.061264939161729856,-4.4410956426662576e-05,-0.04099478413669198,1.858663238122304e-05,0.003651298685586459,-35.19069120807176,0.43612338821190305,16.916060711795293,0.7389648334080422,1.540096623315259,0.0011116779670318222,0.003651298685586459,-35.19069120807176,0.43612338821190305,16.916060711795293,0.7389648334080422,1.540096623315259,0.0011116779670318222
6.961000000000659,2,1,1,4,9.488199284882117e-05,4.377554735099441,4.349187009241406,5.0,0.6760414114484373,-1.433877320598255e-05,0.43537189484117816,0.002009579253718551,9.628060225480515e-06,-0.00048490263298703144,0.6780850099023708,-9.278129557961225e-06,0.002043604719859793,0.8436030349369654,0.12,0.12,1.0,-0.002565726914853072,-0.0025684430738572607,0.0,0.0,0.0,-0.002565726914853072,-0.0,0.0,0.0,-0.21216372113689302,-0.21228975373974837,-0.24020294996782196,-0.24011005943901223,-0.24020294996782202,-0.18520294996782197,0.059797050032178424,-0.15236667110471344,0.0,0.24020294996782196,0.20685347986557684,1.2430121063947388e-06,0,0,0,0,0,inf,inf,0,0,0.0,0.9690499419766473,1.4877995293431285e-05,0.44021134834350306,-6.307575900006334e-05,-1.0388499419766473,4.186368884508565e-05,1.4937854644679247,-0.7853358386092593,-1.6612989963976877e-06,0.0369905387013113,3.885584847099275e-05,0.06050971423166338,-4.477228140379799e-05,-0.040476276140863326,1.915633106186131e-05,0.0035775642608003775,-35.194620976181625,0.43640734379605056,16.9108591427821,0.7389355302292898,1.5390000363900342,0.0010995513209279936,0.0035775642608003775,-35.194620976181625,0.43640734379605056,16.9108591427821,0.7389355302292898,1.5390000363900342,0.0010995513209279936
6.971000000000663,2,1,1,4,9.320704892293221e-05,4.382711770788646,4.353307659495258,5.0,0.6760613635466662,-1.4243179634414755e-05,0.43536708512777655,0.001983106340883364,9.500456770848996e-06,-0.0004780743610757283,0.6780850099023708,-9.278129557961225e-06,0.0020236524466119205,0.8339595220101533,0.12,0.12,1.0,-0.0025245813348813754,-0.002527241272642332,0.0,0.0,0.0,-0.0025245813348813754,-0.0,0.0,0.0,-0.21218915100502478,-0.212315210456549,-0.24020294996782196,-0.24011005943901223,-0.24020294996782202,-0.18520294996782197,0.059797050032178424,-0.1523921009728452,0.0,0.24020294996782196,0.20685347986557684,1.2283223749250324e-06,0,0,0,0,0,inf,inf,0,0,0.0,0.9684489250706144,1.4856298528938855e-05,0.440578735625152,-6.26814801031777e-05,-1.0382489250706144,4.141457491129758e-05,1.4933835059975606,-0.7853356442821158,-2.5787559779215025e-06,0.03653413611875235,3.987620032873427e-05,0.059770137631416344,-4.5007192516434514e-05,-0.03996788881393678,1.964750451540887e-05,0.0035055890497939384,-35.198470378593306,0.4366884954866899,16.90569267800759,0.7389061159521387,1.53791939001998,0.0010874911764591547,0.0035055890497939384,-35.198470378593306,0.4366884954866899,16.90569267800759,0.7389061159521387,1.53791939001998,0.0010874911764591547
6.981000000000666,2,1,1,4,9.155885680825395e-05,4.387888112199508,4.357568459852627,5.0,0.6760810551312734,-1.4148919207012e-05,0.43536234287509623,0.001957402186749371,9.362690303826466e-06,-0.00047138621434701135,0.6780850099023708,-9.278129557961225e-06,0.0020039606905315702,0.8244436961263875,0.12,0.12,1.0,-0.002484705604923036,-0.002487313451734698,0.0,0.0,0.0,-0.002484705604923036,-0.0,0.0,0.0,-0.21221417650483562,-0.21234026226611252,-0.24020294996782196,-0.24011005943901223,-0.24020294996782202,-0.18520294996782197,0.059797050032178424,-0.15241712647265604,0.0,0.24020294996782196,0.20685347986557684,1.2143072145194443e-06,0,0,0,0,0,inf,inf,0,0,0.0,0.967855221678687,1.48256724358101e-05,0.4409416105005342,-6.227769673469817e-05,-1.037655221678687,4.096374910473593e-05,1.4929865778331928,-0.7853354454480485,-3.4521180269588717e-06,0.036087043274646936,4.0771305383400296e-05,0.05904539986815443,-4.512805541426782e-05,-0.039469176632652286,2.0065932293919177e-05,0.0034353638556879817,-35.20224117397036,0.43696690934018956,16.900561407619026,0.7388766364883724,1.5368533251598986,0.0010755080913919441,0.0034353638556879817,-35.20224117397036,0.43696690934018956,16.900561407619026,0.7388766364883724,1.5368533251598986,0.0010755080913919441
6.991000000000669,2,1,1,4,8.99368047453655e-05,4.393078306343961,4.36195287090354,5.0,0.6761004935771013,-1.4056085247903953e-05,0.43535766675809506,0.0019324105703531482,9.216257161553207e-06,-0.00046482493863732967,0.6780850099023708,-9.278129557961225e-06,0.001984522077005291,0.815053232342178,0.12,0.12,1.0,-0.002445983508257493,-0.0024485427521950473,0.0,0.0,0.0,-0.002445983508257493,-0.0,0.0,0.0,-0.2122388096811077,-0.21236492125089454,-0.24020294996782196,-0.24011005943901223,-0.24020294996782202,-0.18520294996782197,0.059797050032178424,-0.15244175964892812,0.0,0.24020294996782196,0.20685347986557684,1.2009117606011354e-06,0,0,0,0,0,inf,inf,0,0,0.0,0.9672686875384021,1.4786540630201384e-05,0.44130006338300465,-6.186559530332766e-05,-1.037068687538402,4.05122865959805e-05,1.4925945855225018,-0.7853352428034597,-4.284475890138078e-06,0.03564877898550836,4.1553029115896346e-05,0.05833476068124312,-4.514665133694846e-05,-0.03897972623988546,2.041723273600568e-05,0.0033668741429713316,-35.20593509918018,0.4372426454035593,16.895465403862726,0.7388471365525736,1.5358006036443579,0.0010636110556558039,0.0033668741429713316,-35.20593509918018,0.4372426454035593,16.895465403862726,0.7388471365525736,1.5358006036443579,0.0010636110556558039
7.001000000000673,2,1,1,4,8.834037544150266e-05,4.398277485907493,4.366445876100515,5.0,0.6761196857314804,-1.3964756747941978e-05,0.4353530555714286,0.0019080814724935725,9.062539194309389e-06,-0.0004583795382005531,0.6780850099023708,-9.278129557961225e-06,0.0019653297588853253,0.8057858907822213,0.12,0.12,1.0,-0.002408315049834602,-0.0024108286444532055,0.0,0.0,0.0,-0.002408315049834602,-0.0,0.0,0.0,-0.21226306150790938,-0.21238919841682352,-0.24020294996782196,-0.24011005943901223,-0.24020294996782202,-0.18520294996782197,0.059797050032178424,-0.1524660114757298,0.0,0.24020294996782196,0.20685347986557684,1.1880852084651308e-06,0,0,0,0,0,inf,inf,0,0,0.0,0.9666891854384488,1.4739297971614331e-05,0.4416541801153451,-6.144624884808775e-05,-1.0364891854384488,4.0061148289645484e-05,1.4922074385796542,-0.7853350369896701,-5.078535224716124e-06,0.03521890525496979,4.223227982313357e-05,0.05763754281268061,-4.5074108508649435e-05,-0.038499154340754745,2.0706818083170293e-05,0.0033001007203765594,-35.20955387080071,0.437515758291576,16.89040472422015,0.7388176590679578,1.5347601003853015,0.0010518076830560615,0.0033001007203765594,-35.20955387080071,0.437515758291576,16.89040472422015,0.7388176590679578,1.5347601003853015,0.0010518076830560615
7.011000000000676,2,1,1,4,8.676912741636868e-05,4.403481296870806,4.371033851560327,5.0,0.6761386379718948,-1.3874999489836576e-05,0.4353485082090691,0.0018843703001024093,8.902807428988033e-06,-0.00045204088785715907,0.6780850099023708,-9.278129557961225e-06,0.00194637735882792,0.7966395109788572,0.12,0.12,1.0,-0.002371613970409037,-0.0023740844243061434,0.0,0.0,0.0,-0.002371613970409037,-0.0,0.0,0.0,-0.21228694203678147,-0.21241310384246137,-0.24020294996782196,-0.24011005943901223,-0.24020294996782202,-0.18520294996782197,0.059797050032178424,-0.1524898920046019,0.0,0.24020294996782196,0.20685347986557684,1.17578073304029e-06,0,0,0,0,0,inf,inf,0,0,0.0,0.9661165846206751,1.4684314194268552e-05,0.44200404237759644,-6.102062644724894e-05,-1.035916584620675,3.961118760909428e-05,1.4918250501962758,-0.7853348285951682,-5.836656526660933e-06,0.034797022967890945,4.281904010055168e-05,0.05695312625251971,-4.492085933450862e-05,-0.03802710559745136,2.0939862055955212e-05,0.0032350203753961897,-35.213099185699896,0.43778629771538624,16.88537941369659,0.7387882447270406,1.5337307953642838,0.001040104380778237,0.0032350203753961897,-35.213099185699896,0.43778629771538624,16.88537941369659,0.7387882447270406,1.5337307953642838,0.001040104380778237
7.021000000000679,2,1,1,4,8.52226797195257e-05,4.408685836176066,4.3757044442545325,5.0,0.6761573562564811,-1.3786867134933287e-05,0.43534402364742303,0.0018612372147423265,8.738226246371767e-06,-0.00044580141107757965,0.6780850099023708,-9.278129557961225e-06,0.001927658918799224,0.7876120065890214,0.12,0.12,1.0,-0.0023358056577877585,-0.00233823510911665,0.0,0.0,0.0,-0.0023358056577877585,-0.0,0.0,0.0,-0.21231046052230876,-0.21243664680538527,-0.24020294996782196,-0.24011005943901223,-0.24020294996782202,-0.18520294996782197,0.059797050032178424,-0.15251341049012918,0.0,0.24020294996782196,0.20685347986557684,1.1639553462006062e-06,0,0,0,0,0,inf,inf,0,0,0.0,0.9655507602371033,1.4621937141140264e-05,0.44234972805414186,-6.058960225187004e-05,-1.0353507602371033,3.916315759067453e-05,1.4914473369732812,-0.7853346181581239,-6.560894521838353e-06,0.03438276799912204,4.332240875914748e-05,0.05628094294375549,-4.469661845790825e-05,-0.0375632505654342,2.112127773389108e-05,0.0031716064585006363,-35.21657272096284,0.4380543089661568,16.88038950647363,0.738758931682185,1.5327117656535185,0.0010285064990236063,0.0031716064585006363,-35.21657272096284,0.4380543089661568,16.88038950647363,0.738758931682185,1.5327117656535185,0.0010285064990236063
7.031000000000683,2,1,1,4,8.37006994362224e-05,4.413887597926114,4.3804464587141085,5.0,0.6761758461683078,-1.3700402263869195e-05,0.43533960093136004,0.0018386465501436585,8.569857960703042e-06,-0.0004396548127625169,0.6780850099023708,-9.278129557961225e-06,0.0019091688558000655,0.7787013604860451,0.12,0.12,1.0,-0.002300825389545463,-0.0023032156680340247,0.0,0.0,0.0,-0.002300825389545463,-0.0,0.0,0.0,-0.21233362552867577,-0.21245983588941844,-0.24020294996782196,-0.24011005943901223,-0.24020294996782202,-0.18520294996782197,0.059797050032178424,-0.15253657549649619,0.0,0.24020294996782196,0.20685347986557684,1.1525697017566008e-06,0,0,0,0,0,inf,inf,0,0,0.0,0.9649915928574623,1.4552495611986839e-05,0.44269131156399155,-6.015396405920197e-05,-1.0347915928574623,3.871771810272822e-05,1.491074218672967,-0.7853344061690768,-7.2530359947000894e-06,0.03397580770147211,4.375064973056315e-05,0.05562047192628919,-4.4410377440627496e-05,-0.03710728370094439,2.125570385962337e-05,0.0031098294210509334,-35.2199761333777,0.4383198333605287,16.875435027086933,0.7387297553443252,1.5317021776305757,0.0010170184627817905,0.0031098294210509334,-35.2199761333777,0.4383198333605287,16.875435027086933,0.7387297553443252,1.5317021776305757,0.0010170184627817905
7.041000000000686,2,1,1,4,8.220289148966244e-05,4.419083426850092,4.385249752169939,5.0,0.6761941129542611,-1.3615637371574943e-05,0.43533523916265743,0.0018165663060745031,8.398667699338893e-06,-0.000433595857413839,0.6780850099023708,-9.278129557961225e-06,0.0018909019229839273,0.769905620216413,0.12,0.12,1.0,-0.002266616852779435,-0.0022689695313642833,0.0,0.0,0.0,-0.002266616852779435,-0.0,0.0,0.0,-0.21235644502021445,-0.21248267907573895,-0.24020294996782196,-0.24011005943901223,-0.24020294996782202,-0.18520294996782197,0.059797050032178424,-0.15255939498803486,0.0,0.24020294996782196,0.20685347986557684,1.1415878887192694e-06,0,0,0,0,0,inf,inf,0,0,0.0,0.9644389680229736,1.4476301845022938e-05,0.44302886415787635,-5.9714421371653035e-05,-1.0342389680229735,3.827544304349595e-05,1.4907056179905418,-0.7853341930737227,-7.914635364014413e-06,0.0335758377395308,4.4111245226672754e-05,0.05497123489644646,-4.4070412457282924e-05,-0.03665892146003195,2.1347497972144085e-05,0.0030496573051147845,-35.22331105864091,0.43858290864874794,16.87051599125377,0.7387007482701146,1.5307012794991357,0.0010056438879913938,0.0030496573051147845,-35.22331105864091,0.43858290864874794,16.87051599125377,0.7387007482701146,1.5307012794991357,0.0010056438879913938
7.051000000000689,2,1,1,4,8.072899033747995e-05,4.424270477970978,4.390105137904442,5.0,0.6762121615592381,-1.353259581097162e-05,0.43533093749045065,0.0017949677078105116,8.225528491730503e-06,-0.0004276201849853134,0.6780850099023708,-9.278129557961225e-06,0.001872853175467229,0.7612228938067518,0.12,0.12,1.0,-0.0022331308956925868,-0.002235447333521451,0.0,0.0,0.0,-0.0022331308956925868,-0.0,0.0,0.0,-0.21237892643845843,-0.21250518382040165,-0.24020294996782196,-0.24011005943901223,-0.24020294996782202,-0.18520294996782197,0.059797050032178424,-0.15258187640627885,0.0,0.24020294996782196,0.20685347986557684,1.130977197786965e-06,0,0,0,0,0,inf,inf,0,0,0.0,0.9638927758423735,1.4393653657349608e-05,0.44336245418543485,-5.92716129109521e-05,-1.0336927758423735,3.783682740486513e-05,1.4903414603440994,-0.7853339792757371,-8.547047571694591e-06,0.0331825792381837,4.4410951018862514e-05,0.054332792156713224,-4.368430197624326e-05,-0.03621790050184349,2.1400734999489143e-05,0.002991056187325678,-35.22657911039968,0.4388435693885199,16.865632406445037,0.7386719401197618,1.5297083941906535,0.0009943856839543684,0.002991056187325678,-35.22657911039968,0.4388435693885199,16.865632406445037,0.7386719401197618,1.5297083941906535,0.0009943856839543684
7.061000000000693,2,1,1,4,7.927875322485869e-05,4.429446181576322,4.39500429648781,5.0,0.6762299966562504,-1.3451292686017335e-05,0.43532669510334476,0.0017738248221124157,8.051226486334256e-06,-0.00042172415802132216,0.6780850099023708,-9.278129557961225e-06,0.0018550179402292849,0.7526513459026294,0.12,0.12,1.0,-0.002200324473429599,-0.0022026058516780933,0.0,0.0,0.0,-0.002200324473429599,-0.0,0.0,0.0,-0.21240107676780978,-0.21252735712039436,-0.24020294996782196,-0.24011005943901223,-0.24020294996782202,-0.18520294996782197,0.059797050032178424,-0.1526040267356302,0.0,0.24020294996782196,0.20685347986557684,1.120707897731406e-06,0,0,0,0,0,inf,inf,0,0,0.0,0.9633529106264159,1.4304836272438062e-05,0.44369214733548096,-5.882611357573133e-05,-1.033152910626416,3.7402294116407483e-05,1.4899816736819516,-0.7853337651395886,-9.151458049790972e-06,0.03279577621687902,4.465585219229892e-05,0.05370473892953647,-4.325895189719644e-05,-0.03578397600328159,2.141921015759365e-05,0.002933990580905037,-35.22978187922232,0.43910184728882845,16.86078427227493,0.7386433576724658,1.528722912691462,0.00098324614326795,0.002933990580905037,-35.22978187922232,0.43910184728882845,16.86078427227493,0.7386433576724658,1.528722912691462,0.00098324614326795
7.071000000000696,2,1,1,4,7.78519547225123e-05,4.434608212733389,4.399939694504486,5.0,0.6762476226729656,-1.3371735690975438e-05,0.43532251122290966,0.0017531142219844192,7.876466224539302e-06,-0.00041590473478329213,0.6780850099023708,-9.278129557961225e-06,0.0018373917895735887,0.7441891942199514,0.12,0.12,1.0,-0.0021681597568595254,-0.0021704071085713993,0.0,0.0,0.0,-0.0021681597568595254,-0.0,0.0,0.0,-0.2124229025915837,-0.21254920557000676,-0.24020294996782196,-0.24011005943901223,-0.24020294996782202,-0.18520294996782197,0.059797050032178424,-0.1526258525594041,0.0,0.24020294996782196,0.20685347986557684,1.1107529992082362e-06,0,0,0,0,0,inf,inf,0,0,0.0,0.9628192705573567,1.4210123864475237e-05,0.4440180068520586,-5.837844084489061e-05,-1.0326192705573567,3.697220060693302e-05,1.489626188306185,-0.7853335509933042,-9.728909677647219e-06,0.032415193282890706,4.485141813585045e-05,0.05308670200895575,-4.2800626061831e-05,-0.03535692008793989,2.1406445173322452e-05,0.002878423795237161,-35.23292093155964,0.43935777152338024,16.855971580762912,0.7386150248853115,1.5277442878185326,0.0009722270211309496,0.002878423795237161,-35.23292093155964,0.43935777152338024,16.855971580762912,0.7386150248853115,1.5277442878185326,0.0009722270211309496
7.081000000000699,2,1,1,4,7.644838232076425e-05,4.439754464706075,4.404904510334122,5.0,0.6762650438151245,-1.329392589809516e-05,0.435318385098321,0.0017328146936308744,7.701875909229995e-06,-0.00041015936396839937,0.6780850099023708,-9.278129557961225e-06,0.0018199705177135558,0.7358347062879601,0.12,0.12,1.0,-0.0021366033782377384,-0.002138817613184154,0.0,0.0,0.0,-0.0021366033782377384,-0.0,0.0,0.0,-0.21244441013991341,-0.21257073540900598,-0.24020294996782196,-0.24011005943901223,-0.24020294996782202,-0.18520294996782197,0.059797050032178424,-0.15264736010773383,0.0,0.24020294996782196,0.20685347986557684,1.1010880319786983e-06,0,0,0,0,0,inf,inf,0,0,0.0,0.9622917573901847,1.4109780849634731e-05,0.44434009372873856,-5.792906063966992e-05,-1.0320917573901847,3.654684503950435e-05,1.4892749367113018,-0.7853333371311574,-1.0280326749530409e-05,0.032040613558949056,4.500255585170617e-05,0.052478336724289934,-4.231498043102436e-05,-0.034936520369112545,2.136569703903583e-05,0.00282431825827877,-35.23599780874354,0.43961136901804115,16.851194316508828,0.7385869629863917,1.5267720284497208,0.0009613296050298406,0.00282431825827877,-35.23599780874354,0.43961136901804115,16.851194316508828,0.7385869629863917,1.5267720284497208,0.0009613296050298406
7.091000000000703,2,1,1,4,7.506783289093402e-05,4.44488302572893,4.409892566529874,5.0,0.676282264087242,-1.3217858492552152e-05,0.43531431600195164,0.0017129069799868102,7.528012615709555e-06,-0.0004044858973718013,0.6780850099023708,-9.278129557961225e-06,0.0018027501200743967,0.7275861964630811,0.12,0.12,1.0,-0.002105625791967465,-0.0021078077173553667,0.0,0.0,0.0,-0.002105625791967465,-0.0,0.0,0.0,-0.21246560533076156,-0.21259195256387267,-0.24020294996782196,-0.24011005943901223,-0.24020294996782202,-0.18520294996782197,0.059797050032178424,-0.15266855529858198,0.0,0.24020294996782196,0.20685347986557684,1.0916908343388958e-06,0,0,0,0,0,inf,inf,0,0,0.0,0.9617702761826165,1.4004062953667736e-05,0.44465846688337396,-5.747839266498052e-05,-1.0315702761826164,3.612647219109639e-05,1.4889278534368127,-0.7853331238162593,-1.08065360531345e-05,0.03167183682264513,4.511366093813052e-05,0.05187932419094509,-4.180709954674977e-05,-0.03452257860443937,2.129996860883777e-05,0.0027716358009744905,-35.239014026056296,0.4398626647112128,16.846452456811427,0.738559190592139,1.5258056942019576,0.0009505547760357448,0.0027716358009744905,-35.239014026056296,0.4398626647112128,16.846452456811427,0.738559190592139,1.5258056942019576,0.0009505547760357448
7.101000000000706,2,1,1,4,7.371010986154027e-05,4.4499921586747675,4.414898268330209,5.0,0.6762992873109142,-1.31435234550746e-05,0.43531030322575426,0.0016933735560036697,7.355367399816391e-06,-0.0003988825174639019,0.6780850099023708,-9.278129557961225e-06,0.0017857267749878307,0.7194420231932839,0.12,0.12,1.0,-0.0020752007322743815,-0.002077351069997106,0.0,0.0,0.0,-0.0020752007322743815,-0.0,0.0,0.0,-0.21248649380508539,-0.2126128626831539,-0.24020294996782196,-0.24011005943901223,-0.24020294996782202,-0.18520294996782197,0.059797050032178424,-0.1526894437729058,0.0,0.24020294996782196,0.20685347986557684,1.0825413446098013e-06,0,0,0,0,0,inf,inf,0,0,0.0,0.9612547350511144,1.3893218083906201e-05,0.444973183315317,-5.7026815255841716e-05,-1.0310547350511143,3.571127896033488e-05,1.4885848749326867,-0.7853329112830344,-1.1308285211100464e-05,0.03130867783694424,4.518866580501753e-05,0.05128936882451141,-4.128153417392533e-05,-0.03411490945818208,2.1212020491924624e-05,0.0027203379104465495,-35.241971071887974,0.4401116817925468,16.841745971754083,0.738531723843264,1.5248448905475602,0.0009399030626765375,0.0027203379104465495,-35.241971071887974,0.4401116817925468,16.841745971754083,0.738531723843264,1.5248448905475602,0.0009399030626765375
7.111000000000709,2,1,1,4,7.237502097459571e-05,4.455080283221663,4.419916547844978,5.0,0.6763161171410396,-1.307090619460313e-05,0.435306346078294,0.0016741984315529232,7.184370266885366e-06,-0.00039334767736781435,0.6780850099023708,-9.278129557961225e-06,0.0017688968274731248,0.7114005865128179,0.12,0.12,1.0,-0.002045304752571184,-0.0020474241535717985,0.0,0.0,0.0,-0.002045304752571184,-0.0,0.0,0.0,-0.21250708095703974,-0.21263347116782244,-0.24020294996782196,-0.24011005943901223,-0.24020294996782202,-0.18520294996782197,0.059797050032178424,-0.15271003092486016,0.0,0.24020294996782196,0.20685347986557684,1.0736214154227885e-06,0,0,0,0,0,inf,inf,0,0,0.0,0.9607450449504237,1.3777487032037177e-05,0.44528429824690285,-5.657466975820543e-05,-1.0305450449504236,3.530141949649663e-05,1.4882459394366128,-0.7853326997395748,-1.178625847315254e-05,0.030950964852960554,4.523108485164355e-05,0.05070819609558947,-4.074233924883291e-05,-0.03371333936606867,2.1104383791265058e-05,0.002670385951235123,-35.2448704069989,0.440358441918571,16.837074824272214,0.7385045765517027,1.5238892643446358,0.0009293746881780642,0.002670385951235123,-35.2448704069989,0.440358441918571,16.837074824272214,0.7385045765517027,1.5238892643446358,0.0009293746881780642
7.121000000000713,2,1,1,4,7.106237652434923e-05,4.460145960181267,4.424942813468699,5.0,0.676332757080198,-1.2999988133590997e-05,0.43530244388232564,0.0016553669783855487,7.015394971958077e-06,-0.00038788005114706847,0.6780850099023708,-9.278129557961225e-06,0.0017522567748602224,0.7034603257480169,0.12,0.12,1.0,-0.0020159168337650127,-0.002018005889993532,0.0,0.0,0.0,-0.0020159168337650127,-0.0,0.0,0.0,-0.21252737195996246,-0.21265378319739212,-0.24020294996782196,-0.24011005943901223,-0.24020294996782202,-0.18520294996782197,0.059797050032178424,-0.15273032192778288,0.0,0.24020294996782196,0.20685347986557684,1.0649146322138033e-06,0,0,0,0,0,inf,inf,0,0,0.0,0.9602411194743371,1.3657104032008736e-05,0.44559186525082867,-5.612226447542189e-05,-1.030041119474337,3.489700995059635e-05,1.487910986862071,-0.785332489369862,-1.2241090166998535e-05,0.030598538267838645,4.52440564642519e-05,0.05013555050415569,-4.019311145284019e-05,-0.03331770549698484,2.097937332197822e-05,0.0026217413573059625,-35.24771346388988,0.4406029654072142,16.832438970215616,0.7384777603542421,1.522938499763676,0.0009189696123332614,0.0026217413573059625,-35.24771346388988,0.4406029654072142,16.832438970215616,0.7384777603542421,1.522938499763676,0.0009189696123332614
7.131000000000716,2,1,1,4,6.977198798466169e-05,4.465187877700953,4.429972904091923,5.0,0.6763492104914206,-1.2930747243534037e-05,0.4352985959728186,0.0016368657780757886,6.8487636280848695e-06,-0.0003824784926671331,0.6780850099023708,-9.278129557961225e-06,0.0017358032540212695,0.6956197174171426,0.12,0.12,1.0,-0.0019870180508162103,-0.0019890773051763552,0.0,0.0,0.0,-0.0019870180508162103,-0.0,0.0,0.0,-0.21254737178877128,-0.21267380375242295,-0.24020294996782196,-0.24011005943901223,-0.24020294996782202,-0.18520294996782197,0.059797050032178424,-0.1527503217565917,0.0,0.24020294996782196,0.20685347986557684,1.0564061548225112e-06,0,0,0,0,0,inf,inf,0,0,0.0,0.9597428746755993,1.3532297195294247e-05,0.4458959363648902,-5.5669878212441915e-05,-1.0295428746755992,3.449813285526666e-05,1.4875799586962866,-0.7853322803358561,-1.267337602447722e-05,0.030251249422162937,4.523038179330514e-05,0.0495711937536894,-3.963702589506403e-05,-0.03292785480541865,2.08391010136222e-05,0.0025743658010533815,-35.25050164628421,0.44084527141571916,16.8278383584129,0.7384512848701105,1.5219923145829186,0.0009086875675744743,0.0025743658010533815,-35.25050164628421,0.44084527141571916,16.8278383584129,0.7384512848701105,1.5219923145829186,0.0009086875675744743
7.141000000000719,2,1,1,4,6.850366695723611e-05,4.470204839092066,4.4350030477030575,5.0,0.67636548060954,-1.286315853792442e-05,0.43529480169535373,0.0016186824882911538,6.684751105207332e-06,-0.0003771420015869196,0.6780850099023708,-9.278129557961225e-06,0.0017195330300217092,0.6878772733063366,0.12,0.12,1.0,-0.001958591288560022,-0.001960621243181213,0.0,0.0,0.0,-0.001958591288560022,-0.0,0.0,0.0,-0.21256708523930404,-0.21269353763395138,-0.24020294996782196,-0.24011005943901223,-0.24020294996782202,-0.18520294996782197,0.059797050032178424,-0.15277003520712445,0.0,0.24020294996782196,0.20685347986557684,1.0480825570061197e-06,0,0,0,0,0,inf,inf,0,0,0.0,0.9592502289030586,1.3403288843557557e-05,0.446196562195394,-5.5217763449833784e-05,-1.0290502289030585,3.41048411445855e-05,1.4872527979071861,-0.7853320727794515,-1.3083682601428487e-05,0.029908959522771447,4.519256034294251e-05,0.049014903106705525,-3.9076871514485555e-05,-0.03254364316843501,2.068548927198683e-05,0.0025282213347930225,-35.253236328719666,0.44108537809770915,16.823272930743386,0.7384251578570904,1.5210504568277061,0.0008985280914588351,0.0025282213347930225,-35.253236328719666,0.44108537809770915,16.823272930743386,0.7384251578570904,1.5210504568277061,0.0008985280914588351
7.151000000000723,2,1,1,4,6.725722437642048e-05,4.475195752073279,4.440029823996712,5.0,0.6763815705512941,-1.2797194521879639e-05,0.4352910604048241,0.0016008057250885808,6.5235892075308025e-06,-0.00037186969527963593,0.6780850099023708,-9.278129557961225e-06,0.001703442986018208,0.6802315387067674,0.12,0.12,1.0,-0.001930620999257628,-0.0019326221223650527,0.0,0.0,0.0,-0.001930620999257628,-0.0,0.0,0.0,-0.21258651694505223,-0.21271298948029863,-0.24020294996782196,-0.24011005943901223,-0.24020294996782202,-0.18520294996782197,0.059797050032178424,-0.15278946691287265,0.0,0.24020294996782196,0.20685347986557684,1.0399316948821837e-06,0,0,0,0,0,inf,inf,0,0,0.0,0.9587631026543463,1.3270295756610366e-05,0.44649379201042644,-5.476614917902537e-05,-1.0285631026543463,3.3717161828239884e-05,1.4869294488585507,-0.7853318668242991,-1.3472555003284625e-05,0.029571538678190307,4.513282246455305e-05,0.04846646990472934,-3.851508492770923e-05,-0.032164934600966553,2.0520284113509364e-05,0.002483270514879074,-35.25591885624624,0.44132330274726517,16.81874262221975,0.7383993853664044,1.520112701727897,0.0008884905543830049,0.002483270514879074,-35.25591885624624,0.44132330274726517,16.81874262221975,0.7383993853664044,1.520112701727897,0.0008884905543830049
7.161000000000726,2,1,1,4,6.60324699262296e-05,4.480159619244958,4.445050130629616,5.0,0.67639748332433,-1.273282559952441e-05,0.4352873714643914,0.0015832249592398946,6.365470621621688e-06,-0.00036666078568335777,0.6780850099023708,-9.278129557961225e-06,0.0016875301142553177,0.6726810907979913,0.12,0.12,1.0,-0.0019030929955081086,-0.0019050657271244213,0.0,0.0,0.0,-0.0019030929955081086,-0.0,0.0,0.0,-0.21260567139166972,-0.21273216378164128,-0.24020294996782196,-0.24011005943901223,-0.24020294996782202,-0.18520294996782197,0.059797050032178424,-0.15280862135949014,0.0,0.24020294996782196,0.20685347986557684,1.031942579967979e-06,0,0,0,0,0,inf,inf,0,0,0.0,0.9582814184425245,1.3133529351473909e-05,0.4467876738240429,-5.431524342905186e-05,-1.0280814184425244,3.3335099336697015e-05,1.4866098572326136,-0.7853316625775001,-1.3840523120200303e-05,0.02923886503513553,4.505315888282615e-05,0.04792569823710336,-3.795378252989112e-05,-0.03179160054335259,2.0345067941873457e-05,0.0024394765036353755,-35.2585505442249,0.4415590619255611,16.814247361083165,0.738373971892256,1.5191788489680271,0.000878574184582345,0.0024394765036353755,-35.2585505442249,0.4415590619255611,16.814247361083165,0.738373971892256,1.5191788489680271,0.000878574184582345
7.1710000000007295,2,1,1,4,6.48292116256768e-05,4.485095529638046,4.4500611527903,5.0,0.6764132218352419,-1.2670020446306165e-05,0.43528373424464795,0.0015659304248499017,6.21055263084605e-06,-0.0003615145602500751,0.6780850099023708,-9.278129557961225e-06,0.0016717915080291161,0.6652245371643148,0.12,0.12,1.0,-0.0018759942731757743,-0.0018779390298468016,0.0,0.0,0.0,-0.0018759942731757743,-0.0,0.0,0.0,-0.21262455292957919,-0.21275106489266962,-0.24020294996782196,-0.24011005943901223,-0.24020294996782202,-0.18520294996782197,0.059797050032178424,-0.1528275028973996,0.0,0.24020294996782196,0.20685347986557684,1.0241052600797538e-06,0,0,0,0,0,inf,inf,0,0,0.0,0.9578051006752962,1.2993195806387972e-05,0.44707825447232796,-5.3865235513637286e-05,-1.0276051006752962,3.295863855554522e-05,1.486293969959411,-0.7853314601311738,-1.4188106562986691e-05,0.028910824005650995,4.4955347411712604e-05,0.0473924037443023,-3.739479073142642e-05,-0.031423519215279874,2.0161271861219818e-05,0.002396803156025281,-35.261132678220726,0.44179267157548946,16.809787068912716,0.7383489205164756,1.5182487202073498,0.0008687780894223861,0.002396803156025281,-35.261132678220726,0.44179267157548946,16.809787068912716,0.7383489205164756,1.5182487202073498,0.0008687780894223861
7.181000000000733,2,1,1,4,6.364725555255048e-05,4.49000265120175,4.455060335773835,5.0,0.6764287888967526,-1.2608746342595998e-05,0.4352801481229532,0.0015489130387564656,6.058960595989559e-06,-0.00035643036630097287,0.6780850099023708,-9.278129557961225e-06,0.0016562243545060243,0.657860514431769,0.12,0.12,1.0,-0.0018493128598108966,-0.0018512300385177998,0.0,0.0,0.0,-0.0018493128598108966,-0.0,0.0,0.0,-0.2126431657849518,-0.21276969704360976,-0.24020294996782196,-0.24011005943901223,-0.24020294996782202,-0.18520294996782197,0.059797050032178424,-0.1528461157527722,0.0,0.24020294996782196,0.20685347986557684,1.0164107164710844e-06,0,0,0,0,0,inf,inf,0,0,0.0,0.9573340755455021,1.2849496141771623e-05,0.4473655796821813,-5.341629802575943e-05,-1.027134075545502,3.2587747568029905e-05,1.485981735152255,-0.785331259563905,-1.4515818476950905e-05,0.028587307575481582,4.484097703481446e-05,0.04686641254266033,-3.6839674268949333e-05,-0.03106057503055491,1.9970187452726325e-05,0.002355215089636951,-35.26366651398283,0.4420241471224698,16.805361660747227,0.7383242330458533,1.51732215684418,0.0008591012744245423,0.002355215089636951,-35.26366651398283,0.4420241471224698,16.805361660747227,0.7383242330458533,1.51732215684418,0.0008591012744245423
7.191000000000736,2,1,1,4,6.248640567305033e-05,4.494880224112299,4.460045360277208,5.0,0.6764441872341459,-1.2548969475489285e-05,0.4352766124829061,0.0015321643293941718,5.910791203493595e-06,-0.0003514075982116501,0.6780850099023708,-9.278129557961225e-06,0.0016408259282916894,0.6505876870146309,0.12,0.12,1.0,-0.0018230376847494297,-0.0018249276661407206,0.0,0.0,0.0,-0.0018230376847494297,-0.0,0.0,0.0,-0.21266151406929307,-0.21278806434984485,-0.24020294996782196,-0.24011005943901223,-0.24020294996782202,-0.18520294996782197,0.059797050032178424,-0.15286446403711348,0.0,0.24020294996782196,0.20685347986557684,1.0088507651005312e-06,0,0,0,0,0,inf,inf,0,0,0.0,0.9568682709317592,1.2702626268452741e-05,0.44764969413359423,-5.29685886050553e-05,-1.0266682709317592,3.222238012516143e-05,1.4856731020487497,-0.7853310609420779,-1.482416839584108e-05,0.02826821368521102,4.471146953274163e-05,0.04634756025855956,-3.628976257400392e-05,-0.030702658067452118,1.9772977966401074e-05,0.0023146777415303994,-35.26615327750513,0.4422535035643024,16.80097104522023,0.7382999101425163,1.5163990180037772,0.0008495426598805987,0.0023146777415303994,-35.26615327750513,0.4422535035643024,16.80097104522023,0.7382999101425163,1.5163990180037772,0.0008495426598805987
7.2010000000007395,2,1,1,4,6.134646376135169e-05,4.499727554800715,4.465014120154341,5.0,0.6764594194910295,-1.2490655208075042e-05,0.43527312671393714,0.0015156763739710242,5.766115485907857e-06,-0.00034644568694673666,0.6780850099023708,-9.278129557961225e-06,0.001625593585668221,0.6434047459607667,0.12,0.12,1.0,-0.0017971584676709266,-0.0017990216187260067,0.0,0.0,0.0,-0.0017971584676709266,-0.0,0.0,0.0,-0.21267960178783396,-0.21280617082033504,-0.24020294996782196,-0.24011005943901223,-0.24020294996782202,-0.18520294996782197,0.059797050032178424,-0.15288255175565438,0.0,0.24020294996782196,0.20685347986557684,1.0014179791194687e-06,0,0,0,0,0,inf,inf,0,0,0.0,0.9564076163082081,1.2552777011939507e-05,0.44793064151610185,-5.252225150157459e-05,-1.0262076163082081,3.186247786276694e-05,1.4853680209568212,-0.7853308643210999,-1.511366428380873e-05,0.02795344567654513,4.4568098843861716e-05,0.0458356911612055,-3.574617421408211e-05,-0.03034966358971441,1.95706888997456e-05,0.0022751574128716556,-35.2685941651593,0.4424807555503873,16.79661512470666,0.738275951446325,1.5154791787293727,0.0008401010951063634,0.0022751574128716556,-35.2685941651593,0.4424807555503873,16.79661512470666,0.738275951446325,1.5154791787293727,0.0008401010951063634
7.211000000000743,2,1,1,4,6.022722938483962e-05,4.504544010612066,4.4699647023918905,5.0,0.6764744882345151,-1.2433768321219788e-05,0.43526969021099005,0.0014994417429525328,5.624981620334942e-06,-0.00034154409154434453,0.6780850099023708,-9.278129557961225e-06,0.0016105247594149804,0.6363104078871735,0.12,0.12,1.0,-0.0017716656228708469,-0.001773502299093122,0.0,0.0,0.0,-0.0017716656228708469,-0.0,0.0,0.0,-0.21269743284689566,-0.21282402036500667,-0.24020294996782196,-0.24011005943901223,-0.24020294996782202,-0.18520294996782197,0.059797050032178424,-0.15290038281471607,0.0,0.24020294996782196,0.20685347986557684,9.941056014995595e-07,0,0,0,0,0,inf,inf,0,0,0.0,0.9559520426624349,1.2400134120117417e-05,0.4482084645800241,-5.207741895752572e-05,-1.025752042662435,3.150797228452336e-05,1.4850664432052796,-0.7853306697465245,-1.5384813896997453e-05,0.02764291179688998,4.4412008343340485e-05,0.045330657384109165,-3.520983945238004e-05,-0.030001491613618377,1.936425794677778e-05,0.002236621302506049,-35.27099034389323,0.4427059174509935,16.792293795480678,0.7382523556893591,1.5145625283576054,0.0008307753711852672,0.002236621302506049,-35.27099034389323,0.4427059174509935,16.792293795480678,0.7382523556893591,1.5145625283576054,0.0008307753711852672
7.221000000000746,2,1,1,4,5.912849994341076e-05,4.509329015018987,4.47489536908795,5.0,0.6764893959598755,-1.2378273227560278e-05,0.43526630237428143,0.0014834534509725454,5.487417512818038e-06,-0.00033670229221651,0.6780850099023708,-9.278129557961225e-06,0.0015956169541516427,0.6293034139962743,0.12,0.12,1.0,-0.0017465501769468761,-0.0017483607241614131,0.0,0.0,0.0,-0.0017465501769468761,-0.0,0.0,0.0,-0.21271501106037294,-0.21284161680125493,-0.24020294996782196,-0.24011005943901223,-0.24020294996782202,-0.18520294996782197,0.059797050032178424,-0.15291796102819336,0.0,0.24020294996782196,0.20685347986557684,9.869074819928977e-07,0,0,0,0,0,inf,inf,0,0,0.0,0.955501482420735,1.224487826051386e-05,0.44848320518304385,-5.163421242682952e-05,-1.025301482420735,3.1158786529453196e-05,1.4847683210984786,-0.7853304772550774,-1.5638125582837185e-05,0.027336524756070867,4.4244226221599794e-05,0.044832318226318245,-3.4681520988843384e-05,-0.02965804651685847,1.9154524310340525e-05,0.0021990375318003508,-35.273342951488225,0.44292900341857866,16.788006947882582,0.7382291208027315,1.5136489690598571,0.0008215642319305256,0.0021990375318003508,-35.273342951488225,0.44292900341857866,16.788006947882582,0.7382291208027315,1.5136489690598571,0.0008215642319305256
7.2310000000007495,2,1,1,4,5.805007074868775e-05,4.514082043322907,4.479804541235291,5.0,0.6765041450947452,-1.2324134160309917e-05,0.4352629626091205,0.0014677049134002153,5.353433176586663e-06,-0.00033191978478817126,0.6780850099023708,-9.278129557961225e-06,0.0015808677421381475,0.6223825291659631,0.12,0.12,1.0,-0.0017218036979237514,-0.001723588453747712,0.0,0.0,0.0,-0.0017218036979237514,-0.0,0.0,0.0,-0.2127323401554586,-0.2128589638596846,-0.24020294996782196,-0.24011005943901223,-0.24020294996782202,-0.18520294996782197,0.059797050032178424,-0.15293529012327903,0.0,0.24020294996782196,0.20685347986557684,9.798180105320365e-07,0,0,0,0,0,inf,inf,0,0,0.0,0.9550558693799626,1.2087185012171392e-05,0.44875490433261345,-5.119274365054118e-05,-1.0248558693799625,3.081483694166754e-05,1.4844736078746728,-0.7853302868755931,-1.587410862100999e-05,0.02703420132966949,4.40656791331262e-05,0.04434053952528814,-3.416183295789433e-05,-0.02931923668532939,1.894223739626484e-05,0.002162375159930253,-35.27565309686785,0.4431500274398216,16.783754466494035,0.7382062440147882,1.5127384145338845,0.000812466383468593,0.002162375159930253,-35.27565309686785,0.4431500274398216,16.783754466494035,0.7382062440147882,1.5127384145338845,0.000812466383468593
7.241000000000753,2,1,1,4,5.699173513576319e-05,4.518802618785015,4.484690784128977,5.0,0.6765187380029128,-1.227131534088903e-05,0.4352596703257806,0.001452189907886498,5.223022914199745e-06,-0.0003271960762433458,0.6780850099023708,-9.278129557961225e-06,0.0015662747594827047,0.6155465411063432,0.12,0.12,1.0,-0.0016974182341588065,-0.001699177529199979,0.0,0.0,0.0,-0.0016974182341588065,-0.0,0.0,0.0,-0.2127494237777143,-0.2128760651891941,-0.24020294996782196,-0.24011005943901223,-0.24020294996782202,-0.18520294996782197,0.059797050032178424,-0.15295237374553472,0.0,0.24020294996782196,0.20685347986557684,9.728320599201816e-07,0,0,0,0,0,inf,inf,0,0,0.0,0.9546151386452914,1.1927224856203503e-05,0.44902360222462684,-5.0753115604514785e-05,-1.0244151386452913,3.047603445929272e-05,1.484182257667716,-0.7853300986298679,-1.6093273196758124e-05,0.026735862004025095,4.387720428194257e-05,0.04385519309406197,-3.3651258274102626e-05,-0.028984974194207307,1.8728064889951693e-05,0.002126604193725495,-35.277921860451904,0.44336900338212315,16.779536230320407,0.7381837219423314,1.5118307888317477,0.0008034805024756851,0.002126604193725495,-35.277921860451904,0.44336900338212315,16.779536230320407,0.7381837219423314,1.5118307888317477,0.0008034805024756851
7.251000000000756,2,1,1,4,5.5953284595427165e-05,4.523490309135684,4.489552794235036,5.0,0.6765331769877533,-1.2219781124831693e-05,0.4352564249394073,0.0014369025402967668,5.096167313157904e-06,-0.00032253068118590506,0.6780850099023708,-9.278129557961225e-06,0.001551835702709564,0.6087942595765281,0.12,0.12,1.0,-0.0016733862616029915,-0.001675120420430437,0.0,0.0,0.0,-0.0016733862616029915,-0.0,0.0,0.0,-0.21276626549557737,-0.21289292436149293,-0.24020294996782196,-0.24011005943901223,-0.24020294996782202,-0.18520294996782197,0.059797050032178424,-0.15296921546339778,0.0,0.24020294996782196,0.20685347986557684,9.65944940807221e-07,0,0,0,0,0,inf,inf,0,0,0.0,0.9541792265732821,1.1765163168260584e-05,0.4492893382787508,-5.03154233340942e-05,-1.023979226573282,3.014228583861821e-05,1.4838942254717784,-0.7853299125334352,-1.6296130086302273e-05,0.026441430658458803,4.3679560096364104e-05,0.04337615621614184,-3.31501644145817e-05,-0.028655174520032134,1.851260024345819e-05,0.0020916955894406952,-35.28015029455123,0.4435859450320206,16.77535211297725,0.7381615506738023,1.5109260253063275,0.0007946052435265227,0.0020916955894406952,-35.28015029455123,0.4435859450320206,16.77535211297725,0.7381615506738023,1.5109260253063275,0.0007946052435265227
7.2610000000007595,2,1,1,4,5.493450892282616e-05,4.528144723419485,4.494389387372383,5.0,0.6765474642953435,-1.2169496128145223e-05,0.43525322586995796,0.0014218372145090078,4.972835065574762e-06,-0.00031792311905301453,0.6780850099023708,-9.278129557961225e-06,0.0015375483256435851,0.6021245156559597,0.12,0.12,1.0,-0.0016497006382153543,-0.0016514099801446692,0.0,0.0,0.0,-0.0016497006382153543,-0.0,0.0,0.0,-0.2127828688043806,-0.21290954487513003,-0.24020294996782196,-0.24011005943901223,-0.24020294996782202,-0.18520294996782197,0.059797050032178424,-0.15298581877220102,0.0,0.24020294996782196,0.20685347986557684,9.591523480901283e-07,0,0,0,0,0,inf,inf,0,0,0.0,0.9537480707197142,1.1601160215408184e-05,0.4495521511707639,-4.987975468913615e-05,-1.0235480707197142,2.981349472854982e-05,1.4836094671087834,-0.78532972859627,-1.6483190121513728e-05,0.026150834280742195,4.3473435637167516e-05,0.042903311192084806,-3.265881773765201e-05,-0.028329756280775793,1.8296369597289977e-05,0.0020576212506508156,-35.282339423795094,0.4438008661289533,16.771201982883333,0.7381397258455952,1.5100240656721444,0.0007858392452853671,0.0020576212506508156,-35.282339423795094,0.4438008661289533,16.771201982883333,0.7381397258455952,1.5100240656721444,0.0007858392452853671
7.271000000000763,2,1,1,4,5.393519637733515e-05,4.532765509135586,4.499199488074367,5.0,0.6765616021172914,-1.2120425337834876e-05,0.4352500725421674,0.0014069886056188145,4.852984622066983e-06,-0.00031337291194916166,0.6780850099023708,-9.278129557961225e-06,0.0015234104365815387,0.5955361610652562,0.12,0.12,1.0,-0.001626354564506287,-0.0016280394042272439,0.0,0.0,0.0,-0.001626354564506287,-0.0,0.0,0.0,-0.21279923712995072,-0.21292593015909952,-0.24020294996782196,-0.24011005943901223,-0.24020294996782202,-0.18520294996782197,0.059797050032178424,-0.15300218709777114,0.0,0.24020294996782196,0.20685347986557684,9.524503277932417e-07,0,0,0,0,0,inf,inf,0,0,0.0,0.9533216097916867,1.1435371159291212e-05,0.4498120788622158,-4.9446190971293237e-05,-1.0231216097916866,2.9489562609481333e-05,1.4833279391983032,-0.7853295468234258,-1.6654963493216227e-05,0.025864002712248736,4.325945887202705e-05,0.04243654493244662,-3.2177396433136366e-05,-0.028008641001153224,1.807983815779419e-05,0.0020243540207191303,-35.28449024558908,0.4440137803931795,16.76708570345496,0.7381182427116101,1.5091248591605413,0.0007771811358726602,0.0020243540207191303,-35.28449024558908,0.4440137803931795,16.76708570345496,0.7381182427116101,1.5091248591605413,0.0007771811358726602
7.281000000000766,2,1,1,4,5.295513384914654e-05,4.537352349640206,4.503982120009394,5.0,0.6765755925933165,-1.2072534205221848e-05,0.43524696438553107,0.0013923516361495334,4.736565690642309e-06,-0.0003088795829879604,0.6780850099023708,-9.278129557961225e-06,0.001509419895711608,0.589028067531623,0.12,0.12,1.0,-0.0016033415493250987,-0.0016050021974033494,0.0,0.0,0.0,-0.0016033415493250987,-0.0,0.0,0.0,-0.2128153738318418,-0.2129420835760791,-0.24020294996782196,-0.24011005943901223,-0.24020294996782202,-0.18520294996782197,0.059797050032178424,-0.1530183237996622,0.0,0.24020294996782196,0.20685347986557684,9.458352352369425e-07,0,0,0,0,0,inf,inf,0,0,0.0,0.9528997836035643,1.1267946066921786e-05,0.45006915862768715,-4.901480750420943e-05,-1.0226997836035643,2.917038960972856e-05,1.4830495991296753,-0.7853293672156119,-1.6811958941475436e-05,0.025580868419600406,4.3038203938896874e-05,0.041975748592238696,-3.170600220329469e-05,-0.027691752900677574,1.786341606061146e-05,0.0019918676718570973,-35.28660373059677,0.4442247015492172,16.76300313330334,0.7380970962060244,1.5082283617650472,0.0007686295375943355,0.0019918676718570973,-35.28660373059677,0.4442247015492172,16.76300313330334,0.7380970962060244,1.5082283617650472,0.0007686295375943355
7.2910000000007695,2,1,1,4,5.1994107027080426e-05,4.541904961782334,4.5087363973519885,5.0,0.6765894378136075,-1.2025788726415838e-05,0.4352439008343022,0.001377921454912345,4.623520590735561e-06,-0.0003044426550495694,0.6780850099023708,-9.278129557961225e-06,0.0014955746127554624,0.5825991261950416,0.12,0.12,1.0,-0.001580655380152648,-0.0015822921434251766,0.0,0.0,0.0,-0.001580655380152648,-0.0,0.0,0.0,-0.21283128220625153,-0.21295800842535148,-0.24020294996782196,-0.24011005943901223,-0.24020294996782202,-0.18520294996782197,0.059797050032178424,-0.15303423217407194,0.0,0.24020294996782196,0.20685347986557684,9.39303704047127e-07,0,0,0,0,0,inf,inf,0,0,0.0,0.9524825330363659,1.1099029929990645e-05,0.4503234270798976,-4.858567413612346e-05,-1.0222825330363658,2.8855875211698322e-05,1.4827744050361231,-0.7853291897697132,-1.6954682874426873e-05,0.0253013662899574,4.2810197508760925e-05,0.04152081724254787,-3.1244670766781035e-05,-0.027379018702195203,1.7647463755452055e-05,0.0019601368906374786,-35.28868082324205,0.44443364334503754,16.75895412643272,0.7380762810004481,1.5073345355649483,0.0007601830709577169,0.0019601368906374786,-35.28868082324205,0.44443364334503754,16.75895412643272,0.7380762810004481,1.5073345355649483,0.0007601830709577169
7.301000000000773,2,1,1,4,5.1051900568115614e-05,4.546423093745519,4.513461517006375,5.0,0.6766031398209786,-1.1980155509138248e-05,0.4352408813274995,0.001363693418204974,4.513785472670049e-06,-0.00030006164987666904,0.6780850099023708,-9.278129557961225e-06,0.0014818725448125774,0.576248247051136,0.12,0.12,1.0,-0.0015582900972591852,-0.0015599032791427285,0.0,0.0,0.0,-0.0015582900972591852,-0.0,0.0,0.0,-0.21284696548866272,-0.2129737079454487,-0.24020294996782196,-0.24011005943901223,-0.24020294996782202,-0.18520294996782197,0.059797050032178424,-0.15304991545648314,0.0,0.24020294996782196,0.20685347986557684,9.328526194619966e-07,0,0,0,0,0,inf,inf,0,0,0.0,0.9520698000002531,1.0928762693217287e-05,0.4505749201928848,-4.81588556833091e-05,-1.021869800000253,2.854591885905448e-05,1.482502315770691,-0.7853290144792605,-1.7083638450106184e-05,0.02502543344740398,4.257592435105293e-05,0.04107164957541573,-3.079338127950404e-05,-0.027070367458849044,1.7432296931128436e-05,0.001929137260850589,-35.29072244222759,0.44464061956737294,16.754938532438516,0.7380557915549703,1.5064433481193127,0.0007518403580173392,0.001929137260850589,-35.29072244222759,0.44464061956737294,16.754938532438516,0.7380557915549703,1.5064433481193127,0.0007518403580173392
7.311000000000776,2,1,1,4,5.012829826569944e-05,4.5509065230729,4.518156751594634,5.0,0.6766167006128522,-1.1935601828405477e-05,0.43523790530892326,0.0013496630730743698,4.4072914123177635e-06,-0.0002957360874446332,0.6780850099023708,-9.278129557961225e-06,0.001468311694377395,0.5699743584272986,0.12,0.12,1.0,-0.001536239971180519,-0.0015378298719105823,0.0,0.0,0.0,-0.001536239971180519,-0.0,0.0,0.0,-0.21286242685624454,-0.21298918531655656,-0.24020294996782196,-0.24011005943901223,-0.24020294996782202,-0.18520294996782197,0.059797050032178424,-0.15306537682406496,0.0,0.24020294996782196,0.20685347986557684,9.264790885848303e-07,0,0,0,0,0,inf,inf,0,0,0.0,0.9516615273998051,1.0757279291954592e-05,0.4508236733234529,-4.773441232182166e-05,-1.0214615273998051,2.8240420475229746e-05,1.4822332908838114,-0.7853288413348529,-1.7199324648998947e-05,0.024753009088150448,4.233583219232771e-05,0.04062814763846846,-3.035206475801819e-05,-0.026765730397610796,1.721819102121852e-05,0.0018988452441429807,-35.29272948106702,0.4448456440538693,16.750956196705914,0.7380356221642553,1.5055547719256817,0.000743600025427869,0.0018988452441429807,-35.29272948106702,0.4448456440538693,16.750956196705914,0.7380356221642553,1.5055547719256817,0.000743600025427869
7.3210000000007796,2,1,1,4,4.922308321350568e-05,4.555355054857206,4.522821443130238,5.0,0.6766301221430854,-1.1892095671577032e-05,0.4352349722271757,0.0013358261424016974,4.303965390555397e-06,-0.0002914654855527286,0.6780850099023708,-9.278129557961225e-06,0.0014548901075123355,0.563776406489704,0.12,0.12,1.0,-0.0015144994830468958,-0.0015160663998578124,0.0,0.0,0.0,-0.0015144994830468958,-0.0,0.0,0.0,-0.21287766943004516,-0.21300444366270888,-0.24020294996782196,-0.24011005943901223,-0.24020294996782202,-0.18520294996782197,0.059797050032178424,-0.15308061939786557,0.0,0.24020294996782196,0.20685347986557684,9.201804219425376e-07,0,0,0,0,0,inf,inf,0,0,0.0,0.9512576591017946,1.0584709699010049e-05,0.45106972123106615,-4.7312399934144054e-05,-1.0210576591017946,2.793928090278539e-05,1.4819672906023598,-0.7853286703245368,-1.7302235360179725e-05,0.02448403433251804,4.209033595271868e-05,0.04019021659615522,-2.9920611591068186e-05,-0.026465040777705676,1.700538530917081e-05,0.0018692381593496295,-35.294702808626035,0.44504873070261386,16.747006960605702,0.738015766998772,1.5046687839332258,0.0007354607068448546,0.0018692381593496295,-35.294702808626035,0.44504873070261386,16.747006960605702,0.738015766998772,1.5046687839332258,0.0007354607068448546
7.331000000000783,2,1,1,4,4.8336037963585786e-05,4.559768520075471,4.527454997306027,5.0,0.6766434063236495,-1.184960577462273e-05,0.43523208153568305,0.0013221785115959108,4.203731166701919e-06,-0.0002872493595924385,0.6780850099023708,-9.278129557961225e-06,0.0014416058721688988,0.5576533547772528,0.12,0.12,1.0,-0.0014930633073639476,-0.0014946075346247295,0.0,0.0,0.0,-0.0014930633073639476,-0.0,0.0,0.0,-0.21289269627700075,-0.2130194860537983,-0.24020294996782196,-0.24011005943901223,-0.24020294996782202,-0.18520294996782197,0.059797050032178424,-0.15309564624482117,0.0,0.24020294996782196,0.20685347986557684,9.139541049304702e-07,0,0,0,0,0,inf,inf,0,0,0.0,0.9508581399052219,1.0411178980447534e-05,0.4513130980963472,-4.689287041654433e-05,-1.020658139905222,2.7642402272303227e-05,1.4817042758100454,-0.7853285014341471,-1.7392858498399996e-05,0.024218452091889255,4.1839821433807276e-05,0.03975776451477495,-2.9498878217734633e-05,-0.026168233762417715,1.679408666963124e-05,0.0018402941601666173,-35.29664326967156,0.4452498934789066,16.74309066168989,0.737996220141405,1.503785365108818,0.0007274210450196315,0.0018402941601666173,-35.29664326967156,0.4452498934789066,16.74309066168989,0.737996220141405,1.503785365108818,0.0007274210450196315
7.341000000000786,2,1,1,4,4.7466944683632016e-05,4.564146774055067,4.532056878332797,5.0,0.6766565550261953,-1.1808101649871295e-05,0.4352292326927233,0.0013087162167088804,4.1065100539766e-06,-0.0002830872224561564,0.6780850099023708,-9.278129557961225e-06,0.0014284571166220978,0.5516041837613462,0.12,0.12,1.0,-0.001471926296909851,-0.0014734481262200227,0.0,0.0,0.0,-0.001471926296909851,-0.0,0.0,0.0,-0.2129075104117848,-0.21303431550742677,-0.24020294996782196,-0.24011005943901223,-0.24020294996782202,-0.18520294996782197,0.059797050032178424,-0.1531104603796052,0.0,0.24020294996782196,0.20685347986557684,9.077977899152343e-07,0,0,0,0,0,inf,inf,0,0,0.0,0.9504629155133778,1.0236807359979434e-05,0.4515538375383183,-4.647587195225484e-05,-1.0202629155133778,2.734968830873539e-05,1.4814442080290213,-0.7853283346476123,-1.747167516651129e-05,0.023956206949002776,4.15846485250295e-05,0.039330702168767585,-2.9086693045732798e-05,-0.025875246302908866,1.658447297015188e-05,0.0018119922106259129,-35.29855168542499,0.4454491464188048,16.739207133883106,0.7379769756195578,1.5029045000453525,0.0007194796937124245,0.0018119922106259129,-35.29855168542499,0.4454491464188048,16.739207133883106,0.7379769756195578,1.5029045000453525,0.0007194796937124245
7.35100000000079,2,1,1,4,4.661558530352685e-05,4.568489695056205,4.536626604271368,5.0,0.6766695700834967,-1.1767553606886735e-05,0.4352264251614496,0.0012954354338058083,4.012221606292695e-06,-0.00027897858455651,0.6780850099023708,-9.278129557961225e-06,0.0014154420080265662,0.5456278904283134,0.12,0.12,1.0,-0.0014510834694487068,-0.0014525831897061676,0.0,0.0,0.0,-0.0014510834694487068,-0.0,0.0,0.0,-0.21292211479851622,-0.21304893499061428,-0.24020294996782196,-0.24011005943901223,-0.24020294996782202,-0.18520294996782197,0.059797050032178424,-0.15312506476633664,0.0,0.24020294996782196,0.20685347986557684,9.017092726074273e-07,0,0,0,0,0,inf,inf,0,0,0.0,0.9500719325077372,1.0061710291439071e-05,0.45179197263051313,-4.6061449254949124e-05,-1.0198719325077372,2.7061044582411622e-05,1.4811870494025918,-0.7853281699472269,-1.7539158872804302e-05,0.023697245050145258,4.132515398902638e-05,0.03890894286600775,-2.8683861681393176e-05,-0.025586017032825058,1.637669615614952e-05,0.0017843120622051728,-35.30042885411805,0.4456465036327113,16.735356207672613,0.7379580274341949,1.502026176612885,0.0007116353189735869,0.0017843120622051728,-35.30042885411805,0.4456465036327113,16.735356207672613,0.7379580274341949,1.502026176612885,0.0007116353189735869
7.361000000000793,2,1,1,4,4.5781741656063767e-05,4.572797182960041,4.541163742806918,5.0,0.6766824532907986,-1.1727932766440934e-05,0.4352236584099146,0.0012823324694456143,3.920784223092385e-06,-0.0002749229539307,0.6780850099023708,-9.278129557961225e-06,0.0014025587510691302,0.539723487882515,0.12,0.12,1.0,-0.0014305299960126387,-0.0014320078934576728,0.0,0.0,0.0,-0.0014305299960126387,-0.0,0.0,0.0,-0.21293651235234365,-0.21306334742138378,-0.24020294996782196,-0.24011005943901223,-0.24020294996782202,-0.18520294996782197,0.059797050032178424,-0.15313946232016407,0.0,0.24020294996782196,0.20685347986557684,8.95686479825163e-07,0,0,0,0,0,inf,inf,0,0,0.0,0.9496851383235073,9.88599853873741e-06,0.4520275359160693,-4.5649643786434416e-05,-1.0194851383235073,2.6776378711243726e-05,1.4809327626789217,-0.7853280073138957,-1.7595774811531178e-05,0.023441514007950387,4.1061653878292344e-05,0.03849240229008042,-2.8290171533075567e-05,-0.025300486172583334,1.6170885049516608e-05,0.001757234228059055,-35.302275551548675,0.44584197930534614,16.73153771029449,0.7379393695847127,1.5011503856448205,0.0007038866005778401,0.001757234228059055,-35.302275551548675,0.44584197930534614,16.73153771029449,0.7379393695847127,1.5011503856448205,0.0007038866005778401
7.371000000000796,2,1,1,4,4.4965195613726715e-05,4.577069158049822,4.545667907419665,5.0,0.6766952064070774,-1.168921106895494e-05,0.4352209319110949,0.001269403752141958,3.832115680160293e-06,-0.0002709198364101433,0.6780850099023708,-9.278129557961225e-06,0.0013898055867076378,0.5338900049695403,0.12,0.12,1.0,-0.0014102611905366337,-0.001411717548777411,0.0,0.0,0.0,-0.0014102611905366337,-0.0,0.0,0.0,-0.21295070594092003,-0.2130775556702361,-0.24020294996782196,-0.24011005943901223,-0.24020294996782202,-0.18520294996782197,0.059797050032178424,-0.15315365590874044,0.0,0.24020294996782196,0.20685347986557684,8.897274566515888e-07,0,0,0,0,0,inf,inf,0,0,0.0,0.9493024812266645,9.709778262649575e-06,0.45226055942190185,-4.524049395197865e-05,-1.0191024812266645,2.649560052003869e-05,1.4806813111956554,-0.7853278467273505,-1.764197921040056e-05,0.023188962813654457,4.079444563127071e-05,0.038080998357728255,-2.7905395852143858e-05,-0.025018595442348066,1.5967147877926848e-05,0.0017307399586558793,-35.304092531636265,0.44603558769556817,16.72775146591587,0.737920996091027,1.5002771206553103,0.0006962322328491494,0.0017307399586558793,-35.304092531636265,0.44603558769556817,16.72775146591587,0.737920996091027,1.5002771206553103,0.0006962322328491494
7.3810000000008,2,1,1,4,4.416572921558861e-05,4.581305559877961,4.5501387539108284,5.0,0.6767078311562127,-1.1651361278569826e-05,0.43521824514291063,0.001256645824691221,3.7461335928060796e-06,-0.0002669687358382447,0.6780850099023708,-9.278129557961225e-06,0.0013771807909995994,0.5281264859157649,0.12,0.12,1.0,-0.0013902725006604004,-0.0013917076006851369,0.0,0.0,0.0,-0.0013902725006604004,-0.0,0.0,0.0,-0.21296469838578017,-0.21309156256152773,-0.24020294996782196,-0.24011005943901223,-0.24020294996782202,-0.18520294996782197,0.059797050032178424,-0.15316764835360058,0.0,0.24020294996782196,0.20685347986557684,8.838303555019329e-07,0,0,0,0,0,inf,inf,0,0,0.0,0.9489239102923442,9.533151113738442e-06,0.45249107467204647,-4.483403527624683e-05,-1.0187239102923442,2.621862216225612e-05,1.4804326588653607,-0.7853276881663428,-1.7678218748849562e-05,0.022939541757782164,4.0523809888544214e-05,0.03767465108985346,-2.7529297262693722e-05,-0.024740287982804345,1.576557456335888e-05,0.001704811215982786,-35.305880526973276,0.4462273431340294,16.72399729581357,0.7379029010126542,1.4994063775863442,0.0006886709255890642,0.001704811215982786,-35.305880526973276,0.4462273431340294,16.72399729581357,0.7379029010126542,1.4994063775863442,0.0006886709255890642
7.391000000000803,2,1,1,4,4.3383124789435866e-05,4.585506346208793,4.5545759772470955,5.0,0.6767203292280963,-1.1614356981957843e-05,0.4352155975882459,0.0012440553372684295,3.6627558180478323e-06,-0.0002630691543229523,0.6780850099023708,-9.278129557961225e-06,0.0013646826739929928,0.5224319899851265,0.12,0.12,1.0,-0.0013705594995425537,-0.0013719736197206531,0.0,0.0,0.0,-0.0013705594995425537,-0.0,0.0,0.0,-0.21297849246363207,-0.21310537087476217,-0.24020294996782196,-0.24011005943901223,-0.24020294996782202,-0.18520294996782197,0.059797050032178424,-0.15318144243145249,0.0,0.24020294996782196,0.20685347986557684,8.779934234577285e-07,0,0,0,0,0,inf,inf,0,0,0.0,0.9485493753844515,9.356214330705244e-06,0.45271911270025156,-4.443030056243512e-05,-1.0183493753844515,2.5945358209020425e-05,1.480186770161725,-0.7853275316088164,-1.770493004731468e-05,0.02269320235835038,4.0250012067113695e-05,0.03727328249462994,-2.7161630834747662e-05,-0.024465508282924667,1.5566238785954968e-05,0.00167943064893306,-35.30764024937329,0.4464172600204574,16.72027501854869,0.7378850784650516,1.4985381545797682,0.0006812014046813397,0.00167943064893306,-35.30764024937329,0.4464172600204574,16.72027501854869,0.7378850784650516,1.4985381545797682,0.0006812014046813397
7.401000000000806,2,1,1,4,4.2617165065177674e-05,4.589671492031665,4.558979308690704,5.0,0.6767327022796711,-1.1578172584486609e-05,0.4352129887349632,0.001231629041201108,3.5819008014646537e-06,-0.0002592205925126415,0.6780850099023708,-9.278129557961225e-06,0.0013523095786873462,0.5168055911501929,0.12,0.12,1.0,-0.001351117878544051,-0.0013525112946195577,0.0,0.0,0.0,-0.001351117878544051,-0.0,0.0,0.0,-0.2129920909075711,-0.21311898334580404,-0.24020294996782196,-0.24011005943901223,-0.24020294996782202,-0.18520294996782197,0.059797050032178424,-0.1531950408753915,0.0,0.24020294996782196,0.20685347986557684,8.722149972022082e-07,0,0,0,0,0,inf,inf,0,0,0.0,0.948178827136379,9.179060843454518e-06,0.45294470406189,-4.402932003684347e-05,-1.017978827136379,2.567572570970297e-05,1.4799436101064418,-0.7853273770320587,-1.7722539227793894e-05,0.02244989729577389,3.997330372455153e-05,0.03687681646143463,-2.6802146745858143e-05,-0.02419420211401536,1.53691998442347e-05,0.0016545815684303699,-35.30937239041321,0.4466053528198891,16.716584450136143,0.7378675226338406,1.4976724517715247,0.0006738224125642032,0.0016545815684303699,-35.30937239041321,0.4466053528198891,16.716584450136143,0.7378675226338406,1.4976724517715247,0.0006738224125642032
7.41100000000081,2,1,1,4,4.1867633284647064e-05,4.593800988635143,4.563348513185755,5.0,0.6767449519359104,-1.1542783302211389e-05,0.43521041807591904,0.0012193637833442514,3.503487874380611e-06,-0.00025542254988667325,0.6780850099023708,-9.278129557961225e-06,0.0013400598800539895,0.511246377777045,0.12,0.12,1.0,-0.0013319434406704122,-0.0013333164257509206,0.0,0.0,0.0,-0.0013319434406704122,-0.0,0.0,0.0,-0.2130054964082254,-0.21313240266802436,-0.24020294996782196,-0.24011005943901223,-0.24020294996782202,-0.18520294996782197,0.059797050032178424,-0.1532084463760458,0.0,0.24020294996782196,0.20685347986557684,8.664934927768822e-07,0,0,0,0,0,inf,inf,0,0,0.0,0.9478122169327329,9.001779380169923e-06,0.45316787884525345,-4.363112148082403e-05,-1.0176122169327328,2.5409644227940905e-05,1.4797031442567226,-0.7853272244128352,-1.773146154396592e-05,0.02220958035374987,3.969392374202465e-05,0.03648517866444701,-2.645059257531939e-05,-0.023926316469396754,1.517450432778405e-05,0.001630247921905087,-35.3110776219693,0.44679163605731154,16.712925404210697,0.7378502277865189,1.496809271107263,0.000666532708701427,0.001630247921905087,-35.3110776219693,0.44679163605731154,16.712925404210697,0.7378502277865189,1.496809271107263,0.000666532708701427
7.421000000000813,2,1,1,4,4.113431330079933e-05,4.597894842739877,4.567683386974416,5.0,0.6767570797907451,-1.1508165152072721e-05,0.43520788510897157,0.001207256500987382,3.427437506290197e-06,-0.00025167452505333085,0.6780850099023708,-9.278129557961225e-06,0.0013279319841094865,0.5057534523226043,0.12,0.12,1.0,-0.001313032094667929,-0.0013143849192092335,0.0,0.0,0.0,-0.001313032094667929,-0.0,0.0,0.0,-0.21301871161483932,-0.21314563149338414,-0.24020294996782196,-0.24011005943901223,-0.24020294996782202,-0.18520294996782197,0.059797050032178424,-0.15322166158265974,0.0,0.24020294996782196,0.20685347986557684,8.608274006206616e-07,0,0,0,0,0,inf,inf,0,0,0.0,0.9474494968919759,8.82445457771443e-06,0.45338866668228517,-4.323573035177971e-05,-1.0172494968919759,2.514703585655636e-05,1.4794653386933858,-0.7853270737275083,-1.773210107881828e-05,0.02197220636547477,3.941209935087025e-05,0.036098296474887,-2.6106715269238285e-05,-0.02366179950913925,1.4982187621386343e-05,0.00160641427063791,-35.31275659674607,0.4469761243137213,16.70929769218724,0.7378331882828886,1.4959486161742552,0.000659331069744845,0.00160641427063791,-35.31275659674607,0.4469761243137213,16.70929769218724,0.7378331882828886,1.4959486161742552,0.000659331069744845
7.431000000000816,2,1,1,4,4.041698967341325e-05,4.601953075682597,4.571983755419557,5.0,0.6767690874079441,-1.1474294938697838e-05,0.4352053893369894,0.0011953042172328998,3.353671517096051e-06,-0.00024797601604941805,0.6780850099023708,-9.278129557961225e-06,0.0013159243270342504,0.5003259310439577,0.12,0.12,1.0,-0.0012943798496894488,-0.0012957127814797614,0.0,0.0,0.0,-0.0012943798496894488,-0.0,0.0,0.0,-0.2130317391363012,-0.21315867243346148,-0.24020294996782196,-0.24011005943901223,-0.24020294996782202,-0.18520294996782197,0.059797050032178424,-0.1532346891041216,0.0,0.24020294996782196,0.20685347986557684,8.552152704697631e-07,0,0,0,0,0,inf,inf,0,0,0.0,0.9470906198499008,8.647167094699671e-06,0.4536070967588015,-4.284316989465462e-05,-1.0168906198499008,2.4887825214460534e-05,1.4792301600094695,-0.7853269249521417,-1.7724850506399786e-05,0.021737731164619058,3.912804702444673e-05,0.03571609888097464,-2.5770262813454466e-05,-0.023400600509339516,1.4792275256190611e-05,0.001583065764324402,-35.31440994879661,0.4471588322190101,16.705701123417825,0.7378163985827644,1.4950904920519772,0.0006522162897293614,0.001583065764324402,-35.31440994879661,0.4471588322190101,16.705701123417825,0.7378163985827644,1.4950904920519772,0.0006522162897293614
7.44100000000082,2,1,1,4,3.971544775790894e-05,4.605975722647052,4.576249471012823,5.0,0.6767809763219464,-1.1441150240538515e-05,0.4352029302678548,0.0011835040367922057,3.2821132537458786e-06,-0.00024432652063659965,0.6780850099023708,-9.278129557961225e-06,0.0013040353743410098,0.4949629437182098,0.12,0.12,1.0,-0.001275982810453106,-0.0012772961145946335,0.0,0.0,0.0,-0.001275982810453106,-0.0,0.0,0.0,-0.21304458154212022,-0.21317152806042872,-0.24020294996782196,-0.24011005943901223,-0.24020294996782202,-0.18520294996782197,0.059797050032178424,-0.15324753150994064,0.0,0.24020294996782196,0.20685347986557684,8.496557220752542e-07,0,0,0,0,0,inf,inf,0,0,0.0,0.9467355393438704,8.469993726597243e-06,0.45382319782424707,-4.245346124515393e-05,-1.0165355393438704,2.463193942828566e-05,1.478997575299333,-0.7853267780625928,-1.7710090914869567e-05,0.021506111540548822,3.884197325479419e-05,0.03533851641479437,-2.544098564577761e-05,-0.023142669815475605,1.4604784118432415e-05,0.001560188119308987,-35.316038294035444,0.4473397744471902,16.70213550534192,0.7377998532534702,1.4942349051730819,0.0006451871802698338,0.001560188119308987,-35.316038294035444,0.4473397744471902,16.70213550534192,0.7377998532534702,1.4942349051730819,0.0006451871802698338
7.451000000000823,2,1,1,4,3.90294737897803e-05,4.6099628319389225,4.580480411549346,5.0,0.6767927480386604,-1.1408709393133984e-05,0.43520050741446703,0.001171853142152184,3.2126877345866346e-06,-0.00024072553659220118,0.6780850099023708,-9.278129557961225e-06,0.0012922636200754709,0.4896636333726233,0.12,0.12,1.0,-0.0012578371728347796,-0.0012591311117268755,0.0,0.0,0.0,-0.0012578371728347796,-0.0,0.0,0.0,-0.21305724136335766,-0.21318420090798335,-0.24020294996782196,-0.24011005943901223,-0.24020294996782202,-0.18520294996782197,0.059797050032178424,-0.15326019133117808,0.0,0.24020294996782196,0.20685347986557684,8.441474275077553e-07,0,0,0,0,0,inf,inf,0,0,0.0,0.9463842095977498,8.293007522303782e-06,0.4540369982010236,-4.2066623525756106e-05,-1.0161842095977498,2.4379308101184734e-05,1.478767552148202,-0.7853266330345922,-1.768819168634317e-05,0.021277305197339464,3.855407523002119e-05,0.03496548108533184,-2.5118637838405708e-05,-0.022887958799425425,1.4419723534364628e-05,0.0015377675950831162,-35.31764223074096,0.4475189657092075,16.698600643633714,0.7377835469745966,1.4933818632008375,0.0006382425704879621,0.0015377675950831162,-35.31764223074096,0.4475189657092075,16.698600643633714,0.7377835469745966,1.4933818632008375,0.0006382425704879621
7.461000000000826,2,1,1,4,3.8358854960645304e-05,4.613914464300386,4.5846764784523915,5.0,0.6768044040362184,-1.1376951472702487e-05,0.4351981202947387,0.0011603487900708185,3.1453217657441352e-06,-0.00023717256199042665,0.6780850099023708,-9.278129557961225e-06,0.0012806075860610578,0.4844271560239694,0.12,0.12,1.0,-0.001239939219831674,-0.0012412140531555852,0.0,0.0,0.0,-0.001239939219831674,-0.0,0.0,0.0,-0.21306972109351588,-0.2131966934722368,-0.24020294996782196,-0.24011005943901223,-0.24020294996782202,-0.18520294996782197,0.059797050032178424,-0.1532726710613363,0.0,0.24020294996782196,0.20685347986557684,8.386891066798138e-07,0,0,0,0,0,inf,inf,0,0,0.0,0.9460365855074814,8.116277901611338e-06,0.45424852579342717,-4.1682673935423735e-05,-1.0158365855074813,2.412986327094446e-05,1.478540058622125,-0.7853264898438139,-1.7659510430100017e-05,0.021051270716176785,3.8264541427809655e-05,0.03459692631703584,-2.4802978076841897e-05,-0.022636419819778934,1.423709623437379e-05,0.001515790972568572,-35.31922234004901,0.4476964207467265,16.695096342343792,0.7377674745425365,1.4925313749161269,0.0006313813069801026,0.001515790972568572,-35.31922234004901,0.4476964207467265,16.695096342343792,0.7377674745425365,1.4925313749161269,0.0006313813069801026
7.47100000000083,2,1,1,4,3.770337949018845e-05,4.617830692261243,4.58883759523294,5.0,0.6768159457657043,-1.134585627645427e-05,0.4351957684315916,0.0011489883083649515,3.079944032156276e-06,-0.0002336670954727576,0.6780850099023708,-9.278129557961225e-06,0.0012690658211719618,0.4792526804264,0.12,0.12,1.0,-0.001222285317860495,-0.0012235413025632725,0.0,0.0,0.0,-0.001222285317860495,-0.0,0.0,0.0,-0.21308202318938896,-0.2132090082125649,-0.24020294996782196,-0.24011005943901223,-0.24020294996782202,-0.18520294996782197,0.059797050032178424,-0.15328497315720938,0.0,0.24020294996782196,0.20685347986557684,8.332795354232796e-07,0,0,0,0,0,inf,inf,0,0,0.0,0.9456926226272441,7.939870773071656e-06,0.4544578080962272,-4.130162783379103e-05,-1.015492622627244,2.3883539359328587e-05,1.4783150632583086,-0.7853263484659376,-1.7624392964785538e-05,0.0208279675207855,3.797355213565366e-05,0.03423278689332401,-2.449377045737487e-05,-0.022388006185112126,1.4056899221032245e-05,0.0014942455327961587,-35.32077918643666,0.4478721543254619,16.691622404035886,0.7377516308735232,1.4916834501142935,0.0006246022539045833,0.0014942455327961587,-35.32077918643666,0.4478721543254619,16.691622404035886,0.7377516308735232,1.4916834501142935,0.0006246022539045833
7.481000000000833,2,1,1,4,3.7062836697159506e-05,4.621711599522815,4.592963706070844,5.0,0.6768273746518454,-1.131540430450146e-05,0.4351934513529527,0.0011377690929573344,3.0164851665158897e-06,-0.00023020863650620975,0.6780850099023708,-9.278129557961225e-06,0.001257636900640392,0.47413938782822307,0.12,0.12,1.0,-0.0012048719133345121,-0.0012061093036179356,0.0,0.0,0.0,-0.0012048719133345121,-0.0,0.0,0.0,-0.21309415007187785,-0.21322114755242286,-0.24020294996782196,-0.24011005943901223,-0.24020294996782202,-0.18520294996782197,0.059797050032178424,-0.15329710003969826,0.0,0.24020294996782196,0.20685347986557684,8.279175278344073e-07,0,0,0,0,0,inf,inf,0,0,0.0,0.9453522771561526,7.763848651791487e-06,0.4546648722029144,-4.092349882049038e-05,-1.0151522771561525,2.3640273114311393e-05,1.4780925350558114,-0.7853262088767001,-1.7583173345121586e-05,0.020607355845565358,3.768127991081076e-05,0.033872998904516456,-2.4190785130103703e-05,-0.022142672119929055,1.3879124534901397e-05,0.00147311903645683,-35.32231331819528,0.4480461812285959,16.68817862991909,0.7377360110057891,1.4908380995117392,0.0006179042925714045,0.00147311903645683,-35.32231331819528,0.4480461812285959,16.68817862991909,0.7377360110057891,1.4908380995117392,0.0006179042925714045
7.491000000000836,2,1,1,4,3.64370170569386e-05,4.625557280375139,4.597054774505638,5.0,0.6768386920936827,-1.128557673921849e-05,0.43519116859174023,0.0011266886051550756,2.9548777987379986e-06,-0.00022679668562828622,0.6780850099023708,-9.278129557961225e-06,0.001246319425387027,0.4690864717354887,0.12,0.12,1.0,-0.0011876955295022863,-0.001188914576812276,0.0,0.0,0.0,-0.0011876955295022863,-0.0,0.0,0.0,-0.21310610412677267,-0.21323311388012783,-0.24020294996782196,-0.24011005943901223,-0.24020294996782202,-0.18520294996782197,0.059797050032178424,-0.15330905409459308,0.0,0.24020294996782196,0.20685347986557684,8.226019386259534e-07,0,0,0,0,0,inf,inf,0,0,0.0,0.9450155059254574,7.588270776730837e-06,0.45486974481364345,-4.054829881017818e-05,-1.0148155059254573,2.340000354667658e-05,1.4778724434665576,-0.7853260710519423,-1.7536173929562772e-05,0.020389396706151145,3.738788998681374e-05,0.03351749969973822,-2.3893798800191032e-05,-0.021900372733004752,1.3703759944694002e-05,0.001452399703373043,-35.323825267893575,0.44821851624965825,16.684764819975655,0.7377206101007622,1.4899953346607517,0.0006112863216243916,0.001452399703373043,-35.323825267893575,0.44821851624965825,16.684764819975655,0.7377206101007622,1.4899953346607517,0.0006112863216243916
7.50100000000084,2,1,1,4,3.5825712263597674e-05,4.629367839140368,4.601110782226329,5.0,0.6768498994652061,-1.125635542644244e-05,0.4351889196858556,0.0011157443691333481,2.8950565884281257e-06,-0.00022343074467796387,0.6780850099023708,-9.278129557961225e-06,0.0012351120213853354,0.46409313768311766,0.12,0.12,1.0,-0.0011707527635044324,-0.0011719537165218543,0.0,0.0,0.0,-0.0011707527635044324,-0.0,0.0,0.0,-0.2131178877055049,-0.2132449095496105,-0.24020294996782196,-0.24011005943901223,-0.24020294996782202,-0.18520294996782197,0.059797050032178424,-0.15332083767332533,0.0,0.24020294996782196,0.20685347986557684,8.173316680318885e-07,0,0,0,0,0,inf,inf,0,0,0.0,0.9446822663862039,7.413193227122875e-06,0.4550724522428939,-4.017603810374079e-05,-1.0144822663862039,2.316267186226014e-05,1.4776547583866582,-0.7853259349676476,-1.748370548427652e-05,0.02017405187214194,3.709354063673555e-05,0.03316622784237922,-2.3602595111901173e-05,-0.021661063987894594,1.3530789552135334e-05,0.001432076194101053,-35.32531555283064,0.44838917418654506,16.681380773083184,0.7377054234440884,1.4891551678697936,0.0006047472566801951,0.001432076194101053,-35.32531555283064,0.44838917418654506,16.681380773083184,0.7377054234440884,1.4891551678697936,0.0006047472566801951
7.511000000000843,2,1,1,4,3.5228715282303e-05,4.633143389645219,4.605131727950634,5.0,0.6768609981159751,-1.1227722853322671e-05,0.4351867041781674,0.0011049339696031252,2.836958242488085e-06,-0.0002201103170126414,0.6780850099023708,-9.278129557961225e-06,0.0012240133390406592,0.45915860301307493,0.12,0.12,1.0,-0.00115404028362503,-0.0011552233882615795,0.0,0.0,0.0,-0.00115404028362503,-0.0,0.0,0.0,-0.21312950312587078,-0.21325653688113877,-0.24020294996782196,-0.24011005943901223,-0.24020294996782202,-0.18520294996782197,0.059797050032178424,-0.1533324530936912,0.0,0.24020294996782196,0.20685347986557684,8.121056474655562e-07,0,0,0,0,0,inf,inf,0,0,0.0,0.9443525165973198,7.2386690376698735e-06,0.45527302042686907,-3.980672545608475e-05,-1.0141525165973198,2.2928221390959528e-05,1.4774394501480173,-0.7853258005999768,-1.7426067319902967e-05,0.019961283841777217,3.679838349797989e-05,0.032819123068749435,-2.3316964925272427e-05,-0.021424702675396638,1.3360194335724729e-05,0.001412137590691208,-35.32678467547716,0.44855816983435537,16.678026287133314,0.7376904464451337,1.4883176121325792,0.0005982860300892284,0.001412137590691208,-35.32678467547716,0.44855816983435537,16.678026287133314,0.7376904464451337,1.4883176121325792,0.0005982860300892284
7.521000000000846,2,1,1,4,3.464582039899768e-05,4.63688405471766,4.609117626385164,5.0,0.6768719893717086,-1.119966212876934e-05,0.4351845216164954,0.001094255049642328,2.7805215198434925e-06,-0.00021683490771099906,0.6780850099023708,-9.278129557961225e-06,0.0012130220526006118,0.45428209665826497,0.12,0.12,1.0,-0.001137554826722865,-0.001138720326117726,0.0,0.0,0.0,-0.001137554826722865,-0.0,0.0,0.0,-0.2131409526727287,-0.2132679981620148,-0.24020294996782196,-0.24011005943901223,-0.24020294996782202,-0.18520294996782197,0.059797050032178424,-0.15334390264054912,0.0,0.24020294996782196,0.20685347986557684,8.069228433660432e-07,0,0,0,0,0,inf,inf,0,0,0.0,0.9440262152140989,7.064748312210351e-06,0.455471474930651,-3.944036814085178e-05,-1.0138262152140989,2.269659751346682e-05,1.4772264895102019,-0.785325667925295,-1.73635474570064e-05,0.019751055818358284,3.6502563866133815e-05,0.032476126249602076,-2.303670650472868e-05,-0.021191246387780065,1.3191952625951282e-05,0.0013925733789742288,-35.32823312390658,0.448725517979014,16.674701159145375,0.7376756746365755,1.4874826810617645,0.0005919015909141562,0.0013925733789742288,-35.32823312390658,0.448725517979014,16.674701159145375,0.7376756746365755,1.4874826810617645,0.0005919015909141562
7.53100000000085,2,1,1,4,3.407682326808572e-05,4.640589965705798,4.613068507258971,5.0,0.6768828745348595,-1.1172156963129557e-05,0.4351823715535935,0.0010837053086733804,2.7256872250837175e-06,-0.00021360402376180724,0.6780850099023708,-9.278129557961225e-06,0.0012021368595801344,0.44946285893321986,0.12,0.12,1.0,-0.00112129319581212,-0.0011224413303319303,0.0,0.0,0.0,-0.00112129319581212,-0.0,0.0,0.0,-0.2131522385986714,-0.2132792956472475,-0.24020294996782196,-0.24011005943901223,-0.24020294996782202,-0.18520294996782197,0.059797050032178424,-0.15335518856649183,0.0,0.24020294996782196,0.20685347986557684,8.017822554287441e-07,0,0,0,0,0,inf,inf,0,0,0.0,0.9437033214770575,6.891478335589181e-06,0.45566784095512936,-3.907697201235635e-05,-1.0135033214770575,2.2467747586576103e-05,1.4770158476525628,-0.7853255369201969,-1.729642281710618e-05,0.01954333168823856,3.6206220960924666e-05,0.0321371793542377,-2.2761625626789325e-05,-0.02096065349461071,1.3026040530981976e-05,0.0013733734314565632,-35.32966137221644,0.44889123339111386,16.67140518537538,0.7376611036735455,1.4866503888268385,0.0005855929044704846,0.0013733734314565632,-35.32966137221644,0.44889123339111386,16.67140518537538,0.7376611036735455,1.4866503888268385,0.0005855929044704846
7.541000000000853,2,1,1,4,3.352152095389884e-05,4.644261262020724,4.616984414423643,5.0,0.6768936548851673,-1.1145191647336966e-05,0.43518025354712886,0.0010732825005720199,2.672398192572197e-06,-0.0002104171742389641,0.6780850099023708,-9.278129557961225e-06,0.00119135648020931,0.44470014132981284,0.12,0.12,1.0,-0.001105252257786576,-0.001106383265026885,0.0,0.0,0.0,-0.001105252257786576,-0.0,0.0,0.0,-0.21316336312467493,-0.21329043156020128,-0.24020294996782196,-0.24011005943901223,-0.24020294996782202,-0.18520294996782197,0.059797050032178424,-0.15336631309249535,0.0,0.24020294996782196,0.20685347986557684,7.966829159715827e-07,0,0,0,0,0,inf,inf,0,0,0.0,0.9433837952011347,6.7189036834963775e-06,0.4558621433437171,-3.87165415649818e-05,-1.0131837952011347,2.224162086776757e-05,1.476807496166586,-0.7853254075615262,-1.722495943497566e-05,0.019338076000224805,3.590948817038068e-05,0.03180222541693122,-2.249153562400718e-05,-0.02073288312002214,1.2862432309157083e-05,0.0013545279914703333,-35.33106988093764,0.44905533082014765,16.668138161421062,0.737646729332146,1.4858207500982707,0.0005793589522552443,0.0013545279914703333,-35.33106988093764,0.44905533082014765,16.668138161421062,0.737646729332146,1.4858207500982707,0.0005793589522552443
7.551000000000856,2,1,1,4,3.297971197027596e-05,4.647898090698403,4.6208654050138565,5.0,0.6769043316801935,-1.111875103318911e-05,0.4351781671596601,0.0010629844318934929,2.6205992625813183e-06,-0.0002072738704634686,0.6780850099023708,-9.278129557961225e-06,0.0011806796568972835,0.43999320631904626,0.12,0.12,1.0,-0.0010894289412634013,-0.0010905430560538675,0.0,0.0,0.0,-0.0010894289412634013,-0.0,0.0,0.0,-0.2131743284407254,-0.21330140809322312,-0.24020294996782196,-0.24011005943901223,-0.24020294996782202,-0.18520294996782197,0.059797050032178424,-0.15337727840854581,0.0,0.24020294996782196,0.20685347986557684,7.91623884622693e-07,0,0,0,0,0,inf,inf,0,0,0.0,0.9430675967652166,6.547066330075962e-06,0.45605440658886814,-3.835907999025072e-05,-1.0128675967652165,2.2018168439688844e-05,1.476601407048468,-0.7853252798263934,-1.714941269013343e-05,0.019135253946248727,3.561249327502609e-05,0.03147120850545173,-2.2226257369673262e-05,-0.02050789512129806,1.2701100699453907e-05,0.0013360276559912553,-35.33245909743396,0.4492178249874912,16.664899882322523,0.7376325475073784,1.4849937799947273,0.0005731987316365308,0.0013360276559912553,-35.33245909743396,0.4492178249874912,16.664899882322523,0.7376325475073784,1.4849937799947273,0.0005731987316365308
7.56100000000086,2,1,1,4,3.2451196316700924e-05,4.651500605981376,4.624711548662998,5.0,0.6769149061558387,-1.1092820512745462e-05,0.43517611195861405,0.0010528089602046102,2.570237250535198e-06,-0.00020417362615217683,0.6780850099023708,-9.278129557961225e-06,0.001170105153715498,0.43534132715713625,0.12,0.12,1.0,-0.001073820234543323,-0.0010749176889542703,0.0,0.0,0.0,-0.001073820234543323,-0.0,0.0,0.0,-0.2131851367064251,-0.2133122274082483,-0.24020294996782196,-0.24011005943901223,-0.24020294996782202,-0.18520294996782197,0.059797050032178424,-0.15338808667424553,0.0,0.24020294996782196,0.20685347986557684,7.866042502759863e-07,0,0,0,0,0,inf,inf,0,0,0.0,0.9427546871019684,6.376005753132017e-06,0.4562446548384073,-3.800458923174011e-05,-1.0125546871019684,2.1797343135051096e-05,1.4763975526918927,-0.7853251536921882,-1.7070027553826873e-05,0.01893483134318509,3.531535865643439e-05,0.031144073691473335,-2.1965619215891172e-05,-0.020285650068645744,1.2542017208957605e-05,0.0013178633617812914,-35.33382945629102,0.44937873058169003,16.661690142659083,0.7376185542114515,1.4841694940349344,0.0005671112555905503,0.0013178633617812914,-35.33382945629102,0.44937873058169003,16.661690142659083,0.7376185542114515,1.4841694940349344,0.0005671112555905503
7.571000000000863,2,1,1,4,3.1935775513774155e-05,4.655068968918166,4.628522926768941,5.0,0.6769253795268446,-1.1067385999650741e-05,0.4351740875162631,0.001042753992510838,2.5212609106152765e-06,-0.00020111595755474345,0.6780850099023708,-9.278129557961225e-06,0.001159631755895592,0.43074378769767746,0.12,0.12,1.0,-0.001058423183667969,-0.0010595042070199686,0.0,0.0,0.0,-0.001058423183667969,-0.0,0.0,0.0,-0.21319579005157846,-0.21332289163738685,-0.24020294996782196,-0.24011005943901223,-0.24020294996782202,-0.18520294996782197,0.059797050032178424,-0.15339874001939888,0.0,0.24020294996782196,0.20685347986557684,7.816231269821252e-07,0,0,0,0,0,inf,inf,0,0,0.0,0.9424450276879462,6.205759036791357e-06,0.45643291190168483,-3.765307003799293e-05,-1.0122450276879462,2.1579099462376687e-05,1.4761959058810128,-0.7853250291365907,-1.6987038848836195e-05,0.018736774615705203,3.501820149156546e-05,0.03082076702269328,-2.1709456891317367e-05,-0.02006610922605234,1.238515236835376e-05,0.001300026370281556,-35.33518137969442,0.4495380622524469,16.658508736641203,0.7376047455713799,1.4833479080915675,0.0005610955524403436,0.001300026370281556,-35.33518137969442,0.4495380622524469,16.658508736641203,0.7376047455713799,1.4833479080915675,0.0005610955524403436
7.581000000000866,2,1,1,4,3.1433252631134743e-05,4.658603346980586,4.632299631805689,5.0,0.6769357529872799,-1.1042433909366601e-05,0.4351720934096967,0.001032817483768889,2.4736208947500673e-06,-0.00019810038357874883,0.6780850099023708,-9.278129557961225e-06,0.0011492582693432844,0.4261998822073757,0.12,0.12,1.0,-0.0010432348905733363,-0.0010442997094478415,0.0,0.0,0.0,-0.0010432348905733363,-0.0,0.0,0.0,-0.21320629057675916,-0.21333340288349062,-0.24020294996782196,-0.24011005943901223,-0.24020294996782202,-0.18520294996782197,0.059797050032178424,-0.15340924054457958,0.0,0.24020294996782196,0.20685347986557684,7.766796572622414e-07,0,0,0,0,0,inf,inf,0,0,0.0,0.942138580533986,6.036360971508426e-06,0.45661920125556443,-3.730452201354731e-05,-1.011938580533986,2.1363393532953785e-05,1.4759964397836098,-0.78532490613758,-1.690067152005107e-05,0.01854105078006779,3.4721133935703066e-05,0.03050123549649749,-2.145761336488066e-05,-0.019849234533130068,1.2230475952175876e-05,0.001282508253810918,-35.33651527779837,0.4496958346053474,16.6553554581993,0.7375911178264473,1.4825290383489027,0.000555150665580176,0.001282508253810918,-35.33651527779837,0.4496958346053474,16.6553554581993,0.7375911178264473,1.4825290383489027,0.000555150665580176
7.59100000000087,2,1,1,4,3.094343231749199e-05,4.66210391369672,4.636041766676915,5.0,0.676946027711013,-1.1017951140518403e-05,0.4351701292207958,0.0010229974354771872,2.4272697076931207e-06,-0.00019512642590376023,0.6780850099023708,-9.278129557961225e-06,0.0011389835201658079,0.42170891518706294,0.12,0.12,1.0,-0.0010282525113261656,-0.001029301349578505,0.0,0.0,0.0,-0.0010282525113261656,-0.0,0.0,0.0,-0.21321664035385943,-0.2133437632207026,-0.24020294996782196,-0.24011005943901223,-0.24020294996782202,-0.18520294996782197,0.059797050032178424,-0.15341959032167984,0.0,0.24020294996782196,0.20685347986557684,7.717730081087451e-07,0,0,0,0,0,inf,inf,0,0,0.0,0.9418353081758427,5.867844151318772e-06,0.4568035460502537,-3.695894366819769e-05,-1.0116353081758427,2.1150182989312e-05,1.475799127944435,-0.7853247846734409,-1.6811140912850533e-05,0.018347627428759485,3.4424263294993055e-05,0.030185427035028776,-2.1209938682732173e-05,-0.01963498858786152,1.207795717524903e-05,0.001265300882213711,-35.33783154908356,0.4498520621967542,16.65223010106852,0.7375776673256137,1.481712901263557,0.0005492756532647116,0.001265300882213711,-35.33783154908356,0.4498520621967542,16.65223010106852,0.7375776673256137,1.481712901263557,0.0005492756532647116
7.601000000000873,2,1,1,4,3.0466120826493602e-05,4.665570848299509,4.6397494441079425,5.0,0.6769562048521692,-1.099392505673439e-05,0.4351681945362047,0.0010132918943365158,2.382161659311795e-06,-0.00019219360908517336,0.6780850099023708,-9.278129557961225e-06,0.001128806354214331,0.4172702011963947,0.12,0.12,1.0,-0.001013473254437152,-0.0010145063332116146,0.0,0.0,0.0,-0.001013473254437152,-0.0,0.0,0.0,-0.21322684142662196,-0.21335397469498923,-0.24020294996782196,-0.24011005943901223,-0.24020294996782202,-0.18520294996782197,0.059797050032178424,-0.15342979139444238,0.0,0.24020294996782196,0.20685347986557684,7.669023713357429e-07,0,0,0,0,0,inf,inf,0,0,0.0,0.9415351736650747,5.700239068273845e-06,0.45698596911498623,-3.661633246457387e-05,-1.0113351736650746,2.093942693544742e-05,1.4756039442787143,-0.7853246647227683,-1.671865305745814e-05,0.018156472715907514,3.4127692191260304e-05,0.029873290461529513,-2.0966289784309418e-05,-0.0194233346301697,1.1927564858447576e-05,0.0012483964107108622,-35.33913058070531,0.45000675952938435,16.649132458869587,0.7375643905249196,1.4808995135268994,0.0005434695882296637,0.0012483964107108622,-35.33913058070531,0.45000675952938435,16.649132458869587,0.7375643905249196,1.4808995135268994,0.0005434695882296637
7.611000000000876,2,1,1,4,3.0001126038708102e-05,4.669004335390348,4.643422786073061,5.0,0.6769662855455774,-1.0970343469057749e-05,0.43516628894730086,0.001003698950974386,2.3382528143221587e-06,-0.00018930146064784692,0.6780850099023708,-9.278129557961225e-06,0.0011187256366378222,0.4128830646832069,0.12,0.12,1.0,-0.000998894379245315,-0.0009999119169919308,0.0,0.0,0.0,-0.000998894379245315,-0.0,0.0,0.0,-0.2132368958111554,-0.2133640393246557,-0.24020294996782196,-0.24011005943901223,-0.24020294996782202,-0.18520294996782197,0.059797050032178424,-0.15343984577897582,0.0,0.24020294996782196,0.20685347986557684,7.620669594153958e-07,0,0,0,0,0,inf,inf,0,0,0.0,0.9412381405601588,5.533574204006267e-06,0.4571664929635606,-3.6276684864117914e-05,-1.0110381405601587,2.073108586899836e-05,1.4754108630658194,-0.7853245462644701,-1.6623404957925625e-05,0.017967555343394514,3.383151871825446e-05,0.029564775477844918,-2.0726530298096323e-05,-0.019214236526244044,1.1779267577782778e-05,0.001231787266568897,-35.340412748831916,0.45015994104675805,16.64606232518639,0.7375512839843877,1.4800888920303743,0.0005377315576624125,0.001231787266568897,-35.340412748831916,0.45015994104675805,16.64606232518639,0.7375512839843877,1.4800888920303743,0.0005377315576624125
7.62100000000088,2,1,1,4,2.9548257484162364e-05,4.672404564615651,4.6470619232553,5.0,0.6769762709072003,-1.0947194618413968e-05,0.4351644120501652,0.0009942167387278944,2.2955009406537175e-06,-0.00018644951117094622,0.6780850099023708,-9.278129557961225e-06,0.0011087402514520094,0.40854683981633655,0.12,0.12,1.0,-0.0009845131943715237,-0.0009855154068634279,0.0,0.0,0.0,-0.0009845131943715237,-0.0,0.0,0.0,-0.21324680549643413,-0.21337395910084606,-0.24020294996782196,-0.24011005943901223,-0.24020294996782202,-0.18520294996782197,0.059797050032178424,-0.15344975546425454,0.0,0.24020294996782196,0.20685347986557684,7.57266011183265e-07,0,0,0,0,0,inf,inf,0,0,0.0,0.9409441729178204,5.367876118394792e-06,0.4573451397997447,-3.5939996371528824e-05,-1.0107441729178204,2.0525121615519295e-05,1.4752198589430838,-0.7853244292777696,-1.6525584882693772e-05,0.017780844547615325,3.353583659293427e-05,0.029259832642985227,-2.049053032829186e-05,-0.01900765875355978,1.1633033788299992e-05,0.0012154661390075918,-35.341678418973615,0.45031162113000034,16.64301949363994,0.7375383443653627,1.4792810538326222,0.0005320606625882759,0.0012154661390075918,-35.341678418973615,0.45031162113000034,16.64301949363994,0.7375383443653627,1.4792810538326222,0.0005320606625882759
7.631000000000883,2,1,1,4,2.9107326362769713e-05,4.6757717303578135,4.650666994536155,5.0,0.6769861620345586,-1.0924467158615064e-05,0.43516256344555254,0.0009848434324793822,2.2538654563337134e-06,-0.0001836372943642651,0.6780850099023708,-9.278129557961225e-06,0.0010988491011156738,0.40426087032280283,0.12,0.12,1.0,-0.0009703270562308777,-0.0009713141565839019,0.0,0.0,0.0,-0.0009703270562308777,-0.0,0.0,0.0,-0.21325657244478274,-0.21338373598802815,-0.24020294996782196,-0.24011005943901223,-0.24020294996782202,-0.18520294996782197,0.059797050032178424,-0.15345952241260316,0.0,0.24020294996782196,0.20685347986557684,7.524987850831904e-07,0,0,0,0,0,inf,inf,0,0,0.0,0.940653235284577,5.203169535313894e-06,0.4575219315225509,-3.5606261577731424e-05,-1.010453235284577,2.03214972649644e-05,1.4750309068997731,-0.7853243137422053,-1.6425372656630187e-05,0.01759631008682034,3.3240735299859087e-05,0.02895841335265609,-2.0258166228133063e-05,-0.0188035663865374,1.1488831935200919e-05,0.0011994259668679447,-35.34292794630149,0.4504618140927132,16.640003757958503,0.7375255684274712,1.4784760161280177,0.0005264560179699695,0.0011994259668679447,-35.34292794630149,0.4504618140927132,16.640003757958503,0.7375255684274712,1.4784760161280177,0.0005264560179699695
7.641000000000886,2,1,1,4,2.867814556003958e-05,4.679106031437627,4.654238146513035,5.0,0.6769959600071358,-1.0902150140958126e-05,0.43516074273885796,0.0009755772475410348,2.2133073758538196e-06,-0.00018086434713625012,0.6780850099023708,-9.278129557961225e-06,0.0010890511061259294,0.4000245093278832,0.12,0.12,1.0,-0.0009563333676046123,-0.0009573055662978809,0.0,0.0,0.0,-0.0009563333676046123,-0.0,0.0,0.0,-0.21326619859234625,-0.21339337192446348,-0.24020294996782196,-0.24011005943901223,-0.24020294996782202,-0.18520294996782197,0.059797050032178424,-0.15346914856016666,0.0,0.24020294996782196,0.20685347986557684,7.477645631024721e-07,0,0,0,0,0,inf,inf,0,0,0.0,0.9403652926884792,5.039477425466796e-06,0.4576968897313872,-3.527547420142612e-05,-1.0101652926884792,2.0120177110465722e-05,1.474843982271189,-0.7853241996376309,-1.632293995234795e-05,0.01741392222899586,3.294630023133906e-05,0.028660469819675773,-2.0029320368324728e-05,-0.01860192508279033,1.1346630546088182e-05,0.0011836599287995684,-35.34416167595822,0.45061053417769337,16.637014912045462,0.7375129530257498,1.4776737962178659,0.0005209167521905145,0.0011836599287995684,-35.34416167595822,0.45061053417769337,16.637014912045462,0.7375129530257498,1.4776737962178659,0.0005209167521905145
7.65100000000089,2,1,1,4,2.826052966434147e-05,4.682407670830344,4.657775533042299,5.0,0.6770056658867821,-1.0880232997816303e-05,0.43515894954008594,0.0009664164385841009,2.1737892560851914e-06,-0.00017813020965509114,0.6780850099023708,-9.278129557961225e-06,0.0010793452046136151,0.39583711919957426,0.12,0.12,1.0,-0.0009425295762664182,-0.0009434870811640848,0.0,0.0,0.0,-0.0009425295762664182,-0.0,0.0,0.0,-0.213275685849546,-0.21340286882266388,-0.24020294996782196,-0.24011005943901223,-0.24020294996782202,-0.18520294996782197,0.059797050032178424,-0.15347863581736643,0.0,0.24020294996782196,0.20685347986557684,7.43062646073419e-07,0,0,0,0,0,inf,inf,0,0,0.0,0.9400803106310435,4.876821086312926e-06,0.4578700357310906,-3.4947627129262043e-05,-1.0098803106310434,1.9921126589454496e-05,1.4746590607329122,-0.7853240869442143,-1.621845057977791e-05,0.01723365174023966,3.265261282292187e-05,0.028365955055208066,-1.9803880901034625e-05,-0.018402701069918564,1.1206398310971478e-05,0.001168161432821756,-35.34537994335847,0.450757795552913,16.634052750042972,0.7375004951075861,1.4768744114824608,0.000515442006994024,0.001168161432821756,-35.34537994335847,0.450757795552913,16.634052750042972,0.7375004951075861,1.4768744114824608,0.000515442006994024
7.661000000000893,2,1,1,4,2.785429498155991e-05,4.685676855391481,4.661279314806118,5.0,0.6770152807180992,-1.0858705527818397e-05,0.4351571834638178,0.0009573592986093049,2.1352751423539488e-06,-0.00017543442540267058,0.6780850099023708,-9.278129557961225e-06,0.001069730351959118,0.39169807139579976,0.12,0.12,1.0,-0.0009289131736606933,-0.0009298561900339423,0.0,0.0,0.0,-0.0009289131736606933,-0.0,0.0,0.0,-0.21328503610152227,-0.21341222856983394,-0.24020294996782196,-0.24011005943901223,-0.24020294996782202,-0.18520294996782197,0.059797050032178424,-0.1534879860693427,0.0,0.24020294996782196,0.20685347986557684,7.38392359227775e-07,0,0,0,0,0,inf,inf,0,0,0.0,0.9397982550793677,4.715220219116073e-06,0.4580413905368461,-3.462271245467979e-05,-1.0095982550793676,1.972431222715396e-05,1.4744761182951713,-0.7853239756424354,-1.6112060772809996e-05,0.017055469873591095,3.235975068478296e-05,0.028074822850744835,-1.9581741522156254e-05,-0.018205861132807137,1.1068104150789279e-05,0.0011529241068295231,-35.346583074482005,0.45090361230826165,16.631117066393028,0.7374881917098932,1.4760778793542508,0.0005100309370570182,0.0011529241068295231,-35.346583074482005,0.45090361230826165,16.631117066393028,0.7374881917098932,1.4760778793542508,0.0005100309370570182
7.671000000000896,2,1,1,4,2.7459259546141167e-05,4.688913795595371,4.664749658901422,5.0,0.6770248055288175,-1.0837557881063804e-05,0.4351554441291767,0.0009484041579556758,2.0977305148209932e-06,-0.00017277654122243132,0.6780850099023708,-9.278129557961225e-06,0.0010602055204148582,0.387606746315175,0.12,0.12,1.0,-0.0009154816936279787,-0.0009164104241794668,0.0,0.0,0.0,-0.0009154816936279787,-0.0,0.0,0.0,-0.21329425120856402,-0.2134214530283012,-0.24020294996782196,-0.24011005943901223,-0.24020294996782202,-0.18520294996782197,0.059797050032178424,-0.15349720117638443,0.0,0.24020294996782196,0.20685347986557684,7.337530411680273e-07,0,0,0,0,0,inf,inf,0,0,0.0,0.9395190924584241,4.554693003143057e-06,0.45821097487899726,-3.430072151545785e-05,-1.009319092458424,1.9529701582450036e-05,1.4742951312973391,-0.7853238657130827,-1.600391947258787e-05,0.01687934835828303,3.206778772962906e-05,0.027787027760782863,-1.9362801233303007e-05,-0.018011372601393728,1.0931717272392583e-05,0.0011379417895249308,-35.34777138615649,0.4510479984523433,16.628207655896016,0.7374760399562329,1.4752842172941554,0.0005046827098782296,0.0011379417895249308,-35.34777138615649,0.4510479984523433,16.628207655896016,0.7374760399562329,1.4752842172941554,0.0005046827098782296
7.6810000000009,2,1,1,4,2.7075243134971026e-05,4.692118705283219,4.6681867384494975,5.0,0.6770342413301679,-1.0816780545330818e-05,0.4351537311597964,0.0009395493833443593,2.0611222352050666e-06,-0.00017015610736115103,0.6780850099023708,-9.278129557961225e-06,0.0010507696987333292,0.38356253315096206,0.12,0.12,1.0,-0.0009022327111790104,-0.0009031473560660928,0.0,0.0,0.0,-0.0009022327111790104,-0.0,0.0,0.0,-0.21330333300652607,-0.21343054403593356,-0.24020294996782196,-0.24011005943901223,-0.24020294996782202,-0.18520294996782197,0.059797050032178424,-0.1535062829743465,0.0,0.24020294996782196,0.20685347986557684,7.291440579847925e-07,0,0,0,0,0,inf,inf,0,0,0.0,0.9392427896435226,4.395256167055565e-06,0.45837880920775015,-3.3981644930002176e-05,-1.0090427896435226,1.933726319613568e-05,1.4741160764025465,-0.7853237571372511,-1.5894168605988035e-05,0.016705259389383074,3.177679429685137e-05,0.027502525086141566,-1.9146964105799375e-05,-0.017819203338874497,1.0797207217067776e-05,0.0011232085211843783,-35.348945186333616,0.4511909679091139,16.625324313765123,0.7374640370537353,1.4744934427660097,0.0004993965055160855,0.0011232085211843783,-35.348945186333616,0.4511909679091139,16.625324313765123,0.7374640370537353,1.4744934427660097,0.0004993965055160855
7.691000000000903,2,1,1,4,2.6702067274535744e-05,4.695291801421798,4.671590732224788,5.0,0.6770435891172368,-1.0796364332676993e-05,0.43515204418378406,0.0009307933769556163,2.025418494627244e-06,-0.00016757267750574034,0.6780850099023708,-9.278129557961225e-06,0.0010414218918122357,0.3795648297479694,0.12,0.12,1.0,-0.0008891638413125424,-0.0008900645981723837,0.0,0.0,0.0,-0.0008891638413125424,-0.0,0.0,0.0,-0.2133122833072343,-0.2134395034065445,-0.24020294996782196,-0.24011005943901223,-0.24020294996782202,-0.18520294996782197,0.059797050032178424,-0.15351523327505473,0.0,0.24020294996782196,0.20685347986557684,7.245647897407641e-07,0,0,0,0,0,inf,inf,0,0,0.0,0.938969313952935,4.236925057543504e-06,0.4585449136977767,-3.3665472632411246e-05,-1.008769313952935,1.914696654150252e-05,1.4739389305924122,-0.7853236498963384,-1.5782943359156205e-05,0.016533175617797352,3.148683727354957e-05,0.027221270857875925,-1.8934139047010893e-05,-0.017629321730316873,1.0664543899420035e-05,0.0011087185363201572,-35.35010477435568,0.45133253451587807,16.62246683567992,0.7374521802906592,1.4737055732159972,0.0004941715162670407,0.0011087185363201572,-35.35010477435568,0.45133253451587807,16.62246683567992,0.7374521802906592,1.4737055732159972,0.0004941715162670407
7.7010000000009065,2,1,1,4,2.633955525246836e-05,4.698433303871849,4.674961824301729,5.0,0.6770528498693187,-1.0776300365913778e-05,0.4351503828336888,0.0009221345755364082,1.990588762094174e-06,-0.00016502580881480746,0.6780850099023708,-9.278129557961225e-06,0.0010321611203420763,0.3756130424625749,0.12,0.12,1.0,-0.0008762727378730068,-0.0008771598018479903,0.0,0.0,0.0,-0.0008762727378730068,-0.0,0.0,0.0,-0.21332110389887904,-0.21344833293028706,-0.24020294996782196,-0.24011005943901223,-0.24020294996782202,-0.18520294996782197,0.059797050032178424,-0.15352405386669946,0.0,0.24020294996782196,0.20685347986557684,7.200146373469452e-07,0,0,0,0,0,inf,inf,0,0,0.0,0.9386986331406796,4.079713705257525e-06,0.45870930825272005,-3.3352193906347415e-05,-1.0084986331406796,1.8958781977237487e-05,1.4737636711618864,-0.7853235439720408,-1.5670372444860913e-05,0.01636307014061173,3.119798021233875e-05,0.026943221821743964,-1.872423957201059e-05,-0.017441696671655238,1.0533697640804335e-05,0.0010944662543234396,-35.351250441214944,0.4514727120195599,16.619635017835154,0.7374404670331688,1.47292062604943,0.0004890069466382124,0.0010944662543234396,-35.351250441214944,0.4514727120195599,16.619635017835154,0.7374404670331688,1.47292062604943,0.0004890069466382124
7.71100000000091,2,1,1,4,2.5987532122877764e-05,4.701543435165957,4.6783002037184485,5.0,0.6770620245502557,-1.0756580066311086e-05,0.4351487467464641,0.0009135714495368448,1.9566037342575766e-06,-0.00016251506194587447,0.6780850099023708,-9.278129557961225e-06,0.0010229864204660502,0.371706586025474,0.12,0.12,1.0,-0.0008635570924525664,-0.0008644306562161455,0.0,0.0,0.0,-0.0008635570924525664,-0.0,0.0,0.0,-0.21332979654639767,-0.21345703437403635,-0.24020294996782196,-0.24011005943901223,-0.24020294996782202,-0.18520294996782197,0.059797050032178424,-0.15353274651421808,0.0,0.24020294996782196,0.20685347986557684,7.15493018302434e-07,0,0,0,0,0,inf,inf,0,0,0.0,0.9384307153894565,3.923634888097359e-06,0.4588720125096039,-3.304179741774776e-05,-1.0082307153894565,1.8772680702588703e-05,1.4735902757141992,-0.7853234393463487,-1.5556578364246647e-05,0.016194916491748743,3.091028344643602e-05,0.026668335423191532,-1.85171835788867e-05,-0.017256297559044585,1.04046391927301e-05,0.001080446273005653,-35.352382469805,0.45161151407523964,16.61682865698894,0.7374288947229454,1.472138618611547,0.0004839020128446586,0.001080446273005653,-35.352382469805,0.45161151407523964,16.61682865698894,0.7374288947229454,1.472138618611547,0.0004839020128446586
7.721000000000913,2,1,1,4,2.56458247147864e-05,4.704622420295188,4.68160606415631,5.0,0.6770711141087703,-1.073719514189247e-05,0.43514713556343554,0.0009051025022737114,1.9234352863079803e-06,-0.00016004000107869716,0.6780850099023708,-9.278129557961225e-06,0.0010138968434476282,0.3678448834075376,0.12,0.12,1.0,-0.0008510146333315193,-0.0008518748871138687,0.0,0.0,0.0,-0.0008510146333315193,-0.0,0.0,0.0,-0.213338362991846,-0.21346560948176146,-0.24020294996782196,-0.24011005943901223,-0.24020294996782202,-0.18520294996782197,0.059797050032178424,-0.15354131295966642,0.0,0.24020294996782196,0.20685347986557684,7.10999371598148e-07,0,0,0,0,0,inf,inf,0,0,0.0,0.9381655293037309,3.7687001919221025e-06,0.4590330458431518,-3.273427124639958e-05,-1.0079655293037308,1.85886347147388e-05,1.4734187221559172,-0.7853233360015431,-1.54416776614695e-05,0.016028688632919775,3.062380420156047e-05,0.026396569792820075,-1.8312893130642573e-05,-0.017073094278550676,1.0277339758990031e-05,0.0010666533609976015,-35.353501135164386,0.4517489542436234,16.614047550507053,0.7374174608744923,1.4713595681673381,0.00047885594287895805,0.0010666533609976015,-35.353501135164386,0.4517489542436234,16.614047550507053,0.7374174608744923,1.4713595681673381,0.00047885594287895805
7.7310000000009165,2,1,1,4,2.531426163684871e-05,4.707670486504572,4.684879603634403,5.0,0.6770801194787907,-1.0718137575438102e-05,0.43514554893026414,0.0008967262691191433,1.8910564240624366e-06,-0.00015760019393466402,0.6780850099023708,-9.278129557961225e-06,0.0010048914553453397,0.36402736568792643,0.12,0.12,1.0,-0.0008386431244538463,-0.0008394902560685566,0.0,0.0,0.0,-0.0008386431244538463,-0.0,0.0,0.0,-0.2133468049547598,-0.21347405997488714,-0.24020294996782196,-0.24011005943901223,-0.24020294996782202,-0.18520294996782197,0.059797050032178424,-0.15354975492258022,0.0,0.24020294996782196,0.20685347986557684,7.06533150825075e-07,0,0,0,0,0,inf,inf,0,0,0.0,0.9379030439029591,3.6149200687515633e-06,0.4591924273700159,-3.242960291641399e-05,-1.007703043902959,1.84066167683262e-05,1.4732489886920979,-0.7853232339201901,-1.5325781171485303e-05,0.015864360944855074,3.0338596704831898e-05,0.02612788373230927,-1.811129424326673e-05,-0.01689205719615947,1.0151771012493333e-05,0.0010530824506940046,-35.35460670471318,0.4518850459888789,16.61129149640557,0.7374061630724377,1.4705834918828997,0.0004738679760642101,0.0010530824506940046,-35.35460670471318,0.4518850459888789,16.61129149640557,0.7374061630724377,1.4705834918828997,0.0004738679760642101
7.74100000000092,2,1,1,4,2.499267328029322e-05,4.710687863097698,4.688121024218065,5.0,0.6770890415797655,-1.0699399613851231e-05,0.4351439864969098,0.000888441316713683,1.8594412376437015e-06,-0.00015519521179289229,0.6780850099023708,-9.278129557961225e-06,0.0009959693366975541,0.36025347192515417,0.12,0.12,1.0,-0.0008264403644428861,-0.0008272745593135729,0.0,0.0,0.0,-0.0008264403644428861,-0.0,0.0,0.0,-0.21335512413250565,-0.21348238755264504,-0.24020294996782196,-0.24011005943901223,-0.24020294996782202,-0.18520294996782197,0.059797050032178424,-0.15355807410032607,0.0,0.24020294996782196,0.20685347986557684,7.020938268550347e-07,0,0,0,0,0,inf,inf,0,0,0.0,0.9376432286149544,3.4623038925267546e-06,0.45935017595292044,-3.2127779425621415e-05,-1.0074432286149544,1.8226600337050167e-05,1.4730810538215446,-0.7853231330851359,-1.5208994261053145e-05,0.015701908218794827,3.0054712291821263e-05,0.02586223670076545,-1.7912316680610785e-05,-0.016713157148084606,1.0027905101483657e-05,0.0010397286318641603,-35.355699438482134,0.45201980267696645,16.608560293391417,0.7373949989691722,1.4698104068084172,0.0004689373629714709,0.0010397286318641603,-35.355699438482134,0.45201980267696645,16.608560293391417,0.7373949989691722,1.4698104068084172,0.0004689373629714709
7.751000000000923,2,1,1,4,2.4680891825084282e-05,4.713674781247516,4.69133053174072,5.0,0.6770978813169737,-1.0680973757341626e-05,0.4351424479175978,0.0008802462422018866,1.828564856323203e-06,-0.00015282462950285826,0.6780850099023708,-9.278129557961225e-06,0.0009871295822129252,0.3565226490307487,0.12,0.12,1.0,-0.000814404185647698,-0.0008152256268343053,0.0,0.0,0.0,-0.000814404185647698,-0.0,0.0,0.0,-0.21336332220062273,-0.2134905938924155,-0.24020294996782196,-0.24011005943901223,-0.24020294996782202,-0.18520294996782197,0.059797050032178424,-0.15356627216844315,0.0,0.24020294996782196,0.20685347986557684,6.976808914278041e-07,0,0,0,0,0,inf,inf,0,0,0.0,0.9373860532693855,3.310860012503068e-06,0.45950631020472116,-3.182878727391779e-05,-1.0071860532693855,1.8048559577288868e-05,1.4729148963321579,-0.7853230334795033,-1.5091417061876948e-05,0.01554130564822727,2.977219950952397e-05,0.02559958880147395,-1.771589375607813e-05,-0.016536365431360753,9.905714662764515e-06,0.0010265871451043845,-35.35677958933537,0.45215323757368586,16.605853740899757,0.7373839662822852,1.4690403298599275,0.00046406336519610563,0.0010265871451043845,-35.35677958933537,0.45215323757368586,16.605853740899757,0.7373839662822852,1.4690403298599275,0.00046406336519610563
7.7610000000009265,2,1,1,4,2.437875124086577e-05,4.716631473816955,4.694508335538223,5.0,0.6771066395818252,-1.0662852749283815e-05,0.4351409328507825,0.0008721396724897084,1.7984034050157662e-06,-0.00015048802549503553,0.6780850099023708,-9.278129557961225e-06,0.000978371300469719,0.3528343516451527,0.12,0.12,1.0,-0.0008025324532283229,-0.000803341321454314,0.0,0.0,0.0,-0.0008025324532283229,-0.0,0.0,0.0,-0.21337140081315487,-0.21349868065006009,-0.24020294996782196,-0.24011005943901223,-0.24020294996782202,-0.18520294996782197,0.059797050032178424,-0.15357435078097528,0.0,0.24020294996782196,0.20685347986557684,6.932938483249639e-07,0,0,0,0,0,inf,inf,0,0,0.0,0.9371314880914047,3.1605958043523745e-06,0.4596608484923834,-3.153261249059123e-05,-1.0069314880914046,1.7872469293655878e-05,1.4727504952963746,-0.7853229350866859,-1.4973144696569698e-05,0.01538252882086077,2.9491104217651134e-05,0.025339900769030244,-1.7521962142233852e-05,-0.016361653794704882,9.785172824203882e-06,0.0010136533763690882,-35.35784740318519,0.4522853638435741,16.603171639130736,0.737373062792322,1.4682732778046945,0.0004592452551315036,0.0010136533763690882,-35.35784740318519,0.4522853638435741,16.603171639130736,0.737373062792322,1.4682732778046945,0.0004592452551315036
7.77100000000093,2,1,1,4,2.408608728857089e-05,4.719558175185632,4.697654648195176,5.0,0.6771153172521543,-1.0645029566637394e-05,0.4351394409591103,0.000864120263522316,1.7689339620772438e-06,-0.00014818498178806658,0.6780850099023708,-9.278129557961225e-06,0.0009696936136220267,0.3491880420162613,0.12,0.12,1.0,-0.000790823064268851,-0.0007916195379477187,0.0,0.0,0.0,-0.000790823064268851,-0.0,0.0,0.0,-0.21337936160297377,-0.213506649460245,-0.24020294996782196,-0.24011005943901223,-0.24020294996782202,-0.18520294996782197,0.059797050032178424,-0.1535823115707942,0.0,0.24020294996782196,0.20685347986557684,6.889322199304112e-07,0,0,0,0,0,inf,inf,0,0,0.0,0.9368795036954055,3.0115177190464478e-06,0.4598138089408812,-3.123924066065356e-05,-1.0066795036954055,1.7698304906424692e-05,1.4725878300667026,-0.7853228378903433,-1.485426749701308e-05,0.015225553710817064,2.9211469686731472e-05,0.025083133956833033,-1.7330461687529162e-05,-0.016188994429635003,9.666253207960799e-06,0.0010009228506652945,-35.3589031192019,0.45241619454805637,16.600513789082946,0.7373622863404575,1.4675092672446814,0.0004544823158481555,0.0010009228506652945,-35.3589031192019,0.45241619454805637,16.600513789082946,0.7373622863404575,1.4675092672446814,0.0004544823158481555
7.781000000000933,2,1,1,4,2.38027375224761e-05,4.722455121084293,4.7007696853024665,5.0,0.6771239151925061,-1.0627497410467754e-05,0.4351379719093854,0.0008561866995819922,1.7401345187578829e-06,-0.0001459150839942941,0.6780850099023708,-9.278129557961225e-06,0.0009610956571139706,0.3455831898802266,0.12,0.12,1.0,-0.0007792739469261903,-0.000780058202188209,0.0,0.0,0.0,-0.0007792739469261903,-0.0,0.0,0.0,-0.21338720618209361,-0.213514501936756,-0.24020294996782196,-0.24011005943901223,-0.24020294996782202,-0.18520294996782197,0.059797050032178424,-0.15359015614991403,0.0,0.24020294996782196,0.20685347986557684,6.845955452148494e-07,0,0,0,0,0,inf,inf,0,0,0.0,0.936630071078901,2.8636313295970325e-06,0.4599652094370194,-3.094865695020243e-05,-1.006430071078901,1.7526042420741925e-05,1.4724268802713392,-0.7853227418743955,-1.4734871215497133e-05,0.015070356671035935,2.8933336693935213e-05,0.02482925032491856,-1.7141335240387958e-05,-0.01601835996183098,9.548929927537326e-06,0.0009883912270546849,-35.35994697001589,0.4525457426445683,16.59787999258551,0.7373516348263105,1.4667483146021822,0.00044977384075327233,0.0009883912270546849,-35.35994697001589,0.4525457426445683,16.59787999258551,0.7373516348263105,1.4667483146021822,0.00044977384075327233
7.7910000000009365,2,1,1,4,2.3528541289534986e-05,4.725322548436356,4.703853665225574,5.0,0.6771324342544185,-1.0610249696943093e-05,0.43513652537253306,0.0008483376926042216,1.7119839399218018e-06,-0.0001436779213229461,0.6780850099023708,-9.278129557961225e-06,0.0009525765793970214,0.34201927234457313,0.12,0.12,1.0,-0.0007678830596071449,-0.0007686552703262108,0.0,0.0,0.0,-0.0007678830596071449,-0.0,0.0,0.0,-0.21339493614197727,-0.21352223967280473,-0.24020294996782196,-0.24011005943901223,-0.24020294996782202,-0.18520294996782197,0.059797050032178424,-0.1535978861097977,0.0,0.24020294996782196,0.20685347986557684,6.802833773956249e-07,0,0,0,0,0,inf,inf,0,0,0.0,0.9363831616165225,2.7169413757289197e-06,0.46011506763318144,-3.066084613084287e-05,-1.0061831616165224,1.7355658397555994e-05,1.4722676258098766,-0.7853226470230199,-1.4615037227656594e-05,0.014916914425880773,2.8656743615751218e-05,0.02457821242812182,-1.6954528481696285e-05,-0.015849723442730813,9.43317758981087e-06,0.0009760542931600741,-35.36097918191413,0.4526740209851796,16.595270052328427,0.7373411062057227,1.4659904361059557,0.00044511913360632826,0.0009760542931600741,-35.36097918191413,0.4526740209851796,16.595270052328427,0.7373411062057227,1.4659904361059557,0.00044511913360632826
7.80100000000094,2,1,1,4,2.3263339730266418e-05,4.728160695205512,4.706906808883053,5.0,0.6771408752766913,-1.0593280049501438e-05,0.4351351010235647,0.0008405719815122378,1.6844619264814051e-06,-0.00014147308658171484,0.6780850099023708,-9.278129557961225e-06,0.0009441355416610837,0.33849577377362194,0.12,0.12,1.0,-0.0007566483901776898,-0.0007574087279975966,0.0,0.0,0.0,-0.0007566483901776898,-0.0,0.0,0.0,-0.21340255305383415,-0.2135298642413272,-0.24020294996782196,-0.24011005943901223,-0.24020294996782202,-0.18520294996782197,0.059797050032178424,-0.15360550302165457,0.0,0.24020294996782196,0.20685347986557684,6.759952865043285e-07,0,0,0,0,0,inf,inf,0,0,0.0,0.9361387470541355,2.571451806561353e-06,0.4602634009510031,-3.0375792603195617e-05,-1.0059387470541354,1.7187129926187905e-05,1.4721100468490897,-0.785322553320644,-1.4494842728761155e-05,0.014765204063936083,2.838172651837102e-05,0.02432998340454751,-1.676998976324771e-05,-0.015683058341347422,9.318971289670756e-06,0.000963907960370554,-35.361999975030535,0.452801042315806,16.592683771890716,0.7373306984888118,1.4652356477776156,0.00044051750813512916,0.000963907960370554,-35.361999975030535,0.452801042315806,16.592683771890716,0.7373306984888118,1.4652356477776156,0.00044051750813512916
7.811000000000943,2,1,1,4,2.3006975774924297e-05,4.730969800250734,4.709929339534755,5.0,0.677149239085656,-1.0576582289295174e-05,0.4351336985415396,0.0008328883315689877,1.6575489791173466e-06,-0.00013930017617632786,0.6780850099023708,-9.278129557961225e-06,0.0009357717175649139,0.3350121856758577,0.12,0.12,1.0,-0.0007455679551985284,-0.0007463165895596311,0.0,0.0,0.0,-0.0007455679551985284,-0.0,0.0,0.0,-0.21341005846891095,-0.21353737719527427,-0.24020294996782196,-0.24011005943901223,-0.24020294996782202,-0.18520294996782197,0.059797050032178424,-0.15361300843673137,0.0,0.24020294996782196,0.20685347986557684,6.717308554139417e-07,0,0,0,0,0,inf,inf,0,0,0.0,0.9358967995030699,2.427165821369871e-06,0.46041022658497643,-3.009348041951299e-05,-1.00569679950307,1.7020434598462107e-05,1.4719541238188039,-0.7853224607519423,-1.4374360921985195e-05,0.01461520303098879,2.8108319245714905e-05,0.024084526964338597,-1.6587669955796727e-05,-0.015518338536298271,9.206286603926377e-06,0.0009519482591049566,-35.36300956353076,0.4529268192753362,16.590120955767443,0.7373204097380059,1.4644839654191486,0.00043596828803220454,0.0009519482591049566,-35.36300956353076,0.4529268192753362,16.590120955767443,0.7373204097380059,1.4644839654191486,0.00043596828803220454
7.8210000000009465,2,1,1,4,2.2759294145440444e-05,4.733750103186151,4.712921482579317,5.0,0.6771575264954333,-1.0560150429095132e-05,0.4351323176095325,0.0008252855337452175,1.631226363523703e-06,-0.00013715879010869648,0.6780850099023708,-9.278129557961225e-06,0.0009274842929785325,0.33156800659373703,0.12,0.12,1.0,-0.0007346397991896164,-0.0007353768973550411,0.0,0.0,0.0,-0.0007346397991896164,-0.0,0.0,0.0,-0.21341745391877423,-0.21354478006789496,-0.24020294996782196,-0.24011005943901223,-0.24020294996782202,-0.18520294996782197,0.059797050032178424,-0.15362040388659465,0.0,0.24020294996782196,0.20685347986557684,6.674896842421184e-07,0,0,0,0,0,inf,inf,0,0,0.0,0.9356572914344589,2.284085908504435e-06,0.46055556150598403,-2.98138933054325e-05,-1.0054572914344588,1.685555048432926e-05,1.4717998374078416,-0.7853223693018305,-1.4253661199641412e-05,0.01446688912318567,2.7836553504426936e-05,0.023841807378729773,-1.6407522302770055e-05,-0.01535553830804186,9.095099586754647e-06,0.0009401713342533698,-35.36400815579083,0.4530513643948861,16.587581409394343,0.7373102380660606,1.4637354046003022,0.00043147080668200054,0.0009401713342533698,-35.36400815579083,0.4530513643948861,16.587581409394343,0.7373102380660606,1.4637354046003022,0.00043147080668200054
7.83100000000095,2,1,1,4,2.25201413489853e-05,4.736501844248948,4.715883465360465,5.0,0.6771657383081893,-1.0543978664394149e-05,0.4351309579145939,0.0008177624041043685,1.6054760769652389e-06,-0.0001350485319739463,0.6780850099023708,-9.278129557961225e-06,0.0009192724657265233,0.32816274199523326,0.12,0.12,1.0,-0.00072386199392402,-0.0007245877210054145,0.0,0.0,0.0,-0.00072386199392402,-0.0,0.0,0.0,-0.21342474091558622,-0.2135520743730123,-0.24020294996782196,-0.24011005943901223,-0.24020294996782202,-0.18520294996782197,0.059797050032178424,-0.15362769088340664,0.0,0.24020294996782196,0.20685347986557684,6.632713861884768e-07,0,0,0,0,0,inf,inf,0,0,0.0,0.9354201956736866,2.1422138825341544e-06,0.46069942246476553,-2.953701468089354e-05,-1.0052201956736866,1.6692456108909514e-05,1.4716471685600454,-0.7853222789554617,-1.413280931742179e-05,0.014320240480359936,2.7566458946392585e-05,0.02360178946937209,-1.622950228114066e-05,-0.015194632331306373,8.985386763077876e-06,0.000928573440573304,-35.364995954570595,0.4531746900969172,16.585064939171797,0.7373001816341278,1.4629899806477564,0.0004270244070375862,0.000928573440573304,-35.364995954570595,0.4531746900969172,16.585064939171797,0.7373001816341278,1.4629899806477564,0.0004270244070375862
7.841000000000953,2,1,1,4,2.2289365679300198e-05,4.739225264170245,4.718815516981789,5.0,0.6771738753143814,-1.0528061367122763e-05,0.4351296191477182,0.0008103177832025556,1.580280816378329e-06,-0.0001329690089560367,0.6780850099023708,-9.278129557961225e-06,0.0009111354453427692,0.32479590416774984,0.12,0.12,1.0,-0.00071323263774496,-0.0007139471567282356,0.0,0.0,0.0,-0.00071323263774496,-0.0,0.0,0.0,-0.21343192095237362,-0.21355926160529237,-0.24020294996782196,-0.24011005943901223,-0.24020294996782202,-0.18520294996782197,0.059797050032178424,-0.15363487092019404,0.0,0.24020294996782196,0.20685347986557684,6.590755906063763e-07,0,0,0,0,0,inf,inf,0,0,0.0,0.9351854853949432,2.001550919690519e-06,0.46084182599531875,-2.9262827680240824e-05,-1.0049854853949431,1.6531130430880917e-05,1.4714960984703782,-0.7853221896982208,-1.4011867561107669e-05,0.014175235579520684,2.7298063249088904e-05,0.02336443859792107,-1.605356747090715e-05,-0.01503559566770978,8.877125120877838e-06,0.000917150939376356,-35.36597315718207,0.45329680869542044,16.58257135248637,0.7372902386503234,1.4622477086332883,0.0004226284414640056,0.000917150939376356,-35.36597315718207,0.45329680869542044,16.58257135248637,0.7372902386503234,1.4622477086332883,0.0004226284414640056
7.8510000000009565,2,1,1,4,2.206681720881478e-05,4.741920604054747,4.7217178681296215,5.0,0.6771819382930011,-1.0512393078420208e-05,0.435128301003804,0.0008029505355032247,1.5556239476284514e-06,-0.00013091983182215465,0.6780850099023708,-9.278129557961225e-06,0.0009030724528275213,0.32146701211366274,0.12,0.12,1.0,-0.0007027498549083648,-0.0007034533266800254,0.0,0.0,0.0,-0.0007027498549083648,-0.0,0.0,0.0,-0.21343899550328954,-0.2135663432405066,-0.24020294996782196,-0.24011005943901223,-0.24020294996782202,-0.18520294996782197,0.059797050032178424,-0.15364194547110996,0.0,0.24020294996782196,0.20685347986557684,6.54901935292523e-07,0,0,0,0,0,inf,inf,0,0,0.0,0.9349531341158787,1.8620975916780293e-06,0.46098278841823626,-2.8991315171539916e-05,-1.0047531341158786,1.6371552822145947e-05,1.4713466085810913,-0.7853221015157206,-1.3890894907155144e-05,0.014031853228498576,2.7031392193148586e-05,0.023129720655876308,-1.587967742933125e-05,-0.014878403758561767,8.770292101862052e-06,0.000905900293603868,-35.36693995565196,0.4534177323946925,16.580100457731902,0.7372804073676641,1.4615086033644098,0.0004182822714824765,0.000905900293603868,-35.36693995565196,0.4534177323946925,16.580100457731902,0.7372804073676641,1.4615086033644098,0.0004182822714824765
7.86100000000096,2,1,1,4,2.185234778792535e-05,4.744588105263169,4.7245907509035945,5.0,0.6771899280118086,-1.0496968502341286e-05,0.43512700318162134,0.0007956595488072535,1.531489476253749e-06,-0.00012890061491652248,0.6780850099023708,-9.278129557961225e-06,0.0008950827204123501,0.31817559144792007,0.12,0.12,1.0,-0.0006924117949548858,-0.0006931043783258836,0.0,0.0,0.0,-0.0006924117949548858,-0.0,0.0,0.0,-0.2134459660238693,-0.21357332073578772,-0.24020294996782196,-0.24011005943901223,-0.24020294996782202,-0.18520294996782197,0.059797050032178424,-0.15364891599168973,0.0,0.24020294996782196,0.20685347986557684,6.507500798269628e-07,0,0,0,0,0,inf,inf,0,0,0.0,0.9347231156923616,1.7238538979181368e-06,0.46112232584397944,-2.872245977513094e-05,-1.0045231156923615,1.6213703048715896e-05,1.4711986805779678,-0.7853220143937968,-1.3769947176093844e-05,0.013890072559743422,2.6766469737487054e-05,0.022897602054663832,-1.5707793572630085e-05,-0.014723032417837813,8.664865594435057e-06,0.0008948180648222694,-35.36789653687995,0.4535374732895902,16.57765206432806,0.7372706860826288,1.4607726793732343,0.0004139852677492321,0.0008948180648222694,-35.36789653687995,0.4535374732895902,16.57765206432806,0.7372706860826288,1.4607726793732343,0.0004139852677492321
7.871000000000963,2,1,1,4,2.1645811038611094e-05,4.747228009301038,4.727434398654649,5.0,0.6771978452275645,-1.0481782499425689e-05,0.43512572538377414,0.0007884437336961771,1.507862019346056e-06,-0.0001269109761530402,0.6780850099023708,-9.278129557961225e-06,0.0008871654913286506,0.31492117429760186,0.12,0.12,1.0,-0.000682216632099469,-0.0006828984838314515,0.0,0.0,0.0,-0.000682216632099469,-0.0,0.0,0.0,-0.21345283395127984,-0.21358019552987953,-0.24020294996782196,-0.24011005943901223,-0.24020294996782202,-0.18520294996782197,0.059797050032178424,-0.15365578391910026,0.0,0.24020294996782196,0.20685347986557684,6.466196890704282e-07,0,0,0,0,0,inf,inf,0,0,0.0,0.9344954043133312,1.586819296294608e-06,0.4612604541760912,-2.8456243881441782e-05,-1.0042954043133312,1.6057561252738067e-05,1.4710522963866342,-0.7853219283185038,-1.3649077179559343e-05,0.01374987302426701,2.650331809229179e-05,0.02266804971595288,-1.5537879064640464e-05,-0.014569457825325005,8.560823923197634e-06,0.0008839009093535065,-35.368843082791486,0.45365604336516063,16.57522598273901,0.7372610731336465,1.4600399509085062,0.00040973680981783763,0.0008839009093535065,-35.368843082791486,0.45365604336516063,16.57522598273901,0.7372610731336465,1.4600399509085062,0.00040973680981783763
7.881000000000967,2,1,1,4,2.1447062350603806e-05,4.749840557712785,4.730249045830127,5.0,0.6772056906862552,-1.0466830080875502e-05,0.4351244673166662,0.0007813020229897553,1.4847267787628968e-06,-0.0001249505370070808,0.6780850099023708,-9.278129557961225e-06,0.0008793200195826986,0.31170329920318707,0.12,0.12,1.0,-0.0006721625646478343,-0.0006728338394772556,0.0,0.0,0.0,-0.0006721625646478343,-0.0,0.0,0.0,-0.21345960070456316,-0.21358696904338034,-0.24020294996782196,-0.24011005943901223,-0.24020294996782202,-0.18520294996782197,0.059797050032178424,-0.15366255067238357,0.0,0.24020294996782196,0.20685347986557684,6.425104451902063e-07,0,0,0,0,0,inf,inf,0,0,0.0,0.9342699744957482,1.450992732463149e-06,0.4613971891143488,-2.8192649668084927e-05,-1.0040699744957482,1.5903107935605874e-05,1.4709074381689373,-0.7853218432761103,-1.352833486105438e-05,0.01361123438572749,2.62419577896187e-05,0.022441031062199274,-1.5369898711020623e-05,-0.014417656519928868,8.458145838905862e-06,0.0008731455745864642,-35.36977977048619,0.45377345449619916,16.572822024489284,0.7372515668993354,1.4593104319256411,0.00040553628599061266,0.0008731455745864642,-35.36977977048619,0.45377345449619916,16.572822024489284,0.7372515668993354,1.4593104319256411,0.00040553628599061266
7.89100000000097,2,1,1,4,2.125595887406042e-05,4.752425991979637,4.7330349278256785,5.0,0.6772134651233106,-1.0452106402797608e-05,0.4351232286904636,0.0007742333712161347,1.4620695153931798e-06,-0.0001230189225068142,0.6780850099023708,-9.278129557961225e-06,0.0008715455697372574,0.30852151102150244,0.12,0.12,1.0,-0.000662247814434612,-0.0006629086650969194,0.0,0.0,0.0,-0.000662247814434612,-0.0,0.0,0.0,-0.2134662676848742,-0.21359364267898154,-0.24020294996782196,-0.24011005943901223,-0.24020294996782202,-0.18520294996782197,0.059797050032178424,-0.15366921765269462,0.0,0.24020294996782196,0.20685347986557684,6.384220431623494e-07,0,0,0,0,0,inf,inf,0,0,0.0,0.9340468010796382,1.3163726677873193e-06,0.4615325461578588,-2.7931659116266633e-05,-1.0038468010796382,1.5750323942100676e-05,1.4707640883193915,-0.7853217592530956,-1.3407767430608174e-05,0.013474136714649986,2.598240775086989e-05,0.02221651400740718,-1.5203818858477165e-05,-0.014267605393139794,8.35681051256014e-06,0.0008625488961772002,-35.37070677238213,0.4538897184476596,16.570440002179634,0.7372421657973837,1.4585841360785654,0.0004013830932662961,0.0008625488961772002,-35.37070677238213,0.4538897184476596,16.570440002179634,0.7372421657973837,1.4585841360785654,0.0004013830932662961
7.901000000000973,2,1,1,4,2.107235951617683e-05,4.754984553423027,4.735792280843669,5.0,0.6772211692638208,-1.0437606760517798e-05,0.4351220092190622,0.0007672367540955435,1.4398765247251046e-06,-0.00012111576122378824,0.6780850099023708,-9.278129557961225e-06,0.000863841416695073,0.30537536083071487,0.12,0.12,1.0,-0.0006524706262829964,-0.0006531212035372362,0.0,0.0,0.0,-0.0006524706262829964,-0.0,0.0,0.0,-0.21347283627571315,-0.21360021782169974,-0.24020294996782196,-0.24011005943901223,-0.24020294996782202,-0.18520294996782197,0.059797050032178424,-0.15367578624353356,0.0,0.24020294996782196,0.20685347986557684,6.343541870583951e-07,0,0,0,0,0,inf,inf,0,0,0.0,0.9338258592232241,1.1829571059597475e-06,0.46166654060809414,-2.7673254026526147e-05,-1.0036258592232241,1.559919044550268e-05,1.4706222294616857,-0.7853216762361445,-1.328741949356287e-05,0.013338560382779797,2.5724685353091454e-05,0.021994466948102826,-1.5039607300753766e-05,-0.014119281682649698,8.25679752344032e-06,0.0008521077945943988,-35.37162425635447,0.45400484687432335,16.568079729501353,0.737232868282937,1.457861076712487,0.0003972766370805756,0.0008521077945943988,-35.37162425635447,0.45400484687432335,16.568079729501353,0.737232868282937,1.457861076712487,0.0003972766370805756
7.911000000000977,2,1,1,4,2.089612493175099e-05,4.757516483112299,4.738521341757894,5.0,0.6772288038227419,-1.0423326583921246e-05,0.4351208086200483,0.0007603111680359961,1.418134613437269e-06,-0.00011924068526290262,0.6780850099023708,-9.278129557961225e-06,0.0008562068454933615,0.30226440583667075,0.12,0.12,1.0,-0.0006428292674856595,-0.0006434697201379051,0.0,0.0,0.0,-0.0006428292674856595,-0.0,0.0,0.0,-0.21347930784315236,-0.21360669583910422,-0.24020294996782196,-0.24011005943901223,-0.24020294996782202,-0.18520294996782197,0.059797050032178424,-0.15368225781097278,0.0,0.24020294996782196,0.20685347986557684,6.303065949943735e-07,0,0,0,0,0,inf,inf,0,0,0.0,0.9336071243981533,1.050743618368218e-06,0.4617991875718762,-2.7417416033828565e-05,-1.0034071243981533,1.5449688933611576e-05,1.4704818444452583,-0.7853215942121442,-1.3167333173559733e-05,0.013204486057563265,2.5468806492483366e-05,0.021774858754513085,-1.4877233190051643e-05,-0.013972662966117797,8.15808685000817e-06,0.000841819272453004,-35.37253238587103,0.4541188513212265,16.56574102124946,0.7372236728474323,1.4571412668561392,0.000393216331168609,0.000841819272453004,-35.37253238587103,0.4541188513212265,16.56574102124946,0.7372236728474323,1.4571412668561392,0.000393216331168609
7.92100000000098,2,1,1,4,2.0727117520018788e-05,4.760022021776276,4.741222347984295,5.0,0.6772363695051039,-1.0409261431898765e-05,0.43511962661466846,0.0007534556296416074,1.3968310770371321e-06,-0.00011739333025187818,0.6780850099023708,-9.278129557961225e-06,0.0008486411510954085,0.29918820928120377,0.12,0.12,1.0,-0.0006333220273051542,-0.0006339525022316742,0.0,0.0,0.0,-0.0006333220273051542,-0.0,0.0,0.0,-0.21348568373605842,-0.21361307808153893,-0.24020294996782196,-0.24011005943901223,-0.24020294996782202,-0.18520294996782197,0.059797050032178424,-0.15368863370387884,0.0,0.24020294996782196,0.20685347986557684,6.262789988342927e-07,0,0,0,0,0,inf,inf,0,0,0.0,0.933390572384804,9.197293682620794e-07,0.46193050196430185,-2.716412662203431e-05,-1.003190572384804,1.5301801195629533e-05,1.4703429163419293,-0.7853215131681799,-1.3047548230048739e-05,0.013071894696753754,2.5214785645738908e-05,0.021557658761943727,-1.4716666952962735e-05,-0.013827727155078526,8.060658860727473e-06,0.0008316804109393824,-35.37343132012318,0.45423174322319637,16.563423693334364,0.7372145780171402,1.4564247192141808,0.0003892015975708566,0.0008316804109393824,-35.37343132012318,0.45423174322319637,16.563423693334364,0.7372145780171402,1.4564247192141808,0.0003892015975708566
7.931000000000983,2,1,1,4,2.0565201413052202e-05,4.762501409719972,4.743895537357464,5.0,0.6772438670062082,-1.0395406987942265e-05,0.4351184629277888,0.0007466691752320882,1.3759536785795977e-06,-0.00011557333533048278,0.6780850099023708,-9.278129557961225e-06,0.0008411436381936072,0.2961463403518644,0.12,0.12,1.0,-0.0006239472164946431,-0.0006245678586653102,0.0,0.0,0.0,-0.0006239472164946431,-0.0,0.0,0.0,-0.2134919652863091,-0.21361936588233987,-0.24020294996782196,-0.24011005943901223,-0.24020294996782202,-0.18520294996782197,0.059797050032178424,-0.1536949152541295,0.0,0.24020294996782196,0.20685347986557684,6.22271138166009e-07,0,0,0,0,0,inf,inf,0,0,0.0,0.9331761792676837,7.899111337716212e-07,0.4620604985116175,-2.6913367137765852e-05,-1.0029761792676837,1.515550930985494e-05,1.4702054284425952,-0.7853214330915309,-1.2928102170643845e-05,0.012940767543137784,2.496263592934502e-05,0.021342836762349666,-1.4557880211402734e-05,-0.013684452488989656,7.96449430430218e-06,0.00082168836790209,-35.37432121415298,0.4543435339057171,16.56112756279366,0.7372055823521175,1.455711446161533,0.00038523186631501385,0.00082168836790209,-35.37432121415298,0.4543435339057171,16.56112756279366,0.7372055823521175,1.455711446161533,0.00038523186631501385
7.941000000000987,2,1,1,4,2.0410242473150285e-05,4.764954886743756,4.746541148012694,5.0,0.6772512970118221,-1.0381759055234228e-05,0.4351173172878652,0.0007399508603746006,1.3554906283550856e-06,-0.00011378034313892958,0.6780850099023708,-9.278129557961225e-06,0.0008337136210144927,0.293138374093137,0.12,0.12,1.0,-0.0006147031668371004,-0.0006153141193384248,0.0,0.0,0.0,-0.0006147031668371004,-0.0,0.0,0.0,-0.21349815380900572,-0.21362556055804777,-0.24020294996782196,-0.24011005943901223,-0.24020294996782202,-0.18520294996782197,0.059797050032178424,-0.15370110377682614,0.0,0.24020294996782196,0.20685347986557684,6.182827635571924e-07,0,0,0,0,0,inf,inf,0,0,0.0,0.9329639214309068,6.612853298340986e-07,0.46218919175404083,-2.666511880369322e-05,-1.0027639214309068,1.5010795632139047e-05,1.4700693642539804,-0.7853213539696668,-1.2809030358114247e-05,0.012811086119378643,2.4712369156784504e-05,0.021130362996093353,-1.4400845708691175e-05,-0.013542817529412696,7.869574300614023e-06,0.0008118403745328092,-35.37520221897576,0.45445423458468603,16.558852447802277,0.7371966844449335,1.4550014597374574,0.0003813065754701172,0.0008118403745328092,-35.37520221897576,0.45445423458468603,16.558852447802277,0.7371966844449335,1.4550014597374574,0.0003813065754701172
7.95100000000099,2,1,1,4,2.0262108281237333e-05,4.767382692068275,4.7491594182733765,5.0,0.6772586601983694,-1.036831355275312e-05,0.4351161894269051,0.0007332997594265553,1.3354305644439106e-06,-0.00011201399980628923,0.6780850099023708,-9.278129557961225e-06,0.0008263504231282199,0.29016389131961307,0.12,0.12,1.0,-0.000605588230703907,-0.0006061896347606607,0.0,0.0,0.0,-0.000605588230703907,-0.0,0.0,0.0,-0.213504250602681,-0.21363166340861595,-0.24020294996782196,-0.24011005943901223,-0.24020294996782202,-0.18520294996782197,0.059797050032178424,-0.1537072005705014,0.0,0.24020294996782196,0.20685347986557684,6.143136416696723e-07,0,0,0,0,0,inf,inf,0,0,0.0,0.9327537755537564,5.338480290750087e-07,0.4623165960485321,-2.6419362731260277e-05,-1.0025537755537564,1.4867642785062168e-05,1.4699347074954503,-0.7853212757902444,-1.2690366112729823e-05,0.012682832222974063,2.4463995893645825e-05,0.02092020814388451,-1.424553723964168e-05,-0.013402801154324247,7.77588033103383e-06,0.0008021337334755276,-35.37607448169992,0.4545638563671766,16.55659816768111,0.7371878829196132,1.4542947716387404,0.00037742517079523703,0.0008021337334755276,-35.37607448169992,0.4545638563671766,16.55659816768111,0.7371878829196132,1.4542947716387404,0.00037742517079523703
7.961000000000993,2,1,1,4,2.0120668129757456e-05,4.769785064261702,4.751750586543542,5.0,0.677265957233117,-1.035506651082554e-05,0.43511507908043334,0.000726714965089088,1.315762534214886e-06,-0.00011027395493832078,0.6780850099023708,-9.278129557961225e-06,0.0008190533772623697,0.287222478530154,0.12,0.12,1.0,-0.0005966007806277681,-0.000597192775626116,0.0,0.0,0.0,-0.0005966007806277681,-0.0,0.0,0.0,-0.21351025694950274,-0.2136376757176142,-0.24020294996782196,-0.24011005943901223,-0.24020294996782202,-0.18520294996782197,0.059797050032178424,-0.15371320691732315,0.0,0.24020294996782196,0.20685347986557684,6.103635422548523e-07,0,0,0,0,0,inf,inf,0,0,0.0,0.9325457186063232,4.075949816937935e-07,0.4624427255715147,-2.617607993286976e-05,-1.0023457186063232,1.4726033647781697e-05,1.4698014420958754,-0.7853211985411037,-1.2572140809653807e-05,0.012555987921324703,2.4217525510578913e-05,0.020712343318897552,-1.4091929584880647e-05,-0.013264382552555683,7.683394231915112e-06,0.000792565815704302,-35.376938145642406,0.4546724102512992,16.55436454290636,0.7371791764305388,1.453591393215838,0.0003735871058850283,0.000792565815704302,-35.376938145642406,0.4546724102512992,16.55436454290636,0.7371791764305388,1.453591393215838,0.0003735871058850283
7.971000000000997,2,1,1,4,1.998579301395933e-05,4.772162241171104,4.754314891205331,5.0,0.6772731887743517,-1.0342014066786244e-05,0.435113985987458,0.000720195587971553,1.2964759767821522e-06,-0.00010855986160501337,0.6780850099023708,-9.278129557961225e-06,0.0008118218251244165,0.28431372782386916,0.12,0.12,1.0,-0.0005877392088965515,-0.0005883219324050289,0.0,0.0,0.0,-0.0005877392088965515,-0.0,0.0,0.0,-0.21351617411547294,-0.21364359875242842,-0.24020294996782196,-0.24011005943901223,-0.24020294996782202,-0.18520294996782197,0.059797050032178424,-0.15371912408329336,0.0,0.24020294996782196,0.20685347986557684,6.064322510528409e-07,0,0,0,0,0,inf,inf,0,0,0.0,0.9323397278452233,2.8252163439946007e-07,0.4625675943215482,-2.5935251333548464e-05,-1.0021397278452233,1.4585951346514282e-05,1.469669552190554,-0.7853211222102641,-1.245438397203702e-05,0.012430535546910164,2.3972966234872525e-05,0.02050674005906033,-1.3939998449694086e-05,-0.013127541218354332,7.5920981823214914e-06,0.0007831340590090179,-35.37779335044068,0.45477990712719024,16.552151395116383,0.7371705636614427,1.4528913354670399,0.00036979184176443345,0.0007831340590090179,-35.37779335044068,0.45477990712719024,16.552151395116383,0.7371705636614427,1.4528913354670399,0.00036979184176443345
7.981000000001,2,1,1,4,1.9857355624513205e-05,4.774514459857329,4.756852570521219,5.0,0.6772803554715635,-1.0329152462075778e-05,0.4351129098904365,0.0007137407561666206,1.2775607061217964e-06,-0.00010687137632790872,0.6780850099023708,-9.278129557961225e-06,0.0008046551172190895,0.28143723681751986,0.12,0.12,1.0,-0.0005790019271611922,-0.0005795755149526247,0.0,0.0,0.0,-0.0005790019271611922,-0.0,0.0,0.0,-0.21352200335062335,-0.2136494337644562,-0.24020294996782196,-0.24011005943901223,-0.24020294996782202,-0.18520294996782197,0.059797050032178424,-0.15372495331844377,0.0,0.24020294996782196,0.20685347986557684,6.025195601059435e-07,0,0,0,0,0,inf,inf,0,0,0.0,0.9321357808093941,1.586231484391821e-07,0.4626912161219527,-2.5696857782107174e-05,-1.001935780809394,1.4447379245610069e-05,1.469539022118187,-0.7853210467859217,-1.2337123359688103e-05,0.012306457692570733,2.3730325199703004e-05,0.020303370319511113,-1.3789720406010458e-05,-0.012992256946064139,7.501974696893397e-06,0.0007738359652099983,-35.37864023216136,0.4548863577770449,16.54995854711911,0.7371620433244678,1.4521946090349318,0.0003660388470099518,0.0007738359652099983,-35.37864023216136,0.4548863577770449,16.54995854711911,0.7371620433244678,1.4521946090349318,0.0003660388470099518
7.991000000001003,2,1,1,4,1.973523033540949e-05,4.776841956532888,4.759363862540806,5.0,0.6772874579656127,-1.0316478037395456e-05,0.43511185053523904,0.0007073496148349368,1.2590068950622993e-06,-0.00010520815906698881,0.6780850099023708,-9.278129557961225e-06,0.0007975526126808316,0.2785926085641322,0.12,0.12,1.0,-0.0005703873660573221,-0.0005709519521299379,0.0,0.0,0.0,-0.0005703873660573221,-0.0,0.0,0.0,-0.21352774588920687,-0.21365518198929834,-0.24020294996782196,-0.24011005943901223,-0.24020294996782202,-0.18520294996782197,0.059797050032178424,-0.15373069585702728,0.0,0.24020294996782196,0.20685347986557684,5.986252731883534e-07,0,0,0,0,0,inf,inf,0,0,0.0,0.9319338553159594,3.589441676393608e-08,0.462813604623387,-2.546088006182116e-05,-1.0017338553159594,1.4310300939188735e-05,1.4694098364179053,-0.7853209722564454,-1.2220385053532528e-05,0.012183737206890047,2.3489608491456273e-05,0.02010220646521751,-1.3641072838288463e-05,-0.012858509824923977,7.413006618092472e-06,0.0007646690979770244,-35.379478923406154,0.4549917728755283,16.5477858228974,0.7371536141589635,1.4515012242008518,0.0003623275974925141,0.0007646690979770244,-35.379478923406154,0.4549917728755283,16.5477858228974,0.7371536141589635,1.4515012242008518,0.0003623275974925141
8.000000000001005,2,1,1,4,1.963061194234974e-05,4.778915760721581,4.761601660726343,5.0,0.6772937958394055,-1.0305228147809352e-05,0.43511091122250756,0.0007016513499007168,1.2426096680383127e-06,-0.0001037325894034756,0.6780850099023708,-9.278129557961225e-06,0.000791214729618615,0.2760593620309538,0.12,0.12,1.0,-0.0005627379051408942,-0.0005632945027849476,0.0,0.0,0.0,-0.0005627379051408942,-0.0,0.0,0.0,-0.2135328410559107,-0.21366028219725575,-0.24020294996782196,-0.24011005943901223,-0.24020294996782202,-0.18520294996782197,0.059797050032178424,-0.1537357910237311,0.0,0.24020294996782196,0.20685347986557684,5.951359953768677e-07,0,0,0,0,0,inf,inf,0,0,0.0,0.931753832677438,-7.356572609292818e-08,0.46292271094919163,-2.52505497218387e-05,-1.001553832677438,1.4188194277186734e-05,1.4692947061065837,-0.7853209059355513,-1.211578741647925e-05,0.012074435346854574,2.327461297681282e-05,0.019923022512443225,-1.3508666007366124e-05,-0.012739435457502718,7.3339092959017984e-06,0.0007565291511344749,-35.38022684955277,0.4550857698044415,16.54584743239948,0.7371461048411994,1.4508800431215663,0.0003590227377278762,0.0007565291511344749,-35.38022684955277,0.4550857698044415,16.54584743239948,0.7371461048411994,1.4508800431215663,0.0003590227377278762
