time,phase,contact,contact_solver,contact_points,gap,normal_force,normal_force_filtered,force_desired,x,y,z,vx,vy,vz,x_des,y_des,cart_error,orientation_error_deg,original_progress,governed_progress,governor_scale,p_task_sample,p_task_physical,p_human,p_human_physical,p_residual,p_whole,human_fx,human_fy,human_fz,w_task_sample,w_task_physical,w_human,w_human_physical,w_residual,e_human,e_residual,e_whole,human_input,human_output,peak_human_output,qvel_prediction_error,prediction_bound_violation,qp_active,qp_fallback,qp_status,energy_row_active,minimum_margin,candidate_minimum_margin,torque_limited,rate_limited,solve_time_ms,joint_margin_min,q1,q2,q3,q4,q5,q6,q7,qd1,qd2,qd3,qd4,qd5,qd6,qd7,tau1,tau2,tau3,tau4,tau5,tau6,tau7,tau_nom1,tau_nom2,tau_nom3,tau_nom4,tau_nom5,tau_nom6,tau_nom7
0.001,0,0,0,0,0.02950209988724173,0.0,0.0,0.0,0.5544992800865032,2.7624625949937624e-08,0.4645021195527226,-0.00019794533771351426,2.7624630262470813e-05,-0.0003099347667033052,0.5544994780317353,3.8164741795656373e-17,1.9986354061124292e-07,5.3132753091365614e-05,0.0,0.0,1.0,0.0,0.0,0.0,0.0,0.0,0.0,0.0,-0.0,0.0,0.0,0.0,0.0,0.0,0.0,0.055,0.3,0.3,0.0,0.0,0.0,1.1724596966702747e-05,0,0,0,0,0,inf,inf,0,0,0.0,1.5009906022225772,-2.3554274558794588e-09,-4.9077470601138724e-09,-3.1888132730314343e-09,-1.5707906022225773,1.1497691429191894e-07,1.5707896771867287,-0.7852999952086244,-2.3554274558794587e-06,-4.907747060113872e-06,-3.1888132730314343e-06,-0.0006022225773081004,0.00011497691429191894,-0.00032281327132202537,4.791375672647184e-06,0.0,-25.454424405835937,1.1397810321958008e-15,18.7281632058492,0.7411607943030994,1.6872163098407762,1.3316908920709847e-18,0.0,-25.454424405835937,1.1397810321958008e-15,18.7281632058492,0.7411607943030994,1.6872163098407762,1.3316908920709847e-18
0.011000000000000003,0,0,0,0,0.029482457948018403,0.0,0.0,0.0,0.5544901928458645,1.2790223387033182e-06,0.46448345298188015,-0.0012914833666093203,0.00017690958820292866,-0.003060866278429972,0.5544994780317353,3.8164741795656373e-17,9.37286374577528e-06,0.0027075630667805183,0.0,0.0,1.0,0.0,0.0,0.0,0.0,0.0,0.0,0.0,-0.0,0.0,0.0,0.0,0.0,0.0,0.0,0.055,0.3,0.3,0.0,0.0,0.0,9.361606902875793e-06,0,0,0,0,0,inf,inf,0,0,0.0,1.5009715780909867,-1.3206051604898553e-07,1.970894450212102e-07,-1.783373811990344e-07,-1.5708284219090134,5.434936022403046e-06,1.5707816780079984,-0.7852999582418484,-2.0428194295979365e-05,7.29405578635829e-05,-2.7559984088272905e-05,-0.006302929382690184,0.0007622356902550452,-0.0005171429521766791,-8.360477465501355e-06,-0.0030932224046144917,-25.498834562975965,-0.0030830096678145596,18.79718091422887,0.7315921185586034,1.7594183055824146,-0.00037398609227042864,-0.0030932224046144917,-25.498834562975965,-0.0030830096678145596,18.79718091422887,0.7315921185586034,1.7594183055824146,-0.00037398609227042864
0.02100000000000001,0,0,0,0,0.029436733943387527,0.0,0.0,0.0,0.5544756308388782,3.2741668955957807e-06,0.46443953130152205,-0.0015127116944373606,0.00020820645789469436,-0.005445233916067072,0.5544994780317353,3.8164741795656373e-17,2.407091140823229e-05,0.0076642130205243995,0.0,0.0,1.0,0.0,0.0,0.0,0.0,0.0,0.0,0.0,-0.0,0.0,0.0,0.0,0.0,0.0,0.0,0.055,0.3,0.3,0.0,0.0,0.0,9.092633360032659e-06,0,0,0,0,0,inf,inf,0,0,0.0,1.5008794038150115,-4.077092015047228e-07,2.2438330418103246e-06,-5.499617280335273e-07,-1.5709205961849886,1.425154976716258e-05,1.57078983737716,-0.7853002749008844,-3.282259193346377e-05,0.00033672532187029275,-4.4240691466995204e-05,-0.011541611029226014,0.0009398383514300718,0.002146541872583453,-5.0711291690542023e-05,-0.0042864379234719245,-25.516554747959894,-0.004267421287279302,18.8289372817655,0.7284180428512249,1.7893554071068,-0.0002287051302923184,-0.0042864379234719245,-25.516554747959894,-0.004267421287279302,18.8289372817655,0.7284180428512249,1.7893554071068,-0.0002287051302923184
0.03100000000000002,0,0,0,0,0.029367843476122535,0.0,0.0,0.0,0.5544610377703458,5.323104819585532e-06,0.46437285144377805,-0.0013829607472286838,0.0001989424920495185,-0.007647992696786984,0.5544994780317353,3.8164741795656373e-17,3.8807075909017546e-05,0.01381024666038964,0.0,0.0,1.0,0.0,0.0,0.0,0.0,0.0,0.0,0.0,-0.0,0.0,0.0,0.0,0.0,0.0,0.0,0.055,0.3,0.3,0.0,0.0,0.0,8.849146274151763e-06,0,0,0,0,0,inf,inf,0,0,0.0,1.5007369332002651,-7.889462781598559e-07,7.754939338401657e-06,-1.063944453938471e-06,-1.571063066799735,2.378476389124096e-05,1.5708309654320216,-0.7853009847266296,-4.2070106140268844e-05,0.0007462263537383418,-5.67391028492181e-05,-0.016408624393248385,0.0009503395512452322,0.005799060105506423,-8.596261490564412e-05,-0.0046470526385099875,-25.526546234503662,-0.004617361716340906,18.847743293269996,0.7275554872416098,1.8033962487571165,-7.09005208476189e-05,-0.0046470526385099875,-25.526546234503662,-0.004617361716340906,18.847743293269996,0.7275554872416098,1.8033962487571165,-7.09005208476189e-05
0.04100000000000003,0,0,0,0,0.029277343966931157,0.0,0.0,0.0,0.5544486777085315,7.196562536878646e-06,0.4642848069980607,-0.0011007903772407219,0.0001769673689024856,-0.009735775588808445,0.5544994780317353,3.8164741795656373e-17,5.130753697029975e-05,0.020705857952957613,0.0,0.0,1.0,0.0,0.0,0.0,0.0,0.0,0.0,0.0,-0.0,0.0,0.0,0.0,0.0,0.0,0.0,0.055,0.3,0.3,0.0,0.0,0.0,8.500913405724681e-06,0,0,0,0,0,inf,inf,0,0,0.0,1.5005476398155493,-1.2493652745216017e-06,1.804021336988453e-05,-1.6854495179369058e-06,-1.5712523601844508,3.30490446657426e-05,1.5709105306134339,-0.785301990083113,-4.897146449367897e-05,0.0012759726096897032,-6.616050220367711e-05,-0.020943880359581255,0.000902006979717833,0.009737849368611605,-0.00011109650841112166,-0.0046620514297675214,-25.53571997545301,-0.004617991135594024,18.86254890543292,0.7275401466497567,1.8113630935088572,3.3043569819083535e-05,-0.0046620514297675214,-25.53571997545301,-0.004617991135594024,18.86254890543292,0.7275401466497567,1.8113630935088572,3.3043569819083535e-05
0.05100000000000004,0,0,0,0,0.02916630718090707,0.0,0.0,0.0,0.5544395880922219,8.830397786988431e-06,0.4641764007443,-0.0007442617736520056,0.00015220746393855542,-0.01173157614095788,0.5544994780317353,3.8164741795656373e-17,6.053743288236444e-05,0.028162692280117103,0.0,0.0,1.0,0.0,0.0,0.0,0.0,0.0,0.0,0.0,-0.0,0.0,0.0,0.0,0.0,0.0,0.0,0.055,0.3,0.3,0.0,0.0,0.0,8.103389911014417e-06,0,0,0,0,0,inf,inf,0,0,0.0,1.5003147133116088,-1.767622236688443e-06,3.4191703854999524e-05,-2.3866348038807663e-06,-1.5714852866883913,4.170235377582215e-05,1.571029719866524,-0.7853032018975064,-5.388220699963868e-05,0.0019064572558571962,-7.299639309459562e-05,-0.02516911402577202,0.0008337730172061959,0.013696027613767498,-0.00012844835364016866,-0.004539953769679326,-25.54649901913478,-0.004476509675831398,18.87658822695033,0.727844152069437,1.8169162323189625,9.644909221824108e-05,-0.004539953769679326,-25.54649901913478,-0.004476509675831398,18.87658822695033,0.727844152069437,1.8169162323189625,9.644909221824108e-05
0.06100000000000005,0,0,0,0,0.02903563982857038,0.0,0.0,0.0,0.5544343100186334,1.0218745612303979e-05,0.46404850597375863,-0.00034626610703177566,0.00012810954811080094,-0.013642522998584289,0.5544994780317353,3.8164741795656373e-17,6.596432894778846e-05,0.036086991022403106,0.0,0.0,1.0,0.0,0.0,0.0,0.0,0.0,0.0,0.0,-0.0,0.0,0.0,0.0,0.0,0.0,0.0,0.055,0.3,0.3,0.0,0.0,0.0,7.692444429611704e-06,0,0,0,0,0,inf,inf,0,0,0.0,1.500041166442795,-2.3252142717743647e-06,5.712294228538263e-05,-3.14357101889638e-06,-1.571758833557205,4.963489296667656e-05,1.5711880791578867,-0.785304554747202,-5.70505790078165e-05,0.002620905683191564,-7.75865390479626e-05,-0.029099715050789506,0.0007597620842145343,0.01757001637388669,-0.00014015222594122907,-0.004366524528476176,-25.559636406464254,-0.004277615742264443,18.890971503903753,0.7282752504376826,1.8214212635322278,0.00013613383860904097,-0.004366524528476176,-25.559636406464254,-0.004277615742264443,18.890971503903753,0.7282752504376826,1.8214212635322278,0.00013613383860904097
0.07100000000000005,0,0,0,0,0.02888619918512214,0.0,0.0,0.0,0.5544331631128525,1.1375407461236188e-05,0.463901960123847,7.741340433651057e-05,0.00010578126172440034,-0.015470190929917124,0.5544994780317353,3.8164741795656373e-17,6.728349248764694e-05,0.044421201994463935,0.0,0.0,1.0,0.0,0.0,0.0,0.0,0.0,0.0,0.0,-0.0,0.0,0.0,0.0,0.0,0.0,0.0,0.055,0.3,0.3,0.0,0.0,0.0,7.283965335627315e-06,0,0,0,0,0,inf,inf,0,0,0.0,1.4997298713599365,-2.9059496651069502e-06,8.75887854150889e-05,-3.935454506236554e-06,-1.5720701286400636,5.6821750567814115e-05,1.5713845066548662,-0.785306000226622,-5.869854329281568e-05,0.003404091512077387,-8.022773689394716e-05,-0.03274901773269882,0.0006851937961765943,0.021317984206449914,-0.00014757717449487672,-0.004176002059148549,-25.575265372848392,-0.004054665785376702,18.90602285292694,0.7287617876606834,1.825389478458238,0.00016210352886130415,-0.004176002059148549,-25.575265372848392,-0.004054665785376702,18.90602285292694,0.7287617876606834,1.825389478458238,0.00016210352886130415
0.08100000000000006,0,0,0,0,0.02871883273829534,0.0,0.0,0.0,0.5544363507048998,1.2319940357781257e-05,0.46373759625963384,0.0005176420581123217,8.549034284763519e-05,-0.01721441317401761,0.5544994780317353,3.8164741795656373e-17,6.431827363826927e-05,0.05312222595418705,0.0,0.0,1.0,0.0,0.0,0.0,0.0,0.0,0.0,0.0,-0.0,0.0,0.0,0.0,0.0,0.0,0.0,0.055,0.3,0.3,0.0,0.0,0.0,6.884322330155165e-06,0,0,0,0,0,inf,inf,0,0,0.0,1.4993835705410312,-3.4957936906279913e-06,0.00012619817356273105,-4.74432425749686e-06,-1.5724164294589689,6.326989330447777e-05,1.5716176313799768,-0.7853075005825246,-5.903728672232212e-05,0.004241905810782244,-8.119495185256549e-05,-0.03612981201878592,0.0006120745113672345,0.02492193325153978,-0.00015158365214444324,-0.00398165200369433,-25.59329107817608,-0.0038202056245940645,18.92177848238339,0.7292756167282336,1.8290143652762696,0.00017932341969332464,-0.00398165200369433,-25.59329107817608,-0.0038202056245940645,18.92177848238339,0.7292756167282336,1.8290143652762696,0.00017932341969332464
0.09100000000000007,0,0,0,0,0.028534389827809536,0.0,0.0,0.0,0.5544440017261505,1.3072693115916191e-05,0.46355625166939624,0.0009680300648173414,6.720792891585685e-05,-0.018874676125369135,0.5544994780317353,3.8164741795656373e-17,5.699575235609795e-05,0.062153296370855975,0.0,0.0,1.0,0.0,0.0,0.0,0.0,0.0,0.0,0.0,-0.0,0.0,0.0,0.0,0.0,0.0,0.0,0.055,0.3,0.3,0.0,0.0,0.0,6.495917145491891e-06,0,0,0,0,0,inf,inf,0,0,0.0,1.499004879057351,-4.082769213320169e-06,0.000173424319007937,-5.554861168896703e-06,-1.5727951209426492,6.899895419408337e-05,1.5718859621735581,-0.7853090250361233,-5.826791996079334e-05,0.0051212011131498295,-8.074351363582782e-05,-0.03925483399336003,0.0005412382832767443,0.028373502311039925,-0.00015276311961578783,-0.0037883705077879962,-25.61353702069668,-0.0035785614332979614,18.938172233058786,0.7298044093615982,1.832371426157314,0.00019011636763890965,-0.0037883705077879962,-25.61353702069668,-0.0035785614332979614,18.938172233058786,0.7298044093615982,1.832371426157314,0.00019011636763890965
0.10100000000000008,0,0,0,0,0.028333723103886377,0.0,0.0,0.0,0.5544561889553702,1.3653086170700212e-05,0.4633587681793876,0.0014234703220231417,5.080561215713287e-05,-0.02045061511610453,0.5544994780317353,3.8164741795656373e-17,4.539108827209915e-05,0.07148093285384079,0.0,0.0,1.0,0.0,0.0,0.0,0.0,0.0,0.0,0.0,-0.0,0.0,0.0,0.0,0.0,0.0,0.0,0.055,0.3,0.3,0.0,0.0,0.0,6.119561618297392e-06,0,0,0,0,0,inf,inf,0,0,0.0,1.4985962842817744,-4.656847024161614e-06,0.0002296139578010447,-6.3541887443531635e-06,-1.5732037157182257,7.403415131709707e-05,1.572187950392157,-0.7853105479035226,-5.657981258665857e-05,0.006029733559485294,-7.910854274237185e-05,-0.04213688554221149,0.0004730803193389347,0.03166861081064873,-0.0001515715866709924,-0.0035977545685432237,-25.63580001737102,-0.0033308997356341894,18.95510463970962,0.7303416937961935,1.8354925704767064,0.00019559287468637375,-0.0035977545685432237,-25.63580001737102,-0.0033308997356341894,18.95510463970962,0.7303416937961935,1.8354925704767064,0.00019559287468637375
0.11100000000000008,0,0,0,0,0.028117686426374355,0.0,0.0,0.0,0.5544729383702827,1.4079068230656892e-05,0.4631459896147539,0.001879584988125519,3.612694835368443e-05,-0.02194217652101151,0.5544994780317353,3.8164741795656373e-17,3.0042865912915357e-05,0.08107378286324757,0.0,0.0,1.0,0.0,0.0,0.0,0.0,0.0,0.0,0.0,-0.0,0.0,0.0,0.0,0.0,0.0,0.0,0.055,0.3,0.3,0.0,0.0,0.0,5.7554386271809055e-06,0,0,0,0,0,inf,inf,0,0,0.0,1.498160145234072,-5.209820134936593e-06,0.0002949962354720554,-7.131669092683089e-06,-1.573639854765928,7.840357183441684e-05,1.5725220198237142,-0.7853120476303513,-5.4149167917302295e-05,0.006956138097701422,-7.65046945372805e-05,-0.04478882308017716,0.0004078213886587637,0.03480540073369662,-0.0001483928673284636,-0.003410111415198183,-25.65987107020886,-0.003077226696216767,18.972468590706978,0.730883262428996,1.8383937825355332,0.0001963483692543574,-0.003410111415198183,-25.65987107020886,-0.003077226696216767,18.972468590706978,0.730883262428996,1.8383937825355332,0.0001963483692543574
0.1210000000000001,0,0,0,0,0.027887131658642206,0.0,0.0,0.0,0.5544942350953107,1.4366999795714647e-05,0.4629187584176572,0.0023325100139406922,2.3013362858567217e-05,-0.023349656548655052,0.5544994780317353,3.8164741795656373e-17,1.529375903697331e-05,0.09090216632990854,0.0,0.0,1.0,0.0,0.0,0.0,0.0,0.0,0.0,0.0,-0.0,0.0,0.0,0.0,0.0,0.0,0.0,0.055,0.3,0.3,0.0,0.0,0.0,5.403484392174586e-06,0,0,0,0,0,inf,inf,0,0,0.0,1.497698692314856,-5.7351669083946026e-06,0.00036969140700214613,-7.878699526268186e-06,-1.574101307685144,8.213703356527575e-05,1.5728865837832646,-0.7853135062412812,-5.113815463276364e-05,0.007889912988246458,-7.31264554830354e-05,-0.047223503676793385,0.0003456037328924962,0.037783410897581554,-0.00014356625182533874,-0.0032252505367489355,-25.685543472908538,-0.0028171701753604266,18.99015880744609,0.731425871594247,1.8410853829439084,0.0001927724120699035,-0.0032252505367489355,-25.685543472908538,-0.0028171701753604266,18.99015880744609,0.731425871594247,1.8410853829439084,0.0001927724120699035
0.1310000000000001,0,0,0,0,0.027642905260424566,0.0,0.0,0.0,0.5545200279854458,1.4531690749683547e-05,0.4626779121623519,0.00277880506864646,1.1313435351494887e-05,-0.024673695009250193,0.5544994780317353,3.8164741795656373e-17,2.516884251502663e-05,0.10093788214512942,0.0,0.0,1.0,0.0,0.0,0.0,0.0,0.0,0.0,0.0,-0.0,0.0,0.0,0.0,0.0,0.0,0.0,0.055,0.3,0.3,0.0,0.0,0.0,5.063541448029874e-06,0,0,0,0,0,inf,inf,0,0,0.0,1.4972140276501429,-6.22790811098342e-06,0.00045371939025653666,-8.58851422979553e-06,-1.5745859723498572,8.52655221995914e-05,1.5732800568613456,-0.7853149089670052,-4.769449164662431e-05,0.008821405140125338,-6.914879179165622e-05,-0.04945372085580306,0.0002865263871876905,0.04060321366524333,-0.00013739812666688878,-0.0030427982488876668,-25.712616115590723,-0.0025502845311620313,19.008075285069594,0.7319667671590284,1.8435758073679616,0.00018517783601271684,-0.0030427982488876668,-25.712616115590723,-0.0025502845311620313,19.008075285069594,0.7319667671590284,1.8435758073679616,0.00018517783601271684
0.1410000000000001,0,0,0,0,0.027385845007324883,0.0,0.0,0.0,0.5545502336016648,1.4586492305662328e-05,0.4624242802338463,0.00321540977332634,8.860829946150099e-07,-0.025915253191317607,0.5544994780317353,3.8164741795656373e-17,5.2809976677243464e-05,0.11115411247518998,0.0,0.0,1.0,0.0,0.0,0.0,0.0,0.0,0.0,0.0,-0.0,0.0,0.0,0.0,0.0,0.0,0.0,0.055,0.3,0.3,0.0,0.0,0.0,4.735421604998934e-06,0,0,0,0,0,inf,inf,0,0,0.0,1.4967081260764568,-6.6844617129447595e-06,0.0005470081629682752,-9.255993544875446e-06,-1.5750918739235433,8.782084376642383e-05,1.5737008641408488,-0.7853162439453701,-4.395136228370253e-05,0.009741793449914658,-6.472798462613255e-05,-0.051492141616664,0.0002306587042471322,0.04326622704288864,-0.00013016684777794667,-0.0028623262256792623,-25.74089495494448,-0.002276169668451054,19.02612447347128,0.7325035079857664,1.8458729727785503,0.0001738519353087394,-0.0028623262256792623,-25.74089495494448,-0.002276169668451054,19.02612447347128,0.7325035079857664,1.8458729727785503,0.0001738519353087394
0.1510000000000001,0,0,0,0,0.027116776950309895,0.0,0.0,0.0,0.5545847398558005,1.4543406479989695e-05,0.46215868076077116,0.0036396168794934416,-8.398530375326963e-06,-0.02707558668087015,0.5544994780317353,3.8164741795656373e-17,8.649329057775289e-05,0.12152536390844008,0.0,0.0,1.0,0.0,0.0,0.0,0.0,0.0,0.0,0.0,-0.0,0.0,0.0,0.0,0.0,0.0,0.0,0.055,0.3,0.3,0.0,0.0,0.0,4.418933584785328e-06,0,0,0,0,0,inf,inf,0,0,0.0,1.4961828367291992,-7.1024982190894625e-06,0.0006494019781737089,-9.87748217660161e-06,-1.575617163270801,8.983536273704962e-05,1.5741474489615002,-0.7853175019544831,-4.002757044145421e-05,0.010643069387922949,-6.0002559294772055e-05,-0.053351248577229136,0.00017804604195392233,0.04577459507090908,-0.00012212494725962822,-0.002683407280287789,-25.77019375789619,-0.00199451765827683,19.04421960721238,0.7330338969447318,1.8479847477173714,0.00015907535447682222,-0.002683407280287789,-25.77019375789619,-0.00199451765827683,19.04421960721238,0.7330338969447318,1.8479847477173714,0.00015907535447682222
0.16100000000000012,0,0,0,0,0.026836512648889976,0.0,0.0,0.0,0.5546234094258544,1.4413199186604723e-05,0.46188191782767407,0.0040490515484900074,-1.6658958981826117e-05,-0.028156217145526356,0.5544994780317353,3.8164741795656373e-17,0.00012476670533081803,0.13202742275937207,0.0,0.0,1.0,0.0,0.0,0.0,0.0,0.0,0.0,0.0,-0.0,0.0,0.0,0.0,0.0,0.0,0.0,0.055,0.3,0.3,0.0,0.0,0.0,4.113896726783501e-06,0,0,0,0,0,inf,inf,0,0,0.0,1.4956398851757486,-7.480798610978193e-06,0.0007606693701852869,-1.0450616979633866e-05,-1.5761601148242514,9.134177920500101e-05,1.5746182796628654,-0.7853186761617088,-3.602788042487359e-05,0.011518014823909802,-5.509426195475917e-05,-0.055043288329937816,0.00012871264050826563,0.04813109648931649,-0.0001135003714483095,-0.0025056420575366306,-25.80033453421069,-0.0017051306077264731,19.062280709901135,0.7335559507952567,1.8499190915699186,0.00014112802921625308,-0.0025056420575366306,-25.80033453421069,-0.0017051306077264731,19.062280709901135,0.7335559507952567,1.8499190915699186,0.00014112802921625308
0.17100000000000012,0,0,0,0,0.026545846682124785,0.0,0.0,0.0,0.5546660829777312,1.4205511479970093e-05,0.4615947789676963,0.0044416527787656986,-2.400279546547519e-05,-0.02915890457043208,0.5544994780317353,3.8164741795656373e-17,0.00016720946320924598,0.14263731608945593,0.0,0.0,1.0,0.0,0.0,0.0,0.0,0.0,0.0,0.0,-0.0,0.0,0.0,0.0,0.0,0.0,0.0,0.055,0.3,0.3,0.0,0.0,0.0,3.820149219911089e-06,0,0,0,0,0,inf,inf,0,0,0.0,1.4950808760302587,-7.819116500048689e-06,0.0008805109247629033,-1.0974164656974831e-05,-1.5767191239697413,9.237292848118083e-05,1.575111855494144,-0.7853197618831098,-3.204349920564855e-05,0.012360177342824102,-5.010906027056648e-05,-0.05658022608893681,8.266349671895399e-05,0.050339066663763685,-0.00010449742635083644,-0.0023286734178747897,-25.83114781532287,-0.0014079265662605652,19.0802344695913,0.7340678841257953,1.8516840732590052,0.00012029011130845443,-0.0023286734178747897,-25.83114781532287,-0.0014079265662605652,19.0802344695913,0.7340678841257953,1.8516840732590052,0.00012029011130845443
0.18100000000000013,0,0,0,0,0.02624555443072346,0.0,0.0,0.0,0.5547125822059878,1.3928966623777965e-05,0.4612980329276848,0.004815655586760586,-3.052714962418804e-05,-0.030085620488953614,0.5544994780317353,3.8164741795656373e-17,0.00021355890333834754,0.1533332752808603,0.0,0.0,1.0,0.0,0.0,0.0,0.0,0.0,0.0,0.0,-0.0,0.0,0.0,0.0,0.0,0.0,0.0,0.055,0.3,0.3,0.0,0.0,0.0,3.5375543437609624e-06,0,0,0,0,0,inf,inf,0,0,0.0,1.49450729598861,-8.11804573611292e-06,0.0010085667901591835,-1.1447869532836189e-05,-1.57729270401139,9.29615971766614e-05,1.5756267117876217,-0.7853207563520174,-2.8152669498984298e-05,0.013163843378161864,-4.5138154795749075e-05,-0.057973706352590686,3.988588266430183e-05,0.052402327082662466,-9.529768547842751e-05,-0.0021521949989307477,-25.862472840505134,-0.001102939957204916,19.098014059208214,0.7345680983841821,1.8532878476470889,9.684105118746967e-05,-0.0021521949989307477,-25.862472840505134,-0.001102939957204916,19.098014059208214,0.7345680983841821,1.8532878476470889,9.684105118746967e-05
0.19100000000000014,0,0,0,0,0.02593639011954485,0.0,0.0,0.0,0.5547627126982058,1.3591271899893172e-05,0.46099242769456206,0.0051695734919659396,-3.63192058654663e-05,-0.03093852239950309,0.5544994780317353,3.8164741795656373e-17,0.0002635853036564945,0.16409470095389342,0.0,0.0,1.0,0.0,0.0,0.0,0.0,0.0,0.0,0.0,-0.0,0.0,0.0,0.0,0.0,0.0,0.0,0.055,0.3,0.3,0.0,0.0,0.0,3.266006343033397e-06,0,0,0,0,0,inf,inf,0,0,0.0,1.493920517225433,-8.378894433825187e-06,0.0011444239090815805,-1.1872311456180397e-05,-1.577879482774567,9.314035366953724e-05,1.5761614244576845,-0.7853216584969139,-2.4421347891042036e-05,0.013924009501564376,-4.025899228655693e-05,-0.05923501919615863,3.5073732805308236e-07,0.05432512021553161,-8.606094660536615e-05,-0.0019759565262478943,-25.894157675595476,-0.0007903191072386489,19.115558930365477,0.7350551727557298,1.8547386186969443,7.105808604224335e-05,-0.0019759565262478943,-25.894157675595476,-0.0007903191072386489,19.115558930365477,0.7350551727557298,1.8547386186969443,7.105808604224335e-05
0.20100000000000015,0,0,0,0,0.025619085108454176,0.0,0.0,0.0,0.5548162666252878,1.3199314582873342e-05,0.4606786887707044,0.005502181200675415,-4.1456823330216495e-05,-0.03171992942862546,0.5544994780317353,3.8164741795656373e-17,0.0003170634556527464,0.17490212873900393,0.0,0.0,1.0,0.0,0.0,0.0,0.0,0.0,0.0,0.0,-0.0,0.0,0.0,0.0,0.0,0.0,0.0,0.055,0.3,0.3,0.0,0.0,0.0,3.0054369282815213e-06,0,0,0,0,0,inf,inf,0,0,0.0,1.493321801099144,-8.603566145034657e-06,0.0012876229549419458,-1.2248773815443694e-05,-1.578478198900856,9.294139218307736e-05,1.576714613873376,-0.7853224687292635,-2.0903946240646686e-05,0.014636352194719333,-3.553627407809396e-05,-0.06037507178801577,-3.598599111515428e-05,0.05611204882297385,-7.692625841912745e-05,-0.0017997669571654792,-25.926059276100474,-0.000470321958934244,19.132814591947366,0.7355278557207855,1.8560446000996131,4.321461521941641e-05,-0.0017997669571654792,-25.926059276100474,-0.000470321958934244,19.132814591947366,0.7355278557207855,1.8560446000996131,4.321461521941641e-05
0.21100000000000016,0,0,0,0,0.02529434641908468,0.0,0.0,0.0,0.5548730252596862,1.2759251775103585e-05,0.46035751768577393,0.005812497503562485,-4.60091593609369e-05,-0.03243229925112582,0.5544994780317353,3.8164741795656373e-17,0.0003737650732956046,0.1857371956827392,0.0,0.0,1.0,0.0,0.0,0.0,0.0,0.0,0.0,0.0,-0.0,0.0,0.0,0.0,0.0,0.0,0.0,0.055,0.3,0.3,0.0,0.0,0.0,2.7558232810251527e-06,0,0,0,0,0,inf,inf,0,0,0.0,1.4927123021149524,-8.794448704593664e-06,0.0014376649589160641,-1.2579121581799652e-05,-1.5790876978850477,9.239639013582942e-05,1.5772849481464672,-0.7853231887419821,-1.7644117648498625e-05,0.015297196409260177,-3.102295357520268e-05,-0.061404364732350794,-6.918202891340587e-05,0.05776801929619406,-6.801301349812787e-05,-0.001623495976334241,-25.958043501435633,-0.00014331048596031535,19.149732378502858,0.7359850568751343,1.8572139772446263,1.3578644670149143e-05,-0.001623495976334241,-25.958043501435633,-0.00014331048596031535,19.149732378502858,0.7359850568751343,1.8572139772446263,1.3578644670149143e-05
0.22100000000000017,0,0,0,0,0.0249628554850303,0.0,0.0,0.0,0.5549327613239815,1.2276593936218323e-05,0.46002959073247407,0.006099768440170733,-5.003730385314933e-05,-0.03307820625903615,0.5544994780317353,3.8164741795656373e-17,0.00043345717908278906,0.1965826071668816,0.0,0.0,1.0,0.0,0.0,0.0,0.0,0.0,0.0,0.0,-0.0,0.0,0.0,0.0,0.0,0.0,0.0,0.055,0.3,0.3,0.0,0.0,0.0,2.5171985832903128e-06,0,0,0,0,0,inf,inf,0,0,0.0,1.4920930720996686,-8.95431110453471e-06,0.0015940176172698735,-1.2865689242066584e-05,-1.5797069279003315,9.153637853650977e-05,1.5778711458739287,-0.7853238213191484,-1.4675570847841483e-05,0.015903483197959686,-2.6761217466163587e-05,-0.062332972860716845,-9.930748205738345e-05,0.059298188787952864,-5.9422095603350074e-05,-0.0014470741425577354,-25.989985085123458,0.00019025588810907184,19.166269211137703,0.736425838870126,1.8582548718661285,-1.7588633881811903e-05,-0.0014470741425577354,-25.989985085123458,0.00019025588810907184,19.166269211137703,0.736425838870126,1.8582548718661285,-1.7588633881811903e-05
0.23100000000000018,0,0,0,0,0.024625267113099758,0.0,0.0,0.0,0.5549952411728092,1.1756282054701044e-05,0.4596955579138152,0.006363450791085524,-5.359491524782767e-05,-0.03366032096346299,0.5544994780317353,3.8164741795656373e-17,0.0004959025128139815,0.20742210426204988,0.0,0.0,1.0,0.0,0.0,0.0,0.0,0.0,0.0,0.0,-0.0,0.0,0.0,0.0,0.0,0.0,0.0,0.055,0.3,0.3,0.0,0.0,0.0,2.2896664186983276e-06,0,0,0,0,0,inf,inf,0,0,0.0,1.4914650645458014,-9.086208602577338e-06,0.001756121271118815,-1.3111178430919327e-05,-1.5803349354541987,9.039162519636063e-05,1.578471978371769,-0.7853243701574179,-1.202289910427831e-05,0.016452736678190118,-2.2783445711252914e-05,-0.06317053011652578,-0.00012644356569673922,0.06070791596723034,-5.123706702995154e-05,-0.001270491896632769,-26.021767564975715,0.0005298276565731568,19.18238735269762,0.7368494094310323,1.8591753097547012,-5.003410914394142e-05,-0.001270491896632769,-26.021767564975715,0.0005298276565731568,19.18238735269762,0.7368494094310323,1.8591753097547012,-5.003410914394142e-05
0.2410000000000002,0,0,0,0,0.024282208643444547,0.0,0.0,0.0,0.5550602268117346,1.120275848325496e-05,0.4593560420896724,0.0066031959555118685,-5.6728850762863576e-05,-0.034181390609697375,0.5544994780317353,3.8164741795656373e-17,0.0005608606743821361,0.21824043145680505,0.0,0.0,1.0,0.0,0.0,0.0,0.0,0.0,0.0,0.0,-0.0,0.0,0.0,0.0,0.0,0.0,0.0,0.055,0.3,0.3,0.0,0.0,0.0,2.0734209066439227e-06,0,0,0,0,0,inf,inf,0,0,0.0,1.4908291390858721,-9.193396142935155e-06,0.001923394553277294,-1.3318565024938123e-05,-1.580970860914128,8.899153049447986e-05,1.579086271435686,-0.7853248396994655,-9.702411703250513e-06,0.01694303056710062,-1.911314578586353e-05,-0.06392621819786264,-0.00015068136205943425,0.06200271525761411,-4.352538184635465e-05,-0.001093797602538217,-26.05328317691803,0.000874773208969185,19.198054158685807,0.7372551134465278,1.8599831915765221,-8.351385828912518e-05,-0.001093797602538217,-26.05328317691803,0.000874773208969185,19.198054158685807,0.7372551134465278,1.8599831915765221,-8.351385828912518e-05
0.25100000000000017,0,0,0,0,0.023934279296563332,0.0,0.0,0.0,0.5551274777572154,1.0620031534895716e-05,0.45901163831061165,0.006818834265403425,-5.947978473271769e-05,-0.03464422098380477,0.5544994780317353,3.8164741795656373e-17,0.0006280895161303806,0.22902330471575122,0.0,0.0,1.0,0.0,0.0,0.0,0.0,0.0,0.0,0.0,-0.0,0.0,0.0,0.0,0.0,0.0,0.0,0.055,0.3,0.3,0.0,0.0,0.0,1.8687751479248534e-06,0,0,0,0,0,inf,inf,0,0,0.0,1.490186066061107,-9.279250058157585e-06,0.0020952396991361375,-1.3491015418215395e-05,-1.581613933938893,8.736453538499907e-05,1.579712906662663,-0.7853252349796409,-7.722957889748e-06,0.01737295450746242,-1.576585709526437e-05,-0.0646087586440511,-0.0001721206116149095,0.06318821443083437,-3.633961178895972e-05,-0.0009170947710542381,-26.084432715896526,0.0012243872735942395,19.21324182519859,0.7376424251388503,1.8606862667131439,-0.00011779410062126152,-0.0009170947710542381,-26.084432715896526,0.0012243872735942395,19.21324182519859,0.7376424251388503,1.8606862667131439,-0.00011779410062126152
0.2610000000000002,0,0,0,0,0.02358204969542449,0.0,0.0,0.0,0.5551967527422639,1.001173398378679e-05,0.45866291332720394,0.007010359779898188,-6.188280995420244e-05,-0.03505165938726695,0.5544994780317353,3.8164741795656373e-17,0.0006973465829557871,0.23975737983056902,0.0,0.0,1.0,0.0,0.0,0.0,0.0,0.0,0.0,0.0,-0.0,0.0,0.0,0.0,0.0,0.0,0.0,0.055,0.3,0.3,0.0,0.0,0.0,1.6762014455566461e-06,0,0,0,0,0,inf,inf,0,0,0.0,1.4895365311517166,-9.347197928371764e-06,0.0022710475205876468,-1.3631811660909682e-05,-1.5822634688482835,8.553804128843839e-05,1.5803508223663716,-0.7853255614818951,-6.086734732873237e-06,0.017741580383697778,-1.2750021934583624e-05,-0.06522640807001868,-0.0001908685420048616,0.06427011543204063,-2.9718672780514807e-05,-0.0007405386024997319,-26.11512536714837,0.0015778996871399636,19.22792713508087,0.7380109403269034,1.8612921099937765,-0.00015265200311427154,-0.0007405386024997319,-26.11512536714837,0.0015778996871399636,19.22792713508087,0.7380109403269034,1.8612921099937765,-0.00015265200311427154
0.2710000000000002,0,0,0,0,0.023226061551175237,0.0,0.0,0.0,0.5552678112728257,9.381175666292131e-06,0.45831040526327704,0.0071779155965615024,-6.396801780101933e-05,-0.03540657875479227,0.5544994780317353,3.8164741795656373e-17,0.0007683905099760985,0.2504302210371828,0.0,0.0,1.0,0.0,0.0,0.0,0.0,0.0,0.0,0.0,-0.0,0.0,0.0,0.0,0.0,0.0,0.0,0.055,0.3,0.3,0.0,0.0,0.0,1.496387548080884e-06,0,0,0,0,0,inf,inf,0,0,0.0,1.4888811400388267,-9.400656397077125e-06,0.002450202043911042,-1.3744285108426122e-05,-1.5829188599611734,8.353834146698113e-05,1.5809990141180388,-0.7853258250099246,-4.790071829821346e-06,0.018048428809216935,-1.006781983318649e-05,-0.06578695626976687,-0.00020703873878049668,0.06525415831602958,-2.3689041334698325e-05,-0.0005643319737791688,-26.145278510966225,0.0019344843674643285,19.242091203428632,0.7383603687975107,1.861808101174525,-0.0001878763449501755,-0.0005643319737791688,-26.145278510966225,0.0019344843674643285,19.242091203428632,0.7383603687975107,1.861808101174525,-0.0001878763449501755
0.2810000000000002,0,0,0,0,0.022866827501158538,0.0,0.0,0.0,0.5553404150402058,8.731390416231055e-06,0.4579546234418115,0.007321779709132981,-6.576105366025636e-05,-0.035711862889039256,0.5544994780317353,3.8164741795656373e-17,0.0008409823359583643,0.2610302698810102,0.0,0.0,1.0,0.0,0.0,0.0,0.0,0.0,0.0,0.0,-0.0,0.0,0.0,0.0,0.0,0.0,0.0,0.055,0.3,0.3,0.0,0.0,0.0,1.3303129017362551e-06,0,0,0,0,0,inf,inf,0,0,0.0,1.4882204230708276,-9.442976679024679e-06,0.002632084814245782,-1.3831758199904365e-05,-1.5835795769291725,8.139056344552089e-05,1.581656534943227,-0.7853260315693797,-3.824187057689689e-06,0.018293435948784992,-7.715962597944349e-06,-0.06629772692628794,-0.000220750061512828,0.06614608817509034,-1.8265951324902753e-05,-0.0003887209840204008,-26.17481750395353,0.002293268377627147,19.255719223510678,0.7386905268006803,1.8622414070195226,-0.00022326804917302467,-0.0003887209840204008,-26.17481750395353,0.002293268377627147,19.255719223510678,0.7386905268006803,1.8622414070195226,-0.00022326804917302467
0.2910000000000002,0,0,0,0,0.022504831088246524,0.0,0.0,0.0,0.5554143291951457,8.065177591163304e-06,0.4575960483524737,0.007442351435264781,-6.72836449324019e-05,-0.03597039278466667,0.5544994780317353,3.8164741795656373e-17,0.0009148867133601414,0.2715468143197684,0.0,0.0,1.0,0.0,0.0,0.0,0.0,0.0,0.0,0.0,-0.0,0.0,0.0,0.0,0.0,0.0,0.0,0.055,0.3,0.3,0.0,0.0,0.0,1.1793449165237691e-06,0,0,0,0,0,inf,inf,0,0,0.0,1.4875548399094565,-9.477397444250233e-06,0.002816078870826275,-1.3897493960439908e-05,-1.5842451600905436,7.911862200776461e-05,1.5823224952037938,-0.7853261872618923,-3.1759087344112265e-06,0.018476920823190607,-5.686447841493003e-06,-0.0667655806802085,-0.00023212560828917263,0.06695162494016227,-1.345456281503292e-05,-0.0002139901663342992,-26.203675439623442,0.0026533409769804034,19.26880021411278,0.7390013296828366,1.8625989658368411,-0.0002586405887889079,-0.0002139901663342992,-26.203675439623442,0.0026533409769804034,19.26880021411278,0.7390013296828366,1.8625989658368411,-0.0002586405887889079
0.3010000000000002,0,0,0,0,0.022140526870744748,0.0,0.0,0.0,0.5554893234893612,7.38513848486487e-06,0.4572351317500332,0.007540138432082318,-6.85540994713505e-05,-0.036185034012856214,0.5544994780317353,3.8164741795656373e-17,0.000989873007134309,0.28196995806095265,0.0,0.0,1.0,0.0,0.0,0.0,0.0,0.0,0.0,0.0,-0.0,0.0,0.0,0.0,0.0,0.0,0.0,0.055,0.3,0.3,0.0,0.0,0.0,1.045341160206454e-06,0,0,0,0,0,inf,inf,0,0,0.0,1.4868847841333144,-9.507004721685283e-06,0.0030015723985379124,-1.3944652801896765e-05,-1.5849152158666857,7.674518226924577e-05,1.5829960621931167,-0.7853262981906055,-2.8283605760203792e-06,0.018599553227938048,-3.967269248205811e-06,-0.0671969203234486,-0.0002412917311206969,0.06767643593770628,-9.251095757721878e-06,-4.0457461417395675e-05,-26.231792891058426,0.003013762568052919,19.281326769248196,0.7392927846735009,1.862887474329471,-0.00029382027590321713,-4.0457461417395675e-05,-26.231792891058426,0.003013762568052919,19.281326769248196,0.7392927846735009,1.862887474329471,-0.00029382027590321713
0.3110000000000002,0,0,0,0,0.021774340652456314,0.0,0.0,0.0,0.5555651732904872,6.693707920716927e-06,0.45687229687324005,0.007615744312318293,-6.958777290536765e-05,-0.036358625136231976,0.5544994780317353,3.8164741795656373e-17,0.00106571628037296,0.2922905901382536,0.0,0.0,1.0,0.0,0.0,0.0,0.0,0.0,0.0,0.0,-0.0,0.0,0.0,0.0,0.0,0.0,0.0,0.055,0.3,0.3,0.0,0.0,0.0,9.307072506972063e-07,0,0,0,0,0,inf,inf,0,0,0.0,1.4862105877787979,-9.53469843472486e-06,0.0031879620625901045,-1.3976256182201944e-05,-1.5855894122212022,7.429163230654096e-05,1.5836764594714936,-0.785326370376817,-2.761606744057155e-06,0.018662322382990176,-2.5430822828743165e-06,-0.06759769789736145,-0.00024837710429394396,0.06832611108534628,-5.6439224370679645e-06,0.0001315309578093501,-26.25911763820555,0.003373573455636882,19.293294811106662,0.7395649838386704,1.8631133766208732,-0.00032864644152460717,0.0001315309578093501,-26.25911763820555,0.003373573455636882,19.293294811106662,0.7395649838386704,1.8631133766208732,-0.00032864644152460717
0.32100000000000023,0,0,0,0,0.021406669822763846,0.0,0.0,0.0,0.555641660476494,5.9931813534040755e-06,0.45650793877401513,0.007669856869190124,-7.039750378363874e-05,-0.03649396712297095,0.5544994780317353,3.8164741795656373e-17,0.0011421981681554844,0.30250035473530873,0.0,0.0,1.0,0.0,0.0,0.0,0.0,0.0,0.0,0.0,-0.0,0.0,0.0,0.0,0.0,0.0,0.0,0.055,0.3,0.3,0.0,0.0,0.0,8.382911186901642e-07,0,0,0,0,0,inf,inf,0,0,0.0,1.4855325258005505,-9.563165158541816e-06,0.003374656034195286,-1.3995156672466588e-05,-1.5862674741994496,7.177806480430938e-05,1.584362965967472,-0.7853264096872953,-2.9532550750534143e-06,0.018666506416716758,-1.395824482201211e-06,-0.06797342348730179,-0.000253511847226599,0.06890614060989272,-2.614613530033749e-06,0.00030160593018861486,-26.285604382249012,0.003731802344452445,19.30470334704992,0.739818097213552,1.8632828553200014,-0.00036297151420162384,0.00030160593018861486,-26.285604382249012,0.003731802344452445,19.30470334704992,0.739818097213552,1.8632828553200014,-0.00036297151420162384
0.33100000000000024,0,0,0,0,0.02103788379693161,0.0,0.0,0.0,0.5557185742156877,5.285737795486565e-06,0.45614242474714883,0.007703236914116957,-7.099401594824434e-05,-0.03659381372783879,0.5544994780317353,3.8164741795656373e-17,0.0012191076428074111,0.3125916212722039,0.0,0.0,1.0,0.0,0.0,0.0,0.0,0.0,0.0,0.0,-0.0,0.0,0.0,0.0,0.0,0.0,0.0,0.055,0.3,0.3,0.0,0.0,0.0,7.709213168391622e-07,0,0,0,0,0,inf,inf,0,0,0.0,1.484850820435562,-9.594856673780665e-06,0.003561076716101801,-1.4004013974978682e-05,-1.5869491795644382,6.922326716852321e-05,1.585054914869688,-0.7853264217717829,-3.3790172828385613e-06,0.01861364277411528,-5.052898831138572e-07,-0.06832917551742451,-0.0002568267029595689,0.06942189517201153,-1.3893357338905823e-07,0.00046938054643837164,-26.311214449359923,0.0040874745106380264,19.31555423139125,0.7400523661263804,1.8634018244954134,-0.00039666100530160825,0.00046938054643837164,-26.311214449359923,0.0040874745106380264,19.31555423139125,0.7400523661263804,1.8634018244954134,-0.00039666100530160825
0.34100000000000025,0,0,0,0,0.020668324547137962,0.0,0.0,0.0,0.5557957116384319,4.5734589047275474e-06,0.4557760948510128,0.007716707727727897,-7.138628792992004e-05,-0.03666086280693149,0.5544994780317353,3.8164741795656373e-17,0.0012962416748647121,0.3225574547727258,0.0,0.0,1.0,0.0,0.0,0.0,0.0,0.0,0.0,0.0,-0.0,0.0,0.0,0.0,0.0,0.0,0.0,0.055,0.3,0.3,0.0,0.0,0.0,7.304667116802104e-07,0,0,0,0,0,inf,inf,0,0,0.0,1.4841656454569367,-9.631973882582298e-06,0.0037466631776607836,-1.4005276432807638e-05,-1.5876343545430633,6.664471954530147e-05,1.5857516923326513,-0.7853264120101588,-4.013225531706372e-06,0.01850549962703643,1.5034246991412827e-07,-0.06866961236084429,-0.0002584522729974942,0.06987860828246681,1.812217501904698e-06,0.0006344553212749049,-26.335915485991023,0.004439619591813798,19.325851932627558,0.7402680967243567,1.8634759244292407,-0.000429593408802624,0.0006344553212749049,-26.335915485991023,0.004439619591813798,19.325851932627558,0.7402680967243567,1.8634759244292407,-0.000429593408802624
0.35100000000000026,0,0,0,0,0.020298307215098177,0.0,0.0,0.0,0.5558728784067146,3.858344556619404e-06,0.45540926251014,0.007711145121402671,-7.158188951899967e-05,-0.03669774853204147,0.5544994780317353,3.8164741795656373e-17,0.0013734057946638118,0.33239158653487233,0.0,0.0,1.0,0.0,0.0,0.0,0.0,0.0,0.0,0.0,-0.0,0.0,0.0,0.0,0.0,0.0,0.0,0.055,0.3,0.3,0.0,0.0,0.0,7.167080379403196e-07,0,0,0,0,0,inf,inf,0,0,0.0,1.4834771303051422,-9.676455649822923e-06,0.003930873309820057,-1.400116757319287e-05,-1.588322869694858,6.405860017970847e-05,1.5864527360187624,-0.7853263854687068,-4.829305303148083e-06,0.018344048352537785,5.940256354615621e-07,-0.06899898509113654,-0.0002585183088277056,0.07028136089571382,3.271919319003908e-06,0.00079642323949781,-26.35968114775173,0.004787278947534786,19.335603306727307,0.740465653710511,1.8635105180287004,-0.0004616600231382549,0.00079642323949781,-26.35968114775173,0.004787278947534786,19.335603306727307,0.740465653710511,1.8635105180287004,-0.0004616600231382549
0.36100000000000027,0,0,0,0,0.019928120797468862,0.0,0.0,0.0,0.5559498891876368,3.142325231935514e-06,0.4550422151908628,0.007687468103734301,-7.158728597161212e-05,-0.03670703446982468,0.5544994780317353,3.8164741795656373e-17,0.0014504145598315623,0.34208838512926587,0.0,0.0,1.0,0.0,0.0,0.0,0.0,0.0,0.0,0.0,-0.0,0.0,0.0,0.0,0.0,0.0,0.0,0.055,0.3,0.3,0.0,0.0,0.0,7.268220747403385e-07,0,0,0,0,0,inf,inf,0,0,0.0,1.4827853640862356,-9.729972134206753e-06,0.004113185711038728,-1.399367723176318e-05,-1.5890146359137645,6.147979754764972e-05,1.5871575334977066,-0.7853263468649166,-5.800204928307285e-06,0.018131437134582703,8.494068694005376e-07,-0.069321151211598,-0.0002571530600871137,0.07063506806752962,4.276404298618811e-06,0.0009548746264909952,-26.382490783766663,0.005129512551351351,19.344817377007583,0.7406454543003939,1.8635106887734127,-0.0004927647027461598,0.0009548746264909952,-26.382490783766663,0.005129512551351351,19.344817377007583,0.7406454543003939,1.8635106887734127,-0.0004927647027461598
0.3710000000000003,0,0,0,0,0.019558028895594326,0.0,0.0,0.0,0.5560265680368379,2.427271535602632e-06,0.45467521514156417,0.007646630143804681,-7.140811057684578e-05,-0.0366912074903131,0.5544994780317353,3.8164741795656373e-17,0.0015270919341452617,0.3516428277517347,0.0,0.0,1.0,0.0,0.0,0.0,0.0,0.0,0.0,0.0,-0.0,0.0,0.0,0.0,0.0,0.0,0.0,0.055,0.3,0.3,0.0,0.0,0.0,7.56028700479638e-07,0,0,0,0,0,inf,inf,0,0,0.0,1.4820903994281416,-9.79392217972961e-06,0.004293101315611523,-1.398455681265958e-05,-1.5897096005718585,5.892192869609491e-05,1.5878656205232597,-0.7853263005402255,-6.898782540137006e-06,0.0178699657340687,9.404337680250522e-07,-0.06963958920875112,-0.0002544826790129899,0.07094446756447377,4.864290341154977e-06,0.0011094017998240955,-26.404329118294857,0.005465405382585334,19.353505121070707,0.7408079624056392,1.8634812400830878,-0.0005228235466805271,0.0011094017998240955,-26.404329118294857,0.005465405382585334,19.353505121070707,0.7408079624056392,1.8634812400830878,-0.0005228235466805271
0.3810000000000003,0,0,0,0,0.0191882705214923,0.0,0.0,0.0,0.5561027486977678,1.7150011609386553e-06,0.45430850018943814,0.007589611020994728,-7.10494065395788e-05,-0.03665267246879726,0.5544994780317353,3.8164741795656373e-17,0.0016032715832912613,0.3610504719590137,0.0,0.0,1.0,0.0,0.0,0.0,0.0,0.0,0.0,0.0,-0.0,0.0,0.0,0.0,0.0,0.0,0.0,0.055,0.3,0.3,0.0,0.0,0.0,7.989315179520741e-07,0,0,0,0,0,inf,inf,0,0,0.0,1.481392256187539,-9.869434347377723e-06,0.004470144776288547,-1.3975318250480234e-05,-1.590407743812461,5.639736323224457e-05,1.5885765792063966,-0.7853262504401025,-8.098151519737539e-06,0.017562061462597076,8.910032567814693e-07,-0.06995741378629607,-0.0002506306805083331,0.07121411031429399,5.075873482734195e-06,0.0012596034646516106,-26.42518593126053,0.00579407329297613,19.3616792652061,0.7409536830506012,1.863426695992976,-0.0005517645310322642,0.0012596034646516106,-26.42518593126053,0.00579407329297613,19.3616792652061,0.7409536830506012,1.863426695992976,-0.0005517645310322642
0.3910000000000003,0,0,0,0,0.01881906095235264,0.0,0.0,0.0,0.5561782748226147,1.007283598330733e-06,0.4539422845860306,0.007517409249152185,-7.051583932691282e-05,-0.03659374774471063,0.5544994780317353,3.8164741795656373e-17,0.001678797093066165,0.3703074278161039,0.0,0.0,1.0,0.0,0.0,0.0,0.0,0.0,0.0,0.0,-0.0,0.0,0.0,0.0,0.0,0.0,0.0,0.055,0.3,0.3,0.0,0.0,0.0,8.506343052728132e-07,0,0,0,0,0,inf,inf,0,0,0.0,1.4806909250012945,-9.957371179173321e-06,0.0046438656133806116,-1.3967236253323352e-05,-1.5911090749987056,5.3917252410459307e-05,1.5892900361025197,-0.7853262001008786,-9.371985776428362e-06,0.017210256386455666,7.246519858661994e-07,-0.07027739164512412,-0.0002457174568823696,0.07144835258784284,4.9524804927059185e-06,0.001405088823213477,-26.445055739229872,0.0061146683313564884,19.369354086605522,0.74108315702654,1.8633513030286786,-0.0005795270927509444,0.001405088823213477,-26.445055739229872,0.0061146683313564884,19.369354086605522,0.74108315702654,1.8633513030286786,-0.0005795270927509444
0.4010000000000003,0,0,0,0,0.01845059262618093,0.0,0.0,0.0,0.5562530001205512,3.058428771710042e-07,0.4535767598941909,0.007431035061316846,-6.981188078111041e-05,-0.03651666130086447,0.5544994780317353,3.8164741795656373e-17,0.0017535221154879569,0.379410330484751,0.0,0.0,1.0,0.0,0.0,0.0,0.0,0.0,0.0,0.0,-0.0,0.0,0.0,0.0,0.0,0.0,0.0,0.055,0.3,0.3,0.0,0.0,0.0,9.072332935068594e-07,0,0,0,0,0,inf,inf,0,0,0.0,1.4799863706776855,-1.0058336301311654e-05,0.0048138391427586585,-1.3961353421751445e-05,-1.5918136293223146,5.1491562776642384e-05,1.5900056602295285,-0.7853261526427209,-1.0694786418999065e-05,0.01681716577896445,4.6428648808499176e-07,-0.07060195768411379,-0.0002398598460484079,0.07165134980476574,4.535880903345014e-06,0.001545481372929419,-26.463937478242716,0.006426383514143819,19.376545223675304,0.7411969557884034,1.863259033175124,-0.0006060616706104272,0.001545481372929419,-26.463937478242716,0.006426383514143819,19.376545223675304,0.7411969557884034,1.863259033175124,-0.0006060616706104272
0.4110000000000003,0,0,0,0,0.018083036071592895,0.0,0.0,0.0,0.556326788438832,-3.876413842992615e-07,0.4532120959094368,0.007331503939808628,-6.894196643983803e-05,-0.03642354762623056,0.5544994780317353,3.8164741795656373e-17,0.001827310448213387,0.3883563132822527,0.0,0.0,1.0,0.0,0.0,0.0,0.0,0.0,0.0,0.0,-0.0,0.0,0.0,0.0,0.0,0.0,0.0,0.055,0.3,0.3,0.0,0.0,0.0,9.65838598592676e-07,0,0,0,0,0,inf,inf,0,0,0.0,1.4792785354238471,-1.0172683989684095e-05,0.00497966719529445,-1.395848785590851e-05,-1.592521464576153,4.912911384311537e-05,1.5907231610323749,-0.7853261107681649,-1.2042111547558373e-05,0.01638546783161245,1.319512829240274e-07,-0.07093323150526575,-0.00023317075177586798,0.07182705185708722,3.867757500645746e-06,0.0016804223742257912,-26.481834189801432,0.0067284570368302985,19.383269494681258,0.7412956765953226,1.863153587840692,-0.0006313292105411102,0.0016804223742257912,-26.481834189801432,0.0067284570368302985,19.383269494681258,0.7412956765953226,1.863153587840692,-0.0006313292105411102
0.4210000000000003,0,0,0,0,0.017716540865121755,0.0,0.0,0.0,0.556399513782108,-1.0715343626269388e-06,0.45284844160909543,0.007219830675320601,-6.791062759232787e-05,-0.03631644522541854,0.5544994780317353,3.8164741795656373e-17,0.0019000360525211473,0.39714298123938685,0.0,0.0,1.0,0.0,0.0,0.0,0.0,0.0,0.0,0.0,-0.0,0.0,0.0,0.0,0.0,0.0,0.0,0.055,0.3,0.3,0.0,0.0,0.0,1.024396310196566e-06,0,0,0,0,0,inf,inf,0,0,0.0,1.4785673419070018,-1.0300530839151818e-05,0.005140978640354122,-1.3959242881996851e-05,-1.5932326580929983,4.68376192823491e-05,1.5914422863087214,-0.785326076765627,-1.3390771029882348e-05,0.015917884627271006,-2.513670311653932e-07,-0.07127303411527605,-0.00022575881433975899,0.07197919984693289,2.9892339186367576e-06,0.0018095739743145152,-26.498752711202933,0.007020175926542033,19.38954472490181,0.7413799378985322,1.8630384027180764,-0.0006553006407985645,0.0018095739743145152,-26.498752711202933,0.007020175926542033,19.38954472490181,0.7413799378985322,1.8630384027180764,-0.0006553006407985645
0.4310000000000003,0,0,0,0,0.017351236609783216,0.0,0.0,0.0,0.5564710602751493,-1.7442476002936155e-06,0.45248592612296085,0.007097023937664612,-6.67225996888537e-05,-0.0361972947380744,0.5544994780317353,3.8164741795656373e-17,0.001971583014976799,0.40576838518531033,0.0,0.0,1.0,0.0,0.0,0.0,0.0,0.0,0.0,0.0,-0.0,0.0,0.0,0.0,0.0,0.0,0.0,0.055,0.3,0.3,0.0,0.0,0.0,1.081479267370751e-06,0,0,0,0,0,inf,inf,0,0,0.0,1.4778526961480616,-1.0441769197151058e-05,0.005297429725952461,-1.3964018549544627e-05,-1.5939473038519385,4.462373114530249e-05,1.5921628201092775,-0.785326052517335,-1.4718988227380328e-05,0.015417164372189795,-6.659017686146966e-07,-0.07162290472393334,-0.00021772812977779928,0.07211132413684497,1.940457655428505e-06,0.0019326219770815958,-26.514703371296363,0.0073008791403087,19.395389582420943,0.7414503749760704,1.8629166534513273,-0.000677956322966652,0.0019326219770815958,-26.514703371296363,0.0073008791403087,19.395389582420943,0.7414503749760704,1.8629166534513273,-0.000677956322966652
0.44100000000000034,0,0,0,0,0.016987233928999756,0.0,0.0,0.0,0.5565413220740045,-2.404241540592659e-06,0.4521246597195693,0.0069640813400307765,-6.53829087625982e-05,-0.036067937631609225,0.5544994780317353,3.8164741795656373e-17,0.002041845457748419,0.41423099638607763,0.0,0.0,1.0,0.0,0.0,0.0,0.0,0.0,0.0,0.0,-0.0,0.0,0.0,0.0,0.0,0.0,0.0,0.055,0.3,0.3,0.0,0.0,0.0,1.136110840538449e-06,0,0,0,0,0,inf,inf,0,0,0.0,1.477134490247147,-1.0596082042267663e-05,0.005448704248109203,-1.3973024572100288e-05,-1.594665509752853,4.249308662901872e-05,1.5928845806253935,-0.7853260395111309,-1.6006530704472276e-05,0.01488606487745111,-1.0932363873198089e-06,-0.07198411754773511,-0.00020917801578104777,0.07222674361366173,7.602365061548903e-07,0.0020492782550343316,-26.529699692642108,0.007569960119255247,19.400823422641004,0.7415076358149836,1.8627912620195202,-0.0006992854845015179,0.0020492782550343316,-26.529699692642108,0.007569960119255247,19.400823422641004,0.7415076358149836,1.8627912620195202,-0.0006992854845015179
0.45100000000000035,0,0,0,0,0.016624625470353205,0.0,0.0,0.0,0.5566102032304217,-3.0500288120366396e-06,0.4517647348025588,0.006821984977973211,-6.389693755796343e-05,-0.035930115430958864,0.5544994780317353,3.8164741795656373e-17,0.0021107274023533726,0.4225296817623067,0.0,0.0,1.0,0.0,0.0,0.0,0.0,0.0,0.0,0.0,-0.0,0.0,0.0,0.0,0.0,0.0,0.0,0.055,0.3,0.3,0.0,0.0,0.0,1.187633461624109e-06,0,0,0,0,0,inf,inf,0,0,0.0,1.4764126049414346,-1.076295900901605e-05,0.005594513561824724,-1.3986294405874987e-05,-1.5953873950585655,4.0450356938584566e-05,1.593607418075517,-0.7853260388556285,-1.723481199935414e-05,0.014327338275054998,-1.5164051714082311e-06,-0.07235769853485295,-0.0002002028221245067,0.07232856606954396,-5.142738234347306e-07,0.002159282802142261,-26.54375810095031,0.007826868811818334,19.405866141553908,0.7415523772402037,1.862664903752896,-0.0007192856375273716,0.002159282802142261,-26.54375810095031,0.007826868811818334,19.405866141553908,0.7415523772402037,1.862664903752896,-0.0007192856375273716
0.46100000000000035,0,0,0,0,0.016263486913999592,0.0,0.0,0.0,0.5566776175141795,-3.6801780700176736e-06,0.45140622691194526,0.006671697423834398,-6.227047307310234e-05,-0.0357854694494741,0.5544994780317353,3.8164741795656373e-17,0.002178142591451083,0.4306636797096447,0.0,0.0,1.0,0.0,0.0,0.0,0.0,0.0,0.0,0.0,-0.0,0.0,0.0,0.0,0.0,0.0,0.0,0.055,0.3,0.3,0.0,0.0,0.0,1.2356153997959125e-06,0,0,0,0,0,inf,inf,0,0,0.0,1.4756869119965468,-1.0941713280975136e-05,0.005734596445916294,-1.4003700183200996e-05,-1.5961130880034533,3.849929781003188e-05,1.5943312126011655,-0.7853260512982226,-1.8386966555391283e-05,0.013743716948812592,-1.9199666137983105e-06,-0.07274444193504731,-0.00019089178343902155,0.07241968960652936,-1.847833356296952e-06,0.002262405430489069,-26.55689764258155,0.00807111318329515,19.410538037769,0.7415852612875851,1.862540014902169,-0.0007379619890871769,0.002262405430489069,-26.55689764258155,0.00807111318329515,19.410538037769,0.7415852612875851,1.862540014902169,-0.0007379619890871769
0.47100000000000036,0,0,0,0,0.01590387798092685,0.0,0.0,0.0,0.5567434881977743,-4.293318222053357e-06,0.45104919572549285,0.006514158156959531,-6.0509737211761255e-05,-0.035635540985534064,0.5544994780317353,3.8164741795656373e-17,0.002244014273098077,0.4386325765442661,0.0,0.0,1.0,0.0,0.0,0.0,0.0,0.0,0.0,0.0,-0.0,0.0,0.0,0.0,0.0,0.0,0.0,0.055,0.3,0.3,0.0,0.0,0.0,1.2797858943019824e-06,0,0,0,0,0,inf,inf,0,0,0.0,1.4749572764334264,-1.1131499095436609e-05,0.005868718833732771,-1.402496824021247e-05,-1.5968427235665736,3.6642801283420155e-05,1.5950558721821446,-0.7853260772454801,-1.94478999116759e-05,0.013137900655731734,-2.2900517546025784e-06,-0.07314492664531286,-0.00018132891201624524,0.07250280497396992,-3.2073353612511834e-06,0.0023584471176191866,-26.56913971079657,0.008302260232435188,19.414859683254654,0.741606951819524,1.8624188006835192,-0.0007553268471978678,0.0023584471176191866,-26.56913971079657,0.008302260232435188,19.414859683254654,0.741606951819524,1.8624188006835192,-0.0007553268471978678
0.48100000000000037,0,0,0,0,0.015545843436597817,0.0,0.0,0.0,0.5568077478077152,-4.888142871391269e-06,0.45069368605571924,0.006350280409790157,-5.8621402228922424e-05,-0.03548177195006659,0.5544994780317353,3.8164741795656373e-17,0.0023082749516995116,0.4464362835930866,0.0,0.0,1.0,0.0,0.0,0.0,0.0,0.0,0.0,0.0,-0.0,0.0,0.0,0.0,0.0,0.0,0.0,0.055,0.3,0.3,0.0,0.0,0.0,1.3199901331057995e-06,0,0,0,0,0,inf,inf,0,0,0.0,1.474223558593276,-1.1331329623633581e-05,0.00599667342149989,-1.4049695000684946e-05,-1.5975764414067242,3.488294833861618e-05,1.595781330579869,-0.7853261167854645,-2.0404316235863796e-05,0.012512544809549888,-2.6143897231354596e-06,-0.07355953226894663,-0.00017159292830225427,0.07258039875126167,-4.561980470720981e-06,0.0024472410131630468,-26.58050778135851,0.008519936537455789,19.418851802719168,0.7416181113792831,1.8623032437275238,-0.0007713990268295703,0.0024472410131630468,-26.58050778135851,0.008519936537455789,19.418851802719168,0.7416181113792831,1.8623032437275238,-0.0007713990268295703
0.4910000000000004,0,0,0,0,0.015189414085861386,0.0,0.0,0.0,0.5568703378464712,-5.463414841506834e-06,0.4503397288384163,0.00618094840979028,-5.661259261163768e-05,-0.035325505890833823,0.5544994780317353,3.8164741795656373e-17,0.002370866109680491,0.45407501494769686,0.0,0.0,1.0,0.0,0.0,0.0,0.0,0.0,0.0,0.0,-0.0,0.0,0.0,0.0,0.0,0.0,0.0,0.055,0.3,0.3,0.0,0.0,0.0,1.3561578070993478e-06,0,0,0,0,0,inf,inf,0,0,0.0,1.4734856160437502,-1.1540095011282317e-05,0.006118279165744857,-1.4077363000294334e-05,-1.59831438395625,3.3221062030177015e-05,1.596507545316755,-0.7853261697115769,-2.1244725249761043e-05,0.011870249894506014,-2.8823127003082084e-06,-0.07398845483234794,-0.00016175722665435908,0.07265475729151566,-5.883410243909535e-06,0.0025286531172506272,-26.591027158001488,0.008723828357330852,19.42253516152246,0.7416193982802536,1.8621951128648666,-0.0007862032599222178,0.0025286531172506272,-26.591027158001488,0.008723828357330852,19.42253516152246,0.7416193982802536,1.8621951128648666,-0.0007862032599222178
0.5010000000000003,0,0,0,0,0.014834607755347562,0.0,0.0,0.0,0.5569312084889236,-6.017970650483729e-06,0.4499873421088977,0.006007014997103073,-5.4490874997968085e-05,-0.03516798938010009,0.5544994780317353,3.8164741795656373e-17,0.002431737903719946,0.46154926589718537,0.0,0.0,1.0,0.0,0.0,0.0,0.0,0.0,0.0,0.0,-0.0,0.0,0.0,0.0,0.0,0.0,0.0,0.055,0.3,0.3,0.0,0.0,0.0,1.38828089671226e-06,0,0,0,0,0,inf,inf,0,0,0.0,1.4727433053300942,-1.175658038444389e-05,0.006233380680912379,-1.4107356857490382e-05,-1.5990566946699059,3.165776078207915e-05,1.5972344956988616,-0.7853262355475215,-2.195943055453828e-05,0.011213551974313249,-3.0847424735245447e-06,-0.07443172211018896,-0.00015188987392853563,0.07272797134511534,-7.145803057618946e-06,0.0026025826448509712,-26.600724728203506,0.008913681315499255,19.425930461981235,0.7416114639260017,1.862095972182518,-0.0007997696125444328,0.0026025826448509712,-26.600724728203506,0.008913681315499255,19.425930461981235,0.7416114639260017,1.862095972182518,-0.0007997696125444328
0.5110000000000003,0,0,0,0,0.014481430259899009,0.0,0.0,0.0,0.5569903182569729,-6.550724828139388e-06,0.44963653196252595,0.005829299597867137,-5.226423767643432e-05,-0.03501037373313673,0.5544994780317353,3.8164741795656373e-17,0.002490848839182634,0.4688597920548241,0.0,0.0,1.0,0.0,0.0,0.0,0.0,0.0,0.0,0.0,-0.0,0.0,0.0,0.0,0.0,0.0,0.0,0.055,0.3,0.3,0.0,0.0,0.0,1.4163977577693356e-06,0,0,0,0,0,inf,inf,0,0,0.0,1.4719964835753887,-1.1979483645484525e-05,0.006341847547918535,-1.413897901857462e-05,-1.5998035164246114,3.0193011527515718e-05,1.5979621808881384,-0.7853263135730387,-2.2540501307120328e-05,0.010544914258582568,-3.214160694962299e-06,-0.07488920851563301,-0.00014205363843426515,0.07280194128548707,-8.32593525358353e-06,0.0026689620919365478,-26.60962872961937,0.009089299694228233,19.42905824790271,0.7415949503554411,1.862007190291284,-0.000812132912860765,0.0026689620919365478,-26.60962872961937,0.009089299694228233,19.42905824790271,0.7415949503554411,1.862007190291284,-0.000812132912860765
0.5210000000000004,0,0,0,0,0.01412987634990892,0.0,0.0,0.0,0.5570476336757411,-7.060673975345374e-06,0.4492872934963824,0.005648586533237674,-4.9941061149665994e-05,-0.03485371702591836,0.5544994780317353,3.8164741795656373e-17,0.002548165426183227,0.47600758918955316,0.0,0.0,1.0,0.0,0.0,0.0,0.0,0.0,0.0,0.0,-0.0,0.0,0.0,0.0,0.0,0.0,0.0,0.055,0.3,0.3,0.0,0.0,0.0,1.4405815403504618e-06,0,0,0,0,0,inf,inf,0,0,0.0,1.4712450099344658,-1.2207432903082044e-05,0.0064435735439984446,-1.4171465125286928e-05,-1.6005549900655343,2.8826182403574292e-05,1.5986906180298954,-0.7853264028500705,-2.2981729134985434e-05,0.00986671968663731,-3.2645648806489324e-06,-0.07536064951802006,-0.000132306046811178,0.07287838286289344,-9.403210465281147e-06,0.002727757021061858,-26.61776852746221,0.009250545369309613,19.431938817160482,0.7415704880076783,1.8619299497478166,-0.0008233321921422174,0.002727757021061858,-26.61776852746221,0.009250545369309613,19.431938817160482,0.7415704880076783,1.8619299497478166,-0.0008233321921422174
0.5310000000000004,0,0,0,0,0.01377993063674443,0.0,0.0,0.0,0.5571031289146209,-7.546900489184865e-06,0.4489396117292582,0.0054656236443405845,-4.75300811702239e-05,-0.03469898638133349,0.5544994780317353,3.8164741795656373e-17,0.002603661820524704,0.4829938737734849,0.0,0.0,1.0,0.0,0.0,0.0,0.0,0.0,0.0,0.0,-0.0,0.0,0.0,0.0,0.0,0.0,0.0,0.055,0.3,0.3,0.0,0.0,0.0,1.4609316210906322e-06,0,0,0,0,0,inf,inf,0,0,0.0,1.4704887469063956,-1.2439003398714694e-05,0.006538475803792121,-1.4203998873130454e-05,-1.6013112530936044,2.7556094735005764e-05,1.5994198404403843,-0.7853265022490584,-2.327857210567882e-05,0.00918126448672574,-3.2314121043361153e-06,-0.07584565555587813,-0.0001226994663832442,0.07295883341557903,-1.0359660033720853e-05,0.0027789655864249438,-26.62517440304738,0.009397336416452068,19.43459214210184,0.7415386937009903,1.8618652565778602,-0.000833410142147007,0.0027789655864249438,-26.62517440304738,0.009397336416452068,19.43459214210184,0.7415386937009903,1.8618652565778602,-0.000833410142147007
0.5410000000000004,0,0,0,0,0.013431568493743051,0.0,0.0,0.0,0.5571567854162296,-8.008575880942126e-06,0.44859346249745047,0.00528112121362179,-4.504034558542751e-05,-0.034547060494258375,0.5544994780317353,3.8164741795656373e-17,0.002657319452564125,0.48982006425117197,0.0,0.0,1.0,0.0,0.0,0.0,0.0,0.0,0.0,0.0,-0.0,0.0,0.0,0.0,0.0,0.0,0.0,0.055,0.3,0.3,0.0,0.0,0.0,1.477567157793108e-06,0,0,0,0,0,inf,inf,0,0,0.0,1.4697275615107501,-1.2672733809804225e-05,0.00662649392118401,-1.4235726247693074e-05,-1.60207243848925,2.6381074065548705e-05,1.6001498958586906,-0.7853266104750999,-2.3428087489093258e-05,0.008490752667064753,-3.111552246481746e-06,-0.07634372541827103,-0.00011328121059263876,0.07304465847111695,-1.1179917376364334e-05,0.0028226178172369686,-26.631877353651973,0.009529645419035157,19.437037797558798,0.741500168818603,1.861813949851239,-0.0008424125903951842,0.0028226178172369686,-26.631877353651973,0.009529645419035157,19.437037797558798,0.741500168818603,1.861813949851239,-0.0008424125903951842
0.5510000000000004,0,0,0,0,0.013084756930545005,0.0,0.0,0.0,0.5572085915161141,-8.44496363625511e-06,0.44824881332412125,0.00509575116336326,-4.248116624329825e-05,-0.034398732366912786,0.5544994780317353,3.8164741795656373e-17,0.0027091266468465738,0.49648776303863823,0.0,0.0,1.0,0.0,0.0,0.0,0.0,0.0,0.0,0.0,-0.0,0.0,0.0,0.0,0.0,0.0,0.0,0.055,0.3,0.3,0.0,0.0,0.0,1.4906221589447546e-06,0,0,0,0,0,inf,inf,0,0,0.0,1.4689613263330792,-1.2907141826618665e-05,0.006707589000969042,-1.4265769044285746e-05,-1.602838673666921,2.529900001907644e-05,1.600880844766486,-0.7853267260937187,-2.3428854968361546e-05,0.007797291393915573,-2.9031525588578615e-06,-0.07685425907233463,-0.00010409366514559353,0.07313705867440871,-1.1851169110627932e-05,0.002858774681280164,-26.637908903778317,0.009647497509351649,19.439294896218165,0.7414554976951364,1.8617767112637114,-0.0008503879957677598,0.002858774681280164,-26.637908903778317,0.009647497509351649,19.439294896218165,0.7414554976951364,1.8617767112637114,-0.0008503879957677598
0.5610000000000004,0,0,0,0,0.012739455438829705,0.0,0.0,0.0,0.5572585420558845,-8.855421571596883e-06,0.4479056242602858,0.004910146512479997,-3.9862067130913166e-05,-0.034254712227036896,0.5544994780317353,3.8164741795656373e-17,0.0027590782351803625,0.5029987392534249,0.0,0.0,1.0,0.0,0.0,0.0,0.0,0.0,0.0,0.0,-0.0,0.0,0.0,0.0,0.0,0.0,0.0,0.055,0.3,0.3,0.0,0.0,0.0,1.500241650172942e-06,0,0,0,0,0,inf,inf,0,0,0.0,1.4681899204452464,-1.314073891612646e-05,0.00678174266896468,-1.429323759324599e-05,-1.6036100795547537,2.43073547961646e-05,1.6016127587785767,-0.7853268475560302,-2.3280891869184775e-05,0.007102887210975107,-2.6056152001240316e-06,-0.07737656991941086,-9.517443256506338e-05,0.07323707698233779,-1.2363085653670036e-05,0.002887526949067132,-26.643300927853293,0.009750968173277225,19.441382031090214,0.7414052461957145,1.861754074681836,-0.0008573869657806405,0.002887526949067132,-26.643300927853293,0.009750968173277225,19.441382031090214,0.7414052461957145,1.861754074681836,-0.0008573869657806405
0.5710000000000004,0,0,0,0,0.012395616807762466,0.0,0.0,0.0,0.5573066379922553,-9.23940365713807e-06,0.44756384869573085,0.004724901073111966,-3.7192729828975655e-05,-0.03411563060258158,0.5544994780317353,3.8164741795656373e-17,0.0028071751656294805,0.509354912178907,0.0,0.0,1.0,0.0,0.0,0.0,0.0,0.0,0.0,0.0,-0.0,0.0,0.0,0.0,0.0,0.0,0.0,0.055,0.3,0.3,0.0,0.0,0.0,1.506578646844207e-06,0,0,0,0,0,inf,inf,0,0,0.0,1.467413230206405,-1.3372044201201542e-05,0.006848956048727697,-1.4317242629204756e-05,-1.6043867697935952,2.3403270134416012e-05,1.6023457191065986,-0.7853269732231136,-2.298556188764572e-05,0.006409443053751999,-2.2194892871645483e-06,-0.07790989646644123,-8.655649290775914e-05,0.07334560606865446,-1.2707733935218524e-05,0.0029089938809150544,-26.64808548434357,0.009840180849624567,19.443317224806496,0.7413499604811216,1.8617464356134423,-0.0008634617970583858,0.0029089938809150544,-26.64808548434357,0.009840180849624567,19.443317224806496,0.7413499604811216,1.8617464356134423,-0.0008634617970583858
0.5810000000000004,0,0,0,0,0.012053187907743013,0.0,0.0,0.0,0.5573528860042865,-9.596461284301344e-06,0.44722343413845084,0.004540569368952392,-3.448293728074114e-05,-0.03398204152779077,0.5544994780317353,3.8164741795656373e-17,0.0028534241097123683,0.5155583354619176,0.0,0.0,1.0,0.0,0.0,0.0,0.0,0.0,0.0,0.0,-0.0,0.0,0.0,0.0,0.0,0.0,0.0,0.055,0.3,0.3,0.0,0.0,0.0,1.5097917278897345e-06,0,0,0,0,0,inf,inf,0,0,0.0,1.466631149950525,-1.3599597397885343e-05,0.006909248712569028,-1.4336906257456091e-05,-1.6051688500494752,2.258357258287204e-05,1.6030798150976704,-0.7853271013894241,-2.254547870662966e-05,0.005718756012256879,-1.746378896478079e-06,-0.0784534134032543,-7.82683784749568e-05,0.0734633958861788,-1.287947473721588e-05,0.00292332175842255,-26.652294661211847,0.009915304354035412,19.445117885462775,0.7412901659508031,1.8617540605669038,-0.000868666040286367,0.00292332175842255,-26.652294661211847,0.009915304354035412,19.445117885462775,0.7412901659508031,1.8617540605669038,-0.000868666040286367
0.5910000000000004,0,0,0,0,0.011712110441267742,0.0,0.0,0.0,0.557397298100953,-9.926243965058145e-06,0.4468843229614109,0.004357666757736771,-3.17425167860253e-05,-0.03385442585676174,0.5544994780317353,3.8164741795656373e-17,0.002897837069933372,0.5216111820411694,0.0,0.0,1.0,0.0,0.0,0.0,0.0,0.0,0.0,0.0,-0.0,0.0,0.0,0.0,0.0,0.0,0.0,0.055,0.3,0.3,0.0,0.0,0.0,1.5100430655483503e-06,0,0,0,0,0,inf,inf,0,0,0.0,1.4658435825664426,-1.3821970766802793e-05,0.006962657614092665,-1.4351371984283225e-05,-1.6059564174335574,2.184482696215323e-05,1.6038151428492982,-0.7853272303051052,-2.1964405798115232e-05,0.005032515795258177,-1.1888483356778826e-06,-0.07900624208005923,-7.033436043311045e-05,0.07359106133694762,-1.287484707547037e-05,0.002930682280788118,-26.65596043259924,0.00997655015556175,19.446800768719385,0.7412263663553937,1.8617770962672997,-0.0008730540899469257,0.002930682280788118,-26.65596043259924,0.00997655015556175,19.446800768719385,0.7412263663553937,1.8617770962672997,-0.0008730540899469257
0.6010000000000004,0,0,0,0,0.011372321659970819,0.0,0.0,0.0,0.5574398912309865,-1.0228499462409768e-05,0.4465464531156954,0.004176669740804227,-2.8981283043915094e-05,-0.03373319466180213,0.5544994780317353,3.8164741795656373e-17,0.0029404309895884207,0.5275157298030447,0.0,0.0,1.0,0.0,0.0,0.0,0.0,0.0,0.0,0.0,-0.0,0.0,0.0,0.0,0.0,0.0,0.0,0.055,0.3,0.3,0.0,0.0,0.0,1.5074968061169835e-06,0,0,0,0,0,inf,inf,0,0,0.0,1.4650504399764432,-1.4037780047295916e-05,0.007009236009017784,-1.4359813790676755e-05,-1.6067495600235568,2.1183377902259074e-05,1.6045518039013635,-0.7853273581970841,-2.124715361644453e-05,0.00435230384951369,-5.503258924374024e-07,-0.07956746038286251,-6.27746453434947e-05,0.07372909000432089,-1.2692441899138966e-05,0.0029312708488391354,-26.65911452657129,0.010024169535801057,19.44838194586175,0.7411590430717524,1.8618155786996202,-0.0008766808003541068,0.0029312708488391354,-26.65911452657129,0.010024169535801057,19.44838194586175,0.7411590430717524,1.8618155786996202,-0.0008766808003541068
0.6110000000000004,0,0,0,0,0.011033755047108684,0.0,0.0,0.0,0.5574806868967636,-1.0503073354214542e-05,0.4462097588093039,0.003998016443188798,-2.6208981982827705e-05,-0.033618692695137405,0.5544994780317353,3.8164741795656373e-17,0.002981227366618171,0.5332743479588546,0.0,0.0,1.0,0.0,0.0,0.0,0.0,0.0,0.0,0.0,-0.0,0.0,0.0,0.0,0.0,0.0,0.0,0.055,0.3,0.3,0.0,0.0,0.0,1.5023177256721823e-06,0,0,0,0,0,inf,inf,0,0,0.0,1.4642516435194013,-1.424569435438117e-05,0.007049052370579319,-1.4361444240334628e-05,-1.6075483564805988,2.0595389369542812e-05,1.605289904005569,-0.7853274832888556,-2.0399475295496356e-05,0.003679593087767864,1.6499284371451084e-07,-0.08013611200765296,-5.5605579694958716e-05,0.07387784990450358,-1.233276726492044e-05,0.002925304755325529,-26.661788303728034,0.010058450655688847,19.44987677752019,0.7410886545310438,1.86186944195281,-0.0008796011275207585,0.002925304755325529,-26.661788303728034,0.010058450655688847,19.44987677752019,0.7410886545310438,1.86186944195281,-0.0008796011275207585
0.6210000000000004,0,0,0,0,0.010696340964984064,0.0,0.0,0.0,0.5575197107738685,-1.0749908041318876e-05,0.44587417115108574,0.0038221072482388604,-2.34352360344683e-05,-0.03351120189377728,0.5544994780317353,3.8164741795656373e-17,0.003020251873135196,0.538889484135583,0.0,0.0,1.0,0.0,0.0,0.0,0.0,0.0,0.0,0.0,-0.0,0.0,0.0,0.0,0.0,0.0,0.0,0.055,0.3,0.3,0.0,0.0,0.0,1.4946701048307951e-06,0,0,0,0,0,inf,inf,0,0,0.0,1.463447124244468,-1.4444445029261914e-05,0.007082189305343107,-1.435552162318135e-05,-1.608352875755532,2.0076882112782174e-05,1.606029551972323,-0.785327603818881,-1.9427961871154414e-05,0.0030157481798835186,9.522411014173777e-07,-0.08071121513706578,-4.883986063917067e-05,0.07403759721820015,-1.1798106987630451e-05,0.0029130213027003245,-26.664012646443197,0.01007971555700262,19.451299892744828,0.7410156357925317,1.8619385268403945,-0.0008818697976896699,0.0029130213027003245,-26.664012646443197,0.01007971555700262,19.451299892744828,0.7410156357925317,1.8619385268403945,-0.0008818697976896699
0.6310000000000004,0,0,0,0,0.010360007266976279,0.0,0.0,0.0,0.5575569923377771,-1.0969041223280226e-05,0.4455396187594743,0.0036493055713426766,-2.0669491424355675e-05,-0.03341094490859557,0.5544994780317353,3.8164741795656373e-17,0.0030575339820704994,0.5443636521721669,0.0,0.0,1.0,0.0,0.0,0.0,0.0,0.0,0.0,0.0,-0.0,0.0,0.0,0.0,0.0,0.0,0.0,0.055,0.3,0.3,0.0,0.0,0.0,1.4847167809624815e-06,0,0,0,0,0,inf,inf,0,0,0.0,1.4626368231212505,-1.4632833443844736e-05,0.007108742474819452,-1.434135614490414e-05,-1.6091631768787495,1.962376897582923e-05,1.6067708585946638,-0.785327718057545,-1.833993795999435e-05,0.002362026362237642,1.8059756118397352e-06,-0.08129177052584478,-4.2486751218127525e-05,0.07420848396636631,-1.1092374654210667e-05,0.0028946758668082777,-26.66581785846665,0.01008831712238205,19.452665173131344,0.7409403982540574,1.8620225892773137,-0.0008835410022079582,0.0028946758668082777,-26.66581785846665,0.01008831712238205,19.452665173131344,0.7409403982540574,1.8620225892773137,-0.0008835410022079582
0.6410000000000005,0,0,0,0,0.010024679874043929,0.0,0.0,0.0,0.557592564498981,-1.116060385555322e-05,0.44520602833588374,0.003479938757939327,-1.79209679764118e-05,-0.03331808863992179,0.5544994780317353,3.8164741795656373e-17,0.0030931066022587975,0.5496994206104439,0.0,0.0,1.0,0.0,0.0,0.0,0.0,0.0,0.0,0.0,-0.0,0.0,0.0,0.0,0.0,0.0,0.0,0.055,0.3,0.3,0.0,0.0,0.0,1.472618346543477e-06,0,0,0,0,0,inf,inf,0,0,0.0,1.4618206911723477,-1.4809737768526543e-05,0.007128819527815258,-1.4318315181201905e-05,-1.6099793088276524,1.9231888040787938e-05,1.607513935648472,-0.785327824322637,-1.714335873701404e-05,0.0017195787214380033,2.7202690829085456e-06,-0.08187676900377135,-3.655229848995449e-05,0.07439056559718689,-1.0220964721059686e-05,0.0028705399250993392,-26.667233574592366,0.010084636017133535,19.453985741690023,0.7408633294914757,1.8621213083942014,-0.0008846681188441815,0.0028705399250993392,-26.667233574592366,0.010084636017133535,19.453985741690023,0.7408633294914757,1.8621213083942014,-0.0008846681188441815
0.6510000000000005,0,0,0,0,0.009690283315735071,0.0,0.0,0.0,0.5576264632477114,-1.1324817624052605e-05,0.44487332520279754,0.003314299091589746,-1.5198611854042679e-05,-0.03323274776318423,0.5544994780317353,3.8164741795656373e-17,0.0031270057231203296,0.5548994018684484,0.0,0.0,1.0,0.0,0.0,0.0,0.0,0.0,0.0,0.0,-0.0,0.0,0.0,0.0,0.0,0.0,0.0,0.055,0.3,0.3,0.0,0.0,0.0,1.458532469881804e-06,0,0,0,0,0,inf,inf,0,0,0.0,1.4609986895340128,-1.4974118720476444e-05,0.0071425390480311735,-1.4285827622643164e-05,-1.6108013104659873,1.889703358097461e-05,1.6082588949679313,-0.785327920993333,-1.5846708968815164e-05,0.0010894519094869883,3.6887997889558714e-06,-0.08246519840685701,-3.1039553062332855e-05,0.0745838084544139,-9.190602287683243e-06,0.0028408990658954354,-26.668288680073843,0.010069077633697876,19.45527395615583,0.7407847932180487,1.8622342943732544,-0.0008853034590757052,0.0028408990658954354,-26.668288680073843,0.010069077633697876,19.45527395615583,0.7407847932180487,1.8622342943732544,-0.0008853034590757052
0.6610000000000005,0,0,0,0,0.009356741235882038,0.0,0.0,0.0,0.5576587273092882,-1.1461991963171481e-05,0.4445414338067216,0.0031526448985043235,-1.2511051585472133e-05,-0.03315498822936851,0.5544994780317353,3.8164741795656373e-17,0.003159270069965313,0.5599662420844432,0.0,0.0,1.0,0.0,0.0,0.0,0.0,0.0,0.0,0.0,-0.0,0.0,0.0,0.0,0.0,0.0,0.0,0.055,0.3,0.3,0.0,0.0,0.0,1.4426133199593786e-06,0,0,0,0,0,inf,inf,0,0,0.0,1.460170789450587,-1.5125024316727563e-05,0.007150029520987985,-1.4243387342231652e-05,-1.611629210549413,1.861498481737271e-05,1.609005847594889,-0.7853280065226766,-1.4458904774035073e-05,0.00047259024872005134,4.704937697528066e-06,-0.08305604994948276,-2.5948788644445338e-05,0.0747880971001501,-8.009193001745835e-06,0.0028060509956998074,-26.669011239442067,0.010042069059518582,19.45654140643576,0.7407051293558611,1.8623610959922745,-0.0008854980409289727,0.0028060509956998074,-26.669011239442067,0.010042069059518582,19.45654140643576,0.7407051293558611,1.8623610959922745,-0.0008854980409289727
0.6710000000000005,0,0,0,0,0.009023976863332006,0.0,0.0,0.0,0.5576893978109878,-1.1572520654899687e-05,0.44421027818634706,0.002995201735556727,-9.86655765949754e-06,-0.03308483072625746,0.5544994780317353,3.8164741795656373e-17,0.003189940770813913,0.5649026116156338,0.0,0.0,1.0,0.0,0.0,0.0,0.0,0.0,0.0,0.0,-0.0,0.0,0.0,0.0,0.0,0.0,0.0,0.055,0.3,0.3,0.0,0.0,0.0,1.42501108093443e-06,0,0,0,0,0,inf,inf,0,0,0.0,1.4593369722082237,-1.526159366267511e-05,0.007151428323956925,-1.419055582307843e-05,-1.6124630277917764,1.83815324854371e-05,1.6097549030005316,-0.7853280794485654,-1.2989198703139341e-05,-0.00013016181383936418,5.761826643319615e-06,-0.08364832405183457,-2.127772034538203e-05,0.07500324146800638,-6.685674384734886e-06,0.0027663035586810774,-26.66942843436575,0.010004056085547367,19.45779891589576,0.740624654211191,1.8625012078651624,-0.0008853013867752527,0.0027663035586810774,-26.66942843436575,0.010004056085547367,19.45779891589576,0.740624654211191,1.8625012078651624,-0.0008853013867752527
0.6810000000000005,0,0,0,0,0.00869191344816822,0.0,0.0,0.0,0.5577185179611933,-1.1656878042965045e-05,0.4438797824063738,0.0028421636494438776,-7.273005908890673e-06,-0.03302225408760876,0.5544994780317353,3.8164741795656373e-17,0.0032190610354963707,0.569711196177958,0.0,0.0,1.0,0.0,0.0,0.0,0.0,0.0,0.0,0.0,-0.0,0.0,0.0,0.0,0.0,0.0,0.0,0.055,0.3,0.3,0.0,0.0,0.0,1.405871544879883e-06,0,0,0,0,0,inf,inf,0,0,0.0,1.4584972290132567,-1.5383059812053325e-05,0.007146880742172623,-1.412696398798691e-05,-1.6133027709867434,1.819250323133799e-05,1.6105061683775568,-0.785328138403263,-1.1447088649690748e-05,-0.0007180569416552605,6.8524621472121115e-06,-0.08424103563845088,-1.7021720548584315e-05,0.0752289838252758,-5.229869772839191e-06,0.0027219727830128456,-26.669566510176196,0.009955500273115123,19.4590565461941,0.7405436607452976,1.8626540773705527,-0.0008847613455710783,0.0027219727830128456,-26.669566510176196,0.009955500273115123,19.4590565461941,0.7405436607452976,1.8626540773705527,-0.0008847613455710783
0.6910000000000005,0,0,0,0,0.008360474664019901,0.0,0.0,0.0,0.557746132741479,-1.1715614903595073e-05,0.4435498709575869,0.0026936944952883194,-4.737844844943677e-06,-0.03296719863858347,0.5544994780317353,3.8164741795656373e-17,0.003246675847683854,0.5743946886094592,0.0,0.0,1.0,0.0,0.0,0.0,0.0,0.0,0.0,0.0,-0.0,0.0,0.0,0.0,0.0,0.0,0.0,0.055,0.3,0.3,0.0,0.0,0.0,1.3853357738644282e-06,0,0,0,0,0,inf,inf,0,0,0.0,1.4576515608204175,-1.548875173918211e-05,0.007136539014226172,-1.405231327635185e-05,-1.6141484391795826,1.804378186777981e-05,1.6112597480008288,-0.7853281821214706,-9.842231032264097e-06,-0.0012904418708369922,7.969764555355435e-06,-0.08483321892495778,-1.3174031302192142e-05,0.07546500552535639,-3.6523458935180882e-06,0.0026733809662004364,-26.669450730666487,0.009896876093558516,19.46032360537167,0.740462418932973,1.8628191112602681,-0.000883923938443664,0.0026733809662004364,-26.669450730666487,0.009896876093558516,19.46032360537167,0.740462418932973,1.8628191112602681,-0.000883923938443664
0.7010000000000005,0,0,0,0,0.008029584977160775,0.0,0.0,0.0,0.5577722886121544,-1.1749354011780269e-05,0.4432204691238808,0.0025499293036197195,-2.2680670464518807e-06,-0.03291956946687159,0.5544994780317353,3.8164741795656373e-17,0.0032728316703771023,0.5789557812406133,0.0,0.0,1.0,0.0,0.0,0.0,0.0,0.0,0.0,0.0,-0.0,0.0,0.0,0.0,0.0,0.0,0.0,0.055,0.3,0.3,0.0,0.0,0.0,1.363539823368701e-06,0,0,0,0,0,inf,inf,0,0,0.0,1.4567999781159102,-1.5578095468261676e-05,0.007120561409169764,-1.396637601659713e-05,-1.6150000218840899,1.793133152963147e-05,1.6120157426543273,-0.7853282094469989,-8.184358613256403e-06,-0.0018467541351702458,9.106647249882394e-06,-0.08542393171114615,-9.725972261223224e-06,0.07571093353415144,-1.964274998699249e-06,0.002620854811370069,-26.669105340763434,0.009828668154661992,19.461608658918294,0.7403811762011678,1.8629956819437428,-0.000882833227083049,0.002620854811370069,-26.669105340763434,0.009828668154661992,19.461608658918294,0.7403811762011678,1.8629956819437428,-0.000882833227083049
0.7110000000000005,0,0,0,0,0.007699169983197307,0.0,0.0,0.0,0.5577970332317012,-1.17587854435602e-05,0.44289150331702676,0.0024109756853149178,1.2981533857887546e-07,-0.03287923961005644,0.5544994780317353,3.8164741795656373e-17,0.003297576165285217,0.5833971588532049,0.0,0.0,1.0,0.0,0.0,0.0,0.0,0.0,0.0,0.0,-0.0,0.0,0.0,0.0,0.0,0.0,0.0,0.055,0.3,0.3,0.0,0.0,0.0,1.3406145211162144e-06,0,0,0,0,0,inf,inf,0,0,0.0,1.4559425006601872,-1.5650614407787177e-05,0.007099111337514309,-1.3868995144489115e-05,-1.615857499339813,1.7851211778627084e-05,1.6127742491220511,-0.7853282193380897,-6.483203254448477e-06,-0.0023865185882910762,1.0256079749535227e-05,-0.08601225919943746,-6.667143331020041e-06,0.07596634671654705,-1.773023321385639e-07,0.0025647236239723366,-26.668553536664756,0.009751368524961682,19.462919543539915,0.7403001579391766,1.8631831334434807,-0.000881531203578343,0.0025647236239723366,-26.668553536664756,0.009751368524961682,19.462919543539915,0.7403001579391766,1.8631831334434807,-0.000881531203578343
0.7210000000000005,0,0,0,0,0.007369156712238034,0.0,0.0,0.0,0.5578204151904229,-1.1744661656151521e-05,0.44256290138007,0.002276915264699062,2.449790969771923e-06,-0.03284605315083131,0.5544994780317353,3.8164741795656373e-17,0.003320957926416679,0.5877214922094364,0.0,0.0,1.0,0.0,0.0,0.0,0.0,0.0,0.0,0.0,-0.0,0.0,0.0,0.0,0.0,0.0,0.0,0.055,0.3,0.3,0.0,0.0,0.0,1.316685295659384e-06,0,0,0,0,0,inf,inf,0,0,0.0,1.4550791571950537,-1.5705928940793807e-05,0.007072356497967897,-1.3760083319120182e-05,-1.6167208428049464,1.7799594714361352e-05,1.6135353597404127,-0.7853282108714442,-4.748423844129756e-06,-0.002909343755613779,1.1411145583205342e-05,-0.08659731735852752,-3.985621251690035e-06,0.07623078187127327,1.6965803963873046e-06,0.0025053175793659102,-26.667817443027374,0.009665474167735772,19.464263383359917,0.7402195680745154,1.8633807870207335,-0.0008800577012150474,0.0025053175793659102,-26.667817443027374,0.009665474167735772,19.464263383359917,0.7402195680745154,1.8633807870207335,-0.0008800577012150474
0.7310000000000005,0,0,0,0,0.007039473903506399,0.0,0.0,0.0,0.5578424837585392,-1.1707792387235902e-05,0.44223459286031364,0.0021478051316518925,4.686365602471413e-06,-0.03281982821270254,0.5544994780317353,3.8164741795656373e-17,0.0033430262281122307,0.5919314321316385,0.0,0.0,1.0,0.0,0.0,0.0,0.0,0.0,0.0,0.0,-0.0,0.0,0.0,0.0,0.0,0.0,0.0,0.055,0.3,0.3,0.0,0.0,0.0,1.2918720503123941e-06,0,0,0,0,0,inf,inf,0,0,0.0,1.4542099851195467,-1.5743755323660715e-05,0.00704046806144607,-1.3639621489210619e-05,-1.6175900148804534,1.7772779155904802e-05,1.6142991620095484,-0.785328183245023,-2.9895395710542304e-06,-0.0034149180469304186,1.256509487622545e-05,-0.08717825585256712,-1.6681494592492995e-06,0.07650373950461262,3.645154970406082e-06,0.002442966068126981,-26.66691809679103,0.009571484492515816,19.465646608297305,0.7401395897058111,1.8635879464711524,-0.0008784503246334945,0.002442966068126981,-26.66691809679103,0.009571484492515816,19.465646608297305,0.7401395897058111,1.8635879464711524,-0.0008784503246334945
0.7410000000000005,0,0,0,0,0.0067100522504423,0.0,0.0,0.0,0.5578632886488692,-1.1649039413206295e-05,0.44190650925292896,0.002023679304180193,6.8345743547845606e-06,-0.032800359849805574,0.5544994780317353,3.8164741795656373e-17,0.0033638307876679117,0.5960296041125335,0.0,0.0,1.0,0.0,0.0,0.0,0.0,0.0,0.0,0.0,-0.0,0.0,0.0,0.0,0.0,0.0,0.0,0.055,0.3,0.3,0.0,0.0,0.0,1.2662890779771007e-06,0,0,0,0,0,inf,inf,0,0,0.0,1.4533350301388106,-1.576390394764022e-05,0.007003619893585183,-1.3507656962684618e-05,-1.6184649698611895,1.776720296447282e-05,1.6150657382608988,-0.7853281357796833,-1.2158686643618894e-06,-0.0039030058588869383,1.371139164120091e-05,-0.08775426055667275,2.9967934111898345e-07,0.07678468933539433,5.656089620180913e-06,0.0023779961260895,-26.665875437218027,0.00946989903182683,19.467074974370302,0.7400603857863328,1.863803903091013,-0.0008767443985775746,0.0023779961260895,-26.665875437218027,0.00946989903182683,19.467074974370302,0.7400603857863328,1.863803903091013,-0.0008767443985775746
0.7510000000000006,0,0,0,0,0.006380824617380099,0.0,0.0,0.0,0.5578828797941604,-1.156931120609535e-05,0.4415785842162746,0.0019045501935272778,8.889990056691609e-06,-0.032787422825407996,0.5544994780317353,3.8164741795656373e-17,0.0033834215426019956,0.6000186034362145,0.0,0.0,1.0,0.0,0.0,0.0,0.0,0.0,0.0,0.0,-0.0,0.0,0.0,0.0,0.0,0.0,0.0,0.055,0.3,0.3,0.0,0.0,0.0,1.2400450135085814e-06,0,0,0,0,0,inf,inf,0,0,0.0,1.4524543458899983,-1.5766277018181622e-05,0.006961987816707462,-1.3364301032298184e-05,-1.6193456541100018,1.7779453582729777e-05,1.6158351653783278,-0.7853280679197279,5.635273339206776e-07,-0.004373443594819777,1.4843755812697093e-05,-0.08832455567986008,1.933248373134926e-06,0.07707307552557777,7.717044605896072e-06,0.002310730955577625,-26.66470830173571,0.00936121525010511,19.46855358568817,0.7399820998515605,1.8640279403170201,-0.0008749729341472764,0.002310730955577625,-26.66470830173571,0.00936121525010511,19.46855358568817,0.7399820998515605,1.8640279403170201,-0.0008749729341472764
0.7610000000000006,0,0,0,0,0.006051726228946563,0.0,0.0,0.0,0.5579013071390541,-1.1469557528874897e-05,0.4412507537600624,0.001790410064498805,1.0848727814295799e-05,-0.03278077427457909,0.5544994780317353,3.8164741795656373e-17,0.003401848442560493,0.6039009907885758,0.0,0.0,1.0,0.0,0.0,0.0,0.0,0.0,0.0,0.0,-0.0,0.0,0.0,0.0,0.0,0.0,0.0,0.055,0.3,0.3,0.0,0.0,0.0,1.2132428198220513e-06,0,0,0,0,0,inf,inf,0,0,0.0,1.4515679935489993,-1.5750865707515273e-05,0.0069157489119210935,-1.3209726209468328e-05,-1.6202320064510007,1.7806276870736206e-05,1.616607514570024,-0.7853279792324395,2.3398937451124016e-06,-0.004826135627712818,1.5956200106267586e-05,-0.08888840551666682,3.248750159255217e-06,0.07736832163250165,9.8157701861513e-06,0.0022414885413159767,-26.66343442716698,0.009245926488395844,19.470086917899792,0.7399048567840902,1.864259338043615,-0.0008731666110495242,0.0022414885413159767,-26.66343442716698,0.009245926488395844,19.470086917899792,0.7399048567840902,1.864259338043615,-0.0008731666110495242
0.7710000000000006,0,0,0,0,0.005722694833372177,0.0,0.0,0.0,0.5579186204465909,-1.1350764004141672e-05,0.44092295640755846,0.0016812324842681824,1.2707445943545294e-05,-0.03278015624736401,0.5544994780317353,3.8164741795656373e-17,0.0034191612557626337,0.6076792883366393,0.0,0.0,1.0,0.0,0.0,0.0,0.0,0.0,0.0,0.0,-0.0,0.0,0.0,0.0,0.0,0.0,0.0,0.055,0.3,0.3,0.0,0.0,0.0,1.1859798050968485e-06,0,0,0,0,0,inf,inf,0,0,0.0,1.4506760414215953,-1.571774683590279e-05,0.006865080861790457,-1.3044163117441508e-05,-1.6211239585784047,1.7844584322006285e-05,1.6173828511883805,-0.7853278694066785,4.1048274045638766e-06,-0.005261050230321112,1.7043061819434828e-05,-0.08944511584878397,4.263028372371747e-06,0.07766983528048504,1.1940196786156134e-05,0.0021705803655992437,-26.66207045594151,0.009124520049534785,19.471678842879424,0.7398287636097776,1.8644973766219155,-0.0008713537750575512,0.0021705803655992437,-26.66207045594151,0.009124520049534785,19.471678842879424,0.7398287636097776,1.8644973766219155,-0.0008713537750575512
0.7810000000000006,0,0,0,0,0.005393670840919573,0.0,0.0,0.0,0.5579348691191198,-1.1213946693085428e-05,0.4405951333330173,0.0015769737535054073,1.4463343455742762e-05,-0.032785298129621505,0.5544994780317353,3.8164741795656373e-17,0.0034354093898517632,0.6113559762556312,0.0,0.0,1.0,0.0,0.0,0.0,0.0,0.0,0.0,0.0,-0.0,0.0,0.0,0.0,0.0,0.0,0.0,0.055,0.3,0.3,0.0,0.0,0.0,1.1583476677275069e-06,0,0,0,0,0,inf,inf,0,0,0.0,1.4497785645224264,-1.5667079136478347e-05,0.006810161333780529,-1.2867897093584345e-05,-1.6220214354775737,1.7891458745948582e-05,1.6181612345950407,-0.7853277382506225,5.850315852875543e-06,-0.005678215494808404,1.8099029724448205e-05,-0.08999403501797398,4.993428421223548e-06,0.07797701255100148,1.4078517280848882e-05,0.0020983102250744846,-26.660631946887175,0.008997475425863256,19.473332654441716,0.7397539103192466,1.8647413405474675,-0.0008695604494056361,0.0020983102250744846,-26.660631946887175,0.008997475425863256,19.473332654441716,0.7397539103192466,1.8647413405474675,-0.0008695604494056361
0.7910000000000006,0,0,0,0,0.005064597438680318,0.0,0.0,0.0,0.5579501020333953,-1.1060146718448737e-05,0.4402672284755951,0.0014775743142242984,1.611415428686345e-05,-0.03279591893945516,0.5544994780317353,3.8164741795656373e-17,0.003450641726936892,0.6149334896818095,0.0,0.0,1.0,0.0,0.0,0.0,0.0,0.0,0.0,0.0,-0.0,0.0,0.0,0.0,0.0,0.0,0.0,0.055,0.3,0.3,0.0,0.0,0.0,1.1304325666423762e-06,0,0,0,0,0,inf,inf,0,0,0.0,1.4488756441449353,-1.5599099157742266e-05,0.006751167404465266,-1.268126454892666e-05,-1.6229243558550648,1.794415850495761e-05,1.6189427180683045,-0.7853275856887258,7.56877116949541e-06,-0.006077715262571495,1.9119166229253667e-05,-0.09053455469140968,5.457656928415766e-06,0.07828924209201571,1.621926137212918e-05,0.0020249731505623926,-26.659133390206907,0.00886526267056279,19.475051094885682,0.7396803707089382,1.8649905218423923,-0.0008678103589256085,0.0020249731505623926,-26.659133390206907,0.00886526267056279,19.475051094885682,0.7396803707089382,1.8649905218423923,-0.0008678103589256085
0.8010000000000006,0,0,0,0,0.00473542068299182,0.0,0.0,0.0,0.5579643673895971,-1.0890424960369893e-05,0.4399391886309889,0.0013829601292991798,1.7658138487263164e-05,-0.032811729497888686,0.5544994780317353,3.8164741795656373e-17,0.003464906472558809,0.6184142160711645,0.0,0.0,1.0,0.0,0.0,0.0,0.0,0.0,0.0,0.0,-0.0,0.0,0.0,0.0,0.0,0.0,0.0,0.055,0.3,0.3,0.0,0.0,0.0,1.1023152140676122e-06,0,0,0,0,0,inf,inf,0,0,0.0,1.4479673674252524,-1.551411685656346e-05,0.006688275024292096,-1.2484649131184395e-05,-1.6238326325747476,1.8000120395797963e-05,1.6197273487500883,-0.7853274117579788,9.253058584436399e-06,-0.006459685083277356,2.009892500857817e-05,-0.0910661103403308,5.6736502211049035e-06,0.07860590894839906,1.835136209329532e-05,0.0019508544312328813,-26.657588226258596,0.00872834091332115,19.47683638218148,0.7396082032368785,1.8652442231404756,-0.000866124965686454,0.0019508544312328813,-26.657588226258596,0.00872834091332115,19.47683638218148,0.7396082032368785,1.8652442231404756,-0.000866124965686454
0.8110000000000006,0,0,0,0,0.004406089570742122,0.0,0.0,0.0,0.5579777125739758,-1.0705856857092016e-05,0.43961096352206364,0.0012930440291178695,1.909407059066949e-05,-0.03283243447312204,0.5544994780317353,3.8164741795656373e-17,0.0034782510182857734,0.6218004929410598,0.0,0.0,1.0,0.0,0.0,0.0,0.0,0.0,0.0,0.0,-0.0,0.0,0.0,0.0,0.0,0.0,0.0,0.055,0.3,0.3,0.0,0.0,0.0,1.0740709887385928e-06,0,0,0,0,0,inf,inf,0,0,0.0,1.4470538269027748,-1.541251093303334e-05,0.006621658522513283,-1.2278477735369368e-05,-1.6247461730972252,1.8056961265628062e-05,1.6205151676296705,-0.7853272166035457,1.0896520031206076e-05,-0.006824308220530961,2.103416432405048e-05,-0.09158818145261215,5.659451867003189e-06,0.07892639811648673,2.0464214557326244e-05,0.0018762287431441154,-26.656008867763965,0.008587157019783718,19.478690237622736,0.7395374518875223,1.865501760483409,-0.0008645235153545461,0.0018762287431441154,-26.656008867763965,0.008587157019783718,19.478690237622736,0.7395374518875223,1.865501760483409,-0.0008645235153545461
0.8210000000000006,0,0,0,0,0.004076556090834682,0.0,0.0,0.0,0.5579901840347632,-1.0507527337019906e-05,0.4392825058497337,0.001207727021346038,2.0421225394310322e-05,-0.03285773429833512,0.5544994780317353,3.8164741795656373e-17,0.0034907218175766895,0.6250946059748711,0.0,0.0,1.0,0.0,0.0,0.0,0.0,0.0,0.0,0.0,-0.0,0.0,0.0,0.0,0.0,0.0,0.0,0.055,0.3,0.3,0.0,0.0,0.0,1.0457700665705693e-06,0,0,0,0,0,inf,inf,0,0,0.0,1.44613512007999,-1.529472395674042e-05,0.006551490151729432,-1.2063216403812794e-05,-1.6256648799200102,1.8112478453114454e-05,1.6213062095614847,-0.7853270004738553,1.2492992830000092e-05,-0.007171811720020597,2.192115626915842e-05,-0.09210029149945001,5.433099247118768e-06,0.07925009782691064,2.2547727101608312e-05,0.001801359381318106,-26.654406725082918,0.008442144392976381,19.48061391377749,0.7394681470414757,1.8657624658372796,-0.0008630230928801673,0.001801359381318106,-26.654406725082918,0.008442144392976381,19.48061391377749,0.7394681470414757,1.8657624658372796,-0.0008630230928801673
0.8310000000000006,0,0,0,0,0.0037467752570771173,0.0,0.0,0.0,0.5580018271709608,-1.0296525904769038e-05,0.4389537713253594,0.0011268995602679494,2.1639361390148754e-05,-0.0328873269635951,0.5544994780317353,3.8164741795656373e-17,0.003502364274526503,0.6282987874683733,0.0,0.0,1.0,0.0,0.0,0.0,0.0,0.0,0.0,0.0,-0.0,0.0,0.0,0.0,0.0,0.0,0.0,0.055,0.3,0.3,0.0,0.0,0.0,1.0174775673675285e-06,0,0,0,0,0,inf,inf,0,0,0.0,1.445211348983889,-1.5161257332015518e-05,0.00647793967134031,-1.1839366154991565e-05,-1.6265886510161112,1.8164649144734484e-05,1.6221005033142677,-0.7853267637152237,1.403682371238531e-05,-0.00750246255446626,2.275659218775503e-05,-0.09260200767593478,5.01251910601085e-06,0.07957640256082595,2.4592365022681783e-05,0.0017264975940896976,-26.65279223420708,0.008293721914642633,19.482608222584584,0.7394003063455856,1.8660256893387754,-0.000861638686406819,0.0017264975940896976,-26.65279223420708,0.008293721914642633,19.482608222584584,0.7394003063455856,1.8660256893387754,-0.000861638686406819
0.8410000000000006,0,0,0,0,0.003416705123755026,0.0,0.0,0.0,0.5580126862335897,-1.0073941905004455e-05,0.4386247186859116,0.0010504427726365526,2.2748702083817322e-05,-0.0329209096829641,0.5544994780317353,3.8164741795656373e-17,0.003513222645077112,0.631415215096517,0.0,0.0,1.0,0.0,0.0,0.0,0.0,0.0,0.0,0.0,-0.0,0.0,0.0,0.0,0.0,0.0,0.0,0.055,0.3,0.3,0.0,0.0,0.0,9.892537145630415e-07,0,0,0,0,0,inf,inf,0,0,0.0,1.4442826197311298,-1.501266614749171e-05,0.006401173969063138,-1.1607458778023435e-05,-1.6275173802688703,1.8211628735400863e-05,1.622898071648935,-0.7853265067660762,1.552287841594754e-05,-0.007816563858218889,2.3537584522038046e-05,-0.09309294043476818,4.415431960710156e-06,0.07990471580551282,2.658918715609624e-05,0.0016518820178868844,-26.651174887133106,0.008142293023582164,19.48467356344987,0.7393339355789694,1.8662908012816,-0.000860383258705696,0.0016518820178868844,-26.651174887133106,0.008142293023582164,19.48467356344987,0.7393339355789694,1.8662908012816,-0.000860383258705696
0.8510000000000006,0,0,0,0,0.0030863067851339965,0.0,0.0,0.0,0.5580228042389411,-9.840859985235328e-06,0.4382953096931454,0.0009782296374044955,2.374991544390285e-05,-0.0329581804384058,0.5544994780317353,3.8164741795656373e-17,0.003523339950233139,0.634446010981041,0.0,0.0,1.0,0.0,0.0,0.0,0.0,0.0,0.0,0.0,-0.0,0.0,0.0,0.0,0.0,0.0,0.0,0.055,0.3,0.3,0.0,0.0,0.0,9.611540067443493e-07,0,0,0,0,0,inf,inf,0,0,0.0,1.4433490420989137,-1.484955395294523e-05,0.00632135671955778,-1.1368052627089918e-05,-1.6284509579010864,1.82517482812153e-05,1.6236989314226065,-0.7853262301508442,1.6946547093434944e-05,-0.008114451262938164,2.4261665353498795e-05,-0.09357274283184142,3.659265216553317e-06,0.08023445255608944,2.8529875573721393e-05,0.0015777382098579721,-26.649563264294226,0.007988244927316687,19.486809951208734,0.7392690295116571,1.8665571938535879,-0.0008592678247826138,0.0015777382098579721,-26.649563264294226,0.007988244927316687,19.486809951208734,0.7392690295116571,1.8665571938535879,-0.0008592678247826138
0.8610000000000007,1,0,0,0,0.0027698964940566784,0.0,0.0,0.0006939244549986068,0.5580495562214685,-1.0293061776484256e-05,0.43797859115835525,0.005431334960256185,-0.00015775131312800223,-0.02934890245017073,0.5580257014049094,-9.769049428614944e-06,2.386057128420139e-05,0.6336863829085421,0.0,0.0,1.0,0.0,0.0,0.0,0.0,0.0,0.0,0.0,-0.0,0.0,0.0,0.0,0.0,0.0,0.0,0.055,0.3,0.3,0.0,0.0,0.0,2.5180682571290247e-05,0,0,0,0,0,inf,inf,0,0,0.0,1.442434733692032,-1.4541851234713773e-05,0.006242339198509379,-1.0981075678788045e-05,-1.629365266307968,1.5054918606472336e-05,1.62454747632692,-0.7853262921587919,5.719694404664734e-05,-0.007265537101362718,6.679904678819782e-05,-0.08695101917995372,-0.0008653087917752158,0.09142244198542437,-4.1564225454337474e-05,0.00391429995300232,-27.56655604592358,0.010279080719465566,20.508908503205056,0.749387330347775,2.133339857470046,0.0009350773702984942,0.00391429995300232,-27.56655604592358,0.010279080719465566,20.508908503205056,0.749387330347775,2.133339857470046,0.0009350773702984942
0.8710000000000007,1,0,0,0,0.0025052583353513125,0.0,0.0,0.004933178929321103,0.5581215481612269,-1.2393033807301693e-05,0.4377102324178882,0.008055232382276406,-0.00022331796288485795,-0.025025930316297997,0.5580257014049094,-9.769049428614944e-06,9.588266783220069e-05,0.6229813672049497,0.0,0.0,1.0,0.0,0.0,0.0,0.0,0.0,0.0,0.0,-0.0,0.0,0.0,0.0,0.0,0.0,0.0,0.055,0.3,0.3,0.0,0.0,0.0,1.574909420718248e-05,0,0,0,0,0,inf,inf,0,0,0.0,1.4416228357140715,-1.3655557625260774e-05,0.006176343472061972,-9.968860452662306e-06,-1.6301771642859286,3.001285232475032e-06,1.6254802180960235,-0.7853260550206391,0.00011163920548848848,-0.006180194984003578,0.00012674489245453752,-0.07680413068504065,-0.0013600724705268939,0.09289616747645389,9.431791663065236e-05,0.008110002477524476,-27.41827336826843,0.01442795935428406,20.26212218567998,0.7583661483739489,1.9220649760087132,0.0011732644352771976,0.008110002477524476,-27.41827336826843,0.01442795935428406,20.26212218567998,0.7583661483739489,1.9220649760087132,0.0011732644352771976
0.8810000000000007,1,0,0,0,0.0022775219310157135,0.0,0.0,0.013019645595683804,0.55820446215766,-1.4421733335078055e-05,0.4374782269963875,0.008296843783805906,-0.00017912283967638011,-0.02181490730557402,0.5580257014049094,-9.769049428614944e-06,0.00017882129121413068,0.6093465360891109,0.0,0.0,1.0,0.0,0.0,0.0,0.0,0.0,0.0,0.0,-0.0,0.0,0.0,0.0,0.0,0.0,0.0,0.055,0.3,0.3,0.0,0.0,0.0,1.4520112242877288e-05,0,0,0,0,0,inf,inf,0,0,0.0,1.4409018669677955,-1.231061179620024e-05,0.006117356268114374,-8.445073599170752e-06,-1.6308981330322045,-1.0857149301201677e-05,1.6263801918507252,-0.785324241969932,0.00015131916958969192,-0.00574349963032143,0.00017123370354838144,-0.06847396043032523,-0.0013717322107456183,0.0871365316952093,0.00024610878154918467,0.008355489005580063,-27.34613529498882,0.014610917983574043,20.14691129217183,0.7593907933455193,1.8528853003416965,0.0004884302444453316,0.008355489005580063,-27.34613529498882,0.014610917983574043,20.14691129217183,0.7593907933455193,1.8528853003416965,0.0004884302444453316
0.8910000000000007,1,0,0,0,0.0020786764263935886,0.0,0.0,0.024940855708606158,0.558284954461493,-1.5857616495520457e-05,0.43727508650686225,0.00778726452821816,-0.00011418063336776026,-0.019147978428496106,0.5580257014049094,-9.769049428614944e-06,0.0002593245418329323,0.5954315423118643,0.0,0.0,1.0,0.0,0.0,0.0,0.0,0.0,0.0,0.0,-0.0,0.0,0.0,0.0,0.0,0.0,0.0,0.055,0.3,0.3,0.0,0.0,0.0,1.3206170159829434e-05,0,0,0,0,0,inf,inf,0,0,0.0,1.4402564819797474,-1.0633909562706353e-05,0.0060603100624260775,-6.551950641161867e-06,-1.6315435180202527,-2.395603033544259e-05,1.6272114291649444,-0.7853211731818621,0.0001794275391801355,-0.005725253080788367,0.00020214756254584355,-0.061501187415095804,-0.0012504581875258513,0.0797853114287239,0.00034937589218321497,0.007165818319290041,-27.296921960046596,0.01335695569059921,20.07570725458892,0.7581453793893375,1.8289797947718311,-3.912527701534034e-05,0.007165818319290041,-27.296921960046596,0.01335695569059921,20.07570725458892,0.7581453793893375,1.8289797947718311,-3.912527701534034e-05
0.9010000000000007,1,0,0,0,0.0019043493793990396,0.0,0.0,0.04067842762616042,0.55835886026192,-1.6662005490781858e-05,0.4370965958442212,0.007048291166360469,-5.4305609100770455e-05,-0.016831748295606817,0.5580257014049094,-9.769049428614944e-06,0.0003332301559702255,0.5820063151324811,0.0,0.0,1.0,0.0,0.0,0.0,0.0,0.0,0.0,0.0,-0.0,0.0,0.0,0.0,0.0,0.0,0.0,0.055,0.3,0.3,0.0,0.0,0.0,1.1664647541230186e-05,0,0,0,0,0,inf,inf,0,0,0.0,1.4396745045848103,-8.733233492219003e-06,0.00600170545149781,-4.418945462889011e-06,-1.6321254954151898,-3.564022127576815e-05,1.6279691640781888,-0.7853173110900481,0.0001973319859771764,-0.006010369102152097,0.00022067469286183767,-0.05565031449893519,-0.001100172546014104,0.07256442282654565,0.0004111214501960035,0.005584208293143697,-27.25371443966542,0.01171105970872624,20.020480373870004,0.7563402434097237,1.8197324421097805,-0.0003692085240479704,0.005584208293143697,-27.25371443966542,0.01171105970872624,20.020480373870004,0.7563402434097237,1.8197324421097805,-0.0003692085240479704
0.9110000000000007,1,0,0,0,0.0017514303916662533,0.0,0.0,0.06020809515313169,0.5584249753063711,-1.6928200369183662e-05,0.4369397028340577,0.006250472163136067,-5.746643230414106e-06,-0.01479313469459204,0.5580257014049094,-9.769049428614944e-06,0.0003993380796151233,0.5692539584847455,0.0,0.0,1.0,0.0,0.0,0.0,0.0,0.0,0.0,0.0,-0.0,0.0,0.0,0.0,0.0,0.0,0.0,0.055,0.3,0.3,0.0,0.0,0.0,1.0147162918599596e-05,0,0,0,0,0,inf,inf,0,0,0.0,1.4391456038304808,-6.704004078700294e-06,0.005938937056583997,-2.161695117682174e-06,-1.6326543961695192,-4.5814029483468935e-05,1.6286579216523895,-0.7853130016040946,0.00020624104861495556,-0.006524631536287498,0.00022835874564461624,-0.05076731208296296,-0.0009506076229681417,0.06596406635916724,0.00044349003512518596,0.004012685055287339,-27.211102484344288,0.010073551850245048,19.972051901940848,0.754481220780007,1.8154333640917244,-0.000582783382834601,0.004012685055287339,-27.211102484344288,0.010073551850245048,19.972051901940848,0.754481220780007,1.8154333640917244,-0.000582783382834601
0.9210000000000007,1,0,0,0,0.0016173413845348428,0.0,0.0,0.08349974495773183,0.5584830827710116,-1.6773408186652566e-05,0.4368018322750262,0.005452507684412731,3.120491675746769e-05,-0.012998893274048297,0.5580257014049094,-9.769049428614944e-06,0.0004574349954901904,0.5571791285850336,0.0,0.0,1.0,0.0,0.0,0.0,0.0,0.0,0.0,0.0,-0.0,0.0,0.0,0.0,0.0,0.0,0.0,0.055,0.3,0.3,0.0,0.0,0.0,8.749905464624822e-06,0,0,0,0,0,inf,inf,0,0,0.0,1.4386607734713592,-4.629320920090328e-06,0.005870037199458226,1.2083253241857653e-07,-1.6331392265286409,-5.453500940371002e-05,1.629284655268155,-0.7853084899668019,0.0002074051591557194,-0.007210925136050149,0.0002269298656032475,-0.04673365005216897,-0.000809251830601084,0.060090831896751025,0.0004547211426625699,0.0025923258100758566,-27.167352332483123,0.00858315786376498,19.92724229865928,0.7527076684778258,1.8129792128424587,-0.0007346825344216139,0.0025923258100758566,-27.167352332483123,0.00858315786376498,19.92724229865928,0.7527076684778258,1.8129792128424587,-0.0007346825344216139
0.9310000000000007,1,0,0,0,0.0014997631888924445,0.0,0.0,0.1105174630041747,0.5585333213060804,-1.6306654511410906e-05,0.4366806523248463,0.004676928537102556,5.794215977388959e-05,-0.011429944460322269,0.5580257014049094,-9.769049428614944e-06,0.0005076619981297202,0.5457370667716432,0.0,0.0,1.0,0.0,0.0,0.0,0.0,0.0,0.0,0.0,-0.0,0.0,0.0,0.0,0.0,0.0,0.0,0.055,0.3,0.3,0.0,0.0,0.0,7.492956467017156e-06,0,0,0,0,0,inf,inf,0,0,0.0,1.4382120755339705,-2.5797490478521962e-06,0.005793554903239832,2.3469819673279683e-06,-1.6335879244660296,-6.189333084685269e-05,1.629856629949377,-0.7853039572380713,0.00020207086183779413,-0.008021386784352942,0.00021809667633907354,-0.04345075979733963,-0.0006771087030278916,0.054934990342209125,0.00044998871190923904,0.0013619960429518039,-27.121926556718925,0.007276630159806596,19.884807491793037,0.7510479271143412,1.8113582436164335,-0.0008515350564023373,0.0013619960429518039,-27.121926556718925,0.007276630159806596,19.884807491793037,0.7510479271143412,1.8113582436164335,-0.0008515350564023373
0.9410000000000007,1,0,0,0,0.001396534583343767,0.0,0.0,0.14121958992951628,0.5585759774906377,-1.56205830536667e-05,0.43657398618956533,0.003934086062671093,7.619984038174372e-05,-0.01007303330947155,0.5580257014049094,-9.769049428614944e-06,0.000550307196909378,0.5348743287846826,0.0,0.0,1.0,0.0,0.0,0.0,0.0,0.0,0.0,0.0,-0.0,0.0,0.0,0.0,0.0,0.0,0.0,0.055,0.3,0.3,0.0,0.0,0.0,6.370817431928002e-06,0,0,0,0,0,inf,inf,0,0,0.0,1.4377924771114277,-6.136682037434862e-07,0.00570848097980462,4.4515189437092294e-06,-1.6340075228885724,-6.79778195165703e-05,1.630380799654716,-0.7852995427323558,0.00019142742809145834,-0.008914599933409689,0.00020343663261739072,-0.04083417940971757,-0.0005534743596840296,0.05045445559715913,0.0004328161399726072,0.0003214739259376972,-27.07469489455,0.0061521123758133825,19.844150705448065,0.7494977293200517,1.8102241382468094,-0.0009449467617785061,0.0003214739259376972,-27.07469489455,0.0061521123758133825,19.844150705448065,0.7494977293200517,1.8102241382468094,-0.0009449467617785061
0.9510000000000007,1,0,0,0,0.0013056080147575422,0.0,0.0,0.17555878527937163,0.5586114132063941,-1.4790716698308633e-05,0.4364797718654259,0.0032298150819087767,8.764050077025338e-05,-0.00891789173505465,0.5580257014049094,-9.769049428614944e-06,0.0005857333280091042,0.5245415377504175,0.0,0.0,1.0,0.0,0.0,0.0,0.0,0.0,0.0,0.0,-0.0,0.0,0.0,0.0,0.0,0.0,0.0,0.055,0.3,0.3,0.0,0.0,0.0,5.371811410827801e-06,0,0,0,0,0,inf,inf,0,0,0.0,1.4373957255975505,1.2219642545540498e-06,0.005614190817396879,6.3840457860475745e-06,-1.6344042744024496,-7.286811990817651e-05,1.6308636521414193,-0.7852953556223029,0.00017657532854464887,-0.009854404400819743,0.00018435346010391268,-0.03881084460438201,-0.0004373598745576387,0.046600896197350486,0.00040588140087477855,-0.0005440310262290306,-27.02567996850556,0.005193685762182646,19.80491137331247,0.7480443497762458,1.8094450438907608,-0.0010199609031898125,-0.0005440310262290306,-27.02567996850556,0.005193685762182646,19.80491137331247,0.7480443497762458,1.8094450438907608,-0.0010199609031898125
0.9610000000000007,1,0,0,0,0.0012250251565980586,0.0,0.0,0.21348210050346622,0.5586400364476948,-1.387695120654284e-05,0.43639603895348356,0.0025679333790787555,9.37376150757256e-05,-0.007956163641025483,0.5580257014049094,-9.769049428614944e-06,0.0006143487768777324,0.5146972250634969,0.0,0.0,1.0,0.0,0.0,0.0,0.0,0.0,0.0,0.0,-0.0,0.0,0.0,0.0,0.0,0.0,0.0,0.055,0.3,0.3,0.0,0.0,0.0,4.48529471297229e-06,0,0,0,0,0,inf,inf,0,0,0.0,1.437016244190962,2.8906311233800457e-06,0.005510395672407272,8.107195196117833e-06,-1.6347837558090381,-7.66344434626941e-05,1.6313111976446417,-0.7852914811187336,0.00015851095012591889,-0.010809239367095602,0.0001620678636314433,-0.037317457667619715,-0.000327885047549263,0.04332761188272243,0.00037138455738867715,-0.001254358166617889,-26.97497261195887,0.004380849845783603,19.76683152662832,0.7466739858099336,1.8089606069334736,-0.0010790534762684847,-0.001254358166617889,-26.97497261195887,0.004380849845783603,19.76683152662832,0.7466739858099336,1.8089606069334736,-0.0010790534762684847
0.9710000000000008,1,0,0,0,0.0011529004256008446,0.0,0.0,0.25493106059846116,0.5586622866006303,-1.2925605072024e-05,0.4363208925286445,0.0019511028683397715,9.575416701278711e-05,-0.007180908920429055,0.5580257014049094,-9.769049428614944e-06,0.0006365930216823192,0.5053087941094717,0.0,0.0,1.0,0.0,0.0,0.0,0.0,0.0,0.0,0.0,-0.0,0.0,0.0,0.0,0.0,0.0,0.0,0.055,0.3,0.3,0.0,0.0,0.0,3.705153797018932e-06,0,0,0,0,0,inf,inf,0,0,0.0,1.436649041123187,4.365176604525664e-06,0.005397099337185981,9.594822478068531e-06,-1.6351509588768132,-7.933922959554247e-05,1.6317289994489041,-0.7852879842888749,0.00013812074657049917,-0.011751676507966775,0.00013762299079708463,-0.0362992743549711,-0.0002243591565617766,0.04059168208434027,0.00033120231132027984,-0.0018305898489289802,-26.922701318114544,0.003692271252526302,19.72971022484902,0.7453739160931774,1.8087363309702538,-0.0011237903109084363,-0.0018305898489289802,-26.922701318114544,0.003692271252526302,19.72971022484902,0.7453739160931774,1.8087363309702538,-0.0011237903109084363
0.9810000000000008,1,0,0,0,0.0010874084921637661,0.0,0.0,0.2998417542721704,0.5586786249690878,-1.1971487892213332e-05,0.43625250069249555,0.001381166161134932,9.475163991228885e-05,-0.006586309821904816,0.5580257014049094,-9.769049428614944e-06,0.0006529272787950288,0.4963525256503797,0.0,0.0,1.0,0.0,0.0,0.0,0.0,0.0,0.0,0.0,-0.0,0.0,0.0,0.0,0.0,0.0,0.0,0.055,0.3,0.3,0.0,0.0,0.0,3.033045418197921e-06,0,0,0,0,0,inf,inf,0,0,0.0,1.436289629809509,5.626701137359108e-06,0.005274558987532467,1.0830291069121518e-05,-1.6355103701904912,-8.10390172665503e-05,1.6321222144573413,-0.785284912886751,0.0001161807922090721,-0.012658033275410386,0.0001118961112088079,-0.03570909286434601,-0.00012627028317341733,0.03835433382488952,0.0002869533848900856,-0.002293424369541743,-26.869019260577815,0.0031073520730809617,19.69338615140391,0.7441330276067425,1.8087487265204099,-0.001155457220765135,-0.002293424369541743,-26.869019260577815,0.0031073520730809617,19.69338615140391,0.7441330276067425,1.8087487265204099,-0.001155457220765135
0.9910000000000008,1,0,0,0,0.0010267743441261246,0.0,0.0,0.34814493249014145,0.5586895275665225,-1.103981897976337e-05,0.4361890845622518,0.0008593108334754933,9.160818827421854e-05,-0.006167458587020628,0.5580257014049094,-9.769049428614944e-06,0.0006638273779358763,0.4878132420063411,0.0,0.0,1.0,0.0,0.0,0.0,0.0,0.0,0.0,0.0,-0.0,0.0,0.0,0.0,0.0,0.0,0.0,0.055,0.3,0.3,0.0,0.0,0.0,2.4829718290842493e-06,0,0,0,0,0,inf,inf,0,0,0.0,1.4359339583755935,6.66347109277093e-06,0.005143249639939705,1.180489049929839e-05,-1.6358660416244066,-8.178605581706842e-05,1.6324956339586174,-0.7852822997440033,9.335962410620262e-05,-0.013508029985694165,8.561278401939133e-05,-0.03550636980928636,-3.325192112572628e-05,0.03658077360140463,0.0002400300345110295,-0.0026624077688625256,-26.814097281693186,0.002606942932944817,19.65772942407965,0.7429418373353318,1.8089802343900168,-0.0011752773989402755,-0.0026624077688625256,-26.814097281693186,0.002606942932944817,19.65772942407965,0.7429418373353318,1.8089802343900168,-0.0011752773989402755
1.0010000000000006,1,0,1,2,0.0009706343824037169,0.3892473517090916,0.026361218440849116,0.3997661152526455,0.558695984919215,-1.0172906007908862e-05,0.4361302299342495,0.0005470084086438518,7.720982970217173e-05,-0.005479062197575754,0.5580257014049094,-9.769049428614944e-06,0.000670283635970673,0.4795245593265961,0.0,0.0,1.0,-0.0020712766946059686,-0.002094276664744945,0.0,0.0,-7.176764616922741e-05,-0.0020712766946059686,0.0,-0.0,0.0,-1.0594627369564546e-05,-1.184529512168048e-05,0.0,0.0,-4.237374802131967e-07,0.055,0.2999995762625198,0.2999894053726304,0.0,0.0,0.0,1.0927205787871868e-05,0,0,0,0,0,inf,inf,0,0,0.0,1.4355807864281431,7.48051369328033e-06,0.005003550985190274,1.2532768685583526e-05,-1.636219213571857,-8.178299608660888e-05,1.6328537835688781,-0.7852802123526114,7.533815986358976e-05,-0.014380004490353841,6.686934071941809e-05,-0.034837195243842524,-9.719559340599023e-06,0.0352272411703881,0.00018295765150185168,-0.0028588593718845484,-26.752087531361035,0.002269390742192303,19.612739821881135,0.7424616745459588,1.8000955427816563,-0.0009713331538850042,-0.0028588593718845484,-26.752087531361035,0.002269390742192303,19.612739821881135,0.7424616745459588,1.8000955427816563,-0.0009713331538850042
1.0109999999999995,1,0,1,2,0.0009240216736690334,0.4127973026982315,0.07632465357000288,0.45462570643744205,0.5587004626006233,-9.529515286632202e-06,0.43608076754051506,0.0003611091611102124,5.5241319939593314e-05,-0.004539711605660454,0.5580257014049094,-9.769049428614944e-06,0.000674761238230198,0.47080534074292607,0.0,0.0,1.0,-0.0017505308077208795,-0.0017727962369723088,0.0,0.0,5.20403032486151e-07,-0.0017505308077208795,0.0,-0.0,0.0,-2.9448563476439956e-05,-3.092563905781994e-05,0.0,0.0,-7.214531357939217e-07,0.055,0.29999927854686415,0.2999705514365235,0.0,0.0,0.0,8.945972224632154e-06,0,0,0,0,0,inf,inf,0,0,0.0,1.4352391859819205,8.174197302587235e-06,0.004854864296166756,1.3150780241635738e-05,-1.6365608140180796,-8.213694546781308e-05,1.6331988923030398,-0.7852785437191522,6.388757773765487e-05,-0.015252353967658276,5.6695359253824136e-05,-0.033650621372606264,-4.758794852366905e-05,0.033933942182404093,0.00015601628761212634,-0.0024755973057891444,-26.680100119866964,0.002501349081585809,19.554712811425848,0.7431455752007575,1.7808059115244022,-0.0008370247738351529,-0.0024755973057891444,-26.680100119866964,0.002501349081585809,19.554712811425848,0.7431455752007575,1.7808059115244022,-0.0008370247738351529
1.0209999999999984,1,0,1,2,0.000885906196192914,0.44731203794512225,0.12343566993169611,0.5126391165312255,0.5587029350738566,-9.061418315140368e-06,0.4360396913059953,0.00015211342252134297,4.0768013574039936e-05,-0.0037782293846619183,0.5580257014049094,-9.769049428614944e-06,0.0006772340386435988,0.46174268362925514,0.0,0.0,1.0,-0.0015260502883718738,-0.0015471502190960295,0.0,0.0,4.902738150125182e-05,-0.0015260502883718738,0.0,-0.0,0.0,-4.565397774546668e-05,-4.734757152124853e-05,0.0,0.0,-4.327698063241486e-07,0.055,0.2999995672301936,0.29995434602225446,0.0,0.0,0.0,7.672359344118845e-06,0,0,0,0,0,inf,inf,0,0,0.0,1.4349079218865997,8.736703693755719e-06,0.00469802567359061,1.3640159437421143e-05,-1.6368920781134004,-8.260630748783409e-05,1.633531508802773,-0.7852771015289196,4.976902010245291e-05,-0.01602224286436413,4.220665825044422e-05,-0.032733973516768246,-4.179916204000519e-05,0.03272790175407061,0.00013434649392326335,-0.0021106579978395256,-26.6093827403758,0.0027073172046731624,19.499832538402455,0.7432543399162209,1.764754105784676,-0.0008725762697575384,-0.0021106579978395256,-26.6093827403758,0.0027073172046731624,19.499832538402455,0.7432543399162209,1.764754105784676,-0.0008725762697575384
1.0309999999999973,1,0,1,2,0.0008546528840230596,0.4919687494776138,0.16949595563251196,0.5737168930605274,0.5587032814523314,-8.711458598972731e-06,0.43600540366305995,-6.122239539496223e-05,3.0789254545765785e-05,-0.003162638228230458,0.5580257014049094,-9.769049428614944e-06,0.0006775808727840479,0.4524688422235945,0.0,0.0,1.0,-0.0013671558631188562,-0.0013868298221821492,0.0,0.0,8.088605874378516e-05,-0.0013671558631188562,0.0,-0.0,0.0,-5.99965718397167e-05,-6.189348341051124e-05,0.0,0.0,2.436047416504306e-07,0.055,0.3000002436047416,0.29994000342816024,0.0,0.0,0.0,6.853264416246901e-06,0,0,0,0,0,inf,inf,0,0,0.0,1.434584583513487,9.152373048432988e-06,0.0045340115195155,1.3974996879169155e-05,-1.6372154164865131,-8.288307124724278e-05,1.6338527085208907,-0.7852758904085995,3.482815940347627e-05,-0.016698061412100302,2.6273834213851207e-05,-0.032035584030360546,-1.3927700892462147e-05,0.03164180560821505,0.00010976621628121903,-0.0018273879560942172,-26.539196531899723,0.0028243076724548608,19.446909652681175,0.7430568752960249,1.7508026960005674,-0.0009214445946644607,-0.0018273879560942172,-26.539196531899723,0.0028243076724548608,19.446909652681175,0.7430568752960249,1.7508026960005674,-0.0009214445946644607
1.0409999999999962,1,0,1,2,0.0008289249058760764,0.5458804977927829,0.21595107792916604,0.6377648585209456,0.5587015275349866,-8.445222996795437e-06,0.43597659424749663,-0.00026719615152388945,2.3529620447936742e-05,-0.0026667096051927147,0.5580257014049094,-9.769049428614944e-06,0.0006758274266494142,0.44307308139936896,0.0,0.0,1.0,-0.0012523946735074662,-0.0012704973728297482,0.0,0.0,0.00010253603769250566,-0.0012523946735074662,0.0,-0.0,0.0,-7.300730297385735e-05,-7.509239400819447e-05,0.0,0.0,1.177677164703436e-06,0.055,0.30000117767716467,0.2999269926970261,0.0,0.0,0.0,6.328561200844049e-06,0,0,0,0,0,inf,inf,0,0,0.0,1.4342672454721532,9.419324399680762e-06,0.00436372571152782,1.415031935869056e-05,-1.6375327545278469,-8.282057402912741e-05,1.6341637609841637,-0.7852749415234753,2.0134804989776156e-05,-0.017286297002890444,1.0482031960945698e-05,-0.031509614803421314,2.3545786416512296e-05,0.03068576368596154,8.242988041289492e-05,-0.0016149015768433422,-26.469059247590355,0.0028638697063102726,19.395114097654115,0.7427075281049498,1.7381855305628304,-0.0009480826273854651,-0.0016149015768433422,-26.469059247590355,0.0028638697063102726,19.395114097654115,0.7427075281049498,1.7381855305628304,-0.0009480826273854651
1.050999999999995,1,0,1,2,0.0008076286618502728,0.6081410261412167,0.2639322971010791,0.7046842555920287,0.558697787916384,-8.241718433128485e-06,0.43595218828894333,-0.0004589507860877438,1.7946079785165627e-05,-0.002268927647405641,0.5580257014049094,-9.769049428614944e-06,0.0006720882469186196,0.4336159189939371,0.0,0.0,1.0,-0.0011676968023814958,-0.0011841657453550902,0.0,0.0,0.00011894242762800956,-0.0011676968023814958,0.0,-0.0,0.0,-8.504485577946984e-05,-8.730201185053287e-05,0.0,0.0,2.2959534598105372e-06,0.055,0.3000022959534598,0.29991495514422045,0.0,0.0,0.0,5.999604582825058e-06,0,0,0,0,0,inf,inf,0,0,0.0,1.433954406395241,9.543809872840802e-06,0.004188013515019866,1.4172848921420816e-05,-1.6378455936047591,-8.236600067730166e-05,1.6344659557653154,-0.7852742728243455,6.325998126325152e-06,-0.01779239536122914,-4.281392746328559e-06,-0.03111649605838613,6.336104344447295e-05,0.029856274896031817,5.413013795149081e-05,-0.001451077598619952,-26.398667642120007,0.002848902314632123,19.34387394673555,0.742296780389158,1.726395603887063,-0.0009506685892422741,-0.001451077598619952,-26.398667642120007,0.002848902314632123,19.34387394673555,0.742296780389158,1.726395603887063,-0.0009506685892422741
1.060999999999994,1,0,1,2,0.0007898690142278666,0.6778667129779897,0.3142988175862822,0.7743718994139082,0.5586922269210719,-8.087777965310601e-06,0.4359313042705867,-0.0006328503967595758,1.3435467694907854e-05,-0.0019516443954703771,0.5580257014049094,-9.769049428614944e-06,0.0006665276366134124,0.42413884121891476,0.0,0.0,1.0,-0.0011044256767462558,-0.0011192589346828916,0.0,0.0,0.00013358450089921375,-0.0011044256767462558,0.0,-0.0,0.0,-9.635862738917983e-05,-9.87714579244952e-05,0.0,0.0,3.5662762825101317e-06,0.055,0.3000035662762825,0.2999036413726108,0.0,0.0,0.0,5.804492888769723e-06,0,0,0,0,0,inf,inf,0,0,0.0,1.4336449263615718,9.536880514941572e-06,0.004007669045190741,1.4055736973072932e-05,-1.6381550736384283,-8.152057863533423e-05,1.6347605026160432,-0.7852738845653049,-6.229291903664241e-06,-0.0182212553424327,-1.7543161876022143e-05,-0.03082284308508839,0.00010140109019282021,0.02914244173969746,2.6504762450526572e-05,-0.0013179498357801722,-26.327841050178588,0.002798182685322219,19.29279936508478,0.7418772569182711,1.715101759973382,-0.0009349775865456581,-0.0013179498357801722,-26.327841050178588,0.002798182685322219,19.29279936508478,0.7418772569182711,1.715101759973382,-0.0009349775865456581
1.0709999999999928,1,0,1,2,0.0007749128619315695,0.754225338857829,0.36767921978935697,0.8467203366908713,0.5586850329943699,-7.974712256771327e-06,0.43591321917561704,-0.0007873437681918553,9.656599162809028e-06,-0.0017003865250859597,0.5580257014049094,-9.769049428614944e-06,0.0006593340310543841,0.41467081147011414,0.0,0.0,1.0,-0.0010576990032763187,-0.0010709384165811745,0.0,0.0,0.00014869826848066238,-0.0010576990032763187,0.0,-0.0,0.0,-0.00010713352975966389,-0.00010968587782419156,0.0,0.0,4.98420577888392e-06,0.055,0.3000049842057788,0.29989286647024027,0.0,0.0,0.0,5.7025051490184644e-06,0,0,0,0,0,inf,inf,0,0,0.0,1.4333379671380502,9.412249803867979e-06,0.0038234391004148146,1.3815353264749646e-05,-1.63846203286195,-8.031531384269401e-05,1.6350484812324289,-0.7852737633302568,-1.7338277077530193e-05,-0.018577500718544217,-2.9087539240177977e-05,-0.03060103861996419,0.00013548059768861214,0.028530006527537646,6.905937825043417e-07,-0.0012036546430993541,-26.25648192757062,0.002724379110081515,19.241628083318062,0.741478437070586,1.7040900387459061,-0.0009071098018545829,-0.0012036546430993541,-26.25648192757062,0.002724379110081515,19.241628083318062,0.741478437070586,1.7040900387459061,-0.0009071098018545829
1.0809999999999917,1,0,1,2,0.0007621594965205028,0.8364516591578083,0.42451035098424067,0.9216180113765571,0.5586764023552443,-7.896332504788353e-06,0.43589733997070496,-0.0009221924052227363,6.4213953318080145e-06,-0.001503284816585087,0.5580257014049094,-9.769049428614944e-06,0.0006507036451684073,0.40523257679717944,0.0,0.0,1.0,-0.001025089373193193,-0.0010368073944214341,0.0,0.0,0.0001655658122864669,-0.001025089373193193,0.0,-0.0,0.0,-0.00011752006895477521,-0.00012019637397998291,0.0,0.0,6.562182804354045e-06,0.055,0.30000656218280425,0.2998824799310451,0.0,0.0,0.0,5.665514791318392e-06,0,0,0,0,0,inf,inf,0,0,0.0,1.4330329376861264,9.184868343023385e-06,0.003636025068082269,1.3469270228414523e-05,-1.6387670623138737,-7.87960506739608e-05,1.6353308223342242,-0.7852738869503804,-2.6926813485037696e-05,-0.018865618713901484,-3.886111221891267e-05,-0.03042863730128487,0.00016460254225707924,0.028003828742823297,-2.263534222083476e-05,-0.001101181567144448,-26.184548855660207,0.0026352785706746035,19.19018724542296,0.7411155163985887,1.6932236413995356,-0.0008718578108542235,-0.001101181567144448,-26.184548855660207,0.0026352785706746035,19.19018724542296,0.7411155163985887,1.6932236413995356,-0.0008718578108542235
1.0909999999999906,1,0,1,2,0.0007511164690258412,0.9238529714517587,0.48507243179271153,0.9989494366852911,0.558666528871843,-7.847811594725955e-06,0.43588318022439265,-0.0010379566375348615,3.628523994334596e-06,-0.0013506043838982685,0.5580257014049094,-9.769049428614944e-06,0.0006408303469182509,0.3958394900884664,0.0,0.0,1.0,-0.0010056848530227368,-0.0010159742268468263,0.0,0.0,0.00018477635802957048,-0.0010056848530227368,0.0,-0.0,0.0,-0.00012765345474567884,-0.00013043899978076992,0.0,0.0,8.32146222960895e-06,0.055,0.30000832146222955,0.29987234654525424,0.0,0.0,0.0,5.673447283007964e-06,0,0,0,0,0,inf,inf,0,0,0.0,1.432729446070027,8.869962026014294e-06,0.003446083908702559,1.3034998309473583e-05,-1.639070553929973,-7.701433812353075e-05,1.6356083073735326,-0.7852742284754487,-3.500072234286474e-05,-0.0190900206671521,-4.691146289041409e-05,-0.03028770216360701,0.00018849018120238568,0.027549310914953527,-4.3139995916564855e-05,-0.0010067934704544796,-26.112038304400095,0.002535354023082772,19.138367034311496,0.7407949328283349,1.6824161363930237,-0.0008326407713226973,-0.0010067934704544796,-26.112038304400095,0.002535354023082772,19.138367034311496,0.7407949328283349,1.6824161363930237,-0.0008326407713226973
1.1009999999999895,1,1,1,3,0.0007413872837374316,1.072734377176018,0.5503450508910805,1.0785953731643414,0.5586555959386548,-7.823373604049398e-06,0.43587034802208924,-0.0011377650214360491,2.903083168041841e-06,-0.0012272884592059961,0.5580257014049094,-9.769049428614944e-06,0.0006298975387289193,0.38650420133990515,0.0,0.0,1.0,-0.001425505290690961,-0.0014388333521942738,0.0,0.0,-0.00015740199297096705,-0.001425505290690961,0.0,-0.0,0.0,-0.00013809105262579862,-0.00014119343999467808,0.0,0.0,9.922552519105494e-06,0.055,0.300009922552519,0.299861908947374,0.0,0.0,0.0,5.979016919442095e-06,0,0,0,0,0,inf,inf,0,0,0.0,1.432427292254494,8.477800077654368e-06,0.003254239212217958,1.2522869283735924e-05,-1.639372707745506,-7.499211328872747e-05,1.635881539411951,-0.7852747498723371,-4.620731927216316e-05,-0.01924464307809464,-5.9690113528942336e-05,-0.030129922689077757,0.00023715076679608235,0.027114048771575885,-5.1593097701398755e-05,-0.0009187794344932183,-26.03911209793453,0.0024270043624642517,19.086221332071254,0.7405178642336421,1.6716353231770336,-0.0007917893153311124,-0.0009187794344932183,-26.03911209793453,0.0024270043624642517,19.086221332071254,0.7405178642336421,1.6716353231770336,-0.0007917893153311124
1.1109999999999884,1,1,1,4,0.000733220500725911,1.1883345717296352,0.629032104202339,1.1604330125525095,0.5586436913768498,-7.797835548601111e-06,0.43585910947306616,-0.0012295144760371488,1.009029843998826e-06,-0.001042710416790541,0.5580257014049094,-9.769049428614944e-06,0.000617993115740831,0.3772947406072722,0.0,0.0,1.0,-0.0015595098571093268,-0.0015737668365907685,0.0,0.0,-0.0003513896984840816,-0.0015595098571093268,0.0,-0.0,0.0,-0.00015387505267382978,-0.00015723980328642036,0.0,0.0,6.601216092507645e-06,0.055,0.3000066012160924,0.29984612494732604,0.0,0.0,0.0,5.985547407277402e-06,0,0,0,0,0,inf,inf,0,0,0.0,1.4321292546389446,7.979522418302609e-06,0.003061996981014085,1.1886843554762618e-05,-1.6396707453610555,-7.247218740124954e-05,1.6361480558113446,-0.7852753912612171,-4.868817530346208e-05,-0.019196267007461482,-6.134747694228195e-05,-0.029532241440252308,0.00023883527051545567,0.026280700059397318,-7.728746501121822e-05,-0.0008528311993778379,-25.96773655790648,0.002297517304851488,19.03495365306412,0.739992696264007,1.6633689453618832,-0.0008209408302854531,-0.0008528311993778379,-25.96773655790648,0.002297517304851488,19.03495365306412,0.739992696264007,1.6633689453618832,-0.0008209408302854531
1.1209999999999873,1,1,1,4,0.0007266512151966878,1.282481650499776,0.709761941909872,1.2443361671415698,0.5586310030835445,-7.802115707815343e-06,0.4358495241304954,-0.00129794689346276,-1.4486680006608104e-06,-0.0008953045433771551,0.5580257014049094,-9.769049428614944e-06,0.0006053048744118893,0.36824346964905363,0.0,0.0,1.0,-0.0014833031477572754,-0.0014956820121916194,0.0,0.0,-0.00034908662479229925,-0.0014833031477572754,0.0,-0.0,0.0,-0.00016903533990832457,-0.00017253217775759297,0.0,0.0,3.0983799728649617e-06,0.055,0.3000030983799727,0.29983096466009157,0.0,0.0,0.0,6.010678115914883e-06,0,0,0,0,0,inf,inf,0,0,0.0,1.4318370139536716,7.500775756208456e-06,0.0028705128384686057,1.1290116326141625e-05,-1.6399629860463285,-7.019188198103975e-05,1.636406774778829,-0.7852762370960198,-4.7364597526120436e-05,-0.01910371390286193,-5.860801075846388e-05,-0.028980077826145086,0.00022077536235827879,0.02555344222789549,-8.861637777260613e-05,-0.0008975139948117934,-25.89579174564155,0.0020556557481705992,18.982928962096917,0.740121482710947,1.6546676107213105,-0.0006470781788258535,-0.0008975139948117934,-25.89579174564155,0.0020556557481705992,18.982928962096917,0.740121482710947,1.6546676107213105,-0.0006470781788258535
1.1309999999999862,1,1,1,4,0.0007213137013635509,1.3809588687269216,0.792566058686475,1.3301754643485675,0.5586177388133479,-7.825889171729702e-06,0.4358412214149635,-0.0013471633281615346,-3.0293256930538974e-06,-0.0007816835917157002,0.5580257014049094,-9.769049428614944e-06,0.0005920405973093004,0.3593415227993074,0.0,0.0,1.0,-0.001425613757413108,-0.0014362982001167764,0.0,0.0,-0.0003451554283264579,-0.001425613757413108,0.0,-0.0,0.0,-0.00018353615114365888,-0.00018714730862777706,0.0,0.0,-3.7195641197211966e-07,0.055,0.2999996280435878,0.29981646384885624,0.0,0.0,0.0,6.0633586317342766e-06,0,0,0,0,0,inf,inf,0,0,0.0,1.4315500312059921,7.030960557870364e-06,0.0026801553275383285,1.0711956450533001e-05,-1.640249968794008,-6.804460009997929e-05,1.6366587573734772,-0.7852771472923361,-4.672755757185824e-05,-0.01897479822684427,-5.730974843399206e-05,-0.028473258847561203,0.0002106279199662775,0.024919869943069155,-9.245436217691404e-05,-0.0008663467790262455,-25.82337128829607,0.0018917227729119527,18.93028891580638,0.7401534032175262,1.645565537389607,-0.0005822926531098431,-0.0008663467790262455,-25.82337128829607,0.0018917227729119527,18.93028891580638,0.7401534032175262,1.645565537389607,-0.0005822926531098431
1.1409999999999851,1,1,1,4,0.0007169077292933637,1.4830875136962376,0.8777035977106854,1.4178185461989667,0.5586040739946768,-7.861943401475663e-06,0.4358338984227622,-0.001380121612492145,-4.002734718176187e-06,-0.0006956805814577484,0.5580257014049094,-9.769049428614944e-06,0.0005783757339720493,0.35058388003256746,0.0,0.0,1.0,-0.001385715874972048,-0.001394883681587065,0.0,0.0,-0.0003401721294540405,-0.001385715874972048,0.0,-0.0,0.0,-0.00019755839950088365,-0.00020126791661236737,0.0,0.0,-3.796755935423562e-06,0.055,0.2999962032440644,0.299802441600499,0.0,0.0,0.0,6.127762763612351e-06,0,0,0,0,0,inf,inf,0,0,0.0,1.4312679395707466,6.566033784080524e-06,0.002491279526331909,1.0142794604770854e-05,-1.6405320604292535,-6.597359370434789e-05,1.6369048124975196,-0.7852780827064618,-4.6311560512512114e-05,-0.018811158533391267,-5.665139905890454e-05,-0.027996684647648977,0.00020464767235335232,0.02435758263473851,-9.429354231217744e-05,-0.0008214062916177769,-25.750595404655645,0.001743606254585294,18.877112020492575,0.7401338165848559,1.636153755608221,-0.0005502669887653104,-0.0008214062916177769,-25.750595404655645,0.001743606254585294,18.877112020492575,0.7401338165848559,1.636153755608221,-0.0005502669887653104
1.150999999999984,1,1,1,4,0.0007131869433031615,1.5882845093394813,0.9653141357141408,1.50713027341305,0.5585901573477945,-7.905304968231754e-06,0.43582730752516285,-0.00139927521645461,-4.558226740167855e-06,-0.0006322562833774473,0.5580257014049094,-9.769049428614944e-06,0.0005644590197718045,0.34196821638377917,0.0,0.0,1.0,-0.0013631090636525539,-0.0013709288798582605,0.0,0.0,-0.000334628170346123,-0.0013631090636525539,0.0,-0.0,0.0,-0.00021127713334459036,-0.00021507077983579383,0.0,0.0,-7.16826536679028e-06,0.055,0.299992831734633,0.2997887228666553,0.0,0.0,0.0,6.19526676564354e-06,0,0,0,0,0,inf,inf,0,0,0.0,1.4309905013444786,6.105223493059751e-06,0.0023042214454368536,9.578770091228723e-06,-1.6408094986555215,-6.394991584121701e-05,1.637145554138737,-0.7852790329420558,-4.58784229342424e-05,-0.018614890782064547,-5.6210466083536124e-05,-0.027539089140843933,0.00020069482684249206,0.023849277817408854,-9.556905114038403e-05,-0.0007805015123355511,-25.677572382479298,0.0015936226506461121,18.823470503988172,0.740088045733712,1.6265016311871792,-0.0005269930449925504,-0.0007805015123355511,-25.677572382479298,0.0015936226506461121,18.823470503988172,0.740088045733712,1.6265016311871792,-0.0005269930449925504
1.160999999999983,1,1,1,4,0.0007099492740176008,1.6960452587852064,1.055445440038058,1.5979729337808974,0.5585761153351236,-7.952548654608256e-06,0.43582124628629276,-0.0014066772048999558,-4.8254318052566676e-06,-0.0005872884383548273,0.5580257014049094,-9.769049428614944e-06,0.0005504169276548253,0.3334940549369129,0.0,0.0,1.0,-0.0013573736455876465,-0.0013640029007159424,0.0,0.0,-0.0003289397936725412,-0.0013573736455876465,0.0,-0.0,0.0,-0.0002248629292953363,-0.00022872810096125128,0.0,0.0,-1.0483227048190544e-05,0.055,0.2999895167729516,0.2997751370707046,0.0,0.0,0.0,6.261014168682537e-06,0,0,0,0,0,inf,inf,0,0,0.0,1.4307175744486702,5.649438275939699e-06,0.0021192944409899623,9.019075220639064e-06,-1.6410824255513299,-6.196068556731666e-05,1.6373814459262552,-0.7852799941423209,-4.530688793583789e-05,-0.018388377569736238,-5.575982181185146e-05,-0.027092191747642276,0.00019752677395083206,0.023381626214210225,-9.652101001946351e-05,-0.0007475502421491209,-25.6044018770422,0.0014380472652532842,18.76943281981701,0.740030816266648,1.6166624593127308,-0.0005054852230827069,-0.0007475502421491209,-25.6044018770422,0.0014380472652532842,18.76943281981701,0.740030816266648,1.6166624593127308,-0.0005054852230827069
1.1709999999999818,1,1,1,4,0.0007070290713867824,1.8059288653997358,1.1480753455979325,1.690206454504628,0.5585620557055406,-8.001304310597171e-06,0.43581554926460275,-0.0014040607766587164,-4.892497438215284e-06,-0.0005574005081340733,0.5580257014049094,-9.769049428614944e-06,0.0005363572137376815,0.325162141790242,0.0,0.0,1.0,-0.0013680902391676943,-0.0013736740437161412,0.0,0.0,-0.0003234532363353142,-0.0013680902391676943,0.0,-0.0,0.0,-0.00023848221582713292,-0.00024240781557223373,0.0,0.0,-1.3742157086693537e-05,0.055,0.299986257842913,0.29976151778417276,0.0,0.0,0.0,6.322178194688177e-06,0,0,0,0,0,inf,inf,0,0,0.0,1.4304490863552917,5.2004063745742975e-06,0.001936787057371657,8.464519056325443e-06,-1.6413509136447084,-6.000228139971753e-05,1.6376128358801887,-0.7852809628739437,-4.4541871690688394e-05,-0.018134165042325717,-5.5182470330141635e-05,-0.026650034016581548,0.0001944372667200464,0.022944398569876,-9.709871083566848e-05,-0.0007224361852901074,-25.531177324627222,0.0012772143743499337,18.715065402673165,0.7399707270222546,1.6066776567129546,-0.0004841165340194984,-0.0007224361852901074,-25.531177324627222,0.0012772143743499337,18.715065402673165,0.7399707270222546,1.6066776567129546,-0.0004841165340194984
1.1809999999999807,1,1,1,4,0.0007042908239354431,1.917879775673029,1.2431346652030397,1.7836886181805058,0.5585480695870438,-8.049949742784726e-06,0.43581008154214057,-0.0013933033509868312,-4.832360700454913e-06,-0.0005397166756582461,0.5580257014049094,-9.769049428614944e-06,0.0005223710108823039,0.31697407584035375,0.0,0.0,1.0,-0.0013925000398803276,-0.0013967054369954646,0.0,0.0,-0.00031615996852382765,-0.0013925000398803276,0.0,-0.0,0.0,-0.0002522929923962858,-0.0002562677839762997,0.0,0.0,-1.6944671484489535e-05,0.055,0.29998305532851527,0.29974770700760356,0.0,0.0,0.0,6.28028579681858e-06,0,0,0,0,0,inf,inf,0,0,0.0,1.4301850135587888,4.760242034227068e-06,0.0017569609736726257,7.91679347618975e-06,-1.6416149864412113,-5.8076665493346415e-05,1.6378399813069178,-0.7852819342435252,-4.353911830007017e-05,-0.017855377703783957,-5.438463329228759e-05,-0.026208612375844136,0.0001908510087855005,0.0225286001166966,-9.693109550382155e-05,-0.0007023323842093762,-25.45799005490463,0.001114159791574397,18.66044182112575,0.739914256504307,1.5965894753690366,-0.00046458803871398063,-0.0007023323842093762,-25.45799005490463,0.001114159791574397,18.66044182112575,0.739914256504307,1.5965894753690366,-0.00046458803871398063
1.1909999999999796,1,1,1,4,0.0007016288049332122,2.0317169420083845,1.3405963832815717,1.8782752820878648,0.5585342122134147,-8.09762523557475e-06,0.435804739073137,-0.00137929060578196,-4.704692926987891e-06,-0.0005309825901654144,0.5580257014049094,-9.769049428614944e-06,0.000508513555400034,0.3089344199561951,0.0,0.0,1.0,-0.0014232229112492443,-0.0014266918965721873,0.0,0.0,-0.00030151021424531957,-0.0014232229112492443,0.0,-0.0,0.0,-0.00026637611833833097,-0.0002703888202627885,0.0,0.0,-2.0025101667558065e-05,0.055,0.2999799748983322,0.29973362388166147,0.0,0.0,0.0,6.260507666205094e-06,0,0,0,0,0,inf,inf,0,0,0.0,1.429925355067412,4.331474094776335e-06,0.0015800216383989431,7.3785954055437495e-06,-1.641874644932588,-5.619176430443008e-05,1.6380630090958426,-0.7852828985977914,-4.231284522193695e-05,-0.017559707395272305,-5.3332774529239725e-05,-0.025767241160472534,0.00018649808677000972,0.02211838307097688,-9.599819578167288e-05,-0.0006840550623667969,-25.384956452358235,0.0009522067379314629,18.60575379753228,0.7398669046713243,1.5865749897875503,-0.00044839978037944134,-0.0006840550623667969,-25.384956452358235,0.0009522067379314629,18.60575379753228,0.7398669046713243,1.5865749897875503,-0.00044839978037944134
1.2009999999999785,1,1,1,4,0.0006989630474674427,2.1463522384776694,1.4403047415543277,1.9738206004467376,0.5585205066710797,-8.14367971541259e-06,0.43579944416423655,-0.0013631508149226767,-4.5175555916395456e-06,-0.0005292574252991527,0.5580257014049094,-9.769049428614944e-06,0.0004948079357251267,0.30104970849361173,0.0,0.0,1.0,-0.001466804125231615,-0.0014696430284542772,0.0,0.0,-0.00028766342629821327,-0.001466804125231615,0.0,-0.0,0.0,-0.0002808376830507395,-0.00028488152713266376,0.0,0.0,-2.296332041007126e-05,0.055,0.29997703667958975,0.2997191623169491,0.0,0.0,0.0,6.243545697931421e-06,0,0,0,0,0,inf,inf,0,0,0.0,1.429670110195008,3.915712779894597e-06,0.0014061126495414065,6.851766104910321e-06,-1.642129889804992,-5.4352498921803574e-05,1.6382819495350618,-0.785283852236371,-4.0956230256006196e-05,-0.017251002621396918,-5.213113098541942e-05,-0.025325854370942008,0.00018177078304644915,0.02171096023485907,-9.4799908990194e-05,-0.0006708775364913462,-25.31214423897827,0.0007882389153661446,18.551085012452514,0.7398244737122052,1.5766764618631937,-0.00043136207923195283,-0.0006708775364913462,-25.31214423897827,0.0007882389153661446,18.551085012452514,0.7398244737122052,1.5766764618631937,-0.00043136207923195283
1.2109999999999774,1,1,1,4,0.0006962293839372349,2.2615509703937073,1.5420509450005382,2.0701772493014783,0.5585069739610893,-8.187623706002096e-06,0.4357941343608793,-0.0013449441924662307,-4.289283319943466e-06,-0.0005331925756770225,0.5580257014049094,-9.769049428614944e-06,0.0004812751543963839,0.2933248555732187,0.0,0.0,1.0,-0.00152262980506394,-0.001524932209081864,0.0,0.0,-0.0002747638010490936,-0.00152262980506394,0.0,-0.0,0.0,-0.00029580292729805563,-0.000299872137343295,0.0,0.0,-2.5768172991120307e-05,0.055,0.2999742318270087,0.29970419707270185,0.0,0.0,0.0,6.2266211666785595e-06,0,0,0,0,0,inf,inf,0,0,0.0,1.4294192798297447,3.514088135296089e-06,0.0012353518171353325,6.337633596496065e-06,-1.6423807201702554,-5.256228159740017e-05,1.638496833814107,-0.7852847922360279,-3.950030780953747e-05,-0.0169315051918954,-5.081015948664003e-05,-0.024884353005163597,0.00017673049538135846,0.021306893163984025,-9.330135024671978e-05,-0.0006613480607635607,-25.239608834060153,0.0006238252523789583,18.496472849816115,0.7397866282967767,1.566877145424832,-0.0004145544569893278,-0.0006613480607635607,-25.239608834060153,0.0006238252523789583,18.496472849816115,0.7397866282967767,1.566877145424832,-0.0004145544569893278
1.2209999999999763,1,1,1,4,0.0006933762777924504,2.3770905558373676,1.6456235001875397,2.167196653683621,0.5584936341277204,-8.229125292333797e-06,0.43578875934384176,-0.001324791392785165,-4.033766026254568e-06,-0.0005416775926554436,0.5580257014049094,-9.769049428614944e-06,0.0004679352566794308,0.2857633045784853,0.0,0.0,1.0,-0.0015900489296860126,-0.001591897086333637,0.0,0.0,-0.0002629282013719936,-0.0015900489296860126,0.0,-0.0,0.0,-0.0003113907429856176,-0.0003154804151720865,0.0,0.0,-2.8449796264893958e-05,0.055,0.2999715502037349,0.29968860925701435,0.0,0.0,0.0,6.207670547915557e-06,0,0,0,0,0,inf,inf,0,0,0.0,1.4291728647047404,3.1274362378650557e-06,0.001067835833858908,5.8372350916635945e-06,-1.6426271352952597,-5.082387602855185e-05,1.6387076978236994,-0.785285715697608,-3.7973220718755675e-05,-0.016603225175520077,-4.939789952541879e-05,-0.02444283809155682,0.0001714443384768726,0.020906587597173416,-9.152605180420774e-05,-0.0006546849434081827,-25.167411390608716,0.00045984370940961404,18.441962407253598,0.7397529425217944,1.5571664519075232,-0.00039836233798880966,-0.0006546849434081827,-25.167411390608716,0.00045984370940961404,18.441962407253598,0.7397529425217944,1.5571664519075232,-0.00039836233798880966
1.2309999999999752,1,1,1,4,0.0006903626007469235,2.492758658395616,1.7508100806961298,2.2647292167037163,0.5584805057863832,-8.267973332779965e-06,0.43578327880144774,-0.001302850611056416,-3.761752722266274e-06,-0.0005537954513756474,0.5580257014049094,-9.769049428614944e-06,0.00045480685860839503,0.2783673202732445,0.0,0.0,1.0,-0.0016683793623545205,-0.001669845522690242,0.0,0.0,-0.0002522465865989634,-0.0016683793623545205,0.0,-0.0,0.0,-0.0003277133364789353,-0.00033181933344145177,0.0,0.0,-3.101934710060802e-05,0.055,0.2999689806528991,0.299672286663521,0.0,0.0,0.0,6.185155602235706e-06,0,0,0,0,0,inf,inf,0,0,0.0,1.4289308636817375,2.756326479338776e-06,0.0009036424306696166,5.3513401470132255e-06,-1.6428691363182626,-4.913936392996967e-05,1.638914580928627,-0.7852866200781617,-3.640042546932512e-05,-0.016267969381795082,-4.792003620104394e-05,-0.024001560250915387,0.00016598070942928922,0.020510349913408357,-8.951613905231648e-05,-0.0006503732771765642,-25.09561749592999,0.0002968867258494047,18.3876048299407,0.73972293096878,1.547538531055772,-0.0003829189907784362,-0.0006503732771765642,-25.09561749592999,0.0002968867258494047,18.3876048299407,0.73972293096878,1.547538531055772,-0.0003829189907784362
1.2409999999999741,1,1,1,4,0.0006871558301519134,2.608351643280191,1.8573989129290565,2.362624550218888,0.5584676058423809,-8.30405097544865e-06,0.43577766070105595,-0.001279301305173823,-3.481694343233919e-06,-0.0005687862880396032,0.5580257014049094,-9.769049428614944e-06,0.00044190686584105873,0.2711382145177386,0.0,0.0,1.0,-0.0017569121342191959,-0.0017580597768934439,0.0,0.0,-0.00024278309391969046,-0.0017569121342191959,0.0,-0.0,0.0,-0.00034487594228064513,-0.00034899479994756054,0.0,0.0,-3.348873881663184e-05,0.055,0.29996651126118307,0.29965512405771927,0.0,0.0,0.0,6.157927389096712e-06,0,0,0,0,0,inf,inf,0,0,0.0,1.428693272495904,2.4010888613141653e-06,0.0007428322784607184,4.880475784058635e-06,-1.643106727504096,-4.7510155450742784e-05,1.6391175251850612,-0.7852875032850218,-3.480460403693267e-05,-0.01592736447806976,-4.639960969925832e-05,-0.023560877067531523,0.0001604052353019912,0.020118422967624828,-8.73177416372077e-05,-0.0006480190138282661,-25.024296151684062,0.00013540887883467122,18.33345600265012,0.7396960911822917,1.537991206212221,-0.0003682602355408076,-0.0006480190138282661,-25.024296151684062,0.00013540887883467122,18.33345600265012,0.7396960911822917,1.537991206212221,-0.0003682602355408076
1.250999999999973,1,1,1,4,0.000683730585722713,2.723673309505832,1.9651797868522731,2.4607317067204506,0.5584549493446578,-8.337315945491439e-06,0.4357718798841983,-0.0012543327412222844,-3.2003046753384246e-06,-0.0005860180086718069,0.5580257014049094,-9.769049428614944e-06,0.00042925032747689635,0.2640765220602605,0.0,0.0,1.0,-0.0018549143805532972,-0.0018557993303677308,0.0,0.0,-0.00023457761707707499,-0.0018549143805532972,0.0,-0.0,0.0,-0.0003629765718099156,-0.0003671054179233268,0.0,0.0,-3.5870391299756446e-05,0.055,0.2999641296087,0.29963702342819,0.0,0.0,0.0,6.125128427704497e-06,0,0,0,0,0,inf,inf,0,0,0.0,1.4284600828863692,2.061842180090941e-06,0.0005854506814954116,4.424954202178764e-06,-1.643339917113631,-4.593703310065246e-05,1.6393165748357,-0.7852883636808878,-3.320559532663053e-05,-0.015582876104958432,-4.485680851683074e-05,-0.023121217733877014,0.00015477802403832583,0.019731008128549984,-8.497541206360233e-05,-0.0006472930563348899,-24.95351896317535,-2.421565569026735e-05,18.279575512331597,0.7396719370346333,1.5285251706692382,-0.00035438083421229403,-0.0006472930563348899,-24.95351896317535,-2.421565569026735e-05,18.279575512331597,0.7396719370346333,1.5285251706692382,-0.00035438083421229403
1.260999999999972,1,1,1,4,0.0006800674404834053,2.8385338592422125,2.0739447764583177,2.558899412084028,0.5584425494338863,-8.367785389896501e-06,0.4357659169239914,-0.0012281360444241494,-2.922941914713513e-06,-0.0006049624754279944,0.5580257014049094,-9.769049428614944e-06,0.0004168503841941783,0.2571821386438597,0.0,0.0,1.0,-0.001961631308063814,-0.001962302742457892,0.0,0.0,-0.00022764772174208663,-0.001961631308063814,0.0,-0.0,0.0,-0.00038210578591522964,-0.00038624226912046725,0.0,0.0,-3.8176998889389025e-05,0.055,0.29996182300111035,0.2996178942140848,0.0,0.0,0.0,6.0861216832262646e-06,0,0,0,0,0,inf,inf,0,0,0.0,1.4282312820436944,1.7385224271970568e-06,0.00043152909703212343,3.984901682813781e-06,-1.6435687179563057,-4.4420216244166594e-05,1.6395117759721514,-0.7852892000543145,-3.162041437798109e-05,-0.015235824960816038,-4.330892226343516e-05,-0.02268305423518221,0.00014915213435828524,0.019348278239309572,-8.252993201505538e-05,-0.0006479079693147385,-24.88335948591767,-0.00018166836812879373,18.226025815822698,0.7396500202528391,1.5191433766709221,-0.00034125656914001036,-0.0006479079693147385,-24.88335948591767,-0.00018166836812879373,18.226025815822698,0.7396500202528391,1.5191433766709221,-0.00034125656914001036
1.2709999999999708,1,1,1,4,0.000676151953321962,2.9527490702459325,2.1834887384820902,2.6569762988232863,0.5584304173553981,-8.395523858082705e-06,0.43575975719499593,-0.0012008987897711935,-2.653874067372018e-06,-0.0006251762225809089,0.5580257014049094,-9.769049428614944e-06,0.000404718281218553,0.25045443054060096,0.0,0.0,1.0,-0.0020762875374645035,-0.0020767888824292013,0.0,0.0,-0.00022199075772461548,-0.0020762875374645035,0.0,-0.0,0.0,-0.0004023464833571812,-0.0004064887117465826,0.0,0.0,-4.042131860181007e-05,0.055,0.29995957868139794,0.2995976535166428,0.0,0.0,0.0,6.04043851680868e-06,0,0,0,0,0,inf,inf,0,0,0.0,1.428006852313254,1.43091052511856e-06,0.0002810865074085702,3.560287188039305e-06,-1.643793147686746,-4.2959435602006844e-05,1.6397031762926708,-0.7852900115768103,-3.0063354787936256e-05,-0.014887400556547935,-4.1770429733408195e-05,-0.0222468782769379,0.00014357296048046427,0.0189703847500192,-8.001749993573606e-05,-0.0006496072141391134,-24.813892690892867,-0.00033667429766954176,18.17287156377707,0.7396299421422255,1.5098505668959274,-0.00032885387795859395,-0.0006496072141391134,-24.813892690892867,-0.00033667429766954176,18.17287156377707,0.7396299421422255,1.5098505668959274,-0.00032885387795859395
1.2809999999999697,1,1,1,4,0.0006719738805867339,3.0661396411509996,2.2936096443903717,2.7548111394876287,0.5584185625156332,-8.420633494092776e-06,0.4357533901150411,-0.001172801425038951,-2.396468746953947e-06,-0.000646284853019476,0.5580257014049094,-9.769049428614944e-06,0.00039286342479882114,0.24389232231538222,0.0,0.0,1.0,-0.0021980881220762835,-0.002198457841503447,0.0,0.0,-0.00021758605734348025,-0.0021980881220762835,0.0,-0.0,0.0,-0.00042377370070638344,-0.00042792018873201963,0.0,0.0,-4.261598002942633e-05,0.055,0.2999573840199703,0.2995762262992936,0.0,0.0,0.0,5.987740203050867e-06,0,0,0,0,0,inf,inf,0,0,0.0,1.4277867711014516,1.138658681282823e-06,0.0001341306649391682,3.1509495344954614e-06,-1.6440132288985485,-4.155401027056479e-05,1.6398908249098696,-0.7852907977556186,-2.854615264612945e-05,-0.014538673151704743,-4.0253179562105265e-05,-0.02181318316709949,0.00013807823810739237,0.01859746123851793,-7.74695418939229e-05,-0.0006521596105115626,-24.745194519787805,-0.0004889952330518112,18.120179044118007,0.7396113582542164,1.500652911557486,-0.00031713464680370007,-0.0006521596105115626,-24.745194519787805,-0.0004889952330518112,18.120179044118007,0.7396113582542164,1.500652911557486,-0.00031713464680370007
1.2909999999999686,1,1,1,4,0.0006675265322574056,3.178530683011528,2.4041087894682294,2.852253079843959,0.5584069925667621,-8.443245837644967e-06,0.43574680852611924,-0.0011440150085464617,-2.153333808940134e-06,-0.0006679704266097222,0.5580257014049094,-9.769049428614944e-06,0.0003812934668495469,0.23749436790750536,0.0,0.0,1.0,-0.002326219495407779,-0.0023264917794990955,0.0,0.0,-0.00021439713794122882,-0.002326219495407779,0.0,-0.0,0.0,-0.00044645442184823494,-0.0004506040445678266,0.0,0.0,-4.477331730332023e-05,0.055,0.29995522668269636,0.2995535455781517,0.0,0.0,0.0,5.927789250574781e-06,0,0,0,0,0,inf,inf,0,0,0.0,1.427571010939355,8.613148685474311e-07,-9.340774342119658e-06,2.7566224326682112e-06,-1.6442289890606452,-4.0202922367141906e-05,1.640074772180975,-0.7852915583864751,-2.7078190008811355e-05,-0.01419060424644692,-3.87666255307549e-05,-0.021382449912129304,0.00013269844179277386,0.018229624811111483,-7.491283176271186e-05,-0.0006553561961160476,-24.677341508786032,-0.0006384254036235481,18.068015717423236,0.7395939783537484,1.4915577240095879,-0.000306058899261518,-0.0006553561961160476,-24.677341508786032,-0.0006384254036235481,18.068015717423236,0.7395939783537484,1.4915577240095879,-0.000306058899261518
1.3009999999999675,1,1,1,4,0.0006628062447474872,3.289751333934406,2.5147909136022544,2.9491518714829845,0.558395713508521,-8.463514847078114e-06,0.43574000818760333,-0.0011146998832433491,-1.9264260675913507e-06,-0.000689961281459745,0.5580257014049094,-9.769049428614944e-06,0.0003700144068001433,0.2312588088475149,0.0,0.0,1.0,-0.0024598505521380228,-0.0024600559114916756,0.0,0.0,-0.00021237385108511189,-0.0024598505521380228,0.0,-0.0,0.0,-0.000470447397548239,-0.0004745993512306425,0.0,0.0,-4.690522282630366e-05,0.055,0.29995309477717336,0.29952955260245173,0.0,0.0,0.0,5.860427889048591e-06,0,0,0,0,0,inf,inf,0,0,0.0,1.4273595396653778,5.983451392189735e-07,-0.0001493392152404364,2.3769570099085585e-06,-1.6444404603346223,-3.890488634787923e-05,1.6402550695452118,-0.7852922935085436,-2.566671997944298e-05,-0.013844055905706726,-3.7318087959048896e-05,-0.020955136852608507,0.00012745740778483572,0.017866976369499354,-7.236977359328387e-05,-0.0006590082808808231,-24.610410464903964,-0.0007847884561875952,18.016449823426093,0.7395775634597898,1.4825732348917051,-0.0002955864334670784,-0.0006590082808808231,-24.610410464903964,-0.0007847884561875952,18.016449823426093,0.7395775634597898,1.4825732348917051,-0.0002955864334670784
1.3109999999999664,1,1,1,4,0.0006578119476685898,3.399634476849857,2.6254642608211802,3.045358103491359,0.5583847297994766,-8.481610885317399e-06,0.4357329873600263,-0.0010850050109402288,-1.7171392444729803e-06,-0.0007120238339442361,0.5580257014049094,-9.769049428614944e-06,0.00035903070287029857,0.2251836224808288,0.0,0.0,1.0,-0.002598134020189875,-0.0025982997927439582,0.0,0.0,-0.0002114544404920926,-0.002598134020189875,0.0,-0.0,0.0,-0.000495802977316534,-0.0004999567455027428,0.0,0.0,-4.90230220205289e-05,0.055,0.29995097697797907,0.29950419702268344,0.0,0.0,0.0,5.785561856364727e-06,0,0,0,0,0,inf,inf,0,0,0.0,1.4271523206949708,3.491536341336246e-07,-0.0002858841757612491,2.0115416721835157e-06,-1.6446476793050293,-3.7658411409730005e-05,1.640431769360703,-0.7852930033626855,-2.4317099917694975e-05,-0.013499799120940407,-3.5913021281782055e-05,-0.020531672238337562,0.00012237306791499435,0.01750960037922716,-6.985876779543242e-05,-0.0006629461251486672,-24.544478182883093,-0.0009279351436667664,17.965550042890023,0.7395619212159676,1.4737084100942768,-0.00028567785683821233,-0.0006629461251486672,-24.544478182883093,-0.0009279351436667664,17.965550042890023,0.7395619212159676,1.4737084100942768,-0.00028567785683821233
1.3209999999999653,1,1,1,4,0.0006525448061751307,3.508016543393685,2.735940598538654,3.140723432832495,0.5583740444722832,-8.497715506936597e-06,0.4357257464617388,-0.0010550677655921685,-1.5263782392963144e-06,-0.0007339559880649538,0.5580257014049094,-9.769049428614944e-06,0.00034834538733470865,0.21926656236596728,0.0,0.0,1.0,-0.0027402082382208914,-0.0027403590164894057,0.0,0.0,-0.00021156748546843045,-0.0027402082382208914,0.0,-0.0,0.0,-0.0005225629571454925,-0.0005267182813344993,0.0,0.0,-5.113736803887713e-05,0.055,0.29994886263196074,0.2994774370428545,0.0,0.0,0.0,5.703148132316348e-06,0,0,0,0,0,inf,inf,0,0,0.0,1.4269493133508833,1.1310026151733611e-07,-0.0004190024185336416,1.6599193197300667e-06,-1.6448506866491168,-3.646185631171781e-05,1.6406049247382304,-0.7852936883536271,-2.3033023103785803e-05,-0.013158521363639406,-3.455527467888095e-05,-0.02011244921760053,0.0001174582183396096,0.01715756453372001,-6.739461501393602e-05,-0.0006670179410870082,-24.479621193647933,-0.0010677414205462297,17.9153852029113,0.7395469004516885,1.4649728016812045,-0.0002762952403819292,-0.0006670179410870082,-24.479621193647933,-0.0010677414205462297,17.9153852029113,0.7395469004516885,1.4649728016812045,-0.0002762952403819292
1.3309999999999642,1,1,1,4,0.000647007923961245,3.6147373894794446,2.84603521251905,3.235100813080763,0.5583636592491875,-8.512016934778032e-06,0.43571828778405275,-0.0010250140397105368,-1.3546241290446307e-06,-0.0007555818532146458,0.5580257014049094,-9.769049428614944e-06,0.0003379601820330658,0.21350519248990965,0.0,0.0,1.0,-0.0028851994135686075,-0.002885357399662325,0.0,0.0,-0.00021263371732179625,-0.0028851994135686075,0.0,-0.0,0.0,-0.0005507604476178794,-0.0005549173018215488,0.0,0.0,-5.3258155218926e-05,0.055,0.2999467418447807,0.29944923955238206,0.0,0.0,0.0,5.613185634793044e-06,0,0,0,0,0,inf,inf,0,0,0.0,1.4267504732324046,-1.1048390004317302e-07,-0.0005487271538836012,1.3216020344440034e-06,-1.6450495267675955,-3.5313476554327235e-05,1.6407745893721901,-0.7852943490162351,-2.1816742179571323e-05,-0.012820833447795959,-3.3247337589542565e-05,-0.019697822786494797,0.00011272127430108682,0.01681091954388877,-6.498892896528451e-05,-0.0006710890467818714,-24.415915537574687,-0.0012041067691518827,17.866024016569114,0.7395323855049131,1.456376423752274,-0.0002674025174764732,-0.0006710890467818714,-24.415915537574687,-0.0012041067691518827,17.866024016569114,0.7395323855049131,1.456376423752274,-0.0002674025174764732
1.340999999999963,1,1,1,4,0.0006412060948015877,3.7196402304164415,2.9555668896520753,3.328344721156431,0.5583535746552494,-8.524706146050066e-06,0.435710615253178,-0.0009949585585018491,-1.2019925514216867e-06,-0.0007767475247962103,0.5580257014049094,-9.769049428614944e-06,0.000327875611594892,0.20789691655116377,0.0,0.0,1.0,-0.003032224400777613,-0.00303240969662945,0.0,0.0,-0.0002145677036649346,-0.003032224400777613,0.0,-0.0,0.0,-0.0005804197674378371,-0.0005845783359235453,0.0,0.0,-5.539444997626684e-05,0.055,0.29994460555002345,0.2994195802325621,0.0,0.0,0.0,5.5157081561150185e-06,0,0,0,0,0,inf,inf,0,0,0.0,1.4265557526061732,-3.2228336643260485e-07,-0.0006750973081632591,9.96083418209017e-07,-1.645244247393827,-3.421146423333412e-05,1.6409408173707303,-0.7852949859858778,-2.066927995899584e-05,-0.012487275791838802,-3.199056544578475e-05,-0.019288108309699202,0.00010816698117916597,0.016469699173404278,-6.265054006389256e-05,-0.0006750410775507471,-24.353436557492014,-0.0013369526555069423,17.81753484999017,0.7395182906691136,1.4479296473108538,-0.0002589657069575316,-0.0006750410775507471,-24.353436557492014,-0.0013369526555069423,17.81753484999017,0.7395182906691136,1.4479296473108538,-0.0002589657069575316
1.350999999999962,1,1,1,4,0.0006351455928240426,3.8225716253870807,3.0643578974993972,3.420311381711698,0.5583437901276437,-8.535973515681468e-06,0.43570273422946304,-0.0009650053260835616,-1.0682870084244928e-06,-0.0007973177269558425,0.5580257014049094,-9.769049428614944e-06,0.00031809111274437146,0.20243900326694364,0.0,0.0,1.0,-0.0031803940102103296,-0.0031806248502664015,0.0,0.0,-0.00021727940050337682,-0.0031803940102103296,0.0,-0.0,0.0,-0.0006115563676663031,-0.0006157170252794802,0.0,0.0,-5.7554437812228784e-05,0.055,0.29994244556218747,0.2993884436323337,0.0,0.0,0.0,5.4107789964250525e-06,0,0,0,0,0,inf,inf,0,0,0.0,1.4263651008047002,-5.229870382113458e-07,-0.0007981568517361442,6.828487939638641e-07,-1.6454348991952998,-3.315398110536894e-05,1.64110366308784,-0.7852955999727215,-1.959062489270117e-05,-0.012158324151301596,-3.078538337695308e-05,-0.018883581282782162,0.00010379706521901184,0.016133920567641548,-6.038587849396217e-05,-0.000678771198425381,-24.292258707589546,-0.0014662210530173323,17.769985511528727,0.7395045549865246,1.439643109748645,-0.0002509530141127027,-0.000678771198425381,-24.292258707589546,-0.0014662210530173323,17.769985511528727,0.7395045549865246,1.439643109748645,-0.0002509530141127027
1.360999999999961,1,1,1,4,0.0006288339935716361,3.9233815027641903,3.1722339671164774,3.510858988821865,0.5583343041200333,-8.546005968750646e-06,0.43569465133624896,-0.0009352481499539246,-9.530479325753175e-07,-0.0008171731529665594,0.5580257014049094,-9.769049428614944e-06,0.0003086051386758572,0.19712860844033375,0.0,0.0,1.0,-0.0033288168297100416,-0.003329109763143258,0.0,0.0,-0.00022067557512528638,-0.0033288168297100416,0.0,-0.0,0.0,-0.0006441767918882875,-0.0006483400864185201,0.0,0.0,-5.974538512848821e-05,0.055,0.2999402546148711,0.29935582320811177,0.0,0.0,0.0,5.2984868984380396e-06,0,0,0,0,0,inf,inf,0,0,0.0,1.426178464621764,-7.13278853749817e-07,-0.0009179541816508861,3.813834943272903e-07,-1.6456215353782362,-3.2139185517260135e-05,1.6412631809603653,-0.7852961917397097,-1.857990971102293e-05,-0.011834394879568427,-2.9631467257005716e-05,-0.018484478057895826,9.961081612445608e-05,0.015803584878359617,-5.819933003199161e-05,-0.0006821912924348504,-24.232455375350938,-0.0015918730029003216,17.72344305899671,0.7394911375087214,1.4315276356944278,-0.0002433348470584517,-0.0006821912924348504,-24.232455375350938,-0.0015918730029003216,17.72344305899671,0.7394911375087214,1.4315276356944278,-0.0002433348470584517
1.3709999999999598,1,1,1,4,0.000622280019439341,4.021923219138371,3.279024283728402,3.5998479246397896,0.5583251142014488,-8.554984600615555e-06,0.4356863743121237,-0.0009057712058852919,-8.555979431181816e-07,-0.0008362083682086161,0.5580257014049094,-9.769049428614944e-06,0.00029941525793616015,0.19196279435767527,0.0,0.0,1.0,-0.0034766035196202114,-0.0034769735488826246,0.0,0.0,-0.0002246611046190714,-0.0034766035196202114,0.0,-0.0,0.0,-0.0006782786772413929,-0.0006824453133650037,0.0,0.0,-6.19736145820828e-05,0.055,0.29993802638541756,0.2993217213227587,0.0,0.0,0.0,5.178942976948523e-06,0,0,0,0,0,inf,inf,0,0,0.0,1.4259957886963488,-8.938301332667733e-07,-0.001034541554551095,9.117946269337412e-08,-1.6458042113036513,-3.116525389543345e-05,1.641419425352785,-0.7852967620839312,-1.7635572665827346e-05,-0.01151584976395181,-2.8527902521064122e-05,-0.0180909972997188,9.56055994913634e-05,0.01547867815821072,-5.609356110911604e-05,-0.000685227111995496,-24.174098714342314,-0.0017138871933664785,17.677973621819504,0.7394780130825147,1.4235941668120538,-0.00023608377561288186,-0.000685227111995496,-24.174098714342314,-0.0017138871933664785,17.677973621819504,0.7394780130825147,1.4235941668120538,-0.00023608377561288186
1.3809999999999587,1,1,1,4,0.0006154934043353924,4.118053646082139,3.3845614883434743,3.6871409746764887,0.5583162171494216,-8.563082731334007e-06,0.43567791188158184,-0.000876649617098673,-7.750834897288508e-07,-0.0008543301645841881,0.5580257014049094,-9.769049428614944e-06,0.00029051824755970995,0.18693854695994294,0.0,0.0,1.0,-0.003622871522406262,-0.0036233322046746587,0.0,0.0,-0.00022914015570099896,-0.003622871522406262,0.0,-0.0,0.0,-0.0007138508007302448,-0.0007180216251290162,0.0,0.0,-6.424449276794097e-05,0.055,0.29993575550723167,0.29928614919926994,0.0,0.0,0.0,5.052278413744277e-06,0,0,0,0,0,inf,inf,0,0,0.0,1.4258170158789405,-1.0652934396496415e-06,-0.0011479745657993062,-1.8825961645547736e-07,-1.6459829841210596,-3.0230397490239566e-05,1.6415724504122264,-0.7852973118210658,-1.675550143056051e-05,-0.01120300047698893,-2.7473321837162327e-05,-0.01770330197729637,9.177730073107936e-05,0.01515917248340771,-5.4069811737612816e-05,-0.0006878173930701724,-24.117259486217716,-0.0018322585521486437,17.633642235712855,0.7394651686745494,1.4158536987572508,-0.0002291744517172354,-0.0006878173930701724,-24.117259486217716,-0.0018322585521486437,17.633642235712855,0.7394651686745494,1.4158536987572508,-0.0002291744517172354
1.3909999999999576,1,1,1,4,0.0006084847734399148,4.21163327962057,3.4886816922350974,3.7726035393759307,0.5583076090373366,-8.570464356613875e-06,0.435669273640092,-0.0008479500300958674,-7.105129656032045e-07,-0.0008714562746686506,0.5580257014049094,-9.769049428614944e-06,0.00028191018042433223,0.18205279113793052,0.0,0.0,1.0,-0.0037667501125407407,-0.003767313630329777,0.0,0.0,-0.000234017251768185,-0.0037667501125407407,0.0,-0.0,0.0,-0.0007508731745754753,-0.000755049161895196,0.0,0.0,-6.656242907457129e-05,0.055,0.2999334375709251,0.2992491268254247,0.0,0.0,0.0,4.918642755544846e-06,0,0,0,0,0,inf,inf,0,0,0.0,1.4256420875757114,-1.228297785099287e-06,-0.0012583116711605005,-4.5741445440981553e-07,-1.6461579124242887,-2.9332875040403455e-05,1.641722309935733,-0.7852978417725808,-1.593716016018361e-05,-0.01089611267740837,-2.6466023099691553e-05,-0.017321521730642282,8.812070434995834e-05,0.014845027255297705,-5.212815640084498e-05,-0.0006899129397265635,-24.06200691071396,-0.001946996855489121,17.590512688025896,0.7394526002196973,1.4083172239581454,-0.00022258350548387437,-0.0006899129397265635,-24.06200691071396,-0.001946996855489121,17.590512688025896,0.7394526002196973,1.4083172239581454,-0.00022258350548387437
1.4009999999999565,1,1,1,4,0.0006012655347971954,4.302526368141939,3.591224505338692,3.856103841657799,0.5582992853160952,-8.577282960136261e-06,0.4356604699504075,-0.000819731175702563,-6.607913280467866e-07,-0.0008875143698245425,0.5580257014049094,-9.769049428614944e-06,0.00027358650691699577,0.17730240442736558,0.0,0.0,1.0,-0.003907385700063007,-0.003908062906972925,0.0,0.0,-0.00023919823292784946,-0.003907385700063007,0.0,-0.0,0.0,-0.0007893171935324045,-0.0007934994329059976,0.0,0.0,-6.893088461705247e-05,0.055,0.2999310691153826,0.29921068280646784,0.0,0.0,0.0,4.778202679164281e-06,0,0,0,0,0,inf,inf,0,0,0.0,1.4254709440676214,-1.383445019401392e-06,-0.0013656137477118736,-7.167473745173009e-07,-1.6463290559323787,-2.8471001976704433e-05,1.6418690572512915,-0.7852983527553653,-1.5177700511307658e-05,-0.010595409791137328,-2.5504069405221474e-05,-0.01694575547928419,8.462981368416384e-05,0.01453619062940628,-5.0267733955920994e-05,-0.0006914756861328622,-24.008408522710212,-0.0020581253563916367,17.548647372320264,0.73944030996474,1.4009956792275964,-0.00021628942633569831,-0.0006914756861328622,-24.008408522710212,-0.0020581253563916367,17.548647372320264,0.73944030996474,1.4009956792275964,-0.00021628942633569831
1.4109999999999554,1,1,1,4,0.0005938477801646072,4.390601055091729,3.6920330789377696,3.937513130108199,0.5582912408902869,-8.583680653843274e-06,0.43565151184762885,-0.0007920444083179834,-6.247512610398364e-07,-0.000902441279600411,0.5580257014049094,-9.769049428614944e-06,0.00026554213110862045,0.17268422932597463,0.0,0.0,1.0,-0.004043947292223902,-0.0040447477394594655,0.0,0.0,-0.000244591114346294,-0.004043947292223902,0.0,-0.0,0.0,-0.0008291458361965156,-0.0008333355181143795,0.0,0.0,-7.135239020685823e-05,0.055,0.2999286476097927,0.29917085416380373,0.0,0.0,0.0,4.631141142173798e-06,0,0,0,0,0,inf,inf,0,0,0.0,1.4253035248026094,-1.5313072447638504e-06,-0.0014699436909313246,-9.66700437213628e-07,-1.6464964751973907,-2.7643156729360108e-05,1.6420127451136153,-0.7852988455735,-1.447405761488786e-05,-0.010301076499583369,-2.4585372740891405e-05,-0.016576074164044108,8.129811676864001e-05,0.01423260102184897,-4.848694819313385e-05,-0.000692477748155102,-23.95653003566663,-0.00216567944048376,17.508107151084914,0.7394283042658736,1.3938998974665369,-0.0002102724369101249,-0.000692477748155102,-23.95653003566663,-0.00216567944048376,17.508107151084914,0.7394283042658736,1.3938998974665369,-0.0002102724369101249
1.4209999999999543,1,1,1,4,0.0005862441931374354,4.475729533280449,3.7909541625043337,4.016705877505002,0.5582834701891065,-8.589787610047011e-06,0.435642410951102,-0.0007649342195298735,-6.011809330966343e-07,-0.0009161823805807374,0.5580257014049094,-9.769049428614944e-06,0.0002577714816749714,0.16819508440991465,0.0,0.0,1.0,-0.0041756320118421794,-0.004176563960773788,0.0,0.0,-0.0002501068477699251,-0.0041756320118421794,0.0,-0.0,0.0,-0.0008703139213224815,-0.000874512324687063,0.0,0.0,-7.38285723688335e-05,0.055,0.29992617142763073,0.29912968607867774,0.0,0.0,0.0,4.47765684524171e-06,0,0,0,0,0,inf,inf,0,0,0.0,1.4251397686600582,-1.6724251127501996e-06,-0.0015713660451753427,-1.2076943203979382e-06,-1.6466602313399419,-2.6847784645754297e-05,1.6421534256151968,-0.7852993210118813,-1.3823032105465187e-05,-0.010013261959932525,-2.3707763101399655e-05,-0.016212523533862277,7.811880416235833e-05,0.013934188646523554,-4.678364107165063e-05,-0.0006929004752093039,-23.906435210929363,-0.002269705316798042,17.46895122574121,0.7394165917973953,1.387040562907885,-0.00020451436429844952,-0.0006929004752093039,-23.906435210929363,-0.002269705316798042,17.46895122574121,0.7394165917973953,1.387040562907885,-0.00020451436429844952
1.4309999999999532,1,1,1,4,0.0005784679630415892,4.557788208013298,3.8878381741766663,4.093559974371726,0.5582759672322847,-8.595721754436802e-06,0.43563317938170265,-0.0007384387244699442,-5.888484315843542e-07,-0.0009286911119020017,0.5580257014049094,-9.769049428614944e-06,0.00025026857783125273,0.16383177439493657,0.0,0.0,1.0,-0.0043016705683626795,-0.004302740994000843,0.0,0.0,-0.0002556599905553395,-0.0043016705683626795,0.0,-0.0,0.0,-0.000912768419152705,-0.000916976898404867,0.0,0.0,-7.636018646129957e-05,0.055,0.2999236398135382,0.29908723158084755,0.0,0.0,0.0,4.317963984826684e-06,0,0,0,0,0,inf,inf,0,0,0.0,1.4249796141874842,-1.8073068702353237e-06,-0.0016699466649927903,-1.440127818609588e-06,-1.6468203858125159,-2.6083399967346675e-05,1.6422911501127044,-0.7852997798314372,-1.3221359368334772e-05,-0.009732082780150694,-2.286904468984553e-05,-0.015855126906961014,7.508494444200346e-05,0.013640877041323241,-4.515524080635785e-05,-0.0006927335127492201,-23.85818573253296,-0.002370258750632763,17.431237013288932,0.739405182125641,1.3804281694819858,-0.0001989985124923734,-0.0006927335127492201,-23.85818573253296,-0.002370258750632763,17.431237013288932,0.739405182125641,1.3804281694819858,-0.0001989985124923734
1.440999999999952,1,1,1,4,0.0005705327034743182,4.6366578665540334,3.9825392840721454,4.1679569172615025,0.5582687256913055,-8.6015886830825e-06,0.4356238296834317,-0.0007125901207927931,-5.865229849410936e-07,-0.0009399285822682015,0.5580257014049094,-9.769049428614944e-06,0.00024302709055356496,0.1595910992620205,0.0,0.0,1.0,-0.00442133257803511,-0.004422547167848292,0.0,0.0,-0.00026116928609423365,-0.00442133257803511,0.0,-0.0,0.0,-0.0009564488167111047,-0.000960668788962161,0.0,0.0,-7.894715599609378e-05,0.055,0.2999210528440034,0.29904355118328907,0.0,0.0,0.0,4.152292274557784e-06,0,0,0,0,0,inf,inf,0,0,0.0,1.4248229998100148,-1.93642803302491e-06,-0.001765752404938027,-1.6643778405141534e-06,-1.6469770001899853,-2.5348586258961623e-05,1.6424259691684107,-0.7853002227656964,-1.266576717936914e-05,-0.009457625769605571,-2.20670407634208e-05,-0.015503887850589858,7.218962278984644e-05,0.013352584547180274,-4.359888707823487e-05,-0.0006919738865468447,-23.811841087230846,-0.0024674038471096276,17.39502002910487,0.739394084603908,1.374072981995895,-0.00019370953828750953,-0.0006919738865468447,-23.811841087230846,-0.0024674038471096276,17.39502002910487,0.739394084603908,1.374072981995895,-0.00019370953828750953
1.450999999999951,1,1,1,4,0.0005624523747110024,4.712223851669555,4.074915509422079,4.239781991480788,0.5582617389461808,-8.607481777201162e-06,0.4356143747485782,-0.0006874151211509327,-5.929931132556959e-07,-0.0009498632397664443,0.5580257014049094,-9.769049428614944e-06,0.000236040399357557,0.1554698625450864,0.0,0.0,1.0,-0.004533931632989172,-0.004535294785014291,0.0,0.0,-0.00026655815915956125,-0.004533931632989172,0.0,-0.0,0.0,-0.0010012875349981775,-0.0010055204671431653,0.0,0.0,-8.158861729213113e-05,0.055,0.2999184113827073,0.298998712465002,0.0,0.0,0.0,3.98088724877577e-06,0,0,0,0,0,inf,inf,0,0,0.0,1.42466986401373,-2.0602315774742125e-06,-0.0018588508357471952,-1.8807997992405795e-06,-1.64713013598627,-2.464199563135579e-05,1.642557932506004,-0.7853006505184942,-1.2153022898810378e-05,-0.009189950484647096,-2.1299628578534997e-05,-0.015158792736397489,6.942604773738152e-05,0.013069225709635144,-4.211153561013089e-05,-0.0006906251146734831,-23.76745844956819,-0.002561211888656543,17.360353775527503,0.7393833075465595,1.3679849998922824,-0.00018863333267393753,-0.0006906251146734831,-23.76745844956819,-0.002561211888656543,17.360353775527503,0.7393833075465595,1.3679849998922824,-0.00018863333267393753
1.46099999999995,1,1,1,4,0.0005542412094418905,4.784376237198507,4.164828820361841,4.308924447971126,0.5582550001380421,-8.6134824821902e-06,0.435604827745947,-0.0006629353606437422,-6.070818714089992e-07,-0.0009584705813254811,0.5580257014049094,-9.769049428614944e-06,0.00022930164489430395,0.1514648788641157,0.0,0.0,1.0,-0.004638830025097251,-0.004640344848781449,0.0,0.0,-0.0002717551294596231,-0.004638830025097251,0.0,-0.0,0.0,-0.0010472103950526029,-0.001051457790877067,0.0,0.0,-8.428296862992451e-05,0.055,0.2999157170313695,0.29895278960494753,0.0,0.0,0.0,3.804010910596223e-06,0,0,0,0,0,inf,inf,0,0,0.0,1.424520145504282,-2.1791285518761297e-06,-0.0019493099849267044,-2.0897283040306696e-06,-1.6472798544957181,-2.3962347049562643e-05,1.6426870889798784,-0.7853010637626214,-1.1679971345665224e-05,-0.008929091587016753,-2.056476577610588e-05,-0.014819813139471788,6.678763071785419e-05,0.012790712578559862,-4.069004429216883e-05,-0.0006886963595283008,-23.725092571876832,-0.0026517602367555036,17.327289635953214,0.7393728576406401,1.3621739234027044,-0.00018375690837094049,-0.0006886963595283008,-23.725092571876832,-0.0026517602367555036,17.327289635953214,0.7393728576406401,1.3621739234027044,-0.00018375690837094049
1.4709999999999488,1,1,1,4,0.0005459136415235924,4.853010003743436,4.252145255100315,4.375277674076151,0.5582485022177813,-8.619660723475522e-06,0.43559520205186225,-0.000639167781036454,-6.276593688382558e-07,-0.0009657328834360974,0.5580257014049094,-9.769049428614944e-06,0.00022280377759544692,0.1475729807727706,0.0,0.0,1.0,-0.004735443039089805,-0.00473711136175237,0.0,0.0,-0.0002766941465784855,-0.004735443039089805,0.0,-0.0,0.0,-0.0010941371289487929,-0.0010984005162727449,0.0,0.0,-8.702792310666342e-05,0.055,0.2999129720768927,0.2989058628710513,0.0,0.0,0.0,3.621942801467177e-06,0,0,0,0,0,inf,inf,0,0,0.0,1.4243737833424959,-2.2934990203996543e-06,-0.0020371980999739745,-2.2914780744433572e-06,-1.6474262166575042,-2.330842397530776e-05,1.6428134865567665,-0.7853014631392421,-1.124356443072636e-05,-0.00867506103156619,-1.9860509433452064e-05,-0.01448690805854445,6.426804265890163e-05,0.012516955887478653,-3.9331242961218276e-05,-0.0006862016192667622,-23.684795679117297,-0.0027391312951560807,17.29587677425508,0.7393627395611185,1.3566491219625336,-0.00017906829505265242,-0.0006862016192667622,-23.684795679117297,-0.0027391312951560807,17.29587677425508,0.7393627395611185,1.3566491219625336,-0.00017906829505265242
1.4809999999999477,1,1,1,4,0.000537484237586954,4.918025212734218,4.336735043118231,4.438739357930589,0.5582422379909736,-8.626075434484009e-06,0.43558551118381256,-0.000616124993663639,-6.5365276531475e-07,-0.0009716389398933209,0.5580257014049094,-9.769049428614944e-06,0.00021653960259940486,0.14379102498005203,0.0,0.0,1.0,-0.004823242740122073,-0.004825065121365082,0.0,0.0,-0.0002813148494924469,-0.004823242740122073,0.0,-0.0,0.0,-0.0011419819310018852,-0.0011462628489304167,0.0,0.0,-8.982056442319506e-05,0.055,0.29991017943557624,0.29885801806899825,0.0,0.0,0.0,3.434981650564845e-06,0,0,0,0,0,inf,inf,0,0,0.0,1.424230717058821,-2.4036932628301946e-06,-0.0021225834326078718,-2.486345010007889e-06,-1.647569282941179,-2.2679071551776766e-05,1.6429371723084427,-0.7853018492579282,-1.0840883569433181e-05,-0.008427850098420888,-1.9185028899302554e-05,-0.014160025942974682,6.186125143052393e-05,0.012247866099449964,-3.8031988803970726e-05,-0.0006831589701697156,-23.64661736853351,-0.002823411544547692,17.266162039388178,0.7393529557532141,1.3514196047742382,-0.00017455644182555604,-0.0006831589701697156,-23.64661736853351,-0.002823411544547692,17.266162039388178,0.7393529557532141,1.3514196047742382,-0.00017455644182555604
1.4909999999999466,1,1,1,4,0.0005289676314828287,4.9793271772334755,4.418472734998911,4.499211646217728,0.5582362001592779,-8.632775170625761e-06,0.4355757687367374,-0.0005938156229015883,-6.840539506027873e-07,-0.0009761837959125078,0.5580257014049094,-9.769049428614944e-06,0.00021050182115574673,0.1401158979954079,0.0,0.0,1.0,-0.004901761193450577,-0.004903736949271464,0.0,0.0,-0.0002855627539742474,-0.004901761193450577,0.0,-0.0,0.0,-0.0011906540437709155,-0.0011949540301410668,0.0,0.0,-9.265740486674494e-05,0.055,0.29990734259513263,0.2988093459562292,0.0,0.0,0.0,3.2434478587771243e-06,0,0,0,0,0,inf,inf,0,0,0.0,1.424090886748613,-2.5100331632277636e-06,-0.002205534042530405,-2.6746073587937952e-06,-1.647709113251387,-2.20731935030649e-05,1.6430581924141139,-0.7853022226971799,-1.0469155831410646e-05,-0.008187431283417146,-1.853661342103527e-05,-0.013839106519069179,5.9561543564929525e-05,0.01198335431163175,-3.6789209246015754e-05,-0.0006795898590941937,-23.610604514118183,-0.0029046906461208744,17.23818987509495,0.7393435063529814,1.3464939934278723,-0.00017021112779236382,-0.0006795898590941937,-23.610604514118183,-0.0029046906461208744,17.23818987509495,0.7393435063529814,1.3464939934278723,-0.00017021112779236382
1.5009999999999455,1,1,1,4,0.0005203784616139287,5.036826627990784,4.497237337472111,4.556601295052152,0.5582303813585001,-8.639798789656532e-06,0.43556598832202204,-0.0005722446319635345,-7.179251232897553e-07,-0.0009793684710844089,0.5580257014049094,-9.769049428614944e-06,0.00020468306869136994,0.13654452124261193,0.0,0.0,1.0,-0.004970593067636049,-0.004972720305425487,0.0,0.0,-0.00028938937141308966,-0.004970593067636049,0.0,-0.0,0.0,-0.0012400583729023221,-0.0012443789520302007,0.0,0.0,-9.553444478745331e-05,0.055,0.29990446555521194,0.29875994162709774,0.0,0.0,0.0,3.047687192596692e-06,0,0,0,0,0,inf,inf,0,0,0.0,1.4239542331502657,-2.612813729826263e-06,-0.002286117619372486,-2.8565269379053764e-06,-1.6478457668497344,-2.1489748888594997e-05,1.643176592171058,-0.7853025840053116,-1.0125764717550999e-05,-0.00795376005936222,-1.7913675473997746e-05,-0.013524082414182756,5.73635332826367e-05,0.011723333015358347,-3.5599934041925215e-05,-0.0006755184505259871,-23.576801175904187,-0.002983060617113932,17.212002234666663,0.739334389217812,1.3418804965107574,-0.00016602288039639174,-0.0006755184505259871,-23.576801175904187,-0.002983060617113932,17.212002234666663,0.739334389217812,1.3418804965107574,-0.00016602288039639174
1.5109999999999444,1,1,1,4,0.0005117313112909241,5.090439873372973,4.572912452249127,4.61081981375504,0.558224774193489,-8.647176176162838e-06,0.4355561835093519,-0.0005514136325802386,-7.544024844695683e-07,-0.0009811996663127653,0.5580257014049094,-9.769049428614944e-06,0.00019907594970884835,0.13307385567939745,0.0,0.0,1.0,-0.005029397587235722,-0.005031673252295086,0.0,0.0,-0.00029275226285206907,-0.005029397587235722,0.0,-0.0,0.0,-0.0012900961244496291,-0.001294438795290563,0.0,0.0,-9.844723290353869e-05,0.055,0.2999015527670959,0.29870990387555046,0.0,0.0,0.0,2.8480763541672702e-06,0,0,0,0,0,inf,inf,0,0,0.0,1.4238206977082,-2.7123046970208724e-06,-0.0023644013215952074,-3.0323503674709575e-06,-1.6479793022918001,-2.0927748824430816e-05,1.6432924160120754,-0.7853029337016085,-9.808256385587311e-06,-0.007726776519430048,-1.7314750606482555e-05,-0.013214880581972803,5.526216150244871e-05,0.011467716712747402,-3.446131817096706e-05,-0.0006709710286854555,-23.545248514124676,-0.0030586150776854503,17.187638500734714,0.7393256000429446,1.3375868861310671,-0.0001619829017081284,-0.0006709710286854555,-23.545248514124676,-0.0030586150776854503,17.187638500734714,0.7393256000429446,1.3375868861310671,-0.0001619829017081284
1.5209999999999433,1,1,1,4,0.0005030406522713851,5.140088951933369,4.645386417242431,4.66178360130039,0.5582193712700193,-8.654928993584149e-06,0.4355463677715977,-0.0005313211798988876,-7.926982616225318e-07,-0.0009816894521597439,0.5580257014049094,-9.769049428614944e-06,0.00019367306967166186,0.12970090595635164,0.0,0.0,1.0,-0.005077899815800459,-0.005080319749491194,0.0,0.0,-0.0002956150323616512,-0.005077899815800459,0.0,-0.0,0.0,-0.001340665458046444,-0.001345031682884394,0.0,0.0,-0.0001013909268096558,0.055,0.2998986090731898,0.29865933454195376,0.0,0.0,0.0,2.6450314649733233e-06,0,0,0,0,0,inf,inf,0,0,0.0,1.423690222622661,-2.8087521681222275e-06,-0.002440451631224564,-3.2023102873420323e-06,-1.648109777377339,-2.038625325850528e-05,1.6434057075283373,-0.7853032722776683,-9.514342076141734e-06,-0.0075064069128029575,-1.6738494525145746e-05,-0.012911423536216545,5.325268717624163e-05,0.011216422394490857,-3.337065698548214e-05,-0.0006659754558033915,-23.515984708290926,-0.0031314485689650545,17.16513541009899,0.7393171325416216,1.3336204763038684,-0.0001580830021138391,-0.0006659754558033915,-23.515984708290926,-0.0031314485689650545,17.16513541009899,0.7393171325416216,1.3336204763038684,-0.0001580830021138391
1.5309999999999422,1,1,1,4,0.0004943207916625883,5.18570177651716,4.714552448793926,4.709414075221735,0.5582141652237987,-8.663071449412759e-06,0.4355365544329244,-0.0005119630536915853,-8.321012732375164e-07,-0.0009808549379353888,0.5580257014049094,-9.769049428614944e-06,0.0001884670640129378,0.1264227241453069,0.0,0.0,1.0,-0.005115891264645025,-0.005118450273808284,0.0,0.0,-0.00029794726419285754,-0.005115891264645025,0.0,-0.0,0.0,-0.001391662149199011,-0.001396053342979946,0.0,0.0,-0.0001043603531059793,0.055,0.29989563964689353,0.29860833785080115,0.0,0.0,0.0,2.4390212708998236e-06,0,0,0,0,0,inf,inf,0,0,0.0,1.4235627508881825,-2.9023802646928373e-06,-0.0025143342233923333,-3.3666265324963967e-06,-1.6482372491118176,-1.9864367865097923e-05,1.6435165094962796,-0.7853036001988569,-9.24189742158855e-06,-0.007292565081527285,-1.6183678061022942e-05,-0.012613630403821567,5.133067297793246e-05,0.010969369886540523,-3.2325394941581906e-05,-0.0006605606857040831,-23.489044881251882,-0.0032016559404151237,17.14452698360776,0.7393089786702032,1.3299881031397103,-0.00015431554139116316,-0.0006605606857040831,-23.489044881251882,-0.0032016559404151237,17.14452698360776,0.7393089786702032,1.3299881031397103,-0.00015431554139116316
1.540999999999941,1,1,1,4,0.0004855858223624934,5.227212268938178,4.78030878358109,4.753637792780616,0.5582091487467362,-8.671611058128265e-06,0.43552675662030665,-0.0004933325267249003,-8.719762385354576e-07,-0.0009787179224299476,0.5580257014049094,-9.769049428614944e-06,0.00018345062440426138,0.12323641306342938,0.0,0.0,1.0,-0.005143229836865194,-0.0051459217737302365,0.0,0.0,-0.0002997244084592918,-0.005143229836865194,0.0,-0.0,0.0,-0.0014429802539969885,-0.0014473977744149467,0.0,0.0,-0.00010735006661168873,0.055,0.2998926499333879,0.2985570197460031,0.0,0.0,0.0,2.2305882292621786e-06,0,0,0,0,0,inf,inf,0,0,0.0,1.423438226322451,-2.993392754722237e-06,-0.00258611384973946,-3.525507249092931e-06,-1.648361773677549,-1.9361241105261715e-05,1.643624863907295,-0.7853039179058237,-8.988959251175646e-06,-0.007085153806465138,-1.5649180576182495e-05,-0.012321417810107366,4.9491967080224126e-05,0.010726482075852535,-3.1323129109302545e-05,-0.0006547563316228125,-23.46446102830781,-0.0032693318045164325,17.125844461117634,0.7393011288819755,1.3266961067815284,-0.00015067337641757193,-0.0006547563316228125,-23.46446102830781,-0.0032693318045164325,17.125844461117634,0.7393011288819755,1.3266961067815284,-0.00015067337641757193
1.55099999999994,1,1,1,4,0.00047684957721619205,5.264560484402847,4.8425588189280635,4.794386564209955,0.5582043146105942,-8.680549390747097e-06,0.435516987218637,-0.0004754206209169843,-9.117620275916733e-07,-0.0009753045284250613,0.5580257014049094,-9.769049428614944e-06,0.00017861652240857203,0.12013912921652406,0.0,0.0,1.0,-0.005159839129007208,-0.00516265698045033,0.0,0.0,-0.00030092762036742777,-0.005159839129007208,0.0,-0.0,0.0,-0.001494512769707994,-0.0014989579081427203,0.0,0.0,-0.0001103544081755539,0.055,0.299889645591824,0.29850548723029213,0.0,0.0,0.0,2.0203832398656076e-06,0,0,0,0,0,inf,inf,0,0,0.0,1.4233165935871768,-3.081974637667279e-06,-0.002655854234811529,-3.679149938317699e-06,-1.6484834064128233,-1.8876061484034613e-05,1.6437308119990681,-0.7853042258160261,-8.753720439183366e-06,-0.006884066069216299,-1.51339822965724e-05,-0.01203470061118408,4.773268248496541e-05,0.010487685027226117,-3.0361608528311596e-05,-0.000648592285986709,-23.44226195145224,-0.0033345700557408414,17.109116241569822,0.7392935723957267,1.3237503150393002,-0.0001471498155778108,-0.000648592285986709,-23.44226195145224,-0.0033345700557408414,17.109116241569822,0.7392935723957267,1.3237503150393002,-0.0001471498155778108
1.5609999999999389,1,1,1,4,0.00046812558700984244,5.297692724998674,4.901211250317606,4.831597557857737,0.5581996556881431,-8.689882803055295e-06,0.435507258829556,-0.00045821635171307436,-9.509690371231952e-07,-0.0009706448240554531,0.5580257014049094,-9.769049428614944e-06,0.00017395763063450832,0.11712808538423797,0.0,0.0,1.0,-0.0051657071243481865,-0.005168643109078427,0.0,0.0,-0.0003015435582257739,-0.0051657071243481865,0.0,-0.0,0.0,-0.0015461522850103609,-0.0015506262584024113,0.0,0.0,-0.00011336756064772501,0.055,0.2998866324393518,0.2984538477149898,0.0,0.0,0.0,1.8092250010152554e-06,0,0,0,0,0,inf,inf,0,0,0.0,1.423197798202404,-3.168293669488057e-06,-0.002723617984639426,-3.827742419619618e-06,-1.648602201797596,-1.8408055022033883e-05,1.6438343942875455,-0.7853045243252312,-8.534523277816792e-06,-0.006689186235953409,-1.4637155986072738e-05,-0.011753392489351594,4.6049175121149995e-05,0.010252908004542904,-2.943873035016912e-05,-0.0006420983916041557,-23.42247319882376,-0.003397463452298373,17.094367828219486,0.7392862974666192,1.321156028666799,-0.000143738578624954,-0.0006420983916041557,-23.42247319882376,-0.003397463452298373,17.094367828219486,0.7392862974666192,1.321156028666799,-0.000143738578624954
1.5709999999999378,1,1,1,4,0.0004594270424187743,5.326561641699083,4.956180204978075,4.865213397068865,0.5581951649719369,-8.699603133173056e-06,0.43549758373412817,-0.00044170696093626756,-9.891758641858247e-07,-0.0009647724347466647,0.5580257014049094,-9.769049428614944e-06,0.00016946694151092872,0.11420055286674433,0.0,0.0,1.0,-0.0051608843216042555,-0.005163929993640204,0.0,0.0,-0.00030156414559529595,-0.0051608843216042555,0.0,-0.0,0.0,-0.0015977916140137898,-0.001602295557747506,0.0,0.0,-0.00011638360262992554,0.055,0.2998836163973696,0.2984022083859863,0.0,0.0,0.0,1.5982059549141995e-06,0,0,0,0,0,inf,inf,0,0,0.0,1.423081786555544,-3.252501815281863e-06,-0.0027894665067530653,-3.9714637087185195e-06,-1.648718213444456,-1.7956482948148746e-05,1.6439356505986553,-0.7853048138089638,-8.329851793593856e-06,-0.006500391168274468,-1.4157858310155028e-05,-0.01147740642796319,4.443802169607016e-05,0.010022083410477054,-2.8552533605381805e-05,-0.0006353041573510998,-23.405117009447963,-0.003458103253205516,17.081621779058022,0.7392792916519803,1.3189180082292538,-0.00014043376241608898,-0.0006353041573510998,-23.405117009447963,-0.003458103253205516,17.081621779058022,0.7392792916519803,1.3189180082292538,-0.00014043376241608898
1.5809999999999367,1,1,1,4,0.0004507667599701051,5.351126324469931,5.007385370505382,4.895182248655799,0.5581908355908213,-8.709698362501316e-06,0.4354879738594297,-0.00042587813823873885,-1.0260254385983752e-06,-0.0009577241498593131,0.5580257014049094,-9.769049428614944e-06,0.00016513758379445284,0.11135386341183011,0.0,0.0,1.0,-0.005145481350929368,-0.00514862770759039,0.0,0.0,-0.0003009863030055586,-0.005145481350929368,0.0,-0.0,0.0,-0.0016493244087015836,-0.001653859370549172,0.0,0.0,-0.00011939655967529166,0.055,0.2998806034403242,0.29835067559129846,0.0,0.0,0.0,1.3888910044478682e-06,0,0,0,0,0,inf,inf,0,0,0.0,1.4229685059062471,-3.334736620978171e-06,-0.0028534599409228813,-4.110484808914877e-06,-1.648831494093753,-1.752063961137246e-05,1.6440346200990437,-0.7853050946238825,-8.138323367528522e-06,-0.0063175512654281615,-1.3695321177550623e-05,-0.011206655082205115,4.289599807552578e-05,0.009795146658975936,-2.7701191290874072e-05,-0.0006282385209538842,-23.390212263348715,-0.003516578912522322,17.070897662466972,0.7392725420618175,1.3170404625116903,-0.00013722981084438504,-0.0006282385209538842,-23.390212263348715,-0.003516578912522322,17.070897662466972,0.7392725420618175,1.3170404625116903,-0.00013722981084438504
1.5909999999999356,1,1,1,4,0.0004421571520455683,5.371352380183306,5.054752117571239,4.921457902821579,0.5581866608242927,-8.720153235850996e-06,0.43547844074908004,-0.000410714231177303,-1.0612207591575658e-06,-0.0009495395283503224,0.5580257014049094,-9.769049428614944e-06,0.00016096283692653812,0.1085854108400305,0.0,0.0,1.0,-0.005119666135167516,-0.00512290372773454,0.0,0.0,-0.00029981165462645285,-0.005119666135167516,0.0,-0.0,0.0,-0.0017006457449819418,-0.0017052126801436794,0.0,0.0,-0.00012240045266321352,0.055,0.29987759954733634,0.29829935425501813,0.0,0.0,0.0,1.1837113027378071e-06,0,0,0,0,0,inf,inf,0,0,0.0,1.4228579043880618,-3.4151224988464877e-06,-0.0029156570999636865,-4.244969416794694e-06,-1.6489420956119383,-1.709985060309645e-05,1.6441313413252319,-0.7853053671090714,-7.95867996249024e-06,-0.006140531441617067,-1.3248843290479961e-05,-0.0109410510618161,4.142005878266751e-05,0.009572035994615891,-2.6883001391565367e-05,-0.0006209296503876108,-23.377774437109075,-0.0035729778217203413,17.062212018135593,0.7392660355907229,1.3155270384130793,-0.0001341214894686024,-0.0006209296503876108,-23.377774437109075,-0.0035729778217203413,17.062212018135593,0.7392660355907229,1.3155270384130793,-0.0001341214894686024
1.6009999999999345,1,1,1,4,0.00043361020090407123,5.387211998159401,5.098211615863937,4.943999844411978,0.558182634114815,-8.730949837163476e-06,0.43546899553770013,-0.000396198443870591,-1.0945203648809994e-06,-0.0009402605077504832,0.5580257014049094,-9.769049428614944e-06,0.00015693614334840093,0.10589265238426725,0.0,0.0,1.0,-0.005083660658480196,-0.005086979703678711,0.0,0.0,-0.000298046215171412,-0.005083660658480196,0.0,-0.0,0.0,-0.001751652678139863,-0.0017562524453969435,0.0,0.0,-0.00012538934312788426,0.055,0.2998746106568718,0.2982483473218602,0.0,0.0,0.0,9.867880251420043e-07,0,0,0,0,0,inf,inf,0,0,0.0,1.4227499310076828,-3.4937719243177645e-06,-0.0029761154199694053,-4.375074545448063e-06,-1.6490500689923173,-1.6693471076204335e-05,1.6442258522107391,-0.7853056315872372,-7.789779210052201e-06,-0.005969192041524791,-1.2817782083877465e-05,-0.0106805071409796,4.0007318041511806e-05,0.009352692272354935,-2.609637733605213e-05,-0.0006134047833915128,-23.367815564954622,-0.0036273850990067398,17.055578323271423,0.7392597591260627,1.3143808122766756,-0.00013110386342531875,-0.0006134047833915128,-23.367815564954622,-0.0036273850990067398,17.055578323271423,0.7392597591260627,1.3143808122766756,-0.00013110386342531875
1.6109999999999334,1,1,1,4,0.0004251374366644736,5.398684003254311,5.137700942504431,4.962773315386936,0.5581787490782177,-8.742068119814186e-06,0.43545964892924593,-0.00038231302415972843,-1.125733658024572e-06,-0.0009299310205852152,0.5580257014049094,-9.769049428614944e-06,0.00015305111889729657,0.10327310976042867,0.0,0.0,1.0,-0.0050377374067593255,-0.005041127897271245,0.0,0.0,-0.0002957000621140475,-0.0050377374067593255,0.0,-0.0,0.0,-0.0018022447641165356,-0.0018068781230948456,0.0,0.0,-0.00012835737537101132,0.055,0.2998716426246286,0.2981977552358835,0.0,0.0,0.0,8.057128445677325e-07,0,0,0,0,0,inf,inf,0,0,0.0,1.4226445356424304,-3.570786543871763e-06,-0.003034890919376031,-4.500951069857945e-06,-1.6491554643575697,-1.6300884243902014e-05,1.644318190110843,-0.7853058883658108,-7.630585560566664e-06,-0.005803389696752377,-1.2401546186642921e-05,-0.010424936409551281,3.865503264021894e-05,0.009137058710318509,-2.5339838293091104e-05,-0.0006056900999133002,-23.360344205429893,-0.0036798834199967515,17.05100696412954,0.7392536997304074,1.313604282609874,-0.00012817227883224976,-0.0006056900999133002,-23.360344205429893,-0.0036798834199967515,17.05100696412954,0.7392536997304074,1.313604282609874,-0.00012817227883224976
1.6209999999999323,1,1,1,4,0.00041674991914433714,5.405753896501626,5.173163182276732,4.977749368414938,0.5581749995122816,-8.7534863886141e-06,0.4354504111791151,-0.0003690394391885284,-1.1547161792836833e-06,-0.000918596622065037,0.5580257014049094,-9.769049428614944e-06,0.00014930156138903968,0.10072436998388849,0.0,0.0,1.0,-0.00498221554477068,-0.004985667357089764,0.0,0.0,-0.0002927869980316002,-0.00498221554477068,0.0,-0.0,0.0,-0.0018523245436914992,-0.0018569921532172408,0.0,0.0,-0.00013129881523854834,0.055,0.2998687011847611,0.29814767545630855,0.0,0.0,0.0,6.551626784961601e-07,0,0,0,0,0,inf,inf,0,0,0.0,1.4225416690364812,-3.6462581955440046e-06,-0.003092038166274874,-4.622744200224731e-06,-1.649258330963519,-1.5921500039098424e-05,1.6444083918247758,-0.785306137737951,-7.4801616576659366e-06,-0.005642978125471721,-1.1999588498051766e-05,-0.010174252378497426,3.736058677534477e-05,0.008925080627114059,-2.4611999631547452e-05,-0.0005978106254239465,-23.355365413731825,-0.003730552887059756,17.048505212873486,0.739247844796531,1.3131993641418938,-0.0001253223465086493,-0.0005978106254239465,-23.355365413731825,-0.003730552887059756,17.048505212873486,0.739247844796531,1.3131993641418938,-0.0001253223465086493
1.6309999999999312,1,1,1,4,0.0004084582234254166,5.408413883387455,5.204547519105806,4.9889049115077,0.5581713794036365,-8.765181735714153e-06,0.43544129207990256,-0.0003563585393369094,-1.1813649222354085e-06,-0.000906304132474304,0.5580257014049094,-9.769049428614944e-06,0.00014568145751426713,0.09824408594693264,0.0,0.0,1.0,-0.004917456893938523,-0.004920959892029201,0.0,0.0,-0.0002893242075653159,-0.004917456893938523,0.0,-0.0,0.0,-0.001901797987287839,-0.0019065004047998215,0.0,0.0,-0.0001342080854876989,0.055,0.29986579191451196,0.2980982020127122,0.0,0.0,0.0,5.613443883000571e-07,0,0,0,0,0,inf,inf,0,0,0.0,1.4224412827962425,-3.720269844994035e-06,-0.003147610253419552,-4.740593889712719e-06,-1.6493587172037576,-1.5554753914197788e-05,1.6444964936152549,-0.785306379983457,-7.337660058742933e-06,-0.005487808877312051,-1.1611399935495377e-05,-0.009928369050998994,3.6121478924868475e-05,0.008716705173866144,-2.391156379561205e-05,-0.0005897901605826519,-23.3528807197563,-0.0037794709323284784,17.048077209778807,0.7392421821749495,1.3131673831764046,-0.0001225499279815729,-0.0005897901605826519,-23.3528807197563,-0.0037794709323284784,17.048077209778807,0.7392421821749495,1.3131673831764046,-0.0001225499279815729
1.64099999999993,1,1,1,4,0.00040027242896947725,5.406662889899428,5.23180931830676,4.996222743626345,0.5581678829330802,-8.777130430355733e-06,0.4354323009506339,-0.0003442507104787146,-1.2056137590262885e-06,-0.0008931012972202034,0.5580257014049094,-9.769049428614944e-06,0.00014218498815375766,0.09582997677167736,0.0,0.0,1.0,-0.004843861772282616,-0.004847405905682282,0.0,0.0,-0.00028533191310666807,-0.004843861772282616,0.0,-0.0,0.0,-0.0019505748987476196,-0.001955312580716625,0.0,0.0,-0.0001370797977132896,0.055,0.29986292020228633,0.29804942510125243,0.0,0.0,0.0,5.543450121310227e-07,0,0,0,0,0,inf,inf,0,0,0.0,1.4223433293851555,-3.7928964411103064e-06,-0.003201658780389121,-4.854635183507082e-06,-1.6494566706148446,-1.5200105761088359e-05,1.6445825312253495,-0.7853066153695908,-7.202315390132255e-06,-0.005337732025278017,-1.1236503880864427e-05,-0.009687200969178989,3.4935310723076694e-05,0.008511881069751146,-2.3237311762134644e-05,-0.0005816512342060816,-23.35288811190791,-0.003826712250897955,17.04972395077897,0.739236700274908,1.3135090741935507,-0.0001198511231718538,-0.0005816512342060816,-23.35288811190791,-0.003826712250897955,17.04972395077897,0.739236700274908,1.3135090741935507,-0.0001198511231718538
1.650999999999929,1,1,1,4,0.000392202112097533,5.400506566537421,5.254910199214783,4.999691581204152,0.5581645044794427,-8.789308261944191e-06,0.4354234466292939,-0.00033269601458436914,-1.2274290357006246e-06,-0.0008790364669971965,0.5580257014049094,-9.769049428614944e-06,0.00013880653224055228,0.09347982795269018,0.0,0.0,1.0,-0.004761864754500769,-0.004765440149704776,0.0,0.0,-0.00028083303291269565,-0.004761864754500769,0.0,-0.0,0.0,-0.001998569277021345,-0.0020033425803144406,0.0,0.0,-0.00013990878084148858,0.055,0.2998600912191582,0.29800143072297863,0.0,0.0,0.0,6.369284347583382e-07,0,0,0,0,0,inf,inf,0,0,0.0,1.422247762118129,-3.8642056958388584e-06,-0.0032542338423867845,-4.964998516186178e-06,-1.649552237881871,-1.4857038931817099e-05,1.6446665398927514,-0.7853068441518197,-7.0734369950883815e-06,-0.005192596806343381,-1.0874451325958715e-05,-0.009450663244896702,3.379977773912848e-05,0.008310558348362324,-2.2588095210780047e-05,-0.0005734150763455535,-23.35538202671126,-0.0038723487605137876,17.053443280349338,0.7392313881401051,1.3142245776645187,-0.00011722225946989609,-0.0005734150763455535,-23.35538202671126,-0.0038723487605137876,17.053443280349338,0.7392313881401051,1.3142245776645187,-0.00011722225946989609
1.6609999999999279,1,1,1,4,0.00038425632252517185,5.390841335086639,5.273837163676864,5.0,0.5581612386217983,-8.801690788185127e-06,0.43541473744956993,-0.0003216744564220779,-1.2467806020269223e-06,-0.0008641670031635555,0.5580257014049094,-9.769049428614944e-06,0.0001355406689696747,0.09119149212225452,0.0,0.0,1.0,-0.004672506184026207,-0.004676210634893344,0.0,0.0,-0.00027588362059927904,-0.004672506184026207,0.0,-0.0,0.0,-0.0020457009028572223,-0.002050510446095963,0.0,0.0,-0.00014269017395463824,0.055,0.29985730982604497,0.2979542990971427,0.0,0.0,0.0,6.774945906824145e-07,0,0,0,0,0,inf,inf,0,0,0.0,1.4221545351148692,-3.93425922639714e-06,-0.003305384021539898,-5.071810581675603e-06,-1.6496454648851309,-1.4525056874008052e-05,1.6447485543917628,-0.7853070665748161,-6.950600644993363e-06,-0.005052250532294427,-1.0525099414468018e-05,-0.009218690430448961,3.271379175607326e-05,0.00811270205092187,-2.1962989585836843e-05,-0.0005650997322773967,-23.359850250731213,-0.003916447627382962,17.05880023937678,0.7392262311083536,1.31523452479463,-0.00011466204380923138,-0.0005650997322773967,-23.359850250731213,-0.003916447627382962,17.05880023937678,0.7392262311083536,1.31523452479463,-0.00011466204380923138
1.6709999999999268,1,1,1,4,0.0003764430355294437,5.3812860024783635,5.288920702452001,5.0,0.558158080134244,-8.814252276460814e-06,0.43540618069938536,-0.00031116694322580614,-1.263443141321296e-06,-0.0008486497519747323,0.5580257014049094,-9.769049428614944e-06,0.00013238217258316955,0.08896291197889321,0.0,0.0,1.0,-0.004579919558911204,-0.0045837920854666135,0.0,0.0,-0.00027070863465715385,-0.004579919558911204,0.0,-0.0,0.0,-0.0020919185174209393,-0.002096766075837943,0.0,0.0,-0.00014542068298417779,0.055,0.2998545793170154,0.297908081482579,0.0,0.0,0.0,6.467623804775718e-07,0,0,0,0,0,inf,inf,0,0,0.0,1.4220636021266946,-4.003124799719727e-06,-0.0033551562806325885,-5.1752108893316575e-06,-1.6497363978733055,-1.420361716540299e-05,1.6448286099119638,-0.7853072828857266,-6.835503353407148e-06,-0.0049165208447406634,-1.019120659774335e-05,-0.008991432433692109,3.1687810383366894e-05,0.007918438694979463,-2.1363720197535823e-05,-0.0005566989395236204,-23.364236164393425,-0.003959048693985043,17.064041021500383,0.7392211039115617,1.3162174546554852,-0.00011219492572268845,-0.0005566989395236204,-23.364236164393425,-0.003959048693985043,17.064041021500383,0.7392211039115617,1.3162174546554852,-0.00011219492572268845
1.6809999999999257,1,1,1,4,0.0003687682795268368,5.3721805752182,5.30073068704075,5.0,0.5581550239874112,-8.826965012824292e-06,0.435397781758684,-0.000301152896404029,-1.2773145590374192e-06,-0.0008326791810849041,0.5580257014049094,-9.769049428614944e-06,0.00012932601388737983,0.08679215547592777,0.0,0.0,1.0,-0.004485633244940597,-0.004489623313368894,0.0,0.0,-0.000265398470041152,-0.004485633244940597,0.0,-0.0,0.0,-0.002137200185451873,-0.0021420871529827996,0.0,0.0,-0.00014809865253274576,0.055,0.2998519013474668,0.29786279981454816,0.0,0.0,0.0,6.192203493139202e-07,0,0,0,0,0,inf,inf,0,0,0.0,1.4219749146774507,-4.070891460101281e-06,-0.003403595782372448,-5.2753714346721815e-06,-1.6498250853225493,-1.3892054055406208e-05,1.6449067434831428,-0.7853074933650773,-6.730048517416465e-06,-0.004785226036066568,-9.875599292924056e-06,-0.008769119315926874,3.073240744587971e-05,0.007727960994906783,-2.0794309235807863e-05,-0.0005482144766995541,-23.368354046106774,-0.004000197763293195,17.069009634871588,0.7392158398577521,1.3171454807723808,-0.00010983105463702745,-0.0005482144766995541,-23.368354046106774,-0.004000197763293195,17.069009634871588,0.7392158398577521,1.3171454807723808,-0.00010983105463702745
1.6909999999999246,1,1,1,4,0.0003612363009128086,5.363477428809913,5.309763090270385,5.0,0.5581520653702056,-8.83980173454809e-06,0.4353895442622196,-0.0002916096396396565,-1.2885385202321586e-06,-0.0008164135689848663,0.5580257014049094,-9.769049428614944e-06,0.00012636738197278118,0.08467740596008695,0.0,0.0,1.0,-0.004390442174201042,-0.004394509000823677,0.0,0.0,-0.00026000350225697025,-0.004390442174201042,0.0,-0.0,0.0,-0.0021815334303800535,-0.002186460750886779,0.0,0.0,-0.00015072301679796389,0.055,0.2998492769832016,0.29781846656961997,0.0,0.0,0.0,5.943276092584176e-07,0,0,0,0,0,inf,inf,0,0,0.0,1.4218884224267418,-4.1376599525211165e-06,-0.0034507459026232247,-5.372481155476978e-06,-1.6499115775732582,-1.3589641817454916e-05,1.6449829937714957,-0.7853076983285584,-6.634865593498701e-06,-0.004658190125201435,-9.579149127414526e-06,-0.008551902193081407,2.985027132364722e-05,0.007541408556909097,-2.0257582915742564e-05,-0.0005396659842144554,-23.372237512134213,-0.00403995789084502,17.07373711573112,0.7392103576755225,1.318024940624204,-0.00010755624290555464,-0.0005396659842144554,-23.372237512134213,-0.00403995789084502,17.07373711573112,0.7392103576755225,1.318024940624204,-0.00010755624290555464
1.7009999999999235,1,1,1,4,0.00035384990476419655,5.35513543070951,5.316441447591621,5.0,0.5581491997046878,-8.85273732807991e-06,0.43538147043605013,-0.0002825134734748736,-1.2973722674994042e-06,-0.0007999804749523668,0.5580257014049094,-9.769049428614944e-06,0.0001235016990815392,0.08261694586689233,0.0,0.0,1.0,-0.004294979221400659,-0.004299089973525063,0.0,0.0,-0.00025456431034907157,-0.004294979221400659,0.0,-0.0,0.0,-0.002224912805439795,-0.002229881060015928,0.0,0.0,-0.00015329315822112786,0.055,0.2998467068417784,0.29777508719456025,0.0,0.0,0.0,5.716569124412859e-07,0,0,0,0,0,inf,inf,0,0,0.0,1.4218040738965934,-4.203532376821849e-06,-0.0034966482912863954,-5.466730388393595e-06,-1.6499959261034067,-1.3295656931905625e-05,1.6450574005772165,-0.7853078981094849,-6.549742793391568e-06,-0.004535243308707463,-9.301489363109374e-06,-0.008339866476778975,2.9039182606290993e-05,0.007358874601995318,-1.9754440134304193e-05,-0.0005310748209315445,-23.375915199781996,-0.004078392856741498,17.078249991231335,0.7392046333096478,1.318861239516418,-0.00010535278832204424,-0.0005310748209315445,-23.375915199781996,-0.004078392856741498,17.078249991231335,0.7392046333096478,1.318861239516418,-0.00010535278832204424
1.7109999999999224,1,1,1,4,0.0003466107335697013,5.347119035174773,5.3211273772453325,5.0,0.5581464226517743,-8.86574947275002e-06,0.4353735613727429,-0.0002738404572178819,-1.3041039046464942e-06,-0.0007834823851078341,0.5580257014049094,-9.769049428614944e-06,0.00012072462630063617,0.08060914392008146,0.0,0.0,1.0,-0.004199746056134441,-0.004203874382797848,0.0,0.0,-0.00024911347042208754,-0.004199746056134441,0.0,-0.0,0.0,-0.0022673384481279348,-0.0022723479262824605,0.0,0.0,-0.00015580881968161388,0.055,0.29984419118031796,0.29773266155187206,0.0,0.0,0.0,5.508689875501248e-07,0,0,0,0,0,inf,inf,0,0,0.0,1.4217218170523975,-4.26860561578007e-06,-0.0035413429348238926,-5.5583014341713096e-06,-1.6500781829476026,-1.300941497925138e-05,1.6451300044147836,-0.7853080930408745,-6.473944060176763e-06,-0.004416222087832685,-9.041520310189133e-06,-0.008133045312537099,2.8294099607847704e-05,0.0071804138248353295,-1.9284163513621924e-05,-0.000522459759488291,-23.379411521096692,-0.004115562592419696,17.082570964411794,0.7391986774978364,1.3196590025980843,-0.00010320575434356729,-0.000522459759488291,-23.379411521096692,-0.004115562592419696,17.082570964411794,0.7391986774978364,1.3196590025980843,-0.00010320575434356729
1.7209999999999213,1,1,1,4,0.00033951949474800205,5.339397503266871,5.324129577224087,5.0,0.5581437301104925,-8.878818672942862e-06,0.4353658172559399,-0.0002655669523816552,-1.3090065610607385e-06,-0.0007670013308244794,0.5580257014049094,-9.769049428614944e-06,0.00011803206281522287,0.07865244501973626,0.0,0.0,1.0,-0.004105138154509953,-0.00410926298655657,0.0,0.0,-0.0002436770248636091,-0.004105138154509953,0.0,-0.0,0.0,-0.0023088149100386835,-0.0023138656677133755,0.0,0.0,-0.00015827003279002144,0.055,0.29984172996720954,0.29769118508996134,0.0,0.0,0.0,5.316926154060672e-07,0,0,0,0,0,inf,inf,0,0,0.0,1.421641599763158,-4.332967367621069e-06,-0.003584868219733387,-5.6473631958697384e-06,-1.6501584002368421,-1.2730290829661125e-05,1.6452008461659215,-0.7853082834420265,-6.406429059519833e-06,-0.0043009693378016686,-8.79774671711959e-06,-0.007931430598605647,2.7608532639498456e-05,0.007006049191816058,-1.884491956901555e-05,-0.0005138366605563137,-23.38274730127344,-0.0041515227067760625,17.086719493060563,0.7391925209881163,1.3204221999442267,-0.00010110402448092605,-0.0005138366605563137,-23.38274730127344,-0.0041515227067760625,17.086719493060563,0.7391925209881163,1.3204221999442267,-0.00010110402448092605
1.7309999999999202,1,1,1,4,0.0003325761462747148,5.331944230672464,5.325711518828592,5.0,0.5581411182128115,-8.891927971973494e-06,0.4353582375435038,-0.0002576699904320369,-1.3123163209493128e-06,-0.0007506026659977298,0.5580257014049094,-9.769049428614944e-06,0.00011542014073971604,0.07674536218025593,0.0,0.0,1.0,-0.004011465085238371,-0.004015569655348265,0.0,0.0,-0.00023827568546498334,-0.004011465085238371,0.0,-0.0,0.0,-0.0023493502100009602,-0.002354442116835005,0.0,0.0,-0.00016067705936655051,0.055,0.299839322940633,0.29765064978999906,0.0,0.0,0.0,5.139092505255788e-07,0,0,0,0,0,inf,inf,0,0,0.0,1.4215633701628962,-4.396693992172492e-06,-0.003627260996406545,-5.734068532963159e-06,-1.6502366298371038,-1.2457727871272592e-05,1.6452699667951445,-0.7853084696098886,-6.346006440951956e-06,-0.004189334321262719,-8.568501945853588e-06,-0.00773498199646491,2.6975440222778734e-05,0.0068357777719048355,-1.843420327086067e-05,-0.0005052190910160252,-23.38594031971497,-0.004186325035597256,17.09071227930169,0.7391862047825848,1.3211542498659234,-9.903985028932995e-05,-0.0005052190910160252,-23.38594031971497,-0.004186325035597256,17.09071227930169,0.7391862047825848,1.3211542498659234,-9.903985028932995e-05
1.740999999999919,1,1,1,4,0.00032578004805408536,5.324736168530626,5.326098025001792,5.0,0.558138583315538,-8.905062531075096e-06,0.43535082111679074,-0.00025012751180688143,-1.3142247244433347e-06,-0.0007343381558600274,0.5580257014049094,-9.769049428614944e-06,0.00011288521701503147,0.07488647003327144,0.0,0.0,1.0,-0.003918966968740815,-0.003923038011118467,0.0,0.0,-0.00023292581827766937,-0.003918966968740815,0.0,-0.0,0.0,-0.002388955068364244,-0.0023940878461772433,0.0,0.0,-0.0001630303437144373,0.055,0.29983696965628504,0.29761104493163587,0.0,0.0,0.0,4.973412182411256e-07,0,0,0,0,0,inf,inf,0,0,0.0,1.42148707693137,-4.45984961504553e-06,-0.00366855664283477,-5.818553404282337e-06,-1.65031292306863,-1.2191240171785079e-05,1.6453374071187603,-0.7853086518142884,-6.29143950642279e-06,-0.0040811726503700825,-8.352094072099178e-06,-0.007543634277249347,2.638779920528116e-05,0.006669575700894475,-1.8049176137810246e-05,-0.000496618985537288,-23.389005768815128,-0.004220018286794631,17.094563683980645,0.7391797737789145,1.3218581045454025,-9.70080979825527e-05,-0.000496618985537288,-23.389005768815128,-0.004220018286794631,17.094563683980645,0.7391797737789145,1.3218581045454025,-9.70080979825527e-05
1.750999999999918,1,1,1,4,0.0003191300852830861,5.317753324528632,5.3254808945514505,5.0,0.5581361219903618,-8.918209183491623e-06,0.43534356640223004,-0.0002429185112835475,-1.3148796580479639e-06,-0.0007182485023419056,0.5580257014049094,-9.769049428614944e-06,0.00011042386345702373,0.07307439952984425,0.0,0.0,1.0,-0.0038278278343975517,-0.0038318549312342316,0.0,0.0,-0.0002276402495059834,-0.0038278278343975517,0.0,-0.0,0.0,-0.0024276422882790476,-0.0024328155423826167,0.0,0.0,-0.0001653304737283306,0.055,0.29983466952627114,0.29757235771172114,0.0,0.0,0.0,4.818426623847327e-07,0,0,0,0,0,inf,inf,0,0,0.0,1.4214126695091107,-4.5224860898532715e-06,-0.003708789127681086,-5.90093715745227e-06,-1.6503873304908894,-1.1930410234936356e-05,1.6454032076192198,-0.7853088302959869,-6.241517408284186e-06,-0.003976346203540941,-8.146897761625104e-06,-0.007357303292088265,2.5838951992538144e-05,0.0065074023798262085,-1.7686904937900473e-05,-0.00048804713503495254,-23.391956643146116,-0.004252648546940611,17.098286077633407,0.7391732727358109,1.3225363212691212,-9.5005553178004e-05,-0.00048804713503495254,-23.391956643146116,-0.004252648546940611,17.098286077633407,0.7391732727358109,1.3225363212691212,-9.5005553178004e-05
1.7609999999999169,1,1,1,4,0.0003126247689158304,5.3109783332810725,5.324023710185396,5.0,0.5581337310128358,-8.931356025027384e-06,0.43533647147025845,-0.00023602311584449876,-1.3143906128555961e-06,-0.0007023654083158949,0.5580257014049094,-9.769049428614944e-06,0.00010803285573833063,0.07130783356364798,0.0,0.0,1.0,-0.003738186461921009,-0.00374216150977722,0.0,0.0,-0.00022242892472130102,-0.003738186461921009,0.0,-0.0,0.0,-0.0024654262562789687,-0.002470639500932487,0.0,0.0,-0.00016757814923078586,0.055,0.29983242185076875,0.2975345737437212,0.0,0.0,0.0,4.6729264234237114e-07,0,0,0,0,0,inf,inf,0,0,0.0,1.4213400982591813,-4.584643527999409e-06,-0.003747991072301753,-5.981323519092137e-06,-1.6504599017408188,-1.1674884166049868e-05,1.6454674082976941,-0.7853090052666649,-6.1951012907009795e-06,-0.0038747230036401477,-7.951408597819845e-06,-0.007175890806823686,2.5322802419667135e-05,0.006349204004181686,-1.7344521441618063e-05,-0.00047951349668122505,-23.394804069731563,-0.004284259631010402,17.101890137922624,0.7391667438253193,1.323191121876631,-9.303036441552037e-05,-0.00047951349668122505,-23.394804069731563,-0.004284259631010402,17.101890137922624,0.7391667438253193,1.323191121876631,-9.303036441552037e-05
1.7709999999999158,1,1,1,4,0.00030626231741884193,5.304396086507192,5.321865948423072,5.0,0.5581314073508578,-8.944492068454848e-06,0.4353295341157539,-0.00022942261448248612,-1.3128357846678056e-06,-0.0006867132645030194,0.5580257014049094,-9.769049428614944e-06,0.00010570916187201296,0.06958550330476657,0.0,0.0,1.0,-0.003650145180940484,-0.0036540619551159886,0.0,0.0,-0.00021729944790082863,-0.003650145180940484,0.0,-0.0,0.0,-0.0025023225396955985,-0.002507575218781038,0.0,0.0,-0.00016977415622017032,0.055,0.2998302258437793,0.29749767746030464,0.0,0.0,0.0,4.5358984665587603e-07,0,0,0,0,0,inf,inf,0,0,0.0,1.4212693145858857,-4.646351185195008e-06,-0.0037861938113697364,-6.059801978580368e-06,-1.6505306854141144,-1.1424365470845352e-05,1.6455300485586857,-0.785309176910171,-6.151152284167695e-06,-0.0037761770644523505,-7.764271673125548e-06,-0.006999288401473399,2.483391020783455e-05,0.006194916513618011,-1.7019323418310922e-05,-0.00047102737013818334,-23.39755758841234,-0.00431489331157042,17.105385101842373,0.7391602252608311,1.3238244425301646,-9.108162175625182e-05,-0.00047102737013818334,-23.39755758841234,-0.00431489331157042,17.105385101842373,0.7391602252608311,1.3238244425301646,-9.108162175625182e-05
1.7809999999999147,1,1,1,4,0.0003000407232315585,5.297993414810732,5.319126492435465,5.0,0.5581291481530487,-8.957606970972396e-06,0.43532275192334613,-0.00022309945435271305,-1.3102694998756675e-06,-0.0006713105276307628,0.5580257014049094,-9.769049428614944e-06,0.00010344993059188168,0.06790618508441414,0.0,0.0,1.0,-0.0035637770127709585,-0.0035676308117446867,0.0,0.0,-0.0002122575220433594,-0.0035637770127709585,0.0,-0.0,0.0,-0.002538347562666871,-0.002543639066461041,0.0,0.0,-0.00017191934595141165,0.055,0.29982808065404803,0.2974616524373334,0.0,0.0,0.0,4.4064855867718127e-07,0,0,0,0,0,inf,inf,0,0,0.0,1.4212002710188347,-4.7076285526620145e-06,-0.0038234274518193375,-6.136449356574084e-06,-1.6505997289811654,-1.1178608299434377e-05,1.645591167121335,-0.7853093453845329,-6.108746475885221e-06,-0.0036805882120045253,-7.584292842335563e-06,-0.006827380601062853,2.4367518892987418e-05,0.006044468043838551,-1.6708833397089586e-05,-0.0004625974815626069,-23.40022538991171,-0.004344589462905951,17.10877897967544,0.7391537506450871,1.3244379755049454,-8.915904672812417e-05,-0.0004625974815626069,-23.40022538991171,-0.004344589462905951,17.10877897967544,0.7391537506450871,1.3244379755049454,-8.915904672812417e-05
1.7909999999999136,1,1,1,4,0.00029395780673649365,5.291758813975851,5.315906634295159,5.0,0.5581269507373028,-8.970690834459234e-06,0.4353161223203783,-0.00021703721390572912,-1.3067291171035235e-06,-0.0006561708459918422,0.5580257014049094,-9.769049428614944e-06,0.00010125247990324637,0.06626869771028596,0.0,0.0,1.0,-0.0034791314656240882,-0.0034829188209232267,0.0,0.0,-0.000207307309203612,-0.0034791314656240882,0.0,-0.0,0.0,-0.002573518345926366,-0.0025788480246883,0.0,0.0,-0.00017401461796640852,0.055,0.2998259853820331,0.29742648165407387,0.0,0.0,0.0,4.28395560005365e-07,0,0,0,0,0,inf,inf,0,0,0.0,1.4211329212692727,-4.768486544671441e-06,-0.0038597209298942177,-6.211331419373684e-06,-1.6506670787307274,-1.0937410659981391e-05,1.6456508019528509,-0.7853095108243852,-6.067080667323828e-06,-0.0035878418867754734,-7.410438597482588e-06,-0.006660047376125139,2.3919541495758873e-05,0.005897780953524263,-1.641082781006752e-05,-0.0004542320159220412,-23.402814518027473,-0.004373386156685688,17.11207873658361,0.7391473487870729,1.3250332043766424,-8.726276717518711e-05,-0.0004542320159220412,-23.402814518027473,-0.004373386156685688,17.11207873658361,0.7391473487870729,1.3250332043766424,-8.726276717518711e-05
1.8009999999999124,1,1,1,4,0.00028801126002911317,5.285682209654367,5.312292640639935,5.0,0.5581248125796969,-8.983734069318213e-06,0.43530964261978466,-0.00021122056080596796,-1.302240983550973e-06,-0.0006413039783678473,0.5580257014049094,-9.769049428614944e-06,9.911428599341013e-05,0.06467190011965576,0.0,0.0,1.0,-0.0033962392357666316,-0.0033999576752997123,0.0,0.0,-0.00020245172457435028,-0.0033962392357666316,0.0,-0.0,0.0,-0.002607852298340233,-0.002613219473300229,0.0,0.0,-0.00017606090635114525,0.055,0.29982393909364846,0.2973921477016599,0.0,0.0,0.0,4.167677414231372e-07,0,0,0,0,0,inf,inf,0,0,0.0,1.4210672202643229,-4.828928706565849e-06,-0.003895102066137835,-6.28450444969368e-06,-1.6507327797356772,-1.070060792732996e-05,1.6457089902201791,-0.7853096733435713,-6.025471752334613e-06,-0.0034978289321741986,-7.241828768729614e-06,-0.006497166127442869,2.3486520679079247e-05,0.005754773490661527,-1.6123345873265695e-05,-0.0004459386176157386,-23.40533104138834,-0.004401319726385537,17.11529044678995,0.7391410438167955,1.325611433727162,-8.53931562872911e-05,-0.0004459386176157386,-23.40533104138834,-0.004401319726385537,17.11529044678995,0.7391410438167955,1.325611433727162,-8.53931562872911e-05
1.8109999999999113,1,1,1,4,0.0002821986823546554,5.279754755150018,5.308357945067605,5.0,0.5581227313038755,-8.996727312228623e-06,0.43530331005473344,-0.00020563520032974156,-1.2968252927227695e-06,-0.0006267165439444165,0.5580257014049094,-9.769049428614944e-06,9.703297261664184e-05,0.06311468930147392,0.0,0.0,1.0,-0.0033151160196131465,-0.0033187638746878783,0.0,0.0,-0.00019769267660617668,-0.0033151160196131465,0.0,-0.0,0.0,-0.002641367050413827,-0.0026467710226433638,0.0,0.0,-0.00017805916862790287,0.055,0.2998219408313717,0.2973586329495863,0.0,0.0,0.0,4.057102617501648e-07,0,0,0,0,0,inf,inf,0,0,0.0,1.4210031241637715,-4.888952391551629e-06,-0.003929597618215337,-6.356016719158546e-06,-1.6507968758362286,-1.0468066835188836e-05,1.6457657682566162,-0.785309833037755,-5.983351816775099e-06,-0.0034104453739721217,-7.077724992257428e-06,-0.006338613249786372,2.3065574821207598e-05,0.005615361154424105,-1.5844684990134e-05,-0.00043772438082825116,-23.40778019937727,-0.004428424820262854,17.118419424538445,0.7391348554768346,1.326173814284818,-8.355071858693545e-05,-0.00043772438082825116,-23.40778019937727,-0.004428424820262854,17.118419424538445,0.7391348554768346,1.326173814284818,-8.355071858693545e-05
1.8209999999999102,1,1,1,4,0.00027651760875282896,5.273968657723573,5.304165021430375,5.0,0.5581207046709856,-9.009661386072773e-06,0.4352971218065588,-0.00020026781835871414,-1.290499847875013e-06,-0.0006124126340143525,0.5580257014049094,-9.769049428614944e-06,9.500630102974629e-05,0.0615959984335473,0.0,0.0,1.0,-0.003235765603238632,-0.0032393418512712503,0.0,0.0,-0.00019303126298662575,-0.003235765603238632,0.0,-0.0,0.0,-0.002674080321821591,-0.0026795203793756658,0.0,0.0,-0.0001800103767985769,0.055,0.2998199896232011,0.29732591967817856,0.0,0.0,0.0,3.951751085885666e-07,0,0,0,0,0,inf,inf,0,0,0.0,1.4209405903631593,-4.94854987237149e-06,-0.003963233331498978,-6.425909831971755e-06,-1.6508594096368407,-1.0239680047996136e-05,1.6458211715405964,-0.7853099899869349,-5.940260505721506e-06,-0.0033255921946850815,-6.917516972026919e-06,-0.006184265352872925,2.265433766889681e-05,0.005479457801218337,-1.5573387593506256e-05,-0.00042959583367395936,-23.410166526121465,-0.004454734445809822,17.12147033536579,0.7391287995126377,1.3267213642489857,-8.173601087883268e-05,-0.00042959583367395936,-23.410166526121465,-0.004454734445809822,17.12147033536579,0.7391287995126377,1.3267213642489857,-8.173601087883268e-05
1.8309999999999091,1,1,1,4,0.0002709655331494523,5.268317029464597,5.299766984363979,5.0,0.5581187305701972,-9.022527291728997e-06,0.435291075027209,-0.00019510602191109846,-1.283282825260442e-06,-0.0005983943106749551,0.5580257014049094,-9.769049428614944e-06,9.303216051160513e-05,0.06011479519496642,0.0,0.0,1.0,-0.003158182364596455,-0.0031616865009782037,0.0,0.0,-0.00018846793052222478,-0.003158182364596455,0.0,-0.0,0.0,-0.0027060098165015765,-0.002711485240153368,0.0,0.0,-0.0001819155101432626,0.055,0.2998180844898565,0.2972939901834986,0.0,0.0,0.0,3.8511996626303966e-07,0,0,0,0,0,inf,inf,0,0,0.0,1.4208795774862395,-5.007709367052742e-06,-0.003996033987385457,-6.494219925715248e-06,-1.6509204225137606,-1.001536134719927e-05,1.645875234684331,-0.7853101442577978,-5.895835789317697e-06,-0.003243175106246336,-6.760707910414125e-06,-0.0060340002040169165,2.2250896597189707e-05,0.005346976536664978,-1.5308222879998823e-05,-0.0004215589287953387,-23.412493955854167,-0.004480280017772134,17.12444729067606,0.7391228881038646,1.3272549874189388,-7.994958813112548e-05,-0.0004215589287953387,-23.412493955854167,-0.004480280017772134,17.12444729067606,0.7391228881038646,1.3272549874189388,-7.994958813112548e-05
1.840999999999908,1,1,1,4,0.0002655399269338157,5.262793759314894,5.295208956681426,5.0,0.5581168070098207,-9.035316222955303e-06,0.43528516685723895,-0.00019013827928308945,-1.2751946716896228e-06,-0.0005846620131479988,0.5580257014049094,-9.769049428614944e-06,9.11085594808482e-05,0.05867008022184395,0.0,0.0,1.0,-0.0030823532984102695,-0.0030857852321897958,0.0,0.0,-0.00018400260550864998,-0.0030823532984102695,0.0,-0.0,0.0,-0.0027371731400652427,-0.002742683207894404,0.0,0.0,-0.0001837755494504414,0.055,0.29981622445054923,0.29726282685993494,0.0,0.0,0.0,3.755073216320606e-07,0,0,0,0,0,inf,inf,0,0,0.0,1.4208200453692914,-5.066415967425686e-06,-0.004028023449343638,-6.560978726271799e-06,-1.6509799546307087,-9.795041427119107e-06,1.6459279914303606,-0.7853102959058722,-5.8498039426540394e-06,-0.0031631043237135637,-6.606900013483064e-06,-0.005887697445513297,2.1853732659578005e-05,0.005217830429195157,-1.5048165885306074e-05,-0.00041361903708807583,-23.41476591245085,-0.004505091406060155,17.127353928146697,0.7391171303050788,1.327775488637455,-7.819196791128255e-05,-0.00041361903708807583,-23.41476591245085,-0.004505091406060155,17.127353928146697,0.7391171303050788,1.327775488637455,-7.819196791128255e-05
1.850999999999907,1,1,1,4,0.00026023825384344137,5.2573934032947855,5.290529237522308,5.0,0.5581149321090189,-9.048019596921823e-06,0.4352793944401607,-0.0001853538612292747,-1.2662592851062936e-06,-0.000571214888602185,0.5580257014049094,-9.769049428614944e-06,8.923361720726838e-05,0.05726088568370633,0.0,0.0,1.0,-0.0030082596531541693,-0.0030116196221693665,0.0,0.0,-0.00017963479997781717,-0.0030082596531541693,0.0,-0.0,0.0,-0.002767587735256321,-0.0027731317263043095,0.0,0.0,-0.00018559147241418118,0.055,0.29981440852758545,0.29723241226474384,0.0,0.0,0.0,3.663037472709768e-07,0,0,0,0,0,inf,inf,0,0,0.0,1.42076195503929,-5.124652465907569e-06,-0.004059224706715571,-6.626214461007393e-06,-1.65103804496071,-9.578664271123236e-06,1.6459794746544023,-0.7853104449774673,-5.80196931895607e-06,-0.0030852943422191715,-6.455780645723699e-06,-0.005745239130320238,2.146166433896132e-05,0.0050919330755772145,-1.4792375583627655e-05,-0.00040578094993033476,-23.41698538551978,-0.0045291969888314396,17.130193480108037,0.7391115324710584,1.3282835869723555,-7.646360789212243e-05,-0.00040578094993033476,-23.41698538551978,-0.0045291969888314396,17.130193480108037,0.7391115324710584,1.3282835869723555,-7.646360789212243e-05
1.8609999999999058,1,1,1,4,0.00025505798185051966,5.2521110903872845,5.285760300236982,5.0,0.5581131040900992,-9.06062909100223e-06,0.4352737549338387,-0.00018074278413685618,-1.256504624057105e-06,-0.0005580510612891483,0.5580257014049094,-9.769049428614944e-06,8.740555610350764e-05,0.055886273961021214,0.0,0.0,1.0,-0.0029358782528362245,-0.0029391667547267815,0.0,0.0,-0.00017536369823154322,-0.0029358782528362245,0.0,-0.0,0.0,-0.0027972708319919156,-0.002802848029158646,0.0,0.0,-0.0001873642499820993,0.055,0.2998126357500175,0.2972027291680083,0.0,0.0,0.0,3.5747932577813246e-07,0,0,0,0,0,inf,inf,0,0,0.0,1.4207052686875468,-5.18240008081933e-06,-0.0040896599163131415,-6.689952638744665e-06,-1.6510947313124533,-9.366184064810184e-06,1.6460297163731632,-0.7853105915113913,-5.752204317657847e-06,-0.0030096637189037257,-6.307109475703771e-06,-0.005606510111759697,2.1073796036871304e-05,0.004969199044018794,-1.4540173134619171e-05,-0.0003980488876372848,-23.419154995064705,-0.0045526237085626005,17.132968831710517,0.7391060986549588,1.3287799269888785,-7.476489298241397e-05,-0.0003980488876372848,-23.419154995064705,-0.0045526237085626005,17.132968831710517,0.7391060986549588,1.3287799269888785,-7.476489298241397e-05
1.8709999999999047,1,1,1,4,0.00024999659260491105,5.246942441883124,5.280929644782592,5.0,0.5581113212713549,-9.073136686112125e-06,0.4352682455194793,-0.0001762957558048622,-1.2459628782662917e-06,-0.000545167851291716,0.5580257014049094,-9.769049428614944e-06,8.562269456570348e-05,0.05454533641018714,0.0,0.0,1.0,-0.0028651825627309486,-0.0028684002989136054,0.0,0.0,-0.00017118822726770662,-0.0028651825627309486,0.0,-0.0,0.0,-0.0028262394091692674,-0.0028318491014933576,0.0,0.0,-0.00018909484347738757,0.055,0.2998109051565222,0.29717376059083095,0.0,0.0,0.0,3.4900716762134496e-07,0,0,0,0,0,inf,inf,0,0,0.0,1.4206499496401217,-5.239639083758292e-06,-0.004119350441867878,-6.752216707537185e-06,-1.6511500503598784,-9.157562595913097e-06,1.646078747756013,-0.785310735540458,-5.7004398164702914e-06,-0.0029361348611678145,-6.160706792738376e-06,-0.00547139831646484,2.068947175935759e-05,0.0048495442164366905,-1.4291021018527875e-05,-0.00039042651508255075,-23.421277046435602,-0.004575397132089894,17.135682570417053,0.7391008309715772,1.3292650884054182,-7.309612888647492e-05,-0.00039042651508255075,-23.421277046435602,-0.004575397132089894,17.135682570417053,0.7391008309715772,1.3292650884054182,-7.309612888647492e-05
1.8809999999999036,1,1,1,4,0.0002450515888863516,5.241883502295076,5.276060525812114,5.0,0.5581095820604376,-9.085534707243023e-06,0.43526286340866327,-0.00017200412418618086,-1.234670316004314e-06,-0.0005325619521269905,0.5580257014049094,-9.769049428614944e-06,8.388344034562968e-05,0.05323719220481839,0.0,0.0,1.0,-0.002796143547172963,-0.0027992913773958,0.0,0.0,-0.00016710711404898632,-0.002796143547172963,0.0,-0.0,0.0,-0.002854510165950472,-0.002860151650389197,0.0,0.0,-0.00019078420235053837,0.055,0.299809215797649,0.2971454898340498,0.0,0.0,0.0,3.408630302805926e-07,0,0,0,0,0,inf,inf,0,0,0.0,1.4205959623260294,-5.296349334672602e-06,-0.004148316891402774,-6.81302860240931e-06,-1.6512040376739707,-8.952767088314792e-06,1.646126599139608,-0.7853108770927916,-5.646656237670806e-06,-0.0028646338222331046,-6.016443063752117e-06,-0.005339794924450152,2.0308234070130685e-05,0.004732886048027198,-1.4044503514199571e-05,-0.00038291696113708774,-23.42335357702279,-0.004597541511457827,17.138337028127633,0.7390957299238223,1.329739594382141,-7.145754049709497e-05,-0.00038291696113708774,-23.42335357702279,-0.004597541511457827,17.138337028127633,0.7390957299238223,1.329739594382141,-7.145754049709497e-05
1.8909999999999025,1,1,1,4,0.0002402205004472793,5.236930680207832,5.271172574562096,5.0,0.5581078849482232,-9.097815863256302e-06,0.4352576058487971,-0.0001678598292726164,-1.2226669060616057e-06,-0.0005202295747620985,0.5580257014049094,-9.769049428614944e-06,8.218628441601369e-05,0.051960987243886696,0.0,0.0,1.0,-0.002728730358545738,-0.0027318092640721647,0.0,0.0,-0.00016311893202537443,-0.002728730358545738,0.0,-0.0,0.0,-0.0028820995006676527,-0.002887772083471355,0.0,0.0,-0.00019243326244285856,0.055,0.29980756673755665,0.2971179004993327,0.0,0.0,0.0,3.33024979578661e-07,0,0,0,0,0,inf,inf,0,0,0.0,1.4205432722440674,-5.35251073157067e-06,-0.004176579152603309,-6.872409195492393e-06,-1.6512567277559327,-8.7517684182911e-06,1.6461733000447325,-0.785311016192944,-5.590875347029066e-06,-0.0027950901047137993,-5.874229727049208e-06,-0.0052115944757596,1.9929788140337395e-05,0.004619143759291852,-1.380030876354909e-05,-0.0003755228449298378,-23.425386395932847,-0.004619079848842396,17.14093431703796,0.7390907946900868,1.330203918642662,-6.984927334246599e-05,-0.0003755228449298378,-23.425386395932847,-0.004619079848842396,17.14093431703796,0.7390907946900868,1.330203918642662,-6.984927334246599e-05
1.9009999999999014,1,1,1,4,0.0002355008885388801,5.232080697658322,5.266282330013785,5.0,0.5581062285031388,-9.109973280200468e-06,0.4352524701272743,-0.00016385535817528598,-1.209995792901358e-06,-0.0005081665642240766,0.5580257014049094,-9.769049428614944e-06,8.052979529732612e-05,0.050715893120504424,0.0,0.0,1.0,-0.0026629108893038373,-0.002665921943134167,0.0,0.0,-0.0001592221388822502,-0.0026629108893038373,0.0,-0.0,0.0,-0.0029090234958410854,-0.0029147264935993175,0.0,0.0,-0.00019404294466548243,0.055,0.2998059570553341,0.2970909765041592,0.0,0.0,0.0,3.254731301520287e-07,0,0,0,0,0,inf,inf,0,0,0.0,1.420491845928902,-5.408103582481329e-06,-0.004204156426270488,-6.930378660681269e-06,-1.651308154071098,-8.554539663635245e-06,1.646218879194746,-0.7853111528628436,-5.533152831057042e-06,-0.0027274364726591147,-5.7340111725783794e-06,-0.005086694919516734,1.955397058327857e-05,0.00450823847315824,-1.3558212543390355e-05,-0.00036824630248578704,-23.427377117697766,-0.004640033959164989,17.143476360177125,0.739086023376901,1.3306584916089228,-6.82713970887173e-05,-0.00036824630248578704,-23.427377117697766,-0.004640033959164989,17.143476360177125,0.739086023376901,1.3306584916089228,-6.82713970887173e-05
1.9109999999999003,1,1,1,4,0.00023089034937831456,5.227330546835335,5.261403692552604,5.0,0.5581046113659275,-9.122000530566822e-06,0.4352474535746007,-0.00015998370336398673,-1.1967026885659623e-06,-0.0004963684938562264,0.5580257014049094,-9.769049428614944e-06,7.891261382159881e-05,0.0495011061447429,0.0,0.0,1.0,-0.0025986522129180607,-0.0026015965557477944,0.0,0.0,-0.00015541510712424998,-0.0025986522129180607,0.0,-0.0,0.0,-0.0029352979080873934,-0.0029410306485097965,0.0,0.0,-0.00019561415401526301,0.055,0.2998043858459843,0.2970647020919129,0.0,0.0,0.0,3.181893932449701e-07,0,0,0,0,0,inf,inf,0,0,0.0,1.4204416509169229,-5.46310890751517e-06,-0.0042310672579422,-6.986956764255588e-06,-1.6513583490830772,-8.36105493996184e-06,1.6462633645351492,-0.7853112871225896,-5.4735716604208006e-06,-0.002661608772331674,-5.5957578295331955e-06,-0.0049649976182112926,1.9180722676915244e-05,0.004400093307703264,-1.3318063757687203e-05,-0.0003610890180100431,-23.429327190911557,-0.004660424535018567,17.145964917416826,0.7390814132360967,1.3311037056893786,-6.672391048481992e-05,-0.0003610890180100431,-23.429327190911557,-0.004660424535018567,17.145964917416826,0.7390814132360967,1.3311037056893786,-6.672391048481992e-05
1.9209999999998992,1,1,1,4,0.00022638651675652068,5.222677453056088,5.256548311426934,5.0,0.5581030322448076,-9.133891654877666e-06,0.4352425535666811,-0.0001562383239704196,-1.1828352295200811e-06,-0.00048483074135210547,0.5580257014049094,-9.769049428614944e-06,7.733344829222412e-05,0.048315846416306575,0.0,0.0,1.0,-0.0025359209348088025,-0.0025387997556602197,0.0,0.0,-0.00015169614881338609,-0.0025359209348088025,0.0,-0.0,0.0,-0.0029609381619265084,-0.0029666999844097674,0.0,0.0,-0.00019714777886337142,0.055,0.2998028522211363,0.2970390618380738,0.0,0.0,0.0,3.111572927012287e-07,0,0,0,0,0,inf,inf,0,0,0.0,1.4203926557122513,-5.517508678809319e-06,-0.00425732956777094,-7.042163092033143e-06,-1.6514073442877488,-8.17128848262989e-06,1.646306783253876,-0.7853114189911125,-5.4122362216212856e-06,-0.002597545761823789,-5.459460267383377e-06,-0.004846407317602165,1.881006754914431e-05,0.004294633433181649,-1.3079771597170929e-05,-0.0003540522547310637,-23.43123792255368,-0.004680271208894253,17.148401607633662,0.7390769608521087,1.331539919849261,-6.52067468135598e-05,-0.0003540522547310637,-23.43123792255368,-0.004680271208894253,17.148401607633662,0.7390769608521087,1.331539919849261,-6.52067468135598e-05
1.9309999999998981,1,1,1,4,0.00022198706394729786,5.218118843124183,5.251725915662382,5.0,0.5581014899110067,-9.145641177722393e-06,0.43523776752642657,-0.00015261311002120708,-1.1684423349800986e-06,-0.0004735485499416348,0.5580257014049094,-9.769049428614944e-06,7.579107001695917e-05,0.047159356942992225,0.0,0.0,1.0,-0.0024746834703863133,-0.0024774979910460264,0.0,0.0,-0.00014806353553564592,-0.0024746834703863133,0.0,-0.0,0.0,-0.002985959346684345,-0.002991749602707037,0.0,0.0,-0.00019864469046423312,0.055,0.2998013553095354,0.29701404065331605,0.0,0.0,0.0,3.0436177841358284e-07,0,0,0,0,0,inf,inf,0,0,0.0,1.4203448297531953,-5.571286005852781e-06,-0.004282960678746249,-7.096017222638144e-06,-1.6514551702468048,-7.98521393704763e-06,1.6463491618019948,-0.7853115484867121,-5.349267181210028e-06,-0.002535188949489804,-5.325124209795421e-06,-0.0047308320906074815,1.8442090892708464e-05,0.004191786100554566,-1.2843294288435022e-05,-0.0003471368875634334,-23.433110498646922,-0.004699592615213061,17.150787927596497,0.7390726623003001,1.3319674635624676,-6.371978004669323e-05,-0.0003471368875634334,-23.433110498646922,-0.004699592615213061,17.150787927596497,0.7390726623003001,1.3319674635624676,-6.371978004669323e-05
1.940999999999897,1,1,1,4,0.00021768970505761567,5.213652318297424,5.246944596681422,5.0,0.5580999831946348,-9.15724411698103e-06,0.43523309292481926,-0.000149102349443608,-1.153573592301148e-06,-0.00046251707748779143,0.5580257014049094,-9.769049428614944e-06,7.428430918139413e-05,0.04603090280167329,0.0,0.0,1.0,-0.0024149062641240756,-0.0024176577266769497,0.0,0.0,-0.00014451551447669514,-0.0024149062641240756,0.0,-0.0,0.0,-0.0030103762158412324,-0.003016194269220607,0.0,0.0,-0.00020010574264207686,0.055,0.29979989425735754,0.2969896237841592,0.0,0.0,0.0,2.977890833720125e-07,0,0,0,0,0,inf,inf,0,0,0.0,1.42029814337938,-5.624425273267129e-06,-0.0043079773433494185,-7.148538855456951e-06,-1.65150185662062,-7.802803824366531e-06,1.6463905259145621,-0.7853116756274948,-5.284797035749609e-06,-0.0024744824410692567,-5.192766360644133e-06,-0.0046181832619062715,1.8076924794537815e-05,0.0040914806474432715,-1.2608629313349933e-05,-0.0003403434348793238,-23.434946001798263,-0.0047184064495875335,17.153125268069953,0.7390685132814995,1.3323866402367412,-6.226283046640541e-05,-0.0003403434348793238,-23.434946001798263,-0.0047184064495875335,17.153125268069953,0.7390685132814995,1.3323866402367412,-6.226283046640541e-05
1.950999999999896,1,1,1,4,0.00021349219593083581,5.2092756312022725,5.242211049676259,5.0,0.5580985109808764,-9.168695987734112e-06,0.43522852728154693,-0.00014570069767354276,-1.1382786877664382e-06,-0.00045173143574575727,0.5580257014049094,-9.769049428614944e-06,7.281205104066775e-05,0.044929770338442934,0.0,0.0,1.0,-0.0023565559609768595,-0.002359245617857734,0.0,0.0,-0.00014105032132379533,-0.0023565559609768595,0.0,-0.0,0.0,-0.0030342031883005684,-0.0030400484153389478,0.0,0.0,-0.00020153177162024886,0.055,0.2997984682283794,0.2969657968116999,0.0,0.0,0.0,2.914265881031246e-07,0,0,0,0,0,inf,inf,0,0,0.0,1.4202525677997133,-5.676912237609792e-06,-0.004332395768726313,-7.199747900861662e-06,-1.6515474322002868,-7.624029153614208e-06,1.6464309006314395,-0.7853118004317173,-5.218966293937082e-06,-0.0024153727953013953,-5.062410944386264e-06,-0.004508375318633307,1.7714734284000618e-05,0.003993648486380191,-1.2375804973269505e-05,-0.0003336720899920273,-23.436745426090226,-0.004736729526088519,17.15541492754976,0.7390645092338236,1.3327977301870564,-6.0835670900156064e-05,-0.0003336720899920273,-23.436745426090226,-0.004736729526088519,17.15541492754976,0.7390645092338236,1.3327977301870564,-6.0835670900156064e-05
1.9609999999998948,1,1,1,4,0.00020939233468050735,5.204986666128525,5.2375307797554695,5.0,0.5580970722064705,-9.17999279933968e-06,0.43522406816528125,-0.00014240314969296854,-1.122606893428685e-06,-0.00044118672162471483,0.5580257014049094,-9.769049428614944e-06,7.13732323997996e-05,0.043855266406379725,0.0,0.0,1.0,-0.0022995995393411237,-0.002302228645432395,0.0,0.0,-0.00013766619058116458,-0.0022995995393411237,0.0,-0.0,0.0,-0.0030574543511533423,-0.003063326140696641,0.0,0.0,-0.00020292359596488617,0.055,0.2997970764040348,0.2969425456488471,0.0,0.0,0.0,2.852627050848218e-07,0,0,0,0,0,inf,inf,0,0,0.0,1.4202080750612966,-5.72873408921346e-06,-0.004356231640461844,-7.249664539336989e-06,-1.6515919249387034,-7.448859155072992e-06,1.646470310317911,-0.7853119229180545,-5.1519202347074174e-06,-0.002357808887770627,-4.934086869503404e-06,-0.004401325811450129,1.735570624234388e-05,0.003898223079337148,-1.2144873176192003e-05,-0.0003271227524207396,-23.438509689721023,-0.004754577832723651,17.15765812398179,0.7390606454256072,1.3332009932194686,-5.9438032048923725e-05,-0.0003271227524207396,-23.438509689721023,-0.004754577832723651,17.15765812398179,0.7390606454256072,1.3332009932194686,-5.9438032048923725e-05
1.9709999999998937,1,1,1,4,0.00020538796194161015,5.20078342221272,5.232908278006923,5.0,0.5580956658564576,-9.191131050243352e-06,0.4352197131936879,-0.00013920501432204517,-1.1066066165993457e-06,-0.0004308780419531373,0.5580257014049094,-9.769049428614944e-06,6.996683836006323e-05,0.0428067176377193,0.0,0.0,1.0,-0.0022440044130218263,-0.0022465742194107932,0.0,0.0,-0.00013436136377795077,-0.0022440044130218263,0.0,-0.0,0.0,-0.003080143463596235,-0.0030860412170228705,0.0,0.0,-0.00020428201661979478,0.055,0.2997957179833799,0.29691985653640424,0.0,0.0,0.0,2.792867754106406e-07,0,0,0,0,0,inf,inf,0,0,0.0,1.4201646380193653,-5.779879484507953e-06,-0.004379500145036783,-7.2983092552704825e-06,-1.6516353619806348,-7.277261113136005e-06,1.646508778684987,-0.7853120431058012,-5.083806184445033e-06,-0.002301741782682461,-4.807825430660543e-06,-0.004296955249384143,1.7000040344588178e-05,0.003805139901788274,-1.1915903308819055e-05,-0.0003206950558797671,-23.44023964573034,-0.004771966582205222,17.159856004766525,0.7390569170327952,1.3335966708815599,-5.806960798393308e-05,-0.0003206950558797671,-23.44023964573034,-0.004771966582205222,17.159856004766525,0.7390569170327952,1.3335966708815599,-5.806960798393308e-05
1.9809999999998926,1,1,1,4,0.00020147696089159364,5.196663999092006,5.228347171869313,5.0,0.5580942909611744,-9.202107715668165e-06,0.4352154600332178,-0.000136101890598508,-1.090325013678008e-06,-0.00042080053297337207,0.5580257014049094,-9.769049428614944e-06,6.859189931423099e-05,0.04178346974864801,0.0,0.0,1.0,-0.002189738508271021,-0.0021922502573529486,0.0,0.0,-0.00013113409596035837,-0.002189738508271021,0.0,-0.0,0.0,-0.003102283961727805,-0.003108207092882817,0.0,0.0,-0.00020560781701367968,0.055,0.29979439218298604,0.2968977160382727,0.0,0.0,0.0,2.73488980691055e-07,0,0,0,0,0,inf,inf,0,0,0.0,1.4201222303083019,-5.830338553707133e-06,-0.00440221599104441,-7.345702850364617e-06,-1.6516777696916982,-7.109200279937948e-06,1.6465463288093056,-0.785312161015018,-5.014771257363321e-06,-0.002247124612240004,-4.683658472639728e-06,-0.0041951869911028734,1.6647941741842334e-05,0.003714336398947579,-1.1688977082670961e-05,-0.00031438839749444933,-23.44193609109987,-0.004788910262558721,17.162009655303727,0.7390533192005082,1.333984988424721,-5.673006091822165e-05,-0.00031438839749444933,-23.44193609109987,-0.004788910262558721,17.162009655303727,0.7390533192005082,1.333984988424721,-5.673006091822165e-05
1.9909999999998915,1,1,1,4,0.00019765725708312167,5.192626584671156,5.223850353563556,5.0,0.5580929465934719,-9.212920234514759e-06,0.43521130639872196,-0.00013308964608162863,-1.0738076679245068e-06,-0.00041094937556486965,0.5580257014049094,-9.769049428614944e-06,6.724748816488021e-05,0.04078488687560104,0.0,0.0,1.0,-0.0021367703208146167,-0.002139225242485267,0.0,0.0,-0.00012798266078692326,-0.0021367703208146167,0.0,-0.0,0.0,-0.0031238889640013375,-0.003129836899087721,0.0,0.0,-0.00020690176322437558,0.055,0.2997930982367753,0.2968761110359992,0.0,0.0,0.0,2.6786025848651434e-07,0,0,0,0,0,inf,inf,0,0,0.0,1.4200808263137428,-5.880102888200483e-06,-0.004424393429241112,-7.391866440908649e-06,-1.6517191736862573,-6.944639853806013e-06,1.6465829831525625,-0.7853122766666297,-4.944960506562948e-06,-0.0021939124632711846,-4.561616948412538e-06,-0.004095947134701048,1.6299615227456898e-05,0.0036257519363232667,-1.146418422859845e-05,-0.0003082019631219372,-23.443599774471387,-0.004805422682715728,17.164120106295137,0.7390498470941366,1.3343661565192275,-5.541902579615626e-05,-0.0003082019631219372,-23.443599774471387,-0.004805422682715728,17.164120106295137,0.7390498470941366,1.3343661565192275,-5.541902579615626e-05
2.0009999999998906,1,1,1,4,0.00019392681814209192,5.188669444689555,5.219420089787667,5.0,0.558091631866141,-9.223566491740452e-06,0.43520725005294164,-0.00013016439692819034,-1.0570983284603508e-06,-0.0004013198070113056,0.5580257014049094,-9.769049428614944e-06,6.593271774958143e-05,0.03981035094028732,0.0,0.0,1.0,-0.0020850689568605685,-0.002087468265588981,0.0,0.0,-0.0001249053544889708,-0.0020850689568605685,0.0,-0.0,0.0,-0.0031449712771569114,-0.0031509434545938715,0.0,0.0,-0.00020816460418759532,0.055,0.29979183539581206,0.2968550287228436,0.0,0.0,0.0,2.623922349088304e-07,0,0,0,0,0,inf,inf,0,0,0.0,1.420040401145793,-5.9291655114738225e-06,-0.004446046271501447,-7.436821442504406e-06,-1.651759598854207,-6.783541008989079e-06,1.6466187635804201,-0.7853123900824859,-4.874515434794711e-06,-0.0021420622707492938,-4.441729809137357e-06,-0.003999164407606436,1.5955260654337838e-05,0.0035393277463126047,-1.1241618942532915e-05,-0.00030213475239888903,-23.445231402692475,-0.004821517016564921,17.166188339989663,0.7390464959389592,1.3347403727548073,-5.413611439328653e-05,-0.00030213475239888903,-23.445231402692475,-0.004821517016564921,17.166188339989663,0.7390464959389592,1.3347403727548073,-5.413611439328653e-05
2.0109999999998895,1,1,1,4,0.00019028365334774946,5.184790913829643,5.215058115410879,5.0,0.5580903459295288,-9.234044798090034e-06,0.4352032888058911,-0.00012732248959595094,-1.04023870659412e-06,-0.00039190712997588903,0.5580257014049094,-9.769049428614944e-06,6.464673845774186e-05,0.038859261042812204,0.0,0.0,1.0,-0.0020346041613195378,-0.002036949053931038,0.0,0.0,-0.00012190049890872165,-0.0020346041613195378,0.0,-0.0,0.0,-0.0031655434024908187,-0.0031715392727467836,0.0,0.0,-0.00020939707194005081,0.055,0.2997906029280596,0.2968344565975097,0.0,0.0,0.0,2.5707715697499075e-07,0,0,0,0,0,inf,inf,0,0,0.0,1.4200009306133303,-5.977520836902997e-06,-0.0044671879087446464,-7.48058954527139e-06,-1.6517990693866698,-6.625862965253082e-06,1.6466536913808725,-0.7853125012853882,-4.803572819581967e-06,-0.002091532717844074,-4.324023173862524e-06,-0.0039047700578250595,1.5615069408645984e-05,0.0034550068722205155,-1.1021376972706379e-05,-0.000296185601681203,-23.446831646364522,-0.004837205843967364,17.168215295528157,0.739043261051579,1.3351078229564397,-5.288091906841887e-05,-0.000296185601681203,-23.446831646364522,-0.004837205843967364,17.168215295528157,0.739043261051579,1.3351078229564397,-5.288091906841887e-05
2.0209999999998884,1,1,1,4,0.0001867258131303109,5.180989388135554,5.210765713503211,5.0,0.5580890879693283,-9.24435386996031e-06,0.435199420514166,-0.00012456048404041944,-1.0232683242541146e-06,-0.00038270671922565073,0.5580257014049094,-9.769049428614944e-06,6.33887360204284e-05,0.037931032880922026,0.0,0.0,1.0,-0.001985346335856747,-0.0019876379898875725,0.0,0.0,-0.00011896644378938222,-0.001985346335856747,0.0,-0.0,0.0,-0.0031856175423493204,-0.003191636567756036,0.0,0.0,-0.0002105998818887114,0.055,0.29978940011811095,0.2968143824576512,0.0,0.0,0.0,2.519078354974746e-07,0,0,0,0,0,inf,inf,0,0,0.0,1.4199623911993882,-6.0251646153246385e-06,-0.004487831327895856,-7.523192682062007e-06,-1.651837608800612,-6.4715630877544425e-06,1.6466877872820385,-0.7853126102990939,-4.732263809691045e-06,-0.002042284142143965,-4.2085197314345255e-06,-0.0038126977474394873,1.5279221765544666e-05,0.003372734110801667,-1.08035532746465e-05,-0.0002903532045912651,-23.44840114454583,-0.004852501188334607,17.170201873521833,0.7390401378642911,1.3354686823396478,-5.1653016170692615e-05,-0.0002903532045912651,-23.44840114454583,-0.004852501188334607,17.170201873521833,0.7390401378642911,1.3354686823396478,-5.1653016170692615e-05
2.0309999999998873,1,1,1,4,0.00018325138849864444,5.177263318553335,5.206543783695231,5.0,0.5580878572045324,-9.254492806160642e-06,0.435195643080192,-0.00012187513828026191,-1.0062244093138682e-06,-0.00037371402654599477,0.5580257014049094,-9.769049428614944e-06,6.215792946431402e-05,0.03702509819403679,0.0,0.0,1.0,-0.0019372665488955217,-0.0019395061214065332,0.0,0.0,-0.00011610156845922365,-0.0019372665488955217,0.0,-0.0,0.0,-0.0032052056067570943,-0.0032112472613098695,0.0,0.0,-0.00021177373309952489,0.055,0.29978822626690005,0.29679479439324336,0.0,0.0,0.0,2.468775969482437e-07,0,0,0,0,0,inf,inf,0,0,0.0,1.419924760037588,-6.072093874882908e-06,-0.00450798912794188,-7.564652991781609e-06,-1.6518752399624121,-6.320597009214049e-06,1.6467210714693763,-0.7853127171482963,-4.6607132545572445e-06,-0.0019942784476948837,-4.095238334203341e-06,-0.003722883449028517,1.4947884977617665e-05,0.0032924559541955088,-1.0588240145038608e-05,-0.00028463613189687906,-23.44994050873524,-0.004867414552655956,17.17214893997867,0.7390371219427593,1.335823116528426,-5.0451969051752635e-05,-0.00028463613189687906,-23.44994050873524,-0.004867414552655956,17.17214893997867,0.7390371219427593,1.335823116528426,-5.0451969051752635e-05
2.0409999999998862,1,1,1,4,0.00017985851042731562,5.173611205420819,5.202392900571424,5.0,0.5580866528855281,-9.264461065469781e-06,0.43519195445143877,-0.00011926339421660631,-9.89141832420505e-07,-0.0003649245842033156,0.5580257014049094,-9.769049428614944e-06,6.095356920662178e-05,0.03614090423113628,0.0,0.0,1.0,-0.0018903365392839895,-0.0018925251660413,0.0,0.0,-0.00011330428302596478,-0.0018903365392839895,0.0,-0.0,0.0,-0.003224319220109595,-0.0032303829892577685,0.0,0.0,-0.0002129193086001996,0.055,0.2997870806913993,0.29677568077989086,0.0,0.0,0.0,2.419802336406062e-07,0,0,0,0,0,inf,inf,0,0,0.0,1.4198880148895878,-6.1183068552907325e-06,-0.004527673535137703,-7.60499277953821e-06,-1.6519119851104123,-6.17291876777358e-06,1.6467535636023194,-0.7853128218585897,-4.589039232390265e-06,-0.0019474790225127538,-3.984193749037575e-06,-0.0036352653454808305,1.4621211969008805e-05,0.00321412053193427,-1.037552576424189e-05,-0.0002790328490327757,-23.45145032624781,-0.0048819569523224785,17.17405732967268,0.7390342089991105,1.336171282450593,-4.927733077209287e-05,-0.0002790328490327757,-23.45145032624781,-0.0048819569523224785,17.17405732967268,0.7390342089991105,1.336171282450593,-4.927733077209287e-05
2.050999999999885,1,1,1,4,0.000176545349197226,5.170031593772479,5.198313363551472,5.0,0.5580854742923334,-9.274258441295862e-06,0.43518835261959665,-0.00011672236459899646,-9.720530798161382e-07,-0.0003563340072472888,0.5580257014049094,-9.769049428614944e-06,5.9774935291650904e-05,0.03527791324101991,0.0,0.0,1.0,-0.0018445287150065913,-0.0018466675099551425,0.0,0.0,-0.0001105730291757089,-0.0018445287150065913,0.0,-0.0,0.0,-0.0032429697278738034,-0.00324905510830469,0.0,0.0,-0.00021403727569268446,0.055,0.2997859627243068,0.29675703027212663,0.0,0.0,0.0,2.3720996475818022e-07,0,0,0,0,0,inf,inf,0,0,0.0,1.4198521341235113,-6.163802938316041e-06,-0.004546896417416662,-7.644234475022167e-06,-1.6519478658764888,-6.028480955112851e-06,1.6467852828303342,-0.7853129244564225,-4.517352745694968e-06,-0.0019018506612356121,-3.875396535304913e-06,-0.003549783733518774,1.4299340523905982e-05,0.0031376775535534537,-1.0165493091608585e-05,-0.0002735417328782271,-23.45293116307249,-0.0048961389464521506,17.17592784904129,0.7390313949003144,1.3365133291306335,-4.812864650279496e-05,-0.0002735417328782271,-23.45293116307249,-0.0048961389464521506,17.17592784904129,0.7390313949003144,1.3365133291306335,-4.812864650279496e-05
2.060999999999884,2,1,1,4,0.00017331214658525187,5.165820179827295,5.194235482340918,5.0,0.5580843729000066,-9.283225819989919e-06,0.43518483560069166,-9.961859720494223e-05,-7.702223641249073e-07,-0.0003479445008347075,0.5580850261853869,-9.278129556426342e-06,6.533052579600176e-07,0.034429362704998606,1.1308461824966476e-08,1.1308461824966476e-08,1.0,-0.0017974097568094626,-0.0017994625741125543,0.0,0.0,-0.00010618004764322757,-0.0017974097568094626,0.0,-0.0,0.0,-0.0032611548608279506,-0.0032672597391593438,0.0,0.0,-0.00021511803877211652,0.055,0.29978488196122743,0.29673884513917254,0.0,0.0,0.0,2.0420540309391618e-07,0,0,0,0,0,inf,inf,0,0,0.0,1.4198171582482129,-6.207673495769515e-06,-0.004565597969574469,-7.681744709670754e-06,-1.6519828417517872,-5.888058880732487e-06,1.646816366489044,-0.7853130263876311,-4.188324911204451e-06,-0.001836992714852488,-3.5827656876810174e-06,-0.0034485934695105097,1.3740916037837058e-05,0.003095804674796418,-1.0295660901112556e-05,4.812205254210845e-05,-23.44692920449815,-0.00459328773861265,17.192658844811916,0.7391814468784533,1.355478422626787,-4.011403916894061e-05,4.812205254210845e-05,-23.44692920449815,-0.00459328773861265,17.192658844811916,0.7391814468784533,1.355478422626787,-4.011403916894061e-05
2.070999999999883,2,1,1,4,0.000170162652479682,5.163218252183219,5.190268192123447,5.0,0.5580835079842191,-9.289369285222387e-06,0.435181401318935,-7.625961220219038e-05,-4.950609068599431e-07,-0.00033976400603792775,0.5580853769047075,-9.278128778757301e-06,1.8689542907272854e-06,0.03357748258772568,2.548810298957471e-07,2.548810298957471e-07,1.0,-0.0017548624441248537,-0.0017568634085570673,0.0,0.0,-0.00010483371235405792,-0.0017548624441248537,0.0,-0.0,0.0,-0.00327889418305984,-0.003285019301150391,0.0,0.0,-0.00021617269184134996,0.055,0.2997838273081582,0.2967211058169406,0.0,0.0,0.0,7.945707444362114e-07,0,0,0,0,0,inf,inf,0,0,0.0,1.4197832985443153,-6.246948108593711e-06,-0.004583540952587755,-7.715378169336119e-06,-1.6520167014556848,-5.7549672400806466e-06,1.6468471507257538,-0.7853131278892318,-3.7191313652325955e-06,-0.001759400114026702,-3.1876546947426804e-06,-0.00333444746071,1.2943360485158139e-05,0.003062087316188517,-9.94814740891358e-06,3.403164716807237e-05,-23.447747898792045,-0.004625642480802374,17.194620672883424,0.739178829787694,1.356111682160714,-3.266178750792411e-05,3.403164716807237e-05,-23.447747898792045,-0.004625642480802374,17.194620672883424,0.739178829787694,1.356111682160714,-3.266178750792411e-05
2.080999999999882,2,1,1,4,0.0001670932475880951,5.160497453736787,5.186475524649812,5.0,0.5580828627756356,-9.2930310378554e-06,0.43517804774219904,-5.5067542144551386e-05,-2.66576718686888e-07,-0.0003317820616776346,0.5580866442157559,-9.27811410601095e-06,3.7814695422232736e-06,0.03272700428546718,1.1350213259032966e-06,1.1350213259032966e-06,1.0,-0.0017134042846984863,-0.0017153570796493481,0.0,0.0,-0.00010340250445933056,-0.0017134042846984863,0.0,-0.0,0.0,-0.0032962137554404776,-0.0033023586154752402,0.0,0.0,-0.00021721304951404522,0.055,0.2997827869504856,0.29670378624456,0.0,0.0,0.0,1.7487786209025372e-06,0,0,0,0,0,inf,inf,0,0,0.0,1.4197505920425126,-6.281693726346691e-06,-0.004600705790688218,-7.745200888543913e-06,-1.6520494079574874,-5.6302393411131e-06,1.6468775355174097,-0.7853132238436521,-3.2776637633484845e-06,-0.001681122360273478,-2.8180204991521473e-06,-0.0032180420987030084,1.2080287874808145e-05,0.0030181775820293413,-9.287424385580945e-06,2.381020406372676e-05,-23.448115867911625,-0.004653343873321384,17.1977338355589,0.7391773160273843,1.3582114512949313,-2.9209790068744315e-05,2.381020406372676e-05,-23.448115867911625,-0.004653343873321384,17.1977338355589,0.7391773160273843,1.3582114512949313,-2.9209790068744315e-05
2.0909999999998807,2,1,1,4,0.00016410096261989995,5.157741243897444,5.182823448412043,5.0,0.5580824280853357,-9.294596780613856e-06,0.4351747729285357,-3.381926843952804e-05,-7.050092093571677e-08,-0.0003239912033201772,0.5580894166434045,-9.278017214518898e-06,6.988577735346923e-06,0.03188099905399466,3.0604565201018993e-06,3.0604565201018993e-06,1.0,-0.0016733779783938564,-0.0016752853887679994,0.0,0.0,-0.00010230846644895197,-0.0016733779783938564,0.0,-0.0,0.0,-0.003313126312346156,-0.0033192904489475475,0.0,0.0,-0.00021824060518380278,0.055,0.2997817593948158,0.29668687368765434,0.0,0.0,0.0,2.761232538183814e-06,0,0,0,0,0,inf,inf,0,0,0.0,1.4197190675325304,-6.312115176982986e-06,-0.004617074511380036,-7.771461430908086e-06,-1.6520809324674697,-5.514386588789352e-06,1.6469074564479556,-0.7853133128201949,-2.85047464255778e-06,-0.0016000791325535507,-2.472291814751044e-06,-0.0030981298606882085,1.117446913292248e-05,0.0029706034526689445,-8.581339973635025e-06,1.4856409616440816e-05,-23.447928959745827,-0.004678958011232423,17.20206005484284,0.7391769210346198,1.3618618104264046,-2.6642912783130974e-05,1.4856409616440816e-05,-23.447928959745827,-0.004678958011232423,17.20206005484284,0.7391769210346198,1.3618618104264046,-2.6642912783130974e-05
2.1009999999998796,2,1,1,4,0.00016118382439780834,5.155022104538722,5.17929297307503,5.0,0.5580822153867826,-9.294323647121723e-06,0.435171574995837,-1.0568132297580122e-05,1.0509002731882049e-07,-0.000316386527205305,0.5580942785870788,-9.27763256654265e-06,1.2063211843416747e-05,0.031039718539265265,6.437048702087454e-06,6.437048702087454e-06,1.0,-0.0016352248343158241,-0.0016370881975628915,0.0,0.0,-0.00010200422776983589,-0.0016352248343158241,0.0,-0.0,0.0,-0.00332964847934415,-0.0033358314473901124,0.0,0.0,-0.00021926115108183904,0.055,0.29978073884891776,0.29667035152065635,0.0,0.0,0.0,3.831624951402815e-06,0,0,0,0,0,inf,inf,0,0,0.0,1.4196887703147376,-6.338270494149793e-06,-0.004632606411724344,-7.794373151051987e-06,-1.6521112296852625,-5.407815567396085e-06,1.6469369045332949,-0.7853133949298196,-2.42178672586999e-06,-0.001513855533324075,-2.145200577654963e-06,-0.002972759327569041,1.0226666267543005e-05,0.002924165219245395,-7.916383936187525e-06,6.683622502111968e-06,-23.44709827826885,-0.004702915542880475,17.207666915297587,0.7391779916510591,1.36715379005167,-2.3764576852609806e-05,6.683622502111968e-06,-23.44709827826885,-0.004702915542880475,17.207666915297587,0.7391779916510591,1.36715379005167,-2.3764576852609806e-05
2.1109999999998785,2,1,1,4,0.00015834060418787235,5.152403482450373,5.175876789039022,5.0,0.5580822543451438,-9.292356764875622e-06,0.4351684521004388,1.6407431653207644e-05,2.7094531260539347e-07,-0.00030896495597749444,0.5581018087188735,-9.276496994576746e-06,1.955438016130261e-05,0.030201278895896425,1.1666682441021021e-05,1.1666682441021021e-05,1.0,-0.0015995775311930603,-0.0016013963749526327,0.0,0.0,-0.00010307247512284407,-0.0015995775311930603,0.0,-0.0,0.0,-0.0033458022724879954,-0.003352003630512841,0.0,0.0,-0.0002202856458359751,0.055,0.2997797143541637,0.2966541977275125,0.0,0.0,0.0,4.96122351527699e-06,0,0,0,0,0,inf,inf,0,0,0.0,1.4196597682267456,-6.360047793979695e-06,-0.004647235252249608,-7.81407629312227e-06,-1.6521402317732545,-5.311023219915359e-06,1.6469659110630361,-0.785313470701169,-1.973731856767945e-06,-0.0014197971684866285,-1.8278898515895208e-06,-0.0028394532203072894,9.220888728084516e-06,0.0028823069300292583,-7.307349372894678e-06,9.027785673361475e-08,-23.445548028252617,-0.004724338312435691,17.214625302461528,0.7391813346206922,1.3741820922884698,-2.0095178520597532e-05,9.027785673361475e-08,-23.445548028252617,-0.004724338312435691,17.214625302461528,0.7391813346206922,1.3741820922884698,-2.0095178520597532e-05
2.1209999999998774,2,1,1,4,0.00015557062149332192,5.149941255748752,5.172576586457066,5.0,0.5580825907907525,-9.288736316925634e-06,0.4351654024220545,4.864310497013421e-05,4.374615091908295e-07,-0.00030172468156086716,0.55811257839721,-9.273732736730236e-06,2.998761021078956e-05,0.029362200337551356,1.91461632479594e-05,1.91461632479594e-05,1.0,-0.0015673500218191853,-0.001569121838617979,0.0,0.0,-0.00010631112490051653,-0.0015673500218191853,0.0,-0.0,0.0,-0.003361617508342407,-0.0033678367991037904,0.0,0.0,-0.00022133199287143956,0.055,0.2997786680071283,0.2966383824916581,0.0,0.0,0.0,6.150230765840925e-06,0,0,0,0,0,inf,inf,0,0,0.0,1.4196321560935623,-6.377148992010832e-06,-0.004660867298438934,-7.830607194865945e-06,-1.6521678439064378,-5.224725437259787e-06,1.6469945356934892,-0.7853135406275998,-1.4871985690284086e-06,-0.0013150870850894016,-1.5088530951119704e-06,-0.0026953506428073555,8.131402448814319e-06,0.0028474066923744545,-6.7394954582902645e-06,-2.9949819329832488e-06,-23.44321383599186,-0.004741191629759765,17.223007368525618,0.7391882793130078,1.3830424904162097,-1.5431090265053422e-05,-2.9949819329832488e-06,-23.44321383599186,-0.004741191629759765,17.223007368525618,0.7391882793130078,1.3830424904162097,-1.5431090265053422e-05
2.1309999999998763,2,1,1,4,0.00015287359122942348,5.147684852334172,5.169400907373073,5.0,0.5580832850313444,-9.283397153699197e-06,0.43516242415350515,8.751856980511796e-05,6.153858312185245e-07,-0.0002946647432002607,0.5581271501002344,-9.267856354857465e-06,4.3865071642928116e-05,0.02851783385226417,2.926612995953096e-05,2.926612995953096e-05,1.0,-0.0015398253673771121,-0.0015415454883549022,0.0,0.0,-0.00011280901845700606,-0.0015398253673771121,0.0,-0.0,0.0,-0.003377135101474493,-0.0033833718308390725,0.0,0.0,-0.0002224276155299115,0.055,0.2997775723844698,0.296622864898526,0.0,0.0,0.0,7.397721214610936e-06,0,0,0,0,0,inf,inf,0,0,0.0,1.4196060589157606,-6.389081343247221e-06,-0.004673380049664158,-7.843876222512176e-06,-1.6521939410842394,-5.149921330769753e-06,1.6470228570840946,-0.7853136049766396,-9.425064820186676e-07,-0.0011968083130595869,-1.1746832785937365e-06,-0.0025373211680848394,6.9285010057770985e-06,0.0028210039870952973,-6.185362236217383e-06,5.774955009854508e-07,-23.44004143631636,-0.004750191604637097,17.23288490838846,0.7392007363311094,1.3938297574083427,-9.678810637461885e-06,5.774955009854508e-07,-23.44004143631636,-0.004750191604637097,17.23288490838846,0.7392007363311094,1.3938297574083427,-9.678810637461885e-06
2.1409999999998752,2,1,1,4,0.00015024950466094224,5.145678108118071,5.166363418667581,5.0,0.5580844104222403,-9.276161568017604e-06,0.4351595154940805,0.00013428024187041993,8.164913184704566e-07,-0.00028778470921544974,0.5581460758830217,-9.256556511685744e-06,6.166546389782502e-05,0.02766269968952187,4.240998402403737e-05,4.240998402403737e-05,1.0,-0.0015187413474144775,-0.0015204028867694536,0.0,0.0,-0.00012401470746053043,-0.0015187413474144775,0.0,-0.0,0.0,-0.003392411228462684,-0.003398664843437869,0.0,0.0,-0.00022361274968769567,0.055,0.29977638725031197,0.2966075887715379,0.0,0.0,0.0,8.701802737864679e-06,0,0,0,0,0,inf,inf,0,0,0.0,1.4195816340429848,-6.3951538243340854e-06,-0.004684621528544724,-7.853650960191374e-06,-1.6522183659570153,-5.087909460544426e-06,1.647050965527868,-0.785313663705698,-3.197285369021499e-07,-0.001061994984574236,-8.104085204895488e-07,-0.002362056772417314,5.582521492566613e-06,0.002803978084953485,-5.61166283155371e-06,1.535790298188571e-05,-23.435985640980576,-0.004746624477864161,17.244328056112618,0.7392212675716655,1.4066360082287408,-2.789573319286617e-06,1.535790298188571e-05,-23.435985640980576,-0.004746624477864161,17.244328056112618,0.7392212675716655,1.4066360082287408,-2.789573319286617e-06
2.150999999999874,2,1,1,4,0.00014769853656296152,5.1439599285984245,5.163481518691287,5.0,0.5580860521325085,-9.266725303235792e-06,0.43515667464562074,0.00019005852269427307,1.0542578360977666e-06,-0.0002810844387310372,0.558169895862506,-9.236444092147046e-06,8.3843735465698e-05,0.026790756705389326,5.895283862473378e-05,5.895283862473378e-05,1.0,-0.0015063731132533523,-0.0015079669628415688,0.0,0.0,-0.00014179953065023124,-0.0015063731132533523,0.0,-0.0,0.0,-0.003407522332519417,-0.003413792199019683,0.0,0.0,-0.00022494439223586332,0.055,0.2997750556077638,0.29659247766748126,0.0,0.0,0.0,1.0059785949852919e-05,0,0,0,0,0,inf,inf,0,0,0.0,1.4195590725275598,-6.394474829648243e-06,-0.004694410029828382,-7.859540556328713e-06,-1.6522409274724403,-5.040272678310495e-06,1.6470789571491802,-0.7853137164210392,4.01325952494538e-07,-0.0009076743676782197,-3.994387747913506e-07,-0.0021661463069507217,4.0663160692792855e-06,0.002796688473627512,-4.982016466228679e-06,4.750596940648485e-05,-23.431009522838327,-0.004724137099993583,17.25740423252148,0.7392531682826167,1.4215493669746042,5.268711392149828e-06,4.750596940648485e-05,-23.431009522838327,-0.004724137099993583,17.25740423252148,0.7392531682826167,1.4215493669746042,5.268711392149828e-06
2.160999999999873,2,1,1,4,0.00014522097276217696,5.142564801250515,5.160775209600108,5.0,0.5580883060596524,-9.254636668354864e-06,0.4351538998106347,0.0002558808561475215,1.344568372169398e-06,-0.000274563905356699,0.5581991367338924,-9.202778620888555e-06,0.00011083068637228063,0.0258956173853336,7.92604905206672e-05,7.92604905206672e-05,1.0,-0.0015056118052395378,-0.0015071266647065946,0.0,0.0,-0.00016851538863749574,-0.0015056118052395378,0.0,-0.0,0.0,-0.003422570933438983,-0.0034288563142036267,0.0,0.0,-0.00022650085104987638,0.055,0.2997734991489498,0.2965774290665617,0.0,0.0,0.0,1.1468330071175212e-05,0,0,0,0,0,inf,inf,0,0,0.0,1.4195385998119905,-6.3859481260046295e-06,-0.004702534248367984,-7.860977794440025e-06,-1.6522614001880096,-5.008845070873815e-06,1.6471069293371832,-0.7853137623523986,1.241403446526218e-06,-0.0007309016435737224,7.679045073463621e-08,-0.0019461361604189373,2.3565381199826676e-06,0.0027990857350023196,-4.257760948173687e-06,0.0001050053033597064,-23.425083765166008,-0.0046745225566024095,17.272177290612905,0.7393005573514313,1.4386528902898326,1.4525167016957021e-05,0.0001050053033597064,-23.425083765166008,-0.0046745225566024095,17.272177290612905,0.7393005573514313,1.4386528902898326,1.4525167016957021e-05
2.170999999999872,2,1,1,4,0.00014281715351119242,5.14152319469816,5.158266182126316,5.0,0.5580912778565102,-9.239268612158013e-06,0.43515118919190443,0.0003326815779663424,1.7064187069430341e-06,-0.000268223069044797,0.5582343103221272,-9.149175347364226e-06,0.00014303249399093902,0.024970720067582358,0.00010368841742318632,0.00010368841742318632,1.0,-0.0015200378587320285,-0.0015214602909878786,0.0,0.0,-0.00020704720770321397,-0.0015200378587320285,0.0,-0.0,0.0,-0.003437692195608743,-0.0034439922285672705,0.0,0.0,-0.00022838684360093953,0.055,0.2997716131563987,0.2965623078043919,0.0,0.0,0.0,1.2923563262975827e-05,0,0,0,0,0,inf,inf,0,0,0.0,1.419520475872189,-6.368264697755244e-06,-0.004708753721792962,-7.857196352282896e-06,-1.652279524127811,-4.99567098773226e-06,1.6471349771566852,-0.785313800329789,2.2223044456998e-06,-0.0005287888589781681,6.393890417701474e-07,-0.0016985799587555346,4.340739650639794e-07,0.0028107994036325927,-3.397775546308592e-06,0.00019787168836851452,-23.418186137044916,-0.004587512238263825,17.288706817730812,0.7393684712950498,1.4580236941673022,2.5013799212630506e-05,0.00019787168836851452,-23.418186137044916,-0.004587512238263825,17.288706817730812,0.7393684712950498,1.4580236941673022,2.5013799212630506e-05
2.180999999999871,2,1,1,4,0.00014048742917735415,5.140861872096265,5.155977070922863,5.0,0.5580950820426485,-9.2197836618941e-06,0.43514854099315703,0.0004213093192994366,2.162632785752485e-06,-0.00026206178553729565,0.5582759121718242,-9.067297736699978e-06,0.00018083019346794502,0.02400946734296571,0.00013258080365624353,0.00013258080365624353,1.0,-0.0015539876319282787,-0.0015553021369923343,0.0,0.0,-0.0002608599280393083,-0.0015539876319282787,0.0,-0.0,0.0,-0.003453061193495001,-0.0034593748707929853,0.0,0.0,-0.00023073909023719813,0.055,0.2997692609097625,0.29654693880650573,0.0,0.0,0.0,1.4421180985414936e-05,0,0,0,0,0,inf,inf,0,0,0.0,1.4195049949134166,-6.33988876542428e-06,-0.004712799536016124,-7.847201527707492e-06,-1.6522950050865834,-5.002963193031906e-06,1.6471631905351551,-0.7853138287552136,3.3675267820648267e-06,-0.0002985291743956001,1.3127229303973632e-06,-0.0014200795197577701,-1.7161169403661664e-06,0.002831207862855524,-2.357744519580194e-06,0.00033834861590507177,-23.4103010646198,-0.004450580993629732,17.3070475628736,0.7394629577261089,1.479732243349775,3.67786945435726e-05,0.00033834861590507177,-23.4103010646198,-0.004450580993629732,17.3070475628736,0.7394629577261089,1.479732243349775,3.67786945435726e-05
2.1909999999998697,2,1,1,4,0.0001382321255270205,5.140604139700988,5.1539308474853955,5.0,0.5580998411791409,-9.195091725819351e-06,0.43514595342048223,0.0005225325502249619,2.7405731165746555e-06,-0.0002560797452057499,0.5583244201788558,-8.946540414163508e-06,0.00022457913725605372,0.023005337641069528,0.00016626959677108706,0.00016626959677108706,1.0,-0.0016126119702406798,-0.0016138010727488855,0.0,0.0,-0.00033403987965808536,-0.0016126119702406798,0.0,-0.0,0.0,-0.003468900800193388,-0.0034752269480350715,0.0,0.0,-0.00023373234654383465,0.055,0.2997662676534559,0.2965310991998073,0.0,0.0,0.0,1.5956526516639384e-05,0,0,0,0,0,inf,inf,0,0,0.0,1.4194924846965125,-6.299036815832353e-06,-0.00471437525154477,-7.82973337562563e-06,-1.6523075153034876,-5.033064923225556e-06,1.6471916520686147,-0.7853138455650497,4.703003021277091e-06,-3.741728729610764e-05,2.125204488613096e-06,-0.0011073187939748446,-4.105556176918529e-06,0.0028594941965958145,-1.0890892345639543e-06,0.0005410851540715995,-23.401419274928955,-0.004248770212480758,17.32724896477504,0.7395911646151669,1.5038417718413124,4.9877839198308145e-05,0.0005410851540715995,-23.401419274928955,-0.004248770212480758,17.32724896477504,0.7395911646151669,1.5038417718413124,4.9877839198308145e-05
2.2009999999998686,2,1,1,4,0.00013605151646969762,5.140770046686645,5.152150324570421,5.0,0.5581056850907105,-9.163800875237222e-06,0.4351434246842252,0.0006370437145252755,3.4728339710661208e-06,-0.0002502764348928987,0.5583802932666421,-8.773707859856951e-06,0.00027460845300363186,0.021951975503113823,0.00020507359770109617,0.00020507359770109617,1.0,-0.0017019253574296854,-0.0017029697046528122,0.0,0.0,-0.00043133056497757726,-0.0017019253574296854,0.0,-0.0,0.0,-0.0034854901109376826,-0.003491827370363573,0.0,0.0,-0.00023758581859440391,0.055,0.2997624141814053,0.296514509889063,0.0,0.0,0.0,1.752465737627176e-05,0,0,0,0,0,inf,inf,0,0,0.0,1.4194833055568294,-6.243648939248779e-06,-0.00471315801628047,-7.803221727730021e-06,-1.6523166944431706,-5.088418963501143e-06,1.6472204353233146,-0.7853138481806021,6.257890192012669e-06,0.0002571332791439213,3.1101154417247312e-06,-0.0007570921451301515,-6.74305080453158e-06,0.002894691035721614,4.6229225061262336e-07,0.0008232920432752333,-23.391537494299953,-0.003964532908169032,17.34935476199529,0.7397614221970481,1.530407810225933,6.438609504066016e-05,0.0008232920432752333,-23.391537494299953,-0.003964532908169032,17.34935476199529,0.7397614221970481,1.530407810225933,6.438609504066016e-05
2.2109999999998675,2,1,1,4,0.00013394580263156788,5.141376548490931,5.150657751430661,5.0,0.558112750123129,-9.124161351480304e-06,0.4351409530011682,0.0007654623034290078,4.3979044934233275e-06,-0.0002446511177264296,0.5584439701099921,-8.532694334980464e-06,0.0003312205149607291,0.020843264889396248,0.00024929758695058264,0.00024929758695058264,1.0,-0.0018288443799603488,-0.0018297228482085123,0.0,0.0,-0.0005581631037730499,-0.0018288443799603488,0.0,-0.0,0.0,-0.003503173300353057,-0.0035095201090452628,0.0,0.0,-0.00024256990635002153,0.055,0.29975743009364963,0.29649682669964766,0.0,0.0,0.0,1.9120400671362835e-05,0,0,0,0,0,inf,inf,0,0,0.0,1.4194778491664428,-6.17135214473551e-06,-0.004708799836560814,-7.765732982023775e-06,-1.6523221508335573,-5.171545644791152e-06,1.6472496035366129,-0.7853138334454495,8.065377476128173e-06,0.0005875754779045407,4.306424998313519e-06,-0.0003663280299830667,-9.635643927125595e-06,0.0029357167585298857,2.35738317977831e-06,0.0012048723665321723,-23.38065818739822,-0.0035776044242529772,17.373402670566353,0.7399833148268988,1.5594778010146721,8.039758132365307e-05,0.0012048723665321723,-23.38065818739822,-0.0035776044242529772,17.373402670566353,0.7399833148268988,1.5594778010146721,8.039758132365307e-05
2.2209999999998664,2,1,1,4,0.00013191509446155904,5.142437643082568,5.149474483418556,5.0,0.5581211784268041,-9.074003165421953e-06,0.43513853659682905,0.0009083371363551895,5.560788706266631e-06,-0.00023920282691092265,0.5585158679091968,-8.20417063940301e-06,0.0003946904408774967,0.01967338901105201,0.00029923148921261324,0.00029923148921261324,1.0,-0.0020012143390085273,-0.00200190414695693,0.0,0.0,-0.0007206818656464271,-0.0020012143390085273,0.0,-0.0,0.0,-0.003522368800075088,-0.003528723375265778,0.0,0.0,-0.0002490132244962504,0.055,0.29975098677550344,0.29647763119992565,0.0,0.0,0.0,2.0738399808446136e-05,0,0,0,0,0,inf,inf,0,0,0.0,1.4194765370808904,-6.079415635270281e-06,-0.004700928982981055,-7.71490887936159e-06,-1.6523234629191097,-5.28503078962222e-06,1.647279208641065,-0.785313797549012,1.0163483321108266e-05,0.0009562162013833567,5.759573367849821e-06,6.78910905318705e-05,-1.2789636343257743e-05,0.0029814048798094458,4.665433253458837e-06,0.0017085234910053759,-23.368789326171292,-0.0030649020502836665,17.39942411807123,0.740267740478803,1.5910907875215548,9.802759113707851e-05,0.0017085234910053759,-23.368789326171292,-0.0030649020502836665,17.39942411807123,0.740267740478803,1.5910907875215548,9.802759113707851e-05
2.2309999999998653,2,1,1,4,0.00012996113012828017,5.1428020040306786,5.148588911020831,5.0,0.558131123654353,-9.01066862381272e-06,0.43513617497996526,0.0010689435535784731,7.013098704884253e-06,-0.00023337346523295702,0.5585963812169276,-7.765283350243814e-06,0.0004652592293735621,0.018435475082658945,0.0003551495787055787,0.0003551495787055787,1.0,-0.0022264541821123193,-0.0022267314728955344,0.0,0.0,-0.0009265816360328678,-0.0022264541821123193,0.0,-0.0,0.0,-0.0035435754582837215,-0.003549934947397022,0.0,0.0,-0.0002573117832975007,0.055,0.29974268821670225,0.29645642454171695,0.0,0.0,0.0,2.1191242043298735e-05,0,0,0,0,0,inf,inf,0,0,0.0,1.4194798157500368,-5.964631198157456e-06,-0.0046891524081667,-7.64780119809106e-06,-1.6523201842499633,-5.431879052394626e-06,1.6473093175332516,-0.7853137366472608,1.2614148016180448e-05,0.0013648265173105772,7.549383675591475e-06,0.0005468662683238158,-1.6311271360774712e-05,0.0030423019116145463,7.228320833231107e-06,0.0023576157912586996,-23.355882696071845,-0.002402663968554515,17.42734372425678,0.7406280868522765,1.625163917631144,0.000119874470692087,0.0023576157912586996,-23.355882696071845,-0.002402663968554515,17.42734372425678,0.7406280868522765,1.625163917631144,0.000119874470692087
2.240999999999864,2,1,1,4,0.00012812955521460025,5.143993575554001,5.1478529064586835,5.0,0.5581429056079941,-8.930817978097236e-06,0.43513390146129494,0.0012791120534255491,8.852564811051556e-06,-0.00022044627080912893,0.5586858808203711,-7.1893721722908444e-06,0.0005429780049775031,0.017091995411895555,0.00041730972740662526,0.00041730972740662526,1.0,-0.0024994376279637294,-0.0024985903066240735,0.0,0.0,-0.0011894354149220398,-0.0024994376279637294,0.0,-0.0,0.0,-0.00356730595864705,-0.003573660462965556,0.0,0.0,-0.0002679677242314495,0.055,0.2997320322757682,0.2964326940413536,0.0,0.0,0.0,1.9774857154124928e-05,0,0,0,0,0,inf,inf,0,0,0.0,1.4194881822424246,-5.822403086912136e-06,-0.004673006985560129,-7.560075074979372e-06,-1.6523118177575755,-5.618431754807472e-06,1.6473405519361544,-0.7853136523477293,1.5672261475083862e-05,0.0018320864836161657,9.876974347422065e-06,0.00108853186773721,-2.0804115506827667e-05,0.003216080227195999,9.377825314915898e-06,0.0031690575695196054,-23.341257424812195,-0.0015734733166707932,17.45579237813096,0.7410835034753619,1.6601748959168585,0.0001573575040852533,0.0031690575695196054,-23.341257424812195,-0.0015734733166707932,17.45579237813096,0.7410835034753619,1.6601748959168585,0.0001573575040852533
2.250999999999863,2,1,1,4,0.00012656035469191165,5.147497918186287,5.147530764966997,5.0,0.5581571942845008,-8.829788141035302e-06,0.43513182645186355,0.0015613245050046171,1.1208696687479219e-05,-0.00019524169053043467,0.5587847126809324,-6.445710942607343e-06,0.0006275229252259865,0.015553073511266054,0.00048595269824249003,0.00048595269824249003,1.0,-0.002838613278677478,-0.00283707093748103,0.0,0.0,-0.001532852958698263,-0.002838613278677478,0.0,-0.0,0.0,-0.0035940984466057055,-0.0036004408092940505,0.0,0.0,-0.0002816803823937725,0.055,0.299718319617606,0.29640590155339497,0.0,0.0,0.0,1.9558928566499413e-05,0,0,0,0,0,inf,inf,0,0,0.0,1.4195025428218433,-5.644658804407839e-06,-0.0046516838891374436,-7.445255177454289e-06,-1.6522974571781568,-5.858007173662862e-06,1.6473743845496915,-0.7853135443899267,1.9633339862567346e-05,0.002392363348850032,1.2905788115960772e-05,0.0017374393404732168,-2.6756394621933972e-05,0.003538050947336654,1.2129621216463993e-05,0.004172292093490247,-23.324577146015244,-0.0005468811808805881,17.4835121797626,0.7416542266962983,1.694755387041775,0.00020795912862677855,0.004172292093490247,-23.324577146015244,-0.0005468811808805881,17.4835121797626,0.7416542266962983,1.694755387041775,0.00020795912862677855
2.260999999999862,2,1,1,4,0.00012538983665119543,5.15279759719631,5.147836147281586,5.0,0.5581746496179074,-8.702031781357269e-06,0.43513006055321135,0.0019047371906073466,1.415140217726705e-05,-0.0001599638918172893,0.5588931969337612,-5.499277674373272e-06,0.0007185544535764097,0.013740521885057696,0.0005613014851750542,0.0005613014851750542,1.0,-0.003270493002571898,-0.0032681014848265624,0.0,0.0,-0.0019629265344773654,-0.003270493002571898,0.0,-0.0,0.0,-0.003624774567665899,-0.003631096940577377,0.0,0.0,-0.0002993017475514637,0.055,0.29970069825244827,0.2963752254323347,0.0,0.0,0.0,1.9614353863909758e-05,0,0,0,0,0,inf,inf,0,0,0.0,1.4195240341876987,-5.422135187604261e-06,-0.004624221873750038,-7.295951179519006e-06,-1.6522759658123014,-6.1650575092493915e-06,1.6474120073042835,-0.785313401513172,2.4539375938712025e-05,0.0030506586005044026,1.6707940679198555e-05,0.0025042272270551225,-3.414595155049695e-05,0.003957167489125781,1.6295405351206047e-05,0.00540824457304549,-23.30625924210367,0.0007190089788129035,17.51088932490996,0.7423561768436565,1.7293414964874696,0.0002636438720626379,0.00540824457304549,-23.30625924210367,0.0007190089788129035,17.51088932490996,0.7423561768436565,1.7293414964874696,0.0002636438720626379
2.270999999999861,2,1,1,4,0.00012472687669121043,5.159610943093851,5.148907242333725,5.0,0.5581958359876916,-8.54126166265632e-06,0.4351286943447364,0.0023010761313122857,1.7758674874477647e-05,-0.00011639074150286642,0.5590116269493058,-4.310558800021815e-06,0.0008158019317813354,0.011598720098182805,0.0006435607019903936,0.0006435607019903936,1.0,-0.0038159205385590927,-0.0038125705280041226,0.0,0.0,-0.0024828590256055242,-0.0038159205385590927,0.0,-0.0,0.0,-0.003660377494047879,-0.003666670759107837,0.0,0.0,-0.0003217146887713399,0.055,0.2996782853112284,0.2963396225059527,0.0,0.0,0.0,1.9851632295668457e-05,0,0,0,0,0,inf,inf,0,0,0.0,1.419553872841388,-5.145217748247139e-06,-0.004589624204703486,-7.104073773279472e-06,-1.6522461271586122,-6.553462004473942e-06,1.6474541768040798,-0.7853132076992533,3.0418635062191642e-05,0.0038097533739066478,2.13464251438504e-05,0.0033952743358597404,-4.287054835438637e-05,0.004436275913500625,2.217528823071919e-05,0.006916097257833194,-23.28664446855363,0.002264375013584543,17.538234668155578,0.7432062480419669,1.7642754067620934,0.0003219718859648142,0.006916097257833194,-23.28664446855363,0.002264375013584543,17.538234668155578,0.7432062480419669,1.7642754067620934,0.0003219718859648142
2.28099999999986,2,1,1,4,0.0001246595491785343,5.167724046893371,5.150830409338739,5.0,0.5582212477323139,-8.340360308656954e-06,0.4351278029054553,0.002744272154678489,2.2117784584207402e-05,-6.5902500258594e-05,0.5591402684590749,-2.8353924829270475e-06,0.0009190372140926837,0.009088597097296388,0.0007329160214666132,0.0007329160214666132,1.0,-0.0044943270267140244,-0.00448992839454518,0.0,0.0,-0.003098084392871705,-0.0044943270267140244,0.0,-0.0,0.0,-0.003702150469361979,-0.003708404538546047,0.0,0.0,-0.00034984539218726297,0.055,0.2996501546078125,0.29629784953063854,0.0,0.0,0.0,2.020373623939526e-05,0,0,0,0,0,inf,inf,0,0,0.0,1.4195933235898615,-4.804049907308956e-06,-0.004546873775146575,-6.860943206624781e-06,-1.6522066764101386,-7.035712932461264e-06,1.6475013409514878,-0.7853129450507611,3.729369109119841e-05,0.004671143989847987,2.687882349375228e-05,0.004414286799978212,-5.276861996837667e-05,0.0049491177382670155,2.9891807062378006e-05,0.008736266133035478,-23.265998829360157,0.004130651811480988,17.565756206900314,0.7442219723256249,1.7997783476172402,0.0003823053248751741,0.008736266133035478,-23.265998829360157,0.004130651811480988,17.565756206900314,0.7442219723256249,1.7997783476172402,0.0003823053248751741
2.2909999999998587,2,1,1,4,0.0001252600823450625,5.176972057268087,5.153654979343421,5.0,0.558251327768542,-8.091281877654711e-06,0.43512744924088,0.0032298657801730106,2.732630271631521e-05,-9.57753577589476e-06,0.5592793587477841,-1.0248555127527443e-06,0.0010280552653739096,0.006184352589820014,0.0008295336664576686,0.0008295336664576686,1.0,-0.0053242496476191845,-0.0053187131951464295,0.0,0.0,-0.0038171280975423387,-0.0053242496476191845,0.0,-0.0,0.0,-0.0037515258495201603,-0.0037577297513342834,0.0,0.0,-0.0003846909223866917,0.055,0.2996153090776131,0.29624847415048033,0.0,0.0,0.0,2.0620061386477104e-05,0,0,0,0,0,inf,inf,0,0,0.0,1.4196436774816463,-4.388533328235992e-06,-0.004494943732785285,-6.557284138858312e-06,-1.6521563225183538,-7.622551356749048e-06,1.647553730473107,-0.7853125948306006,4.5191292117662275e-05,0.005635426510582695,3.336761555497221e-05,0.005563105047890995,-6.36588172526144e-05,0.005477307189806119,3.950844312357496e-05,0.010911072929930949,-23.244534568130057,0.006361188433843723,17.593584251214306,0.7454217598405306,1.835980548118088,0.0004447313812155579,0.010911072929930949,-23.244534568130057,0.006361188433843723,17.593584251214306,0.7454217598405306,1.835980548118088,0.0004447313812155579
2.3009999999998576,2,1,1,4,0.00012660454536808554,5.18604380730726,5.157366315255139,5.0,0.5582865149717541,-7.764723322283048e-06,0.43512769970285825,0.00376693853114526,3.92673240284616e-05,5.644321379633499e-05,0.5594291059140856,1.1748021143100132e-06,0.0011426259128047957,0.0028738743604869157,0.0009335599542880774,0.0009335599542880774,1.0,-0.006313959907255183,-0.006305862004968608,0.0,0.0,-0.004655611285501657,-0.006313959907255183,0.0,-0.0,0.0,-0.003810092227204854,-0.003816228693193163,0.0,0.0,-0.0004273643137230762,0.055,0.2995726356862767,0.29618990777279564,0.0,0.0,0.0,1.6949532116182402e-05,0,0,0,0,0,inf,inf,0,0,0.0,1.4197062301530186,-3.878861740915596e-06,-0.004432812076424414,-6.17086935068832e-06,-1.6520937698469815,-8.291597182719285e-06,1.647611559357416,-0.7853122033297096,5.68150174899091e-05,0.006699932845369224,4.4362302254489286e-05,0.006839993041578206,-6.633074799791816e-05,0.006057294432269511,3.363959103759978e-05,0.013104053152989154,-23.222116669214714,0.008619663894560812,17.62129177274388,0.7466676564386274,1.8723921423013314,0.0007125488457957565,0.013104053152989154,-23.222116669214714,0.008619663894560812,17.62129177274388,0.7466676564386274,1.8723921423013314,0.0007125488457957565
2.3109999999998565,2,1,1,4,0.00012823598588521026,5.195771435758508,5.1617874803170025,5.0,0.5583275656432601,-7.281291957389321e-06,0.4351287479784307,0.004394503881434336,5.584977229870954e-05,0.00014809511065441458,0.559589688202115,3.822171299667364e-06,0.001262171399005127,0.0011723008279548028,0.001045120895707303,0.001045120895707303,1.0,-0.007450134787861292,-0.007439466690687676,0.0,0.0,-0.005634499685270805,-0.007450134787861292,0.0,-0.0,0.0,-0.003879350779217681,-0.0038853919083055495,0.0,0.0,-0.0004791851822962517,0.055,0.29952081481770354,0.2961206492207828,0.0,0.0,0.0,1.552234119152626e-05,0,0,0,0,0,inf,inf,0,0,0.0,1.4197822293876647,-3.231278459661131e-06,-0.004359528162390539,-5.648758446335016e-06,-1.6520177706123353,-8.94513258699996e-06,1.6476762964214535,-0.7853118783761435,7.146641605934003e-05,0.007856856301687585,5.882660257278746e-05,0.008241159673773183,-6.511523016991736e-05,0.006841260816291519,3.40891625330735e-05,0.015445848094443364,-23.197329755455158,0.011037702055329758,17.646308562337637,0.7479574728983005,1.9061652812335848,0.0010380189636616205,0.015445848094443364,-23.197329755455158,0.011037702055329758,17.646308562337637,0.7479574728983005,1.9061652812335848,0.0010380189636616205
2.3209999999998554,2,1,1,4,0.00012891985759080817,5.228253636855285,5.168023875300356,5.0,0.5583755544980717,-6.372278147414626e-06,0.43513094292642096,0.0051684295778138805,0.00015032615475826469,0.0002941276972336732,0.5597612534061444,6.980643521749685e-06,0.0013857632425312487,0.005619394355674541,0.0011643218495030487,0.0011643218495030487,1.0,-0.008552985391047126,-0.008529012953142076,0.0,0.0,-0.0066442081186485836,-0.008552985391047126,0.0,-0.0,0.0,-0.003960166302722498,-0.0039660069014030765,0.0,0.0,-0.0005411710185194642,0.055,0.29945882898148035,0.29603983369727804,0.0,0.0,0.0,9.766783522245161e-06,0,0,0,0,0,inf,inf,0,0,0.0,1.4198732336033881,-2.354521033677462e-06,-0.004274012749242209,-4.877680100742817e-06,-1.651926766396612,-8.988007627326943e-06,1.6477503050990598,-0.7853113233470373,0.00011040348114915054,0.009151720978828016,0.00010416443632296051,0.009858275657239915,0.00011754703191671583,0.007947545358917408,9.251013050608736e-05,0.015859166319763276,-23.169296994167635,0.011535688251453105,17.666221047722953,0.7467801417323846,1.9347049838887111,0.0011555860517666618,0.015859166319763276,-23.169296994167635,0.011535688251453105,17.666221047722953,0.7467801417323846,1.9347049838887111,0.0011555860517666618
2.3309999999998543,2,1,1,4,0.00013141701168653454,5.272754377561158,5.1789111283336275,5.0,0.5584327902543539,-4.045511533366039e-06,0.43513525309530693,0.006213885627649556,0.0002899400560115719,0.0005595166190733404,0.5599439183506878,1.0718313550443093e-05,0.0015112002164044522,0.011217766558596125,0.0012912472337201452,0.0012912472337201452,1.0,-0.009380228431520202,-0.009352185238810812,0.0,0.0,-0.007609884168759086,-0.009380228431520202,0.0,-0.0,0.0,-0.004050381380065888,-0.004055928991739612,0.0,0.0,-0.0006128796451356703,0.055,0.29938712035486426,0.29594961861993463,0.0,0.0,0.0,5.771431325618534e-06,0,0,0,0,0,inf,inf,0,0,0.0,1.4199827517613717,-8.783293571418264e-07,-0.004174206147972386,-3.3959419640186615e-06,-1.6518172482386284,-6.387677479575876e-06,1.6478386315161462,-0.7853098602638063,0.00017825805217733457,0.010699715567044812,0.00018380150435274,0.011917270783170746,0.00033801512619051317,0.00961976045877927,0.00018736778832244137,0.013115083408240703,-23.135209521073246,0.008881375275731695,17.673827987016683,0.7430322148527302,1.950375421745387,0.0013673740176738595,0.013115083408240703,-23.135209521073246,0.008881375275731695,17.673827987016683,0.7430322148527302,1.950375421745387,0.0013673740176738595
2.340999999999853,2,1,1,4,0.00013660415603020028,5.313009219076551,5.1940153712157535,5.0,0.5585014963100848,-5.884984163366457e-07,0.4351426892064759,0.007423490288113724,0.0003881051398518355,0.0009017621249066136,0.560137768448472,1.5107823266015263e-05,0.0016363474219664798,0.01821327557766892,0.0014259602942765562,0.0014259602942765562,1.0,-0.010120456573640198,-0.010094659239786113,0.0,0.0,-0.008648259983864566,-0.010120456573640198,0.0,-0.0,0.0,-0.004148302585119722,-0.0041535828228057865,0.0,0.0,-0.0006946407358745233,0.055,0.29930535926412544,0.2958516974148808,0.0,0.0,0.0,6.539964028879985e-06,0,0,0,0,0,inf,inf,0,0,0.0,1.4201152688242604,1.2854861849896361e-06,-0.004057496227793391,-1.1276623834426268e-06,-1.6516847311757397,-2.606476203277211e-06,1.647945009563609,-0.7853074708496881,0.0002479178020543607,0.012501167558650213,0.0002619572071295634,0.014401047342975067,0.0003979054486554111,0.011469496635426303,0.00028309070591607755,0.011934231073382904,-23.09810788654108,0.007806523373133685,17.673074239756424,0.7418886265768321,1.957522273628915,0.0017581685019878992,0.011934231073382904,-23.09810788654108,0.007806523373133685,17.673074239756424,0.7418886265768321,1.957522273628915,0.0017581685019878992
2.350999999999852,2,1,1,4,0.0001448926050408852,5.3505289681200905,5.2123104708450985,5.0,0.5585827455312673,3.7706261012123834e-06,0.43515376430241226,0.008706035903164844,0.0004743578434723241,0.0012792939761203622,0.5603428573387418,2.022614529691728e-05,0.0017601887282115798,0.026684564514157308,0.0015685029316107148,0.0015685029316107148,1.0,-0.010816834014907094,-0.010792302167009145,0.0,0.0,-0.009741141078583225,-0.010816834014907094,0.0,-0.0,0.0,-0.004253362321984754,-0.004258392427309593,0.0,0.0,-0.000787090574264049,0.055,0.29921290942573586,0.2957466376780159,0.0,0.0,0.0,7.180699998118442e-06,0,0,0,0,0,inf,inf,0,0,0.0,1.4202746122833656,4.159822300612039e-06,-0.003921522027318405,1.9224032003821014e-06,-1.6515253877166345,1.4357120519838938e-06,1.6480694892564032,-0.7853040474917213,0.0003201988298110325,0.014525997901847413,0.00034036654351030386,0.01723750701079673,0.00040551417571071496,0.01322466312655796,0.00039286077295361006,0.01150418380095001,-23.060946796604174,0.007503545367883212,17.66864490924302,0.7416726609313898,1.9611226783860773,0.0020943404135955425,0.01150418380095001,-23.060946796604174,0.007503545367883212,17.66864490924302,0.7416726609313898,1.9611226783860773,0.0020943404135955425
2.360999999999851,2,1,1,4,0.00015647659892051215,5.385946601406909,5.233047496435673,5.0,0.558677033018017,8.982102233155555e-06,0.4351687110194362,0.010023662244266323,0.0005597360387895574,0.0016722267121712438,0.5605592066084241,2.6154305864365547e-05,0.0018822519249567795,0.03660493292788118,0.0017188955858353332,0.0017188955858353332,1.0,-0.011494901930281612,-0.011470554952651344,0.0,0.0,-0.010887384814678044,-0.011494901930281612,0.0,-0.0,0.0,-0.004365265537721486,-0.004370052228800767,0.0,0.0,-0.0008907622973105765,0.055,0.2991092377026892,0.2956347344622791,0.0,0.0,0.0,7.704528170135545e-06,0,0,0,0,0,inf,inf,0,0,0.0,1.420464012223716,7.773547317478484e-06,-0.0037641811452793017,5.7635202445201605e-06,-1.651335987776284,5.462948211215033e-06,1.6482105364899395,-0.7852994576823424,0.00039554051196615344,0.016750992265574863,0.00042017946147621446,0.020374697235068597,0.0003999109903614734,0.014794182032311433,0.0005146329368696782,0.011464080697197686,-23.024947094045626,0.0076140365105340085,17.66243041826009,0.7417797217795543,1.9631128200960286,0.0023732612054887334,0.011464080697197686,-23.024947094045626,0.0076140365105340085,17.66243041826009,0.7417797217795543,1.9631128200960286,0.0023732612054887334
2.37099999999985,2,1,1,4,0.0001715652384867419,5.419523890625273,5.255636273521276,5.0,0.55878460560744,1.5064046034136254e-05,0.43518761835956643,0.011359318353771188,0.0006485483010905703,0.0020695706752226757,0.5607868055986988,3.297704691698004e-05,0.002002280120411993,0.04790823017222489,0.0018771371807124746,0.0018771371807124746,1.0,-0.012176708714896144,-0.012151508439229802,0.0,0.0,-0.012084834240691695,-0.012176708714896144,0.0,-0.0,0.0,-0.004483953168608358,-0.004488492516498687,0.0,0.0,-0.0010061823343031956,0.055,0.29899381766569666,0.2955160468313922,0.0,0.0,0.0,8.145554740921013e-06,0,0,0,0,0,inf,inf,0,0,0.0,1.4206862385920804,1.2158714504599378e-05,-0.003583583435774453,1.0414257570812363e-05,-1.6511137614079197,9.433498974993008e-06,1.6483661392986417,-0.785293598028099,0.00047419026979036603,0.019156232919021226,0.0005021834142415561,0.02377052787070671,0.00039542178462993337,0.01615574121001119,0.0006455462616709043,0.011667799402943282,-22.990648993622774,0.0079935017763407,17.655225739454192,0.7419916125624417,1.964244672390778,0.0026216723537270904,0.011667799402943282,-22.990648993622774,0.0079935017763407,17.655225739454192,0.7419916125624417,1.964244672390778,0.0026216723537270904
2.380999999999849,2,1,1,4,0.00019018730753753068,5.45136204433099,5.279589411828901,5.0,0.5589055906813505,2.2062091227295703e-05,0.4352104891295391,0.012704110936790965,0.0007426373774059282,0.0024641896757015293,0.5610256112995387,4.078242834860927e-05,0.002120103269316114,0.06051413448601306,0.0020432051266034484,0.0020432051266034484,1.0,-0.012881168989785051,-0.012854177693397147,0.0,0.0,-0.013325710234133944,-0.012881168989785051,0.0,-0.0,0.0,-0.004609569025330392,-0.004613847245799482,0.0,0.0,-0.0011338240075925716,0.055,0.2988661759924073,0.29539043097467016,0.0,0.0,0.0,8.520046079309207e-06,0,0,0,0,0,inf,inf,0,0,0.0,1.420943673640844,1.7349504495079832e-05,-0.003378026899259116,1.5900031318119786e-05,-1.650856326359156,1.3391834145559037e-05,1.6485342229605269,-0.7852863868202554,0.0005563478042248273,0.02172367705216506,0.0005870011104358826,0.02738854901105862,0.00039732379079697515,0.017312341402762967,0.0007840277315918878,0.012061428475706114,-22.958324220985396,0.008589307182308993,17.647395700298542,0.7422292869471117,1.964812061067829,0.0028592562670513998,0.012061428475706114,-22.958324220985396,0.008589307182308993,17.647395700298542,0.7422292869471117,1.964812061067829,0.0028592562670513998
2.3909999999998477,2,1,1,4,0.00021231232807991576,5.4814910148807146,5.304493359290696,5.0,0.5590400468495236,3.0034589492925472e-05,0.4352372658647917,0.01405237330603302,0.0008429418840456646,0.0028507777649069044,0.5612755483347496,4.966137180912337e-05,0.0022355876410983613,0.07433781717069146,0.0022170553823854335,0.0022170553823854335,1.0,-0.013624541608108593,-0.013594938995643398,0.0,0.0,-0.014598702342232905,-0.013624541608108593,0.0,-0.0,0.0,-0.004742431063325232,-0.004746425636277748,0.0,0.0,-0.001274061168857604,0.055,0.2987259388311423,0.2952575689366753,0.0,0.0,0.0,8.835771886191324e-06,0,0,0,0,0,inf,inf,0,0,0.0,1.421238356956211,2.338217847963584e-05,-0.003145982625688389,2.225209404390538e-05,-1.650561643043789,1.74138361175278e-05,1.6487127979518121,-0.7852777519754137,0.0006422340078549151,0.02443655829700156,0.0006751940752876971,0.031196095925639603,0.0004074926324987098,0.018275543742201236,0.0009295431620251732,0.012627767611486799,-22.928136901569232,0.009385329977822907,17.63913466829751,0.7424642666796457,1.9649332859684345,0.0030972986754594003,0.012627767611486799,-22.928136901569232,0.009385329977822907,17.63913466829751,0.7424642666796457,1.9649332859684345,0.0030972986754594003
2.4009999999998466,2,1,1,4,0.000237862802216964,5.50991021120488,5.329991795624086,5.0,0.5591879841582414,3.904718213808907e-05,0.4352678439520347,0.01539974087792313,0.0009500678135568883,0.0032250248811407857,0.5615365090399802,5.970714833407069e-05,0.0023486157528104204,0.08929356336964953,0.002398622576165146,0.002398622576165146,1.0,-0.014420862516654911,-0.014387945757354997,0.0,0.0,-0.01589140021126872,-0.014420862516654911,0.0,-0.0,0.0,-0.004883007289505848,-0.004886688141078359,0.0,0.0,-0.0014271468566425577,0.055,0.2985728531433574,0.29511699271049474,0.0,0.0,0.0,9.097490967811097e-06,0,0,0,0,0,inf,inf,0,0,0.0,1.421572017857326,3.0295438307962062e-05,-0.0028860837233500875,2.9507187292884886e-05,-1.6502279821426742,2.158581729692694e-05,1.6489000054030492,-0.7852676231157821,0.0007321129909267696,0.027279107197252607,0.0007673040749677114,0.03516338583607133,0.00042646778324588507,0.019059091351449654,0.0010821650363122559,0.013362377264104202,-22.900206570665617,0.010378056997032287,17.630568278735538,0.74268639641892,1.9646611265360543,0.0033420284101608987,0.013362377264104202,-22.900206570665617,0.010378056997032287,17.630568278735538,0.74268639641892,1.9646611265360543,0.0033420284101608987
2.4109999999998455,2,1,1,4,0.0002667216797519736,5.536611018110108,5.355775372538819,5.0,0.5593493724165347,4.917076779378899e-05,0.4353020793948542,0.016742402696962706,0.0010644918348075639,0.0035832627849668067,0.5618083536360577,7.101481272614244e-05,0.002459078241997601,0.10529605598278949,0.0025878201844586417,0.0025878201844586417,1.0,-0.015282247578424646,-0.015245426896818084,0.0,0.0,-0.01719181481431271,-0.015282247578424646,0.0,-0.0,0.0,-0.005031895324833443,-0.005035225978093902,0.0,0.0,-0.0015932114501310648,0.055,0.298406788549869,0.2949681046751671,0.0,0.0,0.0,9.30894448658089e-06,0,0,0,0,0,inf,inf,0,0,0.0,1.421946101270069,3.813086541637389e-05,-0.002597116267438208,3.77074152914323e-05,-1.6498538987299312,2.5995974705163686e-05,1.6490941240375372,-0.7852559271804248,0.0008262910981562656,0.030236395156390726,0.0008638629750260689,0.03926302253349671,0.0004542164608284312,0.019676560839254356,0.001242290846032954,0.014263653740173065,-22.87463278049104,0.011566677523066454,17.621793248471025,0.7428920185697376,1.9640253124566431,0.0035970733482226687,0.014263653740173065,-22.87463278049104,0.011566677523066454,17.621793248471025,0.7428920185697376,1.9640253124566431,0.0035970733482226687
2.4209999999998444,2,1,1,4,0.0002987377772562241,5.561593872073105,5.381575421543147,5.0,0.5595241449329007,6.048063393436812e-05,0.43533979430966985,0.01807681580797314,0.0011866265317267127,0.003922318053963234,0.5620909104998458,8.36805883117299e-05,0.002566870412299432,0.12226078073426111,0.0027845407693461812,0.0027845407693461812,1.0,-0.016219028437528496,-0.016177825094070744,0.0,0.0,-0.018489085728316944,-0.016219028437528496,0.0,-0.0,0.0,-0.005189804098951423,-0.005192742789343949,0.0,0.0,-0.0017722713150360972,0.055,0.298227728684964,0.2948101959010491,0.0,0.0,0.0,9.47350119264858e-06,0,0,0,0,0,inf,inf,0,0,0.0,1.422361789844828,4.6933288763621344e-05,-0.002278011521006542,4.690013004441553e-05,-1.6494382101551721,3.073045343270406e-05,1.6492935633970212,-0.7852425861076092,0.0009251061654506092,0.03329422350653998,0.000965388568939298,0.04346970059732132,0.0004904167276648226,0.020140569930221237,0.0014104879234778385,0.015328938971713724,-22.851504397760788,0.012949201671939374,17.61289259220075,0.7430796906048778,1.9630483161116128,0.0038647561068656153,0.015328938971713724,-22.851504397760788,0.012949201671939374,17.61289259220075,0.7430796906048778,1.9630483161116128,0.0038647561068656153
2.4309999999998433,2,1,1,4,0.000333730416785887,5.58488529155976,5.40716075358423,5.0,0.5597122005412164,7.305591553531256e-05,0.43538078156926385,0.01939960278861614,0.0013168340726293433,0.00423946842119987,0.5623839765346039,9.780120636099136e-05,0.002671890583137706,0.14010413738188596,0.0029886562729520955,0.0029886562729520955,1.0,-0.01723969817947051,-0.017193749221261614,0.0,0.0,-0.019773684828627205,-0.01723969817947051,0.0,-0.0,0.0,-0.005357535874297772,-0.0053600366790647145,0.0,0.0,-0.0019642415072071966,0.055,0.2980357584927929,0.2946424641257027,0.0,0.0,0.0,9.59437019336233e-06,0,0,0,0,0,inf,inf,0,0,0.0,1.4228200238232425,5.675102339760908e-05,-0.001927839184180694,5.713774031451297e-05,-1.6489799761767576,3.587110947333726e-05,1.6494968528369591,-0.7852275156416484,0.001028913414946352,0.03643902397830734,0.0010723750047187284,0.04776003158286138,0.0005345608313942375,0.02046256911091154,0.0015874088760261694,0.016553178111712877,-22.830902566336167,0.014521124183564917,17.603940781777982,0.7432487362709277,1.9617504111963673,0.004146693085799928,0.016553178111712877,-22.830902566336167,0.014521124183564917,17.603940781777982,0.7432487362709277,1.9617504111963673,0.004146693085799928
2.440999999999842,2,1,1,4,0.00037149401378730375,5.606556950324111,5.432337285225734,5.0,0.5599134050519015,8.697907198584604e-05,0.435424809387141,0.020707520866124002,0.001455421248421065,0.004532464588303155,0.562687317641547,0.00011347320509223396,0.002774039111851725,0.1587434999288986,0.0032000183684425245,0.0032000183684425245,1.0,-0.018350648945117228,-0.018299722039894842,0.0,0.0,-0.02103736756487013,-0.018350648945117228,0.0,-0.0,0.0,-0.005535966594536361,-0.005537980662680056,0.0,0.0,-0.0021689489574866698,0.055,0.2978310510425134,0.2944640334054642,0.0,0.0,0.0,9.674690381861926e-06,0,0,0,0,0,inf,inf,0,0,0.0,1.4233215197020124,6.763596385048547e-05,-0.0015458016565039546,6.847741482463873e-05,-1.6484784802979877,4.1493880785715505e-05,1.6497026297029727,-0.7852106247734468,0.00113807087598661,0.03965775416741837,0.0011852817667557598,0.05211246545182326,0.0005859910265550136,0.020652827321714105,0.0017737417277820641,0.017928641966238557,-22.812900833625402,0.016275152636540776,17.59500456682749,0.7433988777439372,1.9601502915820173,0.004444051266438888,0.017928641966238557,-22.812900833625402,0.016275152636540776,17.59500456682749,0.7433988777439372,1.9601502915820173,0.004444051266438888
2.450999999999841,2,1,1,4,0.000411803155865891,5.626746924848234,5.456950413704596,5.0,0.5601275925563651,0.0001023352756663416,0.435471626413229,0.02199745602648885,0.0016026286069780596,0.0047996041902455995,0.5630006692939693,0.00013079219377251612,0.002873217662543224,0.17809733179681883,0.0034184588665789545,0.0034184588665789545,1.0,-0.019555693000188862,-0.01949971385070686,0.0,0.0,-0.022273030727149864,-0.019555693000188862,0.0,-0.0,0.0,-0.005726022419164181,-0.005727499417306589,0.0,0.0,-0.0023861445574245776,0.055,0.2976138554425755,0.29427397758083645,0.0,0.0,0.0,9.717587941816038e-06,0,0,0,0,0,inf,inf,0,0,0.0,1.423866788593414,7.964353537248435e-05,-0.001131229416079994,8.098067601933353e-05,-1.647933211406586,4.766735888211907e-05,1.6499096276149856,-0.7851918155792272,0.001252925582618605,0.04293777902931391,0.0013045229568026658,0.05650729903469601,0.0006439105062808637,0.020720447420389688,0.001970176500095218,0.019445090423231504,-22.797563834690926,0.018201376736224496,17.58614178952632,0.7435302822545293,1.9582638370260605,0.0047576539179677805,0.019445090423231504,-22.797563834690926,0.018201376736224496,17.58614178952632,0.7435302822545293,1.9582638370260605,0.0047576539179677805
2.46099999999984,2,1,1,4,0.00045441864404097056,5.645681500336401,5.480889984033924,5.0,0.5603545667039023,0.00011921168474189957,0.4355209678258639,0.023266420556842953,0.0017586187610757384,0.0050398515001858655,0.5633237372148906,0.00014985208796906475,0.002969328603848455,0.1980854029801627,0.0036437901767132352,0.0036437901767132352,1.0,-0.02085537708844996,-0.02079447057955363,0.0,0.0,-0.023474564050835017,-0.02085537708844996,0.0,-0.0,0.0,-0.005928650313403071,-0.0059295402211740735,0.0,0.0,-0.0026155137395933413,0.055,0.2973844862604067,0.29407134968659754,0.0,0.0,0.0,9.726220762966789e-06,0,0,0,0,0,inf,inf,0,0,0.0,1.4244561551276902,9.28325140081112e-05,-0.0006835776829927675,9.471289195583476e-05,-1.64734384487231,5.4451417049629746e-05,1.6501166646989562,-0.7851709833448136,0.0013738010659217477,0.04626673399672291,0.0014304576077458346,0.06092676667123689,0.0007073863364905893,0.020673336464021693,0.0021773798322210864,0.02109011061240121,-22.78494515136612,0.020287612413759745,17.577399272590814,0.7436437574878366,1.9561022249864393,0.005088025430521625,0.02109011061240121,-22.78494515136612,0.020287612413759745,17.577399272590814,0.7436437574878366,1.9561022249864393,0.005088025430521625
2.470999999999839,2,1,1,4,0.0004990949072211362,5.663694004751926,5.5040973793232,5.0,0.5605941019161047,0.00013769660552446743,0.43557256283548607,0.024511542356107235,0.001923466106223128,0.005252994466314143,0.56365619815872,0.00017074432249266708,0.0030622745713988053,0.2186291250147667,0.003875805820960503,0.003875805820960503,1.0,-0.022246129033058382,-0.022180672839617013,0.0,0.0,-0.02463673472382445,-0.022246129033058382,0.0,-0.0,0.0,-0.006144780812057955,-0.006145036199884289,0.0,0.0,-0.002856685737982815,0.055,0.29714331426201723,0.2938552191879426,0.0,0.0,0.0,9.703804111181132e-06,0,0,0,0,0,inf,inf,0,0,0.0,1.4250897776673974,0.00010726472968071912,-0.00020242455351025584,0.0001097426783588008,-1.6467102223326027,6.189586152498916e-05,1.6503226310985488,-0.7851480169176418,0.0015009863297403207,0.04963237001415672,0.0015633812918587596,0.06535520212698051,0.0007753520601054988,0.020518095947561855,0.0023959740022937233,0.022849506550893968,-22.77508472192448,0.02251979735122136,17.568810447683173,0.7437409731737532,1.9536701024632943,0.005435414036872978,0.022849506550893968,-22.77508472192448,0.02251979735122136,17.568810447683173,0.7437409731737532,1.9536701024632943,0.005435414036872978
2.480999999999838,2,1,1,4,0.0005455890854618997,5.681235216234869,5.526573733477084,5.0,0.5608459444152049,0.00015787856577182478,0.43562614389353027,0.02573003907077995,0.002097149189519456,0.005439823114944009,0.5639977007969059,0.00019355704899817432,0.0031519583188485733,0.2396519963285175,0.004114281000140716,0.004114281000140716,1.0,-0.023719314293311203,-0.023649999937858483,0.0,0.0,-0.02575511093814431,-0.023719314293311203,0.0,-0.0,0.0,-0.0063752816723235285,-0.006374860562262816,0.0,0.0,-0.003109241914080832,0.055,0.29689075808591925,0.293624718327677,0.0,0.0,0.0,9.65360418473217e-06,0,0,0,0,0,inf,inf,0,0,0.0,1.4257676704262652,0.0001230046673578773,0.0003125292435161538,0.0001261412240156579,-1.646032329573735,7.003912942444762e-05,1.6505264748976425,-0.7851227992519837,0.001634726335062984,0.053022386877082835,0.001703519037422604,0.06977924743485829,0.000846614690492225,0.02025982320867813,0.002626518819071328,0.024707669948692963,-22.768006156543418,0.024882367453257507,17.560393306267507,0.7438246309283914,1.9509643793466607,0.005799806680310531,0.024707669948692963,-22.768006156543418,0.024882367453257507,17.560393306267507,0.7438246309283914,1.9509643793466607,0.005799806680310531
2.4909999999998367,2,1,1,4,0.0005936718661574683,5.698868615227771,5.5483875771716535,5.0,0.5611098128936456,0.00017984533053838452,0.4356814576819218,0.026919173832981872,0.002279546622687915,0.005602302410509749,0.5643478667069604,0.0002183743255617467,0.003238283029844645,0.26108012807454317,0.004358973209937572,0.004358973209937572,1.0,-0.02526032321076582,-0.02518821483873157,0.0,0.0,-0.026826006823674146,-0.02526032321076582,0.0,-0.0,0.0,-0.006620902144120697,-0.0066197714787759685,0.0,0.0,-0.0033727234585424317,0.055,0.2966272765414577,0.29337909785587984,0.0,0.0,0.0,9.578887383305099e-06,0,0,0,0,0,inf,inf,0,0,0.0,1.426489727741553,0.0001401189810382212,0.000861458921259228,0.00014398155191215707,-1.6453102722584472,7.890709933743747e-05,1.6507271856367873,-0.7850952081227968,0.0017752139172333768,0.05642426884480837,0.0018510194094305732,0.07418806557584219,0.000919870035787397,0.019901841130040378,0.002869495708135115,0.02664787927716625,-22.76371437765821,0.027358561259609247,17.55214926932756,0.7438985140376215,1.9479741378362738,0.006180938900629446,0.02664787927716625,-22.76371437765821,0.027358561259609247,17.55214926932756,0.7438985140376215,1.9479741378362738,0.006180938900629446
2.5009999999998356,2,1,1,4,0.0006431398315396566,5.717244157103518,5.569679552816675,5.0,0.5613853986434343,0.0002036828997917793,0.4357382776260883,0.028076193807781397,0.002470437178107219,0.005743701389270175,0.564706291463609,0.000245275305834521,0.003321153271279135,0.2828427980393507,0.004609622905585996,0.004609622905585996,1.0,-0.026847847236299703,-0.026774423838026466,0.0,0.0,-0.02784641523733151,-0.026847847236299703,0.0,-0.0,0.0,-0.006882209009902643,-0.006880348631304672,0.0,0.0,-0.0036466385070096034,0.055,0.2963533614929905,0.2931177909900979,0.0,0.0,0.0,9.482822094060968e-06,0,0,0,0,0,inf,inf,0,0,0.0,1.4272557502085526,0.00015867593409885032,0.0014444126776350917,0.00016333772641364402,-1.6445442497914475,8.85121171849472e-05,1.6509237749357177,-0.7850651169885373,0.0019225829818869033,0.05982514444385597,0.002005949498026675,0.07857349437874893,0.000993729731457754,0.01944540227529068,0.00312529359456991,0.028652482549721574,-22.76219407122156,0.029930607710987083,17.544063560304423,0.7439673538419422,1.944682046218487,0.006578297733900105,0.028652482549721574,-22.76219407122156,0.029930607710987083,17.544063560304423,0.7439673538419422,1.944682046218487,0.006578297733900105
2.5109999999998345,2,1,1,4,0.0006938286556033282,5.737047272402261,5.590661458755234,5.0,0.561672365005095,0.0002294745311492824,0.435796417248311,0.02919825818261486,0.00266950425313968,0.005868633377367673,0.5650725458301382,0.0002743334355725198,0.003400476726033825,0.30487296079261367,0.004865954213266288,0.004865954213266288,1.0,-0.028453522282662937,-0.02838068668970846,0.0,0.0,-0.028813890526672156,-0.028453522282662937,0.0,-0.0,0.0,-0.007159517257547076,-0.007156924139289023,0.0,0.0,-0.003930468337718122,0.055,0.29606953166228195,0.29284048274245356,0.0,0.0,0.0,9.368344690405571e-06,0,0,0,0,0,inf,inf,0,0,0.0,1.4280654716802925,0.00017874477765052863,0.0020613075980344844,0.00018428401384658555,-1.6437345283197076,9.885236662767349e-05,1.6511152543534764,-0.7850323959869392,0.002076902765174789,0.06321169833274926,0.0021682904972964902,0.08293006629111686,0.0010667618738382846,0.018889441585944296,0.003394196222576566,0.0307029334375898,-22.763409439044064,0.03257976693988289,17.53610754230074,0.7440364680398038,1.9410674548899143,0.00699111456525396,0.0307029334375898,-22.763409439044064,0.03257976693988289,17.53610754230074,0.7440364680398038,1.9410674548899143,0.00699111456525396
2.5209999999998334,2,1,1,4,0.000745626044097474,5.758925554985481,5.611607139187354,5.0,0.5619703460932665,0.0002572998290008648,0.43585574323035975,0.030282367741716342,0.002876344129466322,0.00598296460847351,0.5654461770472979,0.0003056156644591586,0.0034761667452755207,0.327107631409987,0.005127675686255094,0.005127675686255094,1.0,-0.030042109062163723,-0.029972148864933393,0.0,0.0,-0.02972635543625198,-0.030042109062163723,0.0,-0.0,0.0,-0.007452820011947761,-0.007449512326982882,0.0,0.0,-0.004223671991131278,0.055,0.29577632800886877,0.2925471799880528,0.0,0.0,0.0,9.238016187349926e-06,0,0,0,0,0,inf,inf,0,0,0.0,1.4289185853829216,0.00020039507621668476,0.002711925098986754,0.0002068940006783671,-1.6428814146170785,0.00010991171741204097,1.6513006114686202,-0.7849969130514282,0.0022381729164341513,0.06657016398957388,0.0023379335741234605,0.08725482184992903,0.0011375442378339059,0.018230469270079194,0.0036763705431620414,0.03277967809173574,-22.767305633392162,0.03528622159910395,17.528243203429895,0.7441111683183579,1.9371110302862538,0.007418346504348329,0.03277967809173574,-22.767305633392162,0.03528622159910395,17.528243203429895,0.7441111683183579,1.9371110302862538,0.007418346504348329
2.5309999999998323,2,1,1,2,0.0007971558764802425,5.3888349310800905,5.607416723582462,5.0,0.562277986594931,0.00028668492037342737,0.43591473651133794,0.03100315184806053,0.0029265692987986204,0.0055750421300296655,0.5658267102163657,0.0003391816811665006,0.003549111896125857,0.3492038889375605,0.005394481103760617,0.005394481103760617,1.0,-0.03258209935545583,-0.0323652364183061,0.0,0.0,-0.029477312582920943,-0.03258209935545583,0.0,-0.0,0.0,-0.007763037239888276,-0.007757761103769205,0.0,0.0,-0.004521267017620029,0.055,0.29547873298238003,0.2922369627601122,0.0,0.0,0.0,1.2024661830840568e-05,0,0,0,0,0,inf,inf,0,0,0.0,1.4298130305230676,0.00022360051173863914,0.003396611891596719,0.00023109813956361964,-1.6419869694769325,0.00012005662532731657,1.6514763030102757,-0.78495833225899,0.0023688601971807682,0.07015031043928317,0.002460224769464696,0.09092659692622833,0.0007719809867269875,0.01664667438997193,0.0039670185038725445,0.04123662412956597,-22.78574382171372,0.044432771586068384,17.53872956584952,0.7509488480059078,1.9516743506315748,0.007314933984156839,0.04123662412956597,-22.78574382171372,0.044432771586068384,17.53872956584952,0.7509488480059078,1.9516743506315748,0.007314933984156839
2.540999999999831,2,1,1,2,0.0008412490654940144,5.46348184234961,5.5829340632734965,5.0,0.5625916000823495,0.00031641439831687536,0.4359657856491581,0.03170992986096648,0.003037032470254886,0.004760815423487562,0.5662136497722219,0.00037508317954249265,0.003622524807616206,0.36993169010245275,0.005666050310252522,0.005666050310252522,1.0,-0.03892401835059942,-0.03871109440491602,0.0,0.0,-0.030820194710150472,-0.03892401835059942,0.0,-0.0,0.0,-0.008124466247190756,-0.008117024365398944,0.0,0.0,-0.004823511352438319,0.055,0.29517648864756174,0.2918755337528097,0.0,0.0,0.0,8.938178663800912e-06,0,0,0,0,0,inf,inf,0,0,0.0,1.4307392419459128,0.0002478593943604797,0.004119477675106708,0.0002561773020113788,-1.6410607580540872,0.00012723797823020543,1.6516345664903576,-0.7849179013495804,0.002478461203429454,0.07402418211582673,0.0025558343624970314,0.09404979649485755,0.0007416642643563521,0.015336515894893623,0.00411893822714139,0.049910217792911535,-22.819768927151653,0.05384473036421357,17.565300099596804,0.7558903389105218,1.9791085462350941,0.00811654558155751,0.049910217792911535,-22.819768927151653,0.05384473036421357,17.565300099596804,0.7558903389105218,1.9791085462350941,0.00811654558155751
2.55099999999983,2,1,1,2,0.0008787259063843525,5.526538949423092,5.570914633017937,5.0,0.5629137377018562,0.00034788280277116734,0.43600997020585053,0.03264161316490669,0.0032430729778495817,0.004161727291465949,0.5666064810415148,0.0004133631636626857,0.003693323848548307,0.3898437682712116,0.005942050092985986,0.005942050092985986,1.0,-0.044464694131971357,-0.044270710653524434,0.0,0.0,-0.032053313819225875,-0.044464694131971357,0.0,-0.0,0.0,-0.008544784500639916,-0.008535310393985676,0.0,0.0,-0.005138591371552921,0.055,0.2948614086284471,0.2914552154993605,0.0,0.0,0.0,8.530785978722544e-06,0,0,0,0,0,inf,inf,0,0,0.0,1.4316980386198015,0.00027339285697697095,0.004880660863326743,0.0002824760934087742,-1.6401019613801986,0.0001355970454507318,1.651784286630873,-0.7848755577994309,0.0026179606806217845,0.07781816501983677,0.0026951433476466715,0.09740533798785748,0.000919014474843256,0.01471786361404482,0.00433591286883995,0.05492843317071128,-22.846985457942374,0.05960787183818829,17.576159538624164,0.7564169933363856,1.989559646953719,0.008732072003480614,0.05492843317071128,-22.846985457942374,0.05960787183818829,17.576159538624164,0.7564169933363856,1.989559646953719,0.008732072003480614
2.560999999999829,2,1,1,2,0.0009111352738140613,5.583147674858857,5.5685341650508136,5.0,0.563245557438964,0.0003815567841104677,0.4360489640869789,0.03362414817029755,0.0034707300596189795,0.0037004581915344756,0.5670046718802283,0.00045405529924707496,0.0037598134817060946,0.4092849905142911,0.00622213509531467,0.00622213509531467,1.0,-0.04931998597129015,-0.04915005217945957,0.0,0.0,-0.03316559202941227,-0.04931998597129015,0.0,-0.0,0.0,-0.009016666120725872,-0.009005382630555309,0.0,0.0,-0.005465344906201759,0.055,0.2945346550937983,0.29098333387927455,0.0,0.0,0.0,8.610043703986402e-06,0,0,0,0,0,inf,inf,0,0,0.0,1.4326913134045278,0.0003004276568433895,0.00567925560141364,0.0003103127227948822,-1.6391086865954723,0.00014573677717407156,1.6519286716718173,-0.7848308109034835,0.0027756965885548904,0.08151373006200219,0.0028589527921793704,0.10091957148630656,0.0010854534608056086,0.0142039674890176,0.004593518402698744,0.059142212942177946,-22.873013473582656,0.06458956549539142,17.580470039772656,0.7565144148618141,1.9930706057947736,0.009337690409849386,0.059142212942177946,-22.873013473582656,0.06458956549539142,17.580470039772656,0.7565144148618141,1.9930706057947736,0.009337690409849386
2.570999999999828,2,1,1,2,0.0009396006865561015,5.634303531725757,5.573718763542814,5.0,0.5635871370068963,0.0004175426697778473,0.436083923163948,0.03458835518303955,0.0037041386598790967,0.003340043810375792,0.567407674384226,0.0004971833186165333,0.0038213673579650252,0.42837270401664684,0.006505948763289292,0.006505948763289292,1.0,-0.05356535338135747,-0.05342006609287233,0.0,0.0,-0.03415074304464604,-0.05356535338135747,0.0,-0.0,0.0,-0.009533693036264165,-0.009520846341100245,0.0,0.0,-0.00580252576041598,0.055,0.29419747423958414,0.29046630696373626,0.0,0.0,0.0,8.643945091716441e-06,0,0,0,0,0,inf,inf,0,0,0.0,1.4337203451790832,0.0003291149285062345,0.006514197635257548,0.00033988040116429414,-1.6380796548209169,0.0001573039082683199,1.6520674309359995,-0.7847833075903596,0.0029465925887261135,0.08509679646480663,0.0030388340147769186,0.10453813563819711,0.0012089748256337851,0.01358434813856712,0.004882943322314975,0.06321255896985917,-22.90001047164103,0.06945655413870444,17.581857049393875,0.7569215681872868,1.9935531089092535,0.009932558317704763,0.06321255896985917,-22.90001047164103,0.06945655413870444,17.581857049393875,0.7569215681872868,1.9935531089092535,0.009932558317704763
2.5809999999998268,2,1,1,2,0.0009650011703315189,5.680083811519014,5.584731526359488,5.0,0.5639381137909117,0.0004558868220442805,0.4361157284834024,0.03550523983854705,0.0039421016407637675,0.003058678521125636,0.5678149266656296,0.000542760485952313,0.0038777861079563134,0.4471339252262227,0.006793124322947208,0.006793124322947208,1.0,-0.05725898202447111,-0.0571369611709452,0.0,0.0,-0.035005400110881574,-0.05725898202447111,0.0,-0.0,0.0,-0.010090095174925501,-0.010075925146593485,0.0,0.0,-0.006148842297916435,0.055,0.2938511577020836,0.28990990482507495,0.0,0.0,0.0,8.564001101619467e-06,0,0,0,0,0,inf,inf,0,0,0.0,1.4347859169513724,0.0003595715822108923,0.0073842971163528065,0.00037131530508171547,-1.6370140830486277,0.00016991098282193801,1.6521990681470655,-0.7847327616753497,0.0031282083906915207,0.0885558955992508,0.003230710303245084,0.10821457331532462,0.0012990260315452551,0.01279191781263374,0.005198619084651772,0.06716579213614274,-22.92882231621858,0.07423667139965844,17.581854595461618,0.7575782796422098,1.9926044901559534,0.010508728643272633,0.06716579213614274,-22.92882231621858,0.07423667139965844,17.581854595461618,0.7575782796422098,1.9926044901559534,0.010508728643272633
2.5909999999998257,2,1,1,2,0.0009880469878288103,5.7205282007083,5.600072240750655,5.0,0.5642979360622613,0.0004966400019150497,0.43614508237629934,0.03636203710265151,0.004185538707078128,0.0028409803861741746,0.5682258546872213,0.0005907891291291569,0.0039290468032924806,0.4655584322288924,0.0070832857856143495,0.0070832857856143495,1.0,-0.06045101269295599,-0.0603501205368739,0.0,0.0,-0.03572824893014929,-0.06045101269295599,0.0,-0.0,0.0,-0.010680635641256474,-0.010665363504201086,0.0,0.0,-0.006502980749320082,0.055,0.29349701925067984,0.2893193643587439,0.0,0.0,0.0,8.389971961457507e-06,0,0,0,0,0,inf,inf,0,0,0.0,1.4358883763598946,0.0003918962562600576,0.008288260424617657,0.0004047232065477123,-1.6359116236401055,0.00018329243755519278,1.652321766632557,-0.7846789351204827,0.003319062725204602,0.0918814746234589,0.003432137773960327,0.11190757806602286,0.0013676077304269833,0.011815570809205042,0.005536242716530629,0.07089732609153813,-22.959775102601103,0.07882538500916475,17.581166293724827,0.7583182209893969,1.9909080816903644,0.011066147083549856,0.07089732609153813,-22.959775102601103,0.07882538500916475,17.581166293724827,0.7583182209893969,1.9909080816903644,0.011066147083549856
2.6009999999998246,2,1,1,1,0.000998526534675386,5.381087154146092,5.347421373209113,5.0,0.5646726263655304,0.0005396783379116593,0.4361619317080372,0.03886886708554888,0.004581343671903562,-0.0006758223311347644,0.5686398741464527,0.000641260243823766,0.003968548076922022,0.4842610036130087,0.0073760489784640525,0.0073760489784640525,1.0,-0.06701340417177742,-0.06648391060578969,0.0,0.0,-0.022874336218961875,-0.06701340417177742,0.0,-0.0,0.0,-0.011072198576834584,-0.011056210791296026,0.0,0.0,-0.006703916341241536,0.055,0.2932960836587584,0.2889278014231658,0.0,0.0,0.0,5.029527754591464e-05,0,0,0,0,0,inf,inf,0,0,0.0,1.4370059107079194,0.00042651559068975875,0.009231392387685647,0.00044056813155718557,-1.6347940892920807,0.00019499423196292322,1.6524734967298897,-0.7846176770785703,0.0036006963214515295,0.09702659000221231,0.003737847763724003,0.10881428476245852,0.0015931187883157173,0.021740154175088688,0.006628344247522412,0.06784948811055198,-22.98605361476133,0.07660958904139124,17.543460421535894,0.7460182675452195,1.9210451910993118,0.006642948000616853,0.06784948811055198,-22.98605361476133,0.07660958904139124,17.543460421535894,0.7460182675452195,1.9210451910993118,0.006642948000616853
2.6109999999998235,2,1,1,2,0.0009843287156870153,6.079924354997109,5.402359707346796,5.0,0.5650667412965015,0.0005821053471858018,0.43615390457743863,0.039391710686589705,0.004173573517178128,-0.0007616134426570359,0.5690563924000929,0.0006941531749610827,0.003991224203687035,0.5032618909025217,0.0076710225975080626,0.0076710225975080626,1.0,-0.08804448266442716,-0.08827971202754123,0.0,0.0,-0.03784716331025352,-0.08804448266442716,0.0,-0.0,0.0,-0.011852555348425602,-0.01184718355607693,0.0,0.0,-0.0070065190931657105,0.055,0.2929934809068342,0.28814744465157477,0.0,0.0,0.0,1.7755731731980894e-05,0,0,0,0,0,inf,inf,0,0,0.0,1.438117245199685,0.00046420362537870173,0.010222388850766265,0.00047960598340735585,-1.633682754800315,0.0001904529706095565,1.6526849572374234,-0.7845445392476995,0.0038328895782937973,0.10049380933487088,0.003952574905368359,0.11333461014925146,-0.0009771539144831055,0.01879785593241659,0.007208360766624947,0.10538966610758191,-23.031641631194542,0.11535409896878496,17.54238703735754,0.7956997994888988,1.9181952619729394,0.004473198840267844,0.10538966610758191,-23.031641631194542,0.11535409896878496,17.54238703735754,0.7956997994888988,1.9181952619729394,0.004473198840267844
2.6209999999998224,2,1,1,2,0.0009730845179732042,6.060375753109736,5.4920828193313795,5.0,0.565460235619822,0.0006250894483470429,0.43614817652749716,0.03938173129328626,0.004431594112910401,-0.0004074297917803622,0.5694748104200952,0.0007494353798585754,0.004016500060708615,0.5204340182951236,0.007967809280133572,0.007967809280133572,1.0,-0.08633381250289429,-0.08649399044516315,0.0,0.0,-0.038029877114919224,-0.08633381250289429,0.0,-0.0,0.0,-0.012723678752531945,-0.012720208039899787,0.0,0.0,-0.007386191187446551,0.055,0.2926138088125534,0.2872763212474685,0.0,0.0,0.0,1.1777529732103988e-05,0,0,0,0,0,inf,inf,0,0,0.0,1.4392779651464707,0.0005031315600091598,0.011242303675540298,0.0005195962032224867,-1.6325220348535294,0.00018308348373756816,1.6528439549979281,-0.7844743412506573,0.003949598321061298,0.10319179809484677,0.00404910768350311,0.11825279985571088,-0.0004660292540148882,0.01384082851326557,0.006949461549440323,0.10882477945960183,-23.088119637944526,0.11978693773684092,17.5685198269976,0.7954200936588639,1.9505127174666195,0.00979648127202823,0.10882477945960183,-23.088119637944526,0.11978693773684092,17.5685198269976,0.7954200936588639,1.9505127174666195,0.00979648127202823
2.6309999999998213,2,1,1,2,0.0009658885084030946,6.036281465605356,5.566746553120843,5.0,0.5658554112790726,0.0006713538356873789,0.43614624760598214,0.03964903216780008,0.004790298848283176,-2.2313098562819905e-05,0.5698945247708797,0.0008070622766719246,0.0040413926536099435,0.5364825024153159,0.008266006694246522,0.008266006694246522,1.0,-0.08465461778278525,-0.08477198250094467,0.0,0.0,-0.03801444002972684,-0.08465461778278525,0.0,-0.0,0.0,-0.013577678232754915,-0.013575556436842358,0.0,0.0,-0.007766542128188686,0.055,0.29223345787181126,0.2864223217672455,0.0,0.0,0.0,8.931022093977226e-06,0,0,0,0,0,inf,inf,0,0,0.0,1.4404856910562314,0.000543473087464352,0.012288277252523936,0.0005609201405173613,-1.6313143089437687,0.00018217771403579046,1.6529621847394744,-0.7844044622109955,0.004108273753154292,0.10572231420749294,0.004207300342835632,0.1227755069526739,0.00020604503437042043,0.010309387485313154,0.007051491163306596,0.10928814407268614,-23.135274153303136,0.12121581574456093,17.577401980362097,0.7896990796161136,1.962551438546613,0.011906520490280785,0.10928814407268614,-23.135274153303136,0.12121581574456093,17.577401980362097,0.7896990796161136,1.962551438546613,0.011906520490280785
2.64099999999982,2,1,1,2,0.0009625190604940206,6.014073598046007,5.628265826625056,5.0,0.5662537799105027,0.0007212343668411454,0.4361480249901495,0.03999330750458631,0.005147191299833587,0.00033177106743592123,0.5703149295979606,0.0008669771809425144,0.004063763988201236,0.5518191970655594,0.008565208641035906,0.008565208641035906,1.0,-0.08312513250262578,-0.08321508959050548,0.0,0.0,-0.03785321093003034,-0.08312513250262578,0.0,-0.0,0.0,-0.014415678619118176,-0.014414570742120422,0.0,0.0,-0.008145905553734699,0.055,0.29185409444626526,0.2855843213808823,0.0,0.0,0.0,7.467743914783921e-06,0,0,0,0,0,inf,inf,0,0,0.0,1.4417365409225136,0.000585555800226189,0.013358644086736227,0.0006040284609026005,-1.6300634590774865,0.00018731697574015977,1.6530491017162687,-0.7843326483630372,0.004293088454570641,0.1080875580891617,0.004399051940301115,0.1269199915803197,0.0007390648468013973,0.007436229499285786,0.007302467705119036,0.10915793299854683,-23.179812205036715,0.12206328739195267,17.57962023440646,0.784288361652929,1.9661471371602144,0.013048998361292325,0.10915793299854683,-23.179812205036715,0.12206328739195267,17.57962023440646,0.784288361652929,1.9661471371602144,0.013048998361292325
2.650999999999819,2,1,1,2,0.000962538227221226,5.994581102259623,5.678735088397762,5.0,0.5666556293108844,0.0007745430023144143,0.4361530890490606,0.04033742567891037,0.0054771488484416896,0.0006386195366578028,0.5707354186176727,0.0009291113322084784,0.004082716271845319,0.566593345781058,0.008865006168336475,0.008865006168336475,1.0,-0.08175080035634169,-0.08182177883267942,0.0,0.0,-0.03757562048830954,-0.08175080035634169,0.0,-0.0,0.0,-0.015239251386667653,-0.015238933405174064,0.0,0.0,-0.008522998339329173,0.055,0.2914770016606708,0.2847607486133329,0.0,0.0,0.0,6.628747707232243e-06,0,0,0,0,0,inf,inf,0,0,0.0,1.4430268922540481,0.0006295784013539812,0.014451771149665466,0.0006491546857019317,-1.628773107745952,0.00019681389557863396,1.6531093420868037,-0.7842578859421617,0.004493247810795465,0.11029108805756854,0.004607015951312288,0.13071552276279064,0.0010973814506144196,0.004906667479391112,0.0076261288080527335,0.10913075687922487,-23.224304346236583,0.12304219051192655,17.579189654577764,0.7803720983198171,1.9658383259782006,0.013847860054259429,0.10913075687922487,-23.224304346236583,0.12304219051192655,17.579189654577764,0.7803720983198171,1.9658383259782006,0.013847860054259429
2.660999999999818,2,1,1,2,0.0009654745649370902,5.97734253778885,5.719972386530738,5.0,0.5670607619637454,0.0008309855465824969,0.43616095404196886,0.04065002128796417,0.005777318667492972,0.0008970711357967762,0.5711554029142405,0.0009933864742176465,0.004097860243440203,0.5808509941125368,0.009165000000000017,0.009165000000000017,1.0,-0.08051078372268267,-0.08056884444424504,0.0,0.0,-0.037202752335119355,-0.08051078372268267,0.0,-0.0,0.0,-0.01604983100046207,-0.01605014606923212,0.0,0.0,-0.008896767879316517,0.055,0.29110323212068345,0.2839501689995385,0.0,0.0,0.0,6.061077315794346e-06,0,0,0,0,0,inf,inf,0,0,0.0,1.4443534091034722,0.0006756508148342047,0.015566058429301245,0.00069639631736186,-1.6274465908965279,0.00020906162049338556,1.6531454754454016,-0.7841796564328749,0.004701260903723283,0.11233599817083607,0.004820213532360138,0.13418955239959313,0.0013103101164090656,0.002579564411606723,0.007988040759420901,0.10939137302716573,-23.269732173847096,0.12434239533797511,17.577833667022905,0.7779152945196857,1.9636249785493187,0.01448696979674853,0.10939137302716573,-23.269732173847096,0.12434239533797511,17.577833667022905,0.7779152945196857,1.9636249785493187,0.01448696979674853
2.670999999999817,2,1,1,2,0.0009708903028678153,5.962050187935743,5.753499127544527,5.0,0.5674688067082172,0.0008902914552773654,0.4361711629982318,0.040923848453319284,0.006053618950021757,0.0011128197348295125,0.5715745896110371,0.0010597600320250606,0.004109278871480172,0.5946010733048618,0.009465000000000017,0.009465000000000017,1.0,-0.07940594758684152,-0.07945514632050611,0.0,0.0,-0.036775423792438214,-0.07940594758684152,0.0,-0.0,0.0,-0.016848757453614624,-0.016849602381452763,0.0,0.0,-0.009266480444397651,0.055,0.29073351955560234,0.283151242546386,0.0,0.0,0.0,5.592861171536279e-06,0,0,0,0,0,inf,inf,0,0,0.0,1.4457130275398513,0.0007238248353009962,0.016699947050313104,0.0007457701169155321,-1.6260869724601488,0.00022284809818240987,1.6531591841585191,-0.784097687285867,0.004912748551985193,0.11422796021549608,0.005032947576890491,0.13737005671767358,0.0014227417214496968,0.0004030055662722673,0.008369873824554406,0.11009215942500242,-23.316038324212546,0.12611479301311676,17.57667186058424,0.7766143036602633,1.9609207083208706,0.015033871947109036,0.11009215942500242,-23.316038324212546,0.12611479301311676,17.57667186058424,0.7766143036602633,1.9609207083208706,0.015033871947109036
2.6809999999998158,2,1,1,2,0.0009784116431117698,5.948111140922736,5.780572845883236,5.0,0.5678793844178331,0.0009522616844417157,0.4361833294737137,0.04116051257397006,0.006312764655845583,0.0012930455443732117,0.5719929442070157,0.0011282266113877644,0.004117321677340149,0.6078485863102179,0.009765000000000017,0.009765000000000017,1.0,-0.07841459043953607,-0.07845713419841574,0.0,0.0,-0.0363093597979831,-0.07841459043953607,0.0,-0.0,0.0,-0.017637281355481323,-0.01763858002428769,0.0,0.0,-0.009631700016025155,0.055,0.29036829998397484,0.28236271864451934,0.0,0.0,0.0,5.1744432704519425e-06,0,0,0,0,0,inf,inf,0,0,0.0,1.447102967013967,0.0007741216122059066,0.017851951179321937,0.0007972562312698609,-1.624697032986033,0.00023738461543071582,1.653151864701987,-0.7840118412240391,0.005125383622846976,0.1159748595356239,0.005242651748470507,0.14028454344153365,0.0014713376863447782,-0.0016421323089065747,0.008761141791021646,0.11111533972125504,-23.363101914109482,0.12823833537872145,17.57583294721927,0.7760712372784297,1.9579657914716435,0.015525300009857843,0.11111533972125504,-23.363101914109482,0.12823833537872145,17.57583294721927,0.7760712372784297,1.9579657914716435,0.015525300009857843
2.6909999999998147,2,1,1,2,0.000987723766749853,5.935123747877728,5.802212592099859,5.0,0.5682921314855917,0.0010167485548649383,0.4361971313754265,0.04136147190850464,0.006558824549419454,0.0014436241681534802,0.5724104408960943,0.0011987819889646453,0.004122330478232496,0.6205989383406862,0.010065000000000017,0.010065000000000017,1.0,-0.07751303647161355,-0.07755073637955551,0.0,0.0,-0.03581210472283302,-0.07751303647161355,0.0,-0.0,0.0,-0.018416403198476067,-0.01841809931014288,0.0,0.0,-0.009992081600177895,0.055,0.2900079183998221,0.2815835968015246,0.0,0.0,0.0,4.790870755532152e-06,0,0,0,0,0,inf,inf,0,0,0.0,1.4485206997652962,0.000826543448674225,0.01902066076906904,0.0008508151758225135,-1.623279300234704,0.00025216541581867647,1.6531247392332327,-0.7839220620014461,0.0053375947761833764,0.11758398549157528,0.005447785059954286,0.14295657589761118,0.0014786750849608186,-0.0035721553117071913,0.009155383544320293,0.11238209681894937,-23.410852187706414,0.1306314355095173,17.5753394411843,0.7760380563488375,1.9548591781912519,0.01598241535828339,0.11238209681894937,-23.410852187706414,0.1306314355095173,17.5753394411843,0.7760380563488375,1.9548591781912519,0.01598241535828339
2.7009999999998136,2,1,1,1,0.0009955920212561245,5.322809407675566,5.745913635914652,5.0,0.5687121365449078,0.0010797104406451588,0.43620926860915277,0.04264264882681774,0.005977280399397156,0.0008959241459194903,0.5728270539251102,0.001271421812567667,0.00411938081463906,0.6336098071031459,0.010365000000000017,0.010365000000000017,1.0,-0.06316771211601568,-0.06286370562915906,0.0,0.0,-0.022547200213257245,-0.06316771211601568,0.0,-0.0,0.0,-0.01906436938200134,-0.019054402911399895,0.0,0.0,-0.010246605720618663,0.055,0.28975339427938135,0.2809356306179993,0.0,0.0,0.0,3.442085059380554e-05,0,0,0,0,0,inf,inf,0,0,0.0,1.4499577326157131,0.0008815943390511967,0.02020865275703794,0.0009066572846301562,-1.621842267384287,0.00024996023661523036,1.6531026837724563,-0.7838208281419303,0.005655861226525723,0.11992238055044159,0.005701268540695796,0.1440964371475356,-0.0020586396490096734,-0.0005111056686895316,0.011042770589507178,0.15442281427015678,-23.440037801267813,0.17435638428908823,17.533643702285968,0.8236661488452742,1.9010851433384603,0.005463588893672943,0.15442281427015678,-23.440037801267813,0.17435638428908823,17.533643702285968,0.8236661488452742,1.9010851433384603,0.005463588893672943
2.7109999999998124,2,1,1,1,0.000996810582150314,5.433506169015859,5.69661273772377,5.0,0.5691437886539616,0.0011371327641665416,0.4362143587119175,0.043507691773716495,0.005604667818676192,0.00019598204679353783,0.5732427575954097,0.0013461416014303386,0.00410429422398173,0.647296085748389,0.010665000000000018,0.010665000000000018,1.0,-0.06718822929391745,-0.06697915144904593,0.0,0.0,-0.02171054594277512,-0.06718822929391745,0.0,-0.0,0.0,-0.019718436117138402,-0.01970599627924567,0.0,0.0,-0.010467238053384913,0.055,0.28953276194661515,0.2802815638828623,0.0,0.0,0.0,2.0628621343480542e-05,0,0,0,0,0,inf,inf,0,0,0.0,1.4514045749826683,0.0009397787561093643,0.021420878192322336,0.0009649311114272879,-1.6203954250173318,0.00021377051113548757,1.6531078001625767,-0.7837034962484555,0.005943459666454847,0.12225130337843829,0.0059241241178330985,0.1452028343594453,-0.004655274667657496,0.0010184593464480798,0.01218012442995938,0.19461280637167597,-23.482944922261638,0.21627275746619665,17.505263717026637,0.8699530365925577,1.8591900415995004,-0.0005054030620122406,0.19461280637167597,-23.482944922261638,0.21627275746619665,17.505263717026637,0.8699530365925577,1.8591900415995004,-0.0005054030620122406
2.7209999999998113,2,1,1,2,0.00099180177426919,6.234847346223692,5.666147154861243,5.0,0.5695816146952174,0.0011924929033428557,0.4362127966457511,0.04396267809082715,0.0055123323901627025,-0.0004367799998403476,0.573657526264432,0.0014229367464841287,0.004082420787339199,0.6607270280087256,0.010965000000000018,0.010965000000000018,1.0,-0.07080682620228113,-0.07993373250127395,0.0,0.0,-0.02109332073239417,-0.07080682620228113,0.0,-0.0,0.0,-0.02041059712656642,-0.020405677775592677,0.0,0.0,-0.010680821219315217,0.055,0.28931917878068475,0.2795894028734343,0.0,0.0,0.0,1.3042378229235912e-05,0,0,0,0,0,inf,inf,0,0,0.0,1.4528635562457681,0.001000589331897971,0.02265512394791907,0.0010252325249197713,-1.618936443754232,0.00015903333845784332,1.6531185604651144,-0.7835780430827927,0.006188857734144494,0.12435075762819642,0.006113156133910922,0.1464830828764362,-0.006002291374166518,0.0009609911044567284,0.012796675843844224,0.22268664880775865,-23.537480990723928,0.24592860069079825,17.49437901493226,0.8998323910705337,1.83757069611881,-0.0023072736297489876,0.22268664880775865,-23.537480990723928,0.24592860069079825,17.49437901493226,0.8998323910705337,1.83757069611881,-0.0023072736297489876
2.7309999999998102,2,1,1,2,0.000986298971113602,6.139989748386403,5.7364336514415735,5.0,0.5700163893642659,0.0012531132941950862,0.43621052763250445,0.043147677584439346,0.006465861128766372,-5.9713261848958954e-05,0.5740713343472921,0.0015018025106427499,0.004062563863097591,0.6726953116717703,0.011265000000000018,0.011265000000000018,1.0,-0.08598037537551861,-0.0862361402713115,0.0,0.0,-0.03227467573946328,-0.08598037537551861,0.0,-0.0,0.0,-0.021283200501458963,-0.021281047832468442,0.0,0.0,-0.011004452099784835,0.055,0.2889955479002151,0.27871679949854183,0.0,0.0,0.0,2.2955542327755464e-05,0,0,0,0,0,inf,inf,0,0,0.0,1.4543459864417094,0.0010627385702368466,0.023903937512627153,0.0010867018306294342,-1.6174540135582907,0.00011880000250004608,1.6530942805164086,-0.78345822742819,0.00624776716041083,0.12528995090041278,0.0061854774832606875,0.14958756950610672,-0.0026344094930085783,-0.004856480640656079,0.011527180459501641,0.19898599549700705,-23.61288811987413,0.2229915707020658,17.52874106521097,0.8651069059369421,1.8729723989328175,0.00923323788619405,0.19898599549700705,-23.61288811987413,0.2229915707020658,17.52874106521097,0.8651069059369421,1.8729723989328175,0.00923323788619405
2.740999999999809,2,1,1,2,0.0009845109691808676,6.065134676084549,5.785654048328958,5.0,0.5704450560984953,0.0013217450535839552,0.43621194115157047,0.04267099586742704,0.007156685496579773,0.00029599912950354615,0.574484156318358,0.0015827340290943761,0.004047523419503999,0.6830757508665519,0.011565000000000018,0.011565000000000018,1.0,-0.08327351848425153,-0.08346074609462002,0.0,0.0,-0.03187542828058363,-0.08327351848425153,0.0,-0.0,0.0,-0.0221279967621763,-0.022128000416296464,0.0,0.0,-0.011325220535795454,0.055,0.2886747794642045,0.27787200323782446,0.0,0.0,0.0,1.3495881581870939e-05,0,0,0,0,0,inf,inf,0,0,0.0,1.4558562748579813,0.0011258482377858024,0.02516128425340034,0.0011492467203754637,-1.6159437251420188,0.0001047544738212865,1.6530223712932226,-0.7833452559791737,0.006370313313814799,0.12607862821637145,0.006318052619342403,0.15213555630025907,-0.0005560714210508426,-0.00890062023454264,0.011194371185900298,0.1822675750212263,-23.677169606327862,0.20712093638264364,17.550416195770065,0.8378855814199443,1.8954529185418862,0.0146813449371914,0.1822675750212263,-23.677169606327862,0.20712093638264364,17.550416195770065,0.8378855814199443,1.8954529185418862,0.0146813449371914
2.750999999999808,2,1,1,2,0.0009861027172949057,6.007566625968206,5.819386718096871,5.0,0.5708700325417599,0.00139624948090657,0.4362166929885065,0.042373412828679353,0.007670272162531987,0.0006106231294749427,0.5748959667128262,0.0016657263096017314,0.0040349428386239,0.692420193235071,0.011865000000000018,0.011865000000000018,1.0,-0.08077130790288266,-0.08091340950799461,0.0,0.0,-0.031299859842890736,-0.08077130790288266,0.0,-0.0,0.0,-0.022946767437446572,-0.02294838020810268,0.0,0.0,-0.011640897583851761,0.055,0.28835910241614815,0.27705323256255415,0.0,0.0,0.0,7.77181033382764e-06,0,0,0,0,0,inf,inf,0,0,0.0,1.4573896093978578,0.0011904220223727933,0.026425840512578496,0.001213332223992737,-1.6144103906021423,0.0001064826683822649,1.6529162689475179,-0.7832331973095329,0.006533224446065937,0.12674800946136033,0.006486352140278465,0.1542575090607368,0.0006680878554369106,-0.011885573030930562,0.011253047838688725,0.17245861653576716,-23.734944684335513,0.19829572769524592,17.56326173645954,0.820950831560514,1.90725459380273,0.017212456856970447,0.17245861653576716,-23.734944684335513,0.19829572769524592,17.56326173645954,0.820950831560514,1.90725459380273,0.017212456856970447
2.760999999999807,2,1,1,2,0.0009906606614496207,5.9619160276840635,5.84167083852244,5.0,0.5712926135027755,0.0014752113993878719,0.4362243483364459,0.042172398310223326,0.008068011164477704,0.0008812234510940443,0.5753067401282915,0.0017507742328100248,0.004023573963634867,0.7010430614771975,0.01216500000000002,0.01216500000000002,1.0,-0.07852296798566887,-0.07863456377726587,0.0,0.0,-0.030654098921299146,-0.07852296798566887,0.0,-0.0,0.0,-0.023741903515263826,-0.023744759984195604,0.0,0.0,-0.011950377789516475,0.055,0.28804962221048347,0.2762580964847369,0.0,0.0,0.0,4.361224296684785e-06,0,0,0,0,0,inf,inf,0,0,0.0,1.458942268962081,0.0012567655553400833,0.027696537918645313,0.0012792070883956238,-1.612857731037919,0.0001172777852597402,1.6527842240044326,-0.7831194609559756,0.006719657485060463,0.12731957464113036,0.006671740119074531,0.15604676840487378,0.0013534009199423981,-0.014203996564246466,0.011490181146736184,0.1665907649809643,-23.789023718777482,0.19351104607273176,17.57126560616754,0.8106905457385362,1.9130141984547009,0.018604988912806274,0.1665907649809643,-23.789023718777482,0.19351104607273176,17.57126560616754,0.8106905457385362,1.9130141984547009,0.018604988912806274
2.770999999999806,2,1,1,1,0.0009958766032961688,5.278685538520043,5.797039159936767,5.0,0.5717163385119498,0.001555232832146801,0.43623251332367385,0.042790592427601096,0.007714964351500873,0.0005509634544532247,0.575716451226315,0.0018378725525627412,0.0040100856523499285,0.7095086782380512,0.01246500000000002,0.01246500000000002,1.0,-0.06352172651844534,-0.06326992998324962,0.0,0.0,-0.019418798473495126,-0.06352172651844534,0.0,-0.0,0.0,-0.024428908673911554,-0.024422162818910857,0.0,0.0,-0.012189877235294607,0.055,0.2878101227647054,0.2755710913260892,0.0,0.0,0.0,3.4300225252637235e-05,0,0,0,0,0,inf,inf,0,0,0.0,1.460507265530845,0.0013253793150190274,0.02897460956729184,0.0013470384225916135,-1.611292734469155,0.00012249763302241888,1.6526445926560884,-0.7829983777453712,0.007008217494816881,0.12841053034715366,0.006879471910180262,0.15645007174027292,-0.001144982202864455,-0.01255206627646838,0.012986242085275006,0.19450826308456895,-23.82818953946573,0.22317830378064518,17.549899939744833,0.841095189900637,1.8826361298961707,0.011237048929819245,0.19450826308456895,-23.82818953946573,0.22317830378064518,17.549899939744833,0.841095189900637,1.8826361298961707,0.011237048929819245
2.7809999999998047,2,1,1,1,0.0009950745138058983,5.378686377463012,5.734283864132626,5.0,0.5721480639856782,0.0016296544326968973,0.43623425570471647,0.04340932582628764,0.007277512864560994,-0.00012994919415265375,0.5761250747339861,0.0019270158962252444,0.003988112126325993,0.7186069816568026,0.01276500000000002,0.01276500000000002,1.0,-0.06722256517507216,-0.06704879005272237,0.0,0.0,-0.018725374301858746,-0.06722256517507216,0.0,-0.0,0.0,-0.025084807096325063,-0.025076008873255354,0.0,0.0,-0.012380070805055352,0.055,0.28761992919494467,0.27491519290367566,0.0,0.0,0.0,2.0445915536878655e-05,0,0,0,0,0,inf,inf,0,0,0.0,1.4620710734031501,0.001397115573533735,0.03026623549122952,0.0014169027655723818,-1.60972892659685,9.428519270774387e-05,1.652531401901051,-0.7828609683644453,0.007299618425633386,0.12975292733038038,0.007068606962689551,0.15637104569124372,-0.003937273857932291,-0.010615324928414284,0.014224152961393576,0.23657326956096544,-23.872163293071242,0.26730951728785257,17.52620368238756,0.8892292340123236,1.8447290038016118,0.004196488600664232,0.23657326956096544,-23.872163293071242,0.26730951728785257,17.52620368238756,0.8892292340123236,1.8447290038016118,0.004196488600664232
2.7909999999998036,2,1,1,2,0.0009909758824532535,6.080397578152795,5.757876811455634,5.0,0.572580830017944,0.0017045695876999423,0.4362324330360755,0.04296553378897919,0.007871958814824076,-3.1312127445649575e-05,0.5765325854454821,0.0020181987650162,0.003964181406033412,0.7272547198962808,0.01306500000000002,0.01306500000000002,1.0,-0.08240741895793927,-0.08265520349010369,0.0,0.0,-0.027728513373556134,-0.08240741895793927,0.0,-0.0,0.0,-0.02587238050639331,-0.025873248698464895,0.0,0.0,-0.012630974923891751,0.055,0.2873690250761083,0.2741276194936075,0.0,0.0,0.0,2.219400516587747e-05,0,0,0,0,0,inf,inf,0,0,0.0,1.4636412928091034,0.0014709901210986293,0.03156786962065014,0.001488351834428069,-1.6081587071908967,5.938200536811252e-05,1.6524139094905337,-0.7827204136343544,0.007427829994188462,0.13030658963650624,0.0071985644499083035,0.15792288546874997,-0.002244134517995522,-0.013645467557361481,0.01360737171265493,0.23054860973416394,-23.93654182601719,0.26235333122722154,17.541222624325997,0.8785999369519202,1.85481555756354,0.010863391352315017,0.23054860973416394,-23.93654182601719,0.26235333122722154,17.541222624325997,0.8785999369519202,1.85481555756354,0.010863391352315017
2.8009999999998025,2,1,1,2,0.0009904492210028029,5.999783561255436,5.795855255530522,5.0,0.5730072516975776,0.001787284051793129,0.43623423187180266,0.04240768544158168,0.008562881926324255,0.00034010032594259217,0.5769389582236228,0.0021114155343467523,0.003945044667038531,0.7346445496808887,0.01336500000000002,0.01336500000000002,1.0,-0.07941462222103002,-0.07959995371701725,0.0,0.0,-0.02728000593196099,-0.07941462222103002,0.0,-0.0,0.0,-0.026679792873612038,-0.02668277487750931,0.0,0.0,-0.012905967790016078,0.055,0.2870940322099839,0.2733202071263887,0.0,0.0,0.0,1.2932590272274451e-05,0,0,0,0,0,inf,inf,0,0,0.0,1.4652305067608735,0.00154590274842538,0.03287196025442888,0.0015610937826323768,-1.6065694932391266,4.914630942395685e-05,1.6522574314145064,-0.7825870312109356,0.007550468668871766,0.1304793271526629,0.0073406044298411095,0.15967239915028333,-0.00019177988125321607,-0.017108531710271525,0.013215229647384245,0.21144932865976035,-23.998668939774863,0.244019699213162,17.56148265101955,0.8506271713043488,1.8751273399353672,0.01721009228913898,0.21144932865976035,-23.998668939774863,0.244019699213162,17.56148265101955,0.8506271713043488,1.8751273399353672,0.01721009228913898
2.8109999999998014,2,1,1,2,0.0009933411783054893,5.938076291899497,5.81919426112898,5.0,0.5734290812257425,0.001875770935636303,0.4362394628841763,0.04201604619473511,0.009061014816516676,0.0006604942465571655,0.577344168001421,0.002206660454167472,0.003929044710176489,0.7411893613849279,0.01366500000000002,0.01366500000000002,1.0,-0.07670315881301712,-0.07684624834907722,0.0,0.0,-0.026691823208996934,-0.07670315881301712,0.0,-0.0,0.0,-0.027458774974907174,-0.027463364700865394,0.0,0.0,-0.013175600469205084,0.055,0.28682439953079486,0.2725412250250935,0.0,0.0,0.0,7.276318333162406e-06,0,0,0,0,0,inf,inf,0,0,0.0,1.466835032131239,0.0016222708318720607,0.03417733164022809,0.0016353965828153384,-1.6049649678687612,5.421388157160784e-05,1.65207193334028,-0.7824548563520064,0.007711896662237284,0.13057454514822064,0.007506169075906312,0.1610419272777085,0.0009759120600392061,-0.019615513032479562,0.013260348733881324,0.20058590423084321,-24.054853600413384,0.23412213702459503,17.57414618253961,0.8336342112391217,1.8862544419804845,0.020008074442764135,0.20058590423084321,-24.054853600413384,0.23412213702459503,17.57414618253961,0.8336342112391217,1.8862544419804845,0.020008074442764135
2.8209999999998003,2,1,1,1,0.0009957878872749728,5.267503623380389,5.756695020963375,5.0,0.5738517033357651,0.0019643638491892877,0.4362440727067691,0.0425731326973083,0.008570468391845405,0.00015049683596735823,0.5777481897836289,0.0023039276493230674,0.00391125430172309,0.747680280724509,0.01396500000000002,0.01396500000000002,1.0,-0.06381468826310718,-0.06362463638297623,0.0,0.0,-0.017052677259731197,-0.06381468826310718,0.0,-0.0,0.0,-0.028111026168693164,-0.02810636006936672,0.0,0.0,-0.013366615148660266,0.055,0.28663338485133966,0.27188897383130756,0.0,0.0,0.0,2.8114117882924575e-05,0,0,0,0,0,inf,inf,0,0,0.0,1.4684444946874315,0.0017009590950199987,0.03548671617552404,0.0017114303754550528,-1.6033555053125685,5.0340932120988945e-05,1.6518847493204274,-0.7823141179364549,0.008013287079902256,0.13135789321286961,0.007681066010382205,0.16060754826591225,-0.0020174094563265633,-0.01740881427462465,0.014875449331198746,0.2364325089221747,-24.094630888114622,0.2720428767734356,17.553342525255644,0.8727993587320914,1.8549097538114008,0.011299576019445208,0.2364325089221747,-24.094630888114622,0.2720428767734356,17.553342525255644,0.8727993587320914,1.8549097538114008,0.011299576019445208
2.8309999999997992,2,1,1,2,0.0009934563837455104,6.020965065632632,5.746623731386678,5.0,0.5742781563851351,0.0020497253941848892,0.43624355949271365,0.042440305946618,0.00880999680511531,2.896555570802176e-05,0.5781509986482799,0.00240321111991477,0.003888940646692245,0.754372687960324,0.01426500000000002,0.01426500000000002,1.0,-0.07919871335625292,-0.07943043343662286,0.0,0.0,-0.024750491815967866,-0.07919871335625292,0.0,-0.0,0.0,-0.028835182956574106,-0.028838534334793227,0.0,0.0,-0.013575620926483772,0.055,0.28642437907351614,0.27116481704342654,0.0,0.0,0.0,2.0619191797038843e-05,0,0,0,0,0,inf,inf,0,0,0.0,1.4700507744959082,0.0017823552084176432,0.03680376359115932,0.0017890801413191566,-1.601749225504092,2.3981969605488638e-05,1.6517122561048705,-0.7821623732564273,0.008198141700434779,0.13177380706604322,0.007829238438384798,0.16115772091229844,-0.0018677297562957674,-0.018421884539595534,0.014914785398999982,0.2482895560491387,-24.14982806489044,0.2854090199568693,17.554398187304074,0.8843556635853732,1.84707642110446,0.012467450078903874,0.2482895560491387,-24.14982806489044,0.2854090199568693,17.554398187304074,0.8843556635853732,1.84707642110446,0.012467450078903874
2.840999999999798,2,1,1,2,0.0009940202275528212,5.940462473980835,5.778145152600596,5.0,0.5746994008508668,0.0021417297021055818,0.43624600867798563,0.0418905944341436,0.00948307674670629,0.0004071220848593046,0.5785525697482258,0.002504504741670444,0.0038702088161888535,0.7601603437672563,0.01456500000000002,0.01456500000000002,1.0,-0.0761472576084077,-0.07632359143013943,0.0,0.0,-0.024295049740814343,-0.0761472576084077,0.0,-0.0,0.0,-0.029610129814316412,-0.02961547693265123,0.0,0.0,-0.013820760951173586,0.055,0.28617923904882636,0.2703898701856843,0.0,0.0,0.0,1.1966781369405678e-05,0,0,0,0,0,inf,inf,0,0,0.0,1.4716700826917593,0.0018649912932389454,0.03812097317811488,0.0018681884708713526,-1.6001299173082408,1.6965683733473825e-05,1.6515107221360508,-0.7820159344721488,0.008324039803297906,0.1316676607736738,0.007980105370023992,0.1625026138065469,8.540488104759383e-05,-0.02141857308330328,0.01452197571128841,0.228587482779807,-24.208908043930517,0.2664243161667202,17.57212264432853,0.85703164603761,1.86450757326907,0.019085196246878253,0.228587482779807,-24.208908043930517,0.2664243161667202,17.57212264432853,0.85703164603761,1.86450757326907,0.019085196246878253
2.850999999999797,2,1,1,1,0.000995242953165081,5.239081566766561,5.728551074793295,5.0,0.5751189491781239,0.002235968875080447,0.4362490224585387,0.04217965391197482,0.009171868951822756,1.2918293740999915e-05,0.5789528783126695,0.0026078022663223667,0.003851918052030718,0.7656090216144308,0.01486500000000002,0.01486500000000002,1.0,-0.06325480896738839,-0.06308770182425946,0.0,0.0,-0.01576798215060329,-0.06325480896738839,0.0,-0.0,0.0,-0.03027150961763211,-0.03026865689340147,0.0,0.0,-0.01400437943890271,0.055,0.2859956205610973,0.26972849038236857,0.0,0.0,0.0,2.6781478231388653e-05,0,0,0,0,0,inf,inf,0,0,0.0,1.473295044068833,0.00194956960164505,0.03943931422534135,0.0019488461569800086,-1.598504955931167,1.0461531100430988e-05,1.6512987571255497,-0.7818652326553923,0.008595636324711223,0.1321300595370308,0.00813269154747615,0.1621010695191952,-0.0021010390104225507,-0.020117495990022664,0.01580520634270252,0.2549200398784546,-24.252788294319537,0.29466888585788875,17.560953088589617,0.8842395123489564,1.8451843762417073,0.013036387269752883,0.2549200398784546,-24.252788294319537,0.29466888585788875,17.560953088589617,0.8842395123489564,1.8451843762417073,0.013036387269752883
2.860999999999796,2,1,1,2,0.0009940957835671551,5.945207570681808,5.744064182057613,5.0,0.5755392325591455,0.0023298108040336364,0.4362494531347626,0.04176952549308137,0.009717495023353645,0.00021663715212288717,0.5793518996486934,0.0027130973219926437,0.0038318845090334467,0.7709709794829702,0.01516500000000002,0.01516500000000002,1.0,-0.07586062757989777,-0.07605885610966716,0.0,0.0,-0.022730672979027877,-0.07586062757989777,0.0,-0.0,0.0,-0.03101535547946487,-0.03102119703935357,0.0,0.0,-0.014219177480132673,0.055,0.28578082251986736,0.2689846445205359,0.0,0.0,0.0,1.5559812133894912e-05,0,0,0,0,0,inf,inf,0,0,0.0,1.4749194346846928,0.0020364285643312595,0.04076114373156837,0.0020309876624428017,-1.5968805653153073,-6.343661627861184e-06,1.6510894628086898,-0.7817078611789859,0.008737317930671994,0.13209153960519007,0.008283025517696739,0.16300269463381228,-0.0006775963884272375,-0.022265120078466486,0.015463678947796967,0.24952224163376294,-24.309798856708614,0.2903461204238282,17.570945968263544,0.8748604583257926,1.850129659039005,0.01743539183729686,0.24952224163376294,-24.309798856708614,0.2903461204238282,17.570945968263544,0.8748604583257926,1.850129659039005,0.01743539183729686
2.870999999999795,2,1,1,1,0.0009956121742102078,5.185854347327142,5.7255729353473255,5.0,0.5759552715254338,0.0024289739290909934,0.4362526011824448,0.04170121923614669,0.009786984319524227,0.00014962036178167492,0.5797496091427816,0.0028203834135862565,0.0038144723539401335,0.7757122732933992,0.015465000000000022,0.015465000000000022,1.0,-0.06148390492841213,-0.06131617736169881,0.0,0.0,-0.014930192919516923,-0.06148390492841213,0.0,-0.0,0.0,-0.03170761385074838,-0.031706746206728635,0.0,0.0,-0.014414342343591261,0.055,0.28558565765640875,0.2682923861492524,0.0,0.0,0.0,3.0086104612818773e-05,0,0,0,0,0,inf,inf,0,0,0.0,1.4765530066434953,0.0021247537735664727,0.042081505696462115,0.002114665100268685,-1.5952469933565048,-9.619293044231365e-06,1.650858453352891,-0.7815522434957174,0.008953016977850422,0.13217377426864063,0.008431950725138294,0.16313470609880631,-0.0012593184729365776,-0.022573589593565938,0.01612262435274056,0.25452138699952187,-24.358367070210395,0.29671540807545493,17.57214451088381,0.8769229653889931,1.8476336876842046,0.016830434228238066,0.25452138699952187,-24.358367070210395,0.29671540807545493,17.57214451088381,0.8769229653889931,1.8476336876842046,0.016830434228238066
2.8809999999997937,2,1,1,2,0.0009943458286711107,5.930182045468621,5.718139172221808,5.0,0.5763723765723047,0.002526789243059248,0.43625271643890656,0.04149932238439552,0.010068305154179972,0.00014016557316849884,0.5801459822623393,0.00292965392319171,0.003795049387604821,0.7804703481799431,0.015765000000000022,0.015765000000000022,1.0,-0.07486481259447228,-0.07506814770448195,0.0,0.0,-0.021292887374852295,-0.07486481259447228,0.0,-0.0,0.0,-0.03241186829071407,-0.03241863813387805,0.0,0.0,-0.01460250404916691,0.055,0.2853974959508331,0.26758813170928664,0.0,0.0,0.0,1.6723267184408535e-05,0,0,0,0,0,inf,inf,0,0,0.0,1.4781833304756882,0.0022155023504589933,0.04340448367903371,0.0021997550945970674,-1.593616669524312,-2.705203394572284e-05,1.650633804706843,-0.7813879557436592,0.009132695263396946,0.13220802116659958,0.008578419899729916,0.16344808637596298,-0.0009369227259004745,-0.023504851548980722,0.016220433319203628,0.26352405165150766,-24.411050992339685,0.3071917169483134,17.574353610091674,0.8844786438913809,1.842096771125532,0.017355294946072835,0.26352405165150766,-24.411050992339685,0.3071917169483134,17.574353610091674,0.8844786438913809,1.842096771125532,0.017355294946072835
2.8909999999997926,2,1,1,1,0.0009957991962729887,5.149087854462286,5.710427948594432,5.0,0.5767851761409392,0.002630156956424497,0.43625563674313966,0.041302221111027417,0.010281293723199983,0.00019230581677550388,0.5805409945572054,0.003040902110489267,0.0037782116877634756,0.7846510172620157,0.016065000000000024,0.016065000000000024,1.0,-0.060299380424546745,-0.060139526486786346,0.0,0.0,-0.014126755249533707,-0.060299380424546745,0.0,-0.0,0.0,-0.0331067553829517,-0.03310751275176463,0.0,0.0,-0.014792669242665665,0.055,0.28520733075733434,0.266893244617049,0.0,0.0,0.0,3.1221708665232444e-05,0,0,0,0,0,inf,inf,0,0,0.0,1.4798218682874296,0.002307672867687797,0.044725175447775316,0.002286394059410793,-1.5919781317125705,-3.0009022330396613e-05,1.6503883226159817,-0.7812260288890993,0.009326728050743437,0.13211137721261743,0.008726426061358372,0.16371184357474122,-0.0009144934116105801,-0.024327833678915816,0.01662908981146462,0.26031474949581557,-24.46058797360631,0.30512334164591287,17.579414410757046,0.8770556761691545,1.845114767552355,0.01895361928888539,0.26031474949581557,-24.46058797360631,0.30512334164591287,17.579414410757046,0.8770556761691545,1.845114767552355,0.01895361928888539
2.9009999999997915,2,1,1,2,0.0009944344232908622,5.9127482943203455,5.691387235685354,5.0,0.5771988091234318,0.0027319910559744126,0.43625548090609634,0.04119039464799722,0.010429488875075806,7.626028825728771e-05,0.5809346216611608,0.0031541211131667045,0.00375958629402739,0.7888580875817996,0.016365000000000022,0.016365000000000022,1.0,-0.07380772467617291,-0.07401349867775411,0.0,0.0,-0.019920789699418986,-0.07380772467617291,0.0,-0.0,0.0,-0.0337868982260336,-0.03379466076960681,0.0,0.0,-0.014963399309450414,0.055,0.28503660069054965,0.2662131017739671,0.0,0.0,0.0,1.7539153214317765e-05,0,0,0,0,0,inf,inf,0,0,0.0,1.4814558043344892,0.002402289206336122,0.04604751841665908,0.002374368365455736,-1.5903441956655109,-4.7736953033543215e-05,1.6501497698327707,-0.7810551707802228,0.009525007237282685,0.13214247366511778,0.00886632437430102,0.16368349885498845,-0.0011360664603640648,-0.024651024170628692,0.016940639498809574,0.276525253544473,-24.511086737013667,0.32303653084244977,17.578461528928152,0.8930241300596033,1.8352540129891348,0.017576274676611173,0.276525253544473,-24.511086737013667,0.32303653084244977,17.578461528928152,0.8930241300596033,1.8352540129891348,0.017576274676611173
2.9109999999997904,2,1,1,1,0.0009955182589513048,5.127161430590274,5.684661469089163,5.0,0.5776084516169696,0.002839138567290879,0.4362578677546897,0.040967394388357795,0.010667038219927651,0.00014190806625280505,0.5813268392934318,0.003269303947342629,0.003743187033352819,0.7925707198359424,0.016665000000000024,0.016665000000000024,1.0,-0.059705662778653204,-0.05955965125869239,0.0,0.0,-0.013387952934900658,-0.059705662778653204,0.0,-0.0,0.0,-0.03447234432722036,-0.034474424549998904,0.0,0.0,-0.01514182909491887,0.055,0.2848581709050813,0.2655276556727804,0.0,0.0,0.0,3.0483463412058075e-05,0,0,0,0,0,inf,inf,0,0,0.0,1.4830964010344052,0.0024983517519916697,0.04736715192901252,0.0024638893901964536,-1.5887035989655949,-5.198198694437984e-05,1.6498929751027476,-0.7808863734324757,0.00971432391077795,0.1319682247272352,0.00901153376853672,0.1638848743521545,-0.0010035235605262204,-0.02549023710854508,0.01728973706405434,0.27181868957566696,-24.560064617637984,0.3194185908203971,17.583712732442315,0.883911177404925,1.8387947239361695,0.019671935757175688,0.27181868957566696,-24.560064617637984,0.3194185908203971,17.583712732442315,0.883911177404925,1.8387947239361695,0.019671935757175688
2.9209999999997893,2,1,1,2,0.0009951941868118477,5.85846905755951,5.683636103153609,5.0,0.5780175335697142,0.0029464286171196393,0.43625867925708905,0.040694080549024625,0.011027009098030463,0.00024437448062833667,0.5817176232601871,0.003386443507997269,0.0037261611373822284,0.7961906935646984,0.01696500000000002,0.01696500000000002,1.0,-0.07138048350107283,-0.07156508254186525,0.0,0.0,-0.01872735729696901,-0.07138048350107283,0.0,-0.0,0.0,-0.035160748195869014,-0.03517021323282394,0.0,0.0,-0.015314218846422749,0.055,0.2846857811535775,0.26483925180413176,0.0,0.0,0.0,1.4192554349312851e-05,0,0,0,0,0,inf,inf,0,0,0.0,1.4847344536392182,0.0025966164408724028,0.048686582034057624,0.0025547566919928333,-1.587065546360782,-6.400634525750515e-05,1.6496370095973827,-0.780711299983549,0.009883063475666939,0.13176438732146986,0.00915993566023316,0.16417340352646886,-0.00035976361079807193,-0.026572599859879826,0.01732175138573327,0.2758892914449695,-24.611395793757477,0.3248391458054018,17.587784134615205,0.88562155292687,1.8365581182882051,0.020779893272723202,0.2758892914449695,-24.611395793757477,0.3248391458054018,17.587784134615205,0.88562155292687,1.8365581182882051,0.020779893272723202
2.930999999999788,2,1,1,2,0.0009949206216721953,5.866648831119996,5.659689247913838,5.0,0.5784247074924167,0.0030558092728069264,0.4362594785782372,0.04060428702490925,0.01108996957141909,0.00011148428382619404,0.5821069494560308,0.003505532569410751,0.0037096033375697856,0.799583250764062,0.017265000000000023,0.017265000000000023,1.0,-0.07148288982697922,-0.0716787529236188,0.0,0.0,-0.018035981449454414,-0.07148288982697922,0.0,-0.0,0.0,-0.03581793950171444,-0.03582760971239995,0.0,0.0,-0.015470190540076437,0.055,0.28452980945992373,0.26418206049828624,0.0,0.0,0.0,1.6492214319718464e-05,0,0,0,0,0,inf,inf,0,0,0.0,1.4863728337066449,0.0026967943205053447,0.050004422369209406,0.0026470262283810045,-1.5854271662933552,-7.575789770006126e-05,1.6493751297681605,-0.7805331669346993,0.010095038294298324,0.13168867158471756,0.00929263216325808,0.16392379491940684,-0.0009278321652861849,-0.026597347159395837,0.01784263341368755,0.2885708777665754,-24.659134364911313,0.339154337835105,17.58732800235514,0.8972095444315092,1.8297987400332645,0.019437389758508637,0.2885708777665754,-24.659134364911313,0.339154337835105,17.58732800235514,0.8972095444315092,1.8297987400332645,0.019437389758508637
2.940999999999787,2,1,1,2,0.000995065446833059,5.877801191595864,5.633955740008602,5.0,0.5788296744595619,0.003167743095534516,0.4362606643057547,0.04051119744166173,0.011116628977222352,-3.3213798064255796e-05,0.5824947938654895,0.0036265637856088043,0.0036937266663015916,0.8027339736649826,0.01756500000000002,0.01756500000000002,1.0,-0.07190867997673088,-0.07198120073635374,0.0,0.0,-0.017674127509691436,-0.07190867997673088,0.0,-0.0,0.0,-0.036467669760785026,-0.036477525441595764,0.0,0.0,-0.01562204645636119,0.055,0.284377953543639,0.26353233023921563,0.0,0.0,0.0,1.7390451617434626e-05,0,0,0,0,0,inf,inf,0,0,0.0,1.4880119658501403,0.0027988137507674103,0.051320144228921005,0.002740710790556619,-1.5837880341498598,-8.532295764823067e-05,1.6491061004407999,-0.7803526918881895,0.010312307610657613,0.13157959603308886,0.009420376766884566,0.16359757776534478,-0.0016375932296457019,-0.026562006674552552,0.018436535271412164,0.3029515806504599,-24.706484158737805,0.35524497486940865,17.587096551686923,0.9106905447500825,1.8233142698375573,0.01740018548769181,0.3029515806504599,-24.706484158737805,0.35524497486940865,17.587096551686923,0.9106905447500825,1.8233142698375573,0.01740018548769181
2.950999999999786,2,1,1,2,0.0009951329008091305,5.861842181188784,5.619950778423691,5.0,0.5792328155035518,0.0032816546540427433,0.4362617148667777,0.0403255097948982,0.011295923842059366,-5.27290265421869e-05,0.582881132564493,0.0037495296908159,0.003678195811425839,0.8056950164484822,0.017865000000000023,0.017865000000000023,1.0,-0.05919094590259927,-0.0651139295713814,0.0,0.0,-0.01213133423723902,-0.05919094590259927,0.0,-0.0,0.0,-0.03712463811091018,-0.03713518201401482,0.0,0.0,-0.01577386632597189,0.055,0.2842261336740283,0.26287536188909044,0.0,0.0,0.0,2.701905827550865e-05,0,0,0,0,0,inf,inf,0,0,0.0,1.4896504403150006,0.0029027537047780143,0.05263387683069598,0.002835767794256997,-1.5821495596849995,-9.501867484176666e-05,1.6488324048401206,-0.7801690822936003,0.01050711920244824,0.13136643900484563,0.00955473966889251,0.16349818275194047,-0.0017220586903504349,-0.027008816420518375,0.018788970315557638,0.3011241337303374,-24.753344314508706,0.3545874954173317,17.589937247965132,0.9053325258598235,1.823898095018184,0.019447559129419038,0.3011241337303374,-24.753344314508706,0.3545874954173317,17.589937247965132,0.9053325258598235,1.823898095018184,0.019447559129419038
2.960999999999785,2,1,1,2,0.0009949089875675157,5.834947715244562,5.618379853537737,5.0,0.57963425204816,0.0033972237881113557,0.4362624004781155,0.04005628028853023,0.011652095417863127,6.346108784787406e-05,0.5832659417218505,0.003874422699915797,0.0036629071360625366,0.8084891670819755,0.018165000000000025,0.018165000000000025,1.0,-0.06974469446145774,-0.06993849395859375,0.0,0.0,-0.01623196497171042,-0.06974469446145774,0.0,-0.0,0.0,-0.03779022930569973,-0.03780157115046994,0.0,0.0,-0.015925808340781337,0.055,0.284074191659219,0.2622097706943009,0.0,0.0,0.0,1.689456091179505e-05,0,0,0,0,0,inf,inf,0,0,0.0,1.4912874285606297,0.003008658628769408,0.05394551550564111,0.002932160392878233,-1.5805125714393704,-0.00010610802864837692,1.64855518704115,-0.7799818355649042,0.010675848572140417,0.1310563430508113,0.009700217945480627,0.1636539475746084,-0.00108969367557685,-0.02792749487252881,0.01885358186441492,0.30532535470069117,-24.803077899703176,0.36015813117725637,17.593934495051826,0.9070645732179584,1.8220547984898248,0.020265239952455636,0.30532535470069117,-24.803077899703176,0.36015813117725637,17.593934495051826,0.9070645732179584,1.8220547984898248,0.020265239952455636
2.970999999999784,2,1,1,1,0.0009950829031195865,5.042073618028834,5.6154181068798135,5.0,0.5800335023514358,0.0035152723466838364,0.43626346218295,0.03979527817945703,0.011977684581533135,0.0001726377003407283,0.5836491976007206,0.004001235108919381,0.0036482066747897655,0.8110858572786896,0.018465000000000023,0.018465000000000023,1.0,-0.06845500158588512,-0.06299248198022098,0.0,0.0,-0.01571602660043584,-0.06845500158588512,0.0,-0.0,0.0,-0.038447403442161965,-0.03845399118103119,0.0,0.0,-0.01607248098083113,0.055,0.2839275190191692,0.2615525965578388,0.0,0.0,0.0,1.4828718995990749e-05,0,0,0,0,0,inf,inf,0,0,0.0,1.4929241142378002,0.003116407490662559,0.05525437959610544,0.00302993329504599,-1.5788758857621998,-0.00011524731365250102,1.6482719963286185,-0.7797921542905167,0.01084897744908913,0.1307248931804301,0.009843923643665074,0.1637524604243544,-0.0005820624994119721,-0.028761797217176113,0.018987451953457374,0.3031100038804543,-24.850912013710033,0.3590890287101217,17.597956039699984,0.9013145547194636,1.8227644838046677,0.022363788518748175,0.3031100038804543,-24.850912013710033,0.3590890287101217,17.597956039699984,0.9013145547194636,1.8227644838046677,0.022363788518748175
2.9809999999997827,2,1,1,1,0.0009950015968107897,5.044711230541508,5.590841986431598,5.0,0.5804309886058124,0.003634974845094604,0.4362642013109497,0.039675895487730595,0.012020698098084436,4.078187385852779e-05,0.5840308765600755,0.004129959095439937,0.0036337587552475142,0.8135317898807015,0.018765000000000025,0.018765000000000025,1.0,-0.05741170023044556,-0.05730538327346154,0.0,0.0,-0.011150801717983001,-0.05741170023044556,0.0,-0.0,0.0,-0.03907828116253836,-0.039085238640754374,0.0,0.0,-0.016206118889504156,0.055,0.28379388111049614,0.26092171883746235,0.0,0.0,0.0,2.9010568816124185e-05,0,0,0,0,0,inf,inf,0,0,0.0,1.4945587885440614,0.0032261162716064272,0.056560710286754697,0.0031290132019129763,-1.5772412114559387,-0.00012573334562698387,1.6479856502301755,-0.7795988699757396,0.011062802910075395,0.13052101178525974,0.009964378846533836,0.16333409225944662,-0.0012074496921722954,-0.02871489947173991,0.019532435480529586,0.308428993575651,-24.895782706547458,0.36582078577743093,17.59835522111318,0.9043240719323778,1.8200363925849885,0.022624154335521965,0.308428993575651,-24.895782706547458,0.36582078577743093,17.59835522111318,0.9043240719323778,1.8200363925849885,0.022624154335521965
2.9909999999997816,2,1,1,2,0.0009946835300562997,5.800089785966909,5.578589319600513,5.0,0.5808266672937545,0.003756346816221587,0.4362646395395219,0.039477648182265214,0.012237192308170759,4.3374342034468614e-05,0.5844109550561589,0.004260586719175624,0.0036195823852280115,0.8158307901393899,0.019065000000000023,0.019065000000000023,1.0,-0.06794158482233628,-0.0681306666620871,0.0,0.0,-0.01456297612858148,-0.06794158482233628,0.0,-0.0,0.0,-0.03971710850059245,-0.039730206889964106,0.0,0.0,-0.016339777022941104,0.055,0.28366022297705923,0.2602828914994083,0.0,0.0,0.0,1.6753592407548794e-05,0,0,0,0,0,inf,inf,0,0,0.0,1.496191236727244,0.003337779312646988,0.05786431146300956,0.0032293829050279135,-1.575608763272756,-0.00013746168243163417,1.647696232338388,-0.7794020523416897,0.011250470927387107,0.1302262668192674,0.010096570962196724,0.16317266926384627,-0.0011303416703149574,-0.02912586584854478,0.0197983822021517,0.32006520720796566,-24.943821411542643,0.37910500650581375,17.600431438011856,0.9147411968942828,1.8154389821836614,0.021626463578729858,0.32006520720796566,-24.943821411542643,0.37910500650581375,17.600431438011856,0.9147411968942828,1.8154389821836614,0.021626463578729858
3.0009999999997805,2,1,1,2,0.0009947310476045293,5.782853382091126,5.565231186275386,5.0,0.581220186170759,0.0038801356058410686,0.4362654297116067,0.039281857546727604,0.012423937113871669,3.80531800353233e-05,0.584789409643939,0.0043931099223993055,0.003605897787090967,0.8179667222180165,0.019365000000000025,0.019365000000000025,1.0,-0.05679700742515832,-0.0620302015712125,0.0,0.0,-0.010693617046196768,-0.05679700742515832,0.0,-0.0,0.0,-0.040348574250992315,-0.04036237429354593,0.0,0.0,-0.016468978259152736,0.055,0.28353102174084766,0.25965142574900846,0.0,0.0,0.0,9.801109129018134e-06,0,0,0,0,0,inf,inf,0,0,0.0,1.4978225432677497,0.0034512846884023674,0.05916465480911526,0.0033310937730383072,-1.5739774567322504,-0.0001474129911003912,1.6474017982626536,-0.7792027899952784,0.011442805856410486,0.12991403833653647,0.010225440651713512,0.16296253247165082,-0.00117174525632829,-0.029483009304081684,0.02012823108668176,0.3172650727545395,-24.988391698350785,0.3774195891881737,17.602247026897732,0.9083496057489034,1.815577424079936,0.023797204014218094,0.3172650727545395,-24.988391698350785,0.3774195891881737,17.602247026897732,0.9083496057489034,1.815577424079936,0.023797204014218094
3.0109999999997794,2,1,1,1,0.0009947075831574772,4.991745555355292,5.5635921276520355,5.0,0.5816117983596069,0.00400578873395676,0.4362661037480559,0.039021913656247895,0.012773018436752308,0.00016674711270914228,0.5851662169785541,0.0045275205304555624,0.003592505502597958,0.8199664664006435,0.019665000000000026,0.019665000000000026,1.0,-0.0660082807082423,-0.06106711164764507,0.0,0.0,-0.013568756417146013,-0.0660082807082423,0.0,-0.0,0.0,-0.040986453632728126,-0.040995935461008784,0.0,0.0,-0.016597743700711563,0.055,0.28340225629928883,0.2590135463672726,0.0,0.0,0.0,1.4402824331527897e-05,0,0,0,0,0,inf,inf,0,0,0.0,1.4994515392251186,0.003566709413739113,0.0604618716999479,0.0034340864111557733,-1.5723484607748814,-0.00015777074860495347,1.6471041526490777,-0.7790003254810122,0.011610652444232664,0.12951813097492132,0.010368335439190484,0.16300618616689064,-0.0005627024987228282,-0.030242305196208203,0.0202180997745977,0.32149112782093586,-25.03607184714204,0.3830219093502897,17.60566733465171,0.9101371604191255,1.813737481157974,0.024399103550075865,0.32149112782093586,-25.03607184714204,0.3830219093502897,17.60566733465171,0.9101371604191255,1.813737481157974,0.024399103550075865
3.0209999999997783,2,1,1,2,0.000994507291646434,5.763997434914225,5.540136829165622,5.0,0.5820015410127204,0.004133142892659991,0.43626654700759115,0.03888347030398747,0.01282866253737144,4.44503834640819e-05,0.5855413538167528,0.0046638102522649555,0.0035793690134074785,0.8218380348989153,0.019965000000000024,0.019965000000000024,1.0,-0.0663169737833953,-0.06639830310391225,0.0,0.0,-0.013275719981493411,-0.0663169737833953,0.0,-0.0,0.0,-0.04159949785709409,-0.04161440635116475,0.0,0.0,-0.016715610509582503,0.055,0.283284389490418,0.25840050214290655,0.0,0.0,0.0,1.7745650209873265e-05,0,0,0,0,0,inf,inf,0,0,0.0,1.5009222168768799,0.0036840759201639275,0.06175588261171873,0.003538331467509208,-1.57072221687688,-0.00016915710531862046,1.646803809086152,-0.7787944298556312,0.011821724027536111,0.12924702447826053,0.010482197837787085,0.1625220847441083,-0.0011208932219579687,-0.030188783617405623,0.020720419904257485,0.33369298592720853,-25.081280216940964,0.3969187868329312,17.60633568637621,0.9212102379347109,1.8093971978713796,0.023112384117690062,0.33369298592720853,-25.081280216940964,0.3969187868329312,17.60633568637621,0.9212102379347109,1.8093971978713796,0.023112384117690062
3.030999999999777,2,1,1,2,0.0009942947615300393,5.764869244342707,5.517163888627896,5.0,0.5823893445272167,0.004262438482735372,0.43626694306868735,0.03873914489575626,0.012891064493916388,-7.437414467019057e-05,0.5859147970183279,0.004801970680835469,0.0035664983190616005,0.8235860107958239,0.020265000000000026,0.020265000000000026,1.0,-0.05623373241314939,-0.061171243533221606,0.0,0.0,-0.00982130918729832,-0.05623373241314939,0.0,-0.0,0.0,-0.04220795474317506,-0.042223279028953016,0.0,0.0,-0.016829455424890952,0.055,0.2831705445751095,0.25779204525682553,0.0,0.0,0.0,2.0820569197463638e-05,0,0,0,0,0,inf,inf,0,0,0.0,1.4992985250386575,0.0038033544123434555,0.06304649173691498,0.003643848021799831,-1.5690985250386575,-0.00018062566616320973,1.6465004350320225,-0.7785854496528132,0.012033678770154939,0.12896142217377665,0.010596364932778527,0.16202858327738012,-0.001656174098757674,-0.030144388849090244,0.02121697216993152,0.33759520013255806,-25.12441740085952,0.40219577998698613,17.606424670713093,0.9226799622144307,1.8070463704738404,0.023717083077539503,0.33759520013255806,-25.12441740085952,0.40219577998698613,17.606424670713093,0.9226799622144307,1.8070463704738404,0.023717083077539503
3.040999999999776,2,1,1,2,0.0009941041756459093,5.75642023960099,5.505869220137873,5.0,0.5827752119127213,0.004393705169204026,0.43626733023273745,0.03854013645664429,0.013116490073109383,-5.6382157174282436e-05,0.5862865235475438,0.004941993293781075,0.00355386117685995,0.8252192790329689,0.020565000000000024,0.020565000000000024,1.0,-0.06573663736571395,-0.06582860700353911,0.0,0.0,-0.012242770776411083,-0.06573663736571395,0.0,-0.0,0.0,-0.04282167254998302,-0.042837522456786986,0.0,0.0,-0.016942063327472563,0.055,0.2830579366725278,0.25717832745001756,0.0,0.0,0.0,1.5269410291137307e-05,0,0,0,0,0,inf,inf,0,0,0.0,1.4976774812505826,0.003924556400257917,0.06433358285596874,0.0037506458233496623,-1.5674774812505827,-0.00019211595691516215,1.6461941657670198,-0.7783733504530439,0.0122230557155803,0.12859826618877032,0.010727912879346324,0.1617967079934777,-0.001550319507651951,-0.030474668567772055,0.02148710132321276,0.3483316820730073,-25.170889742313218,0.41459641307178097,17.608523694137464,0.932230562128043,1.8031887388492596,0.022750501992528475,0.3483316820730073,-25.170889742313218,0.41459641307178097,17.608523694137464,0.932230562128043,1.8031887388492596,0.022750501992528475
3.050999999999775,2,1,1,2,0.0009939789921593325,5.756408559433189,5.4836937645830295,5.0,0.5831591373266409,0.0045270062502395444,0.4362677580162396,0.03839021572010327,0.013190555041681174,-0.00016714817438453632,0.586656510474557,0.005083869453847436,0.0035414284636706944,0.8267448792516965,0.020865000000000026,0.020865000000000026,1.0,-0.05586592282649969,-0.06069097527175461,0.0,0.0,-0.009029117642629163,-0.05586592282649969,0.0,-0.0,0.0,-0.043420041087474194,-0.04343630844131273,0.0,0.0,-0.017047415564166273,0.055,0.2829525844358342,0.2565799589125264,0.0,0.0,0.0,1.8668619013162907e-05,0,0,0,0,0,inf,inf,0,0,0.0,1.4960591296250285,0.0040476865365376485,0.06561705138027779,0.003858736500628413,-1.5658591296250286,-0.00020342644948287801,1.645885059353809,-0.7781581929177647,0.0124382856447957,0.12828896121671085,0.010844638139314803,0.16128967859803683,-0.002054782731853011,-0.030431250428936605,0.021980511220169256,0.3515917776853491,-25.213331851278745,0.4192248673881454,17.608362847413105,0.9331554859371194,1.800843260069781,0.02339571243958457,0.3515917776853491,-25.213331851278745,0.4192248673881454,17.608362847413105,0.9331554859371194,1.800843260069781,0.02339571243958457
3.060999999999774,2,1,1,1,0.0009940166349369497,4.9709059833311064,5.483809273975913,5.0,0.5835411002826176,0.00466255712817817,0.4362683412332229,0.03813310786196822,0.013547939500370306,-1.9010676066857295e-05,0.5870247349768312,0.005227590409444707,0.0035291604230563178,0.828169194053626,0.021165000000000028,0.021165000000000028,1.0,-0.05470521925248352,-0.05457909218683532,0.0,0.0,-0.008766181840796024,-0.05470521925248352,0.0,-0.0,0.0,-0.04403231185029568,-0.04404466893232014,0.0,0.0,-0.017153705799547045,0.055,0.2828462942004534,0.2559676881497049,0.0,0.0,0.0,2.066626991617147e-05,0,0,0,0,0,inf,inf,0,0,0.0,1.4944433232407741,0.004172718766711399,0.06689680617869406,0.003968142234916754,-1.5642433232407742,-0.00021372372866724818,1.6455729698913901,-0.777940326942575,0.012606763937686907,0.1278398309074293,0.010987946426825483,0.1612918700360139,-0.0014192992718318677,-0.031124067589952082,0.022075774534842003,0.3469167863294135,-25.257467295819566,0.4155805598320643,17.610538746153104,0.9248435247855622,1.80081402224898,0.025828861140532212,0.3469167863294135,-25.257467295819566,0.4155805598320643,17.610538746153104,0.9248435247855622,1.80081402224898,0.025828861140532212
3.070999999999773,2,1,1,1,0.0009938167895862373,4.957505680767001,5.474205759778742,5.0,0.5839212318234756,0.004799702630043556,0.4362686325781199,0.037929846407098504,0.013786405040132114,1.2303931728958473e-05,0.5873911743405444,0.0053731472951873555,0.0035170072299818035,0.829495904413014,0.021465000000000026,0.021465000000000026,1.0,-0.05409109197306273,-0.0539990437258995,0.0,0.0,-0.008274720693537737,-0.05409109197306273,0.0,-0.0,0.0,-0.044631596823533494,-0.044644668667316624,0.0,0.0,-0.01725329387348417,0.055,0.2827467061265162,0.25536840317646703,0.0,0.0,0.0,6.524942684723052e-06,0,0,0,0,0,inf,inf,0,0,0.0,1.492831145870654,0.004299767435859265,0.0681729321417735,0.004078788716606867,-1.562631145870654,-0.0002256335294784042,1.645259182885725,-0.7777187269139505,0.012796019916192256,0.1274479723137507,0.011120248169947042,0.1610490010656512,-0.0012663493132140339,-0.03144910569690934,0.022328241694363895,0.3487407495222429,-25.301141175443018,0.4187145597826526,17.61155984775641,0.9242975524119936,1.7986505017459709,0.026866036995145018,0.3487407495222429,-25.301141175443018,0.4187145597826526,17.61155984775641,0.9242975524119936,1.7986505017459709,0.026866036995145018
3.0809999999997717,2,1,1,1,0.0009936927451625046,4.9444455607402595,5.46475554497529,5.0,0.5842994128698417,0.00493890585405047,0.4362689799519597,0.037723458590888666,0.014019246822272294,4.4298418014693676e-05,0.5877558059619908,0.005520531132441045,0.0035049880416228923,0.8307272098798643,0.021765000000000027,0.021765000000000027,1.0,-0.0535411786713452,-0.053449123216873215,0.0,0.0,-0.00795894731397208,-0.0535411786713452,0.0,-0.0,0.0,-0.04522580548412667,-0.045239591496827394,0.0,0.0,-0.017348832371835963,0.055,0.2826511676281644,0.25477419451587385,0.0,0.0,0.0,6.287512876140329e-06,0,0,0,0,0,inf,inf,0,0,0.0,1.4912219832590496,0.004428762727936027,0.06944521645611455,0.004190718550731522,-1.5610219832590497,-0.00023731217169629913,1.644942872022183,-0.77749411377613,0.012985936496504612,0.1270469624025508,0.011250703850503174,0.1607953436514589,-0.0011329465679526178,-0.031773738148668886,0.022591363226147958,0.35070041634520654,-25.3445782937773,0.42199452442249163,17.612609836503132,0.9239454783644434,1.7966420583365128,0.02779201457304567,0.35070041634520654,-25.3445782937773,0.42199452442249163,17.612609836503132,0.9239454783644434,1.7966420583365128,0.02779201457304567
3.0909999999997706,2,1,1,1,0.0009935538050593043,4.953346712383306,5.4446163246003145,5.0,0.5846756599691662,0.005080030754871178,0.4362692832442021,0.03756145898989585,0.014110741039248685,-5.004249341669282e-05,0.5881186073489743,0.0056697328298764395,0.0034930839092974842,0.8318641759879887,0.022065000000000026,0.022065000000000026,1.0,-0.053681179309905035,-0.05356348606030108,0.0,0.0,-0.007727859195056011,-0.053681179309905035,0.0,-0.0,0.0,-0.04580631107896512,-0.04582049220943353,0.0,0.0,-0.01743829864407093,0.055,0.2825617013559294,0.2541936889210353,0.0,0.0,0.0,1.9217408778833356e-05,0,0,0,0,0,inf,inf,0,0,0.0,1.4896161472916019,0.00455973015416985,0.07071363154950677,0.0043039071205086266,-1.559416147291602,-0.0002492926636834646,1.6446243507867133,-0.7772662867021001,0.01320162560796341,0.1266995269591991,0.011366050542232529,0.1602762443246913,-0.0015702609285147085,-0.031750564807186285,0.02305990347894451,0.36031618014123984,-25.3878444655569,0.4332851033132501,17.613106645785443,0.9325962698599534,1.7931425361299707,0.02685176630117457,0.36031618014123984,-25.3878444655569,0.4332851033132501,17.613106645785443,0.9325962698599534,1.7931425361299707,0.02685176630117457
3.1009999999997695,2,1,1,2,0.0009932025656377566,5.696137323513403,5.425877554886713,5.0,0.585050047319046,0.005222849661773101,0.436269329803146,0.037396320159316813,0.014227017831486045,-0.00013294947861008152,0.5884795561221964,0.005820743184030051,0.0034812364606333405,0.8329114793369088,0.022365000000000027,0.022365000000000027,1.0,-0.05372323982080283,-0.05819619589687344,0.0,0.0,-0.007357281663633597,-0.05372323982080283,0.0,-0.0,0.0,-0.046383750562212195,-0.04640292933446638,0.0,0.0,-0.017523908877971624,0.055,0.2824760911220287,0.25361624943778815,0.0,0.0,0.0,1.7720556751619294e-05,0,0,0,0,0,inf,inf,0,0,0.0,1.4880141704309024,0.004692714840556022,0.07197821742428365,0.004418321804049598,-1.5578141704309025,-0.00026248884997279843,1.6443042901507754,-0.7770349422969361,0.013414499924843806,0.1263435819484831,0.011483556377844465,0.15977358717072457,-0.0019110747586559634,-0.031747981796603965,0.02348571790962852,0.36855200118732173,-25.430836112617495,0.44314742113191913,17.613474922434587,0.9397611131837152,1.7896840860323704,0.026314732410444387,0.36855200118732173,-25.430836112617495,0.44314742113191913,17.613474922434587,0.9397611131837152,1.7896840860323704,0.026314732410444387
3.1109999999997684,2,1,1,2,0.0009930484120488628,5.6647534070907914,5.4288324696228685,5.0,0.5854224152432204,0.005367862970676776,0.4362695670435525,0.03714024571617576,0.014609673261967649,4.083071011195944e-05,0.5888386300166365,0.0059735528798719045,0.0034694932834936393,0.8338695957728,0.02266500000000003,0.02266500000000003,1.0,-0.06131917863401652,-0.06148981396288132,0.0,0.0,-0.008940235174199687,-0.06131917863401652,0.0,-0.0,0.0,-0.046973836586713724,-0.046993859579759246,0.0,0.0,-0.017609832671930812,0.055,0.2823901673280695,0.2530261634132866,0.0,0.0,0.0,1.5036884772668406e-05,0,0,0,0,0,inf,inf,0,0,0.0,1.4864152392488892,0.004827621198550608,0.07323871074043621,0.004533998069784765,-1.5562152392488893,-0.00027483799491822907,1.6439815798856832,-0.7768008536191847,0.013575029543766482,0.12585737292573657,0.011624691109537804,0.1597744406494189,-0.0011584784198883796,-0.032417739647668344,0.02351917882956803,0.36916611179420766,-25.475308484071512,0.4450407813448035,17.615797016068377,0.9380264964747459,1.7881217910958098,0.02754133065434118,0.36916611179420766,-25.475308484071512,0.4450407813448035,17.615797016068377,0.9380264964747459,1.7881217910958098,0.02754133065434118
3.1209999999997673,2,1,1,2,0.0009928583322243159,5.647062782490409,5.421432425637682,5.0,0.5857928276790481,0.0055147316774026645,0.43626973769072414,0.03692729885618234,0.014854462428484469,8.873639506439554e-05,0.5891958068829256,0.006128152491380174,0.0034578248303006823,0.8347388652542722,0.022965000000000027,0.022965000000000027,1.0,-0.06055773440194468,-0.06072468168499485,0.0,0.0,-0.00855285893071579,-0.06055773440194468,0.0,-0.0,0.0,-0.047550659269866166,-0.04757132857700295,0.0,0.0,-0.017689930516122748,0.055,0.28231006948387755,0.25244934073013414,0.0,0.0,0.0,1.414342270308958e-05,0,0,0,0,0,inf,inf,0,0,0.0,1.4848199864150748,0.0049645069632039554,0.0744951514119425,0.0046508850058477064,-1.554619986415075,-0.00028766959620656404,1.643656926249753,-0.7765635290311629,0.013760961470201593,0.12542491749098067,0.011751002056712385,0.15951231800008653,-0.0009628927063342798,-0.03274655410924723,0.0237518773008145,0.3698706589779399,-25.51764129702886,0.44703078759702497,17.616517310713405,0.9364426251135937,1.7862881585125148,0.028706958704542727,0.3698706589779399,-25.51764129702886,0.44703078759702497,17.616517310713405,0.9364426251135937,1.7862881585125148,0.028706958704542727
3.130999999999766,2,1,1,1,0.0009926771089322764,4.901959750512444,5.414326435931222,5.0,0.5861612642404833,0.005663522371943951,0.4362698928952037,0.036712627965497145,0.015098227199124412,0.00013915514646316984,0.5895510646887119,0.006284532482122574,0.0034462154076253903,0.8355217576832789,0.02326500000000003,0.02326500000000003,1.0,-0.05978799571307758,-0.05570012544148012,0.0,0.0,-0.00817423104977718,-0.05978799571307758,0.0,-0.0,0.0,-0.048123014025788155,-0.048140075731071104,0.0,0.0,-0.017766314207313224,0.055,0.2822336857926871,0.25187698597421215,0.0,0.0,0.0,1.3232326879160937e-05,0,0,0,0,0,inf,inf,0,0,0.0,1.483228397570418,0.0051033560093556515,0.07574746384388083,0.004768975592936246,-1.553028397570418,-0.00030067980787875867,1.6433302749844592,-0.7763231115026922,0.013945833968359737,0.12498517507063724,0.011875418356971637,0.1592453872591371,-0.0007650937630554381,-0.03307494154844973,0.023982599408235196,0.3704809057766544,-25.55969976446425,0.44892291836349496,17.617157643358333,0.9347742352449869,1.784493318394055,0.029867833889424766,0.3704809057766544,-25.55969976446425,0.44892291836349496,17.617157643358333,0.9347742352449869,1.784493318394055,0.029867833889424766
3.140999999999765,2,1,1,1,0.0009925157803996323,4.907888303046133,5.396690408074273,5.0,0.5865276983812985,0.005814189881415025,0.4362700413133028,0.03653742466920005,0.015203848408788221,6.201516289236799e-05,0.5899043815200207,0.00644268320584468,0.003434675076071009,0.836217298323151,0.023565000000000027,0.023565000000000027,1.0,-0.059742992474688936,-0.05569216967034343,0.0,0.0,-0.007767476938154484,-0.059742992474688936,0.0,-0.0,0.0,-0.04868265058781933,-0.04870013870317124,0.0,0.0,-0.017837680531986276,0.055,0.2821623194680141,0.2513173494121809,0.0,0.0,0.0,1.4222906890669146e-05,0,0,0,0,0,inf,inf,0,0,0.0,1.4816405573521843,0.005244166045149961,0.07699557180060057,0.00488824346883659,-1.5514405573521843,-0.00031398266307563886,1.6430016215083272,-0.7760795574443712,0.014158147191347102,0.12459745620889391,0.011984426742912262,0.1587121872804925,-0.001128483036883075,-0.033074001200804296,0.024416109245526757,0.37853900523429984,-25.601795943282738,0.4586370494713237,17.617588766711854,0.9418898267604405,1.7815653062248078,0.029200669328425265,0.37853900523429984,-25.601795943282738,0.4586370494713237,17.617588766711854,0.9418898267604405,1.7815653062248078,0.029200669328425265
3.150999999999764,2,1,1,1,0.0009922975932938052,4.902719105814432,5.37988239382503,5.0,0.586892163025295,0.00596666960681417,0.4362701033437456,0.03635824209512966,0.01531726845238533,-1.0378192053451746e-05,0.5902557355826055,0.0066025949070648805,0.0034231595545330578,0.8368298997431264,0.02386500000000003,0.02386500000000003,1.0,-0.051244956676484515,-0.05115674724620155,0.0,0.0,-0.005786046897778569,-0.051244956676484515,0.0,-0.0,0.0,-0.0492385937450809,-0.049256531124316695,0.0,0.0,-0.017905562259624513,0.055,0.2820944377403759,0.2507614062549194,0.0,0.0,0.0,6.324337812391837e-06,0,0,0,0,0,inf,inf,0,0,0.0,1.4800567150231432,0.00538694610507616,0.07823946569338974,0.005008669420050822,-1.5498567150231433,-0.0003278103382588132,1.6426712852994565,-0.7758328328555415,0.014369021746841865,0.12420185145816084,0.012092727746979642,0.15818072394947483,-0.001457352891586491,-0.03308616931204826,0.02483461526458252,0.37905222062607413,-25.641507285716887,0.4604342519463246,17.616592230348868,0.940168149786701,1.7795335985525327,0.030343977794935077,0.37905222062607413,-25.641507285716887,0.4604342519463246,17.616592230348868,0.940168149786701,1.7795335985525327,0.030343977794935077
3.160999999999763,2,1,1,2,0.0009919423533890906,5.611295466014337,5.3745354918273485,5.0,0.5872546739728249,0.006120880356112949,0.43626999372667064,0.03614121393773465,0.015578347724316403,5.474601458523116e-05,0.5906051052032926,0.006764257721676203,0.0034116453310114115,0.8373602204661839,0.02416500000000003,0.02416500000000003,1.0,-0.05885878002694293,-0.059022016801613696,0.0,0.0,-0.007027107538300826,-0.05885878002694293,0.0,-0.0,0.0,-0.04979974713932853,-0.049822503805845554,0.0,0.0,-0.01797175111287699,0.055,0.28202824888712336,0.25020025286067177,0.0,0.0,0.0,1.390847857701428e-05,0,0,0,0,0,inf,inf,0,0,0.0,1.4784771236168022,0.005531707008219024,0.07947913285586981,0.005130229266626806,-1.5482771236168023,-0.0003424510332359687,1.6423395241161942,-0.7755828611183119,0.014547606009994381,0.1237422538009867,0.012214071388464177,0.15791747678988838,-0.0011732167677782402,-0.033417259182024484,0.025020588759793586,0.38541996812302703,-25.68487951600305,0.4683881588823365,17.618219059144167,0.9454090652394497,1.7768520169628703,0.030167668544661908,0.38541996812302703,-25.68487951600305,0.4683881588823365,17.618219059144167,0.9454090652394497,1.7768520169628703,0.030167668544661908
3.170999999999762,2,1,1,2,0.0009915634801331,5.609946504102419,5.358961363711442,5.0,0.5876151591874029,0.006276883174219599,0.43626983106454886,0.03595914953319972,0.015709634210902802,-6.2107929013202635e-06,0.5909524688313182,0.006927661677554737,0.0034001688663613935,0.8378056020152608,0.02446500000000003,0.02446500000000003,1.0,-0.05875527187082944,-0.05891997802790279,0.0,0.0,-0.0066562326993432315,-0.05875527187082944,0.0,-0.0,0.0,-0.05034865642371344,-0.05037181785108543,0.0,0.0,-0.01803312794718777,0.055,0.28196687205281257,0.24965134357628682,0.0,0.0,0.0,1.4519607511228226e-05,0,0,0,0,0,inf,inf,0,0,0.0,1.4769016502501817,0.005678422449805446,0.08071443887794953,0.005252906866564887,-1.5467016502501818,-0.00035757607410234944,1.6420060196873396,-0.7753297545337595,0.014754039577717013,0.12333283402766289,0.012321490759767408,0.15739272914577182,-0.0014221259507318706,-0.033439379937618675,0.025400436316632732,0.3918113077299343,-25.726206803869815,0.4763774221472803,17.618384962584937,0.9507181546609234,1.7740252495105744,0.02994563991586424,0.3918113077299343,-25.726206803869815,0.4763774221472803,17.618384962584937,0.9507181546609234,1.7740252495105744,0.02994563991586424
3.1809999999997607,2,1,1,2,0.0009915641519716847,5.5922556824920875,5.353062521405668,5.0,0.5879735068196988,0.006435130741785512,0.43627005693545984,0.0357353082404208,0.015939178886908226,5.048085080301531e-05,0.5912978050396577,0.007092796695174783,0.003388728841537617,0.8381744970945494,0.02476500000000003,0.02476500000000003,1.0,-0.05797041147614172,-0.05813093407557461,0.0,0.0,-0.0063209668874305725,-0.05797041147614172,0.0,-0.0,0.0,-0.05089963922974671,-0.05092344431252016,0.0,0.0,-0.018092812842755924,0.055,0.28190718715724444,0.24910036077025352,0.0,0.0,0.0,1.3608306911445206e-05,0,0,0,0,0,inf,inf,0,0,0.0,1.4753294869912899,0.005826975667537929,0.0819451550098931,0.005376725914936636,-1.54512948699129,-0.0003712326398931163,1.6416698370261882,-0.7750742814867964,0.014934623810428373,0.12285860793915417,0.012434091441872385,0.15708989732956138,-0.0012449056335653065,-0.033760560152446516,0.025631196474062798,0.3924548345438097,-25.767053543411492,0.47831917129461066,17.61880095727261,0.9491475143882679,1.7724951759786396,0.030971144868169896,0.3924548345438097,-25.767053543411492,0.47831917129461066,17.61880095727261,0.9491475143882679,1.7724951759786396,0.030971144868169896
3.1909999999997596,2,1,1,2,0.0009913526983862655,5.591574016830384,5.337680597128927,5.0,0.5883298732704083,0.0065949329630933225,0.4362700262522354,0.03554591012487459,0.01605777536696802,-1.233178280150511e-05,0.5916410925263467,0.007259652588230607,0.0033772807317336865,0.8384602497665871,0.025065000000000028,0.025065000000000028,1.0,-0.05797858623912243,-0.05808980649729964,0.0,0.0,-0.006112988316941366,-0.05797858623912243,0.0,-0.0,0.0,-0.05143998758983699,-0.05146420056992154,0.0,0.0,-0.018148132753855052,0.055,0.2818518672461453,0.2485600124101632,0.0,0.0,0.0,1.2192164724319078e-05,0,0,0,0,0,inf,inf,0,0,0.0,1.4737620252126344,0.00597751077614473,0.08317149421359338,0.005501602369480671,-1.5435620252126345,-0.00038622398236329606,1.6413325282397808,-0.7748154228787886,0.015141050744683273,0.12243453976951452,0.012535619462201658,0.15654205571294438,-0.0015299665142727238,-0.03378729465425998,0.02602506205448628,0.39924037212278846,-25.80804894655288,0.4867360917755017,17.61913519565965,0.9549018190447964,1.7700198093572175,0.03055971363652453,0.39924037212278846,-25.80804894655288,0.4867360917755017,17.61913519565965,0.9549018190447964,1.7700198093572175,0.03055971363652453
3.2009999999997585,2,1,1,2,0.0009909792256446994,5.570834730113574,5.333808204647986,5.0,0.5886842457705914,0.0067563898268975745,0.43626979854920284,0.035325014846706894,0.016318033258195877,6.216978508171397e-05,0.5919823101157963,0.00742821906426475,0.0033657960350105716,0.8386666602789944,0.02536500000000003,0.02536500000000003,1.0,-0.057027601997020935,-0.05718511981768337,0.0,0.0,-0.00565441981192769,-0.057027601997020935,0.0,-0.0,0.0,-0.05198530858666759,-0.052010170910105,0.0,0.0,-0.018201453530614288,0.055,0.28179854646938607,0.24801469141333263,0.0,0.0,0.0,1.3006868610640478e-05,0,0,0,0,0,inf,inf,0,0,0.0,1.472199218984116,0.006130000107619555,0.08439339311193368,0.005627533603525444,-1.541999218984116,-0.00040210028233852497,1.6409940384733503,-0.7745533949454511,0.015313023708931254,0.12194998900985264,0.01264922412029412,0.1562615055678463,-0.0012182434476298643,-0.034108854270075144,0.026189391733394768,0.39812413922997986,-25.848170540674975,0.4868221567588259,17.61889720112313,0.9513566153312846,1.7680314874852598,0.03215885952638365,0.39812413922997986,-25.848170540674975,0.4868221567588259,17.61889720112313,0.9513566153312846,1.7680314874852598,0.03215885952638365
3.2109999999997574,2,1,1,2,0.0009907714430269212,5.569619677186134,5.319057379754525,5.0,0.5890364838789757,0.006919746889720204,0.4362697220351246,0.035131825526586904,0.01643880693166221,3.6099872700714938e-06,0.5923214367600982,0.0075984857253029656,0.0033543407456791507,0.8387920791127967,0.02566500000000003,0.02566500000000003,1.0,-0.05692246593795258,-0.05708077583426545,0.0,0.0,-0.005318259325961747,-0.05692246593795258,0.0,-0.0,0.0,-0.05251803649761946,-0.052543306682269475,0.0,0.0,-0.01825082130492904,0.055,0.28174917869507127,0.24748196350238078,0.0,0.0,0.0,1.3594095093461184e-05,0,0,0,0,0,inf,inf,0,0,0.0,1.4706404764351253,0.006284360055685771,0.0856106142995551,0.0057545129412706906,-1.5404404764351254,-0.0004177106277673494,1.6406534869296538,-0.7742886038542678,0.015516843780554271,0.12151261162645043,0.012747546605147196,0.15570435050384984,-0.0014824223034020944,-0.03413745341030881,0.026570134801554953,0.4045707341049066,-25.88868507909904,0.49489213704174584,17.619112734622544,0.9567430908626291,1.7656262882519997,0.03182066207212801,0.4045707341049066,-25.88868507909904,0.49489213704174584,17.619112734622544,0.9567430908626291,1.7656262882519997,0.03182066207212801
3.2209999999997563,2,1,1,1,0.0009907722960571788,4.8633010469455655,5.304005621729632,5.0,0.5893866014069351,0.007085074229788078,0.43626984868888874,0.03493079658474758,0.016541891020727503,-6.16323341257767e-05,0.5926584515403235,0.007770442068495559,0.003342862900223116,0.8388448298997819,0.02596500000000003,0.02596500000000003,1.0,-0.049152431431643315,-0.04905971548457696,0.0,0.0,-0.004040642547402596,-0.049152431431643315,0.0,-0.0,0.0,-0.05304592057584549,-0.05306779770288212,0.0,0.0,-0.01829737973256666,0.055,0.28170262026743365,0.24695407942415476,0.0,0.0,0.0,1.5675577480833655e-05,0,0,0,0,0,inf,inf,0,0,0.0,1.4690857746133892,0.006440560065099488,0.08682310674764615,0.005882532786028625,-1.5388857746133893,-0.0004327032659223879,1.6403109326574907,-0.7740212464493552,0.015722684908929623,0.12106713287591066,0.012840895234430638,0.1551240327632021,-0.0018080505434315013,-0.0341755358277712,0.026978875248799116,0.4053006550482104,-25.926788780485435,0.49692309693927467,17.61781169709649,0.9552416701881782,1.7638753834979544,0.03278611079845625,0.4053006550482104,-25.926788780485435,0.49692309693927467,17.61781169709649,0.9552416701881782,1.7638753834979544,0.03278611079845625
3.230999999999755,2,1,1,2,0.0009902959847084827,5.566060896004998,5.290828405895263,5.0,0.5897347482429898,0.007251666958338078,0.43626943441852106,0.03473540780764531,0.016686802317118377,-0.00010713282183664167,0.592993333667813,0.007944077486765306,0.0033313377659354077,0.8388103891167885,0.02626500000000003,0.02626500000000003,1.0,-0.05677396659590547,-0.05689232291987052,0.0,0.0,-0.004798897882643498,-0.05677396659590547,0.0,-0.0,0.0,-0.053573017172386654,-0.05359911181272937,0.0,0.0,-0.01834121713534347,0.055,0.2816587828646568,0.24642698282761358,0.0,0.0,0.0,1.0140794951951766e-05,0,0,0,0,0,inf,inf,0,0,0.0,1.4675366765317228,0.006598771545536008,0.08803112446799122,0.006011516810459529,-1.537336676531723,-0.0004500159123861881,1.6399680110263244,-0.7737502460304777,0.01592045343676371,0.12061739530245508,0.012939702325079053,0.154579008987914,-0.0019673137305738215,-0.0342162206700293,0.027309888820166578,0.4168626067573771,-25.96916834823375,0.5104164249741402,17.619599243758955,0.9668062040224549,1.7611567615576165,0.03126692011474655,0.4168626067573771,-25.96916834823375,0.5104164249741402,17.619599243758955,0.9668062040224549,1.7611567615576165,0.03126692011474655
3.240999999999754,2,1,1,2,0.000990072590526996,5.546029669392638,5.2874906499161805,5.0,0.5900807416707449,0.007420264734879384,0.43626927338977056,0.03450822283172437,0.01693009651389544,-3.1974129858807426e-05,0.5933260624854599,0.008119381269461707,0.0033197697389049856,0.8387056738136811,0.02656500000000003,0.02656500000000003,1.0,-0.05584911966152876,-0.05600421290541431,0.0,0.0,-0.004390960246016313,-0.05584911966152876,0.0,-0.0,0.0,-0.05410254272985742,-0.05412927912524688,0.0,0.0,-0.018383173200320353,0.055,0.2816168267996799,0.24589745727014284,0.0,0.0,0.0,1.3396853188038457e-05,0,0,0,0,0,inf,inf,0,0,0.0,1.465991683415405,0.006758786912685836,0.08923429097519259,0.0061415109000241466,-1.535791683415405,-0.00046643173905873766,1.6396230625881463,-0.7734768408167852,0.016088256645836473,0.12010852667445653,0.013043125784462487,0.15426287946760386,-0.0016896081356270601,-0.034524703819102304,0.027479313102308656,0.4161815843907586,-26.008388262102674,0.5109573513712634,17.61919170528461,0.9636940362922848,1.7592990850771015,0.03269082470377538,0.4161815843907586,-26.008388262102674,0.5109573513712634,17.61919170528461,0.9636940362922848,1.7592990850771015,0.03269082470377538
3.250999999999753,2,1,1,2,0.0009897264262907204,5.543004628297825,5.274457703849799,5.0,0.5904246274407787,0.007590416298152393,0.4362689523101741,0.034307095718895175,0.017063986075756897,-7.951071575607076e-05,0.5936566174689833,0.008296342603021695,0.00330818552840081,0.8385173175392189,0.02686500000000003,0.02686500000000003,1.0,-0.05570957683680794,-0.05586497328261095,0.0,0.0,-0.004091984011131758,-0.05570957683680794,0.0,-0.0,0.0,-0.05462163697174376,-0.054648786021201275,0.0,0.0,-0.018421583172700956,0.055,0.2815784168272993,0.2453783630282565,0.0,0.0,0.0,1.373051257844359e-05,0,0,0,0,0,inf,inf,0,0,0.0,1.4644517175924456,0.006920704882983974,0.09043269460401829,0.0062724535404751584,-1.5342517175924457,-0.0004837764457052795,1.6392769129024873,-0.7732003423682899,0.016285274317248917,0.11964558073605062,0.013136775648221296,0.15369497602043566,-0.0018782976225243811,-0.0345648135425742,0.02781989756767659,0.42159111825665707,-26.0479946593441,0.5179497978960236,17.61916485028604,0.9678930849433823,1.7570006102960523,0.032628533782119,0.42159111825665707,-26.0479946593441,0.5179497978960236,17.61916485028604,0.9678930849433823,1.7570006102960523,0.032628533782119
3.260999999999752,2,1,1,2,0.0009895348643568494,5.5410114454246635,5.261119413499118,5.0,0.5907663564795959,0.007762426945144831,0.4362687770563557,0.034098857515946636,0.017183665853668668,-0.00013239985612802595,0.5939849782281947,0.008474950571636648,0.0032965460528957846,0.8382572276104564,0.027165000000000033,0.027165000000000033,1.0,-0.05566091041723725,-0.05578178213248422,0.0,0.0,-0.003908300520450806,-0.05566091041723725,0.0,-0.0,0.0,-0.05513636898965813,-0.055163929005913284,0.0,0.0,-0.01845750891558508,0.055,0.2815424910844152,0.24486363101034217,0.0,0.0,0.0,9.349127276124408e-06,0,0,0,0,0,inf,inf,0,0,0.0,1.4629162459510532,0.007084431361319402,0.09162617930468599,0.006404357902006958,-1.5327162459510533,-0.0005006927267637691,1.6389290436301547,-0.7729213133483577,0.0164836811222872,0.11917497056223442,0.013226163660811932,0.15310712788176684,-0.0021151119915678593,-0.03461425765447736,0.028182056168506036,0.4276404423629901,-26.0875718949676,0.5256228149870745,17.619451094762415,0.9727712872752073,1.7551008423914534,0.03232732408139411,0.4276404423629901,-26.0875718949676,0.5256228149870745,17.619451094762415,0.9727712872752073,1.7551008423914534,0.03232732408139411
3.2709999999997508,2,1,1,2,0.0009894827726935887,5.535433359464621,5.247636973466333,5.0,0.5911059069638129,0.007936221766503946,0.43626872775014813,0.0338859172689842,0.01729413483992166,-0.0001890876967945453,0.594311124508256,0.008655194157925747,0.003284865416852292,0.8379231978382969,0.02746500000000003,0.02746500000000003,1.0,-0.04819307937544734,-0.05173918791815894,0.0,0.0,-0.0028477885700503307,-0.04819307937544734,0.0,-0.0,0.0,-0.0556467728478937,-0.05567477256193841,0.0,0.0,-0.01849088415732626,0.055,0.28150911584267396,0.24435322715210658,0.0,0.0,0.0,1.3104503989703492e-05,0,0,0,0,0,inf,inf,0,0,0.0,1.4613854053714634,0.007249963598774811,0.09281468390814068,0.006537195415295594,-1.5311854053714635,-0.0005173995045038579,1.638579498535347,-0.7726396844444078,0.016682852307105245,0.11869726983879061,0.013312506215205244,0.152501912775184,-0.002382204294123838,-0.034665999976656,0.028556010829453526,0.427948351150278,-26.124462060096175,0.5272023725396696,17.617674404696047,0.9707182548693386,1.753206902664011,0.033429785727666084,0.427948351150278,-26.124462060096175,0.5272023725396696,17.617674404696047,0.9707182548693386,1.753206902664011,0.033429785727666084
3.2809999999997497,2,1,1,2,0.0009891324300002882,5.518571537640225,5.2455499431408965,5.0,0.591443371837786,0.008111410079936722,0.43626833355479494,0.0336594106771245,0.017543481842261958,-0.00010458855426017796,0.594635036190928,0.008837062243615563,0.0032731166196408455,0.8375065999052198,0.027765000000000033,0.027765000000000033,1.0,-0.05468896994487471,-0.054809704007654295,0.0,0.0,-0.003359759173533107,-0.05468896994487471,0.0,-0.0,0.0,-0.05616279927553573,-0.05619139928679453,0.0,0.0,-0.01852255026985717,0.055,0.28147744973014305,0.24383720072446455,0.0,0.0,0.0,9.370048784810252e-06,0,0,0,0,0,inf,inf,0,0,0.0,1.459860212150731,0.007417408794085833,0.09399835313627627,0.006670927468922797,-1.529660212150731,-0.0005355615575571336,1.6382293297661055,-0.7723548681746748,0.01684246479838731,0.11816707809793751,0.013410567929772079,0.15216968820757124,-0.002051601003307371,-0.03495052417601412,0.02868890282129594,0.43272446013708993,-26.165142545409882,0.5335313823000358,17.61885893928892,0.9741641892276232,1.7511924726108938,0.033546626745592376,0.43272446013708993,-26.165142545409882,0.5335313823000358,17.61885893928892,0.9741641892276232,1.7511924726108938,0.033546626745592376
3.2909999999997486,2,1,1,2,0.0009888173856540663,5.515237882035844,5.233363219744175,5.0,0.591778644995074,0.008288257956243054,0.4362679524394404,0.0334488273216714,0.017674612869854577,-0.00014962109645812226,0.5949566932958125,0.009020543610225902,0.003261323854028524,0.837012320358834,0.02806500000000003,0.02806500000000003,1.0,-0.05454700605637596,-0.054669630081434814,0.0,0.0,-0.0030876099417101784,-0.05454700605637596,0.0,-0.0,0.0,-0.05666791668696602,-0.05669692543084833,0.0,0.0,-0.018551116822164957,0.055,0.2814488831778353,0.24333208331303424,0.0,0.0,0.0,8.710472183788664e-06,0,0,0,0,0,inf,inf,0,0,0.0,1.458340045780667,0.007586667453439154,0.09517697352180589,0.0068055514779299855,-1.528140045780667,-0.0005539213182042667,1.6378777580771584,-0.7720673458532357,0.017035266970570187,0.11767904322816151,0.013497680776811807,0.15157217359592065,-0.0022270381957024553,-0.034994452919307424,0.029016556981947147,0.4379517289440142,-26.203959081696574,0.5403410974588501,17.61879409265224,0.978107957398703,1.749144503164683,0.03350312474365622,0.4379517289440142,-26.203959081696574,0.5403410974588501,17.61879409265224,0.978107957398703,1.749144503164683,0.03350312474365622
3.3009999999997475,2,1,1,2,0.0009886890167131448,5.509180482233816,5.220760838200376,5.0,0.5921117124987437,0.008466929417423903,0.4362677528530248,0.03322950708131446,0.017788253170927953,-0.000202096807108073,0.5952760759815843,0.00920562693976179,0.0032494415337166634,0.8364505455379964,0.028365000000000033,0.028365000000000033,1.0,-0.047341612068858806,-0.050752427145604545,0.0,0.0,-0.0022310599914877197,-0.047341612068858806,0.0,-0.0,0.0,-0.057168590963377536,-0.0571980323525073,0.0,0.0,-0.0185773624073739,0.055,0.28142263759262626,0.24283140903662276,0.0,0.0,0.0,1.2437689441286514e-05,0,0,0,0,0,inf,inf,0,0,0.0,1.4568246513720358,0.00775767894293723,0.0963504456927645,0.006941069273040508,-1.5266246513720358,-0.0005717158909943474,1.6375245833649912,-0.771777454990242,0.0172301288922019,0.11718328297735937,0.013579918489865292,0.15095089039653575,-0.0024631165037358087,-0.03505121225451036,0.02937151510508942,0.43809745196596495,-26.24014739330977,0.541737323573658,17.616736075625724,0.9757908876254653,1.7471365438198332,0.03467157037097689,0.43809745196596495,-26.24014739330977,0.541737323573658,17.616736075625724,0.9757908876254653,1.7471365438198332,0.03467157037097689
3.3109999999997464,2,1,1,1,0.0009887201767972134,4.815406837587412,5.21787394115375,5.0,0.5924425486318702,0.00864733111125119,0.43626770099524287,0.03299305762176273,0.018002228857045777,-0.00013039714691506232,0.5955931645472146,0.009392300815411647,0.0032374929353032136,0.8358174788640739,0.028665000000000034,0.028665000000000034,1.0,-0.04667563993446985,-0.04659287093587085,0.0,0.0,-0.0020616142307235195,-0.04667563993446985,0.0,-0.0,0.0,-0.057672029747484234,-0.05769866103812561,0.0,0.0,-0.018601942602472256,0.055,0.28139805739752793,0.24232797025251607,0.0,0.0,0.0,1.2985008948352273e-05,0,0,0,0,0,inf,inf,0,0,0.0,1.4553141950264943,0.007930445195846559,0.09751870954009313,0.007077450646579311,-1.5251141950264944,-0.0005892406789299488,1.6371698546410773,-0.7714850936724356,0.017390969652748015,0.11663493053652807,0.013667126529547734,0.15056405389031255,-0.002246812088756101,-0.03532585867367575,0.029547264397914417,0.43836345066649524,-26.277820963379483,0.5432564494865699,17.6159735896982,0.9735999482220412,1.7453206089746724,0.03581953464909454,0.43836345066649524,-26.277820963379483,0.5432564494865699,17.6159735896982,0.9735999482220412,1.7453206089746724,0.03581953464909454
3.3209999999997453,2,1,1,1,0.0009884106354849645,4.777762046110071,5.2262830526329545,5.0,0.5927712704101307,0.008829119844431516,0.43626726544704375,0.0327470474235347,0.01834354066082496,8.126585350377365e-05,0.5959079394331873,0.009580553722251505,0.0032254217449720797,0.8351049367074528,0.028965000000000032,0.028965000000000032,1.0,-0.045359033241889744,-0.04527159726278196,0.0,0.0,-0.0018956029985438398,-0.045359033241889744,0.0,-0.0,0.0,-0.0581807142808839,-0.05820827891820092,0.0,0.0,-0.01862447866535842,0.055,0.2813755213346417,0.2418192857191164,0.0,0.0,0.0,5.1930272507491825e-06,0,0,0,0,0,inf,inf,0,0,0.0,1.4538097932514051,0.008105087639161849,0.09868195397264552,0.0072146809366725115,-1.5236097932514052,-0.0006080645230134479,1.6368147724194448,-0.7711897190684851,0.017510840143988415,0.11603696505988392,0.013763643871394905,0.15044783395417324,-0.0014687620940816576,-0.03581653979433102,0.029495708541422024,0.4314050747714754,-26.314057788577852,0.5370686794309927,17.61355443993211,0.9627519247151154,1.7427297085929871,0.03891523935471424,0.4314050747714754,-26.314057788577852,0.5370686794309927,17.61355443993211,0.9627519247151154,1.7427297085929871,0.03891523935471424
3.330999999999744,2,1,1,1,0.000987990171201463,4.795834656556948,5.205008535047595,5.0,0.5930977158688905,0.009012292180257592,0.43626667607257663,0.032545604593513654,0.018369488290961467,-8.712640800416345e-05,0.5962203812227047,0.009770374047955324,0.003213366930501993,0.834299824712923,0.029265000000000034,0.029265000000000034,1.0,-0.045883971731954194,-0.04580340956126064,0.0,0.0,-0.001710814265241982,-0.045883971731954194,0.0,-0.0,0.0,-0.05866644441643198,-0.05869419066632553,0.0,0.0,-0.018643789174248387,0.055,0.2813562108257517,0.24133355558356837,0.0,0.0,0.0,1.3134373395176019e-05,0,0,0,0,0,inf,inf,0,0,0.0,1.452311102151893,0.008281552898932825,0.09983995688234114,0.007352706313612053,-1.5221111021518932,-0.0006279507703012482,1.6364585479894922,-0.7708913664569336,0.01773304336377488,0.11557187510691289,0.013838383750386617,0.14957242121022135,-0.002088264002124496,-0.03562920017973999,0.02998674696365662,0.44247816693612935,-26.352925190203845,0.5501078510278427,17.614271728252255,0.9737060878597964,1.7408619912067318,0.0373912230123774,0.44247816693612935,-26.352925190203845,0.5501078510278427,17.614271728252255,0.9737060878597964,1.7408619912067318,0.0373912230123774
3.340999999999743,2,1,1,2,0.0009875431377433233,5.466168838539428,5.193968467305902,5.0,0.5934219388391226,0.009197054260126956,0.4362660385297187,0.03232818687474223,0.01850445254452239,-0.00012635928384869836,0.5965304706428853,0.009961750083511281,0.0032012075342447844,0.8334212522551144,0.029565000000000032,0.029565000000000032,1.0,-0.05248561333393045,-0.052608583093032096,0.0,0.0,-0.0018701059286360996,-0.05248561333393045,0.0,-0.0,0.0,-0.05915590430484242,-0.05918734823552504,0.0,0.0,-0.018661462215970117,0.055,0.2813385377840299,0.24084409569515788,0.0,0.0,0.0,8.301764577807896e-06,0,0,0,0,0,inf,inf,0,0,0.0,1.45081798822872,0.008459789949629336,0.10099267761983563,0.007491555384507062,-1.52061798822872,-0.0006480594864298736,1.6361013080321276,-0.7705904443529893,0.017919018773217183,0.11505483758536929,0.013919689839142461,0.14894341803481317,-0.002220635725439541,-0.03566405802938661,0.030284882923957708,0.45291344248182774,-26.393368352247975,0.5624833302645124,17.616443778496365,0.9839469992627627,1.7394295131560438,0.03602687730953334,0.45291344248182774,-26.393368352247975,0.5624833302645124,17.616443778496365,0.9839469992627627,1.7394295131560438,0.03602687730953334
3.350999999999742,2,1,1,2,0.0009871646423006133,5.462401634794065,5.182876627568594,5.0,0.5937438936608075,0.009383440206926276,0.4362654526071059,0.032106343039395344,0.018633084965875804,-0.00016847073899461392,0.5968381885659533,0.010154670023944035,0.003188958511907678,0.8324696300364817,0.029865000000000034,0.029865000000000034,1.0,-0.052353408250672584,-0.05247773615290505,0.0,0.0,-0.0016429397817687742,-0.052353408250672584,0.0,-0.0,0.0,-0.059641766796131805,-0.059673607447188505,0.0,0.0,-0.018677079882528945,0.055,0.28132292011747106,0.2403582332038685,0.0,0.0,0.0,7.76525591843798e-06,0,0,0,0,0,inf,inf,0,0,0.0,1.4493303468673608,0.008639763969193678,0.10214001005162919,0.0076312092790560785,-1.519130346867361,-0.0006681361640224735,1.635742843066564,-0.7702870618362716,0.018105282895380673,0.11453118749830571,0.013998671454329321,0.1482996787285946,-0.002372565018297367,-0.03570238972734774,0.030590622912621667,0.4578698339766467,-26.43096197144489,0.5690092229479041,17.6161979008043,0.9874986852697776,1.737552149831015,0.03604820817173016,0.4578698339766467,-26.43096197144489,0.5690092229479041,17.6161979008043,0.9874986852697776,1.737552149831015,0.03604820817173016
3.360999999999741,2,1,1,2,0.000987103952841433,5.444174448387301,5.180688881076853,5.0,0.5940635590815087,0.009571662985378874,0.436265190912026,0.03186588747106552,0.01883760962505644,-9.52295238427078e-05,0.5971435160104174,0.010349121969042922,0.003176566881904548,0.8314601981718394,0.030165000000000015,0.030165000000000015,1.0,-0.05156336575403824,-0.051685463171265426,0.0,0.0,-0.0014319619091001923,-0.05156336575403824,0.0,-0.0,0.0,-0.06012922566422728,-0.06016165889546693,0.0,0.0,-0.018691046002397488,0.055,0.28130895399760253,0.23987077433577306,0.0,0.0,0.0,8.343398757631916e-06,0,0,0,0,0,inf,inf,0,0,0.0,1.4478477251888213,0.008821385328613379,0.10328181537948009,0.00777166781137512,-1.5176477251888214,-0.0006871580112144569,1.6353827942948667,-0.769981655933961,0.01825924982950824,0.1139567244661361,0.014077157626123781,0.14787271565197813,-0.002157459507645897,-0.03595171073140231,0.030752622140974642,0.4582600310230575,-26.467512900593185,0.5706400199133066,17.61506834293191,0.9853158370841795,1.7356154616007593,0.037192046766177336,0.4582600310230575,-26.467512900593185,0.5706400199133066,17.61506834293191,0.9853158370841795,1.7356154616007593,0.037192046766177336
3.3709999999997398,2,1,1,2,0.0009868511728006448,5.424657380969354,5.179267523151319,5.0,0.5943809420853552,0.009761220652627483,0.43626469484181385,0.031633251835534566,0.019056884048054945,-1.3968225104229498e-05,0.5974464341422427,0.010545093924096017,0.0031641268711231326,0.8303633150228418,0.03046499999999998,0.03046499999999998,1.0,-0.050722358133990925,-0.05085810607615447,0.0,0.0,-0.0011659071885629002,-0.050722358133990925,0.0,-0.0,0.0,-0.06061452970673146,-0.060647548430374995,0.0,0.0,-0.0187030068437687,0.055,0.28129699315623125,0.23938547029326887,0.0,0.0,0.0,1.0071665391926925e-05,0,0,0,0,0,inf,inf,0,0,0.0,1.4463713255440511,0.009004805501232343,0.10441820731342638,0.007912880646367923,-1.5161713255440512,-0.0007072844430729598,1.6350220282797883,-0.7696733822813179,0.018408751955924098,0.11337909987480799,0.014157807623778787,0.14745215623732008,-0.0018808999470291666,-0.03617424800471484,0.030881814651070653,0.4578213414710261,-26.503547653439185,0.5713831579636548,17.613332582125196,0.9822356253201046,1.7330739404198496,0.03863777311870803,0.4578213414710261,-26.503547653439185,0.5713831579636548,17.613332582125196,0.9822356253201046,1.7330739404198496,0.03863777311870803
3.3809999999997387,2,1,1,2,0.000986541617122332,5.421613652557947,5.168196083644572,5.0,0.5946960306274032,0.009952254780318739,0.43626411474355886,0.03140498674238602,0.019174586337101257,-6.031003519000107e-05,0.5977469242760122,0.010742573800630026,0.00315159581942046,0.829188572545543,0.03076499999999995,0.03076499999999995,1.0,-0.05065142470757615,-0.050772928494211444,0.0,0.0,-0.001022457128663805,-0.05065142470757615,0.0,-0.0,0.0,-0.06109067240523601,-0.06112407834149917,0.0,0.0,-0.01871297711330885,0.055,0.28128702288669105,0.2389093275947643,0.0,0.0,0.0,8.420876027246523e-06,0,0,0,0,0,inf,inf,0,0,0.0,1.444900934622784,0.009189969479838474,0.10554908967816821,0.008054850384723474,-1.514700934622784,-0.000727851818368353,1.6346603808991937,-0.7693625342750592,0.01859344719009794,0.11283837692037553,0.01423127257822691,0.14677314392973337,-0.0020584856603308513,-0.03620439855850564,0.031192150652593724,0.46316370308661775,-26.540611825160536,0.5783147815195094,17.61313062205892,0.9861630956107776,1.7313687838855432,0.038543569251295276,0.46316370308661775,-26.540611825160536,0.5783147815195094,17.61313062205892,0.9861630956107776,1.7313687838855432,0.038543569251295276
3.3909999999997376,2,1,1,2,0.000986290223851354,5.415573063235493,5.157089159790112,5.0,0.5950088027152095,0.010144848809913724,0.436263575558564,0.031171733781920733,0.019286119338864843,-0.00010996345939861662,0.5980449678760787,0.010941549417155961,0.0031389537654537536,0.8279421555595924,0.031064999999999916,0.031064999999999916,1.0,-0.044290684562076056,-0.04729215864278519,0.0,0.0,-0.0007048124523263834,-0.044290684562076056,0.0,-0.0,0.0,-0.06156348859727654,-0.061597290976909476,0.0,0.0,-0.018721163677495933,0.055,0.2812788363225039,0.2384365114027238,0.0,0.0,0.0,1.1839173321271018e-05,0,0,0,0,0,inf,inf,0,0,0.0,1.4434363937240406,0.009376831287522995,0.10667436537633494,0.008197567721967463,-1.5132363937240407,-0.0007484127656249024,1.6342976898134993,-0.7690493127774427,0.018778543722927123,0.11229112439393686,0.014302478127407049,0.1460789166791031,-0.002255240381505143,-0.036239957737853365,0.03150999630137987,0.46345617881438755,-26.574681406035005,0.5798226394523459,17.61019161213531,0.9838300484602703,1.7287980224017887,0.03976977523531305,0.46345617881438755,-26.574681406035005,0.5798226394523459,17.61019161213531,0.9838300484602703,1.7287980224017887,0.03976977523531305
3.4009999999997365,2,1,1,1,0.0009860879207021214,4.74468827149646,5.155560089429858,5.0,0.5953192434407185,0.01033897558683487,0.4362630669579396,0.03093426210942841,0.01949123592068246,-3.3609975656784025e-05,0.5983405465577092,0.011142008499920527,0.003126201270589655,0.826623437717148,0.03136499999999988,0.03136499999999988,1.0,-0.043669313184657166,-0.043580679821689755,0.0,0.0,-0.0005397113394625887,-0.043669313184657166,0.0,-0.0,0.0,-0.062039223188684746,-0.062070580914903195,0.0,0.0,-0.01872773382394776,0.055,0.2812722661760521,0.23796077681131558,0.0,0.0,0.0,5.060946144027524e-06,0,0,0,0,0,inf,inf,0,0,0.0,1.441977814279839,0.009565384287028664,0.10779397933547227,0.008341017450599229,-1.511777814279839,-0.0007690209569144934,1.6339340016795392,-0.7687337182194928,0.018926235500705567,0.11169761334178803,0.01437684879899053,0.145621787019011,-0.0020144373871134927,-0.036447726172512296,0.031647030427933064,0.46362657506394517,-26.610131643046284,0.5811944399527552,17.60838883029497,0.9813493564919874,1.7262844520021796,0.04105498360397967,0.46362657506394517,-26.610131643046284,0.5811944399527552,17.60838883029497,0.9813493564919874,1.7262844520021796,0.04105498360397967
3.4109999999997354,2,1,1,2,0.0009856954211319427,5.3939042793042695,5.144861264626684,5.0,0.5956273429932437,0.01053443146165731,0.4362623287840003,0.03070192692643135,0.01960977526413936,-7.947205902244264e-05,0.5986336420882183,0.011343938683663261,0.0031133801873406124,0.8252174845893937,0.031664999999999846,0.031664999999999846,1.0,-0.04362448409656363,-0.04652718898177674,0.0,0.0,-0.0003840990805940407,-0.04362448409656363,0.0,-0.0,0.0,-0.06250680746400261,-0.06254155395588723,0.0,0.0,-0.01873256011691018,0.055,0.28126743988308966,0.23749319253599774,0.0,0.0,0.0,5.084480324388947e-06,0,0,0,0,0,inf,inf,0,0,0.0,1.4405257955446618,0.009755694644593936,0.10890795670037144,0.008485179195269012,-1.5103257955446618,-0.0007905616686427814,1.6335697093229626,-0.7684154108215318,0.01910800154419571,0.1111399295614608,0.014447741466893415,0.14491703800066855,-0.002175952597016806,-0.036467880395339915,0.031944389797035386,0.4688440118511331,-26.646525219230202,0.5879887834617025,17.60797620829311,0.9851078941749535,1.72447655935317,0.041015423076657266,0.4688440118511331,-26.646525219230202,0.5879887834617025,17.60797620829311,0.9851078941749535,1.72447655935317,0.041015423076657266
3.4209999999997343,2,1,1,1,0.0009854505740183586,4.735174271914167,5.143320078052009,5.0,0.5959330775753617,0.010731469826594483,0.4362617279827915,0.030464720242165427,0.019811479003314095,-3.6593154896916787e-06,0.5989242363880931,0.011547327512379248,0.0031004281650176394,0.8237450126607181,0.03196499999999981,0.03196499999999981,1.0,-0.048926035311821645,-0.04614871325291369,0.0,0.0,-0.00023161755401629678,-0.048926035311821645,0.0,-0.0,0.0,-0.0629766577998789,-0.06300904564086222,0.0,0.0,-0.018735820846968565,0.055,0.2812641791530313,0.23702334220012147,0.0,0.0,0.0,8.716127695059483e-06,0,0,0,0,0,inf,inf,0,0,0.0,1.4390797106609075,0.009947645974572442,0.11001612176827505,0.008630049732923969,-1.5088797106609075,-0.0008117878574315392,1.6332043299107115,-0.7680949215217244,0.019253424154569668,0.1105366542325432,0.014519478184037007,0.14444039076045148,-0.0019370486540358802,-0.03665636386370948,0.03207593155953937,0.4742119487193156,-26.684464286668867,0.594946858717317,17.609019925633316,0.9890250036606515,1.7230856716071283,0.04092127257416143,0.4742119487193156,-26.684464286668867,0.594946858717317,17.609019925633316,0.9890250036606515,1.7230856716071283,0.04092127257416143
3.430999999999733,2,1,1,2,0.000984997435795303,5.3755293232853285,5.132865595042816,5.0,0.5962364376315065,0.010929803983791984,0.43626087800331126,0.030230727532299228,0.019930250609421447,-4.952872467569509e-05,0.5992123115321083,0.011752162440087486,0.0030874097400448632,0.8221834512431009,0.03226499999999978,0.03226499999999978,1.0,-0.04885113384429303,-0.04897979467661404,0.0,0.0,-6.350245392703221e-05,-0.04885113384429303,0.0,-0.0,0.0,-0.06343876182957835,-0.06347442453993023,0.0,0.0,-0.018737508041458625,0.055,0.2812624919585413,0.23656123817042204,0.0,0.0,0.0,8.862965558100558e-06,0,0,0,0,0,inf,inf,0,0,0.0,1.4376404066749904,0.010141342158607814,0.1111185383350734,0.008775608584886399,-1.5074404066749905,-0.0008339887046465655,1.6328384234961668,-0.7677717429971421,0.019433259128521504,0.10996809557083742,0.014588797715228695,0.1437174036490195,-0.0020894560205482336,-0.03666524695391858,0.03236500307308386,0.4792254050058144,-26.720451114383106,0.6015276990233207,17.608547414046313,0.9925594956976468,1.721296259363722,0.040938956338035785,0.4792254050058144,-26.720451114383106,0.6015276990233207,17.608547414046313,0.9925594956976468,1.721296259363722,0.040938956338035785
3.440999999999732,2,1,1,2,0.000984782428136626,5.357928200501565,5.131138276722067,5.0,0.5965374039631642,0.011129756612113195,0.43626026323608325,0.02999115696457478,0.020122878841391037,2.2336727197868394e-05,0.5994978497504322,0.011958430831604779,0.0030742381530067817,0.8205615543181599,0.03256499999999975,0.03256499999999975,1.0,-0.04812483919812765,-0.048250675338242885,0.0,0.0,9.3770336553837e-05,-0.04812483919812765,0.0,-0.0,0.0,-0.06390243573184366,-0.06393864179000287,0.0,0.0,-0.01873761629574213,0.055,0.28126238370425777,0.2360975642681567,0.0,0.0,0.0,7.949162652966838e-06,0,0,0,0,0,inf,inf,0,0,0.0,1.436207029981391,0.010336630895775795,0.11221499547294378,0.008921851287683608,-1.506007029981391,-0.0008555666544608557,1.6324713722333068,-0.7674465549251568,0.019577661199476952,0.10935462591103691,0.014656767670959867,0.14321454947515874,-0.0018742262089940578,-0.03683957870970094,0.03250119860856251,0.47976952384651317,-26.755008650825662,0.6032813302004201,17.606501487486277,0.9904397822483687,1.7186663380062794,0.04214870447456111,0.47976952384651317,-26.755008650825662,0.6032813302004201,17.606501487486277,0.9904397822483687,1.7186663380062794,0.04214870447456111
3.450999999999731,2,1,1,2,0.000984230295012183,5.354350052497092,5.1208660030004545,5.0,0.5968359675793802,0.011330903346116517,0.4362592606299881,0.02975593847766478,0.020243443865593968,-2.27554287811837e-05,0.5997808334297222,0.01216611996332512,0.0030610164446098808,0.8188424533098106,0.032864999999999714,0.032864999999999714,1.0,-0.04805853659711027,-0.048184424031983406,0.0,0.0,0.00024735391343335057,-0.04805853659711027,0.0,-0.0,0.0,-0.0643592856243616,-0.06439585092739923,0.0,0.0,-0.018736353162148615,0.055,0.2812636468378513,0.23564071437563866,0.0,0.0,0.0,8.055325153332314e-06,0,0,0,0,0,inf,inf,0,0,0.0,1.4347808871424974,0.010533686831881354,0.11330563193842051,0.009068762107205988,-1.5045808871424975,-0.0008785105562062979,1.6321040458521396,-0.7671185563527624,0.01975529621120273,0.10877531171500916,0.01472488772421188,0.1424750103286971,-0.0020117261991096326,-0.03683685754772439,0.03277978792743359,0.48458399438816596,-26.790512249677768,0.6096483134052814,17.605850774641397,0.9937474779755295,1.7167721331861003,0.04223254578933147,0.48458399438816596,-26.790512249677768,0.6096483134052814,17.605850774641397,0.9937474779755295,1.7167721331861003,0.04223254578933147
3.46099999999973,2,1,1,1,0.0009842357864859588,4.705126363614655,5.118306211128861,5.0,0.5971321104570445,0.011533855021931324,0.4362588386233809,0.029506662917189643,0.020412404120085215,3.66505842596436e-05,0.6000612451142123,0.012375217024004573,0.0030475760627676463,0.8170842168135116,0.03316499999999968,0.03316499999999968,1.0,-0.047392600866376984,-0.044760020715001084,0.0,0.0,0.000395861414518781,-0.047392600866376984,0.0,-0.0,0.0,-0.06481594663068889,-0.0648502862801254,0.0,0.0,-0.01873365674418108,0.055,0.2812663432558189,0.2351840533693114,0.0,0.0,0.0,7.348629553844005e-06,0,0,0,0,0,inf,inf,0,0,0.0,1.4333601746701827,0.010732211042318446,0.11439009106597833,0.009216326568095191,-1.5031601746701828,-0.0008997604662660309,1.6317351906335162,-0.7667890388592609,0.01990173328826568,0.10815035193025357,0.014785923536895874,0.14192959500351762,-0.0018753642531449913,-0.03701296071761214,0.03294570532230263,0.4862545157261651,-26.82494620712272,0.6125939625773256,17.604245194149673,0.9928195121760716,1.7146476592641058,0.04310297929499995,0.4862545157261651,-26.82494620712272,0.6125939625773256,17.604245194149673,0.9928195121760716,1.7146476592641058,0.04310297929499995
3.4709999999997287,2,1,1,1,0.000983993255767506,4.690365540995076,5.116441515001769,5.0,0.59742582653233,0.011738041144474127,0.43625812570342426,0.02926479981517209,0.020594066124144394,0.00010378776078709352,0.6003390675067888,0.01258570911555149,0.0030340589915912853,0.8152357107171153,0.03346499999999965,0.03346499999999965,1.0,-0.04670732686001859,-0.04412753394099448,0.0,0.0,0.0005353783195269585,-0.04670732686001859,0.0,-0.0,0.0,-0.06527110653797559,-0.06530602432309812,0.0,0.0,-0.018729557306894788,0.055,0.28127044269310514,0.23472889346202475,0.0,0.0,0.0,6.5326306318134445e-06,0,0,0,0,0,inf,inf,0,0,0.0,1.4319466923042714,0.0109324540371046,0.11546858479533115,0.009364536393675339,-1.5017466923042715,-0.0009220552752973623,1.6313660200794347,-0.7664568898267431,0.020044035095764842,0.10752220614438546,0.014848750660776441,0.14139015322180976,-0.0016852474418184028,-0.03716364610155472,0.03308397555563949,0.4872116114059126,-26.858873166758464,0.61477118292977,17.602062822013295,0.9911086189896401,1.7119438433870204,0.04422363527718083,0.4872116114059126,-26.858873166758464,0.61477118292977,17.602062822013295,0.9911086189896401,1.7119438433870204,0.04422363527718083
3.4809999999997276,2,1,1,2,0.0009831210156356065,5.332411989206587,5.097621660312728,5.0,0.5977170464255918,0.011943164063834175,0.4362567039776555,0.029026881844630648,0.020644100931846668,-6.15931935334608e-05,0.6006142834700577,0.01279758325382216,0.003020598391717395,0.8132612697810762,0.033764999999999615,0.033764999999999615,1.0,-0.04732281379169491,-0.04744591541987986,0.0,0.0,0.0006691019316935274,-0.04732281379169491,0.0,-0.0,0.0,-0.06571580049283607,-0.06575358893216404,0.0,0.0,-0.018724548476385616,0.055,0.28127545152361433,0.23428419950716425,0.0,0.0,0.0,7.599869253640205e-06,0,0,0,0,0,inf,inf,0,0,0.0,1.430541344139229,0.011134536633270851,0.11654115584051666,0.009513374236632613,-1.500341344139229,-0.0009467660527389077,1.6309969126495696,-0.766121533944718,0.020255166405945595,0.10696350693438583,0.014917153382888215,0.14038816585165673,-0.002169612159388851,-0.036987113865821826,0.03350209498612299,0.49611056311612994,-26.895038427816914,0.6255713925060078,17.602998685949345,0.9996920485808314,1.7110554318088513,0.04320055349541314,0.49611056311612994,-26.895038427816914,0.6255713925060078,17.602998685949345,0.9996920485808314,1.7110554318088513,0.04320055349541314
3.4909999999997265,2,1,1,1,0.000983289901445055,4.719979489702181,5.07570646102284,5.0,0.5980058024830729,0.012150312110504739,0.43625638170294767,0.028746848431412897,0.02062755205424575,-0.00026953230707101847,0.6008868760274024,0.013010826369421722,0.003006837135202871,0.8112792123180033,0.03406499999999958,0.03406499999999958,1.0,-0.04241237177834519,-0.04233700211056304,0.0,0.0,0.000613065360891672,-0.04241237177834519,0.0,-0.0,0.0,-0.06615193447942667,-0.06618709272325343,0.0,0.0,-0.018718463835566596,0.055,0.28128153616443324,0.2338480655205737,0.0,0.0,0.0,8.975302725638261e-06,0,0,0,0,0,inf,inf,0,0,0.0,1.4291406944974028,0.011337899057402954,0.11760721160752788,0.009662803513387242,-1.4989406944974029,-0.0009683600140887708,1.6306257029074795,-0.7657853334198393,0.02048087892102658,0.10639047549159135,0.014971218022910298,0.13929551333631957,-0.0029068687911162077,-0.03690087559993626,0.03403610932004807,0.5038807295331156,-26.929231211049625,0.6351000402791627,17.602952183084636,1.0062083237520136,1.711002510543161,0.04232583133656075,0.5038807295331156,-26.929231211049625,0.6351000402791627,17.602952183084636,1.0062083237520136,1.711002510543161,0.04232583133656075
3.5009999999997254,2,1,1,1,0.0009830352307468584,4.673620132951287,5.092267832118099,5.0,0.5982921851029358,0.012358688027242496,0.43625559346971765,0.028520867364258986,0.020961927869358396,4.58748907273677e-05,0.6011568283640296,0.01322542530851034,0.002992894005485288,0.8092150541884908,0.03436499999999955,0.03436499999999955,1.0,-0.04070464755439819,-0.04061345269744235,0.0,0.0,0.0006425204492753199,-0.04070464755439819,0.0,-0.0,0.0,-0.06661019607830386,-0.0666463521199044,0.0,0.0,-0.018710291597477176,0.055,0.2812897084025226,0.23338980392169653,0.0,0.0,0.0,4.998513941408863e-06,0,0,0,0,0,inf,inf,0,0,0.0,1.4277479004088538,0.011542999527341684,0.11866723071730202,0.009812894963838643,-1.4975479004088539,-0.0009911043012758342,1.63025486764002,-0.7654465382479153,0.02054346409810957,0.10567879364981161,0.01502886559865944,0.13921214254916423,-0.0019382319551057604,-0.037292670720382996,0.0338330610773624,0.4955867688710149,-26.95926900898298,0.6272226723990302,17.59603921395047,0.9927353843633977,1.7048628465495204,0.0461004793360419,0.4955867688710149,-26.95926900898298,0.6272226723990302,17.59603921395047,0.9927353843633977,1.7048628465495204,0.0461004793360419
3.5109999999997243,2,1,1,2,0.0009822815192219994,5.299238891485536,5.0821933902797545,5.0,0.5985759551388304,0.01256799216377464,0.4362542295979533,0.028282399596886033,0.0210833957124758,-2.3749444911854533e-06,0.6014241238280078,0.013441366833614594,0.00297906834361489,0.8070189178029074,0.034664999999999516,0.034664999999999516,1.0,-0.04607429785994241,-0.04619235932205765,0.0,0.0,0.0010321368374402813,-0.04607429785994241,0.0,-0.0,0.0,-0.06705177183081383,-0.0670909015842168,0.0,0.0,-0.01870170102570953,0.055,0.2812982989742903,0.23294822816918656,0.0,0.0,0.0,6.389753286212582e-06,0,0,0,0,0,inf,inf,0,0,0.0,1.4263632442509062,0.011749874031465716,0.11972107880091007,0.009963556251418555,-1.4961632442509063,-0.0010160012511779139,1.6298837427622352,-0.7651046845749183,0.020716429569266222,0.105067472569727,0.01509408880922684,0.13840954492926016,-0.00205376247162129,-0.03724432883025092,0.034089777768148255,0.5046013483065692,-26.996623932156226,0.6381586427930442,17.598530443870047,1.0014709995629305,1.7045808362725168,0.045013774030524555,0.5046013483065692,-26.996623932156226,0.6381586427930442,17.598530443870047,1.0014709995629305,1.7045808362725168,0.045013774030524555
3.5209999999997232,2,1,1,2,0.0009820674449944325,5.298945077724779,5.070494927944028,5.0,0.5988572307749712,0.012778946331608771,0.43625342369719367,0.028021425075496504,0.021168506239400545,-7.43282779557644e-05,0.6016887459312935,0.013658637624444048,0.0029650185245918906,0.8047847784435987,0.03496499999999948,0.03496499999999948,1.0,-0.04615588153021026,-0.04627380148819037,0.0,0.0,0.00114259432222273,-0.04615588153021026,0.0,-0.0,0.0,-0.06748779196848864,-0.06752724141422091,0.0,0.0,-0.018692155116650618,0.055,0.2813078448833492,0.2325122080315118,0.0,0.0,0.0,6.760419277776779e-06,0,0,0,0,0,inf,inf,0,0,0.0,1.4249846244007716,0.011958159209689083,0.12076840893035803,0.010114779181277865,-1.4947846244007716,-0.0010394420421920667,1.6295113755865693,-0.7647613650727122,0.020896672837856164,0.10444678380527592,0.015150969750405193,0.13755281814096593,-0.002304468292061089,-0.03723960084155618,0.03440653573728512,0.5109171149088737,-27.03132237867279,0.646133672175058,17.598807676342133,1.0064286137371958,1.70382492867019,0.04461837212754446,0.5109171149088737,-27.03132237867279,0.646133672175058,17.598807676342133,1.0064286137371958,1.70382492867019,0.04461837212754446
3.530999999999722,2,1,1,2,0.0009817384088053596,5.283561729536117,5.068244844097076,5.0,0.59913601298668,0.012991189350434043,0.4362524741881916,0.027775813916874326,0.021335112288704567,-1.7516509742989792e-05,0.6019506783507491,0.013877224278712878,0.0029508302231440976,0.8024734488531821,0.03526499999999945,0.03526499999999945,1.0,-0.045558968834423876,-0.045674766539852744,0.0,0.0,0.001242438474032904,-0.045558968834423876,0.0,-0.0,0.0,-0.06792726987816927,-0.06796720581547037,0.0,0.0,-0.01868133515632023,0.055,0.28131866484367957,0.23207273012183116,0.0,0.0,0.0,6.053920701943765e-06,0,0,0,0,0,inf,inf,0,0,0.0,1.4236135072758356,0.01216805899980606,0.12180938542990964,0.010266591392142789,-1.4934135072758357,-0.001063336806789871,1.6291387799437793,-0.7644157886117026,0.0210354683786995,0.1037892509699601,0.015206520361048654,0.13693727638710906,-0.0021460891950565776,-0.0373383471461588,0.034542667795771254,0.512358238284329,-27.06396404529641,0.6488072899292682,17.596354656347824,1.005229772000203,1.7009358501788645,0.045650633664730406,0.512358238284329,-27.06396404529641,0.6488072899292682,17.596354656347824,1.005229772000203,1.7009358501788645,0.045650633664730406
3.540999999999721,2,1,1,2,0.000981448065785622,5.295700467229096,5.047477416864786,5.0,0.5994122308902327,0.013204726879787132,0.4362515387380907,0.02749098403553047,0.021342085758156448,-0.00022062529011236695,0.602209904929149,0.014097113312966623,0.00293655130623485,0.8000832755784605,0.035564999999999417,0.035564999999999417,1.0,-0.04096746421524015,-0.04351675344518588,0.0,0.0,0.0010436151024688536,-0.04096746421524015,0.0,-0.0,0.0,-0.06835333059506016,-0.0683934036120527,0.0,0.0,-0.018670229453923007,0.055,0.28132977054607683,0.23164666940494025,0.0,0.0,0.0,8.654936313627097e-06,0,0,0,0,0,inf,inf,0,0,0.0,1.4222496646619105,0.012379515751230571,0.12284387819749133,0.010418948508106964,-1.4920496646619106,-0.0010874236421113505,1.6287655639418686,-0.7640680773090646,0.021255072583231827,0.10318825842792742,0.015263871703579122,0.13580986524022273,-0.002784672173764813,-0.037234887618028206,0.03502895236262535,0.5190274379354333,-27.096892549038184,0.6571596251292895,17.595700094467148,1.0105644423328348,1.7003369370205115,0.04513808003887177,0.5190274379354333,-27.096892549038184,0.6571596251292895,17.595700094467148,1.0105644423328348,1.7003369370205115,0.04513808003887177
3.55099999999972,2,1,1,2,0.0009811095863913313,5.268694886632995,5.054053225570215,5.0,0.5996859257443419,0.013419566009035096,0.43625053139651915,0.027262777231323365,0.021578918943700922,-4.099514470367146e-05,0.6024664096761768,0.014318291163413878,0.0029221221395255652,0.797619945220721,0.035864999999999383,0.035864999999999383,1.0,-0.04510629250719671,-0.04522008298364627,0.0,0.0,0.0014258340498443192,-0.04510629250719671,0.0,-0.0,0.0,-0.06879307434656551,-0.06883379391995083,0.0,0.0,-0.018657346069716123,0.055,0.2813426539302837,0.23120692565343487,0.0,0.0,0.0,5.769755264363683e-06,0,0,0,0,0,inf,inf,0,0,0.0,1.4208933667839339,0.01259254415009302,0.12387188013429999,0.010571869043759466,-1.490693366783934,-0.0011117511187218247,1.6283920855958214,-0.7637182390037504,0.021352850905760216,0.1024905202673442,0.015315150080599084,0.13541266131295165,-0.0022546836480875037,-0.037411642715644344,0.034994900721719555,0.5203470427325263,-27.130579855706575,0.6596982583771269,17.594231091134436,1.0092445466541329,1.6974079752909907,0.04623083536342332,0.5203470427325263,-27.130579855706575,0.6596982583771269,17.594231091134436,1.0092445466541329,1.6974079752909907,0.04623083536342332
3.560999999999719,2,1,1,2,0.0009807648852737374,5.268765633597049,5.042308984622307,5.0,0.5999570292233635,0.013635653380140188,0.436249490098331,0.02699338555477616,0.021661465832106146,-0.0001198740011948749,0.6027201767694116,0.014540744186762983,0.0029076061854152175,0.7950751591628767,0.03616499999999935,0.03616499999999935,1.0,-0.045235057739059954,-0.04535222963764962,0.0,0.0,0.0014951311072202971,-0.045235057739059954,0.0,-0.0,0.0,-0.06921981234167629,-0.06926083051146471,0.0,0.0,-0.018644307068026666,0.055,0.281355692931973,0.23078018765832403,0.0,0.0,0.0,5.5911478752046e-06,0,0,0,0,0,inf,inf,0,0,0.0,1.4195446228029087,0.01280712300726156,0.12489329724534479,0.010725316318753333,-1.4893446228029088,-0.001136383782051821,1.628018122313745,-0.7633662590518608,0.0215312974397506,0.10184816655793677,0.015369822295783746,0.13450689799134546,-0.0025041668470720943,-0.037395691204956734,0.03530569384567281,0.5266197321650314,-27.164596346350173,0.667630301705538,17.594638168284384,1.014174402028542,1.6968677001757435,0.04584002745616746,0.5266197321650314,-27.164596346350173,0.667630301705538,17.594638168284384,1.014174402028542,1.6968677001757435,0.04584002745616746
3.5709999999997177,2,1,1,1,0.0009805284807511685,4.64614000765731,5.039189246572406,5.0,0.6002255811029374,0.013853080442464163,0.43624854358653625,0.02673809566246622,0.021807298312137926,-7.871111937008512e-05,0.6029711905553036,0.014764458661063613,0.0028929192042398506,0.7924670484359432,0.03646499999999932,0.03646499999999932,1.0,-0.039644318438733374,-0.03955042261844717,0.0,0.0,0.0012278870475962954,-0.039644318438733374,0.0,-0.0,0.0,-0.06964872442840081,-0.06968769701418662,0.0,0.0,-0.018630187738212775,0.055,0.28136981226178687,0.23035127557159954,0.0,0.0,0.0,4.9087032691878524e-06,0,0,0,0,0,inf,inf,0,0,0.0,1.418203282563251,0.013023199655692668,0.12590805608537364,0.01087928865632153,-1.488003282563251,-0.001160847167954274,1.6276437431135766,-0.7630123753864527,0.021670547573585244,0.10117039071463013,0.015418746567680263,0.13382443548005246,-0.0024094621465512627,-0.037475812021953825,0.035460280202998275,0.5249405275738681,-27.193212544890287,0.666847164572842,17.588516193203876,1.0086997941759512,1.691908687177186,0.04783901577146218,0.5249405275738681,-27.193212544890287,0.666847164572842,17.588516193203876,1.0086997941759512,1.691908687177186,0.04783901577146218
3.5809999999997166,2,1,1,2,0.0009800239090651244,5.2551225791763665,5.027547134028275,5.0,0.6004914889479873,0.014071600402797035,0.4362472808929938,0.02646908161856928,0.021895258068423705,-0.00015749310677083182,0.6032194355501401,0.014989420786553204,0.002878208977999231,0.7897558956914017,0.036764999999999284,0.036764999999999284,1.0,-0.04488210634467122,-0.04499859276180404,0.0,0.0,0.001640812391310056,-0.04488210634467122,0.0,-0.0,0.0,-0.07007147333918747,-0.07011323651394005,0.0,0.0,-0.018615734997591584,0.055,0.281384265002408,0.22992852666081287,0.0,0.0,0.0,5.147130125506654e-06,0,0,0,0,0,inf,inf,0,0,0.0,1.4168702268056732,0.013240894432032595,0.12691619114982616,0.011033784823613023,-1.4866702268056733,-0.001186347722127377,1.6272692223208582,-0.7626560613679171,0.021846948151465727,0.10051791121071506,0.015474353247578499,0.13289992320307684,-0.0026349352012577714,-0.03744116944327107,0.03575768285726972,0.5348577695889835,-27.230160260622924,0.6787873273474518,17.592699700627456,1.0185110415186278,1.693622853752791,0.04634653701431,0.5348577695889835,-27.230160260622924,0.6787873273474518,17.592699700627456,1.0185110415186278,1.693622853752791,0.04634653701431
3.5909999999997155,2,1,1,1,0.0009797846326116402,4.638902852723817,5.024058552762715,5.0,0.6007548297543245,0.014291500763429209,0.4362462812426846,0.026211064990026,0.022034819788980014,-0.00012259666082124195,0.6034648964410005,0.015215616686508188,0.0028632938524572487,0.7869937508465559,0.03706499999999925,0.03706499999999925,1.0,-0.0393989891746932,-0.03930417737666146,0.0,0.0,0.0013527711165311877,-0.0393989891746932,0.0,-0.0,0.0,-0.07049556935570886,-0.07053530297467159,0.0,0.0,-0.018600318662541603,0.055,0.28139968133745796,0.2295044306442915,0.0,0.0,0.0,4.886524145391861e-06,0,0,0,0,0,inf,inf,0,0,0.0,1.4155444324493496,0.013460010961422594,0.12791750622894188,0.011188768682588708,-1.4853444324493497,-0.0012112565865738459,1.6268941781917072,-0.7622980789551523,0.021985866889705323,0.09983040059280081,0.015521298335445815,0.13218654768440105,-0.0025580739533031848,-0.03750596567282606,0.03591547222871941,0.5335718515952813,-27.25834806004953,0.6784124633292055,17.586493031715502,1.0134640565711976,1.6885601670389354,0.048262936040724756,0.5335718515952813,-27.25834806004953,0.6784124633292055,17.586493031715502,1.0134640565711976,1.6885601670389354,0.048262936040724756
3.6009999999997144,2,1,1,1,0.000979448390338782,4.63354063694368,5.020565281101649,5.0,0.6010155358363815,0.014512572714466467,0.43624515219358473,0.02595584750918056,0.02217601104924613,-8.735111423543886e-05,0.603707558086701,0.015443032408099982,0.0028482870356921295,0.7841468894005433,0.03736499999999922,0.03736499999999922,1.0,-0.043971933043808926,-0.04166383979844415,0.0,0.0,0.001759711345412919,-0.043971933043808926,0.0,-0.0,0.0,-0.07091778970613519,-0.07095801169808705,0.0,0.0,-0.018584347753574114,0.055,0.28141565224642545,0.22908221029386522,0.0,0.0,0.0,5.179965146508764e-06,0,0,0,0,0,inf,inf,0,0,0.0,1.4142267499071457,0.013680663319552502,0.12891204013715316,0.01134425022852457,-1.4840267499071458,-0.0012366473902475571,1.6265189562456908,-0.7619379609070286,0.02212341698563504,0.09913896288955124,0.015568275789003333,0.1314640503737812,-0.002471797787898411,-0.03755209224837286,0.036066253000864364,0.5398918809948337,-27.293224542238033,0.6863997644187864,17.588274754731113,1.0184952736828063,1.6884445733575741,0.047851954671283364,0.5398918809948337,-27.293224542238033,0.6863997644187864,17.588274754731113,1.0184952736828063,1.6884445733575741,0.047851954671283364
3.6109999999997133,2,1,1,1,0.0009790842262693824,4.63336966495888,5.008144183621369,5.0,0.6012735908743989,0.014734826868271027,0.4362439669256255,0.02567137759774095,0.022248290678350345,-0.00018233876037548243,0.6039474055187278,0.01567165392325565,0.0028331836656275834,0.7812191442241715,0.037664999999999185,0.037664999999999185,1.0,-0.03919404173940047,-0.039116518330865074,0.0,0.0,0.0014569683437050658,-0.03919404173940047,0.0,-0.0,0.0,-0.07133286364008876,-0.07137332117304188,0.0,0.0,-0.018568224563921855,0.055,0.2814317754360777,0.22866713635991162,0.0,0.0,0.0,7.878975905513674e-06,0,0,0,0,0,inf,inf,0,0,0.0,1.4129171281025499,0.013902816576458355,0.12989971149628707,0.011500209934346079,-1.48271712810255,-0.0012623500600400482,1.6261434841017885,-0.7615758051435848,0.022301904708519706,0.09846904807713489,0.015620017371471458,0.1304819735725795,-0.002750779943536429,-0.037528895083124306,0.036384167428458895,0.5427731475962704,-27.32299321033238,0.6905884876597139,17.584960158349176,1.0188877109043297,1.6857576070255744,0.048507385702616736,0.5427731475962704,-27.32299321033238,0.6905884876597139,17.584960158349176,1.0188877109043297,1.6857576070255744,0.048507385702616736
3.6209999999997122,2,1,1,2,0.000978576605344588,5.230252516225036,4.995857809609946,5.0,0.6015289816847269,0.01495822144690821,0.4362426032386223,0.025387723562529576,0.022326661548490508,-0.0002755844258263648,0.6041844239421621,0.015901467129523235,0.0028179932576825645,0.7782033982157076,0.03796499999999915,0.03796499999999915,1.0,-0.03940865150747983,-0.04178699221123325,0.0,0.0,0.001519378539301179,-0.03940865150747983,0.0,-0.0,0.0,-0.07174639483818862,-0.0717895551202519,0.0,0.0,-0.01855163881274427,0.055,0.28144836118725536,0.2282536051618117,0.0,0.0,0.0,7.27026316604424e-06,0,0,0,0,0,inf,inf,0,0,0.0,1.4116158955743832,0.014126499073046734,0.13088050231093679,0.011656656221910672,-1.4814158955743832,-0.001288603140504991,1.6257679561753768,-0.7612115169647237,0.022478920120370647,0.09779395418983117,0.015673237160054497,0.12949388396221928,-0.003006007899173437,-0.037496349639610405,0.03669122275925804,0.5490803398113951,-27.355997485578442,0.698564346131783,17.58565013239354,1.0239408712581761,1.6855951465507504,0.04808474862326964,0.5490803398113951,-27.355997485578442,0.698564346131783,17.58565013239354,1.0239408712581761,1.6855951465507504,0.04808474862326964
3.630999999999711,2,1,1,2,0.000978329626328183,5.219294805096008,4.9914558711981885,5.0,0.6017817621693137,0.015182924190833554,0.436241497189745,0.025119877135225,0.022451485840399566,-0.00025571389545320965,0.6044185987365907,0.016132457850941657,0.0028025918814924395,0.7751381694438144,0.03826499999999912,0.03826499999999912,1.0,-0.039095049223575706,-0.04144610085418593,0.0,0.0,0.0015528577500198836,-0.039095049223575706,0.0,-0.0,0.0,-0.07216130923381064,-0.07220488314941458,0.0,0.0,-0.0185343460809161,0.055,0.28146565391908346,0.22783869076618962,0.0,0.0,0.0,7.22149260864068e-06,0,0,0,0,0,inf,inf,0,0,0.0,1.410322298607457,0.014351556957031013,0.13185425418778263,0.011813539952072722,-1.4801222986074571,-0.001314302167056267,1.6253920829960153,-0.7608456379220178,0.022617896612777844,0.09708645302203653,0.015715816396209916,0.12871553874495462,-0.002973304390490065,-0.03754503297657085,0.036860747945110954,0.5523413886468002,-27.387070279435974,0.7031589184037669,17.58382458132843,1.0247546665829608,1.6834318141479003,0.04862851475899729,0.5523413886468002,-27.387070279435974,0.7031589184037669,17.58382458132843,1.0247546665829608,1.6834318141479003,0.04862851475899729
3.64099999999971,2,1,1,2,0.000977828937921115,5.20888314469469,4.987523276734863,5.0,0.6020317871727325,0.015408642308663368,0.4362400880621804,0.02486558525040841,0.02259073001936024,-0.00022809533237066616,0.6046499154570093,0.01636461183891516,0.002787198137144153,0.7719652878901709,0.038564999999999086,0.038564999999999086,1.0,-0.04369637356408141,-0.04380925213965439,0.0,0.0,0.0019149578572532915,-0.04369637356408141,0.0,-0.0,0.0,-0.07257531428643654,-0.07261929983547868,0.0,0.0,-0.018516701930775235,0.055,0.2814832980692243,0.2274246857135637,0.0,0.0,0.0,4.135213623089033e-06,0,0,0,0,0,inf,inf,0,0,0.0,1.4090375136251505,0.01457816016882771,0.13282101673882726,0.011970882749346785,-1.4788375136251506,-0.001340987863630883,1.6250161468362334,-0.7604774668465142,0.022753254116941717,0.09637665883184508,0.015762304181856056,0.12793933782608075,-0.0028867910223620077,-0.03754253340779403,0.03700333057250333,0.5582601506990414,-27.421096691783504,0.7107268966109797,17.58556100494181,1.029463876321302,1.6833274703118954,0.04831134218703769,0.5582601506990414,-27.421096691783504,0.7107268966109797,17.58556100494181,1.029463876321302,1.6833274703118954,0.04831134218703769
3.650999999999709,2,1,1,2,0.0009775280175014214,5.198461265419337,4.982786461157699,5.0,0.6022791870025365,0.015635624117452188,0.4362388727224408,0.02459690351285402,0.02271127482246548,-0.0002140459826257515,0.6048783598347129,0.016597914773092214,0.002771588482703809,0.768741569633154,0.03886499999999905,0.03886499999999905,1.0,-0.04337418486328238,-0.0434857860122287,0.0,0.0,0.0019377021280075695,-0.04337418486328238,0.0,-0.0,0.0,-0.07298609192969466,-0.07303047462611821,0.0,0.0,-0.01849881767347008,0.055,0.28150118232652943,0.2270139080703056,0.0,0.0,0.0,4.0392277947812744e-06,0,0,0,0,0,inf,inf,0,0,0.0,1.4077606780514433,0.014806134555995321,0.13378064881959065,0.012128652682229471,-1.4775606780514434,-0.0013672466835189033,1.624640065762914,-0.7601076916876164,0.022891574281799974,0.09566033598898846,0.015803715215197644,0.12713093391102134,-0.0028653688783164943,-0.03756980195221349,0.03717330748532643,0.5615868609945747,-27.45177414910526,0.7153901717461636,17.583747223110137,1.030385740092132,1.6811821812043746,0.04883934049014008,0.5615868609945747,-27.45177414910526,0.7153901717461636,17.583747223110137,1.030385740092132,1.6811821812043746,0.04883934049014008
3.660999999999708,2,1,1,2,0.0009772642997572236,5.175415860126858,4.986354172702583,5.0,0.6025239010304704,0.015863759793919224,0.43623767311339223,0.02436079243823059,0.02288488278742829,-7.826247404234824e-05,0.6051039177781765,0.01683235226224889,0.0027558406681354266,0.765447389102308,0.03916499999999902,0.03916499999999902,1.0,-0.04244570755559846,-0.042548262732065294,0.0,0.0,0.001953035517409368,-0.04244570755559846,0.0,-0.0,0.0,-0.07339934280254429,-0.07344427625197937,0.0,0.0,-0.018480392790332496,0.055,0.28151960720966707,0.22660065719745598,0.0,0.0,0.0,3.6958609602409918e-06,0,0,0,0,0,inf,inf,0,0,0.0,1.4064922252049112,0.015035525371454873,0.13473312606073562,0.01228684619417788,-1.4762922252049113,-0.0013935842577812115,1.624263929516561,-0.7597360970021098,0.022988523935971124,0.09491653260028889,0.015835092836745744,0.12654654741847185,-0.0025261925688805334,-0.037626428444016737,0.037186966522811,0.5615140440688764,-27.47998057079641,0.7162749828559339,17.578486000650916,1.0266750528158723,1.6760044192351082,0.05050272237715665,0.5615140440688764,-27.47998057079641,0.7162749828559339,17.578486000650916,1.0266750528158723,1.6760044192351082,0.05050272237715665
3.6709999999997067,2,1,1,2,0.0009768760830080317,5.177326156761405,4.972724151068079,5.0,0.6027658577434842,0.016092947159044073,0.43623631183481115,0.024055144731659036,0.022943606863333244,-0.00019707757761754007,0.6053265753739234,0.017067909845176556,0.0027400414270942644,0.7620610708659308,0.03946499999999899,0.03946499999999899,1.0,-0.03800826652846681,-0.040268404394180016,0.0,0.0,0.0016291434486030757,-0.03800826652846681,0.0,-0.0,0.0,-0.07380154800470272,-0.07384669508783681,0.0,0.0,-0.018462513100021758,0.055,0.28153748689997776,0.22619845199529756,0.0,0.0,0.0,6.962837896957765e-06,0,0,0,0,0,inf,inf,0,0,0.0,1.405232582617977,0.01526637803499485,0.13567842088681917,0.012445462001066143,-1.475032582617977,-0.00142048088193922,1.623887783274931,-0.7593624719420462,0.023167968813828446,0.09421403016684295,0.015884413686957765,0.1254652417334661,-0.0028488202962464776,-0.03760147647462731,0.03751881145073119,0.5653211896736602,-27.50886322994368,0.7214432702867849,17.575663559276116,1.0281315595590264,1.6738177159165306,0.05090466194997643,0.5653211896736602,-27.50886322994368,0.7214432702867849,17.575663559276116,1.0281315595590264,1.6738177159165306,0.05090466194997643
3.6809999999997056,2,1,1,2,0.0009764592570240252,5.156087900122537,4.97606726122692,5.0,0.6030050929401816,0.016323241735394102,0.4362348958038723,0.023824815884757548,0.023115371812527697,-6.394383745823604e-05,0.6055463188873844,0.01730457299157393,0.0027241219409366597,0.7585983397086788,0.039764999999998954,0.039764999999998954,1.0,-0.041916803800446885,-0.04201723083670596,0.0,0.0,0.0019599760315789265,-0.041916803800446885,0.0,-0.0,0.0,-0.07421135578537982,-0.07425704250936235,0.0,0.0,-0.01844387473674761,0.055,0.2815561252632519,0.22578864421462044,0.0,0.0,0.0,3.25634954107071e-06,0,0,0,0,0,inf,inf,0,0,0.0,1.4039816398095846,0.015498645465115075,0.1366164662047835,0.012604491314033269,-1.4737816398095847,-0.0014475949118538645,1.6235117047462353,-0.7589869979839542,0.023263169022709772,0.09346330243035549,0.015914993335663336,0.1248558302004635,-0.0025105987603624303,-0.03761589533024071,0.037526617784675885,0.5685079320088681,-27.540179240922377,0.7259488807485988,17.57458820322986,1.0289646480475554,1.6713867499500887,0.05150365805775513,0.5685079320088681,-27.540179240922377,0.7259488807485988,17.57458820322986,1.0289646480475554,1.6713867499500887,0.05150365805775513
3.6909999999997045,2,1,1,2,0.0009761754852577733,5.159421310098693,4.961672924982793,5.0,0.6032416076733884,0.016554664225876214,0.4362335965701424,0.02350565236390093,0.023163463297429493,-0.00019639792432357768,0.6057631347637444,0.017542327102943348,0.002708057759010292,0.7550715320625464,0.04006499999999892,0.04006499999999892,1.0,-0.03760692849069399,-0.03983531701555805,0.0,0.0,0.001646375880862262,-0.03760692849069399,0.0,-0.0,0.0,-0.07460897818008633,-0.0746548613107426,0.0,0.0,-0.018425892051469456,0.055,0.28157410794853005,0.22539102181991394,0.0,0.0,0.0,6.689009094469775e-06,0,0,0,0,0,inf,inf,0,0,0.0,1.402739147066624,0.015732256433146696,0.1375471639366352,0.012763891992715657,-1.472539147066624,-0.0014745837455731757,1.6231355460256072,-0.7586098729173348,0.023444478607837337,0.09274912279600755,0.015962458997069547,0.12373185365026597,-0.002871489040253399,-0.0376079908953089,0.03787442451052259,0.5729663464384256,-27.568998516364726,0.7318128240149611,17.57232907620042,1.0311410229287088,1.6697850339031794,0.051710366352687644,0.5729663464384256,-27.568998516364726,0.7318128240149611,17.57232907620042,1.0311410229287088,1.6697850339031794,0.051710366352687644
3.7009999999997034,2,1,1,1,0.0009758678621858688,4.57902403255703,4.955672023512812,5.0,0.6034753534618567,0.016787137969825203,0.4362322445924554,0.02322638487744174,0.023267444886828154,-0.00020429766399003105,0.6059770096287791,0.017781157513491297,0.0026919060961874616,0.7514641164792033,0.04036499999999889,0.04036499999999889,1.0,-0.03744667987920312,-0.03736234479462053,0.0,0.0,0.0016495583590848475,-0.03744667987920312,0.0,-0.0,0.0,-0.07500947310617188,-0.07505340896247152,0.0,0.0,-0.01840761052510401,0.055,0.28159238947489545,0.2249905268938284,0.0,0.0,0.0,6.51976107067423e-06,0,0,0,0,0,inf,inf,0,0,0.0,1.401505526790831,0.01596725341381142,0.13847049026761588,0.01292367391382438,-1.471305526790831,-0.0015018500934600907,1.6227594353701134,-0.758230919694668,0.023583367690002605,0.09200941671898562,0.01600065886866196,0.1228355464506759,-0.002903899009810773,-0.0376048680785888,0.03805928228546524,0.5770534435480351,-27.598895422026377,0.7372802346067685,17.570884565976428,1.0329641748516,1.6679863771065155,0.05203433810464924,0.5770534435480351,-27.598895422026377,0.7372802346067685,17.570884565976428,1.0329641748516,1.6679863771065155,0.05203433810464924
3.7109999999997023,2,1,1,1,0.0009756227556797772,4.5745217294694935,4.949142419946268,5.0,0.6037063624454182,0.017020699312195662,0.43623093554253844,0.022939653394412396,0.023363615657385716,-0.00022009554400951922,0.6061879302896791,0.01802104949103308,0.0026756082385076016,0.7477902601848925,0.040664999999998855,0.040664999999998855,1.0,-0.037317612445475816,-0.0372319784372718,0.0,0.0,0.0016518296299194483,-0.037317612445475816,0.0,-0.0,0.0,-0.07540765627673912,-0.07545194352616852,0.0,0.0,-0.01838943580756781,0.055,0.28161056419243163,0.2245923437232612,0.0,0.0,0.0,6.312907570080674e-06,0,0,0,0,0,inf,inf,0,0,0.0,1.4002806878763032,0.016203591882215353,0.13938638108233903,0.013083823287249427,-1.4700806878763033,-0.001529119672356932,1.6223834484320887,-0.7578502944040415,0.02372335070699215,0.09126427366880688,0.016037025655683847,0.121916530898366,-0.002963205100223817,-0.03761224847450333,0.03825480149903136,0.5815255637135169,-27.628810442655816,0.7431598549338211,17.569822308079132,1.0352065428904045,1.6666049451704616,0.052239584760052436,0.5815255637135169,-27.628810442655816,0.7431598549338211,17.569822308079132,1.0352065428904045,1.6666049451704616,0.052239584760052436
3.720999999999701,2,1,1,2,0.0009750273935427425,5.111687985753376,4.9600038606209065,5.0,0.6039345772384657,0.017255257289846636,0.4362292311316797,0.022752157888713112,0.023568876498510367,2.6120275958379226e-05,0.6063958837358646,0.018261988237901507,0.0026592361451946603,0.7440166914498153,0.04096499999999882,0.04096499999999882,1.0,-0.04059250595918366,-0.040687092205848305,0.0,0.0,0.0018938459448949434,-0.04059250595918366,0.0,-0.0,0.0,-0.07581507783201738,-0.07586232296831108,0.0,0.0,-0.018370865985833595,0.055,0.28162913401416584,0.22418492216798294,0.0,0.0,0.0,2.3192129664807437e-06,0,0,0,0,0,inf,inf,0,0,0.0,1.3990655829612035,0.01644141073481819,0.14029488758219408,0.013244416840441947,-1.4688655829612036,-0.0015572208867941251,1.6220080430322776,-0.7574675725791017,0.02377548927968271,0.09047921699318,0.01605004771449329,0.12148665332109847,-0.002361200815242279,-0.037583872488708814,0.03811441574696452,0.5818923280296762,-27.656826418990995,0.7444845486268885,17.56494175682106,1.0320444077867836,1.6607367809426685,0.05386126126487339,0.5818923280296762,-27.656826418990995,0.7444845486268885,17.56494175682106,1.0320444077867836,1.6607367809426685,0.05386126126487339
3.7309999999997,2,1,1,2,0.0009741931499057934,5.127237391606231,4.937620592572937,5.0,0.60415977940472,0.017490637138000826,0.43622722638978206,0.02240563845254448,0.023595190929417316,-0.00022769180021752608,0.6066008571397876,0.018503958891859764,0.002643043980997417,0.7401078887469096,0.04126499999999879,0.04126499999999879,1.0,-0.04169087475014247,-0.04179003160250256,0.0,0.0,0.0018602740224904987,-0.04169087475014247,0.0,-0.0,0.0,-0.07620327680046711,-0.07625053019345855,0.0,0.0,-0.018353562897413356,0.055,0.281646437102586,0.22379672319953317,0.0,0.0,0.0,3.4881088972261808e-06,0,0,0,0,0,inf,inf,0,0,0.0,1.3978600525806124,0.016680651745264813,0.14119585213272914,0.013405342825247121,-1.4676600525806125,-0.0015864062748737536,1.621632313413222,-0.7570826913735788,0.023993471038575274,0.0897666937767549,0.016120438351847205,0.12008729136930377,-0.0029358697976516706,-0.0374801271599123,0.03857585145767824,0.5909577209997775,-27.690467540437346,0.7555964140797998,17.570187768380986,1.0414531987010391,1.6648418862025118,0.05232819443531991,0.5909577209997775,-27.690467540437346,0.7555964140797998,17.570187768380986,1.0414531987010391,1.6648418862025118,0.05232819443531991
3.740999999999699,2,1,1,1,0.0009746986145463812,4.5504201700011,4.93657893870853,5.0,0.604382720379907,0.0177275714663923,0.43622665787285336,0.022109315943202906,0.023682961583603068,-0.00016578294916682972,0.6068028378577229,0.018746946527018134,0.0026260415306418716,0.7363106737893752,0.041564999999998756,0.041564999999998756,1.0,-0.03650832288799625,-0.03641856716967988,0.0,0.0,0.0016012924795803856,-0.03650832288799625,0.0,-0.0,0.0,-0.07659663884924857,-0.07664211465066743,0.0,0.0,-0.018335906985023173,0.055,0.2816640930149762,0.2234033611507518,0.0,0.0,0.0,6.105575144053666e-06,0,0,0,0,0,inf,inf,0,0,0.0,1.3966609094866482,0.016920728472168953,0.14208902917297012,0.013566451876532538,-1.4664609094866483,-0.0016122680250706648,1.6212568850345999,-0.7566979221658627,0.024101019857954337,0.0889828790871871,0.016129557668405972,0.11930136448087493,-0.002888525359411026,-0.03761031297128783,0.03869918923719207,0.5925177486068547,-27.715096831684168,0.7580375705507406,17.563232065224252,1.0383882975446905,1.6594115601128823,0.05376992718225675,0.5925177486068547,-27.715096831684168,0.7580375705507406,17.563232065224252,1.0383882975446905,1.6594115601128823,0.05376992718225675
3.750999999999698,2,1,1,2,0.0009737289983894051,5.091781405349419,4.938957979062737,5.0,0.6046023310208745,0.01796498808704293,0.4362244625398345,0.021900247075837823,0.023848978258876243,-4.426679299694128e-05,0.6070018134305485,0.018990936154754695,0.002609614008235044,0.7322478090845538,0.04186499999999872,0.04186499999999872,1.0,-0.04035849940785881,-0.040451711848666916,0.0,0.0,0.0017712582224398191,-0.04035849940785881,0.0,-0.0,0.0,-0.07699575061427072,-0.07704394664018638,0.0,0.0,-0.018318500705532727,0.055,0.2816814992944666,0.22300424938572963,0.0,0.0,0.0,2.434838419672422e-06,0,0,0,0,0,inf,inf,0,0,0.0,1.3954741147161032,0.017162651502788808,0.14297480106073207,0.013728106210576484,-1.4652741147161032,-0.001641919458368832,1.6208818968168368,-0.7563095830938524,0.024191453547784823,0.08820827183519803,0.016159300007993416,0.11859850562941128,-0.0025584747767084938,-0.037469548903597896,0.038691684600768564,0.5951304716034973,-27.74435348436913,0.7619207901070398,17.56119520645441,1.0388419004166198,1.6559186778067698,0.05454207262904432,0.5951304716034973,-27.74435348436913,0.7619207901070398,17.56119520645441,1.0388419004166198,1.6559186778067698,0.05454207262904432
3.760999999999697,2,1,1,2,0.0009736499997251838,5.087597747980073,4.930450113660684,5.0,0.6048193620101486,0.018203615977601163,0.43622319918162095,0.021592276755738986,0.023921675856907267,-9.241654522077996e-05,0.6071977715845137,0.019235912724639915,0.0025927723921274457,0.7282100729940353,0.04216499999999869,0.04216499999999869,1.0,-0.04038670843800778,-0.04047951263745653,0.0,0.0,0.001722776004891156,-0.04038670843800778,0.0,-0.0,0.0,-0.07738389115429424,-0.07743237917579535,0.0,0.0,-0.018301801874445026,0.055,0.2816981981255543,0.22261610884570612,0.0,0.0,0.0,2.725923060086126e-06,0,0,0,0,0,inf,inf,0,0,0.0,1.394294810575903,0.0174055391767858,0.1438527077024058,0.013889919492020855,-1.464094810575903,-0.0016697540851489652,1.6205068132728242,-0.7559206717000454,0.024334464302554048,0.08743893914713244,0.01619250324462927,0.11757417451970752,-0.002702014975616783,-0.03747488251125791,0.03891820084729653,0.6006284322251021,-27.773916761926348,0.7689000186842466,17.561293582120044,1.0422982177751239,1.6557342098712835,0.05442321626628006,0.6006284322251021,-27.773916761926348,0.7689000186842466,17.561293582120044,1.0422982177751239,1.6557342098712835,0.05442321626628006
3.7709999999996957,2,1,1,1,0.0009733540711477076,4.528149928268646,4.922220860309734,5.0,0.6050335094920051,0.01844316194354643,0.43622167752808055,0.021289811998281918,0.024001076580634648,-0.00013796599990168569,0.6073907002319966,0.019481861125365027,0.0025758967710318667,0.7240751719534769,0.04246499999999866,0.04246499999999866,1.0,-0.03592074114491747,-0.03581608533664302,0.0,0.0,0.001495192232822527,-0.03592074114491747,0.0,-0.0,0.0,-0.07777151193571827,-0.07781807328822213,0.0,0.0,-0.018285569494114758,0.055,0.2817144305058845,0.22222848806428208,0.0,0.0,0.0,5.661176859800361e-06,0,0,0,0,0,inf,inf,0,0,0.0,1.3931254123931547,0.01764978410375287,0.1447229017095715,0.014052092202501264,-1.4629254123931548,-0.001698206821671387,1.6201321881741149,-0.7555298872949417,0.024475858033518042,0.0866661977767603,0.01622777179944908,0.11654467754219365,-0.002820819617244279,-0.03745440963419712,0.039132820143441584,0.6032365264604793,-27.799010174643165,0.7726102754717739,17.555849884765635,1.0416100059710158,1.651202334741295,0.055399025459024795,0.6032365264604793,-27.799010174643165,0.7726102754717739,17.555849884765635,1.0416100059710158,1.651202334741295,0.055399025459024795
3.7809999999996946,2,1,1,2,0.0009727832965964736,5.077398696537869,4.91434074987429,5.0,0.6052447053276833,0.018683578566358876,0.43621983172386813,0.020999682567277404,0.024092725685563032,-0.00017726786713953037,0.6075805874722494,0.019728766185674155,0.002559055011693357,0.7198283190391044,0.042764999999998624,0.042764999999998624,1.0,-0.04044715662675762,-0.04054010543916835,0.0,0.0,0.0015946843912517498,-0.04044715662675762,0.0,-0.0,0.0,-0.07815887024100669,-0.07820792369647973,0.0,0.0,-0.018269847471081072,0.055,0.2817301525289182,0.22184112975899367,0.0,0.0,0.0,3.066721838327997e-06,0,0,0,0,0,inf,inf,0,0,0.0,1.391966118184356,0.01789539418985181,0.14558533062876583,0.014214616173555633,-1.461766118184356,-0.0017274441445380396,1.6197579194603702,-0.7551371600062076,0.02461473544522227,0.0858908151107437,0.016267138660727886,0.11551423293244291,-0.0028970430792056422,-0.03738520486232774,0.03932812755127608,0.6100691456359261,-27.83152862450067,0.7811945559962148,17.56002745101139,1.0477288559810043,1.6537598742276145,0.05462932522774209,0.6100691456359261,-27.83152862450067,0.7811945559962148,17.56002745101139,1.0477288559810043,1.6537598742276145,0.05462932522774209
3.7909999999996935,2,1,1,2,0.0009724691083352879,5.061961075648028,4.913583289228271,5.0,0.6054531769856087,0.018925031575561264,0.43621824132949827,0.020742003127566067,0.024204797530358996,-0.00010763754353875492,0.6077674215921327,0.01997661267530015,0.0025419580854438373,0.7155480411867534,0.04306499999999859,0.04306499999999859,1.0,-0.039927683201732386,-0.04001812189635301,0.0,0.0,0.0015164990321851876,-0.039927683201732386,0.0,-0.0,0.0,-0.07854783482452896,-0.07859731700451733,0.0,0.0,-0.018254645401029328,0.055,0.28174535459896993,0.22145216517547142,0.0,0.0,0.0,2.727246195368148e-06,0,0,0,0,0,inf,inf,0,0,0.0,1.3908159110577836,0.018142160702771668,0.14643987480713902,0.014377403537688556,-1.4606159110577837,-0.0017561748260334546,1.6193841667708466,-0.754743207839674,0.024714550437650175,0.08509401379173241,0.016284830532425347,0.11468673462076447,-0.0027597152331059497,-0.037334444806663925,0.039400215714019866,0.6127967154890562,-27.857674481055767,0.7850333334321509,17.555772558146554,1.0472274429558104,1.6494700081004914,0.05556840051062987,0.6127967154890562,-27.857674481055767,0.7850333334321509,17.555772558146554,1.0472274429558104,1.6494700081004914,0.05556840051062987
3.8009999999996924,2,1,1,2,0.0009718843043437222,5.057521119234959,4.905008707062416,5.0,0.6056586577214415,0.019167319844633587,0.43621632976981556,0.020442730799936602,0.024288869543635055,-0.00015903180865077524,0.607951191066838,0.020225385305904064,0.0025249181491859827,0.7111528250099668,0.04336499999999856,0.04336499999999856,1.0,-0.04002041787120998,-0.04011134520174803,0.0,0.0,0.0014338798803067946,-0.04002041787120998,0.0,-0.0,0.0,-0.07893207075089356,-0.07898181210540133,0.0,0.0,-0.018240199832765442,0.055,0.28175980016723384,0.2210679292491068,0.0,0.0,0.0,2.925448124285817e-06,0,0,0,0,0,inf,inf,0,0,0.0,1.3896759679870738,0.018390261268049747,0.14728654291870363,0.014540519635201967,-1.459475967987074,-0.0017856850768989485,1.6190107658769985,-0.7543473553127192,0.024854594525764266,0.08430897201915342,0.016323563619191253,0.11361680896219986,-0.002863764104291497,-0.037268925300712054,0.03960665070058391,0.6174937061908632,-27.885999085999494,0.7911578481030874,17.555238226309612,1.0500146989399977,1.648564546211259,0.05565617720456189,0.6174937061908632,-27.885999085999494,0.7911578481030874,17.555238226309612,1.0500146989399977,1.648564546211259,0.05565617720456189
3.8109999999996913,2,1,1,2,0.0009716402508571911,5.05410325149291,4.895204649224975,5.0,0.6058613849940486,0.019410562367409928,0.43621476084010247,0.020115392954179516,0.024346271566427855,-0.00023294766662233123,0.6081318845605984,0.020475068732018233,0.002507656691414191,0.7067269509916292,0.043664999999998524,0.043664999999998524,1.0,-0.0401729255464042,-0.04026428446071129,-0.0003675689484162451,-0.00036764899013627434,0.0009901620360890304,-0.04054049449482039,0.0,-0.036977206261876366,0.0,-0.0793129283359835,-0.0793629093315782,-1.414407142794275e-06,-1.414219751387599e-06,-0.01822788602190007,0.05499858559285721,0.28177211397809915,0.22068565725687406,0.0,1.414407142794275e-06,0.0003675689484162451,3.368560688670549e-06,0,0,0,0,0,inf,inf,0,0,0.0,1.3885451053719242,0.01863938822559119,0.14812519519551734,0.014703839641911224,-1.4583451053719243,-0.0018145518702572742,1.6186377938287013,-0.7539504049043175,0.024978374287176308,0.08351355756225154,0.01635881480994769,0.1124986135433615,-0.0030200181742320855,-0.03727314073479989,0.03984172939681103,0.6236265741280292,-27.91503194490289,0.7987463619859883,17.5562439238656,1.0538631380146766,1.649311561139273,0.055296376884056864,0.6236265741280292,-27.91503194490289,0.7987463619859883,17.5562439238656,1.0538631380146766,1.649311561139273,0.055296376884056864
3.82099999999969,2,1,1,2,0.0009714038871791167,5.037877421430916,4.892649826943905,5.0,0.6060611860505067,0.01965444105547967,0.43621318536798104,0.019829174418943,0.024394879649070597,-0.00019639277129009273,0.608309490927388,0.020725647551992802,0.002490453408032317,0.7022198913326173,0.04396499999999849,0.04396499999999849,1.0,-0.03972254286554494,-0.039811627252682516,-0.00146700981392903,-0.0014675885792736778,-0.00018659063620370082,-0.041189552679473974,0.0,-0.1475036950422635,0.0,-0.07969616357914026,-0.07974653563198977,-1.0534853788004776e-05,-1.053532078817668e-05,-0.018223970272738525,0.054989465146211995,0.2817760297272607,0.22029330156707208,0.0,1.0534853788004776e-05,0.00146700981392903,3.212154850965836e-06,0,0,0,0,0,inf,inf,0,0,0.0,1.387424165198258,0.01888898542484598,0.14895574858182153,0.014867428836179686,-1.457224165198258,-0.0018428215943778318,1.6182652126018116,-0.7535522144220642,0.02495480188387869,0.08268905953051257,0.016378510189644084,0.11156857140286541,-0.0028385053557507737,-0.037252573526545804,0.03990024922828608,0.6300102239533012,-27.941371665701254,0.80592111494252,17.553504128442697,1.0541223949416636,1.6465677656341189,0.05527518475850588,0.6300102239533012,-27.941371665701254,0.80592111494252,17.553504128442697,1.0541223949416636,1.6465677656341189,0.05527518475850588
3.830999999999689,2,1,1,2,0.0009707638444434721,5.019083176910266,4.8897330282343505,5.0,0.6062577883353162,0.019898307163016146,0.4362111823847027,0.019540882524572967,0.024383678836781005,-0.00016874060828151,0.6084839992116096,0.020977106308945833,0.0024738274925680545,0.6975594106788016,0.04426499999999846,0.04426499999999846,1.0,-0.039232252017532415,-0.03931932452237197,-0.003272331179824406,-0.0032745153104404507,-0.0020624245936825113,-0.04250458319735682,0.0,-0.33036851500092856,0.0,-0.08007830789057514,-0.08012906205362591,-3.4579492854238116e-05,-3.458828008950858e-05,-0.018235623068665042,0.05496542050714576,0.2817643769313341,0.21988711261657098,0.0,3.4579492854238116e-05,0.003272331179824406,3.049597959987735e-06,0,0,0,0,0,inf,inf,0,0,0.0,1.3863142359234142,0.019137593354879467,0.14977801539644514,0.015031413099412042,-1.4561142359234143,-0.0018698331980972602,1.6178927892641084,-0.7531531018566026,0.024736298936780508,0.08184185544248845,0.016413747997999172,0.1105831798496801,-0.00246788103323476,-0.03719808539223301,0.03985202925150656,0.6403574588556901,-27.967421664937035,0.8163694608104924,17.550899827334963,1.0536034485014176,1.6438826097737171,0.05461472302400975,0.6403574588556901,-27.967421664937035,0.8163694608104924,17.550899827334963,1.0536034485014176,1.6438826097737171,0.05461472302400975
3.840999999999688,2,1,1,2,0.0009701005578630897,5.011396715803377,4.877085608462425,5.0,0.6064512134185336,0.02014139653377116,0.4362091984817276,0.01916138462753755,0.024232165064236647,-0.0003000156989103087,0.60865539864877,0.02122942949171673,0.002458098502250951,0.6927798958677386,0.044564999999998425,0.044564999999998425,1.0,-0.03934531205705938,-0.03943315674811955,-0.005728980148331347,-0.0057347684834146845,-0.004557672043846623,-0.045074292205390686,0.0,-0.5835681609034821,0.0,-0.08045173699609665,-0.08050268267472545,-8.029239802242383e-05,-8.03267168424232e-05,-0.01826957009966488,0.054919707601977584,0.28173042990033426,0.21946797060588127,0.0,8.029239802242383e-05,0.005728980148331347,3.8683179738966544e-06,0,0,0,0,0,inf,inf,0,0,0.0,1.3852148403980882,0.019382639988342658,0.15059161255847983,0.015195824679256328,-1.4550148403980883,-0.0018926134444684196,1.6175202964159987,-0.7527549864466313,0.024296659598247283,0.08097233402599717,0.016488761441790487,0.10925420365640565,-0.0021969224008867275,-0.037242258963072816,0.0398236836098346,0.6601604025160152,-27.99717654792612,0.8357388236929602,17.554925081891632,1.0572269410328974,1.6476595247577661,0.051901077113407114,0.6601604025160152,-27.99717654792612,0.8357388236929602,17.554925081891632,1.0572269410328974,1.6476595247577661,0.051901077113407114
3.850999999999687,2,1,1,1,0.0009696919979499665,4.455964238076354,4.877012689851938,5.0,0.6066415582190477,0.020382846194515965,0.43620759440990375,0.018832642519407077,0.023998330691163375,-0.00024046552021053487,0.608823678666145,0.021482601535823015,0.0024435857783947504,0.687931805211658,0.04486499999999839,0.04486499999999839,1.0,-0.03418452629777377,-0.034082454214079745,-0.00870495584148761,-0.008711015342763917,-0.007661585589080086,-0.0428894821392614,0.0,-0.9043285244439836,0.0,-0.08082666932886871,-0.08087606880962306,-0.00015348289686091177,-0.00015359651207518964,-0.018331516547818182,0.05484651710313909,0.28166848345218093,0.21901984777427072,0.0,0.00015348289686091177,0.00870495584148761,5.149211981052317e-06,0,0,0,0,0,inf,inf,0,0,0.0,1.3841258205639575,0.019620924600778522,0.15139612570205913,0.015360886576997848,-1.4539258205639576,-0.001907542076390255,1.6171480230835975,-0.7523603536518042,0.02345570585427506,0.08003505528662093,0.0165517267046755,0.1082425709648899,-0.0012884578292235928,-0.037315775554596024,0.03936330384172617,0.6833863003008103,-28.01889391423498,0.8564463852291619,17.548388081851453,1.0523304707306402,1.6426255350154382,0.05059857120847225,0.6833863003008103,-28.01889391423498,0.8564463852291619,17.548388081851453,1.0523304707306402,1.6426255350154382,0.05059857120847225
3.860999999999686,2,1,1,2,0.0009679318352288349,4.951848272640815,4.876900175899729,5.0,0.6068279639155307,0.020621063683213266,0.4362046806743453,0.018532299688993538,0.023686226677770393,-0.00017975386576325167,0.60898882888343,0.02173660682442046,0.0024318252218012344,0.6827704969560323,0.04516499999999836,0.04516499999999836,1.0,-0.03728789608282351,-0.03736619154795551,-0.012056881027070853,-0.012080084698837647,-0.010939847764575268,-0.049344777109894385,0.0,-1.289135287956062,0.0,-0.08120022175121659,-0.08125215236936882,-0.0002588527586571763,-0.0002591327156866642,-0.018425760960250493,0.05474114724134282,0.28157423903974865,0.21854092549012658,0.0,0.0002588527586571763,0.012056881027070853,4.064366580440352e-06,0,0,0,0,0,inf,inf,0,0,0.0,1.3830509794269725,0.019849409228782665,0.15219127836938467,0.015527239363356078,-1.4528509794269726,-0.0019149612579304831,1.6167754394195477,-0.751969718511934,0.022237543487269217,0.07906208410979662,0.016679790982342957,0.10715467885355945,4.779768239639975e-05,-0.037224090296216074,0.038604493974104696,0.7177678739684478,-28.04729733411708,0.8873697082305737,17.551086658706094,1.0516125364404512,1.6442799245952404,0.047424557366231135,0.7177678739684478,-28.04729733411708,0.8873697082305737,17.551086658706094,1.0516125364404512,1.6442799245952404,0.047424557366231135
3.8709999999996847,2,1,1,2,0.0009661488239342255,4.944974625236594,4.857756094065968,5.0,0.6070108240682381,0.020855033605715213,0.4362019534419858,0.01807501756774019,0.023145766386161813,-0.0004198949501388066,0.6091508391133819,0.02199142968926641,0.0024230271257565336,0.6774745781704031,0.045464999999998326,0.045464999999998326,1.0,-0.037445123847079244,-0.037524122068977706,-0.015636237365234954,-0.015674881906146645,-0.014507837085940426,-0.05308136121231416,0.0,-1.7337724280126885,0.0,-0.08155654290486082,-0.08160858768076638,-0.00039895114873901994,-0.0003995009206655513,-0.018555596736010118,0.05460104885126098,0.28144440326398906,0.21804450594640054,0.0,0.00039895114873901994,0.015636237365234954,5.516895581490863e-06,0,0,0,0,0,inf,inf,0,0,0.0,1.3819880661879484,0.02006356962920495,0.1529763812921601,0.015695071135381822,-1.4517880661879485,-0.0019087082672066297,1.6164024763265215,-0.7515875472411329,0.020705881898905484,0.07806579579603443,0.016899538255070103,0.10543321034525607,0.0010577846278682973,-0.03727741262129054,0.03791816846903118,0.7672214421194921,-28.07855037340617,0.9322250472315885,17.560533406465886,1.0565371937670809,1.653426273012084,0.041998716100707774,0.7672214421194921,-28.07855037340617,0.9322250472315885,17.560533406465886,1.0565371937670809,1.653426273012084,0.041998716100707774
3.8809999999996836,2,1,1,2,0.0009637683219339268,4.896463918226375,4.866125719030123,5.0,0.607190080416793,0.02108366891560719,0.43619889308811377,0.01777853687687386,0.022596589203267188,-0.00023532751313887578,0.6093096993624465,0.022247054411686226,0.0024179020425278345,0.6720382581896128,0.04576499999999829,0.04576499999999829,1.0,-0.03545899494302591,-0.03552858578483211,-0.019073204432113695,-0.019132836470491056,-0.0179522474741014,-0.05453219937513962,0.0,-2.2333684070611017,0.0,-0.08191976804581176,-0.08197255211803954,-0.0005743791003039164,-0.0005754266462620586,-0.01871982198954233,0.05442562089969608,0.2812801780104569,0.21750585285388466,0.0,0.0005743791003039164,0.019073204432113695,5.346942931021333e-06,0,0,0,0,0,inf,inf,0,0,0.0,1.3809388755976881,0.0202593548524629,0.15375105737256875,0.015865279008043385,-1.4507388755976882,-0.0018855119445224092,1.616030219286277,-0.7512165316933377,0.01859622272492315,0.07696846384793454,0.01712868912865821,0.1044525013403122,0.0033351823136345644,-0.037237898321143985,0.036420336997781924,0.8198102720104147,-28.100150469022918,0.9771034415396617,17.55611297891509,1.048366962217488,1.6497296886429518,0.039486265136724985,0.8198102720104147,-28.100150469022918,0.9771034415396617,17.55611297891509,1.048366962217488,1.6497296886429518,0.039486265136724985
3.8909999999996825,2,1,1,2,0.0009608366331864951,4.893547666892209,4.841281617135657,5.0,0.6073653340959794,0.02130532784040465,0.4361955789592517,0.017282742004214827,0.021772368611639142,-0.0005602063210773075,0.6094653998313754,0.02250346522354292,0.002417810844929311,0.6664217936252486,0.04606499999999826,0.04606499999999826,1.0,-0.03574501368324498,-0.035818769720304344,-0.022330741936881324,-0.022416646172489306,-0.021201315518426293,-0.05807575562012636,0.0,-2.7824495470076656,0.0,-0.08225772982198305,-0.08231061979039987,-0.0007831013204397726,-0.000784817040639568,-0.018918271881635508,0.054216898679560234,0.28108172811836374,0.2169591688575775,0.0,0.0007831013204397726,0.022330741936881324,5.492996897962955e-06,0,0,0,0,0,inf,inf,0,0,0.0,1.3799038375705703,0.02043232902948602,0.15451467675171904,0.01603844116498904,-1.4497038375705704,-0.001842551824153787,1.6156574820451888,-0.7508595644611267,0.016222151973948645,0.07588537422457463,0.017514111475259074,0.10242547458830961,0.004857943049809473,-0.03722117149119643,0.03521647276954659,0.8948704664761332,-28.132056885939914,1.0439704506463532,17.568956085173767,1.0553428569738796,1.6621072282047882,0.03243749029043738,0.8948704664761332,-28.132056885939914,1.0439704506463532,17.568956085173767,1.0553428569738796,1.6621072282047882,0.03243749029043738
3.9009999999996814,2,1,1,2,0.0009560245749574972,4.846619429920621,4.845030721526799,5.0,0.6075365060611861,0.021519001157943928,0.4361907021594784,0.01695997566025296,0.021002467434854406,-0.00044841260369454637,0.6096179309158302,0.02276064630820984,0.002423636132902119,0.6605939017743054,0.04636499999999823,0.04636499999999823,1.0,-0.033940663897815374,-0.034002858078665106,-0.024886139347009832,-0.025004111822663228,-0.023788279518566227,-0.05882680324482522,0.0,-3.3749999999805143,0.0,-0.08260500316338502,-0.08265855148990886,-0.0010210572614081583,-0.001023804820481192,-0.019145134380999015,0.05397894273859184,0.28085486561900025,0.21637393957520717,0.0,0.0010210572614081583,0.024886139347009832,6.888047028128816e-06,0,0,0,0,0,inf,inf,0,0,0.0,1.3788863465586667,0.020578596172527188,0.15526706051413422,0.01621595222576072,-1.4486863465586668,-0.0017777111797757904,1.6152863676534635,-0.7505187613361669,0.013262758218283929,0.07470010676481247,0.017957159270971152,0.10115400649832065,0.007797188654897674,-0.03706844124236896,0.03313871145765933,0.9713988909950526,-28.153775884618156,1.1087937906713883,17.567251609219017,1.0468223593278563,1.6609429032980545,0.029263108158131358,0.9713988909950526,-28.153775884618156,1.1087937906713883,17.567251609219017,1.0468223593278563,1.6609429032980545,0.029263108158131358
3.9109999999996803,2,1,1,2,0.0009512454982445731,4.808345338743959,4.842574655278228,5.0,0.6077039268949749,0.021723951982065753,0.43618637589276266,0.016556221520273248,0.02006112944339113,-0.0004320474269208555,0.6097672832069752,0.023018581801546232,0.002435878822880858,0.6548171407503316,0.046664999999998194,0.046664999999998194,1.0,-0.03243454211725214,-0.032488457373106516,-0.026602195950691684,-0.026756443357478215,-0.025539601955050378,-0.059036738067943836,0.0,-4.004527659217723,0.0,-0.08293590283870171,-0.08299002726633922,-0.0012801463580040416,-0.0012842698722080918,-0.019393416838843002,0.05371985364199596,0.2806065831611562,0.21578395080329457,0.0,0.0012801463580040416,0.026602195950691684,7.308378936999756e-06,0,0,0,0,0,inf,inf,0,0,0.0,1.3778829541118627,0.020693122656996164,0.15600729992231885,0.01639843700846835,-1.4476829541118628,-0.0016835186879402947,1.6149157875878604,-0.7501994392440154,0.009913906667133213,0.0734642391758362,0.01850543094156652,0.09964114803432399,0.010767039599296375,-0.037049898636908156,0.030916519383765956,1.0646300021875108,-28.17801638296261,1.1885646340021971,17.571030528464817,1.0426449463767968,1.6654795094954025,0.024538826329825403,1.0646300021875108,-28.17801638296261,1.1885646340021971,17.571030528464817,1.0426449463767968,1.6654795094954025,0.024538826329825403
3.920999999999679,2,1,1,2,0.0009457718595018696,4.775067734163963,4.835639253671351,5.0,0.6078671625581278,0.021918878796922912,0.43618186344933363,0.01613068045258291,0.019015195566970667,-0.0004756728013356666,0.6099134474920574,0.02327725579287589,0.002456108730077268,0.6490585962532079,0.04696499999999816,0.04696499999999816,1.0,-0.031175868626053413,-0.031222190744407758,-0.02725293990161261,-0.027446983867239906,-0.026263404792994827,-0.05842880852766603,0.0,-4.664135287947558,0.0,-0.08325313834425642,-0.08330775942549022,-0.0015507121309771583,-0.0015565945288388535,-0.01965371973965019,0.053449287869022845,0.28034628026034897,0.21519614952476676,0.0,0.0015507121309771583,0.02725293990161261,7.829847090488609e-06,0,0,0,0,0,inf,inf,0,0,0.0,1.3768957545547877,0.020772085257154724,0.15673496374287427,0.01658712467649963,-1.4466957545547878,-0.0015587029774297104,1.614545598701757,-0.7499034456873476,0.0061913733895890034,0.07219044103294683,0.019187197196973774,0.09794137764705764,0.013915119682221488,-0.03697997327270712,0.028489931804670816,1.171615961832404,-28.20274870490935,1.2801150210301109,17.576974142746664,1.0401028840990414,1.6720830296977387,0.01927726573633322,1.171615961832404,-28.20274870490935,1.2801150210301109,17.576974142746664,1.0401028840990414,1.6720830296977387,0.01927726573633322
3.930999999999678,2,1,1,2,0.0009378318305861824,4.758969504350487,4.815823370971175,5.0,0.6080262122474818,0.022102746430533195,0.4361753537674875,0.01572184203942452,0.01789092599038828,-0.0007010728337466515,0.6100564147549755,0.02353665232596856,0.0024855197320476463,0.6433132852981593,0.04726499999999813,0.04726499999999813,1.0,-0.030879555587482847,-0.0309238509358057,-0.026773162615459162,-0.02701024123984033,-0.025935035843580298,-0.057652718202942044,0.0,-5.346596086957886,0.0,-0.08355934022410033,-0.08361418685697755,-0.0018220906242253402,-0.0018300864318893852,-0.019915538951440815,0.053177909375774664,0.2800844610485583,0.21461856915167465,0.0,0.0018220906242253402,0.027337274379427973,8.544225539814184e-06,0,0,0,0,0,inf,inf,0,0,0.0,1.3759289172330393,0.02081247215186992,0.15745020329867143,0.016783758467761607,-1.4457289172330394,-0.001404061032004707,1.614178614527224,-0.749631146519003,0.0021866584680372337,0.07094548044030118,0.020054661815992327,0.09582965757828402,0.017007892586165318,-0.036571525594498194,0.02601611127872724,1.2921467177785513,-28.228500075601215,1.383599907309492,17.58505527585552,1.04153225563719,1.6796964560633685,0.01311532163132774,1.2921467177785513,-28.228500075601215,1.383599907309492,17.58505527585552,1.04153225563719,1.6796964560633685,0.01311532163132774
3.940999999999677,2,1,1,2,0.00092834920519999,4.729302161659072,4.806058273869367,5.0,0.6081811668297031,0.022275395772847963,0.43616790444181175,0.015308843856000943,0.01674445865055896,-0.0007874412614836438,0.6101961761768351,0.02379675540002422,0.002524836189583593,0.6378314819265556,0.047564999999998095,0.047564999999998095,1.0,-0.02987331919524076,-0.029911591983409234,-0.0247569359387369,-0.02503698988324496,-0.024100799776861557,-0.0546302551339777,0.0,-6.044432872920651,0.0,-0.0838624291972727,-0.08391768531331181,-0.0020799403816963054,-0.0020905437010838405,-0.02016595728982707,0.0529200596183037,0.279834042710172,0.21405763042103132,0.0,0.0020799403816963054,0.027337274379427973,8.836448479093245e-06,0,0,0,0,0,inf,inf,0,0,0.0,1.3749809478769937,0.020810480724790106,0.15815239392776836,0.016989530336919575,-1.4447809478769937,-0.0012139932514241786,1.61381424087904,-0.7493867131891123,-0.0021925633539050223,0.06962160260578631,0.021026509364728815,0.09393367687068409,0.020658520153298752,-0.03631564246650067,0.023138201142117475,1.4220071151247826,-28.252160116853187,1.4939370995661863,17.59161229600691,1.0388799038531973,1.686712039206668,0.008289037737297944,1.4220071151247826,-28.252160116853187,1.4939370995661863,17.59161229600691,1.0388799038531973,1.686712039206668,0.008289037737297944
3.950999999999676,2,1,1,2,0.0009171929106540902,4.703864243974824,4.7938950097663575,5.0,0.6083320128846059,0.02243634071652589,0.4361594192313487,0.014901736592049374,0.015559260240533597,-0.0009029495319692124,0.6103327231364933,0.02405754897066007,0.0025751034377826864,0.6327861589179974,0.04786499999999806,0.04786499999999806,1.0,-0.02906027801424555,-0.029093102884048413,-0.021248040848921207,-0.021569740657616923,-0.020838766761584887,-0.05030831886316676,0.0,-6.74999999997711,0.0,-0.08415654336169726,-0.0842121516780146,-0.002309459040180799,-0.0023230938186519696,-0.020390217145662342,0.052690540959819204,0.2796097828543367,0.21353399759812228,0.0,0.002309459040180799,0.027337274379427973,9.137862991523855e-06,0,0,0,0,0,inf,inf,0,0,0.0,1.374052536239129,0.020763269653392768,0.1588412504857469,0.01720583323215828,-1.443852536239129,-0.0009868052321031593,1.6134529198693728,-0.7491717329769966,-0.006824010318309474,0.06828184066259974,0.02214687059960053,0.09193449428036848,0.024420768252538624,-0.035966862437827846,0.020138655395282163,1.5633981852720722,-28.275388894755363,1.61399044508378,17.59860290744627,1.0373949438622876,1.694055891621216,0.003351452657080062,1.5633981852720722,-28.275388894755363,1.61399044508378,17.59860290744627,1.0373949438622876,1.694055891621216,0.003351452657080062
3.960999999999675,2,1,1,2,0.0009041101545203259,4.682071256579288,4.780182203727294,5.0,0.608478860572794,0.022585358121060682,0.43614967296243556,0.014508685282082455,0.014364038402667758,-0.001036168613499724,0.6104660472110905,0.02431901695090021,0.002637135505374143,0.6283969947070687,0.04816499999999803,0.04816499999999803,1.0,-0.028412909808709693,-0.028441005076019165,-0.01623165992140388,-0.016591731013885825,-0.01613618237548811,-0.04464456973011353,0.0,-7.455567127033818,0.0,-0.08444345923319017,-0.08449936917574886,-0.0024955804355362957,-0.0025126468025271137,-0.020573916909528398,0.05250441956446371,0.2794260830904706,0.21306096033127384,0.0,0.0024955804355362957,0.027337274379427973,9.388055991802424e-06,0,0,0,0,0,inf,inf,0,0,0.0,1.3731445231750055,0.020668599348944553,0.15951666477363602,0.017434167275115233,-1.4429445231750055,-0.000721450195132046,1.6130956343703415,-0.7489873310767929,-0.011655216215325998,0.06693525566068624,0.023417540652464895,0.08986612343174993,0.028277389584279583,-0.03551924918352425,0.01703786592585909,1.7148445500697858,-28.297916454045463,1.742392357912984,17.605450406993263,1.0366941442025055,1.701155480778289,-0.001374762462089129,1.7148445500697858,-28.297916454045463,1.742392357912984,17.605450406993263,1.0366941442025055,1.701155480778289,-0.001374762462089129
3.9709999999996737,2,1,1,2,0.0008889468474206066,4.6637093121466435,4.765603256118502,5.0,0.6086218712125528,0.022722481717074104,0.4361385374471721,0.01413307068008466,0.013182761080205229,-0.0011784600630317934,0.6105961401765699,0.02458114321216802,0.0027115236483619054,0.6249299118397396,0.048464999999997996,0.048464999999997996,1.0,-0.027906946663672463,-0.027931050754460326,-0.009765745931776556,-0.0101588462813301,-0.01004837572169558,-0.03767269259544904,0.0,-8.153403912997332,0.0,-0.08472469847749776,-0.084780866815364,-0.0026234868923260273,-0.002644340893759538,-0.02070289729092794,0.05237651310767398,0.2792971027090711,0.21265181463017652,0.0,0.0026234868923260273,0.027337274379427973,9.567460266104113e-06,0,0,0,0,0,inf,inf,0,0,0.0,1.3722574314583367,0.02052478986364649,0.16017861513867376,0.01767602263088766,-1.4420574314583368,-0.00041718410187571123,1.6127433265821365,-0.748834323404356,-0.016627665315200008,0.0655902522057344,0.024835636555061227,0.08775890801699598,0.03219004191865449,-0.03498237511231558,0.013873122303212776,1.8750200314747882,-28.319638910701894,1.8779786733823258,17.61183846926637,1.036662164488769,1.707724088902626,-0.0057259574096872705,1.8750200314747882,-28.319638910701894,1.8779786733823258,17.61183846926637,1.036662164488769,1.707724088902626,-0.0057259574096872705
3.9809999999996726,2,1,1,2,0.000871633887158745,4.648709388099161,4.75073174558634,5.0,0.6087612293322314,0.022847974090341526,0.4361259630336059,0.013776588797542854,0.012037651242496988,-0.0013224903696880503,0.6107229940081844,0.024843911585280955,0.0027986223624351385,0.6226848199592216,0.04876499999999796,0.04876499999999796,1.0,-0.027519364116400387,-0.027540202817206767,-0.0019830422635674304,-0.0024017902445948444,-0.0027012832474659653,-0.029502406379967823,0.0,-8.835864712008904,0.0,-0.08500154792259432,-0.08505793875059728,-0.002679351796952632,-0.0027042847641944078,-0.020763940847885864,0.05232064820304738,0.27923605915211314,0.21231910028045337,0.0,0.002679351796952632,0.027337274379427973,9.673407896623854e-06,0,0,0,0,0,inf,inf,0,0,0.0,1.3713914933761513,0.02033077151829929,0.16082716193535113,0.017932843016577323,-1.4411914933761514,-7.370563660814876e-05,1.6123968127771569,-0.7487131084605952,-0.021678488602080895,0.06425488168312161,0.026395196173136504,0.08564095648545388,0.036110628802646,-0.03437045534663396,0.010688967953162003,2.0425465044826154,-28.340511473635278,2.019571550359763,17.617540712871463,1.0372807184240642,1.7135698652699278,-0.009595840346069808,2.0425465044826154,-28.340511473635278,2.019571550359763,17.617540712871463,1.0372807184240642,1.7135698652699278,-0.009595840346069808
3.9909999999996715,2,1,1,2,0.0008521797146384949,4.639244709690383,4.7361852893372935,5.0,0.6088971326216003,0.022962315271084183,0.43611196912939365,0.01344069860910602,0.010950631825034508,-0.0014614219452699464,0.6108466008809923,0.025107305861448024,0.0028985187815721257,0.6219839110125094,0.04906499999999793,0.04906499999999793,1.0,-0.027156316652554306,-0.027187742531272593,0.006910462305238063,0.00647572917203848,0.005801259762207491,-0.020245854347316204,0.0,-9.495472340740456,0.0,-0.08527488701303844,-0.08533151991811291,-0.0026510789077107276,-0.002680297402476376,-0.02074523829859521,0.05234892109228928,0.27925476170140373,0.21207403407925118,2.9697865609972573e-05,0.0026807767733207,0.027337274379427973,1.1097618793082577e-05,0,0,0,0,0,inf,inf,0,0,0.0,1.3705466694029802,0.020086121196147118,0.16146244445186772,0.01820599850897985,-1.4403466694029803,0.0003087770671173402,1.6120567602925437,-0.7486236181560223,-0.026741716586404583,0.06293703344266163,0.028088044765155317,0.08353918015216005,0.03998757444093899,-0.03369755836616433,0.007533624890271185,2.2159396224004904,-28.36053747498339,2.1659174421296012,17.622385369665217,1.038566572053408,1.718539362153917,-0.012902780679687692,2.2159396224004904,-28.36053747498339,2.1659174421296012,17.622385369665217,1.038566572053408,1.718539362153917,-0.012902780679687692
4.000999999999671,2,1,1,2,0.0008307224208609345,4.637758918613592,4.7231543951040615,5.0,0.6090298924875079,0.02306635221969959,0.43609670943729717,0.013147522525016182,0.009975338009457446,-0.001574190137235826,0.6109669531703392,0.02537130979326957,0.003010819407558082,0.6231854093449122,0.0493649999999979,0.0493649999999979,1.0,-0.026757974870721426,-0.026784340250149398,0.016590587190843827,0.016154437680099745,0.015170758630442918,-0.010167387679877597,0.0,-10.124999999979842,0.0,-0.08554422945086082,-0.08560114524024857,-0.002529229980105247,-0.00256281276999635,-0.020636163117087995,0.05247077001989476,0.2793638368829109,0.21192654056903432,0.000151546793215453,0.0026807767733207,0.027337274379427973,1.0604152626782327e-05,0,0,0,0,0,inf,inf,0,0,0.0,1.369722516599771,0.019791103247553957,0.16208471994843343,0.018496855873677803,-1.4395225165997712,0.0007298488428482611,1.6117239760926287,-0.7485652204726483,-0.03174534873385656,0.061653280300076815,0.029923678349176672,0.0815104681379977,0.0438336979409963,-0.032920862452838755,0.0044732672095076625,2.3922190892301067,-28.3791540873894,2.3142247032328878,17.625129235341788,1.0392675983859208,1.721299806855231,-0.015562327824174441,2.3922190892301067,-28.3791540873894,2.3142247032328878,17.625129235341788,1.0392675983859208,1.721299806855231,-0.015562327824174441
4.010999999999674,2,1,1,2,0.0008075451960166949,4.636712908329541,4.711697110609054,5.0,0.6091599201171409,0.023161327664364094,0.43608048493290963,0.012887084208764986,0.00912383735499416,-0.0016584963423484922,0.6110840434523293,0.025635907095739523,0.00313461225212985,0.6266645165722613,0.049664999999997864,0.049664999999997864,1.0,-0.026412183185237335,-0.02643679098705655,0.02670647890406572,0.026280142284294955,0.02493235225034721,0.0002942957188284016,0.0,-10.717550452955551,0.0,-0.08580985361937589,-0.08586702145247735,-0.002307906721004316,-0.0023458063843665275,-0.020430944973740005,0.0526920932789957,0.2795690550262589,0.21188223965962016,0.00037287005231638394,0.0026807767733207,0.027337274379427973,1.041880319913252e-05,0,0,0,0,0,inf,inf,0,0,0.0,1.3689181099909593,0.019446726026313393,0.16269438647064244,0.01880680535685455,-1.4387181099909594,0.0011888082310349054,1.6113992934674344,-0.7485366296223924,-0.03661527392992364,0.060411116545123024,0.03188856101252542,0.07958008779851483,0.04755449236714242,-0.03209714331140973,0.0015642970381261265,2.569414074003574,-28.39646224054384,2.462838536402284,17.625745778313743,1.0394888009523806,1.7219428095730123,-0.01751931170529187,2.569414074003574,-28.39646224054384,2.462838536402284,17.625745778313743,1.0394888009523806,1.7219428095730123,-0.01751931170529187
4.0209999999996775,2,1,1,2,0.000782912850011446,4.636040664227123,4.701655374766946,5.0,0.609287436607971,0.023248431524888598,0.43606354110172174,0.012641890961431727,0.008388758951272661,-0.001720851294079537,0.6111978645042823,0.025901081447249886,0.0032689885832788614,0.6327134669949948,0.04996499999999783,0.04996499999999783,1.0,-0.026136452445150195,-0.026161061564510514,0.036912870240777065,0.03650773230644601,0.03473526864903188,0.010776417795626875,0.0,-11.266631592905343,0.0,-0.0860723985177597,-0.08612981139650266,-0.0019846345166762815,-0.002026690367766817,-0.02012759540081411,0.05301536548332372,0.27987240459918483,0.21194296696556436,0.0006961422566444191,0.0026807767733207,0.027337274379427973,1.0426642061066474e-05,0,0,0,0,0,inf,inf,0,0,0.0,1.368132469225787,0.019054704947691004,0.16329186056998218,0.019136973020142094,-1.437932469225787,0.001683725945806465,1.6110827811624415,-0.7485361040012213,-0.0412834826567507,0.059210626772433786,0.033952419049421666,0.07774735868217474,0.05103375054238063,-0.03129217622627215,-0.0011527364052428355,2.7467957159350287,-28.413050172236535,2.6114047310993094,17.625105180604777,1.0403836775824145,1.7214525699089862,-0.018751557360577396,2.7467957159350287,-28.413050172236535,2.6114047310993094,17.625105180604777,1.0403836775824145,1.7214525699089862,-0.018751557360577396
4.030999999999681,2,1,1,2,0.0007570699430670949,4.635755066173864,4.692889546258066,5.0,0.6094125420177816,0.02332882016462402,0.4360460761394389,0.012403316916319053,0.0077693680851872275,-0.0017648278354939382,0.6113084093051794,0.026166816490597575,0.0034129951534780083,0.6415355419401267,0.0502649999999978,0.0502649999999978,1.0,-0.025934091319013412,-0.02595965355356114,0.046850508335953445,0.0464779093259214,0.04423016188154585,0.020916417016940064,0.0,-11.766227571957307,0.0,-0.08633258986525037,-0.08639025350828541,-0.0015604773991156873,-0.0016064149288494577,-0.019727622711208568,0.05343952260088431,0.2802723772887904,0.21210693273563427,0.0011202993742050133,0.0026807767733207,0.027337274379427973,1.061980071139083e-05,0,0,0,0,0,inf,inf,0,0,0.0,1.3673646240769595,0.018617409201400176,0.163877558835478,0.019488182347735198,-1.4371646240769596,0.0022117155643662447,1.6107740613874741,-0.7485615251696333,-0.04568660034381133,0.058051778162523465,0.03608505159765957,0.07601111471285381,0.05418968607637833,-0.030537019685009596,-0.0036422904320373233,2.92338392413563,-28.42921360302735,2.759281843790346,17.62363799341584,1.0426691757835922,1.7203096736930847,-0.01923851564190387,2.92338392413563,-28.42921360302735,2.759281843790346,17.62363799341584,1.0426691757835922,1.7203096736930847,-0.01923851564190387
4.040999999999684,2,1,1,2,0.000730251926247232,4.6358724545833825,4.685281116099344,5.0,0.6095352767036043,0.023403662395890534,0.43602826143255646,0.012167101396358633,0.007268147401859268,-0.001792538053231524,0.6114156710360968,0.026433095833993413,0.0035655784666118197,0.6532425150712642,0.050564999999997765,0.050564999999997765,1.0,-0.025803815180566986,-0.025830846490575904,0.05615826806286593,0.05582920087399262,0.05306967272227827,0.03035445288229891,0.0,-12.210864712017766,0.0,-0.08659115538175727,-0.0866490824275419,-0.0010401130327276566,-0.0010895459630477643,-0.019236021435367616,0.053959886967272344,0.2807639785646314,0.21236873158551542,0.001640663740593044,0.0026807767733207,0.027337274379427973,1.1010644708887589e-05,0,0,0,0,0,inf,inf,0,0,0.0,1.3666136164342424,0.018137819289632092,0.1644518974060722,0.01986095616882714,-1.4364136164342425,0.0027691926714830334,1.610472549072284,-0.7486104413378322,-0.049765294992700056,0.056934518442015435,0.03825652127275168,0.07437012620409435,0.056960798424303676,-0.029845757850373085,-0.0058727100907906725,3.098056761774118,-28.44510475155142,2.905665995444132,17.6215594200366,1.0468164327766822,1.7187483959228917,-0.018960070703381574,3.098056761774118,-28.44510475155142,2.905665995444132,17.6215594200366,1.0468164327766822,1.7187483959228917,-0.018960070703381574
4.0509999999996875,2,1,1,2,0.0007026898778826054,4.636383237434824,4.678728166086936,5.0,0.6096556513973074,0.02347415985569665,0.4360102514454134,0.011931114379269732,0.006888808972738218,-0.0018054186110311053,0.6115196430806257,0.026699903052073183,0.0037255716560615606,0.6678505492712951,0.05086499999999773,0.05086499999999773,1.0,-0.025745284097592806,-0.025774033184792672,0.06448683527655415,0.06421159080985937,0.06091544217737882,0.03874155117896133,0.0,-12.59567147553391,0.0,-0.08684881161127095,-0.08690701829990169,-0.0004317770307283515,-0.00048421271140212474,-0.018661217773597395,0.05456822296927164,0.2813387822264017,0.21271941135800101,0.002248999742592349,0.0026807767733207,0.027337274379427973,1.1605653903547093e-05,0,0,0,0,0,inf,inf,0,0,0.0,1.365878500851074,0.01761948704166554,0.16501529170582818,0.020255519818333304,-1.4356785008510742,0.003352032705711555,1.6101775688830418,-0.748680102693558,-0.0534642587816483,0.055858751921973114,0.040437243542133856,0.0728230752960603,0.05929841006248547,-0.029224152486224515,-0.007815662056515302,3.269622643586414,-28.460806079967874,3.0496700390988796,17.618981419012133,1.0531551275726554,1.7168847895586572,-0.01789893872957386,3.269622643586414,-28.460806079967874,3.0496700390988796,17.618981419012133,1.0531551275726554,1.7168847895586572,-0.01789893872957386
4.060999999999691,2,1,1,2,0.0006746116881910782,4.637244937708172,4.673139069999505,5.0,0.6097736618127321,0.023541552309546212,0.4359921879312862,0.011694255193676065,0.00663511357789734,-0.0018046542329343874,0.6116203190252806,0.026967221686910917,0.0038917031674668753,0.685279471765956,0.0511649999999977,0.0511649999999977,1.0,-0.025762582700054344,-0.02579310241007019,0.07151292336950318,0.07130072011330182,0.0674486417214667,0.04575034066944883,0.0,-12.916431839078664,0.0,-0.0871062937281826,-0.08716479767423327,0.00025293330790393856,0.0001980848414686829,-0.018014923685243774,0.05525293330790392,0.2819850763147553,0.2131466395797217,0.00293371008122464,0.0026807767733207,0.027337274379427973,1.2399754926672923e-05,0,0,0,0,0,inf,inf,0,0,0.0,1.3651583464185848,0.017066493981347786,0.16556815564130142,0.020671805090236202,-1.4349583464185849,0.003955675937468262,1.6098884131276106,-0.7487674936187687,-0.05673249218960023,0.05482426901478387,0.04259806637305739,0.07136836330612488,0.06116283296590894,-0.028673785105674445,-0.009446003522845609,3.436870048693235,-28.47636641744593,3.190375576316746,17.61596844780977,1.0619305522256197,1.7147799429312427,-0.01604298064152774,3.436870048693235,-28.47636641744593,3.190375576316746,17.61596844780977,1.0619305522256197,1.7147799429312427,-0.01604298064152774
4.070999999999694,2,1,1,3,0.0006465761599346578,4.7706267938554205,4.674178513384037,5.0,0.6098896684385795,0.023607241608323063,0.4359745683989917,0.011629540274871964,0.006560512449002217,-0.0016153401038226953,0.6117176926598948,0.027235035249034034,0.004062334212407752,0.7054270494432019,0.051464999999997665,0.051464999999997665,1.0,-0.02912963646481912,-0.0292259535582256,0.07662754126997577,0.07653751582571819,0.06882116387227269,0.0474979048051567,0.0,-13.169631484985603,0.0,-0.08737489884136194,-0.0874358768636169,0.0009987013503379508,0.0009422770360570986,-0.017322376737730835,0.05599870135033793,0.2826776232622682,0.21362380250897633,0.003679478123658652,0.0026807767733207,0.027337274379427973,2.4690985919388104e-05,0,0,0,0,0,inf,inf,0,0,0.0,1.36445193550809,0.016483530895080614,0.16611072386087675,0.021109564948087516,-1.43425193550809,0.004575108355093003,1.6096056344276628,-0.7488683682907896,-0.0594623300518249,0.05373991922320036,0.04475828054595962,0.0701450368619673,0.062441220074931886,-0.027602988239818296,-0.010263182800769922,3.5994735786731247,-28.486755436125687,3.3278140631751643,17.60496742253759,1.0730209829768604,1.7041925129096505,-0.016230232613342707,3.5994735786731247,-28.486755436125687,3.3278140631751643,17.60496742253759,1.0730209829768604,1.7041925129096505,-0.016230232613342707
4.0809999999996975,2,1,1,3,0.0006222754281273992,4.763086448401903,4.686507325623811,5.0,0.6100068619139427,0.023673370815860555,0.43596124546385306,0.011758834994902718,0.006672801018342249,-0.0011174058901569743,0.6118117579780042,0.027503327218440503,0.00423393621205232,0.7285638389504184,0.05176499999999763,0.05176499999999763,1.0,-0.027030902315425126,-0.027111356355227236,0.07923439577728258,0.07921923144533266,0.07149875251519544,0.052203493461857424,0.0,-13.35249630494874,0.0,-0.0876543629189039,-0.08771621727696685,0.00178087100082586,0.001723952949311976,-0.016617974984165267,0.056780871000825836,0.2833820250158338,0.21412650808192232,0.00446164777414656,0.0026807767733207,0.027337274379427973,2.093187918168088e-05,0,0,0,0,0,inf,inf,0,0,0.0,1.3637552610784087,0.015877007269791018,0.1666412978656913,0.021569227297637824,-1.4335552610784088,0.005202273616698767,1.6093392369438682,-0.7489707564574033,-0.06154896948386882,0.05251423419950228,0.04694220991748973,0.06928580500736808,0.06286375993377225,-0.025988773706328322,-0.010275913784327946,3.7561676421507206,-28.482148189724384,3.4615082510603434,17.572442031544654,1.0891154508759007,1.6717779364114413,-0.020585064260897963,3.7561676421507206,-28.482148189724384,3.4615082510603434,17.572442031544654,1.0891154508759007,1.6717779364114413,-0.020585064260897963
4.090999999999701,2,1,1,3,0.0006020471268778629,4.760852602187476,4.696570807201516,5.0,0.6101244136302648,0.023741430881632133,0.43595239144370906,0.011738659481008462,0.006941180527278143,-0.0007036579964928914,0.6119025091772167,0.027772081045617885,0.004405424442494546,0.7541471766630847,0.0520649999999976,0.0520649999999976,1.0,-0.02526045859464399,-0.025325712550309694,0.07986662368565116,0.07993264444639377,0.07229210159890746,0.05460616509100719,0.0,-13.463022793733634,0.0,-0.08791467927057399,-0.08797725337109805,0.0025783890390257565,0.0025217610439526054,-0.015896985299304847,0.05757838903902574,0.2841030147006944,0.21466370976845214,0.005259165812346456,0.0026807767733207,0.027337274379427973,1.881272578635714e-05,0,0,0,0,0,inf,inf,0,0,0.0,1.3630667735748065,0.015252527401348973,0.1671601870451455,0.022050234368088915,-1.4328667735748066,0.0058312233330936524,1.6090850730510349,-0.7490741961373639,-0.06309996108240332,0.0513932731791491,0.04903314802078649,0.06850500253049842,0.0628662883042423,-0.0250106636073781,-0.010380541209547674,3.899041040147877,-28.483251385524763,3.5831826978212207,17.547426208177363,1.1065068518862406,1.647804846323575,-0.01908888800523668,3.899041040147877,-28.483251385524763,3.5831826978212207,17.547426208177363,1.1065068518862406,1.647804846323575,-0.01908888800523668
4.100999999999704,2,1,1,3,0.0005854471756877857,4.761429459500615,4.705193373329781,5.0,0.61024139873885,0.023813201043841572,0.43594740600434134,0.011660661426895366,0.007397708512832032,-0.00033495430059772997,0.6119899406595708,0.028041280152564182,0.004575374498129596,0.7816399932509759,0.052364999999997566,0.052364999999997566,1.0,-0.02378787707451082,-0.023839568401326578,0.07838509534647532,0.07853691475533428,0.07102528844944389,0.05459721827196447,0.0,-13.5,0.0,-0.08815894661644302,-0.08822209725156738,0.0033706884364702147,0.003315189852242877,-0.015179280611760921,0.0583706884364702,0.2848207193882382,0.21521174182002756,0.006051465209790914,0.0026807767733207,0.027337274379427973,1.7731524087938778e-05,0,0,0,0,0,inf,inf,0,0,0.0,1.3623855562425498,0.014615678175699129,0.16766845202310574,0.02255155080453126,-1.4321855562425498,0.006458205086636988,1.6088388543041743,-0.7491775610839827,-0.06407426204814905,0.050378629427784434,0.051012295481425,0.06782407818955488,0.06250391240933581,-0.024335502505837457,-0.01025356987870289,4.028088909559259,-28.487025872988312,3.6929469390034235,17.525159230071694,1.1233484237861076,1.626891208216622,-0.015110069290732638,4.028088909559259,-28.487025872988312,3.6929469390034235,17.525159230071694,1.1233484237861076,1.626891208216622,-0.015110069290732638
4.1109999999997076,2,1,1,3,0.0005722448661756021,4.763387909939953,4.71285466177491,5.0,0.6103574714141858,0.02389056210521227,0.43594594514535456,0.011561171636791674,0.008037063410910851,5.533582099912912e-06,0.612074047031881,0.028310907933810425,0.0047419499254705835,0.8105970017559176,0.05266499999999753,0.05266499999999753,1.0,-0.02260561724889692,-0.022645445218144628,0.0750048769849312,0.07523623248743806,0.06786775028593171,0.05239925973603425,0.0,-13.5,0.0,-0.08839008131775562,-0.08845368225038128,0.004137252302387824,0.004083721694930928,-0.014485070684331837,0.05913725230238782,0.28551492931566735,0.21574717098463256,0.006818029075708523,0.0026807767733207,0.027337274379427973,1.7153855076631767e-05,0,0,0,0,0,inf,inf,0,0,0.0,1.3617105658614068,0.013972351431001407,0.16816713850676562,0.023071965105363388,-1.431510565861407,0.0070794499584777475,1.6085984025189912,-0.7492777776275505,-0.064459493652048,0.049465683472821646,0.052863450748572335,0.06724777492196078,0.06175798579871958,-0.02382846480851657,-0.009775306040134121,4.143075233242665,-28.492234206884696,3.790751994025617,17.50371615260921,1.1394985788947487,1.6068571690744953,-0.00990958943306832,4.143075233242665,-28.492234206884696,3.790751994025617,17.50371615260921,1.1394985788947487,1.6068571690744953,-0.00990958943306832
4.120999999999711,2,1,1,2,0.0005617320169295217,4.706188363988708,4.711576687029016,5.0,0.6104721930055192,0.023975153799825323,0.4359471459545784,0.01139603983137641,0.008834694024064893,0.0002062281232747536,0.6121548231060698,0.02858094775744501,0.004903527509388,0.8404811999869793,0.0529649999999975,0.0529649999999975,1.0,-0.023618503050044096,-0.02363234411853934,0.06963229205631935,0.0699603710832877,0.06104923038228653,0.046013789006275216,0.0,-13.5,0.0,-0.08862600570516292,-0.0886904794438199,0.004859127472647011,0.004808557043029677,-0.013848054513714788,0.059859127472647,0.2861519454862844,0.21623312176748447,0.007539904245967711,0.0026807767733207,0.027337274379427973,1.5686737938340275e-05,0,0,0,0,0,inf,inf,0,0,0.0,1.3610423990865632,0.013328634170698357,0.16865698805449308,0.02361050995513586,-1.4308423990865633,0.007689271569150954,1.6083624877300116,-0.7493692399902144,-0.06422002509019968,0.048599708200995316,0.05465592072742163,0.06645798465735137,0.06030160080377547,-0.023403068483214783,-0.00857437006142859,4.24608930611471,-28.499878355438604,3.879143155428892,17.485613037267612,1.1582161733808702,1.5899282738148766,-0.006282944896387312,4.24608930611471,-28.499878355438604,3.879143155428892,17.485613037267612,1.1582161733808702,1.5899282738148766,-0.006282944896387312
4.130999999999714,2,1,1,2,0.000553312547180467,4.718849625916951,4.711712345799332,5.0,0.6105852284802558,0.024068746577058778,0.4359503019512845,0.011226075589891674,0.009807774671752359,0.00040655397976677713,0.6122322638994888,0.028851382966139618,0.005058293833138643,0.8708700710712136,0.05326499999999747,0.05326499999999747,1.0,-0.023508092771922322,-0.023516002687760308,0.06299915561507458,0.06338053243769931,0.05448579974838078,0.03949106284315229,0.0,-13.5,0.0,-0.08886144483472116,-0.08892602323468907,0.005519847170259384,0.005472861278719344,-0.013272701225150845,0.06051984717025939,0.2867272987748483,0.2166584023355386,0.008200623943580083,0.0026807767733207,0.027337274379427973,1.4419495830797046e-05,0,0,0,0,0,inf,inf,0,0,0.0,1.3603817170170864,0.012689889744024147,0.16913851888649067,0.024166435013224276,-1.4301817170170865,0.008283650301031866,1.6081304263303209,-0.7494473326173842,-0.06353030239398715,0.047796161928436595,0.056339390290603836,0.06576504595289183,0.058708978216000685,-0.02306238378391684,-0.007149049905255168,4.333143006291098,-28.508389967259344,3.9533954705325085,17.467826507761767,1.1736771476443664,1.5731155886699155,-0.0015859073236184767,4.333143006291098,-28.508389967259344,3.9533954705325085,17.467826507761767,1.1736771476443664,1.5731155886699155,-0.0015859073236184767
4.140999999999718,2,1,1,2,0.0005470737199258216,4.726886187671964,4.713215326728604,5.0,0.6106964864609868,0.02417269836092935,0.4359554596426817,0.011040727442542943,0.010886866410820603,0.0006049637325279476,0.6123063646352248,0.02912219687817672,0.00520473277970365,0.9015186701491287,0.053564999999997434,0.053564999999997434,1.0,-0.02356903961602339,-0.023572074533111352,0.055419838678051093,0.05584259341708291,0.046867147560627355,0.031850799062027736,0.0,-13.5,0.0,-0.08909671836315486,-0.08916134838325408,0.0061088383556363686,0.006065902961348482,-0.012768962481759776,0.061108838355636366,0.2872310375182394,0.21701211999248185,0.00878961512895707,0.0026807767733207,0.027337274379427973,1.3515372392318208e-05,0,0,0,0,0,inf,inf,0,0,0.0,1.359727472727944,0.012060178139608142,0.1696122946885281,0.024738457118881327,-1.4295274727279441,0.008861176187745236,1.6079011205618923,-0.7495098725387085,-0.062461271537692244,0.04704128949383572,0.05788707046973932,0.06515524211606288,0.056941206679650073,-0.022840174312151504,-0.005485963943796968,4.406886067519498,-28.51764166777602,4.016027709693076,17.450384318529245,1.1866508480527664,1.5566927226613054,0.0035010695198173436,4.406886067519498,-28.51764166777602,4.016027709693076,17.450384318529245,1.1866508480527664,1.5566927226613054,0.0035010695198173436
4.150999999999721,2,1,1,2,0.0005430049889234836,4.731866178846149,4.715392747350766,5.0,0.6108057865535876,0.024287808906263038,0.43596255273869333,0.010836194478408834,0.012027469739068729,0.0007936956247471616,0.6123771207423956,0.029393372788478554,0.005341897948136066,0.9321669565529703,0.0538649999999974,0.0538649999999974,1.0,-0.023800688420924067,-0.023799515782871768,0.047113597025163705,0.04756729221127175,0.03839932520488711,0.02331290860423963,0.0,-13.5,0.0,-0.08933354458337363,-0.0893981813574034,0.006617868686506286,0.0065793391095255414,-0.012346244835566277,0.06161786868650629,0.2876537551644329,0.217284324103133,0.009298645459826987,0.0026807767733207,0.027337274379427973,1.2807793697012577e-05,0,0,0,0,0,inf,inf,0,0,0.0,1.3590790394166383,0.011442966277951038,0.17007872396518606,0.02532517476316416,-1.4288790394166384,0.009419962347903994,1.6076734307888711,-0.749554525735757,-0.06107189184016062,0.046321328970108634,0.059292194740664966,0.06459309110583844,0.054980938823635195,-0.02272539839129743,-0.0035992629049721066,4.469245094482164,-28.52774306246846,4.068903280299792,17.433649166989042,1.1980689501584365,1.5409911981349365,0.008478777695905354,4.469245094482164,-28.52774306246846,4.068903280299792,17.433649166989042,1.1980689501584365,1.5409911981349365,0.008478777695905354
4.160999999999724,2,1,1,2,0.0005410403745770556,4.734568211445321,4.717798152156944,5.0,0.610912935367597,0.02441451587887688,0.4359714597172546,0.010612408972927782,0.01319877391901509,0.0009685733000597452,0.6124445278564311,0.029664893969637632,0.005469208868547025,0.9625730205919126,0.05416499999999737,0.05416499999999737,1.0,-0.024194626070428,-0.02418972048294208,0.03827418595558993,0.03874957729123403,0.029274858928315124,0.01407955988516194,0.0,-13.5,0.0,-0.08957358910533066,-0.08963819328402542,0.007040753782527916,0.007006887650852612,-0.01201197038320685,0.06204075378252792,0.2879880296167924,0.2174671646771976,0.009721530555848616,0.0026807767733207,0.027337274379427973,1.2197018766350046e-05,0,0,0,0,0,inf,inf,0,0,0.0,1.3584360932637065,0.01084114886189038,0.17053809183014332,0.025925150790279454,-1.4282360932637066,0.009958149520996704,1.6074463892761532,-0.7495792550935984,-0.05941765301551523,0.04562492584748898,0.0605531355616324,0.06405181584433951,0.05284303247814153,-0.02269849679921493,-0.001526680036984826,4.521507102302213,-28.53866262773868,4.113203578741155,17.41773792965249,1.2083471465988096,1.5260869990606858,0.013179267752809413,4.521507102302213,-28.53866262773868,4.113203578741155,17.41773792965249,1.2083471465988096,1.5260869990606858,0.013179267752809413
4.170999999999728,2,1,1,2,0.0005410764526075076,4.735434881665725,4.720125489406181,5.0,0.6110177434938316,0.024552993706951125,0.435982026862345,0.010369946125872626,0.01437757005516646,0.0011269983526316137,0.612508581819343,0.029936743672948532,0.005586355037874922,0.9925235745722238,0.054464999999997335,0.054464999999997335,1.0,-0.024737632302534885,-0.02472935864069953,0.029073052768780798,0.02956199258039053,0.019672514387308496,0.004335420466245926,0.0,-13.5,0.0,-0.08981840530261909,-0.08988294163201489,0.00737312266272501,0.007344091246086797,-0.011771710227798214,0.062373122662725024,0.28822828977220094,0.21755471736010626,0.010053899436045708,0.0026807767733207,0.027337274379427973,1.1626948536583163e-05,0,0,0,0,0,inf,inf,0,0,0.0,1.3577985465188207,0.01025709113644038,0.1709905791800722,0.026536946048928013,-1.4275985465188208,0.010474106839526577,1.6072192202466253,-0.7495824340084197,-0.05754932706994854,0.044942352133892416,0.061670645321891544,0.0635100955371268,0.05055503919996135,-0.022741167889902717,0.0006895323831312573,4.564709571742586,-28.550339054716076,4.149844635803555,17.402707461214167,1.2176816468475522,1.5120036578830875,0.01754542498387356,4.564709571742586,-28.550339054716076,4.149844635803555,17.402707461214167,1.2176816468475522,1.5120036578830875,0.01754542498387356
4.180999999999731,2,1,1,2,0.0005429822501788186,4.734752980292001,4.722158159523646,5.0,0.611120027218061,0.024703213794081642,0.435994079689891,0.010109343950005794,0.01554567631028907,0.0012672644314401784,0.6125692786799811,0.030208905129441008,0.0056932386986783485,1.0218363589165147,0.0547649999999973,0.0547649999999973,1.0,-0.025413286757154645,-0.02540194525133754,0.019660689261933886,0.020156068042708947,0.00975540552822128,-0.005752597495220753,0.0,-13.5,0.0,-0.09006939567620442,-0.09013383216625094,0.007612202646153318,0.007588101494139243,-0.011629332398548877,0.06261220264615333,0.28837066760145025,0.2175428069699492,0.010292979419474017,0.0026807767733207,0.027337274379427973,1.1069377477730324e-05,0,0,0,0,0,inf,inf,0,0,0.0,1.3571665018388772,0.009692678203894129,0.17143627701751452,0.027159137470544853,-1.4269665018388773,0.01096650698177201,1.6069913146878643,-0.7495628519324291,-0.05551266255192878,0.0442651929967597,0.06264695679665176,0.06295060546471429,0.04814878157692129,-0.022838085014153558,0.0030087877577807142,4.599772405016048,-28.56270808458043,4.17962065445794,17.388601345354925,1.226170292387798,1.498761534510183,0.02156007290191446,4.599772405016048,-28.56270808458043,4.17962065445794,17.388601345354925,1.226170292387798,1.498761534510183,0.02156007290191446
4.190999999999734,2,1,1,2,0.0005466063032849846,4.732731099101491,4.723741628483693,5.0,0.6112196078154856,0.024864987122666216,0.43600743027547495,0.009831084773599699,0.016688659123196725,0.0013883015108375027,0.6126266146942771,0.030481361550914438,0.005789933512161205,1.050359475999687,0.05506499999999727,0.05506499999999727,1.0,-0.02620311753264669,-0.0261889737941184,0.01016775675732858,0.010663443035113278,-0.0003304067457883687,-0.016035360775318124,0.0,-13.5,0.0,-0.09032778638954199,-0.09039209384121465,0.007756615933671011,0.0077374749329678074,-0.011587166799665559,0.06275661593367102,0.2884128332003335,0.21742882954412932,0.010437392706991708,0.0026807767733207,0.027337274379427973,1.0513300356058819e-05,0,0,0,0,0,inf,inf,0,0,0.0,1.356540216843397,0.009149365095585971,0.17187519871640558,0.027790330729738168,-1.4263402168433972,0.011434344858300817,1.6067622019698258,-0.749519685021717,-0.053348448289176474,0.043586203962971956,0.06348543325938949,0.06235926078700173,0.04565640814018457,-0.02297652614524176,0.005394131054972199,4.627544093411142,-28.575705723555814,4.203255772266662,17.37545641169201,1.2338665577639008,1.4863829756508389,0.025222433343051867,4.627544093411142,-28.575705723555814,4.203255772266662,17.37545641169201,1.2338665577639008,1.4863829756508389,0.025222433343051867
4.200999999999738,2,1,1,2,0.0005517825110901422,4.7295360576629015,4.724767170262906,5.0,0.611316311584056,0.0250379972891502,0.436021882905825,0.009535705535231379,0.017795074185644234,0.0014895568786512908,0.6126805863254758,0.030754096130973366,0.0058766513882966024,1.0779694674680038,0.055364999999997236,0.055364999999997236,1.0,-0.027087558658927216,-0.027070865422051976,0.0007063441539610145,0.0011971163444432892,-0.0104564007074928,-0.0263812145049662,0.0,-13.5,0.0,-0.0905946121347391,-0.09065876391912847,0.007806188085379168,0.007791980871477595,-0.011646179144590194,0.06280618808537916,0.2883538208554088,0.2172115759506404,0.01048696485869987,0.0026807767733207,0.027337274379427973,9.957823225111133e-06,0,0,0,0,0,inf,inf,0,0,0.0,1.3559200743957036,0.008628225239345316,0.17230729125452285,0.028429170396141505,-1.4257200743957037,0.011876929015277501,1.6065315276003072,-0.7494524562488138,-0.05109273391723532,0.04289923045163884,0.06419036899929083,0.061724757919078534,0.043108437868795174,-0.023145686946529107,0.007812767608315606,4.648818753794565,-28.589266453727486,4.221424049124889,17.36329981996841,1.240805743623764,1.4748874165173556,0.028539768039712067,4.648818753794565,-28.589266453727486,4.221424049124889,17.36329981996841,1.240805743623764,1.4748874165173556,0.028539768039712067
4.210999999999741,2,1,1,2,0.0005583352603159277,4.725311315905475,4.725161401176687,5.0,0.6114099709384312,0.02522182739025499,0.436037238811,0.009223891110141774,0.018855944757887433,0.0015709179035345263,0.6127311902443525,0.031027092046064183,0.00595371465375413,1.1045688643852472,0.0556649999999972,0.0556649999999972,1.0,-0.02804678138825855,-0.028027793895010596,-0.008628629362618247,-0.008147156865879234,-0.020511318193566122,-0.0366754107508768,0.0,-13.5,0.0,-0.09087070986228746,-0.09093468188134884,0.007761769916140379,0.0077524225689638996,-0.01180614535057621,0.06276176991614038,0.28819385464942276,0.2168910600538533,0.01048696485869987,0.0027251949425594895,0.027337274379427973,9.40751166077682e-06,0,0,0,0,0,inf,inf,0,0,0.0,1.355306556645811,0.008129996288590312,0.1727324457747321,0.02907434833987795,-1.425106556645811,0.012293859421516114,1.606299037244092,-0.7493609934979018,-0.04877712088100232,0.04219914775364836,0.06476682738595047,0.061038250583948614,0.04053278949259998,-0.023336129575185355,0.010236072340622885,4.664342915721889,-28.603321575572792,4.234757883967525,17.352145620663006,1.2470183877868528,1.4642861979375283,0.03152401532371685,4.664342915721889,-28.603321575572792,4.234757883967525,17.352145620663006,1.2470183877868528,1.4642861979375283,0.03152401532371685
4.220999999999744,2,1,1,2,0.0005660839370863749,4.7201866972813455,4.724879081692188,5.0,0.6115004261944359,0.025415982450728205,0.436053300204271,0.00889652292374875,0.019864367744049188,0.0016326471527290313,0.6127784233294193,0.03130033245651293,0.006021532335511004,1.130083548046149,0.05596499999999717,0.05596499999999717,1.0,-0.02906140379362542,-0.029040389483913014,-0.017757932868203916,-0.017289385789097854,-0.03040038948155934,-0.04681933666182936,0.0,-13.5,0.0,-0.09115672015953095,-0.09122049092895644,0.00762507391117113,0.007620472896760908,-0.01206582022346804,0.06262507391117114,0.2879341797765309,0.21646835375164053,0.01048696485869987,0.002861890947528736,0.027337274379427973,8.869354264894676e-06,0,0,0,0,0,inf,inf,0,0,0.0,1.3547002219227273,0.007655122849246557,0.17315050757234315,0.02972461058848824,-1.4245002219227274,0.012684998751087377,1.6060645651558565,-0.7492453888240423,-0.046429084258471434,0.0414818041760826,0.06522049059203087,0.06029308985471138,0.037954347820415964,-0.023539429028785933,0.012639397884283508,4.674818481785001,-28.617798698548206,4.243851859500543,17.34199287351678,1.2525371062251276,1.4545793273471412,0.03419016045798105,4.674818481785001,-28.617798698548206,4.243851859500543,17.34199287351678,1.2525371062251276,1.4545793273471412,0.03419016045798105
4.230999999999748,2,1,1,2,0.0005748468485352867,4.7142835025385725,4.723897870688681,5.0,0.6115875276117694,0.025619908380982458,0.4360698736991355,0.00855468767115736,0.020815200332608377,0.0016753217169183275,0.6128222826671169,0.03157380050756402,0.006080579865578297,1.1544601010582358,0.05626499999999714,0.05626499999999714,1.0,-0.030113070932333817,-0.03009031395596238,-0.026616530601896303,-0.026163850062296164,-0.040044272923033364,-0.056729601534230074,0.0,-13.5,0.0,-0.09145309501941447,-0.09151664581945225,0.0073985255695271,0.007398524923153269,-0.012423096676885308,0.06239852556952712,0.2875769033231136,0.21594543055011298,0.01048696485869987,0.003088439289172767,0.027337274379427973,8.350807782931476e-06,0,0,0,0,0,inf,inf,0,0,0.0,1.3541016840375115,0.007203795920883524,0.17356128549495417,0.030378762733054447,-1.4239016840375116,0.013050441182641943,1.6058280252285533,-0.7491059601351086,-0.04407230454154985,0.04074396008413224,0.06555751909290748,0.05948459518991742,0.03539484278740859,-0.023747979156338486,0.01500180214732664,4.680904120249159,-28.632622256972933,4.249264559660994,17.332825417520873,1.2573997208198922,1.44575423408847,0.03655527050497169,4.680904120249159,-28.632622256972933,4.249264559660994,17.332825417520873,1.2573997208198922,1.44575423408847,0.03655527050497169
4.240999999999751,2,1,1,2,0.0005844445619478658,4.707716984224694,4.722214289322556,5.0,0.6116711373576148,0.025833008128719262,0.43608677313453037,0.008199657540930156,0.021704803578509808,0.0016997752511018452,0.6128627655519948,0.03184747933041992,0.006131381703150434,1.1776632524905506,0.056564999999997104,0.056564999999997104,1.0,-0.03118490096577481,-0.031160702194726914,-0.035152127801377366,-0.03471764269244838,-0.04937785053049936,-0.06633702876715221,0.0,-13.5,0.0,-0.09176011067471074,-0.09182342572070878,0.0070851294985970256,0.007089557269697309,-0.012875153465799509,0.06208512949859705,0.2871248465341994,0.21532501882388658,0.01048696485869987,0.003401835360102843,0.035152127801377366,7.85858676673586e-06,0,0,0,0,0,inf,inf,0,0,0.0,1.3535115937846054,0.006775989024866985,0.17396456069664118,0.031035673996482733,-1.4233115937846055,0.013390481095624919,1.605589403347713,-0.7489432157864215,-0.04172699711384897,0.03998322021188184,0.06578442382659658,0.058609840469168714,0.03287291524629515,-0.023954906552394847,0.01730574671557186,4.6832159367382555,-28.647714698975808,4.251519368601488,17.32461290373126,1.261650162536113,1.4377860535120746,0.03863782643881179,4.6832159367382555,-28.647714698975808,4.251519368601488,17.32461290373126,1.261650162536113,1.4377860535120746,0.03863782643881179
4.250999999999754,2,1,1,2,0.0005947026767983135,4.700597242182457,4.719840450899038,5.0,0.6117511311670094,0.026054655511572305,0.43610382183681307,0.0078328527284143,0.022530828854025405,0.001707043113303558,0.6128998694868779,0.03212135204328167,0.006174496460067715,1.1996734776409586,0.05686499999999707,0.05686499999999707,1.0,-0.032261799559141574,-0.032236472978899686,-0.043323788554188794,-0.04290928371365226,-0.05834896413498286,-0.07558558811333037,0.0,-13.5,0.0,-0.09207788416412425,-0.0921409507564862,0.006688349674962499,0.006697013670662184,-0.013418590496724357,0.06168834967496251,0.28658140950327454,0.21461046551083854,0.01048696485869987,0.0037986151837373686,0.043323788554188794,7.397982201198995e-06,0,0,0,0,0,inf,inf,0,0,0.0,1.3529306225375184,0.006371491087499205,0.17436009467667704,0.03169428010440536,-1.4227306225375185,0.01370558307605108,1.6053487502227164,-0.7487578222302129,-0.03941023178051525,0.03919795905530693,0.06590795330978466,0.057667447565909545,0.03040429202642864,-0.024154048583845737,0.01953679076968617,4.68232778666992,-28.66299801940294,4.251104715715209,17.31731265878979,1.2653380261505767,1.4306389381471536,0.040457214981035425,4.68232778666992,-28.66299801940294,4.251104715715209,17.31731265878979,1.2653380261505767,1.4306389381471536,0.040457214981035425
4.260999999999758,2,1,1,2,0.0006054540563835411,4.6930291764896,4.716801285101225,5.0,0.611827399572209,0.02628420710339876,0.4361208543535158,0.007455794871439772,0.02329203742289802,0.0016983113434930663,0.6129335921830209,0.03239540175239029,0.006210504176802204,1.2204847851287528,0.05716499999999704,0.05716499999999704,1.0,-0.03333065157334547,-0.03330451807092508,-0.05110064439203183,-0.05070742393015402,-0.0669171415944868,-0.08443129596537736,0.0,-13.5,0.0,-0.09240639235767366,-0.09246920098053675,0.006212003038162047,0.0062246959113722205,-0.014049551413787548,0.06121200303816206,0.2859504485862114,0.2138056106804887,0.01048696485869987,0.004274961820537821,0.05110064439203183,6.972563984887364e-06,0,0,0,0,0,inf,inf,0,0,0.0,1.352359447881671,0.0059899362058269505,0.17474763653932568,0.03235358511329906,-1.422159447881671,0.013996354029924978,1.6051061742410178,-0.7485505746878904,-0.037136237571663594,0.03838724054134895,0.06593499638356141,0.05665738467562749,0.02800201979565029,-0.024339963138719424,0.021683293264623517,4.678771422246287,-28.678395384105375,4.248474030592979,17.310872013018272,1.2685173446574693,1.424267974780998,0.04203332135548281,4.678771422246287,-28.678395384105375,4.248474030592979,17.310872013018272,1.2685173446574693,1.424267974780998,0.04203332135548281
4.270999999999761,2,1,1,2,0.0006165405556864114,4.685111917807877,4.71313209175727,5.0,0.6118998486475076,0.026521012463173677,0.4361377177010458,0.0070700578819203,0.023988145722106155,0.0016748701424677767,0.6129639315602489,0.03266961155306886,0.006239995449793846,1.2401027051040974,0.057464999999997005,0.057464999999997005,1.0,-0.03438040417680655,-0.034353783787807644,-0.05846070166047304,-0.058089647229315595,-0.07505234315966013,-0.09284110583727963,0.0,-13.5,0.0,-0.09274549228852996,-0.09280803663697887,0.005660165458355869,0.0056766691903996115,-0.014763833538052416,0.060660165458355876,0.2852361664619465,0.2129146731698263,0.01048696485869987,0.004826799400343999,0.05846070166047304,6.5841607164124345e-06,0,0,0,0,0,inf,inf,0,0,0.0,1.3517987412389558,0.005630830460195186,0.17512692942777783,0.0330126623490645,-1.421598741238956,0.014263517796008849,1.6048618341588488,-0.7483223707227838,-0.03491669001058966,0.037550733924788776,0.06587249985932385,0.055580769317150086,0.02567672405969053,-0.024507947665145392,0.023736129898219493,4.673036607912077,-28.693832668199864,4.244045591117972,17.305230808095036,1.2712449747637815,1.418621380851404,0.04338619352292374,4.673036607912077,-28.693832668199864,4.244045591117972,17.305230808095036,1.2712449747637815,1.418621380851404,0.04338619352292374
4.280999999999764,2,1,1,2,0.0006278142894171326,4.676938030111966,4.708876329303596,5.0,0.6119684002702902,0.026764422930215803,0.436154272174087,0.006677220799334112,0.024619690488067354,0.0016380723229133605,0.6129908857470862,0.0329439645307652,0.006263562160877728,1.2585424794731106,0.05776499999999697,0.05776499999999697,1.0,-0.03540205872805926,-0.03537526235300721,-0.06538974825707139,-0.06504137236075529,-0.08273374808667325,-0.10079180698513067,0.0,-13.5,0.0,-0.09309494179905631,-0.09315721872509983,0.005037089081930137,0.005057178909923114,-0.015556985477903669,0.06003708908193013,0.2844430145220952,0.21194214728287422,0.01048696485869987,0.005449875776769731,0.06538974825707139,6.233030502314741e-06,0,0,0,0,0,inf,inf,0,0,0.0,1.3512491574302004,0.00529357595753237,0.17549771610694911,0.03367065459662693,-1.4210491574302004,0.014507892378928178,1.6046159316210267,-0.7480741865472172,-0.032760979457516416,0.03668862820002141,0.06572739943308947,0.054439677460938446,0.023436871018183165,-0.02465405299236523,0.025688427773656368,4.665571312442653,-28.70923979314355,4.2382024074437785,17.300323872758323,1.2735788693056262,1.4136427379045493,0.044535761019649144,4.665571312442653,-28.70923979314355,4.2382024074437785,17.300323872758323,1.2735788693056262,1.4136427379045493,0.044535761019649144
4.290999999999768,2,1,1,2,0.000639138489031659,4.668592696754573,4.704083589844747,5.0,0.6120329919367161,0.02701379915780423,0.436170391768128,0.006278825764889526,0.02518790910246876,0.0015892970111162344,0.6130144530808717,0.03321844376209534,0.006281789605124153,1.275827446548433,0.05806499999999694,0.05806499999999694,1.0,-0.036388590194211215,-0.03636191166083196,-0.07188035556405221,-0.07155485019192567,-0.08994859638531788,-0.10826894575826342,0.0,-13.5,0.0,-0.09345441969148537,-0.09351642906844772,0.004347130081329978,0.00437057791846505,-0.01642439289797494,0.059347130081329975,0.283575607102024,0.210892710389845,0.01048696485869987,0.00613983477736989,0.07188035556405221,5.918148125122987e-06,0,0,0,0,0,inf,inf,0,0,0.0,1.3507113261024029,0.004977492297315731,0.1758597436931135,0.03432677366212577,-1.420511326102403,0.014730369747753444,1.6043687036126513,-0.747807055881669,-0.030676460166399706,0.035801547345630964,0.06550656181543438,0.05323696101185579,0.021289018148722628,-0.024775083529591718,0.027535318467678607,4.6567820678553,-28.724551796626884,4.231292255542277,17.296083317465765,1.2755764281786979,1.4092730910602538,0.0455015978866862,4.6567820678553,-28.724551796626884,4.231292255542277,17.296083317465765,1.2755764281786979,1.4092730910602538,0.0455015978866862
4.300999999999771,2,1,1,2,0.0006503880001371967,4.660153035847844,4.698807743259264,5.0,0.6120935761943235,0.027268517517070323,0.43618596426832423,0.005876342967000624,0.02569463161895359,0.001529918701512078,0.613034632107861,0.033493032315887385,0.006295249853111201,1.291987607346949,0.058364999999996905,0.058364999999996905,1.0,-0.0373348127377201,-0.03730852189583189,-0.07793096873496184,-0.07762824969209725,-0.09669109752230932,-0.11526578147268193,0.0,-13.5,0.0,-0.09382354476173103,-0.09388528927446657,0.0035946858933241913,0.003621263286816899,-0.017361353065067895,0.058594685893324186,0.282638646934931,0.20977114113159354,0.01048696485869987,0.006892278965375676,0.07793096873496184,5.637543656585775e-06,0,0,0,0,0,inf,inf,0,0,0.0,1.3501858449236506,0.004681835651608336,0.1762127675506505,0.03498029940822446,-1.4199858449236507,0.01493189803833119,1.6041204150030266,-0.7475220511843309,-0.028668680411078232,0.034890468534001635,0.06521673597905787,0.05197607611246948,0.01923804537413867,-0.024868580049724923,0.029273708935468275,4.647034566445298,-28.73970960730685,4.223627946567068,17.29244055135459,1.277293053575157,1.405452802782183,0.046302722889439735,4.647034566445298,-28.73970960730685,4.223627946567068,17.29244055135459,1.277293053575157,1.405452802782183,0.046302722889439735
4.310999999999774,2,1,1,2,0.0006614494724782307,4.651687636383065,4.693105251243869,5.0,0.6121501197666784,0.027527975473101294,0.4362008910580713,0.005471143407222429,0.026142181903595105,0.0014612816104435402,0.613051421583317,0.033767713254225895,0.006304496216341939,1.307058358043744,0.05866499999999687,0.05866499999999687,1.0,-0.038237208774006104,-0.038211546092337005,-0.08354507740482893,-0.08326482473989995,-0.10296141556294651,-0.12178228617883505,0.0,-13.5,0.0,-0.09420189327467339,-0.09426337814869512,0.0027841411054045214,0.0028136217729253163,-0.0183631388946073,0.05778414110540451,0.28163686110539166,0.20858224783073148,0.01048696485869987,0.007702823753295347,0.08354507740482893,5.3886393817016685e-06,0,0,0,0,0,inf,inf,0,0,0.0,1.3496732744244921,0.004405815644234731,0.17655655439579127,0.03563057834308542,-1.4194732744244922,0.015113465941415624,1.6038713513606064,-0.7472202670790955,-0.026741594505478104,0.033956645110386846,0.0648645116361988,0.050660924590505994,0.017287363042071294,-0.024932784635591794,0.030902069027784515,4.636654545693701,-28.754660525021954,4.21548789020814,17.289327968196243,1.2787809824901175,1.4021230980650123,0.0469574325605035,4.636654545693701,-28.754660525021954,4.21548789020814,17.289327968196243,1.2787809824901175,1.4021230980650123,0.0469574325605035
4.320999999999778,2,1,1,2,0.0006722212938251306,4.643256360030948,4.68703366135443,5.0,0.6122026024492223,0.027791596014285738,0.4362150866993453,0.005064479560977613,0.02653328617038392,0.001384679139779471,0.6130648204715856,0.03404246963349673,0.006310058709824819,1.3210793721760825,0.05896499999999684,0.05896499999999684,1.0,-0.0390937366572309,-0.03906890957415862,-0.08873045891420082,-0.08847215382521205,-0.10876473797680702,-0.12782419557143174,0.0,-13.5,0.0,-0.09458901460099763,-0.09465024728709796,0.0019198212299525118,0.0019519832114496074,-0.019425053303671874,0.056919821229952504,0.2805749466963271,0.20733080662895526,0.01048696485869987,0.008567143628747357,0.08873045891420082,5.16854671210656e-06,0,0,0,0,0,inf,inf,0,0,0.0,1.3491741343433512,0.004148610204302405,0.1768908846631032,0.03627702182655256,-1.4189741343433513,0.015276089038915417,1.6036218122084394,-0.746902805823769,-0.02489775780883582,0.03300153573989097,0.06445628341349557,0.04929571047172923,0.01543909604088458,-0.0249665896830163,0.03242023417143267,4.625928987641689,-28.76935842767411,4.20711698228978,17.2866802828628,1.2800884274001212,1.39922727712828,0.04748316405989886,4.625928987641689,-28.76935842767411,4.20711698228978,17.2866802828628,1.2800884274001212,1.39922727712828,0.04748316405989886
4.330999999999781,2,1,1,2,0.0006826133169318396,4.634910415392968,4.680650293316973,5.0,0.6122510158529574,0.028058831202752925,0.4362284783343448,0.004657473442988949,0.026870987897365046,0.0013013381460044305,0.6130748279461602,0.03431728450543223,0.006312440424013891,1.3340936165310904,0.059264999999996806,0.059264999999996806,1.0,-0.039903629560501655,-0.03987981064585142,-0.09349848686634497,-0.0932614454182886,-0.11411043290587045,-0.13340211642684657,0.0,-13.5,0.0,-0.09498444487321543,-0.0950454347055792,0.001005953681330069,0.0010405811395817676,-0.02054247473572542,0.05600595368133005,0.2794575252642736,0.20602150880811504,0.01048696485869987,0.009481011177369799,0.09349848686634497,4.974301204485342e-06,0,0,0,0,0,inf,inf,0,0,0.0,1.3486889013173238,0.003909378557656495,0.17721555420206628,0.03691910394400056,-1.4184889013173239,0.015420797855858322,1.6033721048621528,-0.7465707646746639,-0.023138505915640005,0.03202674068978212,0.06399821960164645,0.047884812920231314,0.01369424542468445,-0.024969474276016427,0.033829221820825615,4.615107636542725,-28.783763739494365,4.198727820828036,17.28443552646597,1.2812590237886374,1.3967116013118224,0.04789638569715373,4.615107636542725,-28.783763739494365,4.198727820828036,17.28443552646597,1.2812590237886374,1.3967116013118224,0.04789638569715373
4.340999999999784,2,1,1,2,0.000692546425422518,4.626692682420289,4.674011127241171,5.0,0.6122953620655042,0.02832916490673827,0.4362410049543715,0.00425111121389248,0.02715856865469853,0.0012124076177049226,0.6130814433897327,0.03459214091815656,0.006312114730254971,1.3461464857897896,0.05956499999999677,0.05956499999999677,1.0,-0.04066719540225238,-0.040644522229671534,-0.09786349894090175,-0.09764690287099176,-0.11901129705592149,-0.13853069434315413,0.0,-13.5,0.0,-0.09538771862921662,-0.09544847647469686,4.663533697629637e-05,8.352003718746522e-05,-0.021710894755808022,0.055046635336976284,0.27828910524419104,0.2046589167077601,0.01048696485869987,0.010440329521723572,0.09786349894090175,4.8030291348957615e-06,0,0,0,0,0,inf,inf,0,0,0.0,1.348218007749532,0.003687272507815891,0.17753037537846078,0.03755635908929576,-1.4180180077495321,0.015548627416617472,1.603122538955069,-0.7462252250165314,-0.02146411922339855,0.03103394579949141,0.06349623475357413,0.04643267634011247,0.012052830118051618,-0.02494143193037784,0.03513106050787574,4.6044048181089225,-28.797843202966323,4.190502232312227,17.282535727264836,1.2823315601129364,1.3945258787101913,0.04821251337083077,4.6044048181089225,-28.797843202966323,4.190502232312227,17.282535727264836,1.2823315601129364,1.3945258787101913,0.04821251337083077
4.350999999999788,2,1,1,2,0.0007019519803747312,4.618638245131185,4.667169897774856,5.0,0.6123356522891694,0.02860211477327433,0.43625261657753733,0.0038462432569127854,0.027399474760479235,0.001118951295923109,0.6130846663942314,0.03486702191723151,0.00630952325076844,1.3572850425857688,0.05986499999999674,0.05986499999999674,1.0,-0.04138562508262762,-0.04136420159880659,-0.10184221910777895,-0.10164514393453021,-0.12348289359470463,-0.14322784419040652,0.0,-13.5,0.0,-0.0957983784957968,-0.09585891641035811,-0.0009541938823434614,-0.0009152513860131894,-0.022925948621345973,0.054045806117656525,0.2770740513786531,0.20324742762186015,0.01048696485869987,0.01144115874104333,0.10184221910777895,4.652050885810061e-06,0,0,0,0,0,inf,inf,0,0,0.0,1.3477618416803145,0.0034814461464171154,0.17783517765872522,0.038188379292972585,-1.4175618416803146,0.01566060812304008,1.6028734217141292,-0.7458672431369565,-0.01987397398810853,0.030024874320316818,0.06295596574308028,0.04494371774827331,0.010514011800639593,-0.02488289380292307,0.036328630607737715,4.594001526936203,-28.811569499322047,4.182593072337022,17.280927316389434,1.283339951037552,1.3926237890531192,0.04844585129071256,4.594001526936203,-28.811569499322047,4.182593072337022,17.280927316389434,1.283339951037552,1.3926237890531192,0.04844585129071256
4.360999999999791,2,1,1,2,0.0007107715111827331,4.612095863934782,4.660200222657033,5.0,0.6123719042580293,0.028877233917323625,0.43626327364671563,0.0034428323411551578,0.027597507460180453,0.0010221136849074546,0.6130844967608461,0.03514191054670226,0.006305074253785872,1.367557347053971,0.06016499999999671,0.06016499999999671,1.0,-0.04205485474546667,-0.04203349220193592,-0.10545368990243872,-0.10527500879820906,-0.1275343989144847,-0.14750854464790542,0.0,-13.5,0.0,-0.09621597300137265,-0.09627629990088601,-0.0019927726756952093,-0.001951961890989176,-0.024183425021087456,0.05300722732430478,0.27581657497891154,0.20179125432293255,0.01048696485869987,0.012479737534395081,0.10545368990243872,4.4382285866576595e-06,0,0,0,0,0,inf,inf,0,0,0.0,1.3473207466054942,0.003291064139080803,0.17812980726509603,0.03881481158669378,-1.4171207466054943,0.01575775893273488,1.6026250489508878,-0.745497841937758,-0.018366670380253265,0.029000946467044073,0.0623829104636723,0.043422792219381515,0.009076899795766176,-0.02479772193729467,0.03742587673032405,4.58404225710765,-28.824931045521318,4.175120456822124,17.27957847319598,1.2843072039376848,1.3909827912721635,0.04860836357531202,4.58404225710765,-28.824931045521318,4.175120456822124,17.27957847319598,1.2843072039376848,1.3909827912721635,0.04860836357531202
4.370999999999794,2,1,1,2,0.0007189707919751645,4.607562122161058,4.653483313291054,5.0,0.6124040962295054,0.029154130832784307,0.43627295927864695,0.0030342009815100416,0.02775979589130717,0.000925245220208119,0.6130809345000408,0.0354167898501433,0.006299127559604518,1.377012317286062,0.060464999999996674,0.060464999999996674,1.0,-0.042648983578670335,-0.042628661173931034,-0.10872518798421008,-0.10856341740164699,-0.13117092891729,-0.15137417156288038,0.0,-13.5,0.0,-0.09663984072373061,-0.09669995934231446,-0.0030655720937781492,-0.003023068487531012,-0.025479077666258725,0.05193442790622184,0.2745209223337403,0.20029458718249166,0.01048696485869987,0.013552536952478022,0.10872518798421008,4.2785965964308636e-06,0,0,0,0,0,inf,inf,0,0,0.0,1.3468949876152438,0.0031153100456374305,0.17841410666922453,0.03943536732898826,-1.416694987615244,0.01584112849680178,1.6023775196086736,-0.7451179825760026,-0.016939864984361213,0.027960268527252637,0.061784422755841506,0.04188010516432243,0.007747741764214258,-0.02471667590651329,0.038430651585280966,4.57448370754897,-28.838071361110753,4.168012986982607,17.278755111630765,1.285095091882549,1.389947764772941,0.04869439164885886,4.57448370754897,-28.838071361110753,4.168012986982607,17.278755111630765,1.285095091882549,1.389947764772941,0.04869439164885886
4.380999999999798,2,1,1,2,0.0007265430835758082,4.602420408525312,4.647008755125599,5.0,0.6124321888789782,0.029432474212922756,0.4362816839392008,0.0026239915577847953,0.027890381624088238,0.0008298374711088851,0.6130739798315522,0.03569164287170438,0.006291986008080435,1.38570080969356,0.06076499999999664,0.06076499999999664,1.0,-0.04318502533927851,-0.04316245312837808,-0.11168132440702631,-0.11153531165904482,-0.13444449765304778,-0.15486634974630478,0.0,-13.5,0.0,-0.09706932337850992,-0.09712924249392318,-0.004169333878702735,-0.004125300226502878,-0.02680908263326789,0.05083066612129726,0.2731909173667311,0.19876134274278776,0.01048696485869987,0.014656298737402611,0.11168132440702631,4.1113906990165565e-06,0,0,0,0,0,inf,inf,0,0,0.0,1.3464847602017664,0.0029533957343149905,0.1786879133274528,0.04004982417814866,-1.4162847602017665,0.015911784454196172,1.6021308263205811,-0.7447285645815573,-0.01559043353737657,0.026904358862288782,0.06116582198602916,0.040318502927650136,0.006522478816093297,-0.02462822208104566,0.039347041174150874,4.565337416463633,-28.85089310626129,4.161266936126378,17.27831790275272,1.285689109163789,1.389376996930062,0.048729086158410595,4.565337416463633,-28.85089310626129,4.161266936126378,17.27831790275272,1.285689109163789,1.389376996930062,0.048729086158410595
4.390999999999801,2,1,1,2,0.0007335107723722969,4.599007096291141,4.640816502939221,5.0,0.6124562673921033,0.02971201082353239,0.43628949638924763,0.0022346095905430704,0.028003664385708713,0.0007440001684122872,0.6130636331843773,0.03596645265715647,0.0062838631315307565,1.3936848129610662,0.06106499999999661,0.06106499999999661,1.0,-0.04353689448614104,-0.04351307334408364,-0.11436522194016036,-0.11423196075785247,-0.13726806112982148,-0.15790211642630136,0.0,-13.5,0.0,-0.09750321463419451,-0.09756289170534863,-0.005301110636563127,-0.005255687777666675,-0.028169350303926543,0.049698889363436874,0.27183064969607246,0.19719567472924276,0.01048696485869987,0.015788075495263,0.11436522194016036,3.870754337548226e-06,0,0,0,0,0,inf,inf,0,0,0.0,1.34609018499636,0.002804567356120051,0.17895112086888887,0.04065803291546995,-1.41589018499636,0.01597083432930786,1.6018853645554858,-0.7443304683589874,-0.014314479853294159,0.02584364097073161,0.060538270645842614,0.03875480009138609,0.005419225895748907,-0.024462220416860154,0.04017516675404359,4.556192240535055,-28.8628577359828,4.154435262542311,17.27727312206177,1.2857311078880502,1.3881523049674773,0.04882219419564027,4.556192240535055,-28.8628577359828,4.154435262542311,17.27727312206177,1.2857311078880502,1.3881523049674773,0.04882219419564027
4.400999999999804,2,1,1,2,0.0007399588815080451,4.5959572370672905,4.635019775765211,5.0,0.6124766084973033,0.029992614055939816,0.43629652270574953,0.0018718418958087093,0.028103913590749208,0.000670670009689264,0.6130498951967459,0.03624120225493755,0.006274831640802126,1.4010443693177046,0.061364999999996575,0.061364999999996575,1.0,-0.04379166932589831,-0.04376946674509118,-0.11681256210096379,-0.11669118775755971,-0.13977633117294977,-0.16060423142686206,0.0,-13.5,0.0,-0.09794005097323558,-0.09799949823083987,-0.006458411801816461,-0.006411722362067326,-0.02955606656568833,0.048541588198183536,0.2704439334343106,0.19560153722494836,0.01048696485869987,0.016945376660516327,0.11681256210096379,3.883592124620448e-06,0,0,0,0,0,inf,inf,0,0,0.0,1.3457111790063745,0.0026681221928705565,0.17920373741368,0.04125994990014809,-1.4155111790063746,0.016019490104449502,1.601642077390384,-0.7439245366906646,-0.013106090490085315,0.02478600558223826,0.0599076083042831,0.03720373622306869,0.004426862247848442,-0.024209950001594326,0.04092421999334328,4.546803445979022,-28.87370969185165,4.147268152733144,17.275016766281205,1.2851007204073694,1.3856078857079517,0.04901662773112429,4.546803445979022,-28.87370969185165,4.147268152733144,17.275016766281205,1.2851007204073694,1.3856078857079517,0.04901662773112429
4.410999999999808,2,1,1,2,0.0007459616943758787,4.59318285062688,4.629609231165602,5.0,0.6124934208993187,0.030274126337251166,0.43630286822024084,0.0015259279040271319,0.028186825771993444,0.0006064840678748079,0.6130327667160819,0.036515874717198214,0.006265007322312684,1.4078402197510045,0.06166499999999654,0.06166499999999654,1.0,-0.04397623451721613,-0.043955999480696464,-0.11903855338995228,-0.11892831366704926,-0.14200905547918,-0.16301478790716842,0.0,-13.5,0.0,-0.09837903323524277,-0.09843826917760619,-0.007638957167967455,-0.0075911158197168645,-0.030966325359500498,0.04736104283203253,0.26903367464049843,0.19398200959679016,0.01048696485869987,0.018125922026667324,0.11903855338995228,3.904692228140116e-06,0,0,0,0,0,inf,inf,0,0,0.0,1.3453476081463644,0.0025434128263145755,0.17944579719399834,0.04185554059022152,-1.4151476081463645,0.016058707030592805,1.6014016006771028,-0.743511499573579,-0.011960355554150188,0.02373195058696425,0.05927337644266059,0.0356664490365655,0.003519973358171286,-0.023909760540197927,0.041604429239688615,4.537498961187141,-28.88376959845983,4.140121636696242,17.271995756320567,1.2841552463910055,1.382251144190681,0.0492489437145901,4.537498961187141,-28.88376959845983,4.140121636696242,17.271995756320567,1.2841552463910055,1.382251144190681,0.0492489437145901
4.420999999999811,2,1,1,2,0.0007515944508524599,4.597899625721032,4.6250289177167225,5.0,0.6125068030831828,0.03055639402040234,0.43630863006904186,0.0011817479730544464,0.02825857745313457,0.0005541754562138044,0.6130122487989504,0.03679045310084718,0.006254515807803556,1.4141207539660188,0.06196499999999651,0.06196499999999651,1.0,-0.04402575267834445,-0.04400367183040747,-0.12107053797014189,-0.12096937959121504,-0.14391198887589182,-0.16509629064848633,0.0,-13.5,0.0,-0.09881918723619539,-0.09887819556044798,-0.008840659562588202,-0.008791766984055729,-0.03239711656362754,0.04615934043741178,0.26760288343637145,0.1923401532012168,0.01048696485869987,0.019327624421288065,0.12107053797014189,3.5844580951513727e-06,0,0,0,0,0,inf,inf,0,0,0.0,1.3449993072149893,0.0024298355590392506,0.17967730871918502,0.04244478793674345,-1.4147993072149894,0.01608932935503811,1.6011641449344707,-0.7430919841817257,-0.010873058718908996,0.02267403515347893,0.058640512928209355,0.034149888764706766,0.0027031984189002647,-0.023619445723141046,0.04222853631190592,4.528181488147538,-28.89336062485168,4.13289374638018,17.268757377329468,1.2827895261112325,1.378733815067138,0.04946997812979412,4.528181488147538,-28.89336062485168,4.13289374638018,17.268757377329468,1.2827895261112325,1.378733815067138,0.04946997812979412
4.430999999999814,2,1,1,2,0.0007569850274541648,4.601247144673711,4.6215867270929145,5.0,0.6125166972515645,0.030839349760380816,0.4363139518059596,0.0008302119336996101,0.02832462405616934,0.0005166171008809717,0.6129883427109935,0.037064920468596364,0.006243410933327339,1.4199335488050957,0.062264999999996476,0.062264999999996476,1.0,-0.0439676985976224,-0.043945263240542924,-0.12293847748000232,-0.12284540697392968,-0.1455866339416533,-0.16690617607762473,0.0,-13.5,0.0,-0.09925923688368389,-0.09931802661175526,-0.010061766215059897,-0.010011907808892485,-0.03384565869804287,0.044938233784940086,0.2661543413019561,0.19067899690125661,0.01048696485869987,0.02054873107375976,0.12293847748000232,3.534067078161958e-06,0,0,0,0,0,inf,inf,0,0,0.0,1.344666044019186,0.0023268331524587656,0.1798981736667006,0.043027741252362035,-1.414466044019186,0.016112293730315107,1.6009293427929745,-0.7426664847066388,-0.009839252009449528,0.021604309100380005,0.058013944984557406,0.032655664224807035,0.001976004484755028,-0.023370151686720176,0.04280588672664477,4.518560931027812,-28.902661334184316,4.125289785617446,17.265740128654166,1.2807921007415706,1.3756105246331753,0.049660415622466994,4.518560931027812,-28.902661334184316,4.125289785617446,17.265740128654166,1.2807921007415706,1.3756105246331753,0.049660415622466994
4.440999999999818,2,1,1,2,0.0007622645206344083,4.604240330221437,4.619058890947494,5.0,0.6125230744821211,0.031122943041440303,0.43631898045154677,0.00047913642332179435,0.028386609822430034,0.0004940087844246045,0.6129610499268512,0.037339259890005666,0.006231726699073392,1.4253230349747337,0.06256499999999644,0.06256499999999644,1.0,-0.04379185322766727,-0.043771194194370644,-0.12466345278790593,-0.12457748765313173,-0.14703665183729797,-0.16845530601557318,0.0,-13.5,0.0,-0.09969801519999487,-0.09975659012693848,-0.011300750275482545,-0.011250000628903157,-0.03530964955898712,0.043699249724517435,0.2646903504410118,0.189001234524523,0.01048696485869987,0.021787715134182404,0.12466345278790593,3.5569051244366452e-06,0,0,0,0,0,inf,inf,0,0,0.0,1.344347592110101,0.0022338961681237523,0.1801082996575069,0.04360447361369667,-1.414147592110101,0.01612843391850929,1.6006969408966525,-0.7422354652031816,-0.00885432560946311,0.02052761789298281,0.05739569776430748,0.031185508555556737,0.0013285205138086748,-0.023135317274425787,0.043337706557147776,4.508560596408492,-28.91148787468913,4.1172433352311595,17.262612395374237,1.2782123010920587,1.372491486420847,0.04987189227878257,4.508560596408492,-28.91148787468913,4.1172433352311595,17.262612395374237,1.2782123010920587,1.372491486420847,0.04987189227878257
4.450999999999821,2,1,1,2,0.0007675545471014502,4.606083157164588,4.617195553531986,5.0,0.6125259489749056,0.03140712234623366,0.4363238535874343,0.00012944646233615977,0.028442007840734224,0.00048376567008913055,0.6129303721300708,0.03761345444252731,0.00621949484909494,1.4303289344369963,0.06286499999999641,0.06286499999999641,1.0,-0.04354199838473714,-0.04352321173925598,-0.1262568087351016,-0.12617752448879,-0.14831186958417603,-0.16979880711983875,0.0,-13.5,0.0,-0.10013461368502957,-0.10019299235261016,-0.012556253669258182,-0.012504681437628664,-0.03678716908010671,0.04244374633074179,0.2632128309198922,0.18730913264571267,0.01048696485869987,0.02304321852795804,0.1262568087351016,3.5655760370389457e-06,0,0,0,0,0,inf,inf,0,0,0.0,1.3440437282038458,0.0021505595700500196,0.18030762833112945,0.0441750649268855,-1.4138437282038459,0.0161384568744426,1.6004668373423065,-0.7417993564322141,-0.007914101689161743,0.019445467070273805,0.056784735208638644,0.02973508827036208,0.0007436966888776394,-0.022909297529506403,0.04382851832806139,4.4982981411681076,-28.919826241549323,4.108891574242454,17.259332640497416,1.2752351014183572,1.3693104673446572,0.05009541359795096,4.4982981411681076,-28.919826241549323,4.108891574242454,17.259332640497416,1.2752351014183572,1.3693104673446572,0.05009541359795096
4.460999999999824,2,1,1,2,0.0007729507832002483,4.6070742718539,4.615773646716709,5.0,0.612525332199923,0.03169180952158861,0.43632867937623954,-0.00021926069854004358,0.02848884075563036,0.00048318712861518414,0.6128963112130037,0.037887487212549746,0.006206774321531264,1.434981975360065,0.06316499999999638,0.06316499999999638,1.0,-0.043233457191104406,-0.043216430318245395,-0.12772587990500042,-0.12765290718493283,-0.14942345318545747,-0.17095933709610484,0.0,-13.5,0.0,-0.10056837971386794,-0.10062658033355987,-0.01382700138324093,-0.01377467131357913,-0.03827653231997536,0.04117299861675905,0.2617234676800236,0.1856046189028916,0.01048696485869987,0.02431396624194079,0.12772587990500042,3.5642544516519125e-06,0,0,0,0,0,inf,inf,0,0,0.0,1.3437542854797115,0.0020763948135248916,0.1804961073825951,0.04473958021263759,-1.4135542854797116,0.01614291757801047,1.6002389542336015,-0.7413585488554194,-0.007015334155209159,0.018358259034751818,0.0561797231615191,0.02829906130169163,0.0002095419758768874,-0.022690219519462186,0.044281685179376355,4.487915505313359,-28.927708501567885,4.100390851214713,17.255948680876806,1.2720231506804263,1.3661009305286727,0.05031554724366624,4.487915505313359,-28.927708501567885,4.100390851214713,17.255948680876806,1.2720231506804263,1.3661009305286727,0.05031554724366624
4.470999999999828,2,1,1,2,0.0007785278332167736,4.607403096220205,4.614632435022807,5.0,0.6125212326510613,0.03197691426000682,0.43633354268917507,-0.0005672033691475119,0.028526395310901568,0.0004902106818042622,0.6128588692766873,0.038161341296440894,0.006193636755569454,1.4393075052953908,0.06346499999999634,0.06346499999999634,1.0,-0.042878342374864736,-0.042862880535132486,-0.12907728357439646,-0.12901027919848174,-0.1503811815641921,-0.1719556259492612,0.0,-13.5,0.0,-0.10099879522225348,-0.10105683435591145,-0.015111787352234785,-0.015058760657850787,-0.03977615744061945,0.039888212647765195,0.2602238425593796,0.18388941742551218,0.01048696485869987,0.02559875221093465,0.12907728357439646,3.5578081592821836e-06,0,0,0,0,0,inf,inf,0,0,0.0,1.3434791436398696,0.002011002308192837,0.18067368818386095,0.045298073988728677,-1.4132791436398697,0.01614228166671607,1.600013232686564,-0.7409134052929395,-0.006155367674368392,0.017266344571642906,0.05557981398119957,0.026873284584056613,-0.0002808783757118645,-0.022476167340795158,0.04469958428346712,4.477501085944209,-28.935157479101584,4.0918367336732775,17.252492790833188,1.2686665405238093,1.3628826082806142,0.050525066265569615,4.477501085944209,-28.935157479101584,4.0918367336732775,17.252492790833188,1.2686665405238093,1.3628826082806142,0.050525066265569615
4.480999999999831,2,1,1,2,0.000784343622900501,4.607202728351362,4.613654230142844,5.0,0.6125136574087262,0.032262343120731576,0.43633851034448246,-0.0009144682355332646,0.028554621518910823,0.0005032195465897485,0.6128180486307169,0.038434999801590895,0.00618015732128092,1.4433276696888644,0.06376499999999631,0.06376499999999631,1.0,-0.042486508713884374,-0.04247239765468687,-0.13031730635045025,-0.13025593996913504,-0.15119427644022077,-0.17280381506433465,0.0,-13.5,0.0,-0.10142545026163918,-0.10148334238165393,-0.016409469658576304,-0.016355804198427512,-0.041284556854376736,0.038590530341423686,0.2587154431456223,0.18216508007978496,0.01048696485869987,0.02689643451727617,0.13031730635045025,3.549417252860526e-06,0,0,0,0,0,inf,inf,0,0,0.0,1.3432182186298112,0.001954006918470074,0.1808403255800474,0.045850594206842746,-1.4130182186298113,0.01613696111189465,1.599789632771692,-0.7404642677267752,-0.005331903122655861,0.016170072165890326,0.05498448876772028,0.02545452434730202,-0.0007319066927678492,-0.022265280401268454,0.04508411215799234,4.467112892787258,-28.942189671810134,4.083290693681121,17.24898642182938,1.2652171822711222,1.3596659029438363,0.05072105969639157,4.467112892787258,-28.942189671810134,4.083290693681121,17.24898642182938,1.2652171822711222,1.3596659029438363,0.05072105969639157
4.4909999999998345,2,1,1,2,0.0007904427106138747,4.606575113584443,4.612752837985071,5.0,0.6125026131641056,0.032548004247815676,0.43634363488079503,-0.0012610621263261465,0.02857381438550045,0.000520926560035361,0.6127738517931021,0.03870844584745411,0.0061664099033729184,1.4470625536373232,0.06406499999999628,0.06406499999999628,1.0,-0.04206612293332904,-0.04205315842754337,-0.13145207090138603,-0.13139601969106668,-0.1518718063931093,-0.17351819383471506,0.0,-13.5,0.0,-0.10184802378135072,-0.10190578125705226,-0.01771896826916781,-0.017664718642394654,-0.0428003341370489,0.03728103173083219,0.25719966586295007,0.18043300794948192,0.01048696485869987,0.028205933127867677,0.13145207090138603,3.5407443808082785e-06,0,0,0,0,0,inf,inf,0,0,0.0,1.3429714546369693,0.0019050551662002596,0.18099597796093844,0.0463971849465234,-1.4127714546369694,0.01612733246954439,1.5995681323258812,-0.7400114605566998,-0.004542870028692281,0.015069801626958196,0.05439345569069031,0.024040267984150945,-0.0011465623268168924,-0.022055865376405765,0.04543694000919951,4.456790819992751,-28.948817457512334,4.074794237867024,17.245443844811565,1.261706684055206,1.3564554465838694,0.05090284775170516,4.456790819992751,-28.948817457512334,4.074794237867024,17.245443844811565,1.261706684055206,1.3564554465838694,0.05090284775170516
4.500999999999838,2,1,1,2,0.0007968588954136149,4.605603045125392,4.611866002822982,5.0,0.6124881067870686,0.0328338097945157,0.4363489574173097,-0.0016069519854564438,0.028584443076703017,0.0005422994310985764,0.6127262814901119,0.03898166256659038,0.006152464619668777,1.4505307769330729,0.06436499999999624,0.06436499999999624,1.0,-0.0416240248687429,-0.0416120253086177,-0.13248759071762603,-0.13243653810793232,-0.1524228451639174,-0.17411161558636892,0.0,-13.5,0.0,-0.10226626886018875,-0.10232390213705916,-0.01903926376060369,-0.01898448137254033,-0.044322183517477964,0.035960736239396315,0.2556778164825211,0.17869446737920802,0.01048696485869987,0.029526228619303554,0.13248759071762603,3.5324672188438866e-06,0,0,0,0,0,inf,inf,0,0,0.0,1.3427388176638393,0.001863813363328035,0.18114060736782386,0.04693788828479591,-1.4125388176638394,0.016113746172553418,1.5993487248254485,-0.7395552920958026,-0.003786356574058697,0.013965901413800738,0.053806580786968,0.022628586833304265,-0.0015271924213972256,-0.02184647234566186,0.04575963754841146,4.446563282158544,-28.95505061213471,4.066376522608634,17.24187474610884,1.2581556826699924,1.353252654795925,0.0510708641665186,4.446563282158544,-28.95505061213471,4.066376522608634,17.24187474610884,1.2581556826699924,1.353252654795925,0.0510708641665186
4.510999999999841,2,1,1,2,0.0008036173307747465,4.604356019577526,4.61095003968225,5.0,0.6124701455658546,0.033119677106442355,0.4363545099047312,-0.0019520920322381773,0.02858705765071698,0.0005665092155680781,0.6126753406561068,0.03925463310570549,0.006138386607078311,1.4537498023335078,0.06466499999999621,0.06466499999999621,1.0,-0.041165971589769194,-0.04115478205100241,-0.13342977021855573,-0.1333834065247043,-0.1528564915779225,-0.17459574180832493,0.0,-13.5,0.0,-0.10268000085205574,-0.1027375187050792,-0.020369396257647207,-0.0203141293848323,-0.045848890121217456,0.0346306037423528,0.25415110987878153,0.1769506028902975,0.01048696485869987,0.030856361116347073,0.13342977021855573,3.5247087917962056e-06,0,0,0,0,0,inf,inf,0,0,0.0,1.3425202903044433,0.001829966256905604,0.18127417953331526,0.047472745590868566,-1.4123202903044434,0.01609653125129679,1.599131416730125,-0.7390960552416878,-0.00306057090010109,0.012858739678956633,0.05322383869888567,0.02121802753215082,-0.001875802061921446,-0.02163592940889875,0.046053728301348865,4.436450920110714,-28.960897283294795,4.058058573601538,17.23828598328312,1.2545787392104442,1.3500574191141672,0.051226057534762226,4.436450920110714,-28.960897283294795,4.058058573601538,17.23828598328312,1.2545787392104442,1.3500574191141672,0.051226057534762226
4.5209999999998445,2,1,1,2,0.0008107362663513909,4.602893282767189,4.6099757723595784,5.0,0.6124487372355354,0.03340552922028202,0.4363603169421796,-0.0022964403626218595,0.02858223709764012,0.0005928925460603327,0.6126210324333575,0.0395273406266908,0.006124235505826765,1.4567360951565393,0.06496499999999618,0.06496499999999618,1.0,-0.040696813421612604,-0.040686305576507514,-0.1342843805937491,-0.13424240442807578,-0.15318181618796334,-0.17498119401536166,0.0,-13.5,0.0,-0.1030890875692846,-0.10314649737156996,-0.021708464221528594,-0.021652758087981915,-0.04737932996903929,0.033291535778471416,0.2526206700309597,0.1752024482091873,0.01048696485869987,0.03219542908022845,0.1342843805937491,3.517317619318934e-06,0,0,0,0,0,inf,inf,0,0,0.0,1.3423158674986293,0.0018032159579721393,0.18139666382183176,0.048001798404367864,-1.4121158674986294,0.016075997755467388,1.598916224670278,-0.7386340278068801,-0.0023638196310896654,0.011748674041666886,0.05264527650138216,0.019807522187079377,-0.0021942184121273743,-0.0214233445616338,0.0463207098924295,4.426468770829059,-28.96636457556165,4.0498557212406014,17.234682725032062,1.2509869246954093,1.346869153102803,0.05136957228240516,4.426468770829059,-28.96636457556165,4.0498557212406014,17.234682725032062,1.2509869246954093,1.346869153102803,0.05136957228240516
4.530999999999848,2,1,1,2,0.0008182284956555199,4.601265615688746,4.608925334791827,5.0,0.6124238898850551,0.03369129497711372,0.43636639726724846,-0.0026399678564094833,0.028570559773183554,0.0006209225582605697,0.6125633601718509,0.03979976830766185,0.006110065334422915,1.4595052075495842,0.06526499999999615,0.06526499999999615,1.0,-0.040220628358867645,-0.04021069850489424,-0.1350570273403574,-0.135019147216421,-0.15340777435579142,-0.17527765569922502,0.0,-13.5,0.0,-0.10349344098149281,-0.10355074896035597,-0.023055622941737908,-0.02299951981074848,-0.048912469232076816,0.03194437705826208,0.25108753076792223,0.17345093607676976,0.01048696485869987,0.03354258780043779,0.1350570273403574,3.510033518200623e-06,0,0,0,0,0,inf,inf,0,0,0.0,1.3421255531029415,0.0017832810280905722,0.18150803307249405,0.04852508900467027,-1.4119255531029415,0.016052438052283433,1.5987031727421643,-0.7381694727517379,-0.001694495945568451,0.010636042432562932,0.05207098668398882,0.018396312957291786,-0.002484169199948299,-0.021208086146029127,0.04656205706850511,4.416627620748582,-28.971458876940336,4.0417790857295754,17.231069163393094,1.2473891983420726,1.3436873888674936,0.05150258113591298,4.416627620748582,-28.971458876940336,4.0417790857295754,17.231069163393094,1.2473891983420726,1.3436873888674936,0.05150258113591298
4.540999999999851,2,1,1,2,0.0008261025637210919,4.5995165601200085,4.607789600793452,5.0,0.6123956118055032,0.03397690891434311,0.436372764989492,-0.002982661904531394,0.028552586277098967,0.000650185718032479,0.6125023274290837,0.04007189934399602,0.0060959245863016365,1.462071826232859,0.06556499999999611,0.06556499999999611,1.0,-0.03974082950805273,-0.03973139587196445,-0.1357531176786688,-0.13571905351299893,-0.15354310983111671,-0.1754939471867215,0.0,-13.5,0.0,-0.1038930101013511,-0.10395022157003603,-0.024410082697894322,-0.024353621979450155,-0.05044736255041519,0.030589917302105668,0.24955263744958384,0.1716969072007551,0.01048696485869987,0.0348970475565942,0.1357531176786688,3.5025790304405e-06,0,0,0,0,0,inf,inf,0,0,0.0,1.3419493571474608,0.0017698956534233045,0.18160826336111316,0.04904266074871648,-1.4117493571474609,0.01602612760501459,1.5984922900703342,-0.7377026384359016,-0.001051072952838778,0.009521155947384868,0.0515010868750576,0.016983888774297268,-0.0027473174134372293,-0.020989751523918607,0.04677921685168454,4.4069349142719405,-28.976186022539686,4.033836544937197,17.227448940153423,1.243793152039519,1.340512077531432,0.0516262001383536,4.4069349142719405,-28.976186022539686,4.033836544937197,17.227448940153423,1.243793152039519,1.340512077531432,0.0516262001383536
4.5509999999998545,2,1,1,2,0.0008343637752948599,4.597683387312685,4.606566104510473,5.0,0.6123639113203705,0.03426231102884904,0.4363794306167501,-0.0033245268780031237,0.028528849475197997,0.0006803629280968352,0.612437937969843,0.04034371694936912,0.006081856453005845,1.4644498040215532,0.06586499999999608,0.06586499999999608,1.0,-0.039260253879047316,-0.03925125377761208,-0.1363778318140915,-0.13634731618889556,-0.1535962629944557,-0.17563808569313882,0.0,-13.5,0.0,-0.10428777483704572,-0.1043448943983727,-0.025771106614803613,-0.025714324986793814,-0.05198315040447738,0.029228893385196377,0.24801684959552164,0.16994111854815117,0.01048696485869987,0.036258071473503496,0.1363778318140915,3.494705680500826e-06,0,0,0,0,0,inf,inf,0,0,0.0,1.341787293665903,0.0017628088675539417,0.18169733370295604,0.04955455823546518,-1.411587293665903,0.01599732553797946,1.598283608714294,-0.7372337589373185,-0.00043209998320706955,0.008404293924570498,0.050935704712979736,0.01556993268973271,-0.002985274045565695,-0.02076813096964891,0.04697360073558343,4.397395410631215,-28.980551361865693,4.0260334111828175,17.223825388197906,1.2402054204715593,1.3373437041555298,0.051741448834564246,4.397395410631215,-28.980551361865693,4.0260334111828175,17.223825388197906,1.2402054204715593,1.3373437041555298,0.051741448834564246
4.560999999999858,2,1,1,2,0.0008430150357363877,4.595797934137723,4.605257360361687,5.0,0.6123287966224605,0.03454744646553093,0.43638640191122463,-0.003665582700268737,0.028499848786133552,0.0007112139132714581,0.612370195765974,0.04061520435679092,0.006067899118808051,1.4666521855069834,0.06616499999999605,0.06616499999999605,1.0,-0.03878123744235544,-0.03877262457827055,-0.13693609973062373,-0.13690887886639927,-0.15357529156335395,-0.1757173371729792,0.0,-13.5,0.0,-0.10467774065399393,-0.1047347723762092,-0.027138008259790132,-0.027080939800257393,-0.05351905563292456,0.027861991740209858,0.2464809443670745,0.16818425108621643,0.01048696485869987,0.03762497311849001,0.13693609973062373,3.486213933664217e-06,0,0,0,0,0,inf,inf,0,0,0.0,1.3416393789997023,0.0017617838020811177,0.18177522571795549,0.0500608273419329,-1.4114393789997024,0.01596627513878544,1.5980771619402914,-0.7367630544531575,0.00016379958033697564,0.007285701108049758,0.050374966730719097,0.014154278593994402,-0.003199600280110498,-0.020543171356627907,0.04714657643990058,4.388011690281697,-28.984559773525408,4.018372936252433,17.220201656576496,1.2366319139458444,1.3341832925923094,0.05184923516960316,4.388011690281697,-28.984559773525408,4.018372936252433,17.220201656576496,1.2366319139458444,1.3341832925923094,0.05184923516960316
4.570999999999861,2,1,1,2,0.000852057551169876,4.593887353705399,4.603869514605017,5.0,0.6122902756310694,0.03483226516432538,0.4363936846042539,-0.004005862438999944,0.02846604712656707,0.0007425642208836286,0.6122991049961348,0.040886344819639264,0.006054086093752956,1.4686912319534877,0.06646499999999601,0.06646499999999601,1.0,-0.038305679504903996,-0.03829742151933008,-0.13743258397312233,-0.13740841840585402,-0.15348780743299054,-0.17573826347802632,0.0,-13.5,0.0,-0.10506293392638479,-0.1051198814933218,-0.028510149040854593,-0.028452825368341303,-0.05505437924460548,0.026489850959145397,0.24494562075539356,0.16642691703276108,0.01048696485869987,0.03899711389955446,0.13743258397312233,3.4769584164626344e-06,0,0,0,0,0,inf,inf,0,0,0.0,1.3415056304888806,0.0017665969543158347,0.18184192327767562,0.05056151516607459,-1.4113056304888807,0.015933204367646194,1.5978729828440814,-0.7362907317795272,0.0007379297279769187,0.006165586601732288,0.04981899039987542,0.0127368761314418,-0.003391805038563046,-0.020314942347656507,0.04729946044895669,4.378784564640617,-28.98821565494463,4.010856708565136,17.21658076495191,1.2330779567382286,1.3310323498938668,0.051950353787187625,4.378784564640617,-28.98821565494463,4.010856708565136,17.21658076495191,1.2330779567382286,1.3310323498938668,0.051950353787187625
4.5809999999998645,2,1,1,2,0.0008614914102111062,4.59197479639704,4.602411273810346,5.0,0.6122483558757773,0.035116721486759234,0.43640128299321146,-0.004345409507183126,0.02842786958504771,0.0007742943650218883,0.612224670045539,0.04115712161269325,0.006040446564612399,1.4705784476285844,0.06676499999999598,0.06676499999999598,1.0,-0.03783509841130367,-0.03782717473372724,-0.13787166823041425,-0.13785033321162982,-0.1533409306653804,-0.1757067666417179,0.0,-13.5,0.0,-0.10544339788340952,-0.10550026472179831,-0.029886935464882417,-0.029829385884003374,-0.05658849569320045,0.025113064535117573,0.2434115043067986,0.16466966665170857,0.01048696485869987,0.0403739003235823,0.13787166823041425,3.4668453069900848e-06,0,0,0,0,0,inf,inf,0,0,0.0,1.3413860654739496,0.0017770374674372655,0.18189741215007735,0.05105666990429375,-1.4111860654739496,0.015898326401756046,1.5976711032910427,-0.7358169848588145,0.0012915229743729675,0.005044124272772106,0.049267878665180426,0.011317762691241974,-0.003563340929106458,-0.02008360649343453,0.04743351186795444,4.369713418508683,-28.99152290368511,4.003484977568034,17.21296561702704,1.2295483748478906,1.327892781757226,0.05204549140218817,4.369713418508683,-28.99152290368511,4.003484977568034,17.21296561702704,1.2295483748478906,1.327892781757226,0.05204549140218817
4.590999999999868,2,1,1,1,0.0008711304332807692,4.469512810623147,4.59795271120813,5.0,0.6122028536944493,0.03540131223077676,0.4364090236553051,-0.004809242997073292,0.02873980284961548,0.0006880648736336324,0.6121468955056851,0.04142751803316479,0.006026465605280167,1.4724019768790455,0.06706499999999595,0.06706499999999595,1.0,-0.03172717574091632,-0.03136650349947083,-0.13879281309287192,-0.1386422079201898,-0.14765252605297005,-0.17051998883378827,0.0,-13.5,0.0,-0.10580732777326793,-0.10586014075174664,-0.03126862325656671,-0.03121060722306772,-0.0581095037149887,0.023731376743433286,0.24189049628501036,0.16292404897016588,0.01048696485869987,0.04175558811526657,0.13879281309287192,3.209753352220531e-05,0,0,0,0,0,inf,inf,0,0,0.0,1.3412807758096663,0.0017928699419755883,0.18194183950960516,0.05154668464315976,-1.4110807758096664,0.015863232005126304,1.5974709415040789,-0.7353425974693515,0.0018027608466991652,0.004028221486024305,0.04894832947349965,0.009844874332628081,-0.0028034974551750637,-0.02024850508846861,0.04715876012767529,4.349831957830121,-28.99719264850434,3.984727859726249,17.21304783769889,1.217312688047235,1.32885125591982,0.0551520155012879,4.349831957830121,-28.99719264850434,3.984727859726249,17.21304783769889,1.217312688047235,1.32885125591982,0.0551520155012879
4.600999999999871,2,1,1,2,0.0008765904662541282,4.449062353700549,4.57194358146593,5.0,0.6121508023114526,0.03569528907809732,0.43641263116111295,-0.005466352119582597,0.029795593578887253,8.743442531984203e-05,0.6120657861740729,0.041697517401729,0.006002830381796687,1.475394064364135,0.06736499999999591,0.06736499999999591,1.0,-0.03435942472399061,-0.03749700445428862,-0.14139872522185407,-0.14128249644730784,-0.14967872918251826,-0.17575814994584466,0.0,-13.5,0.0,-0.106139284599637,-0.10619263043638867,-0.03267143892926851,-0.03261211444987488,-0.05959753931273176,0.022328561070731473,0.2404024606872673,0.161189276471095,0.01048696485869987,0.043158403787968376,0.14139872522185407,1.4979914753571042e-05,0,0,0,0,0,inf,inf,0,0,0.0,1.341192662573254,0.0018138859303787334,0.18197899592225872,0.05203779005489414,-1.410992662573254,0.015850119333104932,1.597263935003525,-0.7348756586274701,0.0023775445160712644,0.0034651745565005315,0.0491653242960018,0.007921891798010073,-0.0005301627649283038,-0.02082853115760739,0.04654138417281488,4.265836754057846,-29.0223841171924,3.899569104974229,17.23754305886953,1.1573554832463395,1.3535610871941013,0.07193967196900582,4.265836754057846,-29.0223841171924,3.899569104974229,17.23754305886953,1.1573554832463395,1.3535610871941013,0.07193967196900582
4.6109999999998745,2,1,1,2,0.0008794479722652173,4.528799893144055,4.559673367333139,5.0,0.6120967699057993,0.03598829332897378,0.4364134557595355,-0.005395747303768878,0.0289695979491874,9.501885725186534e-05,0.6119813470539082,0.041967103063553016,0.0059799237684972275,1.4778975863896622,0.06766499999999588,0.06766499999999588,1.0,-0.040108427182393956,-0.04020248602639298,-0.1411679885424725,-0.1411795367289062,-0.15496387977151335,-0.18127641572486647,0.0,-13.5,0.0,-0.10654298265549206,-0.10659739323381641,-0.03408417254266072,-0.03402495839630797,-0.061149994475466436,0.020915827457339276,0.23885000552453262,0.15937284480184769,0.01048696485869987,0.04457113740136058,0.14139872522185407,1.1073213532259375e-05,0,0,0,0,0,inf,inf,0,0,0.0,1.3411226962727258,0.0018416353956376042,0.18200788292434408,0.0525238512140456,-1.410922696272726,0.01582904434186803,1.5970661914250455,-0.7344021230855465,0.0030694511617699316,0.0024084042865712423,0.04818719454773911,0.00629261862643683,-0.003122398399802623,-0.019092831405337064,0.04781163492139414,4.288133182377167,-29.01749622153873,3.9265882488386423,17.221450288716145,1.1847328831309438,1.3345801887413846,0.06019964118120896,4.288133182377167,-29.01749622153873,3.9265882488386423,17.221450288716145,1.1847328831309438,1.3345801887413846,0.06019964118120896
4.620999999999878,2,1,1,2,0.0008830364065199039,4.579620098717765,4.55911018279053,5.0,0.6120421660011669,0.03627525237947794,0.43641481992255793,-0.005537065481722724,0.028509833009349433,0.00017751220389133646,0.6118935833537935,0.04223625838932334,0.0059628574905420525,1.4793742696135543,0.06796499999999585,0.06796499999999585,1.0,-0.03933145710522224,-0.03938712741418514,-0.14091545900466962,-0.14092796091260024,-0.1542200061019744,-0.18024691610989188,0.0,-13.5,0.0,-0.10693996257013676,-0.10699508299148118,-0.03549447840577595,-0.03543538576337782,-0.06269564752982139,0.019505521594224046,0.23730435247017767,0.15756555902408775,0.01048696485869987,0.04598144326447581,0.14139872522185407,5.56832289462992e-06,0,0,0,0,0,inf,inf,0,0,0.0,1.3410675213284176,0.0018753939038148157,0.18202593011463994,0.05300126384053153,-1.4108675213284176,0.01579024174342028,1.596880466634178,-0.7339213971812821,0.0036105669799056245,0.0013053143671433718,0.04739606119954343,0.004905805766974182,-0.004358035514456579,-0.01823779064175549,0.048213392932468555,4.300216878669062,-29.01413048764825,3.9420343075345974,17.208653077523746,1.2011010106011628,1.3208907382101718,0.05495484638399262,4.300216878669062,-29.01413048764825,3.9420343075345974,17.208653077523746,1.2011010106011628,1.3208907382101718,0.05495484638399262
4.630999999999881,2,1,1,2,0.0008877406595520767,4.601962901180103,4.563460272968121,5.0,0.6119854767973792,0.03655875042075852,0.4364171964144047,-0.005789877039147092,0.02823816627696422,0.000289392069663443,0.6118025004874073,0.04250496677627167,0.0059490309527336525,1.4803498155327475,0.06826499999999582,0.06826499999999582,1.0,-0.03844257092519427,-0.03847727149137387,-0.1406553545936965,-0.14066777434619637,-0.15339959266859787,-0.17909792551889075,0.0,-13.5,0.0,-0.10732841940136281,-0.10738397118409725,-0.03690220012817116,-0.03684323286430067,-0.06423336337899932,0.018097799871828836,0.2357666366209997,0.1557693804704665,0.01048696485869987,0.04738916498687102,0.14139872522185407,3.420224992278346e-06,0,0,0,0,0,inf,inf,0,0,0.0,1.3410256092137174,0.0019140833778989788,0.18203277189324696,0.0534713639467729,-1.4108256092137175,0.01574328360687334,1.5967006255282914,-0.7334386058073902,0.004071661409772212,0.00017237606491081613,0.04670552073913737,0.0036139633870829937,-0.0049004431261240825,-0.01782099618574114,0.04830685428875782,4.302880135861766,-29.01320106901347,3.947051258920844,17.200037978196445,1.2073852975922919,1.312420868955045,0.053080657358090866,4.302880135861766,-29.01320106901347,3.947051258920844,17.200037978196445,1.2073852975922919,1.312420868955045,0.053080657358090866
4.6409999999998846,2,1,1,2,0.0008936766554344102,4.609835283011359,4.569216318052053,5.0,0.611925907142038,0.036840119653559635,0.4364207431891816,-0.006101037947722862,0.02806392577717055,0.000408402122451134,0.6117081040731698,0.04277321164919894,0.005937088411462949,1.4810872911800121,0.06856499999999578,0.06856499999999578,1.0,-0.03755493334491294,-0.03757761702236589,-0.14040601716000936,-0.14041758236491647,-0.15257002011792248,-0.1779609505049223,0.0,-13.5,0.0,-0.10770793676399437,-0.10776376425757891,-0.038307367797497875,-0.038248520490408236,-0.0657627874031208,0.016692632202502115,0.2342372125968782,0.1539846954385082,0.01048696485869987,0.04879433265619774,0.14139872522185407,2.986207785643328e-06,0,0,0,0,0,inf,inf,0,0,0.0,1.3409964488053403,0.0019571189954179034,0.18202816854071502,0.05393491765884795,-1.4107964488053404,0.01569300450552483,1.596523672150064,-0.7329555797729168,0.004488340053084357,-0.0009804428220612908,0.04607624974732996,0.0023452721006221883,-0.005096944677807311,-0.017612744617631064,0.04828986742874983,4.30112805872108,-29.0133859513633,3.9471350459974346,17.193743238319215,1.2085783438570326,1.3067622959108633,0.05243627928424843,4.30112805872108,-29.0133859513633,3.9471350459974346,17.193743238319215,1.2085783438570326,1.3067622959108633,0.05243627928424843
4.650999999999888,2,1,1,2,0.0009008330611952877,4.610528353648222,4.5747547005808835,5.0,0.6118630445427833,0.03712005473871255,0.4364254682193439,-0.006442092902467174,0.02794089443607177,0.0005242763233515043,0.6116103999338967,0.04304097646149786,0.0059263094203518,1.4817160853894744,0.06886499999999575,0.06886499999999575,1.0,-0.03671413999901757,-0.036729517506061495,-0.14017818058050338,-0.1401885179532699,-0.15176303390729595,-0.17689232057952098,0.0,-13.5,0.0,-0.1080788138707554,-0.10813482522827138,-0.039710154657821004,-0.03965141642209625,-0.06728402306551101,0.015289845342178976,0.23271597693448803,0.15221103147142406,0.01048696485869987,0.050197119516520866,0.14139872522185407,3.0551122399413948e-06,0,0,0,0,0,inf,inf,0,0,0.0,1.3409800126853177,0.002004167795297359,0.18201195824499292,0.05439241807977369,-1.4107800126853178,0.015641784364645837,1.596348240575397,-0.7324729681915676,0.004879056609707561,-0.0021468176056200945,0.04548835287790027,0.0010666642312561429,-0.005125822807479889,-0.01749394468805466,0.048234664245945386,4.29721768320768,-29.01397055460032,3.944800730175394,17.188752944066948,1.2072461517324313,1.3026225077465492,0.05225861575104025,4.29721768320768,-29.01397055460032,3.944800730175394,17.188752944066948,1.2072461517324313,1.3026225077465492,0.05225861575104025
4.660999999999891,2,1,1,2,0.0009091433899150172,4.607817905154677,4.579403701160543,5.0,0.6117966822568565,0.03739892462068204,0.4364313135025226,-0.006797688814524251,0.027845383543119575,0.0006327904748913599,0.6115093940964391,0.04330824469617353,0.005916299370529075,1.4822982441239414,0.06916499999999572,0.06916499999999572,1.0,-0.035935454565010926,-0.03594610046475086,-0.13997586157718725,-0.1399848756921693,-0.15099214086497037,-0.17591131614219824,0.0,-13.5,0.0,-0.10844161925917661,-0.10849775680018425,-0.0411108022615846,-0.041052160120062665,-0.06879738102709729,0.013889197738415378,0.23120261897290173,0.15044757847923929,0.01048696485869987,0.051597767120284466,0.14139872522185407,3.1685947982089957e-06,0,0,0,0,0,inf,inf,0,0,0.0,1.340976484971324,0.0020550292705397073,0.18198403015607933,0.05484421249602343,-1.410776484971324,0.015590752785460094,1.5961738054554737,-0.731990983013129,0.00525366002948763,-0.003322487716226231,0.04493061465226709,-0.0002352761129897927,-0.005077214237429083,-0.017403669246108772,0.04816829645421604,4.292201156329358,-29.014568975735067,3.941235549035188,17.18450505930767,1.2046932428097608,1.2993005645737157,0.05226386355386024,4.292201156329358,-29.014568975735067,3.941235549035188,17.18450505930767,1.2046932428097608,1.2993005645737157,0.05226386355386024
4.670999999999895,2,1,1,1,0.0009185219501616484,4.496139207116695,4.582961006658061,5.0,0.6117267247644098,0.03767693039255172,0.4364381968756078,-0.007159518285868235,0.02776510033427488,0.0007326859373939869,0.6114050927913133,0.04357499986686227,0.005906832539518279,1.4828621924701046,0.06946499999999568,0.06946499999999568,1.0,-0.03522064714600981,-0.0323729108899528,-0.13979890649890098,-0.1398066606076403,-0.1502615024677504,-0.17501955364491079,0.0,-13.5,0.0,-0.10879699078398034,-0.10885036086175794,-0.042509567457744556,-0.042451008432927644,-0.0703032504607578,0.012490432542255426,0.2296967495392412,0.14869344175827562,0.01048696485869987,0.05299653231644442,0.14139872522185407,3.2477439989129423e-06,0,0,0,0,0,inf,inf,0,0,0.0,1.3409861245202657,0.0021095746375105274,0.1819443088128171,0.05529056157083496,-1.4107861245202657,0.015540411795789941,1.5960002654476635,-0.7315096720498253,0.005617559857143394,-0.004504415064168706,0.044396037251115954,-0.0015642014273230742,-0.0049960095546397595,-0.017311763299565144,0.048100870048153846,4.286581619480464,-29.014974309755665,3.9370136230303387,17.18068503672458,1.201577312782583,1.2964142358625872,0.05234147924599983,4.286581619480464,-29.014974309755665,3.9370136230303387,17.18068503672458,1.201577312782583,1.2964142358625872,0.05234147924599983
4.680999999999898,2,1,1,1,0.0009252570926294992,4.3696510150014225,4.563562320295566,5.0,0.6116497306422127,0.03796146280113063,0.4364424299006403,-0.00805560370952473,0.0288671637382604,0.00016269871967623432,0.6112975024523147,0.043841225518848635,0.005890303414462234,1.4844367779956578,0.06976499999999565,0.06976499999999565,1.0,-0.032599749949055026,-0.032366744269136334,-0.1417888924177588,-0.14170210586852744,-0.1467834830321859,-0.17438864236681378,0.0,-13.5,0.0,-0.10911093660150169,-0.10916156162237908,-0.043919013488913125,-0.043859453851182534,-0.07176455121699343,0.011080986511086865,0.22823544878300556,0.14697004990958573,0.01048696485869987,0.05440597834761299,0.1417888924177588,1.6804932754977633e-05,0,0,0,0,0,inf,inf,0,0,0.0,1.3410117220113649,0.00216751074998683,0.18189542309789158,0.055736459363876056,-1.410811722011365,0.015508964682151719,1.5958173749800797,-0.7310360355043914,0.0059747449326316695,-0.005196242863342567,0.04466589768680855,-0.0034370791294599102,-0.0021106456237960855,-0.0187522174304578,0.0470328076651153,4.212198532532867,-29.039645959116307,3.861179085942051,17.210220228305058,1.1458051510023326,1.3280547422952353,0.06879074856613705,4.212198532532867,-29.039645959116307,3.861179085942051,17.210220228305058,1.1458051510023326,1.3280547422952353,0.06879074856613705
4.690999999999901,2,1,1,2,0.0009285644914941707,4.516510928396434,4.548875048766092,5.0,0.611568647157888,0.03824809113343464,0.43644311562822297,-0.008070888088910454,0.0283251951633988,9.367707771204079e-05,0.6111866297161226,0.04410690523008036,0.005871255397686895,1.4861628980202377,0.07006499999999562,0.07006499999999562,1.0,-0.03786124552181246,-0.03796792024362895,-0.14160186312024836,-0.14163239038251182,-0.151161907079185,-0.17946310864206083,0.0,-13.5,0.0,-0.10948196243998358,-0.1095359163685295,-0.04533768046237802,-0.045278208467403096,-0.07327064792459798,0.00966231953762196,0.226729352075401,0.14518035709763888,0.01048696485869987,0.055824645321077886,0.14211825707358727,1.2188598843986334e-05,0,0,0,0,0,inf,inf,0,0,0.0,1.3410560622950298,0.002230184100276741,0.1818381997040585,0.05617961983802484,-1.41085606229503,0.015481080347512728,1.5956369278889488,-0.7305614580909026,0.006501857797568679,-0.0062215256696270295,0.04391551405346141,-0.0051591870029128505,-0.003736035302146207,-0.017236588603679277,0.04790070987975223,4.21948120606604,-29.036793473631633,3.8719307299736836,17.200721699875274,1.1587177907246242,1.3161000218663694,0.061409716405155315,4.21948120606604,-29.036793473631633,3.8719307299736836,17.200721699875274,1.1587177907246242,1.3161000218663694,0.061409716405155315
4.700999999999905,2,1,1,2,0.0009328851387083994,4.5741241212934955,4.548592635322409,5.0,0.6114875893732127,0.03852844105285439,0.43644469732079094,-0.008163453434688807,0.02783881919207661,0.00021794537798757615,0.6110724814218893,0.04437202261218142,0.00585830692707021,1.486913800338828,0.07036499999999558,0.07036499999999558,1.0,-0.03696024360426942,-0.037025918263445146,-0.14100715794208155,-0.1410351023066404,-0.15012452743088348,-0.177967401546351,0.0,-13.5,0.0,-0.10985577269115059,-0.10991054740013097,-0.04675038696335992,-0.04669120595932086,-0.07477659433450057,0.008249613036640067,0.22522340566549842,0.14339384034549,0.01048696485869987,0.05723735182205978,0.14211825707358727,6.103477814597873e-06,0,0,0,0,0,inf,inf,0,0,0.0,1.3411154911247976,0.00229756466673902,0.18176967113303139,0.05661450734508915,-1.4109154911247976,0.015436673451046106,1.5954709548279546,-0.7300801441605362,0.006916273861727287,-0.0073746735575001944,0.043161881892686785,-0.006557770476378914,-0.004868503253525249,-0.016186904566507725,0.04823996389539288,4.235100281602367,-29.02882560724952,3.8907373673866266,17.185185579996634,1.1763032770397908,1.2994397734033323,0.055504439300768094,4.235100281602367,-29.02882560724952,3.8907373673866266,17.185185579996634,1.1763032770397908,1.2994397734033323,0.055504439300768094
4.710999999999908,2,1,1,2,0.0009386720494541081,4.599268305929851,4.5538203487491,5.0,0.611404769896778,0.038805166835546204,0.43644769820016976,-0.008394926417126056,0.027557543087795035,0.00036925318197110756,0.6109550646108195,0.044636561311462854,0.005848708949671738,1.4872271675196254,0.07066499999999555,0.07066499999999555,1.0,-0.03597154944283997,-0.03601443818318169,-0.14046482804836302,-0.14048994707638762,-0.14908757921035645,-0.17643637749120303,0.0,-13.5,0.0,-0.11021994570101086,-0.11027524133480922,-0.04815742981146438,-0.04809851301820343,-0.07627210888425072,0.006842570188535608,0.2237278911157483,0.14162262448752527,0.01048696485869987,0.058644394670164246,0.14211825707358727,3.6221486370454363e-06,0,0,0,0,0,inf,inf,0,0,0.0,1.3411881976700282,0.0023686500423720663,0.1816894438948261,0.057042534017499605,-1.4109881976700283,0.015385306306215743,1.5953121643864632,-0.7295975588663087,0.0072585050380031,-0.008556352514832449,0.04252139037719582,-0.007845237654941087,-0.005282949192199706,-0.015683072883413553,0.048246841740035636,4.240008852692465,-29.024073364457724,3.897803462382451,17.175007664538743,1.1830755410904388,1.2893970678444278,0.05346314959189885,4.240008852692465,-29.024073364457724,3.897803462382451,17.175007664538743,1.1830755410904388,1.2893970678444278,0.05346314959189885
4.720999999999911,2,1,1,2,0.0009460202119425378,4.607900096524296,4.560569834024775,5.0,0.6113191925035963,0.03907971982290963,0.4364522430127195,-0.008699905057251012,0.027382290812122564,0.0005238168207136957,0.6108343865257351,0.0449005050099316,0.00584093973857156,1.4873770942451898,0.07096499999999552,0.07096499999999552,1.0,-0.035011777147677114,-0.03504131226892053,-0.1399808559334752,-0.1400029000802423,-0.14810165400527786,-0.17499263308115232,0.0,-13.5,0.0,-0.1105743337372891,-0.11062997929529066,-0.04955936649503506,-0.049500684067295506,-0.07775750867625025,0.0054406335049649365,0.22224249132374874,0.1398662997676763,0.01048696485869987,0.060046331353734925,0.14211825707358727,3.0342912802302774e-06,0,0,0,0,0,inf,inf,0,0,0.0,1.3412735837308114,0.0024429439548280547,0.18159729138809239,0.05746455103226069,-1.4110735837308115,0.015331917718590332,1.595156791717765,-0.7291156040669029,0.007565680672640494,-0.009756572688333591,0.04194807682733957,-0.009105603476270322,-0.00535018114205658,-0.015444025164219114,0.048145271750390524,4.239833875572747,-29.020876756216158,3.8992788192477463,17.167853562875578,1.184430740982453,1.2829801572508663,0.05280209127540744,4.239833875572747,-29.020876756216158,3.8992788192477463,17.167853562875578,1.184430740982453,1.2829801572508663,0.05280209127540744
4.730999999999915,2,1,1,2,0.0009548859754428254,4.608364988637649,4.567000736592625,5.0,0.6112303349901431,0.0393528546318669,0.4364582983698276,-0.009042902776579244,0.027262532544148996,0.0006710126013001504,0.6107104546106287,0.045163837426297065,0.005834192030278702,1.4874921495063387,0.07126499999999548,0.07126499999999548,1.0,-0.0341243269529667,-0.03414554410973704,-0.13955698286835316,-0.13957598620638134,-0.14718621093663017,-0.1736813098213199,0.0,-13.5,0.0,-0.11091950316300826,-0.11097539530746026,-0.05095679491330378,-0.050898316070528714,-0.0792334290631268,0.0040432050866962225,0.22076657093687224,0.13812370192368845,0.01048696485869987,0.06144375977200364,0.14211825707358727,3.0618100166364957e-06,0,0,0,0,0,inf,inf,0,0,0.0,1.341371616997208,0.002520208000004569,0.18149306605659252,0.05788109007938671,-1.4111716169972082,0.015278835793632577,1.5950030794485532,-0.728634863547077,0.007856288476425694,-0.01096883843269584,0.041418625016978544,-0.010377523341004115,-0.005258913229958789,-0.015322097852575317,0.04801422291970304,4.237099919976199,-29.01832450985224,3.897960180378145,17.16242829190065,1.183132840287143,1.2785578734904357,0.05264877568434731,4.237099919976199,-29.01832450985224,3.897960180378145,17.16242829190065,1.183132840287143,1.2785578734904357,0.05264877568434731
4.740999999999918,2,1,1,1,0.0009632869176972305,4.405509846088636,4.55877479901561,5.0,0.6111357508545088,0.039628628575678664,0.4364638679487963,-0.009900945000036283,0.028014660605744934,0.0003294874771987072,0.6105832765102047,0.045426542316975384,0.005824176478493035,1.4881695131594446,0.07156499999999545,0.07156499999999545,1.0,-0.031161694862166283,-0.0309128690168989,-0.1406154923780298,-0.14053938056588453,-0.14356882411820202,-0.17177718724019608,0.0,-13.5,0.0,-0.1112337085849535,-0.11128527442523137,-0.05235618728485081,-0.05229717012824426,-0.08067675019185003,0.0026438127151492017,0.219323249808149,0.1364101041301962,0.01048696485869987,0.06284315214355066,0.14211825707358727,2.0465276540627127e-05,0,0,0,0,0,inf,inf,0,0,0.0,1.341483828649609,0.002600155452743348,0.18137789443887659,0.05829490094932512,-1.411283828649609,0.015236449080323537,1.5948434830121907,-0.7281593303998241,0.008114116808550063,-0.011879588582260552,0.04147579856565709,-0.012039330111456149,-0.0029945198473396908,-0.016758797160224534,0.04705296011479699,4.186311281632941,-29.035039130918417,3.846423059559928,17.18488004213997,1.1442470787917394,1.3037806679907344,0.06454945422766897,4.186311281632941,-29.035039130918417,3.846423059559928,17.18488004213997,1.1442470787917394,1.3037806679907344,0.06454945422766897
4.750999999999921,2,1,1,2,0.0009670747289678696,4.474699789531543,4.538581846330957,5.0,0.6110337674161962,0.039910610202130964,0.43646470617407257,-0.010220653338122696,0.028003720747784847,2.6337221070714596e-05,0.6104528600694076,0.04568860347709146,0.005807121458264989,1.4897672750938458,0.07186499999999542,0.07186499999999542,1.0,-0.03698802218549635,-0.037127312674109854,-0.1410719205186508,-0.14111283349361323,-0.14799195876330148,-0.17805994270414713,0.0,-13.5,0.0,-0.11157462867716385,-0.11162790393832846,-0.05376755628916912,-0.05370830127705977,-0.0821332366923058,0.0012324437108309004,0.21786676330769322,0.13465781503366753,0.01048696485869987,0.06425452114786896,0.14211825707358727,1.66497087889655e-05,0,0,0,0,0,inf,inf,0,0,0.0,1.3416151517046133,0.002683462020056187,0.18125457237855694,0.05870877857065007,-1.4114151517046134,0.015210831554653992,1.5946750964788217,-0.7276893601785362,0.008536950440290307,-0.012786003143104045,0.041097584832519234,-0.013951638574355633,-0.0031352249934798915,-0.016174264556176574,0.047337873523392436,4.161309452436881,-29.043577228402746,3.823038742465156,17.19481502460414,1.129990146869446,1.3128097332426196,0.06588598114795113,4.161309452436881,-29.043577228402746,3.823038742465156,17.19481502460414,1.129990146869446,1.3128097332426196,0.06588598114795113
4.760999999999925,2,1,1,2,0.0009711281580395961,4.556093173232998,4.5357284385811125,5.0,0.6109319853174335,0.0401870364767276,0.4364657226893136,-0.010184978436635987,0.02740132933033226,0.00017266769011539803,0.6103192133329375,0.04595000474147852,0.005795454488261425,1.490470592869958,0.07216499999999539,0.07216499999999539,1.0,-0.03603468420320877,-0.03612112930988246,-0.14029001107893335,-0.1403259356599748,-0.14682460474272935,-0.17632469528214212,0.0,-13.5,0.0,-0.11193949344317242,-0.11199384455200313,-0.05517389649604972,-0.0551150218799019,-0.08360673427303561,-0.0001738964960497028,0.21639326572696338,0.13288661006077837,0.01048696485869987,0.06566086135474954,0.14211825707358727,8.277339931063774e-06,0,0,0,0,0,inf,inf,0,0,0.0,1.3417629039090255,0.0027710566462260736,0.18112031174946513,0.05911527969630459,-1.4115629039090256,0.015170385350772314,1.5945227643610163,-0.7272124375382649,0.008922815941790403,-0.013955758558760373,0.040313618903916534,-0.01540954645101911,-0.004595994806819992,-0.014628034235502267,0.04786326306770581,4.1848295653333505,-29.029675970713356,3.850204838870683,17.17355320305832,1.1540064794862757,1.2894838414932503,0.057132231222393026,4.1848295653333505,-29.029675970713356,3.850204838870683,17.17355320305832,1.1540064794862757,1.2894838414932503,0.057132231222393026
4.770999999999928,2,1,1,2,0.000976901796326173,4.5929217419418755,4.541082152173244,5.0,0.6108293494963258,0.040459058809894775,0.4364684442554625,-0.010350724934749873,0.027066667595069312,0.00035619297105861364,0.6101823445447546,0.046210729985675256,0.005787947539643192,1.490616405002159,0.07246499999999535,0.07246499999999535,1.0,-0.03494350167573081,-0.0350005984352697,-0.13959630309655757,-0.1396278864851257,-0.14569450624097252,-0.17453980477228836,0.0,-13.5,0.0,-0.11229386266864892,-0.11234890327123397,-0.05657291145562264,-0.056514372120178624,-0.08506871041230718,-0.001572911455622611,0.21493128958769184,0.13113322587572895,0.01048696485869987,0.06705987631432245,0.14211825707358727,4.480487090400246e-06,0,0,0,0,0,inf,inf,0,0,0.0,1.341924149867954,0.0028619711093279114,0.18097416311872677,0.05951482549089104,-1.411724149867954,0.015120983213627794,1.5943810174639867,-0.7267333937660027,0.009220778762673399,-0.015157999780699396,0.03967677913733448,-0.01669513170953263,-0.005127242620867698,-0.013887481029324696,0.047898881686679856,4.193507731520874,-29.02066978842058,3.8612197261575316,17.16007818832422,1.1638628914709572,1.2757781739427196,0.05415054890379785,4.193507731520874,-29.02066978842058,3.8612197261575316,17.16007818832422,1.1638628914709572,1.2757781739427196,0.05415054890379785
4.780999999999931,2,1,1,2,0.0009845460436566358,4.60691466468784,4.5490694149505515,5.0,0.6107244066579127,0.040728562438838364,0.4364730476998564,-0.010624433657582295,0.026868921130788537,0.0005450302692332166,0.6100422621475707,0.04647076312692049,0.005782576404614174,1.4905666509387572,0.07276499999999532,0.07276499999999532,1.0,-0.03387779735704532,-0.033917710856294095,-0.13898638066801366,-0.13901371282609837,-0.14464477421811295,-0.172864178025059,0.0,-13.5,0.0,-0.11263738075367896,-0.11269289069835071,-0.057965451596871574,-0.057907204597939764,-0.08651980683314807,-0.002965451596871543,0.21348019316685096,0.12939716764944997,0.01048696485869987,0.06845241645557139,0.14211825707358727,3.2216226265879005e-06,0,0,0,0,0,inf,inf,0,0,0.0,1.3420978972876676,0.0029556194535333294,0.1808158691274435,0.0599084948387257,-1.4118978972876677,0.015069006900869705,1.5942442255031817,-0.7262550069634065,0.009478929880959757,-0.016381228797854464,0.03912296362252602,-0.017928390550593226,-0.005211091180702565,-0.0135494052405487,0.04777774025611893,4.1952321757191555,-29.014163166981895,3.864643888761147,17.151028587815325,1.166629030474469,1.2673932300602042,0.05318795630156682,4.1952321757191555,-29.014163166981895,3.864643888761147,17.151028587815325,1.166629030474469,1.2673932300602042,0.05318795630156682
4.790999999999935,2,1,1,2,0.000994019724850719,4.6094956690335165,4.557065445125611,5.0,0.6106163830803888,0.040996514221898726,0.4364794973127777,-0.010955051780703563,0.026741616033350377,0.0007248567204219599,0.6098989747823279,0.0467300881251452,0.005778282129674498,1.4904892140193136,0.07306499999999529,0.07306499999999529,1.0,-0.032897884694762486,-0.03292711159652559,-0.13845689484789236,-0.13848022575556637,-0.14368907665630518,-0.17135477954265485,0.0,-13.5,0.0,-0.11297068769033852,-0.1130265341011561,-0.05935233930567322,-0.05929434332815017,-0.08796091981012448,-0.004352339305673194,0.21203908018987455,0.12767697300398875,0.01048696485869987,0.06983930416437305,0.14211825707358727,3.054689390925815e-06,0,0,0,0,0,inf,inf,0,0,0.0,1.3422839706078047,0.0030517456252203805,0.18064526376656695,0.060296927811163734,-1.4120839706078048,0.01501744230789688,1.5941096533375256,-0.7257781139980786,0.009720593318547095,-0.01761790883037073,0.03862065616054584,-0.019165874456173224,-0.0050929468692336955,-0.013399563095498007,0.047614737256865526,4.193490887039501,-29.008828241157524,3.864313864458196,17.14452725261242,1.1659300584174113,1.2619679829097517,0.05294853855523096,4.193490887039501,-29.008828241157524,3.864313864458196,17.14452725261242,1.1659300584174113,1.2619679829097517,0.05294853855523096
4.800999999999938,2,1,1,2,0.0009975906831362893,4.350362194228208,4.48427149670408,5.0,0.6104987453079316,0.04127080747624284,0.4364811281349997,-0.012644447460531102,0.0281667558232991,-0.0008247290316150354,0.6097524912876657,0.046988688983961975,0.0057663735570182536,1.4916177384511358,0.07336499999999525,0.07336499999999525,1.0,-0.040506384612642485,-0.04064179039356592,-0.14020486094776036,-0.14024760436506103,-0.14564922657388918,-0.18071124556040286,0.0,-13.5,0.0,-0.11326022899016129,-0.11331755731598162,-0.060744964521787605,-0.060686079961344695,-0.08937417156294362,-0.005744964521787584,0.21062582843705538,0.1259948064880516,0.01048696485869987,0.07123192938048745,0.14211825707358727,8.892427436498734e-06,0,0,0,0,0,inf,inf,0,0,0.0,1.3424919311763288,0.003149819674489637,0.18046378990264073,0.06068495595430887,-1.412291931176329,0.01498787751932258,1.5939611226824872,-0.7253071536053562,0.00989223037977651,-0.018587667838279396,0.03903231616504059,-0.023272143154670633,-0.0007257060372110161,-0.01598556154336573,0.04703289986875564,4.098335224469282,-29.06228941652147,3.7654523386343737,17.227801214375823,1.0785769016592504,1.3477719263073764,0.06483702523583763,4.098335224469282,-29.06228941652147,3.7654523386343737,17.227801214375823,1.0785769016592504,1.3477719263073764,0.06483702523583763
4.810999999999941,2,1,1,2,0.0009862990325264767,4.516098766106296,4.477904773084236,5.0,0.6103755659826973,0.0415464904706748,0.4364740160290683,-0.01213481117317315,0.027176421023582996,-0.0006002113278430864,0.6096028206993761,0.04724654975165171,0.005752200542361688,1.4929302429617342,0.07366499999999522,0.07366499999999522,1.0,-0.039087095116064285,-0.039253166016349234,-0.13931938986753564,-0.1393613908291171,-0.14433247480166544,-0.17840648498359993,0.0,-13.5,0.0,-0.1136569278513351,-0.11371632215097253,-0.06214212840884847,-0.06208367109980982,-0.09082324138997763,-0.007142128408848455,0.20917675861002136,0.12420094373981691,0.01048696485869987,0.07262909326754834,0.14211825707358727,1.658182274579057e-05,0,0,0,0,0,inf,inf,0,0,0.0,1.3427330288443091,0.0032513541570400395,0.18027209242117825,0.06107013311975952,-1.4125330288443092,0.01496260017072135,1.5938205934347078,-0.7248339771034445,0.010336499738943296,-0.01965725077921211,0.038137658980560804,-0.024713552603079177,-0.003632794761883917,-0.012813187874596505,0.04744823631069343,4.13761820103096,-29.03311862404845,3.810345893676895,17.18612378758421,1.1258435693221682,1.3010888807820429,0.05705869787054589,4.13761820103096,-29.03311862404845,3.810345893676895,17.18612378758421,1.1258435693221682,1.3010888807820429,0.05705869787054589
4.820999999999945,2,1,1,2,0.0009784883935595448,4.594011141190936,4.488528898683482,5.0,0.6102549766636725,0.041815169947084375,0.4364696210928667,-0.012043728511472182,0.026664285238838955,-0.0003029223221135894,0.6094499722498459,0.04750365452214763,0.005745162214160089,1.4931764662751466,0.07396499999999519,0.07396499999999519,1.0,-0.037502467443411076,-0.0376126417697231,-0.13848714209967822,-0.13852505866985027,-0.14307066427443757,-0.1759896095430893,0.0,-13.5,0.0,-0.11403921730919922,-0.11409993879136077,-0.0635306775005674,-0.06347261945539208,-0.09225957104311072,-0.008530677500567376,0.20774042895688824,0.1224301051902339,0.01048696485869987,0.07401764235926726,0.14211825707358727,8.458541328926225e-06,0,0,0,0,0,inf,inf,0,0,0.0,1.3429862765809468,0.0033564482624769652,0.18006933770305636,0.06144760430936649,-1.412786276580947,0.014919018688802457,1.5937015893686473,-0.7243593836653861,0.01063679705410629,-0.020788910570732143,0.03745051511638636,-0.02579340855705543,-0.004773729137890265,-0.011332723667718937,0.0474329568858413,4.1545893605325865,-29.01481126885012,3.83048644973756,17.16059534834038,1.1464366217979072,1.274211133858387,0.05421732430076548,4.1545893605325865,-29.01481126885012,3.83048644973756,17.16059534834038,1.1464366217979072,1.274211133858387,0.05421732430076548
4.830999999999948,2,1,1,2,0.0009741067081249491,4.626641923221829,4.505033732965766,5.0,0.6101339155301917,0.04208018244376653,0.43646829525774133,-0.012183441897210111,0.026391930900025413,5.806988060150201e-06,0.6092939553674876,0.04775998743601643,0.0057415779908416,1.4930268414073373,0.07426499999999515,0.07426499999999515,1.0,-0.035889581484334056,-0.03596717760123011,-0.1377498635732865,-0.13778248562784476,-0.14190599380672012,-0.17363944505762055,0.0,-13.5,0.0,-0.11440530898081774,-0.11446693948106289,-0.06491140806624028,-0.06485370045332112,-0.09368377396095143,-0.009911408066240263,0.20631622603904756,0.1206832829529425,0.01048696485869987,0.07539837292494014,0.14211825707358727,4.6606100599752975e-06,0,0,0,0,0,inf,inf,0,0,0.0,1.343249531191747,0.003464146690700062,0.1798550180702569,0.061818911412144885,-1.413049531191747,0.014869162477271877,1.5935920851183545,-0.7238858653041751,0.010872696655532307,-0.02196347445096793,0.03688268864120684,-0.02675411206499842,-0.0050766079985063795,-0.010728456368455697,0.04727490500813437,4.160525148974948,-29.00238954293577,3.838430855882121,17.144392254582613,1.153896232076588,1.2585025967333292,0.0532580431243886,4.160525148974948,-29.00238954293577,3.838430855882121,17.144392254582613,1.153896232076588,1.2585025967333292,0.0532580431243886
4.840999999999951,2,1,1,1,0.0009728218475923691,4.177234330495924,4.5154675383093394,5.0,0.610010742875309,0.04234330808537413,0.4364699151547775,-0.012406064755179016,0.026348136708963462,0.00023095493748220201,0.6091347796761574,0.04801553268143651,0.005739463685262153,1.4928102740590872,0.07456499999999512,0.07456499999999512,1.0,-0.032327110193548475,-0.032207612487420295,-0.13720732509395417,-0.1371896352071783,-0.14163927737706256,-0.16953443528750262,0.0,-13.5,0.0,-0.1147538068739067,-0.11481467874526426,-0.0662854324590754,-0.0662279765477744,-0.09509778258364421,-0.011285432459075385,0.20490221741635478,0.11896076066701845,0.01048696485869987,0.07677239731777526,0.14211825707358727,8.404355436858448e-06,0,0,0,0,0,inf,inf,0,0,0.0,1.3435225299670137,0.0035740358127053736,0.17962877717636733,0.062185006465499904,-1.4133225299670138,0.014818938740862845,1.593486320588447,-0.7234140127869861,0.011077597298845216,-0.023167933213780415,0.036426225109438035,-0.027923492151453722,-0.004677273726953044,-0.010216352150101901,0.0472424143776291,4.160802796474889,-28.991830060819208,3.840182039394324,17.132679320243795,1.1549930748613408,1.2489365152806768,0.05302794986305402,4.160802796474889,-28.991830060819208,3.840182039394324,17.132679320243795,1.1549930748613408,1.2489365152806768,0.05302794986305402
4.850999999999955,2,1,1,1,0.0009698865053386066,4.1961808897376836,4.471095416579129,5.0,0.6098869129830662,0.042610554089162096,0.4364700052011722,-0.012393936146187307,0.026946270507031432,-0.0001729667163789778,0.6089724549945615,0.048270274495173446,0.005733120309827907,1.493464586314159,0.07486499999999509,0.07486499999999509,1.0,-0.034293884666787906,-0.03417449610769825,-0.13765218052146128,-0.137625524124054,-0.14187110117560425,-0.17194606518824915,0.0,-13.5,0.0,-0.11508851351926688,-0.11514795536324382,-0.06765982964692763,-0.06760213048966864,-0.09651571173813041,-0.012659829646927615,0.20348428826186854,0.11725165683380602,0.01048696485869987,0.07814679450562749,0.14211825707358727,1.2996168215057371e-05,0,0,0,0,0,inf,inf,0,0,0.0,1.343818016587962,0.003685992991857829,0.17939059624750045,0.06254859465795876,-1.4136180165879622,0.01478484269302751,1.5934004382558338,-0.7229368420617596,0.011310796117279831,-0.024341721741350394,0.03628860014004362,-0.030832838216243684,-0.0026981486375005095,-0.007419484780205709,0.047959777945988644,4.130883070681561,-28.977921395811904,3.809068016244791,17.11229146170995,1.11579200293011,1.221492805817775,0.044486730409110664,4.130883070681561,-28.977921395811904,3.809068016244791,17.11229146170995,1.11579200293011,1.221492805817775,0.044486730409110664
4.860999999999958,2,1,1,1,0.0009629373821177503,4.225708851005235,4.436037309283958,5.0,0.6097623238437683,0.042881325087362546,0.43646614373526693,-0.012530131191143745,0.02714417823635683,-0.0005545188867931006,0.6088069913356511,0.04852419716355222,0.005723169180559547,1.494696680189095,0.07516499999999506,0.07516499999999506,1.0,-0.03600824189669644,-0.035921561973760334,-0.138112453177765,-0.13808934461860317,-0.14205967969728692,-0.17412069507446148,0.0,-13.5,0.0,-0.1154410173863239,-0.11549945977508223,-0.06903895127792348,-0.06898099980004177,-0.09793549312710106,-0.014038951277923442,0.20206450687289781,0.11552003133575318,0.01048696485869987,0.07952591613662334,0.14211825707358727,7.798691455032515e-06,0,0,0,0,0,inf,inf,0,0,0.0,1.3441410197115573,0.0038007855146668635,0.1791409094788921,0.0629102751220118,-1.4139410197115574,0.014761493704383094,1.5933374212418054,-0.7224561413926468,0.01162367608199109,-0.02547834728462793,0.03605669530190207,-0.0334627735264233,-0.0021689324379716934,-0.005488320889474578,0.048121046799906364,4.10949205319308,-28.968296060668724,3.7887270499871946,17.099327026369227,1.0992483371878907,1.2035877178796992,0.04270906987614226,4.10949205319308,-28.968296060668724,3.7887270499871946,17.099327026369227,1.0992483371878907,1.2035877178796992,0.04270906987614226
4.870999999999961,2,1,1,2,0.0009531984757764891,4.7044242733258095,4.434914552180446,5.0,0.6096355739952339,0.0431521579138312,0.4364594204396375,-0.012864262066528577,0.026854921344596817,-0.000608833789760551,0.6086383989060041,0.04877728502342654,0.0057128288227186455,1.495857953017102,0.07546499999999502,0.07546499999999502,1.0,-0.03874288764503544,-0.0388936569409859,-0.13818923579795175,-0.13820832343846884,-0.14093187778373456,-0.1769321234429872,0.0,-13.5,0.0,-0.11581662218943327,-0.11587654144444524,-0.07042142235530931,-0.0703634087255235,-0.09935236014605126,-0.015421422355309265,0.20064763985394757,0.11376195545525801,0.01048696485869987,0.08090838721400917,0.14211825707358727,1.4656383432293928e-05,0,0,0,0,0,inf,inf,0,0,0.0,1.3444869090287568,0.003918898174446827,0.17888000232687495,0.06326895221921403,-1.4142869090287569,0.01473749538643084,1.5932877370551097,-0.7219761726249339,0.01197004697532056,-0.026579989875125744,0.035647134279718745,-0.03502646270726558,-0.00310429057568155,-0.0052018106817230845,0.047618600341800425,4.100339377857832,-28.96342089196621,3.7824696438133216,17.093934760343622,1.1044772899490258,1.1964292466190127,0.04636778422546321,4.100339377857832,-28.96342089196621,3.7824696438133216,17.093934760343622,1.1044772899490258,1.1964292466190127,0.04636778422546321
4.880999999999965,2,1,1,2,0.0009464761853193162,4.7111835392863615,4.471757523798068,5.0,0.6095040646959005,0.043417620588562876,0.4364554712178721,-0.013386078056321962,0.026338477524888566,-0.00022062514507379432,0.6084666881051957,0.04902952246314507,0.005706977557418764,1.4961339351770746,0.07576499999999499,0.07576499999999499,1.0,-0.03682509341220495,-0.03692937872957733,-0.13760670712880738,-0.13763716323283195,-0.14003600256790294,-0.17443180054101232,0.0,-13.5,0.0,-0.11619350356264908,-0.11625465406110264,-0.07180028517971022,-0.07174253725890246,-0.10075695431659815,-0.01680028517971019,0.1992430456834007,0.11200621125764125,0.01048696485869987,0.08228725003841009,0.14211825707358727,7.569380995208975e-06,0,0,0,0,0,inf,inf,0,0,0.0,1.3448390537128665,0.004040252762434656,0.17860801356436773,0.06362226216235436,-1.4146390537128666,0.014698556844173653,1.5932282236600113,-0.7215041215408532,0.012257432820606616,-0.027718284226766893,0.03507780076412379,-0.035396227380396314,-0.00435015617798848,-0.006526246031129014,0.046956129710347586,4.1062540972370565,-28.960332937629733,3.7920747890880544,17.094419616440753,1.1252880463509018,1.2018423799490736,0.05213359659442274,4.1062540972370565,-28.960332937629733,3.7920747890880544,17.094419616440753,1.1252880463509018,1.2018423799490736,0.05213359659442274
4.890999999999968,2,1,1,1,0.0009436447598947508,4.2425719293959725,4.503246859105348,5.0,0.6093673958403208,0.043679265119649376,0.43645531999984966,-0.013894830276749637,0.026044638109971242,0.00014820434375200213,0.6082918695251567,0.0492808939235144,0.0057039461875881105,1.4959523679117293,0.07606499999999496,0.07606499999999496,1.0,-0.03500888075433479,-0.03394889564974641,-0.1369147211204899,-0.13694691142485893,-0.13902016427030306,-0.17192360187482472,0.0,-13.5,0.0,-0.11655161975928208,-0.11661251229792029,-0.07317257177646758,-0.07311514253144553,-0.10215174715399088,-0.01817257177646757,0.197848252846008,0.11027580846425089,0.01048696485869987,0.08365953663516744,0.14211825707358727,4.419954739814706e-06,0,0,0,0,0,inf,inf,0,0,0.0,1.3451959448833495,0.0041640857824523335,0.17832423695162958,0.06397010942009189,-1.4149959448833496,0.014652615439331567,1.5931569234984686,-0.721036451800006,0.012479573655614308,-0.028924975414644324,0.03455184318436382,-0.03595751602896693,-0.004706509601247412,-0.007583333190699294,0.04663641571211154,4.108136450198065,-28.956035669496448,3.7963310908285335,17.09430872450529,1.133001430455036,1.2060537893912018,0.053476349345745855,4.108136450198065,-28.956035669496448,3.7963310908285335,17.09430872450529,1.133001430455036,1.2060537893912018,0.053476349345745855
4.900999999999971,2,1,1,1,0.0009403774370738962,4.2453833634669795,4.468499644040985,5.0,0.6092273525594216,0.04394257590208657,0.43645488416754963,-0.0141049501306325,0.026494235851809614,-0.00020129282754695509,0.6081139539495207,0.04953138389875877,0.005698634159883959,1.4962629553993116,0.07636499999999492,0.07636499999999492,1.0,-0.034598146454666204,-0.03449038911767369,-0.13698586851192496,-0.1369767941643148,-0.1399648364160677,-0.17158401496659118,0.0,-13.5,0.0,-0.11688989786791844,-0.1169495543288981,-0.0745419809131626,-0.07448448713136249,-0.1035516400532662,-0.01954198091316261,0.19644835994673265,0.1085681212189195,0.01048696485869987,0.08502894577186246,0.14211825707358727,9.704054033329525e-06,0,0,0,0,0,inf,inf,0,0,0.0,1.3455706119760609,0.004289911278277758,0.17802801363343576,0.0643144189094943,-1.415370611976061,0.014616659180740553,1.593091571823173,-0.7205652100170501,0.012680815792361747,-0.03018434077391761,0.03432303341472294,-0.03867310618034012,-0.0029620171852301866,-0.005755283068965662,0.04736830065333979,4.087184396665273,-28.945395784894952,3.775119692232482,17.084611727525253,1.1048484288173195,1.1935306380736095,0.04551426002030606,4.087184396665273,-28.945395784894952,3.775119692232482,17.084611727525253,1.1048484288173195,1.1935306380736095,0.04551426002030606
4.910999999999975,2,1,1,1,0.0009335557998511315,4.259997842279948,4.439397961780029,5.0,0.6090849093256603,0.04420836424527899,0.4364510194088775,-0.014365249013409628,0.02661505997743927,-0.0005330072202519929,0.6079329523529586,0.04978097693747661,0.005690432064808253,1.4970704973042581,0.07666499999999489,0.07666499999999489,1.0,-0.036169096458924264,-0.03609089576570568,-0.1370922747332179,-0.13708531349135264,-0.13990825619189126,-0.1732613711921421,0.0,-13.5,0.0,-0.1172446589001947,-0.11730341249962968,-0.07591246933592388,-0.07585489167411831,-0.10495101100697375,-0.02091246933592391,0.1950489889930251,0.10684287176388195,0.01048696485869987,0.08639943419462374,0.14211825707358727,6.1314588558635e-06,0,0,0,0,0,inf,inf,0,0,0.0,1.3459713901049877,0.004418129764279129,0.17771945040539544,0.06465609872579772,-1.4157713901049878,0.014590501018871696,1.5930420365670312,-0.7200905702106142,0.012942099637607486,-0.03140171111010969,0.034032199330317044,-0.04119915975208261,-0.0024437906472684397,-0.00434852486961347,0.047498378782669354,4.0694747738483015,-28.936716248992006,3.758604674421946,17.077808356102786,1.0907233821155196,1.1834108827544207,0.04312489573498493,4.0694747738483015,-28.936716248992006,3.758604674421946,17.077808356102786,1.0907233821155196,1.1834108827544207,0.04312489573498493
4.920999999999978,2,1,1,2,0.0009247338911161076,4.722365470943389,4.447434995613342,5.0,0.6089393699114214,0.04447343863526441,0.436445113450791,-0.014760672706436582,0.026269505107689873,-0.0004719120651864406,0.6077488759005014,0.05002965764359357,0.005682327486035511,1.497784965206827,0.07696499999999486,0.07696499999999486,1.0,-0.03817927556264587,-0.03831882060062478,-0.13684479630180219,-0.13687230343968396,-0.13825537165733903,-0.17502407186444807,0.0,-13.5,0.0,-0.11762078616518584,-0.11768113412145667,-0.07728281522669758,-0.07722532874155032,-0.10634259732057703,-0.022282815226697627,0.19365740267942183,0.10509639860811704,0.01048696485869987,0.08776978008539744,0.14211825707358727,1.2190007315562812e-05,0,0,0,0,0,inf,inf,0,0,0.0,1.3463932709897248,0.004549115290784597,0.17739898633837653,0.06499425575083335,-1.416193270989725,0.014563454971002636,1.5930011250985747,-0.7196176401306562,0.013229373696004968,-0.032554112247674634,0.03358526067460349,-0.042503747345713286,-0.0033500972151378127,-0.0044748325664669296,0.046870742187116524,4.063168043716134,-28.93091306167107,3.755256052718236,17.07567957044898,1.098371610512501,1.181185418735766,0.047421768607685225,4.063168043716134,-28.93091306167107,3.755256052718236,17.07567957044898,1.098371610512501,1.181185418735766,0.047421768607685225
4.930999999999981,2,1,1,2,0.0009196227690258232,4.720204075381927,4.484384684780889,5.0,0.6087889832198502,0.04473347443268004,0.4364427154254805,-0.01526589407557058,0.025822972797896988,-5.3254288344663036e-05,0.6075617359468518,0.050277410677312354,0.005678148021461735,1.4977732974618632,0.07726499999999482,0.07726499999999482,1.0,-0.036108001264768944,-0.03620796443728572,-0.13611455087348828,-0.13615029734789813,-0.13723887541124996,-0.17222255213825727,0.0,-13.5,0.0,-0.11799108948818465,-0.11805259864846133,-0.07864737259971458,-0.07859021667992674,-0.10771968363527942,-0.023647372599714632,0.19228031636471946,0.10336153791210123,0.01048696485869987,0.08913433745841444,0.14211825707358727,6.4544196110722685e-06,0,0,0,0,0,inf,inf,0,0,0.0,1.3468201444973666,0.004682736023958365,0.17706706729651864,0.06532707653867663,-1.4166201444973667,0.01452415948147776,1.5929493360235698,-0.7191528017314875,0.01345994097217994,-0.03372452216037035,0.03303931587097071,-0.04286783410083535,-0.00424888324971987,-0.005714130606748064,0.04624438270900865,4.066920534493088,-28.925060710475083,3.7622367775982206,17.075965798009396,1.1145261938083293,1.1865649329020191,0.0523481303349877,4.066920534493088,-28.925060710475083,3.7622367775982206,17.075965798009396,1.1145261938083293,1.1865649329020191,0.0523481303349877
4.940999999999985,2,1,1,1,0.0009165690604884527,4.265525435904149,4.472467581666367,5.0,0.6086342769753241,0.044992020698430425,0.4364423903149965,-0.0155956118352774,0.025988272167233067,-0.00015248411551758238,0.6073715440356835,0.05052422075605878,0.005674480765186947,1.497751419748789,0.07756499999999479,0.07756499999999479,1.0,-0.034610528963743295,-0.034508685407756985,-0.1357312621858361,-0.13573541720077628,-0.13794418074826698,-0.1703417911495794,0.0,-13.5,0.0,-0.11833711047043516,-0.1183970694380176,-0.08000573883657058,-0.07994873810541496,-0.109096891192071,-0.025005738836570642,0.19090310880792785,0.10165715069299469,0.01048696485869987,0.09049270369527045,0.14211825707358727,9.468876361745315e-06,0,0,0,0,0,inf,inf,0,0,0.0,1.3472575850881003,0.004818296377241481,0.1767229064219499,0.06565528451967424,-1.4170575850881004,0.014485805743841368,1.5928938792109304,-0.7186889533414194,0.013633664539981927,-0.03499532119207528,0.03268620858365966,-0.044862154707657906,-0.003198580834808468,-0.0049200902550172575,0.04666108436797879,4.056120692397077,-28.91488521975822,3.7521876088757504,17.070832076428513,1.1003721092575123,1.1819064331797777,0.04705929262757569,4.056120692397077,-28.91488521975822,3.7521876088757504,17.070832076428513,1.1003721092575123,1.1819064331797777,0.04705929262757569
4.950999999999988,2,1,1,1,0.0009104849339074675,4.274115291585775,4.445130369506308,5.0,0.6084768031505504,0.045252703369725505,0.43643918525167114,-0.015875785624793387,0.026100612964499965,-0.0004542007014007547,0.6071783118989296,0.05077007265542463,0.005668107564726692,1.4982606935339857,0.07786499999999476,0.07786499999999476,1.0,-0.036088264308381156,-0.036015127484723575,-0.13559059765327952,-0.1355940847171006,-0.13770244557924663,-0.17167886196166066,0.0,-13.5,0.0,-0.11869147264186589,-0.1187505828144288,-0.08136227821156501,-0.08130530946039834,-0.11047500921455226,-0.026362278211565074,0.18952499078544657,0.09994624914656956,0.01048696485869987,0.09184924307026487,0.14211825707358727,5.95924450187251e-06,0,0,0,0,0,inf,inf,0,0,0.0,1.3477200681769739,0.004955770575491628,0.17636601457899553,0.06598045213304717,-1.417520068176974,0.014458100465469153,1.5928521841747063,-0.7182210695165462,0.013845655346679822,-0.036251209501388285,0.032371772447289206,-0.04735719305811472,-0.00253851742423842,-0.003595077935804623,0.046832895815896794,4.04042837093458,-28.904829605478735,3.737509537816994,17.06547461648424,1.0856459494062707,1.1737575828491957,0.04346840616537127,4.04042837093458,-28.904829605478735,3.737509537816994,17.06547461648424,1.0856459494062707,1.1737575828491957,0.04346840616537127
4.960999999999991,2,1,1,2,0.0009017643470677064,4.7291574602169915,4.435692076630704,5.0,0.6083163874742378,0.04551339690117124,0.4364333599732011,-0.016203429859858114,0.025939075081251838,-0.0005780173661669741,0.6069820514560583,0.05101495121010669,0.005661055769339959,1.498873618393322,0.07816499999999472,0.07816499999999472,1.0,-0.03893695534883379,-0.039092574945817776,-0.1353303946807095,-0.13535686355443582,-0.13597601061164322,-0.17426735002954336,0.0,-13.5,0.0,-0.11906321714827421,-0.11912327938628166,-0.0827171161844027,-0.08266023714359719,-0.11184773123050773,-0.027717116184402743,0.18815226876949112,0.09821966666732358,0.01048696485869987,0.09320408104310256,0.14211825707358727,1.33275217771487e-05,0,0,0,0,0,inf,inf,0,0,0.0,1.348205944441587,0.005095503246111448,0.17599678094534327,0.06630220335177375,-1.4180059444415871,0.014433145485173583,1.592821720954021,-0.717753398146941,0.01408352184840069,-0.03745035715000946,0.03198438727221702,-0.049258459061166,-0.0027881876518759062,-0.0029699778013181043,0.04650292192190619,4.029727826626069,-28.896296699928236,3.7288718336850617,17.062313818764192,1.0828436743606868,1.1685279924464427,0.04399856651604689,4.029727826626069,-28.896296699928236,3.7288718336850617,17.062313818764192,1.0828436743606868,1.1685279924464427,0.04399856651604689
4.970999999999995,2,1,1,2,0.0008958088810188383,4.731808346275562,4.475480595834472,5.0,0.6081517903976064,0.04576985887968503,0.43643011281196376,-0.0166717508727993,0.025448008474534003,-0.00012090026410780118,0.6067827748133385,0.051258841314842235,0.0056571310611857415,1.498910485945594,0.07846499999999469,0.07846499999999469,1.0,-0.03666791310891312,-0.03677988999501426,-0.1345702621796844,-0.13460765199588648,-0.13494170496904415,-0.1712381752885975,0.0,-13.5,0.0,-0.1194400033458483,-0.11950136348926228,-0.08406640604783833,-0.08400986457288868,-0.11320194949460391,-0.029066406047838375,0.18679805050539494,0.09649359060631385,0.01048696485869987,0.09455337090653819,0.14211825707358727,6.844167729375931e-06,0,0,0,0,0,inf,inf,0,0,0.0,1.3486996647477811,0.005237578929590276,0.1756160930187649,0.0666191071815162,-1.4184996647477812,0.014398447718310899,1.5927851325380233,-0.7172935794984437,0.014297737831861222,-0.038586605506139134,0.031453173304229594,-0.04949530823850046,-0.0038493326806717104,-0.004189312500459195,0.04566733471283405,4.032924628245705,-28.887915245071795,3.73553297485607,17.061444621812072,1.1016759045577706,1.1730314980901277,0.05132767758467968,4.032924628245705,-28.887915245071795,3.73553297485607,17.061444621812072,1.1016759045577706,1.1730314980901277,0.05132767758467968
4.980999999999998,2,1,1,1,0.0008923159361980118,4.283640547384369,4.466946781475317,5.0,0.6079830119090917,0.04602426723076254,0.43642930399177315,-0.01701370958783675,0.025532196480657174,-0.00018590739708357064,0.606580494263092,0.051501727925340746,0.005654169382675894,1.498854858974244,0.07876499999999466,0.07876499999999466,1.0,-0.035072992870230996,-0.034985734447839284,-0.1340401097896377,-0.13405289334418324,-0.13566016036235864,-0.16911310265986873,0.0,-13.5,0.0,-0.11979110534717548,-0.11985109523162785,-0.08540866489101817,-0.08535234396367,-0.11455655152667653,-0.030408664891018233,0.18544344847332234,0.0948002297618068,0.01048696485869987,0.09589562974971803,0.14211825707358727,8.047762134650221e-06,0,0,0,0,0,inf,inf,0,0,0.0,1.3492027310396622,0.005381411858575079,0.17522337939551708,0.06693137015104408,-1.4190027310396622,0.014363090959249473,1.5927442877339777,-0.7168360589498937,0.014450881308408397,-0.0398519628602652,0.03107709636068896,-0.05137549101768152,-0.0029978826898743173,-0.0035437836811895765,0.045987594318584554,4.024453510323737,-28.876347321066504,3.7280824025763892,17.05718013278083,1.0910893460823436,1.169831276048542,0.04678052526914579,4.024453510323737,-28.876347321066504,3.7280824025763892,17.05718013278083,1.0910893460823436,1.169831276048542,0.04678052526914579
4.991000000000001,2,1,1,1,0.0008861535098933218,4.290871794453402,4.442705032303306,5.0,0.6078112659661504,0.046280048501281076,0.4364259543791371,-0.017308396547453857,0.02558862022554373,-0.0004533253990528556,0.6063752222829359,0.051743596059212006,0.005649121469562612,1.499240632130219,0.07906499999999463,0.07906499999999463,1.0,-0.03642306879038478,-0.03636020769939047,-0.13371561359354306,-0.13372712599882747,-0.1352819311493983,-0.17013868238392782,0.0,-13.5,0.0,-0.12014938883994346,-0.12020864972531922,-0.0867472709908059,-0.08669106571975731,-0.11591107702606314,-0.031747270990805966,0.18408892297393567,0.09310334016925108,0.01048696485869987,0.09723423584950576,0.14211825707358727,5.35648085124902e-06,0,0,0,0,0,inf,inf,0,0,0.0,1.349729812037477,0.005526892280797249,0.17481788752683314,0.06724030919594168,-1.419529812037477,0.014336842372613404,1.5927155677213105,-0.7163752280306752,0.014631596650445123,-0.04111391562568157,0.030739800491820138,-0.05377560857398043,-0.0024174783483869983,-0.0023511534561971,0.0461056370646243,4.011464337235202,-28.86499859260642,3.7162303644661243,17.05305765203274,1.0789276996322188,1.1635472353596377,0.04331869110991246,4.011464337235202,-28.86499859260642,3.7162303644661243,17.05305765203274,1.0789276996322188,1.1635472353596377,0.04331869110991246
5.001000000000005,2,1,1,2,0.0008776942506113763,4.7390195719333175,4.435582165318054,5.0,0.6076365114804789,0.046535482548196075,0.4364203198809516,-0.017630473570722806,0.025416173039733134,-0.0005441890831334707,0.6061669715350131,0.051984430796890226,0.005643632222980762,1.499718910899774,0.07936499999999459,0.07936499999999459,1.0,-0.03909547080727035,-0.039251025847047094,-0.1333098597648695,-0.13333820712988775,-0.1333724216076736,-0.17240533057213986,0.0,-13.5,0.0,-0.12052368666051037,-0.12058394487936776,-0.0880824602646019,-0.0880264090971248,-0.11725874992271662,-0.03308246026460198,0.1827412500772822,0.09139385307488818,0.01048696485869987,0.09856942512330176,0.14211825707358727,1.1769248019000017e-05,0,0,0,0,0,inf,inf,0,0,0.0,1.3502794187084108,0.005674290404810457,0.1744000068315024,0.06754568438336081,-1.420079418708411,0.014313174498088808,1.5926971482382581,-0.7159150345712518,0.01483371912028181,-0.042312506317174516,0.030349360205482647,-0.055595662252710315,-0.002614583872746332,-0.0017660660310295881,0.04574464700989349,4.0022122917465355,-28.854732727951298,3.7089860860069472,17.05035841181092,1.0768039614671938,1.159230293399552,0.043822482549523006,4.0022122917465355,-28.854732727951298,3.7089860860069472,17.05035841181092,1.0768039614671938,1.159230293399552,0.043822482549523006
5.011000000000008,2,1,1,1,0.0008723006174386752,4.300048918957809,4.476567895090037,5.0,0.6074578637207547,0.0467869725547387,0.4364175721151392,-0.01806050030452335,0.024967952323036332,-5.933466105793289e-05,0.6059557548652105,0.052224217282554344,0.005640918475218681,1.499706254472988,0.07966499999999456,0.07966499999999456,1.0,-0.0366912343671844,-0.03577435698082054,-0.132512317080069,-0.1325501947443476,-0.1323111560196135,-0.16920355144725335,0.0,-13.5,0.0,-0.12090125740540106,-0.12096179530354167,-0.08941131723799658,-0.08935561388975345,-0.11858674027423144,-0.03441131723799667,0.1814132597257674,0.08968742535660279,0.01048696485869987,0.09989828209669645,0.14211825707358727,5.972719775368646e-06,0,0,0,0,0,inf,inf,0,0,0.0,1.3508360877130972,0.005823692720465894,0.17397083428341237,0.06784640432676917,-1.4206360877130972,0.01428120765486271,1.5926731190102632,-0.715462825559134,0.015017698258236385,-0.043423304350078545,0.029847742078659378,-0.05575637264269745,-0.00351122025803455,-0.0028972566790981297,0.04490348460982492,4.003901061364134,-28.843807564381574,3.713882546996544,17.048121731684823,1.0933258637395677,1.1623921435631626,0.05113606149729019,4.003901061364134,-28.843807564381574,3.713882546996544,17.048121731684823,1.0933258637395677,1.1623921435631626,0.05113606149729019
5.0210000000000115,2,1,1,1,0.0008676695002803039,4.302403462817558,4.4531600011297785,5.0,0.6072755823363459,0.04703761692129685,0.43641561836864284,-0.018366137306754217,0.0251063566167512,-0.00030571062582274616,0.6057415853023672,0.05246294072504443,0.005638021397242617,1.4998125711791233,0.07996499999999453,0.07996499999999453,1.0,-0.036024032549631255,-0.03595758223752327,-0.13200789598561313,-0.13202543227558278,-0.1332072338958196,-0.16803192853524437,0.0,-13.5,0.0,-0.12125563173082447,-0.12131541735423927,-0.09073355916177442,-0.09067805494940541,-0.11992098074750532,-0.035733559161774536,0.18007901925249348,0.08801080910740153,0.01048696485869987,0.10122052402047428,0.14211825707358727,5.992980122787021e-06,0,0,0,0,0,inf,inf,0,0,0.0,1.351406854214161,0.005974589781867663,0.17352950515740317,0.06814299030483216,-1.4212068542141612,0.014252471396201125,1.5926507164848964,-0.7150106581333842,0.015154860404603634,-0.044706122307819555,0.029503312448728388,-0.05813734521887228,-0.0025003927375237354,-0.0017274507282670183,0.04535395851667027,3.9934254368063398,-28.830407254290904,3.7041837286767936,17.043830684809574,1.0789869890463932,1.1575734417079449,0.0449163103899491,3.9934254368063398,-28.830407254290904,3.7041837286767936,17.043830684809574,1.0789869890463932,1.1575734417079449,0.0449163103899491
5.031000000000015,2,1,1,1,0.0008606010445763304,4.311673084282303,4.43344900989679,5.0,0.6070902622601272,0.047288617699925,0.4364113025276701,-0.01866860120966197,0.025077734781933328,-0.0005305742108893754,0.6055244760574708,0.05270058639877406,0.005633923289303027,1.5001911168464601,0.0802649999999945,0.0802649999999945,1.0,-0.03719423603033931,-0.03714590151792094,-0.1315543607871141,-0.1315717450652082,-0.13272659523006544,-0.16874859681745338,0.0,-13.5,0.0,-0.12162243781998618,-0.12168166463878102,-0.09205114921762532,-0.09199581646896632,-0.12125042964150182,-0.03705114921762546,0.178749570358497,0.08632641296238891,0.01048696485869987,0.10253811407632518,0.14211825707358727,4.542989530209837e-06,0,0,0,0,0,inf,inf,0,0,0.0,1.3520006957821695,0.00612702693015067,0.1730755814825941,0.06843607147271684,-1.4218006957821696,0.014229733831845996,1.592639186703467,-0.714557025359728,0.015318497226139613,-0.04594904014522044,0.029145655471375095,-0.060383855730362354,-0.0021476241378451527,-0.0007022538772184783,0.045336022256531244,3.9832303281308614,-28.817736550088632,3.6954503118151374,17.040580266155352,1.0714333856244667,1.1528659812827815,0.042722913664835424,3.9832303281308614,-28.817736550088632,3.6954503118151374,17.040580266155352,1.0714333856244667,1.1528659812827815,0.042722913664835424
5.041000000000018,2,1,1,2,0.0008535203123893045,4.749718932054954,4.459051240990901,5.0,0.6069016986495871,0.04753771017243085,0.4364069020500064,-0.019029775071560076,0.024707467276921035,-0.00023031893304823142,0.605304440522842,0.0529371396446387,0.005630725721325788,1.5004270984662134,0.08056499999999446,0.08056499999999446,1.0,-0.03790707944522624,-0.038039660833733,-0.1308992204923364,-0.1309335598078033,-0.13045624095892797,-0.16880629993756263,0.0,-13.5,0.0,-0.12200543065419972,-0.12206664888733658,-0.09336344369658965,-0.09330838094101733,-0.12256369444688221,-0.03836344369658978,0.17743630555311662,0.08463112564921105,0.01048696485869987,0.10385040855528951,0.14211825707358727,7.192716167613447e-06,0,0,0,0,0,inf,inf,0,0,0.0,1.352610374505715,0.006281203030897216,0.17260985188294856,0.06872520580341315,-1.422410374505715,0.014205161177717713,1.592631599455174,-0.7141074873882158,0.015497804666028531,-0.04705570657806463,0.028703109260786893,-0.061047859068687746,-0.002889620147959486,-0.001190966585310557,0.044505351354507956,3.9798032312091878,-28.80585187151894,3.694789549867545,17.03791837222213,1.0811022933540941,1.15234149899777,0.048480802127277164,3.9798032312091878,-28.80585187151894,3.694789549867545,17.03791837222213,1.0811022933540941,1.15234149899777,0.048480802127277164
5.0510000000000215,2,1,1,1,0.000849350030098033,4.315882052558948,4.456440684997001,5.0,0.6067094320010413,0.04778416584009626,0.43640532157194256,-0.01937196377285272,0.024674116514807668,-0.0002373216890965082,0.6050814922713094,0.05317258587091983,0.005628965996719155,1.500457918180173,0.08086499999999443,0.08086499999999443,1.0,-0.03603524375876199,-0.035971458094904596,-0.13022883655311526,-0.13025090850053617,-0.13114539867717462,-0.16626408031187723,0.0,-13.5,0.0,-0.12236731110921566,-0.12242740035561576,-0.09466846958097287,-0.09461368225954876,-0.12387358934259245,-0.039668469580973004,0.1761264106574064,0.08296421930981189,0.01048696485869987,0.10515543443967273,0.14211825707358727,5.991556029837966e-06,0,0,0,0,0,inf,inf,0,0,0.0,1.3532276669493626,0.006436926519593269,0.17213275522912988,0.06900996567711161,-1.4230276669493627,0.014177644683389234,1.5926198953835382,-0.7136627732430375,0.0156289348098177,-0.04827695141674296,0.028312533378874034,-0.06269620790310088,-0.0023862812373470514,-0.0007576323246745461,0.0446279071118836,3.973935480561703,-28.79155684794823,3.6903783083310793,17.034102064183116,1.0762046768234506,1.1504209166914754,0.04591498656860736,3.973935480561703,-28.79155684794823,3.6903783083310793,17.034102064183116,1.0762046768234506,1.1504209166914754,0.04591498656860736
5.061000000000025,2,1,1,1,0.0008431398273688597,4.322316697564261,4.437907037982472,5.0,0.6065140228873815,0.04803087262235774,0.4364017858464788,-0.0196790902194233,0.02465017182236773,-0.000445470874887781,0.6048556450553708,0.05340691055418519,0.005626011098296219,1.50077573660583,0.0811649999999944,0.0811649999999944,1.0,-0.037152696296563946,-0.03710681711557712,-0.12968922637565325,-0.12970964410128993,-0.1306086263839459,-0.1668419226722172,0.0,-13.5,0.0,-0.12273392998528727,-0.12279348593123772,-0.09596777201964408,-0.09591319245393198,-0.12518209487978507,-0.04096777201964421,0.17481790512021378,0.08129829799506909,0.01048696485869987,0.10645473687834395,0.14211825707358727,4.486235039552052e-06,0,0,0,0,0,inf,inf,0,0,0.0,1.3538668124406854,0.006593987799243362,0.17164313256279332,0.0692911257584289,-1.4236668124406855,0.014156481348950943,1.5926177584905459,-0.7132160714444341,0.015771657125582917,-0.049517815108403626,0.027953671225467748,-0.06489268782443365,-0.0019599287941181316,0.00021654606958882268,0.04465895612190538,3.964653831393435,-28.77785726415069,3.6824476010770173,17.031341172054557,1.068143488042858,1.1464578673640153,0.04292685943197924,3.964653831393435,-28.77785726415069,3.6824476010770173,17.031341172054557,1.068143488042858,1.1464578673640153,0.04292685943197924
5.071000000000028,2,1,1,2,0.0008352220662251877,4.7584401692761205,4.435234772401218,5.0,0.6063155735087786,0.04827674442307821,0.4363965431657247,-0.019987007346616556,0.02446926533833262,-0.0004801825692380815,0.6046269128063467,0.053640099240184536,0.005622912933890711,1.5011562468154442,0.08146499999999436,0.08146499999999436,1.0,-0.039609526594008626,-0.03976738018812344,-0.12912122292842568,-0.1291487360891789,-0.1285757926555973,-0.1687307495224343,0.0,-13.5,0.0,-0.12311430513208835,-0.12317498291852934,-0.09726164936670763,-0.09720728938443084,-0.12648222816097252,-0.04226164936670775,0.17351777183902634,0.07962404550120449,0.01048696485869987,0.10774861422540749,0.14211825707358727,9.17773084952123e-06,0,0,0,0,0,inf,inf,0,0,0.0,1.3545265930734263,0.006752543488442721,0.1711413316523846,0.06956861402594663,-1.4243265930734264,0.014137389098416053,1.592624265363634,-0.7127706122761933,0.015928827619728872,-0.05068846603489741,0.027569902944360722,-0.06653509594245713,-0.002092277745971644,0.000715565092633863,0.04426084114480623,3.957213529723361,-28.764681882375495,3.6769475367897724,17.028994032194607,1.067039416096808,1.1431956153100307,0.04347884605699584,3.957213529723361,-28.764681882375495,3.6769475367897724,17.028994032194607,1.067039416096808,1.1431956153100307,0.04347884605699584
5.0810000000000315,2,1,1,1,0.0008304206411520456,4.3329420022286325,4.46067314809719,5.0,0.6061137578563658,0.048519482912686616,0.4363942677881806,-0.02033782751833612,0.024218278328528336,-0.0001640082406837404,0.6043953096335196,0.053872137544741315,0.005621741358748175,1.501213375337784,0.08176499999999433,0.08176499999999433,1.0,-0.03605275219443617,-0.03598988322325041,-0.12837222386395353,-0.12839953600590692,-0.129054225226574,-0.1644249760583897,0.0,-13.5,0.0,-0.12349183129099671,-0.12355227121982885,-0.09854871338543768,-0.09849466123405856,-0.12776675826261574,-0.04354871338543781,0.1722332417373831,0.07795945532356606,0.01048696485869987,0.10903567824413754,0.14211825707358727,6.279512380710678e-06,0,0,0,0,0,inf,inf,0,0,0.0,1.355193048527939,0.006912667960276341,0.1706286386733356,0.06984190691518248,-1.4249930485279392,0.01411301839233112,1.5926269200363894,-0.7123324569438664,0.01606917824068357,-0.05179228264872793,0.02714721158010916,-0.06717436975159337,-0.0023361595598013055,0.0002795821916287766,0.04377967833297503,3.954621373520912,-28.74866993810085,3.6768105795588983,17.023840144808453,1.0750085956445719,1.1428863494606016,0.04813347439620905,3.954621373520912,-28.74866993810085,3.6768105795588983,17.023840144808453,1.0750085956445719,1.1428863494606016,0.04813347439620905
5.091000000000035,2,1,1,1,0.0008251508235173335,4.3351481640805325,4.443572221830349,5.0,0.6059086368508879,0.04876173998154745,0.4363915735548088,-0.020653579283635756,0.024212072098662975,-0.00035359448233782093,0.604160849823264,0.054103011154639884,0.005619958828891773,1.5014550258471082,0.0820649999999943,0.0820649999999943,1.0,-0.03711478344030076,-0.03707033980082622,-0.12774331181538554,-0.12776660674600557,-0.12846157975108546,-0.1648580952556863,0.0,-13.5,0.0,-0.12385830711274856,-0.12391822620997375,-0.09982892189933566,-0.09977511522552569,-0.12905401867828267,-0.04482892189933578,0.17094598132171618,0.07631277098791622,0.01048696485869987,0.11031588675803553,0.14211825707358727,4.5133764680635305e-06,0,0,0,0,0,inf,inf,0,0,0.0,1.3558766477855388,0.0070740191027374045,0.17010387508521868,0.07011138448099832,-1.425676647785539,0.014093123911574166,1.592634756902993,-0.7118934354777554,0.016191895831422706,-0.053030464499501016,0.02678488244770515,-0.06931362613898563,-0.0017830448162451586,0.001186318028510449,0.043933128205878524,3.9464131623139096,-28.734087625720733,3.669775731486465,17.02162173353172,1.0655778118482542,1.1397172397429525,0.04349487688561739,3.9464131623139096,-28.734087625720733,3.669775731486465,17.02162173353172,1.0655778118482542,1.1397172397429525,0.04349487688561739
5.101000000000038,2,1,1,1,0.0008180837911815611,4.344548825010933,4.429574134583211,5.0,0.6057004359585035,0.04900340651834745,0.4363871103160089,-0.020956178454434347,0.024120088411680028,-0.0005187196217946292,0.6039235478381656,0.054332705828508486,0.005617718623202929,1.501828074288887,0.08236499999999426,0.08236499999999426,1.0,-0.03804010565074553,-0.03800821594741621,-0.1271380661990123,-0.12716134105127794,-0.12786548478094545,-0.16517817184975783,0.0,-13.5,0.0,-0.12423466040959434,-0.12429420758594109,-0.10110303217139084,-0.10104945671672046,-0.1303353764183594,-0.04610303217139096,0.16966462358163945,0.07466230741901528,0.01048696485869987,0.1115899970300907,0.14211825707358727,3.887129863019441e-06,0,0,0,0,0,inf,inf,0,0,0.0,1.3565810327754055,0.007236671683068132,0.1695669117973166,0.070377224103849,-1.4263810327754056,0.014076630883564898,1.592651298273515,-0.7114546527319121,0.01632607191748563,-0.05423715714851942,0.026418426817801655,-0.07134219212294479,-0.0015701437373438461,0.0020267293655528104,0.04381278640920903,3.938770441011719,-28.718850050922317,3.663776300020683,17.01902080890367,1.0614927115931707,1.136478443708662,0.042142550456840205,3.938770441011719,-28.718850050922317,3.663776300020683,17.01902080890367,1.0614927115931707,1.136478443708662,0.042142550456840205
5.1110000000000415,2,1,1,2,0.0008115850608720046,4.770190333276245,4.459016919061479,5.0,0.6054892084539512,0.04924309734647612,0.43638313544728724,-0.02126748986041714,0.023803112021930244,-0.00016493462418975188,0.6036834183161285,0.05456120739769769,0.005616330878675286,1.5020727223137535,0.08266499999999423,0.08266499999999423,1.0,-0.0385879841206091,-0.03872699588925694,-0.1264593314138047,-0.1264900628070652,-0.12565538822108457,-0.16504731553441382,0.0,-13.5,0.0,-0.12462527830032617,-0.12468693562191693,-0.10237083739915857,-0.10231752752060798,-0.13160025945073975,-0.04737083739915866,0.1683997405492591,0.07300388430051571,0.01048696485869987,0.11285780225785844,0.14211825707358727,5.416291388739836e-06,0,0,0,0,0,inf,inf,0,0,0.0,1.357299217869557,0.007400737935121751,0.1690186032978574,0.07063925298489669,-1.4270992178695572,0.014058564752324611,1.5926709497512315,-0.7110204728118631,0.016472892195601094,-0.05528059752003238,0.026017644262279774,-0.07181379979957642,-0.0021280650215543748,0.0015756279575154103,0.04297182484174853,3.9339939805106328,-28.703370690847485,3.661522776219104,17.01480730780625,1.06926074584872,1.1346910732461637,0.04805274147051193,3.9339939805106328,-28.703370690847485,3.661522776219104,17.01480730780625,1.06926074584872,1.1346910732461637,0.04805274147051193
5.121000000000045,2,1,1,1,0.0008072498266647179,4.3494941970394345,4.449551034704973,5.0,0.6052747212800058,0.04948091775731327,0.43638126694375756,-0.021594674767658417,0.023775267159437063,-0.0002630680850984525,0.6034404760694727,0.05478850176715435,0.005615594671438136,1.5022468211385307,0.0829649999999942,0.0829649999999942,1.0,-0.03711941673439484,-0.03707627696184578,-0.12574083113528084,-0.1257668672139106,-0.12630980140759854,-0.16286024786967568,0.0,-13.5,0.0,-0.12499409960886129,-0.1250543894078187,-0.10363138363660206,-0.10357835693744727,-0.132864883185257,-0.04863138363660214,0.16713511681474186,0.07137451675453715,0.01048696485869987,0.11411834849530192,0.14211825707358727,4.55925422603936e-06,0,0,0,0,0,inf,inf,0,0,0.0,1.3580266517913016,0.00756607299284502,0.16845922229346943,0.07089733909305251,-1.4278266517913016,0.014040089364049622,1.592689456050215,-0.7105897775247778,0.01658314267921371,-0.05648977609058782,0.02564329223292924,-0.0736695340219693,-0.001590292475409968,0.002218737667534632,0.04316564432151958,3.927923395888823,-28.68655306149913,3.656810536287177,17.011478380995854,1.0631280543131387,1.1326032557836967,0.04441076048223079,3.927923395888823,-28.68655306149913,3.656810536287177,17.011478380995854,1.0631280543131387,1.1326032557836967,0.04441076048223079
5.131000000000048,2,1,1,1,0.0008012538721121334,4.356097280050692,4.436487346628605,5.0,0.6050570783145955,0.04971826929710807,0.43637778680660744,-0.02190214900639091,0.023692038125605785,-0.00041484172337642034,0.6031947360840204,0.0550145749162911,0.005614193779660025,1.5025973029648922,0.08326499999999416,0.08326499999999416,1.0,-0.03800257986712174,-0.03797212370293627,-0.12508105950428508,-0.12510588837279066,-0.12568386082498137,-0.16308363937140682,0.0,-13.5,0.0,-0.12537025654396108,-0.1254301883914488,-0.10488515071769874,-0.10483237536117976,-0.1341245458389465,-0.04988515071769882,0.16587545416105234,0.06974459273834065,0.01048696485869987,0.1153721155763986,0.14211825707358727,3.851516947719623e-06,0,0,0,0,0,inf,inf,0,0,0.0,1.3587743117715556,0.007732557798848101,0.16788770281059828,0.07115176972965992,-1.4285743117715557,0.01402592308251,1.592716012488496,-0.7101583306429278,0.01670302182182928,-0.05768950195426079,0.025278954513618564,-0.0756482190549994,-0.0013107177888070807,0.0030068803778447633,0.0430967492279451,3.92074304771187,-28.67038517756819,3.6511776033218624,17.009295524105475,1.0583809511429942,1.129978887801294,0.04233449297119206,3.92074304771187,-28.67038517756819,3.6511776033218624,17.009295524105475,1.0583809511429942,1.129978887801294,0.04233449297119206
5.1410000000000515,2,1,1,1,0.0007938855352829502,4.366426993003546,4.426328070168804,5.0,0.6048364323157817,0.049954531042803084,0.4363729288077117,-0.022197575287683447,0.023567080691511682,-0.0005407532122343685,0.6029462135181716,0.055239412899851216,0.005612744724802211,1.5029940224235676,0.08356499999999413,0.08356499999999413,1.0,-0.03875803832483009,-0.03873684200222166,-0.1244186192899408,-0.12444390210900236,-0.12503833163852784,-0.16317665761477093,0.0,-13.5,0.0,-0.12575454154168103,-0.1258142218676352,-0.10613233046343502,-0.10607980527165012,-0.13537785582363068,-0.05113233046343509,0.16462214417636817,0.0681131279948844,0.01048696485869987,0.11661929532213489,0.14211825707358727,3.5496976156971983e-06,0,0,0,0,0,inf,inf,0,0,0.0,1.3595412148987662,0.007900266271884468,0.1673043264962816,0.07140253852674489,-1.4293412148987663,0.01401356471673303,1.592750199928197,-0.7097283644701748,0.01682640828353284,-0.058864734191300006,0.02491087191113602,-0.07752841999177572,-0.0011881061257401123,0.0037479490763696185,0.04290533870621351,3.9140596950553013,-28.65356160452632,3.646253891387117,17.006605125157527,1.0562145286938314,1.1270737240336286,0.0417016813526373,3.9140596950553013,-28.65356160452632,3.646253891387117,17.006605125157527,1.0562145286938314,1.1270737240336286,0.0417016813526373
5.151000000000055,2,1,1,1,0.0007879587100529098,4.370874870474306,4.4578200185509225,5.0,0.6046129219379243,0.050188660655776485,0.4363694127124801,-0.022484956213532508,0.02329486602119809,-0.00015809175893682502,0.6026949237019684,0.05546300184876879,0.0056122537588053885,1.5032375706878394,0.0838649999999941,0.0838649999999941,1.0,-0.03703111591262646,-0.03700558907952756,-0.12373334798803991,-0.12376521239967969,-0.12417237975295888,-0.1607644639006664,0.0,-13.5,0.0,-0.12614970944809142,-0.1262104793647554,-0.10737286406511395,-0.1073205980529052,-0.13661483585325654,-0.052372864065114016,0.1633851641467423,0.0664774264867951,0.01048696485869987,0.11785982892381382,0.14211825707358727,3.7803218318827232e-06,0,0,0,0,0,inf,inf,0,0,0.0,1.3603191028751853,0.008069272781418339,0.1667101094705912,0.07164958027275108,-1.4301191028751854,0.013999182758659292,1.5927858366273704,-0.709303886391655,0.016958139064038348,-0.05987127082720794,0.024532119493992702,-0.07789085926031719,-0.0015902752910418802,0.0033063107977131137,0.04213122720681517,3.908430218159629,-28.634855961364092,3.643076716414341,17.00008676513585,1.0638143386725594,1.1243680179922406,0.048448841816820895,3.908430218159629,-28.634855961364092,3.643076716414341,17.00008676513585,1.0638143386725594,1.1243680179922406,0.048448841816820895
5.161000000000058,2,1,1,1,0.000783241103476078,4.371371781420946,4.446096483063108,5.0,0.6043862832873983,0.05042141619082518,0.4363670840056415,-0.022807993666920708,0.023245455453643087,-0.0002929336819942224,0.6024408821361508,0.05568532797102425,0.0056118938754215345,1.5035016343220098,0.08416499999999406,0.08416499999999406,1.0,-0.03791017510953958,-0.037878920975051425,-0.12298639738067839,-0.12301359021468923,-0.1234982144170707,-0.16089657249021797,0.0,-13.5,0.0,-0.12652512233343224,-0.12658551995697606,-0.10860602368024654,-0.10855404531982614,-0.1378528230331078,-0.05360602368024659,0.16214717696689104,0.06486885398632165,0.01048696485869987,0.1190929885389464,0.14211825707358727,3.966520146042641e-06,0,0,0,0,0,inf,inf,0,0,0.0,1.3611086482166364,0.008239412702581803,0.1661047844545291,0.07189284617331208,-1.4309086482166364,0.013986180533626623,1.5928227529594061,-0.7088812775385663,0.017061395123943345,-0.0610687218668325,0.024160902898560484,-0.0798130398883363,-0.0011217890052742903,0.004006594163335275,0.04229449881994578,3.902549687877156,-28.61807788927728,3.6384933579351526,16.998604677520877,1.0565843521115248,1.1226609961614538,0.0434678111450392,3.902549687877156,-28.61807788927728,3.6384933579351526,16.998604677520877,1.0565843521115248,1.1226609961614538,0.0434678111450392
5.1710000000000615,2,1,1,1,0.0007772475237424461,4.3781662870651195,4.4364578105371635,5.0,0.6041565306123231,0.050653309001014786,0.43636350350093145,-0.02311124214468914,0.023136348527861023,-0.00040914915740784623,0.6021841044911989,0.05590637755249514,0.005611166902690131,1.5038761599062975,0.08446499999999403,0.08446499999999403,1.0,-0.03864010727196587,-0.03861882658434496,-0.1222781140976157,-0.12230447563771514,-0.12283330944785119,-0.16091822136958156,0.0,-13.5,0.0,-0.1269083303853751,-0.1269684729546048,-0.10983198482426865,-0.10978027223406735,-0.13908415636488336,-0.05483198482426871,0.1609158436351155,0.06325968479035668,0.01048696485869987,0.12031894968296851,0.14211825707358727,3.548949852524148e-06,0,0,0,0,0,inf,inf,0,0,0.0,1.3619169691812472,0.008410630604314854,0.16548764278017877,0.07213245101206645,-1.4317169691812472,0.01397624457329543,1.5928666202510058,-0.7084588994377466,0.017171717789501238,-0.062238718788503324,0.023796585105136,-0.08165327751176298,-0.0009116213884050223,0.004694362349567369,0.04216956610261692,3.8960455692280997,-28.60043628385971,3.6336274693336335,16.996420118767215,1.0533193091038986,1.1204214396324683,0.041962545749551924,3.8960455692280997,-28.60043628385971,3.6336274693336335,16.996420118767215,1.0533193091038986,1.1204214396324683,0.041962545749551924
5.181000000000065,2,1,1,1,0.0007702290670713865,4.387598294377873,4.42921180710256,5.0,0.6039238172255309,0.050883950636683814,0.43635888445087967,-0.023402415783985026,0.023001362794438172,-0.0005027285840512399,0.6019246066063674,0.05612613695780202,0.005610468832913612,1.5042782314801075,0.084764999999994,0.084764999999994,1.0,-0.03926072725031761,-0.03924692389856939,-0.12156689780547862,-0.12159352314677785,-0.1221523708540569,-0.1608276250557962,0.0,-13.5,0.0,-0.12729823282019742,-0.12735820528892583,-0.11105086347010205,-0.11099941554893532,-0.14030876049646226,-0.05605086347010213,0.1596912395035366,0.06165090370970091,0.01048696485869987,0.12153782832880192,0.14211825707358727,3.342415911850836e-06,0,0,0,0,0,inf,inf,0,0,0.0,1.3627432336695073,0.008582961743688354,0.16485892027481133,0.07236840907576733,-1.4325432336695074,0.013967788754913578,1.5929172112813814,-0.7080383342730141,0.017283257974168457,-0.06338782769441152,0.02343127455250568,-0.0834104666987415,-0.0007998687842487456,0.005352058638658232,0.04195731197740955,3.8897609283402064,-28.58213254316657,3.6291095907007627,16.993695864049887,1.0516927978425652,1.1178072256951948,0.04148539478065215,3.8897609283402064,-28.58213254316657,3.6291095907007627,16.993695864049887,1.0516927978425652,1.1178072256951948,0.04148539478065215
5.191000000000068,2,1,1,1,0.0007649091607772876,4.390594268561413,4.4506370179648895,5.0,0.6036883691436249,0.051112661154847853,0.4363558730086201,-0.023679538801873103,0.022806500449597016,-0.0002402885740971149,0.6016624044887083,0.05634459263114961,0.005610493717640922,1.5045653673696695,0.08506499999999396,0.08506499999999396,1.0,-0.038178785406308195,-0.03815019933805415,-0.12086843942849394,-0.12089847711552912,-0.12135526947615914,-0.1590472248348021,0.0,-13.5,0.0,-0.12769396971924327,-0.12775468543054377,-0.1122628916194284,-0.11221169957243232,-0.14152007311400275,-0.05726289161942849,0.1584799268859961,0.06004313866132874,0.01048696485869987,0.12274985647812826,0.14211825707358727,3.97861169392562e-06,0,0,0,0,0,inf,inf,0,0,0.0,1.363579436823311,0.00875646686076045,0.16421965738288197,0.07260077674834023,-1.433379436823311,0.013958083938184531,1.5929689388909483,-0.7076230297621294,0.01739903225375541,-0.06441135519803262,0.023071277841265038,-0.08410488431188218,-0.0009188751526305826,0.005221580070818288,0.041432866623092694,3.8831604304835476,-28.562261432642323,3.624572718264891,16.987787073531305,1.0544609150799622,1.1146808937056323,0.04515715927374957,3.8831604304835476,-28.562261432642323,3.624572718264891,16.987787073531305,1.0544609150799622,1.1146808937056323,0.04515715927374957
5.201000000000072,2,1,1,1,0.0007596618288540349,4.394408002550606,4.442768894035882,5.0,0.6034498612834731,0.05134021060647502,0.4363529334620122,-0.023989390851694513,0.022704949216515887,-0.00033664064369200354,0.6013975143120833,0.05656173109716297,0.005610383616620787,1.5049133689956304,0.08536499999999393,0.08536499999999393,1.0,-0.03883520043112475,-0.038816511872065716,-0.12010695737374422,-0.12013467810093578,-0.1206588650066409,-0.15894215780486898,0.0,-13.5,0.0,-0.1280794443225349,-0.12813993146141514,-0.11346735770402626,-0.11341645054321024,-0.1427297856618806,-0.05846735770402635,0.15727021433811825,0.05845319797343924,0.01048696485869987,0.12395432256272612,0.14211825707358727,3.4828054549524297e-06,0,0,0,0,0,inf,inf,0,0,0.0,1.36443023704104,0.008931007054212427,0.16356916218718962,0.07282946121084581,-1.43423023704104,0.013950564309706558,1.5930244868994163,-0.7072086315392733,0.01749960102726291,-0.06556810401491141,0.022703996899237654,-0.08586765834428788,-0.0006447710394853347,0.005827969627529568,0.04140600160830381,3.8774339702689797,-28.543811255245778,3.6204014843152996,16.985953639738074,1.0504798392913697,1.1130207336487743,0.042407430138587124,3.8774339702689797,-28.543811255245778,3.6204014843152996,16.985953639738074,1.0504798392913697,1.1130207336487743,0.042407430138587124
5.211000000000075,2,1,1,1,0.0007535493405593499,4.401724097760528,4.436715757788498,5.0,0.6032083483567379,0.05156656268614411,0.43634912667496784,-0.024283397851363867,0.022574020816470048,-0.00041511273689771324,0.6011299524161662,0.0567775389617187,0.005610169643636999,1.505311628994824,0.0856649999999939,0.0856649999999939,1.0,-0.03939903085127207,-0.039387562810280746,-0.11936106456688969,-0.11938843496597813,-0.11996108486465937,-0.15876009541816177,0.0,-13.5,0.0,-0.12847097279082076,-0.1285313144308352,-0.11466432450387976,-0.1146136918344289,-0.1439325450781534,-0.05966432450387986,0.15606745492184546,0.056864702705299884,0.01048696485869987,0.1251512893625796,0.14211825707358727,3.2671167248585726e-06,0,0,0,0,0,inf,inf,0,0,0.0,1.3652982859393814,0.009106566748177246,0.16290721878207873,0.07305450654412805,-1.4350982859393815,0.01394498474867127,1.5930860769712754,-0.7067955208183955,0.017602131611152726,-0.06670394387051101,0.02234154216417428,-0.08756131410508772,-0.0004979487300145719,0.0064273877215178755,0.04122132863365507,3.8712813211489845,-28.52459609588596,3.615966048656364,16.98347929000064,1.0484907726565804,1.1108353795889876,0.04154909663192033,3.8712813211489845,-28.52459609588596,3.615966048656364,16.98347929000064,1.0484907726565804,1.1108353795889876,0.04154909663192033
5.221000000000078,2,1,1,2,0.0007468535376241306,4.811178910700553,4.438358233324017,5.0,0.6029639623128927,0.05179151463870345,0.4363447112776817,-0.02455782013027052,0.022416561832539546,-0.000403286942409416,0.6008597353054351,0.05699200291277117,0.005610066807768858,1.5057155002208886,0.08596499999999387,0.08596499999999387,1.0,-0.042094760697146245,-0.04225138180563046,-0.11863325703899003,-0.11864915360864553,-0.11822476263697537,-0.16072801773613624,0.0,-13.5,0.0,-0.12886986889743252,-0.1289315850532772,-0.11585383480253715,-0.1158034649800581,-0.14512723447825235,-0.06085383480253724,0.1548727655217465,0.05527629630003073,0.01048696485869987,0.12634079966123696,0.14211825707358727,2.4649258708865067e-06,0,0,0,0,0,inf,inf,0,0,0.0,1.3661826812065152,0.009283152016195968,0.16223404115255896,0.07327593740013874,-1.4359826812065153,0.013940508000270956,1.593153410344582,-0.7063846879849575,0.01770663920929457,-0.06779350901482106,0.021985688981954413,-0.08897284145094601,-0.00046895265920787646,0.006869096423863434,0.040869601848896944,3.8651861618645404,-28.505847131427007,3.611657740996497,16.981381272967422,1.0473139935829718,1.1084701545933793,0.04125809608560656,3.8651861618645404,-28.505847131427007,3.611657740996497,16.981381272967422,1.0473139935829718,1.1084701545933793,0.04125809608560656
5.231000000000082,2,1,1,1,0.0007416111299497754,4.413657209171437,4.444868098788414,5.0,0.6027169052227718,0.0520148034932178,0.4363416798649184,-0.024842718667958508,0.022275171682280506,-0.00032617540149533963,0.6005868796481542,0.057205109721173666,0.005610373221852764,1.5060583119949589,0.08626499999999383,0.08626499999999383,1.0,-0.03936075285432736,-0.03934807380427297,-0.11788046478286032,-0.11790936634423438,-0.11849619462201894,-0.15724121763718762,0.0,-13.5,0.0,-0.12926641478393064,-0.12932711032033792,-0.11703620381384873,-0.11698610687862228,-0.14631345378636648,-0.06203620381384884,0.15368654621363237,0.05369738140222101,0.01048696485869987,0.12752316867254856,0.14211825707358727,3.3134535307468462e-06,0,0,0,0,0,inf,inf,0,0,0.0,1.3670773904994276,0.009460796079041175,0.16155044884871367,0.07349386570092355,-1.4368773904994276,0.013935887047175343,1.5932224493313685,-0.7059781594969207,0.017807508865363173,-0.06886445655596068,0.0216274045033103,-0.09018844958723894,-0.00035850609364563733,0.007126896212875945,0.040632585335146965,3.8583924821535875,-28.483947200616942,3.6067019730277496,16.97564774056042,1.0473664288447824,1.1053344642167626,0.04274777695560064,3.8583924821535875,-28.483947200616942,3.6067019730277496,16.97564774056042,1.0473664288447824,1.1053344642167626,0.04274777695560064
5.241000000000085,2,1,1,1,0.0007358386235730976,4.419626428219718,4.441030750619401,5.0,0.6024668649725717,0.05223684631097292,0.43633811598213734,-0.025135645248623138,0.022142485376011715,-0.0003802659011696299,0.6003114022753456,0.05741684624149442,0.005610563137452072,1.5064498153653159,0.0865649999999938,0.0865649999999938,1.0,-0.03982296026753449,-0.03981648718413804,-0.11710123742721452,-0.11712932465325741,-0.11777676312684746,-0.15692419769474902,0.0,-13.5,0.0,-0.12966262469508702,-0.12972322907389452,-0.11821071505991501,-0.11816090161857318,-0.14749445951805776,-0.06321071505991513,0.1525055404819411,0.05212666024499835,0.01048696485869987,0.12869767991861483,0.14211825707358727,3.1296446025943574e-06,0,0,0,0,0,inf,inf,0,0,0.0,1.3679881079244807,0.009639397234588454,0.16085565908825095,0.07370814650286386,-1.4377881079244808,0.013933236594825083,1.5932966224941687,-0.7055726381731405,0.017903138788999844,-0.06997929996715796,0.021265759783871994,-0.0917860951793994,-0.0001992626809942148,0.007654307172165914,0.040470016745569895,3.8525186920413215,-28.46373544680408,3.60252641492673,16.973162271074877,1.0453571198526272,1.103363890729751,0.04158441820678249,3.8525186920413215,-28.46373544680408,3.60252641492673,16.973162271074877,1.0453571198526272,1.103363890729751,0.04158441820678249
5.251000000000088,2,1,1,1,0.0007301304659823862,4.425433274638578,4.449513101873852,5.0,0.6022140280082983,0.05245744247669048,0.43633458294485344,-0.025400460032796873,0.0219870102550954,-0.00028173344224062384,0.6000333201797514,0.05762719941282749,0.005610871002992517,1.5068377812349156,0.08686499999999377,0.08686499999999377,1.0,-0.03955240383342979,-0.03954160955045934,-0.11637048129200771,-0.1164003999663634,-0.11704389151482576,-0.1559228851254375,0.0,-13.5,0.0,-0.13006587950327178,-0.13012681086943603,-0.11937763479815733,-0.11932807802950081,-0.14866641756515697,-0.06437763479815745,0.15133358243484188,0.050556485698571275,0.01048696485869987,0.12986459965685715,0.14211825707358727,3.2717810463540545e-06,0,0,0,0,0,inf,inf,0,0,0.0,1.3689130305428812,0.009818968601708772,0.16015001316100033,0.07391888119477967,-1.4387130305428812,0.013931543871923347,1.593375125888978,-0.7051698590925974,0.018002575818312005,-0.07102223943033363,0.020920264216013933,-0.09291652649431757,-0.0001679761537506669,0.007911406438926318,0.04007344718238818,3.8451717101347005,-28.442144445143807,3.597031827500617,16.968383122214806,1.0454105299585712,1.1001100976900167,0.043475592188829834,3.8451717101347005,-28.442144445143807,3.597031827500617,16.968383122214806,1.0454105299585712,1.1001100976900167,0.043475592188829834
5.261000000000092,2,1,1,1,0.0007249283055581748,4.43002144976455,4.446542080057214,5.0,0.6019583975607204,0.05267661244470994,0.43633152270400477,-0.02569548590218261,0.021855725664879803,-0.00032556675907224414,0.5997526505147851,0.05783615625959841,0.005611257649440666,1.5072261698152705,0.08716499999999373,0.08716499999999373,1.0,-0.03997452610867476,-0.0399697025144902,-0.1155678999368106,-0.11559643189135183,-0.1163126956687556,-0.15554242604548535,0.0,-13.5,0.0,-0.13046377647287027,-0.13052463428325167,-0.12053690899456547,-0.12048764226476567,-0.14983282798293837,-0.06553690899456559,0.15016717201706048,0.04899931453256463,0.01048696485869987,0.13102387385326528,0.14211825707358727,3.0781540119240513e-06,0,0,0,0,0,inf,inf,0,0,0.0,1.3698507679251404,0.009999498345389697,0.15943370461631165,0.0741260836718766,-1.4396507679251405,0.013930917918759417,1.5934568949767915,-0.7047696469595319,0.01809416855831685,-0.07212639122243703,0.020557970097533983,-0.09446800963689791,1.0992863853442366e-05,0.00839531991401748,0.03995452430987369,3.8395947993385087,-28.421373119291978,3.5931274188352402,16.966054257452157,1.0431657983241072,1.0984071665073254,0.04177145069091434,3.8395947993385087,-28.421373119291978,3.5931274188352402,16.966054257452157,1.0431657983241072,1.0984071665073254,0.04177145069091434
5.271000000000095,2,1,1,1,0.0007193721007703593,4.436274697272488,4.4447034836223125,5.0,0.6016998839253053,0.052894399872301545,0.4363280921745868,-0.025979106458169768,0.021713251961247963,-0.00035699888009149477,0.5994694105934738,0.058043703892364615,0.005611625715873167,1.5076358534176928,0.0874649999999937,0.0874649999999937,1.0,-0.04033622437858828,-0.040335874471378576,-0.11477366982879819,-0.1148018994221979,-0.11558253509028664,-0.15510989420738652,0.0,-13.5,0.0,-0.13086555911934683,-0.13092639427102376,-0.12168821970653995,-0.1216392362004734,-0.15099194223806203,-0.06668821970654007,0.14900805776193682,0.047446221174113644,0.01048696485869987,0.13217518456523977,0.14211825707358727,2.969520032079278e-06,0,0,0,0,0,inf,inf,0,0,0.0,1.3708037598681477,0.010180940704634624,0.15870643761544273,0.07432969846538973,-1.4406037598681478,0.013931742661643851,1.593543515181478,-0.7043712442376245,0.018185030547620638,-0.07321585078305104,0.02020115160575577,-0.09597222281377846,0.0001365279677694662,0.008879154526905459,0.03973934936448751,3.8334758307501646,-28.39996478232863,3.5887430356021293,16.963254098552554,1.0417499876190588,1.0962937288435348,0.04121741218971341,3.8334758307501646,-28.39996478232863,3.5887430356021293,16.963254098552554,1.0417499876190588,1.0962937288435348,0.04121741218971341
5.281000000000098,2,1,1,1,0.0007135961084284428,4.443130950348501,4.443994785752811,5.0,0.6014385762395911,0.05311073514660224,0.4363244151479525,-0.026255587753949268,0.021566415559705444,-0.00037626880387474435,0.5991836178873898,0.058249829508610455,0.005612052033952174,1.5080497589059139,0.08776499999999367,0.08776499999999367,1.0,-0.04064269758797205,-0.04064584404511609,-0.11397635361625737,-0.11400457096337302,-0.11484742684178102,-0.15461905120422945,0.0,-13.5,0.0,-0.13127064990712395,-0.13133150145443934,-0.12283157546214957,-0.12278287408677839,-0.15214372892925296,-0.06783157546214968,0.1478562710707459,0.04589777463072694,0.01048696485869987,0.1333185403208494,0.14211825707358727,2.890144267044612e-06,0,0,0,0,0,inf,inf,0,0,0.0,1.3717715408831372,0.01036328449256384,0.1579683459499635,0.07452975761736028,-1.4415715408831373,0.013933707883142469,1.5936349154273333,-0.7039751867283994,0.018274519981052628,-0.07429287559682794,0.01984640575882285,-0.0974308448877038,0.00024432623519668695,0.009351082863317,0.0394940856073101,3.8272198512317246,-28.378046445098935,3.584239763608993,16.960136578419203,1.0406388315542565,1.0939304471276643,0.04101798151419703,3.8272198512317246,-28.378046445098935,3.584239763608993,16.960136578419203,1.0406388315542565,1.0939304471276643,0.04101798151419703
5.291000000000102,2,1,1,2,0.0007077207650939823,4.8440097818981975,4.444308402196432,5.0,0.601174529834613,0.053325592750787305,0.4363206076184494,-0.02652765347316566,0.02141814231820963,-0.00038447296306470894,0.5988952900255737,0.05845452039353699,0.005612560277776173,1.50846172805191,0.08806499999999363,0.08806499999999363,1.0,-0.040900533991724365,-0.042324469134143054,-0.11317327482510893,-0.11320152992623814,-0.11410745435576578,-0.15407380881683333,0.0,-13.5,0.0,-0.13167853226906268,-0.13174084917815213,-0.12396692704254023,-0.12391850804723825,-0.1532881368301528,-0.06896692704254034,0.14671186316984605,0.04435454068839759,0.01048696485869987,0.13445389190124002,0.14211825707358727,2.8254928129953917e-06,0,0,0,0,0,inf,inf,0,0,0.0,1.372753673043597,0.010546514228824936,0.15721954467679075,0.0747262772608405,-1.442553673043597,0.01393672234815998,1.5937309387799143,-0.7035816436765701,0.018362362481972778,-0.07535908537994503,0.019493083660842413,-0.0988473191907237,0.0003481019260795696,0.009804942655241072,0.03923916116837984,3.820904744785679,-28.3556965833268,3.579678821830427,16.956812738317378,1.0396194316024931,1.0914312688950902,0.04092964460058918,3.820904744785679,-28.3556965833268,3.579678821830427,16.956812738317378,1.0396194316024931,1.0914312688950902,0.04092964460058918
5.301000000000105,2,1,1,1,0.0007025258170703921,4.454872399437328,4.450256391846758,5.0,0.6009078770842322,0.0535389759432989,0.4363174355927566,-0.026792105674045927,0.021273186511416808,-0.000321095539538389,0.598604444793446,0.05865776392084629,0.005613180085951311,1.5088588652091468,0.0883649999999936,0.0883649999999936,1.0,-0.04082077881652429,-0.04082522456480331,-0.11238857587288391,-0.11241727215054698,-0.11336872308799012,-0.15320935468940822,0.0,-13.5,0.0,-0.1320883554278357,-0.13214948239532398,-0.12509451166921295,-0.12504636329964347,-0.15442447590522088,-0.07009451166921306,0.14557552409477797,0.0428171329029519,0.01048696485869987,0.13558147652791272,0.14211825707358727,2.836794629464778e-06,0,0,0,0,0,inf,inf,0,0,0.0,1.3737477653938088,0.010730637598466458,0.156460424350906,0.07491935663844776,-1.443547765393809,0.013940581153647037,1.5938301876509935,-0.7031913324668472,0.018450852489637893,-0.07639068740255102,0.019147837121139613,-0.10003987395244837,0.000448231081473726,0.0101117538686124,0.038948785079644346,3.8139442577144713,-28.33272698014666,3.574474246949848,16.952636258725345,1.0386250601338975,1.0885623086232208,0.04141559120098427,3.8139442577144713,-28.33272698014666,3.574474246949848,16.952636258725345,1.0386250601338975,1.0885623086232208,0.04141559120098427
5.311000000000108,2,1,1,1,0.0006973207250146321,4.461598348322656,4.4512767887555835,5.0,0.600638446078143,0.053750937979877865,0.43631422906298223,-0.027067903882463447,0.02113428819361472,-0.0003205019813428929,0.5983111001317105,0.058859547553520165,0.005613771542402257,1.5092632058219546,0.08866499999999357,0.08866499999999357,1.0,-0.04105201113956784,-0.041059053054833775,-0.11133204142464492,-0.11135164705808312,-0.11237704443598989,-0.1523840525642128,0.0,-13.463022793735046,0.0,-0.13249785720111354,-0.13255904361657042,-0.12621293012281157,-0.12616503249465574,-0.15555307215573555,-0.07121293012281171,0.1444469278442633,0.04128921267607543,0.01048696485869987,0.13669989498151133,0.14211825707358727,2.7575179388194895e-06,0,0,0,0,0,inf,inf,0,0,0.0,1.3747557367793042,0.010915677632890494,0.15569071037144389,0.0751088938099507,-1.4445557367793043,0.01394568121378877,1.5939335574017008,-0.7028030633360607,0.018556165893395718,-0.0774444458205552,0.018794989374475105,-0.1014098968777709,0.000550766375838007,0.010517770086720026,0.038724580606303495,3.8072598100447217,-28.309866410313898,3.5695749113797346,16.949522395614732,1.0373890463581852,1.0863791679346018,0.04111733732492054,3.8072598100447217,-28.309866410313898,3.5695749113797346,16.949522395614732,1.0373890463581852,1.0863791679346018,0.04111733732492054
5.321000000000112,2,1,1,1,0.0006922221772790718,4.470841085443583,4.4532580364106895,5.0,0.6003662564325447,0.05396167843043422,0.4363110895885316,-0.027344786915966868,0.021031096739629745,-0.0003083859320458841,0.598015274135248,0.059059858844593714,0.0056141394084509395,1.5096385715060414,0.08896499999999354,0.08896499999999354,1.0,-0.04125586923215148,-0.041264742496857174,-0.1100189709993914,-0.110014346074009,-0.1110965868816784,-0.15127484023154286,0.0,-13.352496304951549,0.0,-0.13290952163191763,-0.13297078909885873,-0.1273191154889749,-0.1272712918108311,-0.15666992026876544,-0.07231911548897504,0.1433300797312334,0.03977136287910804,0.01048696485869987,0.13780608034767466,0.14211825707358727,2.6796437858684583e-06,0,0,0,0,0,inf,inf,0,0,0.0,1.375777120861045,0.011102279937258581,0.15491054456670986,0.07529489100470878,-1.445577120861045,0.01395131578220012,1.5940408041941982,-0.7024169746952895,0.018768485580165528,-0.07848191434114701,0.01843888105570518,-0.10272490009601185,0.0005540703629002308,0.010886498256403202,0.03852365960938105,3.7980641022876074,-28.28661788724458,3.5625196796499976,16.946373543679464,1.0364942088472846,1.0842769396087655,0.04154617849740139,3.7980641022876074,-28.28661788724458,3.5625196796499976,16.946373543679464,1.0364942088472846,1.0842769396087655,0.04154617849740139
5.331000000000115,2,1,1,1,0.0006873859307496002,4.482008225624812,4.456371157095857,5.0,0.6000912665482367,0.05417173579888543,0.4363081475243109,-0.027628048117110723,0.02099559004583773,-0.00028212515933066686,0.5977169850519992,0.05925868543792294,0.005613757142367291,1.5099153292194176,0.0892649999999935,0.0892649999999935,1.0,-0.04143096571085757,-0.04144104654262655,-0.10872561736377519,-0.1086849582569318,-0.1097882196799744,-0.15015658307463275,0.0,-13.169631484989779,0.0,-0.13332306766614396,-0.13338443098454575,-0.12841208082299532,-0.1283640209959906,-0.15777362408445567,-0.07341208082299541,0.14222637591554319,0.038264851510861314,0.01048696485869987,0.1388990456816951,0.14211825707358727,2.6546770365088545e-06,0,0,0,0,0,inf,inf,0,0,0.0,1.376811278067324,0.011292013673375954,0.15412011257627536,0.0754772730356074,-1.4466112780673241,0.013956145959806782,1.5941514293754662,-0.7020324059805841,0.019176210492100148,-0.0794991683061732,0.018071791660395867,-0.10396947468463995,0.00039660444786688176,0.011196575736438329,0.038422458475656715,3.7843268749443943,-28.263029397765933,3.5515963884976807,16.943345778188657,1.0359063350874453,1.082469320273356,0.04269362254799387,3.7843268749443943,-28.263029397765933,3.5515963884976807,16.943345778188657,1.0359063350874453,1.082469320273356,0.04269362254799387
5.341000000000118,2,1,1,1,0.0006829989638809921,4.494536225077204,4.460686378195666,5.0,0.5998133917337012,0.054381931206527914,0.43630555453282377,-0.027921275346493597,0.021052967071042344,-0.0002400012413447676,0.59741625128184,0.05945601506894701,0.005611827633562114,1.509993674343798,0.08956499999999347,0.08956499999999347,1.0,-0.0415762647813256,-0.04158699893007147,-0.10765195653244504,-0.10756702759786811,-0.1086396092931471,-0.14922822131377067,0.0,-12.916431839084158,0.0,-0.1337382011521064,-0.13379966931429182,-0.12949318939708085,-0.12944448478926412,-0.15886500003683446,-0.07449318939708097,0.1411349999631644,0.03676860945081333,0.01048696485869987,0.13998015425578061,0.14211825707358727,2.7409463572332794e-06,0,0,0,0,0,inf,inf,0,0,0.0,1.377857443949585,0.011487246582403852,0.1533196322439443,0.0756558881039083,-1.447657443949585,0.01395826933800012,1.5942647698205157,-0.7016479868019329,0.019852260224490673,-0.08049351441249365,0.017686093338100506,-0.10513340228237068,2.6127229045202125e-05,0.01143514977677391,0.03848713487303257,3.764174565869049,-28.239112485596788,3.535212204525157,16.94054581697361,1.0355591872064183,1.0810981266539323,0.04451784838963564,3.764174565869049,-28.239112485596788,3.535212204525157,16.94054581697361,1.0355591872064183,1.0810981266539323,0.04451784838963564
5.351000000000122,2,1,1,1,0.0006792690866428688,4.507884158069854,4.466190059252113,5.0,0.5995325187486725,0.05459330064668215,0.4363034743035491,-0.028226771543957186,0.021221706284797547,-0.0001812332184504061,0.5971130913754458,0.059651835565444775,0.005607352703251306,1.509748266107667,0.08986499999999344,0.08986499999999344,1.0,-0.04169222596129516,-0.04170308338095725,-0.1069157423423445,-0.10678193177668824,-0.10775997875598473,-0.14860796830363968,0.0,-12.595671475540666,0.0,-0.13415462506819267,-0.13421620168472678,-0.1305653545862453,-0.13051553416882364,-0.15994631189625233,-0.07556535458624539,0.14005368810374652,0.03528002034556261,0.01048696485869987,0.14105231944494506,0.14211825707358727,2.975520795089189e-06,0,0,0,0,0,inf,inf,0,0,0.0,1.3789147769857288,0.011690992129007854,0.15250934298000604,0.07583050824071623,-1.448714776985729,0.013955310172395468,1.5943800697897177,-0.7012617490149107,0.020854437231392384,-0.08146319473575768,0.017274170681215544,-0.10621093178681587,-0.0006006769775533008,0.011595639366128346,0.038772140210425264,3.735922019857991,-28.214858527431538,3.5119242471123413,16.93805005747749,1.0353752604683024,1.0802572374383002,0.04696067439658726,3.735922019857991,-28.214858527431538,3.5119242471123413,16.93805005747749,1.0353752604683024,1.0802572374383002,0.04696067439658726
5.361000000000125,2,1,1,1,0.0006764143085393462,4.521533498356912,4.472798888579226,5.0,0.5992485172186947,0.054807029304430356,0.4363020732600751,-0.028545795895084873,0.021513869682018332,-0.00010595615574550616,0.5968075240331475,0.05984613484828562,0.005599199265430762,1.5090330580796247,0.0901649999999934,0.0901649999999934,1.0,-0.04178145842531135,-0.04179190971480658,-0.1065522280386448,-0.10636842646733986,-0.1071801966783579,-0.14833368646395617,0.0,-12.210864712025709,0.0,-0.1345720584632837,-0.1346337418596328,-0.1316322114769222,-0.13158077753642952,-0.16102048249183032,-0.07663221147692226,0.13897951750816853,0.03379573005979471,0.01048696485869987,0.14211917633562196,0.14211825707358727,3.3569127693552956e-06,0,0,0,0,0,inf,inf,0,0,0.0,1.379982399814924,0.011906760691987256,0.15168949781151223,0.07600082932863082,-1.4497823998149242,0.013944509305881607,1.594496535506865,-0.7008712461044236,0.02222587039534749,-0.08240713699073425,0.016828414678411646,-0.1072001654466598,-0.0015180437148438165,0.011676347229336418,0.039319892934210836,3.698101453277808,-28.190248845381966,3.480467033097355,16.935914285952705,1.0352747909102042,1.0800053647549266,0.04995355831911072,3.698101453277808,-28.190248845381966,3.480467033097355,16.935914285952705,1.0352747909102042,1.0800053647549266,0.04995355831911072
5.371000000000128,2,1,1,1,0.00067465245337786,4.534993046322757,4.480372489810538,5.0,0.598961249218789,0.05502438970898288,0.4363015116934388,-0.02887870867458074,0.02193553920432013,-1.5162999048135284e-05,0.5964995681037785,0.06003890093217454,0.00558616117915646,1.507686380894268,0.09046499999999337,0.09046499999999337,1.0,-0.04184892740242093,-0.04185843694403907,-0.10651929340839097,-0.10628761120690462,-0.1068578969977244,-0.14836822081081188,0.0,-11.766227571966349,0.0,-0.13499025943730422,-0.13505204261073625,-0.1326973158201385,-0.1326437775515397,-0.16209033439187773,-0.07769731582013857,0.13790966560812112,0.0323124247425579,0.01048696485869987,0.14318428067883826,0.14211825707358727,3.853638247647545e-06,0,0,0,0,0,inf,inf,0,0,0.0,1.3810594346537035,0.012138415735252978,0.15086035774423018,0.0761664715052524,-1.4508594346537036,0.013922816248511027,1.594613378614138,-0.700473673125022,0.02399555938513595,-0.08332473744816563,0.016341294883981377,-0.10810249711782005,-0.0027509029935580097,0.011679530025498703,0.040160894405701024,3.6494853614375504,-28.165261107654597,3.4397740880757337,16.9341781674724,1.0351797909121339,1.0803726697482126,0.053420476600303746,3.6494853614375504,-28.165261107654597,3.4397740880757337,16.9341781674724,1.0351797909121339,1.0803726697482126,0.053420476600303746
5.381000000000132,2,1,1,1,0.0006741913938287649,4.547807179467608,4.488725231429071,5.0,0.5986705777047736,0.055246684691469976,0.4363019356323479,-0.029225067729178347,0.022487326904324017,8.938076144911814e-05,0.5961892425835108,0.060230121926391475,0.005567016315623149,1.5055362173241469,0.09076499999999334,0.09076499999999334,1.0,-0.041901769511816685,-0.041909800790078035,-0.10670733314320921,-0.10643268218007576,-0.10668701128781746,-0.14860910265502586,0.0,-11.266631592915383,0.0,-0.13540904798064404,-0.13547091855895163,-0.13376342109458272,-0.13370732459790527,-0.1631579066609691,-0.07876342109458279,0.13684209333902975,0.030827530924773888,0.01048696485869987,0.1442503859532825,0.14211825707358727,4.424086346888217e-06,0,0,0,0,0,inf,inf,0,0,0.0,1.38214503323861,0.012390036009500761,0.15002218813603674,0.076326980625408,-1.4519450332386101,0.013886983019038384,1.5947298517699264,-0.7000659840781287,0.026179025936821258,-0.08421567271174289,0.015805489261254864,-0.10892207396818404,-0.004314758676014703,0.011610705900822567,0.041314083858019233,3.589103155303417,-28.139873466541648,3.388993785528425,16.932866890617053,1.0350159955674003,1.0813640814932715,0.05727993244285151,3.589103155303417,-28.139873466541648,3.388993785528425,16.932866890617053,1.0350159955674003,1.0813640814932715,0.05727993244285151
5.391000000000135,2,1,1,1,0.0006752201996934317,4.559565680038298,4.497637680929767,5.0,0.5983763741064827,0.055475195683451356,0.436303469686026,-0.029583705203834666,0.023164924536488253,0.00020524328662726768,0.5958765666146844,0.060419786035524774,0.0055405786020837795,1.5024055664195048,0.0910649999999933,0.0910649999999933,1.0,-0.041948791143943044,-0.04195482042130019,-0.1069530074783309,-0.10664257865023054,-0.10651088374909896,-0.1489017986222739,0.0,-10.717550452966483,0.0,-0.13582832515598348,-0.13589026545822108,-0.13483187651768644,-0.13477283001147305,-0.16422388739622223,-0.0798318765176865,0.13577611260377662,0.029339798326330796,0.01048696485869987,0.1453188413763862,0.14211825707358727,5.029176380146766e-06,0,0,0,0,0,inf,inf,0,0,0.0,1.3832384014594554,0.01266578484617691,0.1491752567904969,0.07648183122678844,-1.4530384014594555,0.01383365829623176,1.5948452780094633,-0.6996450047776425,0.028779069663267688,-0.08507974131723896,0.015214047835986226,-0.10966527095477298,-0.0062157356149349415,0.011478072969144661,0.04278736169330546,3.5162520575726814,-28.11406731377281,3.3275000521161466,16.931991423751608,1.03471403346396,1.0829610497299262,0.06144668048131399,3.5162520575726814,-28.11406731377281,3.3275000521161466,16.931991423751608,1.03471403346396,1.0829610497299262,0.06144668048131399
5.401000000000138,2,1,1,1,0.0006779014289559895,4.5699137179279,4.506867871050231,5.0,0.5980785251788863,0.055711136620483645,0.4363062110390491,-0.02995280161075601,0.023959670257092728,0.0003294481948860064,0.5955615594846259,0.060607881560198765,0.0055057449369462635,1.498117781866528,0.09136499999999327,0.09136499999999327,1.0,-0.0419997384987248,-0.042003273720595355,-0.10705579149263428,-0.10671846238519529,-0.10613800082726671,-0.14905552999135907,0.0,-10.124999999991541,0.0,-0.13624808593006277,-0.1363100731951056,-0.1359021788804183,-0.13583987227727734,-0.1652871926334197,-0.08090217888041835,0.13471280736657915,0.02784973518951965,0.01048696485869987,0.14638914373911807,0.14211825707358727,5.636194102898569e-06,0,0,0,0,0,inf,inf,0,0,0.0,1.3843388188071515,0.012969787549683996,0.1483198334563474,0.07663043121703174,-1.4541388188071516,0.013759480096509388,1.5949590745536175,-0.6992075397204326,0.03178662060900231,-0.0859167382515284,0.014560568891952697,-0.11034017868674333,-0.008450809072111501,0.011291968145036536,0.04457824733918682,3.430502908030892,-28.087829194530546,3.2548986175397636,16.93154831294251,1.0342104598941493,1.0851228162973208,0.06583328468024097,3.430502908030892,-28.087829194530546,3.2548986175397636,16.93154831294251,1.0342104598941493,1.0851228162973208,0.06583328468024097
5.411000000000142,2,1,1,1,0.0006823647317735484,4.578560894591451,4.516162352915672,5.0,0.59777693907942,0.055955613532934115,0.4363102247274768,-0.030329966912066686,0.02485911712176762,0.00045860712195867323,0.5952442406244587,0.06079439689779551,0.005461536955457016,1.492501772846335,0.09166499999999324,0.09166499999999324,1.0,-0.04206443762687457,-0.042065040072395726,-0.1067961719254622,-0.10644187969141705,-0.10535928887147465,-0.14886060955233674,0.0,-9.49547234075251,0.0,-0.13666842390727896,-0.13673043072833962,-0.13697169990343505,-0.13690591824214282,-0.16634471205500426,-0.08197169990343513,0.1336552879449946,0.026359876189286712,0.01048696485869987,0.14745866476213482,0.14211825707358727,6.2186796869307135e-06,0,0,0,0,0,inf,inf,0,0,0.0,1.38544565280569,0.013306017796295644,0.14745619038397093,0.07677212830992029,-1.45524565280569,0.013661165187395177,1.5950707712518828,-0.6987504717531438,0.03518167744976592,-0.08672636594201223,0.013839370601068527,-0.11095611187050103,-0.011008208179403093,0.011064331033071296,0.04667464737234446,3.3317014855018385,-28.061152206789696,3.171029401639492,16.931519615015485,1.0334489608078008,1.087787879845653,0.07035150952434259,3.3317014855018385,-28.061152206789696,3.171029401639492,16.931519615015485,1.0334489608078008,1.087787879845653,0.07035150952434259
5.421000000000145,2,1,1,1,0.0006887018821333515,4.585288525220637,4.525266884758579,5.0,0.5974715505732024,0.05620958978171805,0.4363155402782405,-0.030712333067340124,0.02584759308460315,0.0005890583954062508,0.594924629607905,0.06097932054317041,0.005407137684599531,1.485396966237259,0.0919649999999932,0.0919649999999932,1.0,-0.04215190606536106,-0.04214921279822393,-0.10595432279171799,-0.10559343622880149,-0.1039659090627408,-0.14810622885707905,0.0,-8.835864712021156,0.0,-0.1370895272242724,-0.13715152220574767,-0.13803559914928176,-0.1379662297241146,-0.16739123128915173,-0.0830355991492818,0.13260876871084712,0.024874873626446622,0.01048696485869987,0.14852256400798153,0.14211825707358727,6.755399204627465e-06,0,0,0,0,0,inf,inf,0,0,0.0,1.3865583686896132,0.013678193825954066,0.14658460355787345,0.07690621809197848,-1.4563583686896133,0.013535593600069661,1.5951800236296478,-0.6982708535544464,0.038934318368751886,-0.08750818448145468,0.0130456454825485,-0.11152314869626923,-0.013867973273063302,0.01080816114799083,0.04905571193678952,3.2199658607594794,-28.034037067208825,3.0759655125282044,16.93187331746553,1.032381839773033,1.0908760362332082,0.07491353121674313,3.2199658607594794,-28.034037067208825,3.0759655125282044,16.93187331746553,1.032381839773033,1.0908760362332082,0.07491353121674313
5.431000000000148,2,1,1,1,0.0006969632995874877,4.589954549372198,4.533936528253766,5.0,0.5971623252456595,0.056473856817000685,0.4363221497484753,-0.031096658602742168,0.026906746342784307,0.0007170073879695642,0.5946027461500779,0.06116264108936195,0.005341923164861188,1.4766579435708398,0.09226499999999317,0.09226499999999317,1.0,-0.042269533147809554,-0.042263278698558754,-0.10432813600789001,-0.10397085816813108,-0.10176650726870828,-0.14659766915569955,0.0,-8.153403913009628,0.0,-0.13751166586250066,-0.13757361449828773,-0.13908692103716988,-0.13901395439152317,-0.16841952999505672,-0.08408692103716993,0.13158047000494213,0.023401413100330257,0.01048696485869987,0.14957388589586965,0.14211825707358727,7.229386588048936e-06,0,0,0,0,0,inf,inf,0,0,0.0,1.3876765346973334,0.01408968507833324,0.14570535420531638,0.07703195349927391,-1.4574765346973335,0.013379886846254485,1.5952866204867686,-0.6977659901659322,0.04300577085265489,-0.08826160213773601,0.012175589524555056,-0.11205171219934208,-0.017002640177499105,0.010536972954385906,0.05169275849368738,3.0956801788762167,-28.00649292189076,2.970009197120848,16.932564406885763,1.0309717584913174,1.0942911500227976,0.07943297028505808,3.0956801788762167,-28.00649292189076,2.970009197120848,16.932564406885763,1.0309717584913174,1.0942911500227976,0.07943297028505808
5.441000000000152,2,1,1,1,0.000707156074150366,4.592495627993944,4.541944883752197,5.0,0.5968492626133778,0.05674901029631228,0.4363300071581518,-0.03147944283001749,0.028016073406301984,0.0008386643049187381,0.594278610106265,0.061344347228295314,0.005265489134997077,1.4661586827641364,0.09256499999999314,0.09256499999999314,1.0,-0.04242241338484433,-0.04241244928141169,-0.10174958172224993,-0.10140541053169766,-0.09860295471722204,-0.14417199510709425,0.0,-7.455567127046006,0.0,-0.13793517154346085,-0.1379970373013761,-0.1401168637705078,-0.1400403890148342,-0.16942064489743214,-0.08511686377050788,0.1305793551025667,0.02194796468603211,0.01048696485869987,0.15060382862920757,0.14211825707358727,7.627226297112209e-06,0,0,0,0,0,inf,inf,0,0,0.0,1.3887998234563284,0.014543429786549971,0.14481873018326244,0.07714855542565115,-1.4585998234563284,0.013191478735863866,1.5953904861031363,-0.6972335120079002,0.04734952667685403,-0.08898590485470453,0.011226501937745301,-0.11255220357239289,-0.02037802093293428,0.010264264102454344,0.05455024321577631,2.9594851440741947,-27.97853790863236,2.8536849498010857,16.933536593857717,1.029193589508678,1.0979246308709478,0.08382576670684797,2.9594851440741947,-27.97853790863236,2.8536849498010857,16.933536593857717,1.029193589508678,1.0979246308709478,0.08382576670684797
5.451000000000155,2,1,1,1,0.0007192434607905798,4.5929261250892885,4.549092181040155,5.0,0.5965323980597735,0.05703543138859286,0.43633902926771506,-0.03185704528806155,0.02915343010665969,0.0009503752977615683,0.5939522414707046,0.06152442775147995,0.005177672872066127,1.4537963517971257,0.0928649999999931,0.0928649999999931,1.0,-0.04261289719661708,-0.04259920796960761,-0.09809851495409794,-0.09777578460350403,-0.09436373673727069,-0.14071141215071506,0.0,-6.749999999989052,0.0,-0.13836041211003677,-0.13842215769331484,-0.14111519848330778,-0.14103539364682968,-0.17038427792786048,-0.08611519848330788,0.12961572207213837,0.020524389406656178,0.01048696485869987,0.15160216334200755,0.14211825707358727,7.93854516483225e-06,0,0,0,0,0,inf,inf,0,0,0.0,1.3899280100249207,0.015041863907569912,0.14392502687314687,0.07725522416367743,-1.4597280100249208,0.012968178004433933,1.5954916772996066,-0.6966714380034185,0.05191248896006356,-0.08968032081147438,0.010196855114218665,-0.1130346952743642,-0.02395404946791933,0.010003018678817754,0.057586762196690955,2.812265360556985,-27.950199433064316,2.727729860247915,16.934724583387062,1.027036155978451,1.101659449320058,0.08801093544693414,2.812265360556985,-27.950199433064316,2.727729860247915,16.934724583387062,1.027036155978451,1.101659449320058,0.08801093544693414
5.461000000000158,2,1,1,1,0.0007331457651073838,4.591333805485183,4.555211947787672,5.0,0.5962118035736365,0.05733327310418377,0.4363490976116975,-0.032225804810229484,0.030295527664961918,0.0010487428522111546,0.5936236603753512,0.06170287155070092,0.005078570251422676,1.4394946177975017,0.09316499999999307,0.09316499999999307,1.0,-0.0428403977450173,-0.042823111941667866,-0.09331321998946843,-0.09301874057806431,-0.08899430120733567,-0.13615361773448573,0.0,-6.044432872932216,0.0,-0.1387877628031678,-0.13884935154581476,-0.14207080901639407,-0.14198792734096538,-0.17129932202957018,-0.08707080901639422,0.12870067797042867,0.01914142818043879,0.01048696485869987,0.15255777387509384,0.14211825707358727,8.155668870516637e-06,0,0,0,0,0,inf,inf,0,0,0.0,1.391060967219471,0.015586861642283288,0.14302454726669256,0.07735115139167334,-1.460860967219471,0.012708222268243186,1.5955903758372239,-0.696078228599694,0.05663613913679709,-0.0903441135290767,0.009086337209147716,-0.11350868913608066,-0.027685662190320613,0.009765269683419309,0.06075606700707772,2.6551335872383097,-27.921514103185636,2.5930811852017173,16.936056699996364,1.024503584538776,1.1053744333660522,0.09191125058433944,2.6551335872383097,-27.921514103185636,2.5930811852017173,16.936056699996364,1.024503584538776,1.1053744333660522,0.09191125058433944
5.471000000000162,2,1,1,1,0.0007487424979394077,4.587872227978464,4.560176001295677,5.0,0.5958875873268024,0.05764245151718766,0.4363600616587086,-0.032582152351310574,0.03141841670087723,0.0011307313940461191,0.5932928870886347,0.06187966761870415,0.00496854803910538,1.4232064490886236,0.09346499999999304,0.09346499999999304,1.0,-0.04310146472355937,-0.04308085938893588,-0.08739718160887293,-0.08713598894147867,-0.08250385511178485,-0.13049864633243233,0.0,-5.346596086968954,0.0,-0.13921757707760063,-0.13927897441522905,-0.14297231672095728,-0.14288666994973107,-0.17215447125634029,-0.08797231672095743,0.12784552874365857,0.01781010620144277,0.01048696485869987,0.15345928157965705,0.14211825707358727,8.273421763630177e-06,0,0,0,0,0,inf,inf,0,0,0.0,1.3921986588927633,0.016179687682725586,0.14211760100348986,0.07743553245560773,-1.4619986588927634,0.012410323106053342,1.5956868768752752,-0.6954528286160296,0.06145771279245206,-0.09097669484676994,0.007895871650092572,-0.11398294193527164,-0.03152368731018923,0.009561743588105189,0.06400808177606182,2.4894119109109085,-27.892527273585085,2.450861078752357,16.937457639431866,1.0216159916817595,1.1089485444126852,0.09545390810632182,2.4894119109109085,-27.892527273585085,2.450861078752357,16.937457639431866,1.0216159916817595,1.1089485444126852,0.09545390810632182
5.481000000000165,2,1,1,1,0.0007658756336063879,4.582749995139736,4.563897551343876,5.0,0.5955598921833272,0.05796264177373492,0.43637174292766995,-0.03292271228924219,0.032497961565802355,0.001193754080473057,0.5929599420142093,0.06205480504987539,0.004848251350795323,1.4049163983918884,0.093764999999993,0.093764999999993,1.0,-0.043390109358790764,-0.043366606523459646,-0.08042178331486026,-0.0801970050674841,-0.07496828804677907,-0.12381189267365102,0.0,-4.66413528795802,0.0,-0.13965015956015311,-0.13971133450277176,-0.1438087507312475,-0.1437206905325559,-0.17293887771924035,-0.08880875073124767,0.1270611222807585,0.01654108970860009,0.01048696485869987,0.15429571558994726,0.14211825707358727,8.289067735332047e-06,0,0,0,0,0,inf,inf,0,0,0.0,1.3933411318398798,0.016820961219069657,0.1412045022165026,0.07750757874306088,-1.46314113183988,0.01207370229726852,1.5957815744141026,-0.6947946999611668,0.06631137431473083,-0.09157774764280735,0.006627618690422406,-0.11446535837306833,-0.03541572261870101,0.009401605169880346,0.06728991162604232,2.3166098455643223,-27.86329217812524,2.302358425144637,16.938851124745483,1.0184092662951438,1.1122648392806662,0.0985712103090013,2.3166098455643223,-27.86329217812524,2.302358425144637,16.938851124745483,1.0184092662951438,1.1122648392806662,0.0985712103090013
5.491000000000168,2,1,1,1,0.0007843537652221502,4.576217248634492,4.566332265797271,5.0,0.5952288932788332,0.05829327879506926,0.43638393985070595,-0.0332443881997607,0.033510305681916264,0.0012357369459065556,0.5926248456896959,0.06222827304091291,0.004718606103640641,1.3846423615332297,0.09406499999999297,0.09406499999999297,1.0,-0.043698343060694304,-0.043672497127327146,-0.07252484890081844,-0.07233768773488988,-0.06652909953171376,-0.11622319196151275,0.0,-4.004527659227482,0.0,-0.1400857434712617,-0.14014666999156933,-0.14457022233788108,-0.14448012103579747,-0.17364281580818164,-0.08957022233788123,0.1263571841918172,0.015344034190857966,0.01048696485869987,0.15505718719658085,0.14211825707358727,8.202399319706354e-06,0,0,0,0,0,inf,inf,0,0,0.0,1.3944885069944966,0.017510631642907715,0.14028556614654414,0.0775665299969987,-1.4642885069944966,0.011698119409333196,1.5958749447923082,-0.694103844351242,0.07112938105564229,-0.09214734766574696,0.005284963853877081,-0.11496294911585828,-0.03930698883309823,0.009292313535593157,0.07054683463936279,2.138399431994891,-27.833868671081024,2.1490077927658646,16.94016228761117,1.0149337999398262,1.115213878066889,0.10120129927672883,2.138399431994891,-27.833868671081024,2.1490077927658646,16.94016228761117,1.0149337999398262,1.115213878066889,0.10120129927672883
5.501000000000172,2,1,1,1,0.0008039569137562033,4.568550067822741,4.56747723929549,5.0,0.5948947948393735,0.05863356257723762,0.43639643313745735,-0.03354443083913967,0.034432325925069014,0.0012551571300609319,0.5922876187854137,0.062400060891493934,0.004580816142090501,1.3624368070307584,0.09436499999999294,0.09436499999999294,1.0,-0.044016877689189014,-0.04398935328942162,-0.06390515729917577,-0.0637549860471713,-0.05738840780212034,-0.10792203498836475,0.0,-3.374999999989495,0.0,-0.1405244743686404,-0.14058513261176372,-0.14524856243660084,-0.14515679419524222,-0.17425831398799385,-0.09024856243660098,0.125741686012005,0.014226963194759478,0.01048696485869987,0.1557355272953006,0.14211825707358727,8.015987762308162e-06,0,0,0,0,0,inf,inf,0,0,0.0,1.3956409705436752,0.01824796579257093,0.13936110459107948,0.07761166645958742,-1.4654409705436753,0.011283891012381975,1.5959675293689783,-0.6933808162274602,0.0758432280505692,-0.09268607436623304,0.003872496905453809,-0.11548184949111893,-0.04314115356783593,0.009239591330989864,0.07372327130950858,1.9565875377875885,-27.804321642178643,1.992365662794194,16.94131966433068,1.0112521424790877,1.1176964233044069,0.10328894529375654,1.9565875377875885,-27.804321642178643,1.992365662794194,16.94131966433068,1.0112521424790877,1.1176964233044069,0.10328894529375654
5.511000000000175,2,1,1,1,0.0008244417197772183,4.560033713205328,4.567367919634024,5.0,0.594557826421478,0.058982467952497175,0.4364089913683051,-0.03382048794486921,0.03524207096413293,0.0012510529913953823,0.5919482821031071,0.06257015800493461,0.004436354523919429,1.3383874677080816,0.09466499999999291,0.09466499999999291,1.0,-0.04433592921972767,-0.04430747007575181,-0.05481326430931565,-0.05469782320417785,-0.04780031604098836,-0.09914919352904329,0.0,-2.7824495470158013,0.0,-0.14096640151081358,-0.14102677873224906,-0.14583788345809368,-0.1457448069893105,-0.1747797163408012,-0.09083788345809382,0.12522028365919766,0.013195715031093439,0.01048696485869987,0.15632484831679344,0.14211825707358727,7.735617374260282e-06,0,0,0,0,0,inf,inf,0,0,0.0,1.3967987655338339,0.019031546496640222,0.13843142034629663,0.07764232076273492,-1.466598765533834,0.010831901807038937,1.5960599174896375,-0.6926267261269011,0.0803847642681549,-0.0931951021202256,0.0023959831132547137,-0.1160273923659121,-0.046861128360623255,0.009247499722299114,0.07676372642332494,1.773085727523938,-27.77471921011913,1.8340842638067048,16.942256773830767,1.0074357063129866,1.1196253762976605,0.10478637175712699,1.773085727523938,-27.77471921011913,1.8340842638067048,16.942256773830767,1.0074357063129866,1.1196253762976605,0.10478637175712699
5.521000000000178,2,1,1,1,0.0008455467335947422,4.550945905875272,4.566073182050067,5.0,0.5942182387493339,0.059338758609753094,0.4364213765306568,-0.034070637152808614,0.035919175464366605,0.001223005570717345,0.5916068565746608,0.06273855388884375,0.004286948192120738,1.3126174764742014,0.09496499999999287,0.09496499999999287,1.0,-0.04464606772702089,-0.044617458160385606,-0.04553915104387288,-0.045454832276482546,-0.0380591004166053,-0.09018521877089375,0.0,-2.2333684070683417,0.0,-0.14141147755719338,-0.14147156870711267,-0.1463350315623366,-0.14624097529992017,-0.17520413983409744,-0.09133503156233673,0.12479586016590141,0.012253490880470706,0.01048696485869987,0.15682199642103636,0.14211825707358727,7.370952097776057e-06,0,0,0,0,0,inf,inf,0,0,0.0,1.3979621844638894,0.019859282079376525,0.13749680087548657,0.07765788948800524,-1.4677621844638895,0.010343607894357948,1.5961527307117547,-0.6918432348089808,0.08468727092536198,-0.09367626551036783,0.0008623264359186322,-0.11660422652598597,-0.050409846758055495,0.009318603067948121,0.07961369845158407,1.5898782605221593,-27.74513082271622,1.675883536941563,16.942913314689008,1.0035607840435878,1.1209269920427034,0.10565407550224765,1.5898782605221593,-27.74513082271622,1.675883536941563,16.942913314689008,1.0035607840435878,1.1209269920427034,0.10565407550224765
5.531000000000182,2,1,1,1,0.0008669975263430321,4.541541485157061,4.563688887131614,5.0,0.5938762993047639,0.05970100507715368,0.4364333492187115,-0.034293404571613346,0.036445239812600644,0.0011710930417281429,0.5912633632608099,0.06290523815577005,0.004134554920652731,1.285284915760671,0.09526499999999284,0.09526499999999284,1.0,-0.04493906247760088,-0.04491108424853589,-0.03639737991055455,-0.03633958076563443,-0.02848485323561501,-0.08133644238815547,0.0,-1.7337724280189992,0.0,-0.14185956678030295,-0.14191937467468158,-0.14673990098885906,-0.14664515150242696,-0.17553179888726766,-0.09173990098885924,0.12446820111273124,0.011400532230838617,0.01048696485869987,0.15722686584755882,0.14211825707358727,6.9365260283238355e-06,0,0,0,0,0,inf,inf,0,0,0.0,1.3991315632616717,0.02072842639362433,0.1365575114853042,0.07765784430389475,-1.4689315632616717,0.009821032319049463,1.5962466090651983,-0.6910325384923693,0.08868649174449424,-0.09413209506377786,-0.0007204776685415157,-0.11721646947962452,-0.053731034218559896,0.009454200335380183,0.08222055086486611,1.4089889458552327,-27.71562539408689,1.5195219313067707,16.94323606566895,0.9997042561825084,1.1215414877781589,0.10586158469360565,1.4089889458552327,-27.71562539408689,1.5195219313067707,16.94323606566895,0.9997042561825084,1.1215414877781589,0.10586158469360565
5.541000000000185,2,1,1,1,0.0008885113749786113,4.532039777321939,4.5603303948864875,5.0,0.5935322877960807,0.06006760625999666,0.43644467324678443,-0.03448777221242299,0.03680416405881056,0.0010958222197466163,0.5909178233498398,0.06307020052384277,0.003981331015369028,1.2565817355156788,0.09556499999999281,0.09556499999999281,1.0,-0.04520867817991839,-0.0451820660857046,-0.02771056666565704,-0.027674089327355433,-0.019407353030641436,-0.07291924484557544,0.0,-1.2891352879614195,0.0,-0.14231046149379303,-0.14236999654408625,-0.14705558999561938,-0.14696038421164997,-0.17576617593387467,-0.09205558999561957,0.12423382406612422,0.010633948510588177,0.01048696485869987,0.15754255485431914,0.14211825707358727,6.453202970841198e-06,0,0,0,0,0,inf,inf,0,0,0.0,1.400307276915682,0.021635608841778477,0.13561378831195392,0.0776417425574424,-1.470107276915682,0.009266752910288665,1.5963421998676153,-0.6901973456193846,0.09232160436787895,-0.09456582265390674,-0.0023434034492483416,-0.11786788122131409,-0.05676997993063347,0.009654596020588546,0.08453433857012375,1.2324477092673272,-27.686269590149955,1.366766853337847,16.943179592093696,0.9959394253684625,1.1214232015879257,0.10538808887130682,1.2324477092673272,-27.686269590149955,1.366766853337847,16.943179592093696,0.9959394253684625,1.1214232015879257,0.10538808887130682
5.5510000000001885,2,1,1,1,0.0009098013284883069,4.522615801921228,4.5561246125668,5.0,0.5931864915990391,0.060436814016087734,0.4364551194799976,-0.03465317754726635,0.03698242538975995,0.0009980435086174343,0.5905702581562798,0.06323343081740598,0.003829587831663831,1.2267319802933063,0.09586499999999278,0.09586499999999278,1.0,-0.045451384136007016,-0.04542678406795809,-0.0197920640106728,-0.019771538065599198,-0.011149030916974568,-0.0652434481466798,0.0,-0.9043285244483841,0.0,-0.14276390599390346,-0.14282318550320647,-0.14728838641914804,-0.14719290798521287,-0.17591402496925423,-0.0922883864191482,0.12408597503074464,0.009947707586949113,0.01048696485869987,0.1577753512778478,0.14211825707358727,5.9502515913360415e-06,0,0,0,0,0,inf,inf,0,0,0.0,1.4014897368881958,0.022576873734934316,0.13466583141303543,0.07760923715756873,-1.4712897368881959,0.00868388236298668,1.596440149332234,-0.6893408456407788,0.0955361217213673,-0.09498135829326945,-0.003996474156845075,-0.11856204351581676,-0.059474316618941356,0.009919381939875857,0.08650858123448438,1.0622577786601193,-27.657126338194583,1.2193656419211434,16.94270684982699,0.9923324083158309,1.1205404649478152,0.1042228789095099,1.0622577786601193,-27.657126338194583,1.2193656419211434,16.94270684982699,0.9923324083158309,1.1205404649478152,0.1042228789095099
5.561000000000192,2,1,1,1,0.0009305795366887628,4.513396046698011,4.551202204866558,5.0,0.5928392012321141,0.06080676015468927,0.4364644687601801,-0.03478950808167471,0.03696929064153521,0.0008788574091937492,0.5902206891195885,0.0633949189676463,0.003681734879717786,1.1959892543488866,0.09616499999999274,0.09616499999999274,1.0,-0.045666940657344016,-0.045644873541325764,-0.012928792291136474,-0.012919095169394056,-0.004007950905785791,-0.05859573294848046,0.0,-0.5835681609069345,0.0,-0.14321962694652657,-0.14327867401608926,-0.14744758010437434,-0.14735195998745476,-0.1759852040752151,-0.0924475801043745,0.12401479592478379,0.009332792949099717,0.01048696485869987,0.1579345449630741,0.14211825707358727,5.467914024959409e-06,0,0,0,0,0,inf,inf,0,0,0.0,1.4026793902746535,0.023547728227962555,0.1337137982322975,0.07756008554909985,-1.4724793902746536,0.008076040476580764,1.5965410969250728,-0.688466670403259,0.09827871214654005,-0.09538324197966504,-0.0056688629348474705,-0.11930252823202682,-0.06179480775586486,0.010247702723283608,0.08810097403496166,0.9003643621264686,-27.628253593454566,1.0790179025867055,16.941789748011907,0.9889394458763825,1.1188753328213552,0.10236554791782856,0.9003643621264686,-27.628253593454566,1.0790179025867055,16.941789748011907,0.9889394458763825,1.1188753328213552,0.10236554791782856
5.571000000000195,2,1,1,1,0.0009505598086792235,4.504459015830427,4.54569057706321,5.0,0.5924907059030554,0.06117548517832995,0.4364725138914095,-0.03489709314628792,0.03675695879468298,0.0007395215223971489,0.5898691378028303,0.06355465501321397,0.003540207396091329,1.1646333475403199,0.09646499999999271,0.09646499999999271,1.0,-0.045858827057460104,-0.045839661342341964,-0.007365142570775236,-0.0073617937534949645,0.001758283088305875,-0.05322396962823538,0.0,-0.3303685150034548,0.0,-0.14367736879692994,-0.14373621091730435,-0.14754510879374336,-0.14744942995801,-0.17599234210773151,-0.09254510879374353,0.1240076578922674,0.00877752240932728,0.01048696485869987,0.15803207365244312,0.14211825707358727,5.059248349333778e-06,0,0,0,0,0,inf,inf,0,0,0.0,1.403876720510348,0.024543197959382965,0.13275779766078255,0.07749415754872256,-1.473676720510348,0.007447318517710156,1.5966456721766493,-0.6875788488208919,0.10050392775194719,-0.09577657543593864,-0.007349017357350035,-0.12009303863364519,-0.06368613360290483,0.01063848177599144,0.08927402571910162,0.7486255790409049,-27.599703355174004,0.9473499145816668,16.940409692699006,0.9858053677365625,1.1164232772857927,0.09982592496255321,0.7486255790409049,-27.599703355174004,0.9473499145816668,16.940409692699006,0.9858053677365625,1.1164232772857927,0.09982592496255321
5.5810000000001985,2,1,1,1,0.0009694594545519289,4.495840196967478,4.539708152077381,5.0,0.5921412891460234,0.061540968058601035,0.43647906073824294,-0.03497669429306226,0.03634063252957667,0.0005813666719489247,0.5895156258913468,0.06371262910083725,0.0034073771745032075,1.1329659473646632,0.09676499999999268,0.09676499999999268,1.0,-0.04603447488514481,-0.04601840917183063,-0.003288816556274898,-0.003288323329410838,0.005946838374021043,-0.049323291441419684,0.0,-0.14750369504389793,0.0,-0.1441369324181018,-0.14419559984011304,-0.14759505302432357,-0.14749935880168555,-0.17595035358613406,-0.09259505302432379,0.12404964641386483,0.00826801455757514,0.01048696485869987,0.15808201788302334,0.14211825707358727,4.787432745426848e-06,0,0,0,0,0,inf,inf,0,0,0.0,1.405082249274158,0.025557889425940155,0.1317978848667301,0.07741144180470969,-1.474882249274158,0.006802235802502052,1.5967544934518616,-0.686681755612463,0.10217283171692558,-0.0961669389589234,-0.009024807579364032,-0.12093750953227161,-0.06510765972718183,0.011090590336046226,0.08999561403841703,0.6087862286682718,-27.57152089394908,0.825891644118265,16.938558096380564,0.9829632938123212,1.1131929059097412,0.09662373815228215,0.6087862286682718,-27.57152089394908,0.825891644118265,16.938558096380564,0.9829632938123212,1.1131929059097412,0.09662373815228215
5.591000000000202,2,1,1,1,0.000987000540240173,4.487540609829376,4.533360313334268,5.0,0.5917912245594731,0.06190115635113331,0.43648392856924356,-0.035029494818271646,0.03571852211843389,0.0004057294065910361,0.5891601751914175,0.0638688314859303,0.0032854476427488575,1.1013053772580466,0.09706499999999264,0.09706499999999264,1.0,-0.04620527168143226,-0.0461923279417131,-0.000819360154975448,-0.0008194958726138844,0.00842143240129512,-0.04702463183640771,0.0,-0.036977206262664736,0.0,-0.1445982148561703,-0.14465673884649558,-0.14761300367028063,-0.14751730923138534,-0.17587582383317302,-0.09261300367028086,0.12412417616682585,0.007788781473549585,0.01048696485869987,0.1580999685289804,0.14211825707358727,4.71247331789543e-06,0,0,0,0,0,inf,inf,0,0,0.0,1.406296539116113,0.02658605803903057,0.130834057015849,0.07731205065540671,-1.4760965391161132,0.006145688793273711,1.5968681680465595,-0.6857800549809742,0.1032535171650499,-0.09656029824016858,-0.010683695726404919,-0.12184015566965342,-0.06602416551785013,0.011602949415954793,0.09023944971283382,0.48245476932287457,-27.543744134215192,0.7160566841746752,16.93623680875364,0.9804354958717669,1.1092057207898123,0.09278802815705578,0.48245476932287457,-27.543744134215192,0.7160566841746752,16.93623680875364,0.9804354958717669,1.1092057207898123,0.09278802815705578
5.601000000000205,2,1,0,0,0.0010014310334632293,0.0,4.462732375586852,5.0,0.5914393404024471,0.06225467220978114,0.4364856146691687,-0.03648843093269101,0.03556781756977238,-0.0011213012741494526,0.5888028076289161,0.06402325253319421,0.0031747726574144785,1.0702691907897797,0.09736499999999261,0.09736499999999261,1.0,0.0,0.0,0.0,0.0,0.0,0.0,0.0,-0.0,0.0,-0.14501486140792896,-0.14505009921794942,-0.14761533255400677,-0.14751963871928928,-0.17579541413141875,-0.09261533255400706,0.12420458586858012,0.007369806038064743,0.01048696485869987,0.15810229741270654,0.14211825707358727,6.937489544967909e-05,0,0,0,0,0,inf,inf,0,0,0.0,1.4075226592127787,0.027621617544938276,0.12986610594131082,0.07719650294760906,-1.4773226592127788,0.005485465781701091,1.596984129240892,-0.684878529681761,0.10365830861739625,-0.0971069234192344,-0.012033171993939046,-0.12526842187814605,-0.0638339757109054,0.009010883242107335,0.09009595010995791,0.37108366347428823,-27.5049035077954,0.6190098094549201,16.92430324566898,0.9781554523391316,1.1028403185540185,0.0883563543071379,0.37108366347428823,-27.5049035077954,0.6190098094549201,16.92430324566898,0.9781554523391316,1.1028403185540185,0.0883563543071379
5.6110000000002085,2,1,1,1,0.0009763426834117619,4.2276014038599,4.312324057761798,5.0,0.5910609369602644,0.06261050755131461,0.4364503661479807,-0.03697505944220583,0.03462810436294045,-0.003625649081419964,0.5884435452479573,0.06417588271721142,0.0030497768419444197,1.0453400833423712,0.09766499999999258,0.09766499999999258,1.0,-0.062029722151325475,-0.062458076596577365,0.0,0.0,0.006418728937785831,-0.062029722151325475,0.0,-0.0,0.0,-0.1455135562928002,-0.14558389037673455,-0.14761533255400677,-0.14751963871928928,-0.17574779597940976,-0.09261533255400706,0.12425220402058908,0.006871111153193531,0.01048696485869987,0.15810229741270654,0.14211825707358727,4.2186103126124745e-05,0,0,0,0,0,inf,inf,0,0,0.0,1.4088280508408517,0.02865792796836628,0.12889225183875486,0.07707018766861146,-1.4786280508408518,0.004866941365530173,1.5970650556928336,-0.6839794665163701,0.10359918380230826,-0.09740490068989602,-0.013513422258203758,-0.13137612288903688,-0.06365923722598867,0.011629026575860188,0.08953039479876371,0.21921118679480944,-27.57501080905455,0.4776364321781934,17.075461449850444,0.9177935731488249,1.2393829892579518,0.08306222117300596,0.21921118679480944,-27.57501080905455,0.4776364321781934,17.075461449850444,0.9177935731488249,1.2393829892579518,0.08306222117300596
5.621000000000212,2,1,1,1,0.0009526359879314097,4.419981175532346,4.314307492347406,5.0,0.5906995625015677,0.0629464752253041,0.4364148828639419,-0.035578045714793595,0.032802945437408956,-0.0034753324928271036,0.5880824102095369,0.06432671262303322,0.002958807427625599,1.0182337077395605,0.09796499999999254,0.09796499999999254,1.0,-0.06141181412721465,-0.06168441190098646,0.0,0.0,0.007211071594463556,-0.06141181412721465,0.0,-0.0,0.0,-0.1461313631295365,-0.14620505154574803,-0.14761533255400677,-0.14751963871928928,-0.17567863508637002,-0.09261533255400706,0.12432136491362882,0.006253304316457222,0.01048696485869987,0.15810229741270654,0.14211825707358727,2.3955066643218047e-05,0,0,0,0,0,inf,inf,0,0,0.0,1.410145930564677,0.029691068398804497,0.12791777648701355,0.07692489806517586,-1.4799459305646772,0.004218101361417302,1.5972122430169449,-0.6830908256325121,0.1029903780409482,-0.09749617273145683,-0.015326134850121775,-0.13203222781553067,-0.06550014496064245,0.016744918064015495,0.08824343600268439,0.17165786039969216,-27.509803396991245,0.4425865814462281,17.00935454630306,0.958249968174557,1.1631690716759937,0.07733772443112916,0.17165786039969216,-27.509803396991245,0.4425865814462281,17.00935454630306,0.958249968174557,1.1631690716759937,0.07733772443112916
5.631000000000215,2,1,1,1,0.0009314628479401834,4.516743810246905,4.335210980744961,5.0,0.5903483804003654,0.06326573968762353,0.436381152690022,-0.03481505233918578,0.031225107771623743,-0.0032895865516468256,0.587719424790165,0.06447573294676055,0.002894044106015159,0.9906751546263721,0.09826499999999251,0.09826499999999251,1.0,-0.06016313387344964,-0.06034601431284915,0.0,0.0,0.007387965644201354,-0.06016313387344964,0.0,-0.0,0.0,-0.1467388278605295,-0.14681470951047237,-0.14761533255400677,-0.14751963871928928,-0.17560514211206057,-0.09261533255400706,0.12439485788793825,0.005645839585464229,0.01048696485869987,0.15810229741270654,0.14211825707358727,1.4291496666019158e-05,0,0,0,0,0,inf,inf,0,0,0.0,1.4114678117277875,0.03071509406055198,0.12694190520012813,0.07676260549394899,-1.4812678117277875,0.003562390473814626,1.5973953885455416,-0.6822176243660386,0.10185209146524431,-0.09767372028508069,-0.01694219855850385,-0.13228103951198897,-0.0654223906296979,0.01932240426858116,0.0865049030744522,0.12227281536864353,-27.46286993815634,0.40239869549653573,16.968605650574766,0.9764925389950032,1.1172581195594335,0.07237928310660999,0.12227281536864353,-27.46286993815634,0.40239869549653573,16.968605650574766,0.9764925389950032,1.1172581195594335,0.07237928310660999
5.6410000000002185,2,1,1,1,0.0009123509562011514,4.563425194548226,4.362819291673378,5.0,0.5900026644449283,0.06356981487156665,0.4363492503218681,-0.03441510121038873,0.029740795431539943,-0.0031132926672761503,0.5873546113804925,0.06462293449611788,0.0028497799872416276,0.9638001698308383,0.09856499999999248,0.09856499999999248,1.0,-0.05884368075645403,-0.05897305196173284,0.0,0.0,0.007157927424816804,-0.05884368075645403,0.0,-0.0,0.0,-0.14733313907894427,-0.14741053332620185,-0.14761533255400677,-0.14751963871928928,-0.17553225768334457,-0.09261533255400706,0.12446774231665425,0.005051528367049412,0.01048696485869987,0.15810229741270654,0.14211825707358727,9.534188707237366e-06,0,0,0,0,0,inf,inf,0,0,0.0,1.4127913349675183,0.03172538863283572,0.12596382994443334,0.07658504926472265,-1.4825913349675184,0.002913757295248954,1.597595997711951,-0.6813638091574089,0.10030174788941579,-0.09792780982818704,-0.018398971811357016,-0.13240506941326805,-0.06428752569232735,0.020517024728731622,0.08441697173979198,0.07754188566157409,-27.426554307414083,0.3645163233687604,16.942782696300444,0.9843964264244486,1.0889070566322576,0.06805929500953156,0.07754188566157409,-27.426554307414083,0.3645163233687604,16.942782696300444,0.9843964264244486,1.0889070566322576,0.06805929500953156
5.651000000000222,2,1,1,1,0.0008947839863700782,4.584384540805184,4.391197654934623,5.0,0.5896597091521667,0.06385926766210222,0.4363189750893732,-0.03422302424114431,0.028292266932203297,-0.002962951108544569,0.5869879924839286,0.06476830819102028,0.0028221312227741545,0.9382708203091511,0.09886499999999245,0.09886499999999245,1.0,-0.05767057977891209,-0.05776690326808827,0.0,0.0,0.006658411581227154,-0.05767057977891209,0.0,-0.0,0.0,-0.14791496027081658,-0.14799345385844198,-0.14761533255400677,-0.14751963871928928,-0.17546324581429323,-0.09261533255400706,0.12453675418570556,0.004469707175177078,0.01048696485869987,0.15810229741270654,0.14211825707358727,7.549672529651311e-06,0,0,0,0,0,inf,inf,0,0,0.0,1.4141160940922075,0.032718331092900975,0.12498283382809383,0.0763937124191104,-1.4839160940922076,0.002280157244296397,1.5978041484531749,-0.6805323843961286,0.09842688276073686,-0.09824973503800156,-0.019714411586145397,-0.13254178822544643,-0.06252844345144301,0.02098285755622364,0.08206581079632419,0.04009855215675977,-27.396386762359924,0.33210034943484534,16.925716949896895,0.9875684690525806,1.0706594761248958,0.06421192392692074,0.04009855215675977,-27.396386762359924,0.33210034943484534,16.925716949896895,0.9875684690525806,1.0706594761248958,0.06421192392692074
5.661000000000225,2,1,1,1,0.0008782887372322514,4.592691095300491,4.417694602549087,5.0,0.5893179627127257,0.06413435033121365,0.4362900425834887,-0.03415050415975136,0.026864329477687528,-0.002841807572394783,0.5866195907152538,0.06491184506413347,0.0028081505473280177,0.9144815757811753,0.09916499999999241,0.09916499999999241,1.0,-0.05671429518523298,-0.05678953239874279,0.0,0.0,0.005978063633093371,-0.05671429518523298,0.0,-0.0,0.0,-0.14848621866926376,-0.14856555199317042,-0.14761533255400677,-0.14751963871928928,-0.17540028187679013,-0.09261533255400706,0.12459971812320868,0.0038984487767298533,0.01048696485869987,0.15810229741270654,0.14211825707358727,6.891648254378436e-06,0,0,0,0,0,inf,inf,0,0,0.0,1.415442592393179,0.0336910734211881,0.12399828280185672,0.07618995721544915,-1.4852425923931791,0.0016664549803957038,1.5980147369829096,-0.6797255899749847,0.09629767705679348,-0.09863155885837735,-0.02089684589858711,-0.1327514225150187,-0.060375193553183604,0.021084738970182693,0.07952057328557985,0.010669719979309933,-27.369758343101097,0.3062032686380742,16.913781307335803,0.9886627398862777,1.0581876438417854,0.06073934318100507,0.010669719979309933,-27.369758343101097,0.3062032686380742,16.913781307335803,0.9886627398862777,1.0581876438417854,0.06073934318100507
5.6710000000002285,2,1,1,1,0.0008624681204474618,4.595334807024016,4.441347926121423,5.0,0.5889765276668008,0.06439527508167783,0.4362621726205493,-0.03414763606959208,0.02545972338439057,-0.002747175697758601,0.5862494287992247,0.065053536261427,0.0028054190443317626,0.8926660993034679,0.09946499999999238,0.09946499999999238,1.0,-0.055982390554506066,-0.05604380596118867,0.0,0.0,0.005174740673825837,-0.055982390554506066,0.0,-0.0,0.0,-0.14904915638548763,-0.14912916138606247,-0.14761533255400677,-0.14751963871928928,-0.1753448363338035,-0.09261533255400706,0.12465516366619532,0.0033355110605059923,0.01048696485869987,0.15810229741270654,0.14211825707358727,6.7143307806729716e-06,0,0,0,0,0,inf,inf,0,0,0.0,1.4167716915869273,0.03464140361102483,0.12300961762924074,0.0759750897598057,-1.4865716915869274,0.0010758102516187447,1.5982253214565134,-0.6789450454343053,0.09397295995054086,-0.09906618764502101,-0.02195022621730051,-0.1330538623939902,-0.05795995736997671,0.021022058038155676,0.07683814104023899,-0.010937566748622951,-27.34514015775713,0.2868598657747644,16.904848591270888,0.988927647518147,1.0489965006395696,0.05759438865242167,-0.010937566748622951,-27.34514015775713,0.2868598657747644,16.904848591270888,0.988927647518147,1.0489965006395696,0.05759438865242167
5.681000000000232,2,1,1,1,0.0008470094006809694,4.596005861567221,4.46203472874694,5.0,0.588634874622827,0.06464232406813938,0.4362351268872876,-0.03418648865189335,0.024087826352873563,-0.0026739983718886188,0.5858775295691717,0.0651933730427204,0.0028118689011588484,0.8729540037689535,0.09976499999999235,0.09976499999999235,1.0,-0.0554562612244063,-0.05550845903818104,0.0,0.0,0.004287433691115991,-0.0554562612244063,0.0,-0.0,0.0,-0.14960592777118814,-0.14968649319096103,-0.14761533255400677,-0.14751963871928928,-0.1752979124918673,-0.09261533255400706,0.12470208750813155,0.002778739674805503,0.01048696485869987,0.15810229741270654,0.14211825707358727,6.658349585062624e-06,0,0,0,0,0,inf,inf,0,0,0.0,1.4181043289377744,0.03556765019231862,0.1220163450176385,0.07575038730173689,-1.4879043289377745,0.0005103551833264627,1.5984348940835487,-0.6781918515714553,0.09150319159434472,-0.0995474405983465,-0.022876849900346226,-0.13344874101615006,-0.05536634956692604,0.020900436806193325,0.07406669351715063,-0.025343865452512923,-27.321627399892556,0.27362706080960914,16.89767094821203,0.9889359661281947,1.0416563174882334,0.05475489974711083,-0.025343865452512923,-27.321627399892556,0.27362706080960914,16.89767094821203,0.9889359661281947,1.0416563174882334,0.05475489974711083
5.691000000000235,2,1,1,1,0.0008316813560209904,4.59659323233718,4.480019626355538,5.0,0.5882926789152862,0.06487588423382018,0.43620872212037476,-0.03425163254190787,0.02275952534646941,-0.0026165758419526264,0.5855039159655913,0.0653313467822223,0.0028257114011498857,0.8554022209604597,0.10006499999999231,0.10006499999999231,1.0,-0.055107579578237836,-0.055153615051146285,0.0,0.0,0.0033435476759173374,-0.055107579578237836,0.0,-0.0,0.0,-0.15015843885367783,-0.15023949029082634,-0.14761533255400677,-0.14751963871928928,-0.17526019201633752,-0.09261533255400706,0.12473980798366135,0.0022262285923158338,0.01048696485869987,0.15810229741270654,0.14211825707358727,6.603372076605041e-06,0,0,0,0,0,inf,inf,0,0,0.0,1.4194413799679615,0.036468608021068785,0.12101802845317822,0.07551710643332564,-1.4892413799679616,-2.846284426226198e-05,1.598643189172649,-0.6774666654308148,0.08893204887510082,-0.10007004518918286,-0.023678733736597415,-0.13392630102002143,-0.05265280654355945,0.0207729862337131,0.07124770437129883,-0.033352160232234265,-27.29867485924615,0.2658509809099603,16.891514013813417,0.9889333790038646,1.0353528096480173,0.052208066540979384,-0.033352160232234265,-27.29867485924615,0.2658509809099603,16.891514013813417,0.9889333790038646,1.0353528096480173,0.052208066540979384
5.7010000000002385,2,1,1,1,0.0008163267260744836,4.597999853433932,4.495717329795854,5.0,0.5879497280014262,0.0650964484256948,0.43618283148637976,-0.034334697672604234,0.02148495762802377,-0.0025693913303862343,0.5851286110347302,0.06546744896906254,0.0028454072367517023,0.8400134852299834,0.10036499999999228,0.10036499999999228,1.0,-0.054905758179629297,-0.0549477535778895,0.0,0.0,0.002363173422986878,-0.054905758179629297,0.0,-0.0,0.0,-0.15070829594665044,-0.1507897840478308,-0.14761533255400677,-0.14751963871928928,-0.17523212538563027,-0.09261533255400706,0.12476787461436858,0.001676371499343182,0.01048696485869987,0.15810229741270654,0.14211825707358727,6.516280056903035e-06,0,0,0,0,0,inf,inf,0,0,0.0,1.420783599520594,0.03734347595519781,0.12001427945089635,0.07527648182208732,-1.490583599520594,-0.0005396977709414123,1.598850298733618,-0.6767697610844684,0.08629736277038307,-0.10062956904394042,-0.02435827936562344,-0.1344732013420719,-0.04986379980664625,0.020663912142000807,0.06841698365995748,-0.035824665346040646,-27.275944480259017,0.26280029271010036,16.885942935600223,0.9890069732454435,1.0296253667079165,0.049943006403674814,-0.035824665346040646,-27.275944480259017,0.26280029271010036,16.885942935600223,0.9890069732454435,1.0296253667079165,0.049943006403674814
5.711000000000242,2,1,1,1,0.0008008529086777341,4.60058919388886,4.5095709820779035,5.0,0.5876058694477831,0.06530460211717919,0.4361573804219333,-0.03443125520156249,0.020272591842449613,-0.0025274891065299124,0.5847516379271646,0.06560167120781714,0.0028696493893688754,0.826748334369921,0.10066499999999225,0.10066499999999225,1.0,-0.054821337314788304,-0.05486082749307537,0.0,0.0,0.0013615609820347167,-0.054821337314788304,0.0,-0.0,0.0,-0.15125680388948057,-0.1513386970830684,-0.14761533255400677,-0.14751963871928928,-0.17521399032450655,-0.09261533255400706,0.12478600967549229,0.0011278635565130837,0.01048696485869987,0.15810229741270654,0.14211825707358727,6.392231847367882e-06,0,0,0,0,0,inf,inf,0,0,0.0,1.422131604236025,0.03819180204952123,0.1190047497124162,0.07502972053221328,-1.491931604236025,-0.0010227983353023786,1.599056463472392,-0.6761010828204469,0.08363175248578572,-0.10122231458157525,-0.024918566383032283,-0.1350755446048398,-0.047035280921404264,0.020581929469961176,0.06560526158752314,-0.033619896760494455,-27.253218086324352,0.263733870664116,16.88069801568316,0.9891677847757185,1.0242157676760952,0.04794787704508362,-0.033619896760494455,-27.253218086324352,0.263733870664116,16.88069801568316,0.9891677847757185,1.0242157676760952,0.04794787704508362
5.721000000000245,2,1,1,1,0.0007852222684757984,4.604431205714726,4.521992890108164,5.0,0.5872609821248139,0.0655010047751365,0.4361323400443366,-0.03453903864127179,0.019128935735608695,-0.0024866299166990263,0.5843730198963714,0.06573400521902616,0.002897346206404012,0.8155339004922937,0.10096499999999221,0.10096499999999221,1.0,-0.05482747849964127,-0.05486560646499118,0.0,0.0,0.0003505744951429958,-0.05482747849964127,0.0,-0.0,0.0,-0.15180498657799313,-0.15188726636631802,-0.14761533255400677,-0.14751963871928928,-0.1752059315993143,-0.09261533255400706,0.12479406840068452,0.0005796808680005384,0.01048696485869987,0.15810229741270654,0.14211825707358727,6.235051599151129e-06,0,0,0,0,0,inf,inf,0,0,0.0,1.423485876178314,0.039013434213179536,0.11798912443266894,0.07477799460320289,-1.493285876178314,-0.0014775392114771513,1.5992619630228873,-0.6754602936691088,0.08096311541337906,-0.1018451991689691,-0.025363447854413742,-0.13572038310288687,-0.044197375101100236,0.020527815939287396,0.0628385859968351,-0.027559889976173382,-27.2303477969332,0.26793585164870704,16.87562286228803,0.9893918114193079,1.0189813617505636,0.04620909246580543,-0.027559889976173382,-27.2303477969332,0.26793585164870704,16.87562286228803,0.9893918114193079,1.0189813617505636,0.04620909246580543
5.731000000000249,2,1,1,2,0.0007714398374902001,4.948876451365358,4.561608843161305,5.0,0.5869169708073393,0.06568836007332753,0.43610976023377335,-0.03410739905705069,0.018599011483227477,-0.0018713291730384789,0.5839927802972942,0.06586444283970444,0.0029294872042138756,0.8060281605836607,0.10126499999999218,0.10126499999999218,1.0,-0.060700994729035715,-0.061112362394270044,0.0,0.0,-0.005121117686111739,-0.060700994729035715,0.0,-0.0,0.0,-0.15239461580045746,-0.1524839154508232,-0.14761533255400677,-0.14751963871928928,-0.17523422612025352,-0.09261533255400706,0.12476577387974525,-9.948354463778344e-06,0.01048696485869987,0.15810229741270654,0.14211825707358727,3.9899959991591956e-05,0,0,0,0,0,inf,inf,0,0,0.0,1.4248432075849096,0.039807746616351246,0.11696733383381921,0.07452203608854192,-1.4946432075849096,-0.0018947913888686355,1.5994726002980497,-0.674843499741239,0.07811555225676896,-0.10242973089074017,-0.02579942199384691,-0.13537535236814144,-0.038893358409488946,0.02197481624793602,0.06097118401559416,-0.025713797471995453,-27.191794245112003,0.2653125423995901,16.841340476233462,0.9586640978537141,0.98235842391378,0.033762000896671224,-0.025713797471995453,-27.191794245112003,0.2653125423995901,16.841340476233462,0.9586640978537141,0.98235842391378,0.033762000896671224
5.741000000000252,2,1,1,2,0.0007656391989653557,4.9457755417865155,4.613394749361017,5.0,0.5865787084816707,0.0658721585830448,0.4360958481250413,-0.03365266825731286,0.01815616182928779,-0.0010264176861575227,0.5836109425849024,0.06599297602384513,0.0029702241114135455,0.7974048827235387,0.10156499999999215,0.10156499999999215,1.0,-0.05720942660511422,-0.057516831021632964,0.0,0.0,-0.006393395591566684,-0.05720942660511422,0.0,-0.0,0.0,-0.15298195149233923,-0.15307476578305357,-0.14761533255400677,-0.14751963871928928,-0.17529263362609399,-0.09261533255400706,0.1247073663739048,-0.0005972840463455101,0.01048696485869987,0.15810229741270654,0.14211825707358727,2.5460100259687695e-05,0,0,0,0,0,inf,inf,0,0,0.0,1.4261915302289865,0.04057321925857562,0.11594012548457189,0.07426236343988095,-1.4959915302289866,-0.0022536267231159633,1.5996994187410887,-0.6742461144180636,0.07528918161334922,-0.10295939054118235,-0.026073766520672795,-0.13440431626949956,-0.03367361769068335,0.0230522911343483,0.058624848779880306,-0.032211046179285566,-27.14593033429358,0.25331747667488697,16.79250728292362,0.91741111618564,0.932260567764289,0.024549354032067927,-0.032211046179285566,-27.14593033429358,0.25331747667488697,16.79250728292362,0.91741111618564,0.932260567764289,0.024549354032067927
5.751000000000255,2,1,1,2,0.000766811929658078,4.935930216447671,4.657397744395153,5.0,0.5862432439058185,0.066050389358024,0.4360895140439317,-0.03349724745976137,0.017529312767889396,-0.00033460742293010457,0.5832275303127451,0.06611959684291599,0.0030165076083797215,0.7897292524968845,0.10186499999999211,0.10186499999999211,1.0,-0.05434517560478399,-0.054576612870767385,0.0,0.0,-0.007544224132075155,-0.05434517560478399,0.0,-0.0,0.0,-0.1535377524432558,-0.1536332036407172,-0.14761533255400677,-0.14751963871928928,-0.17536292753424063,-0.09261533255400706,0.12463707246575817,-0.001153084997262105,0.01048696485869987,0.15810229741270654,0.14211825707358727,1.68369581422541e-05,0,0,0,0,0,inf,inf,0,0,0.0,1.4275309149584996,0.04131127971651756,0.11490752977673839,0.074000911925363,-1.4973309149584997,-0.0025678765837194887,1.599930640933446,-0.6736744618802744,0.072612926372811,-0.10351074262367667,-0.02618381393653844,-0.13358547679676527,-0.029724652819423714,0.023061459946959618,0.055965754907758875,-0.035977676591567795,-27.109314419746863,0.2449487644740094,16.75906791533549,0.8920612180446381,0.899256366972559,0.022304328189881498,-0.035977676591567795,-27.109314419746863,0.2449487644740094,16.75906791533549,0.8920612180446381,0.899256366972559,0.022304328189881498
5.761000000000259,2,1,1,2,0.0007736367032601657,4.920939869836676,4.693842833159826,5.0,0.5859081878079945,0.06622189223854463,0.4360894011218367,-0.03353749508345178,0.016830846326159467,0.0002341247947993592,0.5828425671314968,0.06624429748634846,0.0030657025503624644,0.7830867713333269,0.10216499999999208,0.10216499999999208,1.0,-0.05211494618792205,-0.05229030181995814,0.0,0.0,-0.00868597418560939,-0.05211494618792205,0.0,-0.0,0.0,-0.1540684389707909,-0.15416588233047196,-0.14761533255400677,-0.14751963871928928,-0.17544464294656195,-0.09261533255400706,0.12455535705343683,-0.0016837715247972169,0.01048696485869987,0.15810229741270654,0.14211825707358727,1.165988800030185e-05,0,0,0,0,0,inf,inf,0,0,0.0,1.428863221358129,0.04202328777766407,0.11386918402007996,0.07373901083674592,-1.498663221358129,-0.002846943076808602,1.6001584184128461,-0.6731291753316542,0.07006326756535615,-0.10410720707898705,-0.026180571897264106,-0.1329735637773111,-0.02650293139859828,0.022484088890596336,0.053373239367888285,-0.036111025840772845,-27.078512722335656,0.24064550675731838,16.735936756818223,0.8753044007466994,0.8773946969702848,0.021842704955647593,-0.036111025840772845,-27.078512722335656,0.24064550675731838,16.735936756818223,0.8753044007466994,0.8773946969702848,0.021842704955647593
5.771000000000262,2,1,1,2,0.0007850247918238787,4.902880389598857,4.723182620276649,5.0,0.5855719884138809,0.0663863004544066,0.4360944027002003,-0.033703982338211515,0.016118575885447697,0.000701448761456932,0.5824560767875003,0.06636707026201943,0.0031159709664425553,0.7775147860735737,0.10246499999999205,0.10246499999999205,1.0,-0.05044758120767601,-0.050581095035513494,0.0,0.0,-0.009835492852415565,-0.05044758120767601,0.0,-0.0,0.0,-0.15457998960675368,-0.15467894646710303,-0.14761533255400677,-0.14751963871928928,-0.17553782109495455,-0.09261533255400706,0.12446217890504425,-0.0021953221607600147,0.01048696485869987,0.15810229741270654,0.14211825707358727,8.584707548848964e-06,0,0,0,0,0,inf,inf,0,0,0.0,1.4301906482073665,0.0427104336649559,0.11282458288674678,0.07347764067043326,-1.4999906482073666,-0.0030964499086677385,1.6003786549041252,-0.6726089847119766,0.0676275947529261,-0.1047570359880718,-0.026089562411843084,-0.13258803768804264,-0.023735682728992687,0.02162024140406809,0.050935960457230596,-0.03328627298596819,-27.05125066981434,0.23951119615492208,16.719781090345286,0.8634899386277121,0.8628278827973148,0.02170576218191904,-0.03328627298596819,-27.05125066981434,0.23951119615492208,16.719781090345286,0.8634899386277121,0.8628278827973148,0.02170576218191904
5.781000000000265,2,1,1,2,0.000800074636013586,4.883533811218635,4.746073328124692,5.0,0.5852336535154864,0.06654365648563342,0.43610360082978883,-0.03395039593449166,0.015422365317295052,0.0010843068736774957,0.5820680831213003,0.06648790759672582,0.0031660612532232917,0.7730109319091428,0.10276499999999202,0.10276499999999202,1.0,-0.0492547967284168,-0.04935682664800988,0.0,0.0,-0.010982969512556276,-0.0492547967284168,0.0,-0.0,0.0,-0.15507754983354607,-0.1551776613741829,-0.14761533255400677,-0.14751963871928928,-0.17564249475862678,-0.09261533255400706,0.12435750524137201,-0.002692882387552395,0.01048696485869987,0.15810229741270654,0.14211825707358727,6.794586688269314e-06,0,0,0,0,0,inf,inf,0,0,0.0,1.4315154617402475,0.04337381577271752,0.1117731864049187,0.07321758749726423,-1.5013154617402475,-0.003320080439237124,1.6005895709553266,-0.6721122621247763,0.06529894978920137,-0.10546053529313111,-0.02592651135327582,-0.13242687958893276,-0.021279499864465375,0.020653432539019766,0.04866223869627314,-0.028318129725055763,-27.02602674849063,0.2406262594393459,16.70839545527499,0.8547053019884027,0.8530558247467915,0.021538459677640093,-0.028318129725055763,-27.02602674849063,0.2406262594393459,16.70839545527499,0.8547053019884027,0.8530558247467915,0.021538459677640093
5.791000000000269,2,1,1,2,0.0008180399904418592,4.864202920676865,4.763292739570634,5.0,0.5848925640953779,0.06669421370551092,0.4361162297075948,-0.034245831105066675,0.014757524185607272,0.0013966759909458326,0.5816786100661737,0.06660680203665163,0.003215142500992882,0.7695425438590601,0.10306499999999198,0.10306499999999198,1.0,-0.048451726472418646,-0.04852996664088001,0.0,0.0,-0.012114306005758831,-0.048451726472418646,0.0,-0.0,0.0,-0.15556539201027478,-0.1556663875192458,-0.14761533255400677,-0.14751963871928928,-0.17575856550215355,-0.09261533255400706,0.12424143449784522,-0.003180724564281106,0.01048696485869987,0.15810229741270654,0.14211825707358727,5.764866933322568e-06,0,0,0,0,0,inf,inf,0,0,0.0,1.4328398330776095,0.044014479740805586,0.11071447666566586,0.07295950745178363,-1.5026398330776096,-0.0035204730932358076,1.6007907858423844,-0.6716374239378843,0.06307312270402811,-0.10621385233877566,-0.025702622585860927,-0.13247552033968588,-0.019055213990476307,0.019692875356686106,0.04654166827857343,-0.021873234744960432,-27.00184847679191,0.24327626713075232,16.700300488240707,0.8478936905771165,0.8464417920923822,0.02129201721672408,-0.021873234744960432,-27.00184847679191,0.24327626713075232,16.700300488240707,0.8478936905771165,0.8464417920923822,0.02129201721672408
5.801000000000272,2,1,1,2,0.0008383060889315666,4.845748165769433,4.775660656756344,5.0,0.584548350653528,0.06683833216237131,0.4361316512685502,-0.034569573548168496,0.014131641489700041,0.0016504340253316984,0.5812876816466533,0.06672374624782776,0.0032626817656958838,0.7670555195674564,0.10336499999999195,0.10336499999999195,1.0,-0.04796342124270788,-0.048023722087262674,0.0,0.0,-0.01321779547062246,-0.04796342124270788,0.0,-0.0,0.0,-0.15604699188037502,-0.15614866690026447,-0.14761533255400677,-0.14751963871928928,-0.17588580456889574,-0.09261533255400706,0.124114195431103,-0.003662324434381291,0.01048696485869987,0.15810229741270654,0.14211825707358727,5.15922325270024e-06,0,0,0,0,0,inf,inf,0,0,0.0,1.4341657468473972,0.04463343666835354,0.10964798700756354,0.07270395965877366,-1.5039657468473973,-0.0036996736867926775,1.6009827348218357,-0.6711830078300014,0.060947116603408416,-0.10701104966440629,-0.025426551332675903,-0.13271266767663548,-0.01701666451390189,0.01880083145585543,0.04456180266134178,-0.01446472272843087,-26.978057160869774,0.24692847613889268,16.69448597042882,0.8424336286814118,0.8419020891230031,0.020989807610960587,-0.01446472272843087,-26.978057160869774,0.24692847613889268,16.69448597042882,0.8424336286814118,0.8419020891230031,0.020989807610960587
5.811000000000275,2,1,1,2,0.0008603706072833053,4.828687703288874,4.783979957155859,5.0,0.584200811562605,0.06697642268335328,0.4361493368901165,-0.03490763105675185,0.013548114991531805,0.0018558097690038417,0.5808953219770454,0.06683873301658438,0.003308356063753947,0.7654817116240183,0.10366499999999192,0.10366499999999192,1.0,-0.04772619750316405,-0.04777310980878284,0.0,0.0,-0.014285535593455983,-0.04772619750316405,0.0,-0.0,0.0,-0.15652513761131595,-0.1566273386797299,-0.14761533255400677,-0.14751963871928928,-0.17602388687180726,-0.09261533255400706,0.12397611312819147,-0.004140470165322258,0.01048696485869987,0.15810229741270654,0.14211825707358727,4.775815877594062e-06,0,0,0,0,0,inf,inf,0,0,0.0,1.435494955930027,0.045231670488654306,0.10857331590281634,0.07245142635462194,-1.505294955930027,-0.0038593716658261554,1.6011663028121519,-0.6707476678633206,0.05891836352794584,-0.10784527255208183,-0.025105289149127425,-0.13311404678034197,-0.01513521707586305,0.01801020236171651,0.04271183293866191,-0.0064941362185391704,-26.954213438797435,0.25117556513341416,16.690246686810415,0.8379328219051615,0.8387078159748479,0.020663486173563686,-0.0064941362185391704,-26.954213438797435,0.25117556513341416,16.690246686810415,0.8379328219051615,0.8387078159748479,0.020663486173563686
5.821000000000279,2,1,1,2,0.000883827706638334,4.813297778737093,4.78899936406569,5.0,0.5838498591585217,0.06710891608527136,0.4361688524330943,-0.035250458137435194,0.013007996722754133,0.002021643549304951,0.5805015552599425,0.066951755249996,0.0033519902334859467,0.7647446412766847,0.10396499999999188,0.10396499999999188,1.0,-0.04768708185047688,-0.04772421651798395,0.0,0.0,-0.015313179738398198,-0.04768708185047688,0.0,-0.0,0.0,-0.15700204027811657,-0.1571046540317973,-0.14761533255400677,-0.14751963871928928,-0.17617242833500377,-0.09261533255400706,0.12382757166499499,-0.004617372832122843,0.01048696485869987,0.15810229741270654,0.14211825707358727,4.503352843507586e-06,0,0,0,0,0,inf,inf,0,0,0.0,1.4368289654085484,0.04581013990833344,0.10749013215277406,0.07220232663452375,-1.5066289654085485,-0.004001027678809368,1.6013425967127646,-0.670330155576067,0.056984339438190014,-0.1087094169109347,-0.02474465305480526,-0.1336547340877625,-0.013391867682983737,0.017335754132044034,0.040982829294032894,0.0017131015429003998,-26.930023185475722,0.2556929233621108,16.68707787606439,0.8341247070168494,0.8363588061623646,0.020338508929972465,0.0017131015429003998,-26.930023185475722,0.2556929233621108,16.68707787606439,0.8341247070168494,0.8363588061623646,0.020338508929972465
5.831000000000282,2,1,1,2,0.0009083542656741763,4.799693528609717,4.791393537380864,5.0,0.5834954839433953,0.06723624561178207,0.43618984536926714,-0.03559147514198887,0.012510973491384452,0.002155563329748406,0.5801064057847306,0.06706280597631886,0.003393513234494302,0.764763709972954,0.10426499999999185,0.10426499999999185,1.0,-0.04780261063214916,-0.04783287840408726,0.0,0.0,-0.016299267793218598,-0.04780261063214916,0.0,-0.0,0.0,-0.15747943461812922,-0.15758237979109538,-0.14761533255400677,-0.14751963871928928,-0.17633101787916555,-0.09261533255400706,0.12366898212083319,-0.00509476717213547,0.01048696485869987,0.15810229741270654,0.14211825707358727,4.2846240364091245e-06,0,0,0,0,0,inf,inf,0,0,0.0,1.4381690343965416,0.04636977775337424,0.10639817509651568,0.07195702635915564,-1.5079690343965417,-0.0041259449857729115,1.6015128058368968,-0.6699293035938463,0.05514238733422222,-0.10959651283831842,-0.024349601718116856,-0.13431055686349327,-0.01177310566836681,0.01678122607713081,0.039367277416203425,0.00988509292428938,-26.905289701272125,0.2602123675475415,16.6846087148358,0.8308154322846811,0.8345037492419004,0.02003281018060954,0.00988509292428938,-26.905289701272125,0.2602123675475415,16.6846087148358,0.8308154322846811,0.8345037492419004,0.02003281018060954
5.841000000000285,2,1,1,1,0.0009336026415968359,4.576017073006938,4.788628125362276,5.0,0.5831375504496278,0.06735868745813464,0.4362119372829658,-0.0361062106404232,0.01190687217605146,0.0021679723007645728,0.5797098979260907,0.06717187834542106,0.0034327393531555445,0.7654906125379805,0.10456499999999182,0.10456499999999182,1.0,-0.03951985697378871,-0.03919145182260001,0.0,0.0,-0.009691506586199636,-0.03951985697378871,0.0,-0.0,0.0,-0.15795014913853284,-0.1580484081261216,-0.14761533255400677,-0.14751963871928928,-0.176491689445947,-0.09261533255400706,0.12350831055405173,-0.0055654816925391,0.01048696485869987,0.15810229741270654,0.14211825707358727,1.1311364276856185e-05,0,0,0,0,0,inf,inf,0,0,0.0,1.4395163456575237,0.04691152451710917,0.1052972025840236,0.07171586022290838,-1.5093163456575238,-0.004235905313954004,1.6016775226289865,-0.6695442562254199,0.05342496991335597,-0.11054932774603718,-0.02390969508541231,-0.1352162475880271,-0.010862980572682536,0.015748464311234008,0.037616523884206686,0.017790329300884047,-26.8793278266293,0.26450312634613793,16.68211281452389,0.82785518349352,0.8328094350664856,0.019758293770288413,0.017790329300884047,-26.8793278266293,0.26450312634613793,16.68211281452389,0.82785518349352,0.8328094350664856,0.019758293770288413
5.851000000000289,2,1,1,1,0.0009537041136851989,4.470589402554435,4.752713957617669,5.0,0.582767114504013,0.06746899165855295,0.4362291885219811,-0.037676374003368325,0.010415893500549084,0.001379319916319169,0.5793120561424951,0.06727896562920509,0.003460280071515016,0.7685263951965577,0.10486499999999178,0.10486499999999178,1.0,-0.04424409708792384,-0.0439669632813766,0.0,0.0,-0.011787269053366321,-0.04424409708792384,0.0,-0.0,0.0,-0.15837352792597323,-0.15846848838433297,-0.14761533255400677,-0.14751963871928928,-0.17660147518348746,-0.09261533255400706,0.12339852481651131,-0.005988860479979514,0.01048696485869987,0.15810229741270654,0.14211825707358727,3.288615319362781e-05,0,0,0,0,0,inf,inf,0,0,0.0,1.4408825382774708,0.047437951102430376,0.10418411053265894,0.07147939218461166,-1.510682538277471,-0.004361392906853797,1.6018103762596052,-0.6691831221241311,0.05198487001126469,-0.11192104915164303,-0.023459114560049937,-0.13781846475492252,-0.013491419046676861,0.011854621570023713,0.0351812166519759,0.053117662929146464,-26.893314617010645,0.3001890855602064,16.759462311004945,0.89292232764449,0.91738192012653,0.036856264753746225,0.053117662929146464,-26.893314617010645,0.3001890855602064,16.759462311004945,0.89292232764449,0.91738192012653,0.036856264753746225
5.861000000000292,2,1,1,1,0.0009663183128353061,4.425983307752342,4.711657101732866,5.0,0.5823850864796137,0.06756762788789752,0.4362392417354502,-0.038560063293670635,0.009469652890641138,0.000713374577180406,0.5789129049746992,0.06738406122202288,0.0034770305037332017,0.7737083427046798,0.10516499999999175,0.10516499999999175,1.0,-0.047527727005490024,-0.047335103895395955,0.0,0.0,-0.012825299166163531,-0.047527727005490024,0.0,-0.0,0.0,-0.15883473338099677,-0.15892741518441741,-0.14761533255400677,-0.14751963871928928,-0.17672557391678384,-0.09261533255400706,0.1232744260832149,-0.00645006593500301,0.01048696485869987,0.15810229741270654,0.14211825707358727,1.8740297933933526e-05,0,0,0,0,0,inf,inf,0,0,0.0,1.4422758991102345,0.047949528770471615,0.10305771764776286,0.07124680090867963,-1.5120758991102345,-0.004500438529478631,1.601921657227834,-0.6688390917930769,0.050477411778831735,-0.11321369028644981,-0.02309871741526614,-0.1405787364360448,-0.014030601427416764,0.010834431588503134,0.03383511796951391,0.08817701027820415,-26.88609266821612,0.33362934459336296,16.8031449630713,0.9287331951133558,0.9628648067087324,0.03891665275087498,0.08817701027820415,-26.88609266821612,0.33362934459336296,16.8031449630713,0.9287331951133558,0.9628648067087324,0.03891665275087498
5.871000000000295,2,1,1,1,0.0009726004380797007,4.4139795632123455,4.672374392281679,5.0,0.5819964925302156,0.06765869689032146,0.4362432384679099,-0.03906455978736115,0.008843656528061359,0.00015480985132687448,0.578512469044227,0.06748715864108322,0.003488243830621849,0.7801295754620464,0.10546499999999172,0.10546499999999172,1.0,-0.05016211849861495,-0.05002657049704823,0.0,0.0,-0.013441239250645862,-0.05016211849861495,0.0,-0.0,0.0,-0.1593249061579506,-0.15941599330572326,-0.14761533255400677,-0.14751963871928928,-0.17685743228077286,-0.09261533255400706,0.12314256771922585,-0.006940238711956788,0.01048696485869987,0.15810229741270654,0.14211825707358727,1.0927179059826476e-05,0,0,0,0,0,inf,inf,0,0,0.0,1.443696551778545,0.04844600686050207,0.10191889271814465,0.07101781410578069,-1.513496551778545,-0.004638697604230773,1.6020315698667045,-0.6685069067221482,0.04897293994727745,-0.11441615494707572,-0.022730669487742054,-0.14325903069859774,-0.01355614359201617,0.011267044534526519,0.03272785216646934,0.11796365908738601,-26.86694099489449,0.360778413475446,16.82778787893615,0.9492900444293753,0.9867543826773734,0.03775978490575456,0.11796365908738601,-26.86694099489449,0.360778413475446,16.82778787893615,0.9492900444293753,0.9867543826773734,0.03775978490575456
5.881000000000299,2,1,1,1,0.0009735986913344255,4.424251855369042,4.638298622939861,5.0,0.5816040853027736,0.06774473647938588,0.43624220628941823,-0.03936468788677328,0.008430567445165533,-0.000303317252811831,0.5781107730518531,0.06758825152685165,0.0034968154115996913,0.7872718714006267,0.10576499999999169,0.10576499999999169,1.0,-0.05222387629483134,-0.0521229771304496,0.0,0.0,-0.013679568161562202,-0.05222387629483134,0.0,-0.0,0.0,-0.1598382282020124,-0.15992811812047722,-0.14761533255400677,-0.14751963871928928,-0.17699332441795226,-0.09261533255400706,0.12300667558204638,-0.007453560756018612,0.01048696485869987,0.15810229741270654,0.14211825707358727,6.427119897672846e-06,0,0,0,0,0,inf,inf,0,0,0.0,1.4451429785988443,0.04892764902299719,0.10076851480163183,0.07079273768699394,-1.5149429785988444,-0.004769085763924858,1.602149965794788,-0.6681854400876259,0.04751093383596035,-0.11553451383486282,-0.022317227613904037,-0.14574038766855799,-0.012563208798833077,0.01236999095091665,0.0316770690770211,0.1418469528727937,-26.840994591940238,0.38148045202974146,16.841504337832916,0.9608782575163128,0.9987403474967751,0.036483303084004194,0.1418469528727937,-26.840994591940238,0.38148045202974146,16.841504337832916,0.9608782575163128,0.9987403474967751,0.036483303084004194
5.891000000000302,2,1,1,2,0.0009728958020836223,4.750622853674537,4.639808434035133,5.0,0.5812127070147695,0.06783099578167621,0.43623976619913235,-0.03875477091149099,0.008986531631700536,-1.8939026585374082e-05,0.5777078417760783,0.06768733364344282,0.003507808311659536,0.7940998252471415,0.10606499999999165,0.10606499999999165,1.0,-0.05826953326038482,-0.05865845786986987,0.0,0.0,-0.018152878897261967,-0.05826953326038482,0.0,-0.0,0.0,-0.1604049324486107,-0.16050060865660742,-0.14761533255400677,-0.14751963871928928,-0.17715808710847078,-0.09261533255400706,0.12284191289152784,-0.008020265002616909,0.01048696485869987,0.15810229741270654,0.14211825707358727,4.060444175335841e-05,0,0,0,0,0,inf,inf,0,0,0.0,1.4466081283944128,0.04939429103778224,0.09960814807057392,0.07057200976166153,-1.5164081283944129,-0.004874532601299921,1.602291197208746,-0.6678699333290208,0.04594591959254271,-0.11637936317457932,-0.021859395131636657,-0.14677622200741589,-0.00818316986413141,0.016078003116242506,0.031603519913529235,0.14334717865377633,-26.789133184039365,0.377176762397678,16.806258479010484,0.9240122472688923,0.9578187472480857,0.024193741272692484,0.14334717865377633,-26.789133184039365,0.377176762397678,16.806258479010484,0.9240122472688923,0.9578187472480857,0.024193741272692484
5.901000000000305,2,1,1,2,0.0009768750074959079,4.777062261299538,4.656401497931296,5.0,0.5808286767992754,0.06792390035534177,0.4362423133442439,-0.038174480620393775,0.009476973498464365,0.0004601422045572496,0.5773037000716017,0.06778439887900502,0.0035277360434904145,0.7992146013944216,0.10636499999999162,0.10636499999999162,1.0,-0.05764523284791067,-0.057918759037631204,0.0,0.0,-0.01944294217220709,-0.05764523284791067,0.0,-0.0,0.0,-0.16098448136134022,-0.1610833732951961,-0.14761533255400677,-0.14751963871928928,-0.17734721709045675,-0.09261533255400706,0.12265278290954183,-0.0085998139153464,0.01048696485869987,0.15810229741270654,0.14211825707358727,2.4572666641617954e-05,0,0,0,0,0,inf,inf,0,0,0.0,1.4480774557026284,0.049845652177384216,0.0984406333006708,0.07035648463882252,-1.5178774557026284,-0.004934756045036218,1.602469442196781,-0.6675570140679425,0.044500347719178525,-0.11704630149552801,-0.02128996269000984,-0.14703237781567974,-0.004535177134705302,0.01898873343348885,0.030949683072363326,0.1314236347074108,-26.73223384613605,0.35945894013710533,16.758655748619468,0.8825517237262027,0.9059985522232424,0.01766958498935066,0.1314236347074108,-26.73223384613605,0.35945894013710533,16.758655748619468,0.8825517237262027,0.9059985522232424,0.01766958498935066
5.911000000000309,2,1,1,2,0.0009849672625272523,4.79365285135445,4.6737063334462965,5.0,0.5804486108326151,0.06801994024454092,0.43624916058842844,-0.03790874630820723,0.009673442376663132,0.0008538177031109182,0.5768983728677874,0.06787944124609732,0.0035530169680804222,0.8032704666217082,0.10666499999999159,0.10666499999999159,1.0,-0.05687969981202394,-0.057076403398889586,0.0,0.0,-0.02033814624171036,-0.05687969981202394,0.0,-0.0,0.0,-0.16155670988164447,-0.1616578889962501,-0.14761533255400677,-0.14751963871928928,-0.17754675710018097,-0.09261533255400706,0.12245324289981761,-0.009172042435650646,0.01048696485869987,0.15810229741270654,0.14211825707358727,1.5056878914169173e-05,0,0,0,0,0,inf,inf,0,0,0.0,1.4495485728657962,0.05028342430390148,0.09726669809144614,0.07014694793058368,-1.5193485728657963,-0.004966891153362446,1.602668512939533,-0.6672525442215971,0.043204138992670345,-0.1176751447418616,-0.020675358918699815,-0.14716746186237645,-0.002282004009685052,0.020496503143766467,0.030028751134839143,0.12175745537902377,-26.6851950105841,0.3452126134841893,16.726831270124723,0.858627036040029,0.8724945337176886,0.016771471969792097,0.12175745537902377,-26.6851950105841,0.3452126134841893,16.726831270124723,0.858627036040029,0.8724945337176886,0.016771471969792097
5.921000000000312,2,1,1,2,0.0009964808977540865,4.801575640678538,4.690355165005044,5.0,0.5800700047075499,0.0681169966262536,0.4362595732826153,-0.037847121801325996,0.009711969231483819,0.0011822177561090655,0.5764918851671266,0.06797245488205884,0.003581037805074664,0.8067356794816384,0.10696499999999155,0.10696499999999155,1.0,-0.05620145479719465,-0.056346761449180424,0.0,0.0,-0.02108829187451439,-0.05620145479719465,0.0,-0.0,0.0,-0.16212166120032004,-0.16222450777393144,-0.14761533255400677,-0.14751963871928928,-0.17775433189999956,-0.09261533255400706,0.122245668099999,-0.009736993754326203,0.01048696485869987,0.15810229741270654,0.14211825707358727,9.37411129088627e-06,0,0,0,0,0,inf,inf,0,0,0.0,1.4510208666869846,0.05070884652456897,0.09608651450036784,0.06994362499751279,-1.5208208666869847,-0.004981038418677881,1.602877652389308,-0.666957232223035,0.042014301185216534,-0.11830011685856562,-0.020051668375361785,-0.1472822830410516,-0.0007891523839653328,0.021160378321484912,0.02913534372036107,0.11432644318522317,-26.644320902803702,0.3338916488987004,16.70531918964378,0.8438296086997351,0.8507903254391058,0.01714626625098429,0.11432644318522317,-26.644320902803702,0.3338916488987004,16.70531918964378,0.8438296086997351,0.8507903254391058,0.01714626625098429
5.931000000000315,2,1,1,2,0.000995471854558865,4.6483702478012,4.620065060649327,5.0,0.5796759568647956,0.06821085252846253,0.4362600307779375,-0.03969864910147349,0.009233836980513905,-0.0003339759437406946,0.5760842620436952,0.06806343404937036,0.0035947188896903745,0.8132299848849742,0.10726499999999152,0.10726499999999152,1.0,-0.06309170702552598,-0.06349191776600921,0.0,0.0,-0.02150678281431307,-0.06309170702552598,0.0,-0.0,0.0,-0.16264107110561843,-0.16274818030829913,-0.14761533255400677,-0.14751963871928928,-0.17791939313044583,-0.09261533255400706,0.12208060686955273,-0.010256403659624597,0.01048696485869987,0.15810229741270654,0.14211825707358727,3.259299001626354e-05,0,0,0,0,0,inf,inf,0,0,0.0,1.4525194649012398,0.051123393150196136,0.09489655005395614,0.06974707439320202,-1.52231946490124,-0.004990267717915194,1.6030528160310884,-0.6666743008337108,0.04096591055143872,-0.11940527946802391,-0.01941157015112636,-0.1511298666994402,-0.0007754614936709049,0.01752758003512941,0.028007718154726417,0.1117463890537343,-26.669518517326157,0.3290824768443744,16.8047875052417,0.8497521011747361,0.9554785370525766,0.023380956338945554,0.1117463890537343,-26.669518517326157,0.3290824768443744,16.8047875052417,0.8497521011747361,0.9554785370525766,0.023380956338945554
5.941000000000319,2,1,1,2,0.000990194014798356,4.744528276942465,4.630488853976364,5.0,0.5792837644276113,0.06830291681439224,0.4362591239880863,-0.038909773579790516,0.009181758712932898,0.00010146551296823965,0.5756755286416078,0.06815237313600832,0.0036113749302029074,0.8190871330961214,0.10756499999999149,0.10756499999999149,1.0,-0.06195740240882178,-0.06224323777481597,0.0,0.0,-0.02211761667209303,-0.06195740240882178,0.0,-0.0,0.0,-0.16326590503393726,-0.163376349149326,-0.14761533255400677,-0.14751963871928928,-0.17813787347634835,-0.09261533255400706,0.12186212652365021,-0.010881237587943368,0.01048696485869987,0.15810229741270654,0.14211825707358727,2.0249279726680575e-05,0,0,0,0,0,inf,inf,0,0,0.0,1.454032570679292,0.051526900610661855,0.0936994983400824,0.06955554146056281,-1.5238325706792921,-0.004992767483330503,1.6032487129353525,-0.6663962141041695,0.0398581689284455,-0.11994942993546519,-0.018929341009398234,-0.151402104763601,0.00016802497888953607,0.02093409644665548,0.027580019921728233,0.11628933867485644,-26.606922140102814,0.3301322924098756,16.75151997474639,0.8438447643529308,0.8972985633870848,0.01823708881002129,0.11628933867485644,-26.606922140102814,0.3301322924098756,16.75151997474639,0.8438447643529308,0.8972985633870848,0.01823708881002129
5.951000000000322,2,1,1,1,0.000989851625980225,4.70493495902897,4.649196339980452,5.0,0.5788969394097151,0.06839444291483718,0.43626241516809616,-0.038547434077863,0.009123916583606537,0.0005054912814800727,0.5752657101734657,0.06823926665579087,0.0036345433602536325,0.823498268888008,0.10786499999999145,0.10786499999999145,1.0,-0.060796970351987605,-0.05733888591299778,0.0,0.0,-0.02270459272487193,-0.060796970351987605,0.0,-0.0,0.0,-0.16387901402593313,-0.16398820250450447,-0.14761533255400677,-0.14751963871928928,-0.17836227352955528,-0.09261533255400706,0.12163772647044331,-0.011494346579939212,0.01048696485869987,0.15810229741270654,0.14211825707358727,1.2578246534944175e-05,0,0,0,0,0,inf,inf,0,0,0.0,1.45554685130731,0.05191970707239947,0.09249699785809956,0.06936917996738723,-1.52534685130731,-0.004986346022939138,1.6034681549514165,-0.6661239577120551,0.03881748153440424,-0.12049816648997416,-0.01839136682508196,-0.1514292022011544,0.0010131345997333996,0.022573497812771133,0.026924438965642932,0.11466733030441345,-26.55656047053586,0.3251658511555848,16.71698027186072,0.8373347795294099,0.8611134891623653,0.017041547101372914,0.11466733030441345,-26.55656047053586,0.3251658511555848,16.71698027186072,0.8373347795294099,0.8611134891623653,0.017041547101372914
5.961000000000325,2,1,1,1,0.0009895127546412355,4.588388257282252,4.649902876114522,5.0,0.578504007039907,0.06848385505853835,0.4362656295799854,-0.03979516407628954,0.008756580977517418,0.0001652717274905549,0.5748548319188027,0.06832410924871646,0.0036526699533686612,0.8286228989810063,0.10816499999999142,0.10816499999999142,1.0,-0.05585699985521574,-0.05567296675588586,0.0,0.0,-0.017134378269662364,-0.05585699985521574,0.0,-0.0,0.0,-0.16442986519963626,-0.16453695557510076,-0.14761533255400677,-0.14751963871928928,-0.17853025162436026,-0.09261533255400706,0.12146974837563836,-0.012045197753642337,0.01048696485869987,0.15810229741270654,0.14211825707358727,1.85683219790199e-05,0,0,0,0,0,inf,inf,0,0,0.0,1.4570696666958496,0.05229988922837167,0.0912851771435979,0.06918464705325189,-1.5268696666958497,-0.004960442550092921,1.6036750741430768,-0.6658491841769439,0.03738222852305863,-0.12172273136160851,-0.01847077380568052,-0.15303513916581027,0.0035970135043432807,0.01958073125995815,0.0275418272563975,0.13725761269006254,-26.548384988584647,0.3434765242932492,16.760141654547382,0.8142150695570552,0.9103995713195941,-0.006360099871728024,0.13725761269006254,-26.548384988584647,0.3434765242932492,16.760141654547382,0.8142150695570552,0.9103995713195941,-0.006360099871728024
5.971000000000329,2,1,1,1,0.0009855952488772293,4.5202925637763895,4.636861380629734,5.0,0.5781019107302275,0.06856882888128564,0.4362654468544169,-0.04049078919574145,0.008277740242240926,-0.00016976312853577707,0.5744429192225248,0.06840689568129427,0.003662573031995462,0.8351152099066365,0.10846499999999139,0.10846499999999139,1.0,-0.05730858320080913,-0.05719235698752727,0.0,0.0,-0.017674724685193557,-0.05730858320080913,0.0,-0.0,0.0,-0.1649965652282104,-0.1651022130526109,-0.14761533255400677,-0.14751963871928928,-0.17870470491137436,-0.09261533255400706,0.12129529508862429,-0.012611897782216488,0.01048696485869987,0.15810229741270654,0.14211825707358727,1.1147074422796302e-05,0,0,0,0,0,inf,inf,0,0,0.0,1.4586100224835779,0.05266629471357101,0.09006174400778172,0.06900027018471763,-1.528410022483578,-0.004916427377245655,1.6038648639148068,-0.6655779373198621,0.036046270203442865,-0.12283616535566247,-0.018394493248905224,-0.15486989490224373,0.00495151492560084,0.018712094419911268,0.026683281890616282,0.15503469794928498,-26.529706394963714,0.357451227718848,16.7897367313467,0.8052816134274401,0.9430241578906003,-0.014468588693439678,0.15503469794928498,-26.529706394963714,0.357451227718848,16.7897367313467,0.8052816134274401,0.9430241578906003,-0.014468588693439678
5.981000000000332,2,1,1,2,0.000979160383667326,4.624525611009069,4.624303237029715,5.0,0.5776962502841533,0.06864919896075121,0.43626270340524365,-0.040270167719626056,0.007893599145242965,-0.00021462934460323753,0.5740299974933473,0.06848762084686719,0.0036698115773128185,0.8419789832070395,0.10876499999999135,0.10876499999999135,1.0,-0.06502433728433984,-0.06539441816672817,0.0,0.0,-0.025033589526768613,-0.06502433728433984,0.0,-0.0,0.0,-0.16560435827543532,-0.165714816052498,-0.14761533255400677,-0.14751963871928928,-0.17891190313323732,-0.09261533255400706,0.12108809686676132,-0.013219690829441414,0.01048696485869987,0.15810229741270654,0.14211825707358727,2.9889294841803985e-05,0,0,0,0,0,inf,inf,0,0,0.0,1.4601676057244415,0.05302021698460079,0.08882836005672909,0.06881783407574942,-1.5299676057244416,-0.004864177196918709,1.6040572907436021,-0.6653197499890701,0.03496393958700076,-0.1235936873448689,-0.0179676230688803,-0.15616446087137562,0.004937472914231185,0.020726500864558413,0.02469608426361254,0.16095963799633084,-26.4891389972388,0.3601701367756761,16.78232352163342,0.8100545367216867,0.9341496487205148,-0.006775217697872031,0.16095963799633084,-26.4891389972388,0.3601701367756761,16.78232352163342,0.8100545367216867,0.9341496487205148,-0.006775217697872031
5.991000000000335,2,1,1,2,0.0009760226262557617,4.737972206018491,4.632171875963968,5.0,0.5772982027776797,0.06872745931167823,0.4362626629891514,-0.03950674276160185,0.007789198476381601,0.00016543942719658366,0.5736160922022276,0.06856627976592676,0.0036856365984487376,0.8471141089341648,0.10906499999999132,0.10906499999999132,1.0,-0.0639041127330085,-0.06417055025942488,0.0,0.0,-0.025313402159860353,-0.0639041127330085,0.0,-0.0,0.0,-0.16624856490327422,-0.16636211854422964,-0.14761533255400677,-0.14751963871928928,-0.17916371981829599,-0.09261533255400706,0.12083628018170266,-0.013863897457280295,0.01048696485869987,0.15810229741270654,0.14211825707358727,1.7969899314610154e-05,0,0,0,0,0,inf,inf,0,0,0.0,1.4617300953604948,0.053365551817515816,0.08759045697989207,0.06864243768046786,-1.531530095360495,-0.004818802563119345,1.6042833276462347,-0.6650832112040923,0.03418563465078871,-0.12395696776027394,-0.017201379979048546,-0.15626339016386157,0.004342690178895558,0.023810209408389894,0.023029174295396596,0.15067114791603375,-26.426741030834744,0.3472603583450938,16.731948664577462,0.8210856984829419,0.8795986717829626,0.009202780771227034,0.15067114791603375,-26.426741030834744,0.3472603583450938,16.731948664577462,0.8210856984829419,0.8795986717829626,0.009202780771227034
6.001000000000339,2,1,1,1,0.000976681882406765,4.675492593723889,4.646670882627232,5.0,0.576904223869461,0.0688050640197566,0.4362659726221622,-0.03968468192432805,0.007684891453249087,0.00032279173626318264,0.5732012288807938,0.06864286758642034,0.0037065455034413835,0.8511115438886966,0.10936499999999129,0.10936499999999129,1.0,-0.05606105884824784,-0.055794996244100975,0.0,0.0,-0.018425927816788222,-0.05606105884824784,0.0,-0.0,0.0,-0.16685993812830513,-0.16697033373924874,-0.14761533255400677,-0.14751963871928928,-0.17939675492462598,-0.09261533255400706,0.12060324507537266,-0.014475270682311159,0.01048696485869987,0.15810229741270654,0.14211825707358727,2.7414665382911664e-05,0,0,0,0,0,inf,inf,0,0,0.0,1.463292972643516,0.053702983539128356,0.08634826213891482,0.06847391463694562,-1.533092972643516,-0.004774334665112376,1.6045269809707257,-0.6648559012752205,0.033293953196790745,-0.12457981123294372,-0.01671349966059458,-0.15657738889369893,0.005020006563751476,0.023676176342053948,0.022990222430400463,0.15072249166478868,-26.385840374460106,0.344217492387919,16.71712756703997,0.8173960477982632,0.865694898168914,0.006680364286946787,0.15072249166478868,-26.385840374460106,0.344217492387919,16.71712756703997,0.8173960477982632,0.865694898168914,0.006680364286946787
6.011000000000342,2,1,1,1,0.0009751187733615099,4.56727987984104,4.642967779240206,5.0,0.5765012074484313,0.06887991759855733,0.4362672950899447,-0.04071776883708837,0.007307381429773463,-2.6647312201781592e-05,0.5727854331197696,0.0687173795840504,0.0037193275558494244,0.8564120403987043,0.10966499999999126,0.10966499999999126,1.0,-0.05766588359912536,-0.05749854251283508,0.0,0.0,-0.01898047729526348,-0.05766588359912536,0.0,-0.0,0.0,-0.16742959546974615,-0.16753791019598377,-0.14761533255400677,-0.14751963871928928,-0.17958425155826782,-0.09261533255400706,0.12041574844173081,-0.015044928023752187,0.01048696485869987,0.15810229741270654,0.14211825707358727,1.591805814841832e-05,0,0,0,0,0,inf,inf,0,0,0.0,1.4648671040656034,0.05402948628493442,0.08509644268768157,0.06830708080692303,-1.5346671040656035,-0.004715042398824435,1.6047491867388928,-0.664623516098912,0.032136137700973684,-0.12565927327379892,-0.016636690689216256,-0.15813839267828267,0.006510263594834959,0.021384859738766793,0.02319268779437427,0.17184482920120764,-26.375852871934875,0.3615993383019597,16.76183836224157,0.8033598676982262,0.9162443905489787,-0.01134247820875895,0.17184482920120764,-26.375852871934875,0.3615993383019597,16.76183836224157,0.8033598676982262,0.9162443905489787,-0.01134247820875895
6.021000000000345,2,1,1,2,0.0009704038990935573,4.629776865833682,4.632892354605572,5.0,0.5760915810650972,0.06895097164120538,0.4362656299075232,-0.04080801568602195,0.006988855127116725,-0.0001537905977145913,0.5723687305673962,0.06878981116256594,0.003726337146328469,0.8626261398213638,0.10996499999999122,0.10996499999999122,1.0,-0.06633194677625856,-0.0667009329191558,0.0,0.0,-0.02701614664201113,-0.06633194677625856,0.0,-0.0,0.0,-0.16803661354475183,-0.16814927989663994,-0.14761533255400677,-0.14751963871928928,-0.17979897959233346,-0.09261533255400706,0.12020102040766517,-0.01565194609875786,0.01048696485869987,0.15810229741270654,0.14211825707358727,2.9739138036123565e-05,0,0,0,0,0,inf,inf,0,0,0.0,1.4664570263588346,0.054345101948549884,0.0838347627456383,0.06814209714283816,-1.5362570263588347,-0.004646499156338452,1.604962010792942,-0.6643966987689601,0.031187904907086585,-0.12644003873343557,-0.016242636672129933,-0.15942889790026743,0.006650098302818327,0.022285735555426015,0.02179889579998356,0.17855441045703432,-26.343358360891486,0.3650984543180166,16.770145770885406,0.8035579877363194,0.9253037075848572,-0.009263870969042038,0.17855441045703432,-26.343358360891486,0.3650984543180166,16.770145770885406,0.8035579877363194,0.9253037075848572,-0.009263870969042038
6.031000000000349,2,1,1,2,0.0009683065990206676,4.743254901943525,4.640309351086916,5.0,0.5756881521459751,0.06902059179427962,0.4362661052564638,-0.0400441085753963,0.006956501285988783,0.0002094486160073015,0.5719511469278499,0.06886015785404603,0.003740447439742238,0.8673596603602483,0.11026499999999119,0.11026499999999119,1.0,-0.06528797729786306,-0.06555388093652914,0.0,0.0,-0.027246359501906077,-0.06528797729786306,0.0,-0.0,0.0,-0.16869431924755593,-0.16881007375190182,-0.14761533255400677,-0.14751963871928928,-0.18007035090064305,-0.09261533255400706,0.11992964909935554,-0.016309651801561968,0.01048696485869987,0.15810229741270654,0.14211825707358727,1.7882541048119294e-05,0,0,0,0,0,inf,inf,0,0,0.0,1.4680517990403288,0.054653662417377014,0.08256878198066417,0.0679842257085533,-1.5378517990403289,-0.004585270525158474,1.6052033820944567,-0.6641886764812528,0.03058664028288376,-0.12673356743634825,-0.015430247492698121,-0.15946281518677408,0.00582903809019465,0.02532620216292153,0.02023406545607511,0.163306409551562,-26.280044161806053,0.3473722411916546,16.72017605282276,0.8147864990790007,0.8712812669837698,0.008324493635028414,0.163306409551562,-26.280044161806053,0.3473722411916546,16.72017605282276,0.8147864990790007,0.8712812669837698,0.008324493635028414
6.041000000000352,2,1,1,1,0.0009690858269590643,4.648127451315914,4.651078650608926,5.0,0.5752873165871674,0.06908987132794063,0.4362691314898252,-0.04051856715415035,0.00682518126757829,0.00021015758177176348,0.5715327079596564,0.06892841531917536,0.003758078496857975,0.8712296032832069,0.11056499999999116,0.11056499999999116,1.0,-0.057486892792526,-0.05724338628778572,0.0,0.0,-0.019763733939640957,-0.057486892792526,0.0,-0.0,0.0,-0.16930442244379593,-0.16941578681324396,-0.14761533255400677,-0.14751963871928928,-0.18030504118254695,-0.09261533255400706,0.11969495881745167,-0.01691975499780194,0.01048696485869987,0.15810229741270654,0.14211825707358727,2.4102353498812793e-05,0,0,0,0,0,inf,inf,0,0,0.0,1.4696477140223012,0.05495556962429248,0.08129852404451225,0.0678328926608767,-1.5394477140223013,-0.004525208896804139,1.6054576234531408,-0.6639865177659778,0.029761134755770545,-0.12743471597067973,-0.015060067908269222,-0.16004071889186727,0.006637306433669663,0.02431599896652318,0.02066810233215646,0.16713402171358105,-26.246985016164743,0.3480962439470124,16.722185595541315,0.8078376000813196,0.875858958120391,2.613122822305025e-05,0.16713402171358105,-26.246985016164743,0.3480962439470124,16.722185595541315,0.8078376000813196,0.875858958120391,2.613122822305025e-05
6.051000000000355,2,1,1,1,0.0009667057340347054,4.567608710142261,4.644878399270997,5.0,0.5748767995458973,0.06915624164977459,0.4362693220398026,-0.041412967172092294,0.006482020639646661,-0.00013661770406386177,0.5711134394741025,0.06899457934751195,0.0037668307275416707,0.87654972475173,0.11086499999999112,0.11086499999999112,1.0,-0.05880354346629595,-0.058639010410705364,0.0,0.0,-0.01990555507171255,-0.05880354346629595,0.0,-0.0,0.0,-0.16988710182279831,-0.16999644755494897,-0.14761533255400677,-0.14751963871928928,-0.18050407010072436,-0.09261533255400706,0.11949592989927425,-0.01750243437680434,0.01048696485869987,0.15810229741270654,0.14211825707358727,1.435549147688257e-05,0,0,0,0,0,inf,inf,0,0,0.0,1.471256454089307,0.05524760471339207,0.08001858279399904,0.067682828154589,-1.541056454089307,-0.004452128170885728,1.6056892094455466,-0.6637785325734762,0.02875801288163274,-0.1284389720740567,-0.014941615056417114,-0.16158223036746383,0.007757419150720112,0.022511952819950085,0.020712630786922006,0.1833286842619956,-26.231913916113783,0.3608405030202748,16.76138447304843,0.7970456478446879,0.9200208018818288,-0.013739653497727163,0.1833286842619956,-26.231913916113783,0.3608405030202748,16.76138447304843,0.7970456478446879,0.9200208018818288,-0.013739653497727163
6.061000000000359,2,1,1,2,0.0009634849195690178,4.706770367466529,4.643663784724059,5.0,0.5744652490706686,0.06922019030756671,0.43626858562640247,-0.040761770432144295,0.006374889700499394,7.268857113434218e-05,0.5706933673336432,0.06905864585774689,0.003775339514185961,0.8817429070157893,0.11116499999999109,0.11116499999999109,1.0,-0.06699083190795717,-0.06729893822391658,0.0,0.0,-0.028643546138432664,-0.06699083190795717,0.0,-0.0,0.0,-0.1705441275344003,-0.17066051561277992,-0.14761533255400677,-0.14751963871928928,-0.18077270719057345,-0.09261533255400706,0.11922729280942515,-0.018159460088406347,0.01048696485869987,0.15810229741270654,0.14211825707358727,2.243975038040831e-05,0,0,0,0,0,inf,inf,0,0,0.0,1.472876029636892,0.055531588653259134,0.07873158019852983,0.06753690578801046,-1.542676029636892,-0.004378327525598133,1.605927808796278,-0.6635813500855101,0.02817244273105749,-0.1288112675656929,-0.014221883797377783,-0.16201229968822137,0.0068607557418057085,0.025435367456600126,0.018854479423708027,0.17129068001769507,-26.17679407538227,0.3462126023863016,16.72981669925783,0.8061944383710473,0.8855228153817869,0.0020484579274350836,0.17129068001769507,-26.17679407538227,0.3462126023863016,16.72981669925783,0.8061944383710473,0.8855228153817869,0.0020484579274350836
6.071000000000362,2,1,1,1,0.0009637170637543371,4.672695150743824,4.6541812424513855,5.0,0.5740597304475961,0.0692839131250672,0.43627084537695565,-0.040774467216981095,0.0063089077118493354,0.0002099140089484065,0.5702725174503069,0.06912061089795606,0.003790732106627311,0.8854555828972941,0.11146499999999106,0.11146499999999106,1.0,-0.058240588976523365,-0.05795921440970558,0.0,0.0,-0.0206280744888449,-0.058240588976523365,0.0,-0.0,0.0,-0.17118391835943117,-0.17129688996174358,-0.14761533255400677,-0.14751963871928928,-0.1810353269440279,-0.09261533255400706,0.1189646730559707,-0.018799250913437236,0.01048696485869987,0.15810229741270654,0.14211825707358727,2.6628679980165548e-05,0,0,0,0,0,inf,inf,0,0,0.0,1.4744962981331067,0.05581031896307507,0.07744158766543185,0.06739841782899235,-1.5442962981331068,-0.004311878274232782,1.6061912051927403,-0.6633963578044851,0.027534841098348705,-0.129303342211965,-0.013700693234532848,-0.16229432059822924,0.006965871087523851,0.025855822796650794,0.018777910068957803,0.16476210686101256,-26.1296619141556,0.33696187766730384,16.708829884302393,0.8065602891307323,0.8644300556736468,0.003848508363376125,0.16476210686101256,-26.1296619141556,0.33696187766730384,16.708829884302393,0.8065602891307323,0.8644300556736468,0.003848508363376125
6.0810000000003654,2,1,1,2,0.0009616442264815108,4.645312776409442,4.650773607361561,5.0,0.5736462713765337,0.06934533660594631,0.4362710493381163,-0.04173234034814225,0.006003133132514735,-0.0001340445344897483,0.5698509157840967,0.06918047064584386,0.0037989347003920463,0.8902986760589504,0.11176499999999102,0.11176499999999102,1.0,-0.05938419059713612,-0.06425058216660183,0.0,0.0,-0.02052405624457027,-0.05938419059713612,0.0,-0.0,0.0,-0.17177274812684612,-0.17188855793957136,-0.14761533255400677,-0.14751963871928928,-0.1812410400838718,-0.09261533255400706,0.11875895991612681,-0.019388080680852175,0.01048696485869987,0.15810229741270654,0.14211825707358727,1.5389033802436847e-05,0,0,0,0,0,inf,inf,0,0,0.0,1.476127004249065,0.05608049563093761,0.07614311067673184,0.06726177093893755,-1.5459270042490652,-0.0042350446334442175,1.6064363891311284,-0.6632051840723721,0.026605279910054066,-0.13028023299209507,-0.013611724457137816,-0.16373650560651448,0.008155160243569437,0.023749756551768968,0.019155545219408637,0.18054384084247627,-26.11567783174022,0.34934683926064464,16.751059118563695,0.793340925912257,0.9122080326106531,-0.013012933093182466,0.18054384084247627,-26.11567783174022,0.34934683926064464,16.751059118563695,0.793340925912257,0.9122080326106531,-0.013012933093182466
6.091000000000369,2,1,1,2,0.0009600704455927358,4.744564748233769,4.655430446631771,5.0,0.5732341210657782,0.06940505525608079,0.43627156907205855,-0.04087903740108974,0.0059637387456129235,0.00020286417943379982,0.5694285883413894,0.06923822140897912,0.0038091879513792136,0.894574668183312,0.11206499999999099,0.11206499999999099,1.0,-0.06754906490414656,-0.06782522087603737,0.0,0.0,-0.029775328426403902,-0.06754906490414656,0.0,-0.0,0.0,-0.17245326952038179,-0.17257205531840372,-0.14761533255400677,-0.14751963871928928,-0.18153824880838848,-0.09261533255400706,0.11846175119161012,-0.02006860207438784,0.01048696485869987,0.15810229741270654,0.14211825707358727,1.8881574551953663e-05,0,0,0,0,0,inf,inf,0,0,0.0,1.4777648060163877,0.056344198421575044,0.07483923117526751,0.06713017287525846,-1.5475648060163878,-0.004161269365821305,1.606694077222211,-0.6630252807851215,0.026176243150323197,-0.13048288983904185,-0.012811690934939717,-0.16375437813893923,0.0069060575134207,0.027069865316440248,0.01735374108635874,0.1625996512351483,-26.054186417995293,0.329037136124953,16.70791235933135,0.8048103413277731,0.8654211193314414,0.005258951684372338,0.1625996512351483,-26.054186417995293,0.329037136124953,16.70791235933135,0.8048103413277731,0.8654211193314414,0.005258951684372338
6.101000000000372,2,1,1,1,0.0009595405785701996,4.627963906268107,4.659185816781144,5.0,0.572821956229823,0.06946375451061784,0.4362729978304963,-0.041690869933180164,0.005745782894065189,-9.83049487444011e-06,0.569005561173331,0.0692938596250227,0.003820174799582868,0.8985058526895726,0.11236499999999096,0.11236499999999096,1.0,-0.05942184831827141,-0.059205110649690335,0.0,0.0,-0.021036888661263933,-0.05942184831827141,0.0,-0.0,0.0,-0.17305982304507322,-0.1731724249270028,-0.14761533255400677,-0.14751963871928928,-0.18176636898655552,-0.09261533255400706,0.11823363101344311,-0.020675155599079217,0.01048696485869987,0.15810229741270654,0.14211825707358727,1.9560180611650787e-05,0,0,0,0,0,inf,inf,0,0,0.0,1.4794066191814879,0.05660183331411485,0.07353039491932421,0.06700339303319354,-1.549206619181488,-0.00408772510384115,1.6069571560067442,-0.6628482919929091,0.02536318339386701,-0.13131359682237184,-0.012656184888146077,-0.16477152324408192,0.007963935871451146,0.02516253601098174,0.018073736068168308,0.17107058679390494,-26.02979372835305,0.3343706816731496,16.730583956855472,0.7942830908850059,0.8923144709678289,-0.00837512225895955,0.17107058679390494,-26.02979372835305,0.3343706816731496,16.730583956855472,0.7942830908850059,0.8923144709678289,-0.00837512225895955
6.1110000000003755,2,1,1,2,0.0009574286595438733,4.729795904934621,4.659664518352061,5.0,0.5724055458073903,0.06952018877716701,0.43627293730536026,-0.04129903026118637,0.005603211122821537,0.00012102518036785535,0.5685818603742298,0.06934738186194736,0.0038275883427704416,0.9029069663790286,0.11266499999999093,0.11266499999999093,1.0,-0.06851978167559297,-0.06880542574202936,0.0,0.0,-0.030527752431246342,-0.06851978167559297,0.0,-0.0,0.0,-0.17372128211017226,-0.17384056435940232,-0.14761533255400677,-0.14751963871928928,-0.18204345084423348,-0.09261533255400706,0.11795654915576512,-0.02133661466417829,0.01048696485869987,0.15810229741270654,0.14211825707358727,2.0651511328195327e-05,0,0,0,0,0,inf,inf,0,0,0.0,1.481058437983005,0.056852037835509385,0.07221427751703124,0.06687935161365799,-1.550858437983005,-0.004009791602996009,1.6072149176099026,-0.6626735162524022,0.02482984598288956,-0.1317131128307284,-0.012077936553919812,-0.16522377811941105,0.007235703755631285,0.02713932030443828,0.016715560957694577,0.16181147300856505,-25.981442320848036,0.3224906779718962,16.712896603170407,0.799554298874415,0.8735191695665459,0.0010821215445336006,0.16181147300856505,-25.981442320848036,0.3224906779718962,16.712896603170407,0.799554298874415,0.8735191695665459,0.0010821215445336006
6.121000000000379,2,1,1,1,0.0009567679048077251,4.639379854951933,4.664213433465982,5.0,0.5719909344782351,0.06957541392264907,0.436274128255454,-0.04190108917684496,0.0054133539056272105,-1.8805050115670088e-05,0.5681575120799469,0.06939878481824945,0.0038374894298510783,0.9066398609473599,0.11296499999999089,0.11296499999999089,1.0,-0.05980923311977215,-0.059588779005612616,0.0,0.0,-0.021437933166216335,-0.05980923311977215,0.0,-0.0,0.0,-0.17434192643256136,-0.17445546778310797,-0.14761533255400677,-0.14751963871928928,-0.1822851704569639,-0.09261533255400706,0.11771482954303472,-0.021957258986567356,0.01048696485869987,0.15810229741270654,0.14211825707358727,1.9965368528423323e-05,0,0,0,0,0,inf,inf,0,0,0.0,1.4827137306567393,0.057096763391647216,0.07089388732019819,0.06676040685713663,-1.5525137306567394,-0.003935545732238755,1.607484015719725,-0.6625053593508704,0.02409416299932008,-0.13244441914990213,-0.01186748479773918,-0.1660721302186349,0.008014971990805544,0.02585342480262962,0.017188128210950362,0.1657036941310245,-25.9505261113045,0.3233934927570796,16.725078624477163,0.7922469184439231,0.8887860296163647,-0.008027194535235791,0.1657036941310245,-25.9505261113045,0.3233934927570796,16.725078624477163,0.7922469184439231,0.8887860296163647,-0.008027194535235791
6.131000000000382,2,1,1,2,0.0009552954430056817,4.760459852078782,4.668036945015824,5.0,0.5715735909089921,0.06962856940503952,0.4362745347939423,-0.041395663583578025,0.005262560398696205,0.00018580952912054146,0.5677325424662839,0.06944806532315245,0.003845287357637747,0.9105637547762528,0.11326499999999086,0.11326499999999086,1.0,-0.06870401160976858,-0.06897531794098213,0.0,0.0,-0.0309973439883519,-0.06870401160976858,0.0,-0.0,0.0,-0.1750157743116735,-0.17513645699965122,-0.14761533255400677,-0.14751963871928928,-0.1825766742542784,-0.09261533255400706,0.11742332574572023,-0.022631106865679484,0.01048696485869987,0.15810229741270654,0.14211825707358727,1.8700114771002862e-05,0,0,0,0,0,inf,inf,0,0,0.0,1.484377072482436,0.0573347613911546,0.0695671257979115,0.06664454730996043,-1.5541770724824362,-0.0038591559079914454,1.6077516352392622,-0.6623402285208623,0.02362379276897146,-0.13276248145257666,-0.011275494122630658,-0.16630373719071215,0.007036245490221115,0.0280455536505734,0.01583325570733502,0.1551403134576015,-25.898492200448384,0.3103299374908216,16.701176284131318,0.8001622721665914,0.86341291079336,0.0026285889110900067,0.1551403134576015,-25.898492200448384,0.3103299374908216,16.701176284131318,0.8001622721665914,0.86341291079336,0.0026285889110900067
6.1410000000003855,2,1,1,2,0.0009541304521135377,4.68670287406777,4.669512863908206,5.0,0.5711551079698737,0.06968012619281073,0.4362751939447834,-0.04228819443518516,0.005048067159124009,-9.08609074977015e-05,0.5673069777473685,0.06949522033680273,0.0038525701012368176,0.9143749514637792,0.11356499999999083,0.11356499999999083,1.0,-0.0603146947175781,-0.06550816681277924,0.0,0.0,-0.02174291648236448,-0.0603146947175781,0.0,-0.0,0.0,-0.1756229102377596,-0.17574222724316788,-0.14761533255400677,-0.14751963871928928,-0.18280401727708195,-0.09261533255400706,0.11719598272291658,-0.02323824279176561,0.01048696485869987,0.15810229741270654,0.14211825707358727,1.7801906368631693e-05,0,0,0,0,0,inf,inf,0,0,0.0,1.4860455470261058,0.05756673455962316,0.06823507236214224,0.06653237264004931,-1.555845547026106,-0.003782383528269648,1.6080212252859265,-0.6621775832219493,0.02281997185539172,-0.1336172149576019,-0.011202008976037247,-0.16744453172691925,0.008293974367769888,0.025948400450220198,0.016533864934754054,0.16289554337465043,-25.875615642456108,0.3148804720808636,16.729547088602004,0.7870707080550549,0.8963771351264184,-0.011572514350307574,0.16289554337465043,-25.875615642456108,0.3148804720808636,16.729547088602004,0.7870707080550549,0.8963771351264184,-0.011572514350307574
6.151000000000389,2,1,1,1,0.0009533282781059851,4.710807653341523,4.676080647581384,5.0,0.570736944759832,0.06972964288147535,0.4362761155193808,-0.041671052675889546,0.004885661237551341,0.00018357624053274017,0.5668808441740371,0.0695402469504569,0.0038607489618537575,0.9178164745979002,0.11386499999999079,0.11386499999999079,1.0,-0.05925356668767947,-0.05920460281479555,0.0,0.0,-0.022058252239648322,-0.05925356668767947,0.0,-0.0,0.0,-0.17630850283753552,-0.17642516870332667,-0.14761533255400677,-0.14751963871928928,-0.18311019942468237,-0.09261533255400706,0.1168898005753161,-0.02392383539154153,0.01048696485869987,0.15810229741270654,0.14211825707358727,8.257461548979555e-06,0,0,0,0,0,inf,inf,0,0,0.0,1.4877197854791484,0.05779288719335157,0.06689799143969,0.06642407591023393,-1.5575197854791485,-0.00370844984558585,1.608298361059167,-0.6620222562153041,0.02240208838269774,-0.1338542980043441,-0.010603915739702126,-0.16746433454094603,0.007092042112244674,0.028353992868059324,0.015220960079619289,0.14861853750895374,-25.814291045642054,0.2983292559294464,16.689570628984008,0.8016272966181166,0.8536886697338975,0.004224823216918409,0.14861853750895374,-25.814291045642054,0.2983292559294464,16.689570628984008,0.8016272966181166,0.8536886697338975,0.004224823216918409
6.161000000000392,2,1,1,2,0.000951539656606353,4.673320177978008,4.675457464937396,5.0,0.570314663717982,0.06977740238733948,0.4362761255470035,-0.04244802824440485,0.004669101645462938,-9.441810298721991e-05,0.5664541680322156,0.06958314238666134,0.0038653801737583995,0.9217113149201237,0.11416499999999076,0.11416499999999076,1.0,-0.07110942119812155,-0.07124327829584723,0.0,0.0,-0.03233482928715055,-0.07110942119812155,0.0,-0.0,0.0,-0.17692206760018686,-0.17704226260348102,-0.14761533255400677,-0.14751963871928928,-0.18334216741496653,-0.09261533255400706,0.11665783258503194,-0.02453740015419286,0.01048696485869987,0.15810229741270654,0.14211825707358727,9.348189090919137e-06,0,0,0,0,0,inf,inf,0,0,0.0,1.48940129918483,0.05801237411500402,0.06555454162437088,0.0663180982794288,-1.55920129918483,-0.0036290711736541095,1.6085684579013908,-0.6618655463748997,0.02162647896894159,-0.13467218559225755,-0.010517969904497996,-0.16863728277395032,0.0081971542339694,0.026694761040859043,0.01556082874383108,0.15870200567735443,-25.79891390502817,0.3049746076522265,16.732942885759766,0.782016779828809,0.9026341941699709,-0.01423098141178274,0.15870200567735443,-25.79891390502817,0.3049746076522265,16.732942885759766,0.782016779828809,0.9026341941699709,-0.01423098141178274
6.1710000000003955,2,1,1,1,0.0009509298757779663,4.7171125221392085,4.6840946530949745,5.0,0.56989501350125,0.06982293979315123,0.43627712562501586,-0.04165468001906887,0.004481060759470708,0.00025951743916426996,0.5660269756412986,0.06962390399942349,0.003873155320046297,0.9248150156480014,0.11446499999999073,0.11446499999999073,1.0,-0.06922212770929101,-0.06430471013323864,0.0,0.0,-0.03201788672630157,-0.06922212770929101,0.0,-0.0,0.0,-0.17762098258320205,-0.17773901183154264,-0.14761533255400677,-0.14751963871928928,-0.18366285955869033,-0.09261533255400706,0.11633714044130815,-0.025236315137208056,0.01048696485869987,0.15810229741270654,0.14211825707358727,1.6436909756731588e-05,0,0,0,0,0,inf,inf,0,0,0.0,1.4910869852621818,0.05822667836248807,0.06420707787742025,0.06621644037259984,-1.5608869852621818,-0.0035566366974858353,1.6088529462921746,-0.6617193345842797,0.02126360527007064,-0.13481731837376038,-0.009897376935115233,-0.16845319697653666,0.006648180598669542,0.02954701530104363,0.014111280176818971,0.14395303610478413,-25.732379097432798,0.2880744576645574,16.684390477763774,0.8015919037951874,0.8505840674427568,0.004140252719278582,0.14395303610478413,-25.732379097432798,0.2880744576645574,16.684390477763774,0.8015919037951874,0.8505840674427568,0.004140252719278582
6.181000000000399,2,1,1,1,0.0009499326616978767,4.642748625796735,4.684592196844887,5.0,0.5694720948847452,0.06986694123448878,0.4362777701961606,-0.042719172264391335,0.004317793715151112,-9.476601226954959e-05,0.5655992933525247,0.06966252927437507,0.003878192356937283,0.9282198192717952,0.1147649999999907,0.1147649999999907,1.0,-0.06085327380947286,-0.06065456236802236,0.0,0.0,-0.02247464315873143,-0.06085327380947286,0.0,-0.0,0.0,-0.17822440175487408,-0.17834016585188495,-0.14761533255400677,-0.14751963871928928,-0.1838890693242063,-0.09261533255400706,0.11611093067579224,-0.02583973430888009,0.01048696485869987,0.15810229741270654,0.14211825707358727,1.7792915522754923e-05,0,0,0,0,0,inf,inf,0,0,0.0,1.4927781231539443,0.058434743348228506,0.06285397733119501,0.06611722518465273,-1.5625781231539444,-0.0034795170110828197,1.6091319554158676,-0.6615715399345146,0.020446108823206636,-0.13569946233448305,-0.00991292651226325,-0.1696916834415429,0.008393561464336388,0.026926238736728184,0.015003667292118668,0.15140819920721335,-25.713793928636218,0.2921194908919849,16.722298403690928,0.7817374772217691,0.8939969712039666,-0.013480997322720546,0.15140819920721335,-25.713793928636218,0.2921194908919849,16.722298403690928,0.7817374772217691,0.8939969712039666,-0.013480997322720546
6.191000000000402,2,1,1,2,0.000947965284706336,4.7768615718764815,4.687091750498637,5.0,0.5690472359508902,0.0699085590842633,0.43627745175117905,-0.04209973837920448,0.004040912955876277,0.00011711323816355182,0.5651711475473521,0.06969901582892718,0.0038817482772456743,0.9317027263456227,0.11506499999999066,0.11506499999999066,1.0,-0.07028228731881571,-0.070575741271119,0.0,0.0,-0.03268447096302146,-0.07028228731881571,0.0,-0.0,0.0,-0.17891314958736887,-0.17903659898859042,-0.14761533255400677,-0.14751963871928928,-0.1841958018225298,-0.09261533255400706,0.11580419817746876,-0.026528482141374828,0.01048696485869987,0.15810229741270654,0.14211825707358727,2.0311265947126587e-05,0,0,0,0,0,inf,inf,0,0,0.0,1.4944773787605394,0.058636526820962445,0.061495061926265936,0.06602048058921492,-1.5642773787605395,-0.003401538058779238,1.6094121303940612,-0.6614293638213801,0.020017214288588218,-0.13594785962150302,-0.009412691862429235,-0.16986565430965694,0.006985653282931852,0.029410751552372667,0.013481963599659951,0.14238625035559324,-25.657633464994877,0.2806662731438552,16.694849100824538,0.7953799224961278,0.8646310196662147,-0.0007115434287191455,0.14238625035559324,-25.657633464994877,0.2806662731438552,16.694849100824538,0.7953799224961278,0.8646310196662147,-0.0007115434287191455
6.2010000000004055,2,1,1,1,0.0009482199596428089,4.68506385659342,4.6951248460558554,5.0,0.568625756102496,0.06994821424837672,0.436279130524398,-0.042567840201562554,0.003915348531261366,4.5137538574070614e-05,0.564742564635831,0.06973336141241727,0.0038891307136556955,0.934258121023196,0.11536499999999063,0.11536499999999063,1.0,-0.060719470424065766,-0.06047311217800732,0.0,0.0,-0.023072874761850826,-0.060719470424065766,0.0,-0.0,0.0,-0.17955497276145324,-0.1796728169109433,-0.14761533255400677,-0.14751963871928928,-0.18446536698535126,-0.09261533255400706,0.11553463301464731,-0.027170305315459164,0.01048696485869987,0.15810229741270654,0.14211825707358727,2.2806723023809482e-05,0,0,0,0,0,inf,inf,0,0,0.0,1.4961771988618213,0.05883369821508379,0.060133261102386815,0.06592800422157008,-1.5659771988618214,-0.003331004750186477,1.6097063658085928,-0.6612943298058627,0.019376661846388057,-0.13652615000082563,-0.00923727400392536,-0.17041296063078537,0.007806134562556786,0.028361570837536133,0.013926939587076283,0.14275750100391238,-25.621431909382334,0.27802565494558384,16.700653259887922,0.7877980513931407,0.873135729246482,-0.00841000313277093,0.14275750100391238,-25.621431909382334,0.27802565494558384,16.700653259887922,0.7877980513931407,0.873135729246482,-0.00841000313277093
6.211000000000409,2,1,1,2,0.0009458819786023745,4.735894159380653,4.693191303023309,5.0,0.5681973926198218,0.06998622601584104,0.43627839756167586,-0.042630176654316614,0.0036489633835937838,-2.4496871413393315e-05,0.564313571054974,0.06976556390624797,0.0038900850523075703,0.9378197793080792,0.1156649999999906,0.1156649999999906,1.0,-0.07129455392278701,-0.07163407718570404,0.0,0.0,-0.03329362806302172,-0.07129455392278701,0.0,-0.0,0.0,-0.18020785682083793,-0.18033136925627039,-0.14761533255400677,-0.14751963871928928,-0.18473625920099954,-0.09261533255400706,0.11526374079899906,-0.027823189374843824,0.01048696485869987,0.15810229741270654,0.14211825707358727,2.5476603220393823e-05,0,0,0,0,0,inf,inf,0,0,0.0,1.4978870388146264,0.059023683235246864,0.05876425398482535,0.06583637783041102,-1.5676870388146265,-0.0032491239229983345,1.6099858538025504,-0.6611565034966257,0.01878639667067283,-0.13704206571028207,-0.008980267095435052,-0.17115487169884214,0.00761861170975183,0.028873423290684087,0.01310846586827787,0.14044753578614663,-25.584744798219155,0.27273428758716434,16.70933534569305,0.7843130114318725,0.8833964640287274,-0.008731366735924227,0.14044753578614663,-25.584744798219155,0.27273428758716434,16.70933534569305,0.7843130114318725,0.8833964640287274,-0.008731366735924227
6.221000000000412,2,1,1,1,0.0009458712574062769,4.719433669066362,4.702586075562875,5.0,0.5677741904117981,0.07002139239636838,0.43627973352242866,-0.042477999304916615,0.0034611089598178247,0.00011874923182705928,0.5638841932671259,0.06979562132401776,0.0038965433864732208,0.9401469942565698,0.11596499999999056,0.11596499999999056,1.0,-0.06075478680789381,-0.060474869351828095,0.0,0.0,-0.02360379258532672,-0.06075478680789381,0.0,-0.0,0.0,-0.18088415462887114,-0.1810037441319653,-0.14761533255400677,-0.14751963871928928,-0.18503987047019632,-0.09261533255400706,0.11496012952980224,-0.02849948718287703,0.01048696485869987,0.15810229741270654,0.14211825707358727,2.6728952276124524e-05,0,0,0,0,0,inf,inf,0,0,0.0,1.4995977861716712,0.059209318441898466,0.057392845146330966,0.06574908349952764,-1.5693977861716712,-0.0031795875244852137,1.6102856566258397,-0.6610307437153576,0.01829122496166622,-0.13736647141794148,-0.008645958413726326,-0.17125895402633362,0.007260441696505801,0.029647456288295463,0.012749462572547873,0.13522421849719124,-25.530438725038174,0.26494115676516866,16.684121991784327,0.7937857192382637,0.8576626171090367,-0.003209823503745369,0.13522421849719124,-25.530438725038174,0.26494115676516866,16.684121991784327,0.7937857192382637,0.8576626171090367,-0.003209823503745369
6.2310000000004155,2,1,1,2,0.000943873697402813,4.718844017823553,4.7010770548248235,5.0,0.5673448236722697,0.0700553596493475,0.43627921266384795,-0.04297310816485063,0.0032712966800570197,-9.395871683399547e-05,0.5634544577583314,0.06982353181164355,0.003897267131037804,0.9433512088941154,0.11626499999999053,0.11626499999999053,1.0,-0.07193260659812668,-0.07229691097459835,0.0,0.0,-0.03378135786073886,-0.07193260659812668,0.0,-0.0,0.0,-0.18151828406108575,-0.18164236841862438,-0.14761533255400677,-0.14751963871928928,-0.1852944909646826,-0.09261533255400706,0.11470550903531601,-0.02913361661509166,0.01048696485869987,0.15810229741270654,0.14211825707358727,2.8276022491726202e-05,0,0,0,0,0,inf,inf,0,0,0.0,1.500683402282564,0.059388138833287904,0.056015003451201924,0.0656627717346942,-1.5711165977174362,-0.00309846127834262,1.6105717736601608,-0.6609010444843477,0.017618376424007928,-0.13800962210361684,-0.008528882061612005,-0.17221610956403344,0.008037714173757964,0.02881162687282731,0.01260208046476535,0.13616123790018392,-25.506015927023448,0.2624926698191381,16.71467612194657,0.775896181336343,0.892129951734706,-0.014008849574183396,0.13616123790018392,-25.506015927023448,0.2624926698191381,16.71467612194657,0.775896181336343,0.892129951734706,-0.014008849574183396
6.241000000000419,2,1,1,1,0.0009434272801500379,4.734739287937291,4.709501697873961,5.0,0.5669193108763837,0.07008621688702323,0.43628005324451424,-0.042555411635263385,0.0030080325909298826,0.00012013247547391356,0.5630243910367008,0.06984929364747498,0.0039021190626368314,0.9455846770289505,0.1165649999999905,0.1165649999999905,1.0,-0.06095632087087026,-0.06066809565483153,0.0,0.0,-0.023972884080927515,-0.06095632087087026,0.0,-0.0,0.0,-0.18220975344144186,-0.18233053184431933,-0.14761533255400677,-0.14751963871928928,-0.18561243079021944,-0.09261533255400706,0.1143875692097792,-0.02982508599544778,0.01048696485869987,0.15810229741270654,0.14211825707358727,2.8083638839142812e-05,0,0,0,0,0,inf,inf,0,0,0.0,1.4989623566046437,0.05956229433707087,0.054634329215454046,0.06558006756998667,-1.5728376433953564,-0.0030278750194106165,1.6108744420672547,-0.6607826765837739,0.01717902818327641,-0.13822746886420437,-0.008153562595928714,-0.172179647949539,0.007060621277755624,0.03038183988678853,0.011793504421249663,0.1299666808989703,-25.443957570220107,0.25392423205986586,16.67712190838509,0.7951402646597707,0.8526741799368245,-0.0019672729718076785,0.1299666808989703,-25.443957570220107,0.25392423205986586,16.67712190838509,0.7951402646597707,0.8526741799368245,-0.0019672729718076785
6.251000000000422,2,1,1,2,0.0009417675348726553,4.756430448676544,4.710173231728835,5.0,0.5664895468401137,0.07011577789036753,0.43627973634183287,-0.04290930358103955,0.0028144122347589073,-2.5213740867747224e-05,0.5625940196307752,0.06987290524240067,0.0039030910009666756,0.9483515425729006,0.11686499999999046,0.11686499999999046,1.0,-0.07193200169232071,-0.07227388070165956,0.0,0.0,-0.034162155462828706,-0.07193200169232071,0.0,-0.0,0.0,-0.1828559485479191,-0.18298171105558686,-0.14761533255400677,-0.14751963871928928,-0.18588116401329907,-0.09261533255400706,0.11411883598669958,-0.03047128110192505,0.01048696485869987,0.15810229741270654,0.14211825707358727,2.549435929337961e-05,0,0,0,0,0,inf,inf,0,0,0.0,1.4972350505694736,0.05973015732098192,0.05324823271855929,0.06549872226849765,-1.5745649494305265,-0.002948908135806409,1.6111686696081082,-0.6606624611004596,0.01655233282933726,-0.13877647139496022,-0.00801206951892173,-0.17293554443887946,0.007604329768699975,0.029874486864537718,0.01157515490600789,0.12989774571336538,-25.415353554801623,0.2505442524676623,16.700393788622495,0.7801931201078683,0.8792401358737731,-0.010919113216598053,0.12989774571336538,-25.415353554801623,0.2505442524676623,16.700393788622495,0.7801931201078683,0.8792401358737731,-0.010919113216598053
6.261000000000426,2,1,1,1,0.0009416205796628765,4.720115414027674,4.7181691697188,5.0,0.56606291245494,0.07014236870601923,0.4362807697182681,-0.042904567715813795,0.0026240740060529495,4.3514467090895466e-05,0.5621633700878901,0.06989436513994622,0.003907420689048244,0.9502947037939972,0.11716499999999043,0.11716499999999043,1.0,-0.06130924413925655,-0.06104893971602334,0.0,0.0,-0.024081653642707698,-0.06130924413925655,0.0,-0.0,0.0,-0.1835284349168441,-0.18364961729909252,-0.14761533255400677,-0.14751963871928928,-0.18618253595311365,-0.09261533255400706,0.113817464046885,-0.031143767470850015,0.01048696485869987,0.15810229741270654,0.14211825707358727,2.528775679148071e-05,0,0,0,0,0,inf,inf,0,0,0.0,1.4955062582969425,0.05989332969512026,0.05185944536186984,0.06542059104903826,-1.5762937417030576,-0.0028787397815567034,1.6114762004669165,-0.6605514854708275,0.016030137003042216,-0.13912110341353828,-0.007769210565826832,-0.17313438060419634,0.007553260768309433,0.030183441792519656,0.011320040822862799,0.12696634660781903,-25.36501414621214,0.24485880018917622,16.683940920884673,0.7866010938072457,0.863082700210172,-0.008044563941072547,0.12696634660781903,-25.36501414621214,0.24485880018917622,16.683940920884673,0.7866010938072457,0.863082700210172,-0.008044563941072547
6.271000000000429,2,1,1,2,0.0009395636664103748,4.771225482335279,4.7178185352205,5.0,0.5656310116384486,0.07016783817830113,0.43627998340004237,-0.04299067411454273,0.0023636231355162276,-2.9835818512583698e-05,0.5617324689725381,0.06991367201636407,0.003906819084088531,0.9529758780505244,0.1174649999999904,0.1174649999999904,1.0,-0.07223045093413166,-0.07257019297276777,0.0,0.0,-0.034547120681993795,-0.07223045093413166,0.0,-0.0,0.0,-0.18418863471670485,-0.1843156120178499,-0.14761533255400677,-0.14751963871928928,-0.18646410593090573,-0.09261533255400706,0.11353589406909291,-0.031803967270710755,0.01048696485869987,0.15810229741270654,0.14211825707358727,2.5034029827622514e-05,0,0,0,0,0,inf,inf,0,0,0.0,1.4937698951540244,0.06005002584540785,0.05046491863762274,0.06534338909421701,-1.5780301048459757,-0.002797781526489788,1.611772761939855,-0.6604387806766217,0.015465299405539753,-0.13956303181548366,-0.007576467840860022,-0.1737488195694532,0.007474081442053281,0.030483940161501095,0.010654061594484865,0.12428614930461344,-25.328545852657303,0.23905532138848823,16.694583596435063,0.7801380617388074,0.8755752561815279,-0.010199671518914695,0.12428614930461344,-25.328545852657303,0.23905532138848823,16.694583596435063,0.7801380617388074,0.8755752561815279,-0.010199671518914695
6.281000000000432,2,1,1,1,0.0009394774027628719,4.731065760072111,4.726523978146805,5.0,0.5652035030329424,0.0701898884097512,0.43628097690256384,-0.04299681851865332,0.002182972441656825,3.864462750085039e-05,0.5613013428647295,0.06993082468071514,0.0039107503108852665,0.954615628175715,0.11776499999999036,0.11776499999999036,1.0,-0.06147542045937251,-0.06121204798453121,0.0,0.0,-0.024333867327423923,-0.06147542045937251,0.0,-0.0,0.0,-0.18486350184966482,-0.18498581647258813,-0.14761533255400677,-0.14751963871928928,-0.186768778606142,-0.09261533255400706,0.11323122139385669,-0.032478834403670755,0.01048696485869987,0.15810229741270654,0.14211825707358727,2.6074662202914487e-05,0,0,0,0,0,inf,inf,0,0,0.0,1.4920332399005496,0.06020233749583249,0.04906839528187773,0.06526944999485292,-1.5797667600994505,-0.002728694344770746,1.6120858863112473,-0.660336493937152,0.014947391920005096,-0.13988296396946823,-0.0073572171385805326,-0.1739016437996579,0.007503244705166035,0.030711788996362184,0.010477115120148567,0.12226149669983506,-25.278378116932522,0.23421552806545967,16.67886463110963,0.7858927517765605,0.8602884394446836,-0.008408402336054742,0.12226149669983506,-25.278378116932522,0.23421552806545967,16.67886463110963,0.7858927517765605,0.8602884394446836,-0.008408402336054742
6.291000000000436,2,1,1,2,0.000937836866375912,4.802704751010562,4.728336620065833,5.0,0.5647714800361513,0.07021083354542973,0.4362804769372082,-0.04294065396850172,0.0018936798294710065,3.436003825722315e-05,0.5608700183583536,0.0699458220749423,0.003910451930763754,0.956866668715301,0.11806499999999033,0.11806499999999033,1.0,-0.07219052700983258,-0.07251148858052342,0.0,0.0,-0.03484717190156831,-0.07219052700983258,0.0,-0.0,0.0,-0.18553530690271325,-0.18566391425273626,-0.14761533255400677,-0.14751963871928928,-0.1870639070949225,-0.09261533255400706,0.11293609290507615,-0.033150639456719186,0.01048696485869987,0.15810229741270654,0.14211825707358727,2.2781875070906837e-05,0,0,0,0,0,inf,inf,0,0,0.0,1.4902901604244954,0.06034844806240504,0.047666733388315126,0.06519650181088764,-1.5815098395755047,-0.002649854783250993,1.6123897095416142,-0.6602330124598348,0.01442530614261549,-0.14023471916871819,-0.007144385922353108,-0.17431562371564074,0.00711183295620848,0.03133416676396216,0.009704676205503946,0.11936785676795672,-25.23773782635944,0.22827863378476632,16.682249536598516,0.7838028522956987,0.8649407523899586,-0.008348884089174028,0.11936785676795672,-25.23773782635944,0.22827863378476632,16.682249536598516,0.7838028522956987,0.8649407523899586,-0.008348884089174028
6.301000000000439,2,1,1,2,0.0009371171798356051,4.77691357424498,4.7325848214536705,5.0,0.5643411216178685,0.07022901558492486,0.436280788983032,-0.04342938959752836,0.0018367784067833686,-0.00011469897631947337,0.5604385220595376,0.06995866327393561,0.003911952669031427,0.9585955584437817,0.1183649999999903,0.1183649999999903,1.0,-0.06201976359270178,-0.06775496210988766,0.0,0.0,-0.024231267856838077,-0.06201976359270178,0.0,-0.0,0.0,-0.18618242953854128,-0.18631068484078978,-0.14761533255400677,-0.14751963871928928,-0.18733917275934514,-0.09261533255400706,0.11266082724065353,-0.033797762092547215,0.01048696485869987,0.15810229741270654,0.14211825707358727,2.133595008720362e-05,0,0,0,0,0,inf,inf,0,0,0.0,1.4885453669303055,0.060489678042124476,0.0462623454204301,0.065125945513054,-1.5832546330696946,-0.00257624100162692,1.6127017035064475,-0.6601361410309861,0.013808661727290016,-0.14073302709801394,-0.007058364579835685,-0.1749091236774071,0.008325471994851463,0.03024746151919253,0.009978658324990983,0.11730076674933297,-25.201319186365744,0.22296097636289788,16.692061824976108,0.7722101834456361,0.8773629155470526,-0.015091286688397683,0.11730076674933297,-25.201319186365744,0.22296097636289788,16.692061824976108,0.7722101834456361,0.8773629155470526,-0.015091286688397683
6.311000000000442,2,1,1,1,0.0009362114882443253,4.728888974134248,4.737832142824824,5.0,0.5639100602008781,0.07024493757987225,0.4362808799554273,-0.043293720169275234,0.0015557906295147652,-5.200459637657167e-05,0.5600068805850056,0.06996934748558944,0.00391289675481342,0.9602496931136428,0.11866499999999026,0.11866499999999026,1.0,-0.061930461842049166,-0.061689050353919125,0.0,0.0,-0.02447149264385093,-0.061930461842049166,0.0,-0.0,0.0,-0.18686431866204975,-0.18698777069441605,-0.14761533255400677,-0.14751963871928928,-0.1876477299799328,-0.09261533255400706,0.11235227002006594,-0.03447965121605566,0.01048696485869987,0.15810229741270654,0.14211825707358727,2.447758208087058e-05,0,0,0,0,0,inf,inf,0,0,0.0,1.486796838272634,0.06062554094745495,0.04485438849956547,0.06505709596665661,-1.585003161727366,-0.002502362156111801,1.6130152475443937,-0.66004345529859,0.01331682085045516,-0.14100195610745422,-0.006844029945166664,-0.1750948584532638,0.007858476931789114,0.030958071417399122,0.00934996936227771,0.11531220463441577,-25.15263122820768,0.2180961583704427,16.68093764764316,0.7786184872757859,0.8665713025918141,-0.01184681557308941,0.11531220463441577,-25.15263122820768,0.2180961583704427,16.68093764764316,0.7786184872757859,0.8665713025918141,-0.01184681557308941
6.321000000000446,2,1,1,1,0.0009352673834475958,4.732180600898147,4.742481716995593,5.0,0.5634784147516094,0.07025872122850452,0.4362808865685417,-0.043347206524435966,0.0013426537281904473,-6.108489556972951e-05,0.5595751205604371,0.0699778740508513,0.003913384811136672,0.9618114441653216,0.11896499999999023,0.11896499999999023,1.0,-0.06201124317766824,-0.061771267664459874,0.0,0.0,-0.024525651475325743,-0.06201124317766824,0.0,-0.0,0.0,-0.1875364567826743,-0.187660447934839,-0.14761533255400677,-0.14751963871928928,-0.18794650698101947,-0.09261533255400706,0.1120534930189792,-0.035151789336680214,0.01048696485869987,0.15810229741270654,0.14211825707358727,2.4561420385650272e-05,0,0,0,0,0,inf,inf,0,0,0.0,1.4850451727019198,0.060756121214509205,0.043443101034671375,0.06498991808821196,-1.5867548272980803,-0.002427933044005338,1.6133302803430816,-0.6599544762180468,0.01279177018942003,-0.1413288976732662,-0.006677905334883096,-0.17540428368470168,0.0079083673732896,0.031119761554045017,0.008957272443785334,0.11307020444014675,-25.10932317504713,0.21279260492447064,16.67948352651926,0.777269779031761,0.8663494649332755,-0.012526272098851696,0.11307020444014675,-25.10932317504713,0.21279260492447064,16.67948352651926,0.777269779031761,0.8663494649332755,-0.012526272098851696
6.331000000000449,2,1,1,2,0.000934271619807219,4.813389722757096,4.746961921519178,5.0,0.5630462851342004,0.07027031208713733,0.43628079611148685,-0.0433921964246067,0.001125797837163688,-7.130638596376045e-05,0.5591432686188242,0.06998424244376247,0.003913486139001867,0.9632703705507827,0.1192649999999902,0.1192649999999902,1.0,-0.06209563356014399,-0.06783683253804804,0.0,0.0,-0.02456993741840659,-0.06209563356014399,0.0,-0.0,0.0,-0.1882097547938647,-0.18834027994743552,-0.14761533255400677,-0.14751963871928928,-0.1882461065706508,-0.09261533255400706,0.11175389342934784,-0.03582508734787068,0.01048696485869987,0.15810229741270654,0.14211825707358727,2.4729845626169372e-05,0,0,0,0,0,inf,inf,0,0,0.0,1.4832904741084252,0.06088147437073642,0.04202861421949213,0.06492435630011939,-1.588509525891575,-0.0023532228400169777,1.6136470127522136,-0.6598695300208904,0.012271903019072852,-0.14164272751655516,-0.00651808088277403,-0.1757020710638595,0.00794094587599816,0.03129686118849658,0.008546848847403327,0.11080399184361978,-25.065739825375413,0.20745443365491836,16.677847545036503,0.7761837276357592,0.8658996061073929,-0.012986688885240856,0.11080399184361978,-25.065739825375413,0.20745443365491836,16.677847545036503,0.7761837276357592,0.8658996061073929,-0.012986688885240856
6.341000000000452,2,1,1,1,0.0009333546528462458,4.7591403418600535,4.752347203053511,5.0,0.5626140044625664,0.07027958718927506,0.4362807332538994,-0.04324639050850139,0.0008282311789401415,-1.147139753666223e-05,0.5587113513988289,0.06998845227149049,0.003913497218122567,0.9645731598129094,0.11956499999999017,0.11956499999999017,1.0,-0.06148128359342787,-0.06147561327775098,0.0,0.0,-0.024423259577687966,-0.06148128359342787,0.0,-0.0,0.0,-0.1888946896107359,-0.1890204020868504,-0.14761533255400677,-0.14751963871928928,-0.18855713292223453,-0.09261533255400706,0.11144286707776416,-0.03651002216474187,0.01048696485869987,0.15810229741270654,0.14211825707358727,1.3159447802242509e-05,0,0,0,0,0,inf,inf,0,0,0.0,1.4815331896351116,0.06100170404329499,0.04061117919593058,0.06486039714214906,-1.5902668103648885,-0.0022790598636530253,1.6139661716358935,-0.6597889503321348,0.011791591392834061,-0.14187585655977913,-0.006328241402182065,-0.17584473962642316,0.007429324584325552,0.03198908974483115,0.007884080928593438,0.10922185915803731,-25.016710268181956,0.20294372794060475,16.666895008500894,0.7834224868892758,0.8552430104681944,-0.009396013438639264,0.10922185915803731,-25.016710268181956,0.20294372794060475,16.666895008500894,0.7834224868892758,0.8552430104681944,-0.009396013438639264
6.351000000000456,2,1,1,1,0.0009325063943232672,4.760201835237991,4.757487315732917,5.0,0.5621815558483216,0.07028658500832054,0.4362806878767025,-0.04331217749523232,0.0006257675243257282,-2.507312478841838e-05,0.5582793955431397,0.06999050327435333,0.003913376986763088,0.9657295206230186,0.11986499999999013,0.11986499999999013,1.0,-0.062070738667633074,-0.061811716211735944,0.0,0.0,-0.024745455328212207,-0.062070738667633074,0.0,-0.0,0.0,-0.18956932173650173,-0.1896955427262223,-0.14761533255400677,-0.14751963871928928,-0.18885807503848157,-0.09261533255400706,0.11114192496151712,-0.037184654290507727,0.01048696485869987,0.15810229741270654,0.14211825707358727,2.7776235691456782e-05,0,0,0,0,0,inf,inf,0,0,0.0,1.479773486075054,0.06111684797563639,0.03919091236912538,0.06479796338405003,-1.592026513924946,-0.0022052229471874445,1.614287535639735,-0.6597126205929243,0.011276452148421441,-0.1421687838519837,-0.006188266756200286,-0.1761034348775608,0.007555185348778017,0.03205712836866051,0.007541983184471157,0.10722856901691728,-24.97368464299811,0.19782018963976256,16.666463195452348,0.7810343529275018,0.856132473047951,-0.010798316430432265,0.10722856901691728,-24.97368464299811,0.19782018963976256,16.666463195452348,0.7810343529275018,0.856132473047951,-0.010798316430432265
6.361000000000459,2,1,1,1,0.000931639210224793,4.761520341272244,4.76241477185977,5.0,0.5617487702240583,0.07029139322443241,0.4362805767052357,-0.04337318768055164,0.00042352635751658965,-3.984042189397405e-05,0.5578474276968284,0.06999039532583548,0.003912936652915913,0.9667771119893488,0.12016499999999018,0.12016499999999018,1.0,-0.062150067136499475,-0.061895103027739526,0.0,0.0,-0.024727428508506122,-0.062150067136499475,0.0,-0.0,0.0,-0.1902448416880217,-0.1903715713731405,-0.14761533255400677,-0.14751963871928928,-0.18915943051598208,-0.09261533255400706,0.11084056948401658,-0.03786017424202764,0.01048696485869987,0.15810229741270654,0.14211825707358727,2.755415219616358e-05,0,0,0,0,0,inf,inf,0,0,0.0,1.4780113632954803,0.061226920437764114,0.03776786391675864,0.06473695698045169,-1.5937886367045198,-0.0021311399573707562,1.6146104995797583,-0.6596403520022265,0.010766861771346076,-0.14244940842321155,-0.006053551140799567,-0.17634945683045442,0.007677320911394648,0.032128094909221916,0.00718780655647972,0.1050889622922179,-24.930477277532617,0.19253809098463343,16.66597401443385,0.7786726544490935,0.8569500185450469,-0.012042866000978755,0.1050889622922179,-24.930477277532617,0.19253809098463343,16.66597401443385,0.7786726544490935,0.8569500185450469,-0.012042866000978755
6.371000000000462,2,1,1,1,0.0009306580907289244,4.764433809150987,4.766882315479853,5.0,0.5613154794268068,0.07029408678688703,0.4362803097523016,-0.04341642708952963,0.00020914378778717858,-5.599028088163629e-05,0.5574154745057066,0.06998812843259573,0.0039119878449666075,0.9677537574750779,0.12046499999999027,0.12046499999999027,1.0,-0.06223916146236002,-0.06198698584180422,0.0,0.0,-0.024703972254518213,-0.06223916146236002,0.0,-0.0,0.0,-0.19092156570439744,-0.19104883780189783,-0.14761533255400677,-0.14751963871928928,-0.18946096843398053,-0.09261533255400706,0.11053903156601812,-0.03853689825840339,0.01048696485869987,0.15810229741270654,0.14211825707358727,2.758832286894822e-05,0,0,0,0,0,inf,inf,0,0,0.0,1.4762468033346012,0.06133193418746801,0.03634208292268479,0.06467727446967993,-1.5955531966653989,-0.0020562724118859507,1.6149344701326847,-0.6595719348849409,0.010264051902037764,-0.14271651619662604,-0.005922850279901067,-0.1765902629345282,0.0077375445838051,0.0322495528061082,0.0067852106335391715,0.1028921706024237,-24.886752564148242,0.18720145391076626,16.66494430081675,0.7772140786477851,0.857117868818828,-0.012661332508274288,0.1028921706024237,-24.886752564148242,0.18720145391076626,16.66494430081675,0.7772140786477851,0.857117868818828,-0.012661332508274288
6.381000000000466,2,1,1,1,0.0009297703144667538,4.762765928360371,4.772544549802984,5.0,0.5608821883120437,0.07029446125514341,0.436280085585547,-0.043269480887179794,-9.867750104762394e-05,-1.4065779045600043e-06,0.5569835626146818,0.06998370273446672,0.0039109913303794945,0.9685749589145325,0.12076499999999038,0.12076499999999038,1.0,-0.07322159828363353,-0.06752182299502427,0.0,0.0,-0.035647041721404024,-0.07322159828363353,0.0,-0.0,0.0,-0.19161036203493004,-0.19173852529084479,-0.14761533255400677,-0.14751963871928928,-0.1897738385447458,-0.09261533255400706,0.11022616145525284,-0.039225694588935975,0.01048696485869987,0.15810229741270654,0.14211825707358727,2.3207857685550365e-05,0,0,0,0,0,inf,inf,0,0,0.0,1.474480400212872,0.061432021028668446,0.034913881886667074,0.064618933772439,-1.5973195997871281,-0.0019819643947381594,1.61526063062347,-0.6595078533659552,0.00979863069664269,-0.14290441667613904,-0.005764857518026937,-0.17667520446541116,0.00721607709628315,0.03287748775336911,0.00612915059265128,0.10063906401903688,-24.84326754577507,0.18179355714231488,16.664332628578777,0.775602730115188,0.8575744966483396,-0.013282211678011427,0.10063906401903688,-24.84326754577507,0.18179355714231488,16.664332628578777,0.775602730115188,0.8575744966483396,-0.013282211678011427
6.391000000000469,2,1,1,1,0.0009289517795448001,4.7860362449981135,4.777560675755214,5.0,0.5604488617190879,0.07029252947771901,0.4362798827635502,-0.043337264463814,-0.0002944034062202075,-2.198392209967335e-05,0.5565517186661141,0.06997711850444635,0.003909885939180715,0.9692544982236788,0.12106499999999049,0.12106499999999049,1.0,-0.061711335562426646,-0.061696064406560024,0.0,0.0,-0.024397926664262107,-0.061711335562426646,0.0,-0.0,0.0,-0.19228745644803652,-0.19241637344516793,-0.14761533255400677,-0.14751963871928928,-0.1900749681128016,-0.09261533255400706,0.10992503188719704,-0.039902789002042464,0.01048696485869987,0.15810229741270654,0.14211825707358727,1.3162419312940012e-05,0,0,0,0,0,inf,inf,0,0,0.0,1.47271228877886,0.06152721519512157,0.03348336472201317,0.06456185530929942,-1.5990877112211401,-0.0019080709969313977,1.6155887087838436,-0.6594480571597959,0.009300239985457294,-0.14315229120656642,-0.005653332655871337,-0.17687991336559325,0.007386567640425242,0.03288081749321216,0.005799331409601709,0.09987752876884853,-24.79463048611902,0.17798524244007402,16.65502918951779,0.78172216570271,0.8488582488827933,-0.01086797471611462,0.09987752876884853,-24.79463048611902,0.17798524244007402,16.65502918951779,0.78172216570271,0.8488582488827933,-0.01086797471611462
6.401000000000472,2,1,1,2,0.0009280385072416289,4.837701881376201,4.7825933054615355,5.0,0.5600151593989086,0.07028848810194546,0.4362795428199184,-0.04339012230952297,-0.0004989141257971102,-4.3918590536883264e-05,0.5561199692981722,0.06996837614868097,0.00390832158138213,0.969860105002439,0.12136499999999058,0.12136499999999058,1.0,-0.07403780302647356,-0.07413270641771602,0.0,0.0,-0.03591863592237733,-0.07403780302647356,0.0,-0.0,0.0,-0.19296658475085468,-0.1931018631763985,-0.14761533255400677,-0.14751963871928928,-0.19037660796307856,-0.09261533255400706,0.10962339203692009,-0.04058191730486064,0.01048696485869987,0.15810229741270654,0.14211825707358727,1.5025920347564004e-05,0,0,0,0,0,inf,inf,0,0,0.0,1.4709422988018301,0.06161750335572427,0.03205051153979976,0.06450591867182777,-1.60085770119817,-0.0018334223642967914,1.615917677209546,-0.6593921319659394,0.008808919417910878,-0.14338732921888409,-0.005544846873749205,-0.17707866286171328,0.007506427861793187,0.03292531274236713,0.005425006204862656,0.09584985767427366,-24.75679353286309,0.17061713430117398,16.66452335918861,0.7696512959033143,0.8603093425235332,-0.015869455166353127,0.09584985767427366,-24.75679353286309,0.17061713430117398,16.66452335918861,0.7696512959033143,0.8603093425235332,-0.015869455166353127
6.411000000000476,2,1,1,2,0.0009272330377639018,4.866089232968489,4.787195424919294,5.0,0.5595815617284613,0.0702821181843963,0.4362792617802267,-0.04345888495857958,-0.0006862722399662455,-6.805149755366273e-05,0.5556883411431909,0.06995747620644023,0.00390673251444536,0.9703121971665175,0.12166499999999068,0.12166499999999068,1.0,-0.062402765859724596,-0.06827875276125617,0.0,0.0,-0.02453849496921098,-0.062402765859724596,0.0,-0.0,0.0,-0.19364493069987643,-0.19378096768672032,-0.14761533255400677,-0.14751963871928928,-0.19067730426857413,-0.09261533255400706,0.10932269573142454,-0.04126026325388235,0.01048696485869987,0.15810229741270654,0.14211825707358727,2.9550391449556512e-05,0,0,0,0,0,inf,inf,0,0,0.0,1.4691710192203358,0.06170301196926291,0.030615623439039827,0.06445113961718596,-1.6026289807796643,-0.0017593903983886482,1.616248628744067,-0.6593405689874986,0.008320308709182487,-0.1436133577685116,-0.005444719275806634,-0.17725830689224983,0.007709004699495662,0.0329003736530911,0.005095580730183339,0.09535178447773587,-24.70814219586144,0.16704122739703672,16.65560591644038,0.7758383448028332,0.8520218998478981,-0.013558261118614724,0.09535178447773587,-24.70814219586144,0.16704122739703672,16.65560591644038,0.7758383448028332,0.8520218998478981,-0.013558261118614724
6.421000000000479,2,1,1,2,0.0009263617270844618,4.86325381612477,4.792095995970527,5.0,0.5591477320792855,0.0702735867780535,0.43627887306492763,-0.04351890609027112,-0.0008777744663145791,-9.39915426583107e-05,0.5552568608260281,0.06994441935008393,0.0039047701987518723,0.9706784560183839,0.12196499999999078,0.12196499999999078,1.0,-0.06250315196067605,-0.0684235379489038,0.0,0.0,-0.02443143054061643,-0.06250315196067605,0.0,-0.0,0.0,-0.19432457051544247,-0.19446114343858992,-0.14761533255400677,-0.14751963871928928,-0.19097759790520605,-0.09261533255400706,0.10902240209479258,-0.04193990306944838,0.01048696485869987,0.15810229741270654,0.14211825707358727,2.905191092560134e-05,0,0,0,0,0,inf,inf,0,0,0.0,1.4673982525103457,0.0617837245199905,0.029178676030927553,0.06439739192618167,-1.6044017474896544,-0.0016848996919216913,1.6165805583242705,-0.6592929875588229,0.007837552863139814,-0.1438276232901292,-0.005349152061877983,-0.1774305255231232,0.007887264280829373,0.03289515470009563,0.004741819610657897,0.09291478981742482,-24.664905794667,0.16137683335927538,16.656138036755618,0.7726091163732484,0.8538095782049997,-0.014893710585164144,0.09291478981742482,-24.664905794667,0.16137683335927538,16.656138036755618,0.7726091163732484,0.8538095782049997,-0.014893710585164144
6.431000000000482,2,1,1,2,0.0009255662047600579,4.858344870679488,4.797959235335588,5.0,0.5587139988837041,0.07026278719276041,0.4362785119812589,-0.04338647525276007,-0.001176788085168317,-4.757182218215291e-05,0.554825554962422,0.06992920638502045,0.0039027262630433003,0.9709053284757393,0.12226499999999088,0.12226499999999088,1.0,-0.07353706790396182,-0.07392918404080057,0.0,0.0,-0.03529149579225033,-0.07353706790396182,0.0,-0.0,0.0,-0.1950160494600043,-0.19515340238085857,-0.14761533255400677,-0.14751963871928928,-0.19128839327654434,-0.09261533255400706,0.10871160672345431,-0.04263138201401021,0.01048696485869987,0.15810229741270654,0.14211825707358727,3.2311594505944266e-05,0,0,0,0,0,inf,inf,0,0,0.0,1.4656244452313612,0.06185974619855671,0.02773990473998519,0.06434468031660999,-1.606175554768639,-0.0016107587420119078,1.6169141857351932,-0.6592497107787617,0.007390324975520263,-0.14396491178192994,-0.005227617335300657,-0.17744704321340798,0.007436159169203172,0.033398683975544116,0.004130449927343482,0.08992701816310225,-24.621799153794267,0.15514665814024492,16.65692329637289,0.7689221895853998,0.8557379781946787,-0.016068042728828884,0.08992701816310225,-24.621799153794267,0.15514665814024492,16.65692329637289,0.7689221895853998,0.8557379781946787,-0.016068042728828884
6.441000000000486,2,1,1,1,0.0009248333675019585,4.8017416301612155,4.802892413338111,5.0,0.5582803565690393,0.07024972905170768,0.43627816766545924,-0.043468836089469276,-0.0013420730954249816,-7.662172641302512e-05,0.5543944501573501,0.06991183824965717,0.003900569039834751,0.9709998276064193,0.12256499999999099,0.12256499999999099,1.0,-0.06248372456429163,-0.06222647495685972,0.0,0.0,-0.024256399485660017,-0.06248372456429163,0.0,-0.0,0.0,-0.19569536539323382,-0.19582729410370006,-0.14761533255400677,-0.14751963871928928,-0.19158650038648778,-0.09261533255400706,0.1084134996135109,-0.043310697947239706,0.01048696485869987,0.15810229741270654,0.14211825707358727,3.090362751600356e-05,0,0,0,0,0,inf,inf,0,0,0.0,1.4638497177010474,0.061931128782892274,0.026299402606966716,0.06429295456561082,-1.6079502822989526,-0.0015369497586521883,1.6172493608959142,-0.6592107702421108,0.006914651407226517,-0.14416126260377246,-0.005146481324833976,-0.17758471696500938,0.007736313432139799,0.033288527827429436,0.0038493219312025267,0.08949355959060525,-24.573524435505405,0.15157146297253185,16.649046214708292,0.7740441930021236,0.8485669950465854,-0.01442381370171806,0.08949355959060525,-24.573524435505405,0.15157146297253185,16.649046214708292,0.7740441930021236,0.8485669950465854,-0.01442381370171806
6.451000000000489,2,1,1,1,0.0009241590298978133,4.797714469214952,4.808358140141486,5.0,0.5578467529360301,0.07023451298615738,0.4362778344517649,-0.04355712104901466,-0.0014932924697213946,-0.00010616717717351139,0.5539635730033873,0.06989231601534249,0.0038982284638172686,0.9709759338761036,0.12286499999999108,0.12286499999999108,1.0,-0.06257574786914809,-0.06232902841189144,0.0,0.0,-0.024115317179707725,-0.06257574786914809,0.0,-0.0,0.0,-0.19637503781067733,-0.1965073832979384,-0.14761533255400677,-0.14751963871928928,-0.1918834715341695,-0.09261533255400706,0.10811652846582921,-0.0439903703646832,0.01048696485869987,0.15810229741270654,0.14211825707358727,2.9669213318755794e-05,0,0,0,0,0,inf,inf,0,0,0.0,1.4620742299406793,0.06199791957393713,0.02485726318600334,0.06424216037037572,-1.6097257700593208,-0.00146307029609464,1.617585772665777,-0.659175946279797,0.0064454388131428685,-0.14434844470189254,-0.005068232320212991,-0.17770630379028687,0.008083087477583802,0.03314657386678648,0.003574150313455632,0.0862434529913164,-24.531027678886353,0.14503343720438563,16.651116762382067,0.7680987382630633,0.8520626712590776,-0.016761228024440904,0.0862434529913164,-24.531027678886353,0.14503343720438563,16.651116762382067,0.7680987382630633,0.8520626712590776,-0.016761228024440904
6.461000000000492,2,1,1,2,0.0009233239854096456,4.8808649265324995,4.814298770140504,5.0,0.5574126711158324,0.07021749209420852,0.4362772994158702,-0.0434162983585616,-0.001791873795661308,-5.880625499691437e-05,0.5535329500790661,0.06987064088629974,0.00389519461433629,0.970929043755665,0.12316499999999118,0.12316499999999118,1.0,-0.07417069531180484,-0.07417740330522951,0.0,0.0,-0.035268249547461335,-0.07417069531180484,0.0,-0.0,0.0,-0.19706656901011013,-0.1972057739117243,-0.14761533255400677,-0.14751963871928928,-0.192189517485272,-0.09261533255400706,0.1078104825147267,-0.044681901564115986,0.01048696485869987,0.15810229741270654,0.14211825707358727,2.4020134626628212e-05,0,0,0,0,0,inf,inf,0,0,0.0,1.460297657072714,0.06206012007443758,0.023413372405320498,0.06419221237819837,-1.6115023429272861,-0.00138738332659735,1.617921971510976,-0.6591448386526311,0.006016716224042451,-0.14445889988850213,-0.0049571588788397585,-0.177685636889468,0.007607026698067054,0.033640499181702234,0.0029420754857714146,0.08245409517718008,-24.487618168677592,0.13797449777828927,16.65197782979219,0.764261305948437,0.8539739874750151,-0.017546772449776087,0.08245409517718008,-24.487618168677592,0.13797449777828927,16.65197782979219,0.764261305948437,0.8539739874750151,-0.017546772449776087
6.471000000000496,2,1,1,2,0.0009226211343792692,4.901520927063339,4.819191599146162,5.0,0.5569787843581813,0.07019829265695395,0.4362768487994705,-0.04349373665039991,-0.0019449973278135317,-8.774064171765018e-05,0.553102607947237,0.069846814199553,0.0038920792225721566,0.9707445134720146,0.12346499999999128,0.12346499999999128,1.0,-0.06252250473595082,-0.06834947643240619,0.0,0.0,-0.023860439025179057,-0.06252250473595082,0.0,-0.0,0.0,-0.19774596810446668,-0.19788595049980434,-0.14761533255400677,-0.14751963871928928,-0.19248301638943882,-0.09261533255400706,0.10751698361055989,-0.045361300658472575,0.01048696485869987,0.15810229741270654,0.14211825707358727,3.141720242491099e-05,0,0,0,0,0,inf,inf,0,0,0.0,1.4585207374651656,0.06211787909122897,0.021968074289303627,0.06414314748562686,-1.6132792625348344,-0.0013120295093361199,1.6182595540135292,-0.6591180006042272,0.005562029775020703,-0.14462840438016358,-0.004883983766774979,-0.17778655619194972,0.007917749229369568,0.03351389401124965,0.0026419158169536136,0.08107272284356948,-24.43912053445519,0.1334040563066332,16.644375695067584,0.7690112776907504,0.8471008997973675,-0.015557313469236222,0.08107272284356948,-24.43912053445519,0.1334040563066332,16.644375695067584,0.7690112776907504,0.8471008997973675,-0.015557313469236222
6.481000000000499,2,1,1,2,0.0009219075247405553,4.903622598810248,4.824319645249389,5.0,0.556544754560946,0.0701771736883262,0.4362763428027159,-0.043562825209064876,-0.0020983280615277165,-0.00011594553828167607,0.5526725731534297,0.06982083742484456,0.0038885427071574242,0.9704858896800248,0.12376499999999138,0.12376499999999138,1.0,-0.06260252810242983,-0.06836969760676564,0.0,0.0,-0.02369836942604037,-0.06260252810242983,0.0,-0.0,0.0,-0.19842526407776223,-0.19856563891277176,-0.14761533255400677,-0.14751963871928928,-0.192774425824295,-0.09261533255400706,0.10722557417570376,-0.04604059663176813,0.01048696485869987,0.15810229741270654,0.14211825707358727,3.0335432700928578e-05,0,0,0,0,0,inf,inf,0,0,0.0,1.4567433012295603,0.062171218972569296,0.020521324907460708,0.06409489472035197,-1.6150566987704398,-0.0012357855775154514,1.6185975381861588,-0.6590950748366601,0.005115981877254102,-0.14478836602873707,-0.00481159207023657,-0.17787738892658445,0.008205253860644876,0.033406055342633786,0.002320499785694133,0.07679894581730008,-24.395991743678497,0.12582759929612206,16.646112457327817,0.7634499374059317,0.8501534396730729,-0.01713152827267099,0.07679894581730008,-24.395991743678497,0.12582759929612206,16.646112457327817,0.7634499374059317,0.8501534396730729,-0.01713152827267099
6.491000000000502,2,1,1,2,0.0009211884636986236,4.903234119551941,4.830489217272308,5.0,0.5561106146415202,0.0701541503029208,0.43627578718555127,-0.04342344568601972,-0.002387829395814399,-6.6092681204623e-05,0.5522428722242159,0.06979271216454422,0.0038845937927264084,0.9701514143041423,0.12406499999999149,0.12406499999999149,1.0,-0.07315500938060723,-0.07354490228672847,0.0,0.0,-0.033850451635716095,-0.07315500938060723,0.0,-0.0,0.0,-0.19911527819890715,-0.19925636794498036,-0.14761533255400677,-0.14751963871928928,-0.19307413124741846,-0.09261533255400706,0.1069258687525803,-0.04673061075291306,0.01048696485869987,0.15810229741270654,0.14211825707358727,3.199170297078708e-05,0,0,0,0,0,inf,inf,0,0,0.0,1.454965472204104,0.06222021010590542,0.01907321324907873,0.06404742533612652,-1.616834527795896,-0.001158716033257306,1.618935916871333,-0.6590760834607846,0.00470569559498502,-0.14487512334355904,-0.004711210749729039,-0.1778140219587253,0.007742376430957132,0.03385482046079602,0.0016980439794253462,0.0719871003635647,-24.352516321792496,0.11771683201184731,16.64740388298381,0.7587656100524657,0.8524839842330472,-0.01789171309987585,0.0719871003635647,-24.352516321792496,0.11771683201184731,16.64740388298381,0.7587656100524657,0.8524839842330472,-0.01789171309987585
6.501000000000506,2,1,1,2,0.0009206972437292007,4.919092201313136,4.8369486088577105,5.0,0.5556769247918771,0.07012887895056243,0.4362754122251143,-0.043308462943202515,-0.002657839793816822,-1.7917144805811556e-05,0.5518135316655729,0.06976244015355053,0.0038807323845287704,0.9696465568492499,0.12436499999999158,0.12436499999999158,1.0,-0.07298102833184565,-0.07335226696966854,0.0,0.0,-0.03369024789652873,-0.07298102833184565,0.0,-0.0,0.0,-0.1998034535941572,-0.199945569310829,-0.14761533255400677,-0.14751963871928928,-0.1933711608260786,-0.09261533255400706,0.10662883917392019,-0.047418786148163056,0.01048696485869987,0.15810229741270654,0.14211825707358727,2.9815512098294805e-05,0,0,0,0,0,inf,inf,0,0,0.0,1.453187833673523,0.06226498388199418,0.017624015998926084,0.06400076939676343,-1.618612166326477,-0.0010827437557965076,1.6192760291724648,-0.659061614202779,0.004295197821062311,-0.14495481301712881,-0.004623242023368406,-0.17772736782201187,0.007390003148558629,0.0342010136207497,0.0011711928713546381,0.07004076907624834,-24.304173152968687,0.11253963065535054,16.640442594733127,0.7630281905348061,0.8461175477288194,-0.01605934256122739,0.07004076907624834,-24.304173152968687,0.11253963065535054,16.640442594733127,0.7630281905348061,0.8461175477288194,-0.01605934256122739
6.511000000000509,2,1,1,2,0.0009201313477115993,4.935885154796091,4.843135840000564,5.0,0.5552430180399516,0.07010180816330269,0.4362749222241579,-0.04317575131344335,-0.002940288332346003,3.2985539306109716e-05,0.551384577961249,0.06973002325918372,0.0038763105984775557,0.9690938131291789,0.12466499999999169,0.12466499999999169,1.0,-0.07279813214151866,-0.07314864401466961,0.0,0.0,-0.03351826704264703,-0.07279813214151866,0.0,-0.0,0.0,-0.2004911221546542,-0.20063430080402225,-0.14761533255400677,-0.14751963871928928,-0.19366547854402336,-0.09261533255400706,0.10633452145597548,-0.04810645470866005,0.01048696485869987,0.15810229741270654,0.14211825707358727,2.7350004305290906e-05,0,0,0,0,0,inf,inf,0,0,0.0,1.4514098881985946,0.06230551329742082,0.016173569253944305,0.06395480069153131,-1.6203901118014055,-0.001005551187844064,1.6196160705581317,-0.6590509397382425,0.0038926338431766786,-0.14502469344860427,-0.00453612756438064,-0.17763151416891995,0.006965302893326832,0.03459532964516694,0.0006101876573495315,0.06792380175914423,-24.25530075504682,0.1071807901971558,16.632916699220225,0.7681882909248074,0.8391063664436926,-0.013711477096238326,0.06792380175914423,-24.25530075504682,0.1071807901971558,16.632916699220225,0.7681882909248074,0.8391063664436926,-0.013711477096238326
6.521000000000512,2,1,1,2,0.0009193918493440026,4.9247195479767285,4.846640706512173,5.0,0.5548085675697686,0.07007322097759555,0.4362742177580481,-0.043409852614947946,-0.002975215152567166,-7.02776419355638e-05,0.550956037571129,0.06969546348107053,0.0038710060858385326,0.9685568325896997,0.12496499999999178,0.12496499999999178,1.0,-0.07280838285437924,-0.07320176432714551,0.0,0.0,-0.03291382022902523,-0.07280838285437924,0.0,-0.0,0.0,-0.20115715909055648,-0.2013000995200329,-0.14761533255400677,-0.14751963871928928,-0.193936614131945,-0.09261533255400706,0.10606338586805379,-0.048772491644562356,0.01048696485869987,0.15810229741270654,0.14211825707358727,3.2319351047841126e-05,0,0,0,0,0,inf,inf,0,0,0.0,1.4496316626861518,0.06234179967098722,0.014721903874606404,0.06390940016330829,-1.6221683373138482,-0.0009256788214558949,1.6199549288333928,-0.6590432200162352,0.0034504038091486074,-0.1452112164176523,-0.004500693517416292,-0.17782938324968173,0.007841693092250553,0.034026010645845414,0.00047175338054880503,0.059569169518341084,-24.21671866576859,0.0954308589885797,16.643396057597837,0.752513873296945,0.851472238526934,-0.018099877430444833,0.059569169518341084,-24.21671866576859,0.0954308589885797,16.643396057597837,0.752513873296945,0.851472238526934,-0.018099877430444833
6.531000000000516,2,1,1,2,0.0009190532993509628,4.9304407997218185,4.8505691772395485,5.0,0.5543750864854984,0.0700420695859341,0.43627386839689586,-0.04368543616654652,-0.002962637848515136,-0.000181144516867009,0.5505279369296029,0.06965876295102087,0.0038661975740765468,0.9677722460749668,0.12526499999999188,0.12526499999999188,1.0,-0.0627010836044794,-0.06815301382914049,0.0,0.0,-0.022830259031468524,-0.0627010836044794,0.0,-0.0,0.0,-0.20182147231073652,-0.20196439240454037,-0.14761533255400677,-0.14751963871928928,-0.19420587497242697,-0.09261533255400706,0.10579412502757175,-0.04943680486474243,0.01048696485869987,0.15810229741270654,0.14211825707358727,2.8068043978453213e-05,0,0,0,0,0,inf,inf,0,0,0.0,1.4478542904137692,0.06237409044906601,0.013269552845998352,0.06386473858010028,-1.6239457095862309,-0.0008487091277278794,1.6202966010991477,-0.6590405647397864,0.003004222891139478,-0.14538524848485684,-0.004484991903110585,-0.1780002449957431,0.00896656667533927,0.033299275713193806,0.000522186416099763,0.05465851605108443,-24.17392308310351,0.08718302062125775,16.646496398762938,0.7441817077775362,0.8561748069026744,-0.021250258313234637,0.05465851605108443,-24.17392308310351,0.08718302062125775,16.646496398762938,0.7441817077775362,0.8561748069026744,-0.021250258313234637
6.541000000000519,2,1,1,2,0.0009185825442441778,4.94682599199192,4.8568023681373695,5.0,0.5539413881832137,0.0700091713334942,0.4362733505965394,-0.043547287381374894,-0.0032464737861322944,-0.00012871522720705404,0.5501003024439347,0.0696199239328963,0.003860758111480784,0.9669539926040361,0.125564999999992,0.125564999999992,1.0,-0.062489410305482544,-0.06792417761696415,0.0,0.0,-0.022626676041188513,-0.062489410305482544,0.0,-0.0,0.0,-0.2025062144887683,-0.2026502036800545,-0.14761533255400677,-0.14751963871928928,-0.19449160960933934,-0.09261533255400706,0.10550839039065939,-0.0501215470427742,0.01048696485869987,0.15810229741270654,0.14211825707358727,3.054933721745071e-05,0,0,0,0,0,inf,inf,0,0,0.0,1.4460768137228226,0.06240230341016696,0.011816174635278561,0.06382063544587648,-1.6257231862771775,-0.0007704518544149439,1.6206379668591917,-0.6590417356530488,0.002616683540876264,-0.14542911348718646,-0.004413502593155264,-0.17786533885275876,0.008530268278811795,0.033670812030205235,-2.1764722772883502e-05,0.052257958970106384,-24.124845350299655,0.08151120662431413,16.63919512321005,0.7492600622323636,0.8493872740836181,-0.019029434994592257,0.052257958970106384,-24.124845350299655,0.08151120662431413,16.63919512321005,0.7492600622323636,0.8493872740836181,-0.019029434994592257
6.551000000000522,2,1,1,2,0.000918038220403066,4.948951636426418,4.863013563665801,5.0,0.5535074947898239,0.06997456769591691,0.4362727198024158,-0.043388794060935376,-0.0035461979819633896,-7.188878639791211e-05,0.5496731604926339,0.0695789488224704,0.0038546898442850253,0.9661042565020928,0.1258649999999921,0.1258649999999921,1.0,-0.0722527156108453,-0.07265144239695845,0.0,0.0,-0.03170992860719525,-0.0722527156108453,0.0,-0.0,0.0,-0.20319062614466024,-0.20333533257461223,-0.14761533255400677,-0.14751963871928928,-0.19477452475724494,-0.09261533255400706,0.10522547524275376,-0.050805958698666144,0.01048696485869987,0.15810229741270654,0.14211825707358727,3.283590559966751e-05,0,0,0,0,0,inf,inf,0,0,0.0,1.444299574443373,0.06242647012376527,0.010361921720968295,0.06377700381250462,-1.627500425556627,-0.0006906574481504656,1.6209787945976062,-0.6590462468722597,0.002239604989503723,-0.14546402003519004,-0.004337821347785882,-0.17772018930959413,0.007991249126440104,0.03409797473514984,-0.000656034362116279,0.04616945261905108,-24.080719484730523,0.0720891124327426,16.64049321500974,0.7445759341965639,0.8515753201986268,-0.01939329160823132,0.04616945261905108,-24.080719484730523,0.0720891124327426,16.64049321500974,0.7445759341965639,0.8515753201986268,-0.01939329160823132
6.561000000000526,2,1,1,2,0.0009175227022517876,4.954471912446119,4.867692723011197,5.0,0.5530737348230523,0.0699380517317027,0.4362720786013214,-0.043421210319874705,-0.003703491975620246,-9.556585195175003e-05,0.549246537423828,0.06953584014728102,0.0038482741704915506,0.9651691024803856,0.12616499999999217,0.12616499999999217,1.0,-0.07207600604713173,-0.07248241449171555,0.0,0.0,-0.03121499485854745,-0.07207600604713173,0.0,-0.0,0.0,-0.2038630381235595,-0.20400815067297243,-0.14761533255400677,-0.14751963871928928,-0.1950442890590764,-0.09261533255400706,0.10495571094092233,-0.05147837067756543,0.01048696485869987,0.15810229741270654,0.14211825707358727,3.3744146047541446e-05,0,0,0,0,0,inf,inf,0,0,0.0,1.4425228374469137,0.06244669434059504,0.008906957961433145,0.06373386547268856,-1.6292771625530864,-0.0006105476372750474,1.621319924220172,-0.659054673921534,0.0018432654337886775,-0.1455478728623533,-0.004295076232595287,-0.17771248181787788,0.008190318963121793,0.03401321588689655,-0.0010019313600651825,0.04011538991941014,-24.036495535744823,0.06269559040646223,16.641922058923615,0.7391539514682992,0.854122587044319,-0.02032477077493366,0.04011538991941014,-24.036495535744823,0.06269559040646223,16.641922058923615,0.7391539514682992,0.854122587044319,-0.02032477077493366
6.571000000000529,2,1,1,2,0.0009172175752290282,4.958814899520167,4.872695435542734,5.0,0.5526405311178836,0.06989933358719541,0.43627160811607824,-0.04347112165580699,-0.0038422325223128094,-0.00012200617155287443,0.5488204595536376,0.06949060056647427,0.003841875770790729,0.9640784503214712,0.12646499999999228,0.12646499999999228,1.0,-0.07266337799526328,-0.07268572392130457,0.0,0.0,-0.03135961885562505,-0.07266337799526328,0.0,-0.0,0.0,-0.20453389352907286,-0.20467935576422483,-0.14761533255400677,-0.14751963871928928,-0.19531120357851886,-0.09261533255400706,0.10468879642147984,-0.05214922608307881,0.01048696485869987,0.15810229741270654,0.14211825707358727,2.3104871405409396e-05,0,0,0,0,0,inf,inf,0,0,0.0,1.4407470672349976,0.06246307320305243,0.007451496084986252,0.0636912304609408,-1.6310529327650025,-0.000531662716724097,1.6216623285794975,-0.6590674498854903,0.001446675822217185,-0.14562170299468533,-0.004264880594565158,-0.1776851511355981,0.008493579621580448,0.03385266129108513,-0.001263592965016733,0.03427691893491407,-23.99282197690329,0.053512812714779395,16.644210005109834,0.7321940926622226,0.8576186217850698,-0.02238762738178502,0.03427691893491407,-23.99282197690329,0.053512812714779395,16.644210005109834,0.7321940926622226,0.8576186217850698,-0.02238762738178502
6.581000000000532,2,1,1,2,0.0009167194104652545,4.965087440725302,4.8771455383545055,5.0,0.5522070146543464,0.06985907097698604,0.43627090858213274,-0.04348651685108996,-0.004005909565331457,-0.00014354326844459546,0.5483949531645526,0.06944323287064062,0.0038346752317058416,0.9629913998215319,0.12676499999999238,0.12676499999999238,1.0,-0.07246952519588794,-0.07250029398936249,0.0,0.0,-0.030854319132374998,-0.07246952519588794,0.0,-0.0,0.0,-0.2052038683058006,-0.2053497680885064,-0.14761533255400677,-0.14751963871928928,-0.19557445268168844,-0.09261533255400706,0.1044255473183103,-0.05281920085980652,0.01048696485869987,0.15810229741270654,0.14211825707358727,2.2217254275466735e-05,0,0,0,0,0,inf,inf,0,0,0.0,1.4389716067485288,0.06247555551287871,0.005995347230218136,0.06364893705210689,-1.6328283932514713,-0.00045066882098493546,1.62200369100993,-0.6590835134428681,0.0010624024478185317,-0.14568387272934444,-0.004228880193231281,-0.17765229906764704,0.008645908444928232,0.033798626302431745,-0.0016281026774603365,0.027856214471294622,-23.94815199787124,0.04374793826463064,16.645262418852692,0.7271928591535186,0.8597138636536518,-0.023003651648752114,0.027856214471294622,-23.94815199787124,0.04374793826463064,16.645262418852692,0.7271928591535186,0.8597138636536518,-0.023003651648752114
6.591000000000536,2,1,1,2,0.0009164689805981887,4.98380438548349,4.8818191160091535,5.0,0.5517742241096462,0.06981650812348819,0.4362704192604929,-0.043524661754701204,-0.004145813132602191,-0.00016884418980708482,0.5479700445038114,0.06939373998164267,0.003827599165953621,0.9617289216409544,0.1270649999999925,0.1270649999999925,1.0,-0.06236582369816391,-0.06735975148257553,0.0,0.0,-0.021551708647508817,-0.06236582369816391,0.0,-0.0,0.0,-0.20587131206506384,-0.20601796761467023,-0.14761533255400677,-0.14751963871928928,-0.1958340748385088,-0.09261533255400706,0.10416592516148993,-0.05348664461906978,0.01048696485869987,0.15810229741270654,0.14211825707358727,2.906685727997608e-05,0,0,0,0,0,inf,inf,0,0,0.0,1.437197392208294,0.062484305003439204,0.0045389039397643865,0.06360708040143676,-1.6346026077917062,-0.00037148199884690005,1.6223465996207982,-0.6591041178836406,0.0006751667687614781,-0.14573525276332683,-0.004209016158655416,-0.1775977775426485,0.008938084426654112,0.03364986795216435,-0.0018745150910678494,0.025052011835739497,-23.898740772659636,0.03761177648036601,16.63842861237614,0.7313817952172321,0.8537311738296218,-0.02146527701235586,0.025052011835739497,-23.898740772659636,0.03761177648036601,16.63842861237614,0.7313817952172321,0.8537311738296218,-0.02146527701235586
6.601000000000539,2,1,1,2,0.0009161265174547897,4.98591247278487,4.888439272301162,5.0,0.551341392247346,0.06977224281382763,0.4362698017497575,-0.043354103152633654,-0.004450470181273468,-0.0001040852550846888,0.5475457597817817,0.06934212495243491,0.0038199250239154187,0.9604333088117063,0.1273649999999926,0.1273649999999926,1.0,-0.07195941968192347,-0.07197993440403364,0.0,0.0,-0.03005155278869116,-0.07195941968192347,0.0,-0.0,0.0,-0.20654807191238492,-0.20669546603186786,-0.14761533255400677,-0.14751963871928928,-0.1960992987092406,-0.09261533255400706,0.10390070129075811,-0.05416340446639086,0.01048696485869987,0.15810229741270654,0.14211825707358727,2.3987900991400316e-05,0,0,0,0,0,inf,inf,0,0,0.0,1.4354239411866503,0.0624892653160917,0.0030820433841890734,0.06356548589907075,-1.6363760588133498,-0.0002910036564424132,1.6226889224508536,-0.659128151403882,0.00031931185235941755,-0.145723054052313,-0.004158456353640039,-0.17737213548381958,0.008374670528423339,0.03403483288875384,-0.0024726228824155155,0.0184976817385718,-23.8542693646722,0.027699737021896993,16.63978934745902,0.7263706005789456,0.8558652345115715,-0.02214555505055259,0.0184976817385718,-23.8542693646722,0.027699737021896993,16.63978934745902,0.7263706005789456,0.8558652345115715,-0.02214555505055259
6.611000000000542,2,1,1,2,0.0009157847896885387,5.002062302187362,4.894853775439121,5.0,0.5509087767442135,0.06972609804750436,0.4362691492335127,-0.04317428694950678,-0.004762093767937847,-3.66611586777561e-05,0.5471221251703438,0.06928839096687552,0.00381186537410787,0.959064668527238,0.12766499999999267,0.12766499999999267,1.0,-0.07088182843967439,-0.07126544224973005,0.0,0.0,-0.029119763262282612,-0.07088182843967439,0.0,-0.0,0.0,-0.2072224060451389,-0.20737094237427475,-0.14761533255400677,-0.14751963871928928,-0.19636002612149658,-0.09261533255400706,0.10363997387850211,-0.054837738599144877,0.01048696485869987,0.15810229741270654,0.14211825707358727,3.121053443997362e-05,0,0,0,0,0,inf,inf,0,0,0.0,1.4336515450222957,0.06249050555747806,0.0016249302576953866,0.06352413846602253,-1.6381484549777043,-0.00021015624139487747,1.623031229664134,-0.6591559740551554,-3.1967853357439455e-05,-0.14570035112064864,-0.004111108748442315,-0.1771309909952791,0.00777591184127138,0.03443383509105689,-0.0030844196565337745,0.015017913050249486,-23.80409271719508,0.020856382792579224,16.63197619071997,0.7329856105751631,0.8484961313536737,-0.018865283725484017,0.015017913050249486,-23.80409271719508,0.020856382792579224,16.63197619071997,0.7329856105751631,0.8484961313536737,-0.018865283725484017
6.621000000000546,2,1,1,2,0.0009154484343303617,5.008169952059303,4.899353137960362,5.0,0.5504764246239428,0.06967806848173433,0.4362684657100641,-0.043174729722659594,-0.004930284426697448,-5.5079252680236786e-05,0.5466991668012758,0.0692325413395298,0.00380344200604391,0.9576209734869782,0.12796499999999278,0.12796499999999278,1.0,-0.07065748197813074,-0.07104645456647848,0.0,0.0,-0.028589018573109685,-0.07065748197813074,0.0,-0.0,0.0,-0.2078860381872634,-0.20803502723571288,-0.14761533255400677,-0.14751963871928928,-0.19660893454527445,-0.09261533255400706,0.10339106545472423,-0.05550137074126938,0.01048696485869987,0.15810229741270654,0.14211825707358727,3.19084368957213e-05,0,0,0,0,0,inf,inf,0,0,0.0,1.4318803486147458,0.06248806077711207,0.00016768093302487055,0.06348298030441872,-1.6399196513852543,-0.0001289499641805915,1.6233735275810794,-0.6591875041703613,-0.0004009095334343721,-0.14571973435534344,-0.004096832766660764,-0.17703855823378897,0.007911196394934625,0.03436718028924513,-0.0034362787790059705,0.00838235292156752,-23.759156063642106,0.010847808264270294,16.633079251442076,0.7279359178059752,0.8506096991598535,-0.01962906769808214,0.00838235292156752,-23.759156063642106,0.010847808264270294,16.633079251442076,0.7279359178059752,0.8506096991598535,-0.01962906769808214
6.631000000000549,2,1,1,1,0.0009153193551869878,4.850982891866151,4.906217177293635,5.0,0.5500448362641701,0.06962775710147028,0.43626795563827225,-0.043005718039848595,-0.0052303619869048905,1.2577071204197586e-05,0.5462769107646426,0.06917457951546585,0.0037950800379500074,0.956018882836235,0.12826499999999288,0.12826499999999288,1.0,-0.07031172152495711,-0.06578436197852995,0.0,0.0,-0.02827697879429832,-0.07031172152495711,0.0,-0.0,0.0,-0.20855647291076368,-0.2087016642986027,-0.14761533255400677,-0.14751963871928928,-0.19686208517139886,-0.09261533255400706,0.1031379148285998,-0.05617180546476967,0.01048696485869987,0.15810229741270654,0.14211825707358727,2.9225372377003163e-05,0,0,0,0,0,inf,inf,0,0,0.0,1.4301108228980737,0.0624820272878526,-0.001289491053425795,0.06344204374377274,-1.6416891771019264,-4.9413845212087015e-05,1.6237170187964303,-0.6592235251152676,-0.0007511821825057043,-0.1456763296071368,-0.004067686448435477,-0.176759661467961,0.007394474008022848,0.034692593202232835,-0.0039655412034599056,0.005307293068295058,-23.70940326351694,0.00438159402678689,16.626018930960583,0.7333439170813669,0.8440794834872737,-0.017474815027399074,0.005307293068295058,-23.70940326351694,0.00438159402678689,16.626018930960583,0.7333439170813669,0.8440794834872737,-0.017474815027399074
6.6410000000005525,2,1,1,1,0.0009151387691932735,4.870033104830226,4.910670282286985,5.0,0.5496134941507482,0.0695756038747478,0.43626735906887804,-0.04301114298138851,-0.005389394315826276,-6.320245613549241e-06,0.5458553831071853,0.06911450907004202,0.0037862919901503096,0.9543571150864542,0.128564999999993,0.128564999999993,1.0,-0.060988372050803756,-0.06092607441055864,0.0,0.0,-0.01998752545935324,-0.060988372050803756,0.0,-0.0,0.0,-0.20921606301864037,-0.20936198914329474,-0.14761533255400677,-0.14751963871928928,-0.1971032923936239,-0.09261533255400706,0.10289670760637475,-0.05683139557264636,0.01048696485869987,0.15810229741270654,0.14211825707358727,1.2514237403484916e-05,0,0,0,0,0,inf,inf,0,0,0.0,1.4283426250127518,0.062472370654250965,-0.0027466240415601954,0.06340118204784663,-1.6434573749872483,3.0730301182632517e-05,1.6240602773453945,-0.6592631836170352,-0.0011178940556699245,-0.14567344588287337,-0.004070729705420446,-0.17663312226513758,0.007595581005398124,0.0345750696326334,-0.004249752744244174,0.0022457835561424805,-23.659178718428073,-0.0020894553214680367,16.61859724298242,0.7388032801125644,0.8374832743189838,-0.015345751934550034,0.0022457835561424805,-23.659178718428073,-0.0020894553214680367,16.61859724298242,0.7388032801125644,0.8374832743189838,-0.015345751934550034
6.651000000000556,2,1,1,1,0.0009148184326163425,4.869076998420944,4.915102108136725,5.0,0.5491822609824164,0.0695217510082738,0.43626658706861143,-0.042991318973974894,-0.005567763207446147,-2.158483313328047e-05,0.5454346098307153,0.06905233370868633,0.0037769354979928205,0.9526669816489184,0.1288649999999931,0.1288649999999931,1.0,-0.0609651970141982,-0.06090465966096713,0.0,0.0,-0.019741091810577586,-0.0609651970141982,0.0,-0.0,0.0,-0.20987474267329195,-0.2100212622800887,-0.14761533255400677,-0.14751963871928928,-0.19734077727505414,-0.09261533255400706,0.10265922272494454,-0.057490075227297904,0.01048696485869987,0.15810229741270654,0.14211825707358727,1.2989204735513923e-05,0,0,0,0,0,inf,inf,0,0,0.0,1.4265757315067913,0.06245910373222268,-0.004203646212378883,0.06336031116705122,-1.6452242684932088,0.00011222078359904955,1.62440284767189,-0.6593062430251206,-0.0014758183892631673,-0.14565767482464112,-0.004071149338475122,-0.1764962964137624,0.00768566591457198,0.034528145198459086,-0.004617594638368672,-0.004445518469199029,-23.613873389410717,-0.012180195190070214,16.619430243437183,0.7342763239734365,0.8392876423818704,-0.01591715083647762,-0.004445518469199029,-23.613873389410717,-0.012180195190070214,16.619430243437183,0.7342763239734365,0.8392876423818704,-0.01591715083647762
6.661000000000559,2,1,1,1,0.0009145408183557626,4.851195190793288,4.917136651840002,5.0,0.5487515244302958,0.06946589992199183,0.43626582282857473,-0.043149122091192295,-0.005592298078243702,-0.0001293465179812565,0.5450146168905106,0.06898805726666793,0.0037673348091390945,0.9508861960099598,0.12916499999999317,0.12916499999999317,1.0,-0.06165940378887421,-0.06144503123545367,0.0,0.0,-0.01976316361626199,-0.06165940378887421,0.0,-0.0,0.0,-0.21052349393500228,-0.21067004000554831,-0.14761533255400677,-0.14751963871928928,-0.19756769179937217,-0.09261533255400706,0.10243230820062652,-0.05813882648900827,0.01048696485869987,0.15810229741270654,0.14211825707358727,3.0872033704434445e-05,0,0,0,0,0,inf,inf,0,0,0.0,1.4248106364521071,0.06244229032020863,-0.005660343423096564,0.06331942280331757,-1.646989363547893,0.00019360990571409262,1.6247455428667086,-0.6593531218916172,-0.001850941069459613,-0.14567733931039137,-0.0041073464313415185,-0.17651778649465968,0.008552989540402196,0.0340353432614192,-0.004714190371219611,-0.014348108893086655,-23.573916601541217,-0.025436230869448948,16.62922524892194,0.717412039953428,0.8505780891856235,-0.02078414909888928,-0.014348108893086655,-23.573916601541217,-0.025436230869448948,16.62922524892194,0.717412039953428,0.8505780891856235,-0.02078414909888928
6.6710000000005625,2,1,1,1,0.0009144040335695982,4.8493960761146,4.921561886104941,5.0,0.5483215255119218,0.06940786895828079,0.43626516578331737,-0.04313139715132336,-0.005759610795653182,-0.00014791886359324398,0.5445954301937137,0.06892168370886054,0.0037576804570274777,0.9489785932758416,0.12946499999999328,0.12946499999999328,1.0,-0.06163728915627975,-0.061429098740931144,0.0,0.0,-0.01952033947474809,-0.06163728915627975,0.0,-0.0,0.0,-0.21117856891882678,-0.21132569377364432,-0.14761533255400677,-0.14751963871928928,-0.19779802436200816,-0.09261533255400706,0.10220197563799048,-0.05879390147283276,0.01048696485869987,0.15810229741270654,0.14211825707358727,3.0072377060707736e-05,0,0,0,0,0,inf,inf,0,0,0.0,1.4230476597904527,0.062421984730362715,-0.00711654824619451,0.0632785013351598,-1.6487523402095474,0.0002739973134758246,1.6250888444942517,-0.6594042021452651,-0.0022055870883596093,-0.14563628025216796,-0.0041236989751110035,-0.17635203343261038,0.008709623020965607,0.03395199917483594,-0.0050412193115700185,-0.020957148429516882,-23.52888636866675,-0.035435366729478744,16.63047813254579,0.7118968428268566,0.8528008550828151,-0.02197612604960001,-0.020957148429516882,-23.52888636866675,-0.035435366729478744,16.63047813254579,0.7118968428268566,0.8528008550828151,-0.02197612604960001
6.681000000000566,2,1,1,2,0.0009140626187106584,5.054905547115196,4.928387043635243,5.0,0.5478916974531766,0.06934814961232674,0.436264270276748,-0.04290943916683939,-0.006105180574257109,-6.72525303502098e-05,0.544177075597735,0.06885321712949785,0.0037474489578222967,0.9470516864060912,0.12976499999999339,0.12976499999999339,1.0,-0.06980807133213127,-0.06982838239379047,0.0,0.0,-0.026178826733856,-0.06980807133213127,0.0,-0.0,0.0,-0.21184124955571398,-0.21199374086142425,-0.14761533255400677,-0.14751963871928928,-0.19803151385649426,-0.09261533255400706,0.10196848614350446,-0.059456582109720005,0.01048696485869987,0.15810229741270654,0.14211825707358727,2.584701896527293e-05,0,0,0,0,0,inf,inf,0,0,0.0,1.4212862338617642,0.06239816861507202,-0.008572330483273365,0.06323742085029767,-1.6505137661382359,0.00035580145261380103,1.6254313591288512,-0.659458882368282,-0.0025327815865430533,-0.1455380841249698,-0.004107299676778266,-0.1759981202071233,0.007965207833488789,0.03436823001528772,-0.005710817177900368,-0.027909689482296038,-23.483302601692483,-0.04579676919169246,16.630769909236545,0.7087541004132917,0.853566117929851,-0.021659513073103265,-0.027909689482296038,-23.483302601692483,-0.04579676919169246,16.630769909236545,0.7087541004132917,0.853566117929851,-0.021659513073103265
6.691000000000569,2,1,1,1,0.0009139698014392341,4.864166751035925,4.932654084167156,5.0,0.5474628741624239,0.06928605705650838,0.4362635912710865,-0.04288631885355628,-0.0062730244017549525,-8.470303018863324e-05,0.5437595789086563,0.06878266175192099,0.0037373523474858437,0.9449638298602627,0.1300649999999935,0.1300649999999935,1.0,-0.061181898784199,-0.06096328061883778,0.0,0.0,-0.01890116312157257,-0.061181898784199,0.0,-0.0,0.0,-0.21249214379951986,-0.2126410645383997,-0.14761533255400677,-0.14751963871928928,-0.198253613481,-0.09261533255400706,0.10174638651899869,-0.06010747635352584,0.01048696485869987,0.15810229741270654,0.14211825707358727,3.272626823055841e-05,0,0,0,0,0,inf,inf,0,0,0.0,1.4195274078278477,0.06237093232235156,-0.010027343443960071,0.0631962278534676,-1.6522725921721524,0.0004357277697535059,1.625774876236732,-0.6595179741899511,-0.0028833979279641524,-0.14547404838699768,-0.0041361812617305245,-0.1758007867622691,0.008131948733604769,0.03426942827671166,-0.006014081494784819,-0.030915943636738486,-23.432807625609087,-0.052265622504733295,16.623336022725738,0.7146854936396387,0.8470023830442612,-0.01941751311243856,-0.030915943636738486,-23.432807625609087,-0.052265622504733295,16.623336022725738,0.7146854936396387,0.8470023830442612,-0.01941751311243856
6.7010000000005725,2,1,1,2,0.0009135773610743627,5.073249446012076,4.933939432255852,5.0,0.5470341061383542,0.06922245231488959,0.43626257555403525,-0.04299794318800583,-0.006316641992158478,-0.00019183045689117633,0.5433429658796403,0.06871002192831799,0.0037265401259856308,0.9428916726775124,0.1303649999999936,0.1303649999999936,1.0,-0.06151536594996002,-0.06550552259109567,0.0,0.0,-0.018743911754027936,-0.06151536594996002,0.0,-0.0,0.0,-0.2131350629057018,-0.21328826979533122,-0.14761533255400677,-0.14751963871928928,-0.19846604005829566,-0.09261533255400706,0.10153395994170307,-0.060750395459707805,0.01048696485869987,0.15810229741270654,0.14211825707358727,2.8845172808650116e-05,0,0,0,0,0,inf,inf,0,0,0.0,1.4177702540513522,0.06234021058256526,-0.011481729413915086,0.06315471921540665,-1.654029745948648,0.0005180390579373017,1.6261170741960949,-0.6595801853543595,-0.003239888568264835,-0.145438484918213,-0.004186394410995278,-0.17577455416550825,0.00888906959742051,0.03387698020602551,-0.006187247506936587,-0.041200358054153105,-23.391957773401963,-0.06588804485945156,16.631872162869357,0.6992016729666943,0.8567704642902122,-0.02326941544942194,-0.041200358054153105,-23.391957773401963,-0.06588804485945156,16.631872162869357,0.6992016729666943,0.8567704642902122,-0.02326941544942194
6.711000000000576,2,1,1,2,0.0009134480383451707,5.080045167798829,4.9382381719379,5.0,0.5466064471913364,0.06915642748638212,0.4362617920189778,-0.042955825413341364,-0.006492967308882209,-0.000208613295798241,0.5429272622093406,0.06863530213945533,0.003715908201093395,0.9406538960932344,0.13066499999999368,0.13066499999999368,1.0,-0.06147889404236582,-0.06535659600688026,0.0,0.0,-0.0184946246693267,-0.06147889404236582,0.0,-0.0,0.0,-0.21378299237105483,-0.2139366933676574,-0.14761533255400677,-0.14751963871928928,-0.19868073134590217,-0.09261533255400706,0.10131926865409656,-0.061398324925060886,0.01048696485869987,0.15810229741270654,0.14211825707358727,2.8217419871122358e-05,0,0,0,0,0,inf,inf,0,0,0.0,1.4160160056297786,0.062306129134289005,-0.012935106147392085,0.06311300629921082,-1.6557839943702215,0.0005982785790201666,1.6264602907779528,-0.6596469393199336,-0.0035818002966671873,-0.14534800794733685,-0.004221924545891993,-0.17555146354446954,0.009007114559187825,0.03381258437498154,-0.006533916776313074,-0.04781308022149023,-23.34663533185449,-0.07590024953062642,16.63277092346018,0.6941340987783453,0.8585270529233656,-0.024245104112132813,-0.04781308022149023,-23.34663533185449,-0.07590024953062642,16.63277092346018,0.6941340987783453,0.8585270529233656,-0.024245104112132813
6.721000000000579,2,1,1,2,0.0009132121320677136,5.087474622037211,4.942383394595313,5.0,0.5461792805497844,0.0690885524328191,0.4362608679316573,-0.04289755737211361,-0.006681993783943439,-0.00022276593831840156,0.5425124935403182,0.06855850699440158,0.0037048988028794217,0.9383677876792056,0.13096499999999378,0.13096499999999378,1.0,-0.061430983638370844,-0.06520411147214591,0.0,0.0,-0.0182345221983967,-0.061430983638370844,0.0,-0.0,0.0,-0.21442933475644227,-0.21458356752127522,-0.14761533255400677,-0.14751963871928928,-0.1988913550431694,-0.09261533255400706,0.10110864495682935,-0.06204466731044835,0.01048696485869987,0.15810229741270654,0.14211825707358727,2.7861506141477745e-05,0,0,0,0,0,inf,inf,0,0,0.0,1.414264080348881,0.06226865792315699,-0.014387527450677416,0.06307094130325092,-1.657535919651119,0.0006792571236526816,1.6268029895885743,-0.6597174366331541,-0.003917772094113781,-0.14524524382424117,-0.004257696089300428,-0.17531554782212821,0.009055668888525947,0.03378642275143139,-0.00692436435916493,-0.05456075906657526,-23.300941796340805,-0.08605753998134416,16.633165078459445,0.6900070671842196,0.8597076240548042,-0.024611433185815962,-0.05456075906657526,-23.300941796340805,-0.08605753998134416,16.633165078459445,0.6900070671842196,0.8597076240548042,-0.024611433185815962
6.7310000000005825,2,1,1,1,0.0009133498837549372,4.8612089875406905,4.950068936158576,5.0,0.5457534630506151,0.06901806863006194,0.4362602897222181,-0.042703566250987264,-0.006995524452999714,-0.0001452164088580102,0.5420986854574579,0.06847964123024296,0.0036942256726302035,0.9358868790593179,0.1312649999999939,0.1312649999999939,1.0,-0.0609989967650659,-0.06079998192899429,0.0,0.0,-0.017883022263609404,-0.0609989967650659,0.0,-0.0,0.0,-0.21507945776957302,-0.2152308473068632,-0.14761533255400677,-0.14751963871928928,-0.19910314261925813,-0.09261533255400706,0.10089685738074067,-0.06269479032357907,0.01048696485869987,0.15810229741270654,0.14211825707358727,3.0493571182182248e-05,0,0,0,0,0,inf,inf,0,0,0.0,1.4125155560270164,0.062227895519919516,-0.01583867085337009,0.06302860660898349,-1.6592844439729837,0.0007572949327217957,1.6271469960067693,-0.6597927538899646,-0.004244185801497455,-0.14509320086790634,-0.004283062530825852,-0.1748749295979678,0.008524141592252102,0.03402131634753583,-0.007438834823489317,-0.057310868183029516,-23.251254284799046,-0.09230102758020121,16.626670596417966,0.695520715074127,0.8537527634120285,-0.022789803545514284,-0.057310868183029516,-23.251254284799046,-0.09230102758020121,16.626670596417966,0.695520715074127,0.8537527634120285,-0.022789803545514284
6.741000000000586,2,1,1,1,0.0009131982935894059,4.875955868648836,4.957524681466046,5.0,0.5453279183308193,0.06894599422923228,0.4362593867555692,-0.04247654743218475,-0.007340183381932195,-5.984399896425356e-05,0.5416858634863918,0.06839870971179135,0.0036829449945455627,0.9334110802701124,0.131564999999994,0.131564999999994,1.0,-0.06051938373104481,-0.06030566930184709,0.0,0.0,-0.017489999077245303,-0.06051938373104481,0.0,-0.0,0.0,-0.2157282742921349,-0.21588083399949445,-0.14761533255400677,-0.14751963871928928,-0.19931045923068727,-0.09261533255400706,0.10068954076931148,-0.06334360684614096,0.01048696485869987,0.15810229741270654,0.14211825707358727,3.3801928288951536e-05,0,0,0,0,0,inf,inf,0,0,0.0,1.4107692692091276,0.062183777675160666,-0.01728869780776322,0.06298578298812789,-1.6610307307908725,0.0008373433426843302,1.627489787880939,-0.6598715004308378,-0.004560443403436058,-0.14492920140483584,-0.004300491898747695,-0.17442048898242404,0.007818996030818703,0.03434757004958336,-0.00806148288342901,-0.06041603841962625,-23.200674721451154,-0.09894363607878764,16.61895646001343,0.7034222236572957,0.846447629095415,-0.019423683883605367,-0.06041603841962625,-23.200674721451154,-0.09894363607878764,16.61895646001343,0.7034222236572957,0.846447629095415,-0.019423683883605367
6.751000000000589,2,1,1,2,0.0009128324708598526,5.115025750241969,4.958322461509478,5.0,0.5449027489168365,0.06887227116796887,0.4362582327403379,-0.0425601544841736,-0.0073884497919191475,-0.0001693763398173711,0.5412740530919234,0.068315717431284,0.0036711286345699782,0.9309292249800584,0.1318649999999941,0.1318649999999941,1.0,-0.060873699301782755,-0.06442305245049254,0.0,0.0,-0.017350070407249864,-0.060873699301782755,0.0,-0.0,0.0,-0.21636238983123274,-0.21651883003773062,-0.14761533255400677,-0.14751963871928928,-0.19950407037185994,-0.09261533255400706,0.10049592962813883,-0.06397772238523879,0.01048696485869987,0.15810229741270654,0.14211825707358727,3.0048667500524585e-05,0,0,0,0,0,inf,inf,0,0,0.0,1.4090255454382121,0.0621363195259552,-0.018737455197958962,0.06294240451394514,-1.662774454561788,0.0009192244673649877,1.6278313924441792,-0.6599534930004525,-0.004900026013643831,-0.14482994103260366,-0.004373914619760526,-0.17433074140868723,0.008550533836969272,0.03397840409478138,-0.008262948711257124,-0.07081621932198223,-23.15965707245871,-0.11265604123641992,16.627151899384288,0.6881944034877588,0.8557057135182713,-0.022977850065265246,-0.07081621932198223,-23.15965707245871,-0.11265604123641992,16.627151899384288,0.6881944034877588,0.8557057135182713,-0.022977850065265246
6.7610000000005925,2,1,1,1,0.0009128594518416347,4.870095241377008,4.969517750850831,5.0,0.5444790652064267,0.06879586292432846,0.43625744752249757,-0.042175125299247745,-0.007882751286165645,1.572155141577386e-05,0.540863279676458,0.06823066950807573,0.003659692418292417,0.9282483935319588,0.13216499999999418,0.13216499999999418,1.0,-0.06660304954838768,-0.06329874356579746,0.0,0.0,-0.021588893225063983,-0.06660304954838768,0.0,-0.0,0.0,-0.21701356240899755,-0.21716780523871554,-0.14761533255400677,-0.14751963871928928,-0.19970816031446065,-0.09261533255400706,0.10029183968553815,-0.06462889496300363,0.01048696485869987,0.15810229741270654,0.14211825707358727,2.837659332098235e-05,0,0,0,0,0,inf,inf,0,0,0.0,1.4072856522814836,0.06208566280607488,-0.02018459941009271,0.06289863942017444,-1.6645143477185165,0.0009978110104809303,1.6281742834073694,-0.6600405545828487,-0.005198917893806242,-0.14460796291361455,-0.004374063237380452,-0.1736547398149135,0.007126522150885558,0.03461893949113881,-0.00910622743915613,-0.07380624827510045,-23.109941086482433,-0.11919819444783315,16.620340537035915,0.695752630611415,0.8489137724378427,-0.019849208766229635,-0.07380624827510045,-23.109941086482433,-0.11919819444783315,16.620340537035915,0.695752630611415,0.8489137724378427,-0.019849208766229635
6.771000000000596,2,1,1,2,0.0009125843314540518,5.130401134851079,4.973760981623954,5.0,0.5440557473537652,0.06871788917379672,0.43625632333601255,-0.042094066291949596,-0.008084296502202852,5.9593962774090525e-06,0.5404535685784343,0.06814357118832302,0.0036476750236119917,0.9255770341221013,0.13246499999999428,0.13246499999999428,1.0,-0.06633366849999227,-0.06668365868807163,0.0,0.0,-0.02105925851093216,-0.06633366849999227,0.0,-0.0,0.0,-0.2176498446344424,-0.21780830377843602,-0.14761533255400677,-0.14751963871928928,-0.1998982562824657,-0.09261533255400706,0.10010174371753305,-0.06526517718844851,0.01048696485869987,0.15810229741270654,0.14211825707358727,2.8431198555685446e-05,0,0,0,0,0,inf,inf,0,0,0.0,1.4055483904198367,0.062031729158917345,-0.021630269226480356,0.06285423287217726,-1.6662516095801634,0.0010785659238425763,1.6285158448334336,-0.6601309323934699,-0.005519693210577032,-0.14444900844049677,-0.004429095061735911,-0.17334556740441665,0.007116964475210669,0.03458803159477337,-0.009527577724915196,-0.08050241557935091,-23.064156667418196,-0.12933273880872026,16.620542514942546,0.6923636682228239,0.8497964904790103,-0.01981974666395829,-0.08050241557935091,-23.064156667418196,-0.12933273880872026,16.620542514942546,0.6923636682228239,0.8497964904790103,-0.01981974666395829
6.781000000000599,2,1,1,2,0.0009122844471122485,5.132004554679023,4.9744130635703625,5.0,0.5436332459830231,0.06863796170945224,0.4362551402331173,-0.04217050701239431,-0.008128051161764715,-0.00010632578918198683,0.5400449450707631,0.06805442784466052,0.0036354387917120756,0.9228414057290589,0.1327649999999944,0.1327649999999944,1.0,-0.06626279503246159,-0.06663944071154806,0.0,0.0,-0.020317918141951413,-0.06626279503246159,0.0,-0.0,0.0,-0.21827812557710083,-0.21843651073915632,-0.14761533255400677,-0.14751963871928928,-0.20008046542948502,-0.09261533255400706,0.0999195345705137,-0.06589345813110688,0.01048696485869987,0.15810229741270654,0.14211825707358727,3.2211594842988614e-05,0,0,0,0,0,inf,inf,0,0,0.0,1.4038144676233488,0.06197457112097944,-0.0230742347306226,0.06280919671039077,-1.6679855323766513,0.0011596511193986002,1.6288569024938033,-0.6602250494993337,-0.0058508233460295,-0.1443136315165182,-0.004517666210953802,-0.17321798070224695,0.0078714753759591,0.0342014790984782,-0.009720597750185318,-0.0909168724393058,-23.02328869181259,-0.14302854493845243,16.62873066624009,0.6767846837888174,0.8589177260403594,-0.023482851950753586,-0.0909168724393058,-23.02328869181259,-0.14302854493845243,16.62873066624009,0.6767846837888174,0.8589177260403594,-0.023482851950753586
6.7910000000006026,2,1,1,2,0.00091228682133107,5.138496685513451,4.978694159027846,5.0,0.5432121597141235,0.06855549109191993,0.43625423561086873,-0.042105562075511395,-0.00830324294451248,-0.0001231597205887324,0.5396374343592668,0.06796324497586959,0.0036234537149841,0.9199399851476325,0.1330649999999945,0.1330649999999945,1.0,-0.06598536047664752,-0.06636469908893747,0.0,0.0,-0.019766923424040444,-0.06598536047664752,0.0,-0.0,0.0,-0.21890981549938637,-0.21906870362303296,-0.14761533255400677,-0.14751963871928928,-0.2002632406768294,-0.09261533255400706,0.09973675932316929,-0.06652514805339245,0.01048696485869987,0.15810229741270654,0.14211825707358727,3.2842200322268615e-05,0,0,0,0,0,inf,inf,0,0,0.0,1.4020846082853666,0.06191428307361089,-0.024516286827284964,0.06276362084828653,-1.6697153917146335,0.0012381414540608066,1.6291987308287381,-0.6603239954374854,-0.006171988071552223,-0.14413097854095389,-0.004591748132442525,-0.17288350875565603,0.008007199953782417,0.03409258406336834,-0.0100512567618855,-0.0972546845421006,-22.97829721797446,-0.15276251836405727,16.629891147971517,0.6713729252094294,0.8607948931472829,-0.02476532799218714,-0.0972546845421006,-22.97829721797446,-0.15276251836405727,16.629891147971517,0.6713729252094294,0.8607948931472829,-0.02476532799218714
6.801000000000606,2,1,1,2,0.0009121702621900643,5.145509117414571,4.982795185478073,5.0,0.5427918122626636,0.06847118487151477,0.43625317881484993,-0.042024584165687086,-0.008492043658328568,-0.0001375372092932958,0.539231061581126,0.06787002820653903,0.003611140367240696,0.9170015495006726,0.1333649999999946,0.1333649999999946,1.0,-0.06571923924008587,-0.06609940879419454,0.0,0.0,-0.019233799947600473,-0.06571923924008587,0.0,-0.0,0.0,-0.21953985554841554,-0.2196992817980563,-0.14761533255400677,-0.14751963871928928,-0.2004420853734604,-0.09261533255400706,0.09955791462653826,-0.0671551881024216,0.01048696485869987,0.15810229741270654,0.14211825707358727,3.3149066648755786e-05,0,0,0,0,0,inf,inf,0,0,0.0,1.400358155628089,0.06185082453671033,-0.02595645273642695,0.06271732018191976,-1.671441844371911,0.0013175001841084252,1.629539686092796,-0.6604266459157898,-0.00648606132563317,-0.14393677907105512,-0.004663711462802366,-0.17253796369407662,0.008062658014134626,0.034022736166728886,-0.01044252349113163,-0.10386669816208996,-22.93297336215725,-0.16278487892679444,16.63056325606545,0.6670541579738151,0.8621142571847922,-0.025211565100505727,-0.10386669816208996,-22.93297336215725,-0.16278487892679444,16.63056325606545,0.6670541579738151,0.8621142571847922,-0.025211565100505727
6.811000000000609,2,1,1,2,0.0009123200896778141,5.15668582530982,4.982829752153803,5.0,0.5423727867169356,0.06838449500287325,0.4362523613139693,-0.04211639976126355,-0.00849186160087168,-0.0002646544245658711,0.5388258518033276,0.06777478328671832,0.003598957579381474,0.9139277385311017,0.13366499999999468,0.13366499999999468,1.0,-0.060568178124267756,-0.0634664305222597,0.0,0.0,-0.015873755731556388,-0.060568178124267756,0.0,-0.0,0.0,-0.22016120364804478,-0.22032079470077404,-0.14761533255400677,-0.14751963871928928,-0.20061401716328753,-0.09261533255400706,0.09938598283671116,-0.06777653620205085,0.01048696485869987,0.15810229741270654,0.14211825707358727,2.7144764273884552e-05,0,0,0,0,0,inf,inf,0,0,0.0,1.3986360213220246,0.06178425678510067,-0.027394490085364223,0.06267034354846805,-1.6731639786779755,0.0013951226088351177,1.629880841671826,-0.6605336622406717,-0.0068157392735050904,-0.1437606729220582,-0.00478001086998837,-0.17238263364777545,0.009041760332694975,0.03355982070665907,-0.010503773898592186,-0.11016313709209247,-22.887902973500786,-0.17244416993312864,16.631850369403416,0.6602830105544354,0.8646195943478848,-0.027158100289824044,-0.11016313709209247,-22.887902973500786,-0.17244416993312864,16.631850369403416,0.6602830105544354,0.8646195943478848,-0.027158100289824044
6.821000000000613,2,1,1,1,0.0009122743789802537,4.867640332396026,4.994918142465317,5.0,0.5419545473989748,0.06829596286912198,0.4362513198485611,-0.04172203828914315,-0.009004624106104428,-6.777955162120298e-05,0.5384218300211197,0.06767751609156272,0.003586442316345384,0.9108213762550219,0.13396499999999478,0.13396499999999478,1.0,-0.06496280701506556,-0.06233385562678081,0.0,0.0,-0.018367846782061766,-0.06496280701506556,0.0,-0.0,0.0,-0.2207981006235587,-0.22095617855565008,-0.14761533255400677,-0.14751963871928928,-0.20079139440569646,-0.09261533255400706,0.0992086055943022,-0.06841343317756476,0.01048696485869987,0.15810229741270654,0.14211825707358727,3.0584497015036485e-05,0,0,0,0,0,inf,inf,0,0,0.0,1.3969173338958334,0.06171461211035242,-0.028830455962489863,0.06262260759045117,-1.6748826661041667,0.0014734082697445193,1.6302211802891025,-0.6606448066484107,-0.007099091331001283,-0.14348532928970717,-0.004798559891659473,-0.17161059431950013,0.0075386327440323244,0.03412521203289072,-0.011372494786110238,-0.11300196891002881,-22.838452156770046,-0.1788916972232191,16.62524028387755,0.668807626095437,0.8579110471488108,-0.023586075319876235,-0.11300196891002881,-22.838452156770046,-0.1788916972232191,16.62524028387755,0.668807626095437,0.8579110471488108,-0.023586075319876235
6.831000000000616,2,1,1,2,0.0009121932817270631,5.174789125517092,4.994529279180946,5.0,0.5415372510969257,0.06820549274407146,0.43625021101114636,-0.04179045427329416,-0.009023496212301097,-0.00019110317820779276,0.5380190211564685,0.06757823262097103,0.0035737091621957447,0.9076610424565928,0.1342649999999949,0.1342649999999949,1.0,-0.05998714720331785,-0.062780931036632,0.0,0.0,-0.015243964512204536,-0.05998714720331785,0.0,-0.0,0.0,-0.2214169029431968,-0.22157820436518724,-0.14761533255400677,-0.14751963871928928,-0.20095647332728278,-0.09261533255400706,0.09904352667271588,-0.06903223549720285,0.01048696485869987,0.15810229741270654,0.14211825707358727,2.991122303221353e-05,0,0,0,0,0,inf,inf,0,0,0.0,1.3952026085422369,0.061641884744302974,-0.03026417752302698,0.06257403929712578,-1.6765973914577632,0.0015520682433552708,1.630560751899783,-0.6607596377399385,-0.007418186603256958,-0.14328774660265012,-0.004915844951450817,-0.17143254416096795,0.008410851257616259,0.033712261384326786,-0.011490856354748284,-0.11936456244513513,-22.7929162127688,-0.18864221493856534,16.625841546163947,0.663547731363042,0.8596796188677237,-0.024680511163790386,-0.11936456244513513,-22.7929162127688,-0.18864221493856534,16.625841546163947,0.663547731363042,0.8596796188677237,-0.024680511163790386
6.841000000000619,2,1,1,1,0.0009121900490460513,4.88570567928352,5.002492958698754,5.0,0.5411211456066706,0.06811285252496962,0.436249153807051,-0.041551170129981434,-0.009368037278716948,-0.00010091957108732073,0.5376174500565225,0.06747693899921535,0.0035609364667689033,0.9044083238928198,0.134564999999995,0.134564999999995,1.0,-0.05924243434060395,-0.05915485174863791,0.0,0.0,-0.01482620091534375,-0.05924243434060395,0.0,-0.0,0.0,-0.2220437384247808,-0.22220320795296553,-0.14761533255400677,-0.14751963871928928,-0.20112299314576754,-0.09261533255400706,0.09887700685423113,-0.06965907097878685,0.01048696485869987,0.15810229741270654,0.14211825707358727,1.4778803135473877e-05,0,0,0,0,0,inf,inf,0,0,0.0,1.3934921625438124,0.06156614148123794,-0.03169551565465107,0.06252467013337698,-1.6783078374561877,0.0016298809715568619,1.630900051735022,-0.660878769204438,-0.007709495040959729,-0.14302207392527727,-0.004973589103985557,-0.1708362617839775,0.0077155383542425755,0.03392506908479804,-0.0121056457487523,-0.12218527754251338,-22.743251399360467,-0.19507360673760724,16.619187512177835,0.6712607958692796,0.8534538000155832,-0.021489785408510424,-0.12218527754251338,-22.743251399360467,-0.19507360673760724,16.619187512177835,0.6712607958692796,0.8534538000155832,-0.021489785408510424
6.851000000000623,2,1,1,2,0.0009121454767873896,5.182779238751618,5.006452781172192,5.0,0.5407060580142188,0.06801826538340232,0.4362480249091979,-0.04145992599969118,-0.009550081642958947,-0.00011828782465440908,0.5372171414920786,0.06737364147456343,0.003547968218897937,0.9011010842211803,0.1348649999999951,0.1348649999999951,1.0,-0.0647891416350584,-0.06484404579046515,0.0,0.0,-0.017332321286898957,-0.0647891416350584,0.0,-0.0,0.0,-0.22266422407050532,-0.22282690164241448,-0.14761533255400677,-0.14751963871928928,-0.2012837801523197,-0.09261533255400706,0.09871621984767895,-0.07027955662451141,0.01048696485869987,0.15810229741270654,0.14211825707358727,2.458275866068929e-05,0,0,0,0,0,inf,inf,0,0,0.0,1.3917859047964665,0.06148738678049429,-0.03312439365912833,0.062474410983835514,-1.6800140952035336,0.001707936908443105,1.6312385802502565,-0.6610017420904719,-0.008009072308963522,-0.1427740061638935,-0.005065352285756532,-0.17043314187423214,0.00779461372438394,0.033826252788904304,-0.0124865306571345,-0.13239821592750442,-22.703674824905715,-0.2084674348405789,16.62826679771687,0.6544790711226257,0.8627717050100485,-0.02579381964056425,-0.13239821592750442,-22.703674824905715,-0.2084674348405789,16.62826679771687,0.6544790711226257,0.8627717050100485,-0.02579381964056425
6.861000000000626,2,1,1,2,0.0009120599810020493,5.189518688267729,5.010076511085337,5.0,0.5402920506850701,0.0679216995503333,0.43624682658203295,-0.041362549533038334,-0.009734447335821177,-0.00013552563911696354,0.5368181201560546,0.06726834641889315,0.0035348357295338388,0.8977344695886502,0.13516499999999518,0.13516499999999518,1.0,-0.06452597949006512,-0.06458550084963594,0.0,0.0,-0.016814554180581677,-0.06452597949006512,0.0,-0.0,0.0,-0.22328261698002297,-0.223445847463448,-0.14761533255400677,-0.14751963871928928,-0.20144087510232422,-0.09261533255400706,0.0985591248976745,-0.07089794953402903,0.01048696485869987,0.15810229741270654,0.14211825707358727,2.4077273306549803e-05,0,0,0,0,0,inf,inf,0,0,0.0,1.3900839418652358,0.06140566529677168,-0.03455070385327847,0.062423247111142624,-1.6817160581347643,0.0017860067629561437,1.6315764202311889,-0.6611287468989694,-0.00830468611796388,-0.14251494901704617,-0.005159241138714316,-0.17001930306615062,0.007856494759666936,0.03373558792130497,-0.012874410579390653,-0.13892592430098982,-22.658774435104235,-0.2183826902198992,16.62916554861725,0.6499931647428543,0.8642291716346935,-0.026290746501386273,-0.13892592430098982,-22.658774435104235,-0.2183826902198992,16.62916554861725,0.6499931647428543,0.8642291716346935,-0.026290746501386273
6.871000000000629,2,1,1,1,0.0009121346319995996,4.883252184668961,5.013708352249907,5.0,0.5398794181678204,0.06782287169073324,0.4362457645825938,-0.04127513395968629,-0.00990236069225935,-0.00015720898729729382,0.5364204106619662,0.06716106032729953,0.0035217505883190165,0.8942614169987125,0.13546499999999528,0.13546499999999528,1.0,-0.059300714657067266,-0.059125551848481575,0.0,0.0,-0.01417637468912809,-0.059300714657067266,0.0,-0.0,0.0,-0.22389738960336064,-0.22405878379976205,-0.14761533255400677,-0.14751963871928928,-0.2015933983640288,-0.09261533255400706,0.0984066016359699,-0.07151272215736666,0.01048696485869987,0.15810229741270654,0.14211825707358727,3.137750508342042e-05,0,0,0,0,0,inf,inf,0,0,0.0,1.388386798754414,0.061321021343659375,-0.03597428839455116,0.062371195553447924,-1.683413201245586,0.001862729379156525,1.6319140424766496,-0.6612601117536028,-0.008600889476619673,-0.14224519041704614,-0.005262663673609752,-0.1695959694985371,0.00800515423990814,0.033603249488778776,-0.013205945800703098,-0.14150109580081388,-22.60915337553307,-0.22454778650290588,16.62277560772141,0.656411892296893,0.8588355704373882,-0.023929970809460032,-0.14150109580081388,-22.60915337553307,-0.22454778650290588,16.62277560772141,0.656411892296893,0.8588355704373882,-0.023929970809460032
6.881000000000633,2,1,1,2,0.0009120446725722478,5.202311586036416,5.017568707576477,5.0,0.5394677436694058,0.06772227788665515,0.43624450608656495,-0.041171313657561326,-0.010088489942646918,-0.00017486346865912034,0.5360240375424083,0.06705178981769408,0.003508370866903697,0.8907641920611203,0.1357649999999954,0.1357649999999954,1.0,-0.06400199402322553,-0.06407323609043425,0.0,0.0,-0.01577600323759349,-0.06400199402322553,0.0,-0.0,0.0,-0.22451146038274128,-0.22467574182960173,-0.14761533255400677,-0.14751963871928928,-0.20174282217872108,-0.09261533255400706,0.09825717782127756,-0.07212679293674733,0.01048696485869987,0.15810229741270654,0.14211825707358727,2.2437617419280082e-05,0,0,0,0,0,inf,inf,0,0,0.0,1.3866939584284288,0.061233454093631845,-0.03739511924427185,0.062318127931278416,-1.6851060415715713,0.0019404415717720839,1.6322505312120608,-0.6613951264005317,-0.008889745922711415,-0.1419652587810937,-0.005362652672242335,-0.1691599025527993,0.008052645109070593,0.03350846069442497,-0.013607614421544293,-0.1517749121551449,-22.569660027544046,-0.23796279682814733,16.631612718277378,0.6400027312933739,0.8677296448330979,-0.027901238638343803,-0.1517749121551449,-22.569660027544046,-0.23796279682814733,16.631612718277378,0.6400027312933739,0.8677296448330979,-0.027901238638343803
6.891000000000636,2,1,1,2,0.0009120148909551864,5.211336379690671,5.0258365286013005,5.0,0.53905735713439,0.06761953654750791,0.43624328543787805,-0.04092227778276255,-0.010439220659849409,-8.085334589544651e-05,0.5356290252475421,0.0669405416303965,0.003494923979694131,0.8871888982110048,0.1360649999999955,0.1360649999999955,1.0,-0.06289016357765598,-0.06323296152378258,0.0,0.0,-0.014970915720168058,-0.06289016357765598,0.0,-0.0,0.0,-0.2251266264754592,-0.22529203895574673,-0.14761533255400677,-0.14751963871928928,-0.2018892376813733,-0.09261533255400706,0.09811076231862534,-0.07274195902946523,0.01048696485869987,0.15810229741270654,0.14211825707358727,2.9737341908831996e-05,0,0,0,0,0,inf,inf,0,0,0.0,1.3850059690238516,0.06114301580784672,-0.03881305872324179,0.06226408089332119,-1.6867940309761484,0.002017333864655651,1.6325864322558066,-0.6615344255095359,-0.009166862110454595,-0.14165318768822935,-0.0054347842624898205,-0.1684994703975345,0.007321109662341964,0.033682132675302276,-0.01423736553438069,-0.1543815437012538,-22.520505843537233,-0.24420213441105448,16.625416684910235,0.6481881362508969,0.8619538487317204,-0.024524086160750507,-0.1543815437012538,-22.520505843537233,-0.24420213441105448,16.625416684910235,0.6481881362508969,0.8619538487317204,-0.024524086160750507
6.901000000000639,2,1,1,2,0.0009120365663582144,5.216704942218217,5.02961427300102,5.0,0.5386482142763712,0.06751471091217409,0.4362420919801533,-0.04082172805690957,-0.010623179841555513,-9.780968603673703e-05,0.5352353981435864,0.06682732262771907,0.0034813526982772095,0.8835496014816384,0.1363649999999956,0.1363649999999956,1.0,-0.06263366902029521,-0.0629776257407284,0.0,0.0,-0.014478296588587486,-0.06263366902029521,0.0,-0.0,0.0,-0.22573499028741476,-0.2259009249101302,-0.14761533255400677,-0.14751963871928928,-0.20203034179351081,-0.09261533255400706,0.09796965820648784,-0.07335032284142076,0.01048696485869987,0.15810229741270654,0.14211825707358727,3.0133000547435382e-05,0,0,0,0,0,inf,inf,0,0,0.0,1.383322949526818,0.06104970336285624,-0.040228017689812816,0.06220897590425498,-1.688477050473182,0.002093821239618073,1.632921474484834,-0.6616776870359853,-0.009454088470243836,-0.1413567873971475,-0.005546591606260087,-0.16803785612814617,0.007396261436639822,0.033548136805450525,-0.014613623817736537,-0.16045261779033027,-22.47616579572248,-0.25363337185150486,16.626813407094957,0.6436215520260535,0.863887415322444,-0.025241508325371333,-0.16045261779033027,-22.47616579572248,-0.25363337185150486,16.626813407094957,0.6436215520260535,0.863887415322444,-0.025241508325371333
6.911000000000643,2,1,1,2,0.0009119367450846341,5.222051460522874,5.033464395671681,5.0,0.5382401548772515,0.0674079601697877,0.4362407533817277,-0.04070854757648594,-0.010821071610656123,-0.0001102345572172874,0.5348431805113154,0.06671213979354314,0.0034675064295288877,0.8798811637006105,0.13666499999999568,0.13666499999999568,1.0,-0.062376004570528366,-0.06271960228663928,0.0,0.0,-0.014004337556856511,-0.062376004570528366,0.0,-0.0,0.0,-0.22634120419010156,-0.22650768949263209,-0.14761533255400677,-0.14751963871928928,-0.2021671997394639,-0.09261533255400706,0.09783280026053477,-0.07395653674410758,0.01048696485869987,0.15810229741270654,0.14211825707358727,3.024742318156632e-05,0,0,0,0,0,inf,inf,0,0,0.0,1.3816446194483578,0.06095354127910854,-0.04163996380100566,0.062152750374976536,-1.6901553805516423,0.0021706474485402956,1.633255344990775,-0.6618249041747968,-0.00973767782701747,-0.14105183222070874,-0.005659213101501139,-0.16756221897199433,0.007404885167385706,0.03343931212647232,-0.0150185542712799,-0.16630793205969707,-22.431601175726207,-0.26286246048451284,16.627843636964574,0.6400494073567845,0.8654158815780139,-0.025553802752606568,-0.16630793205969707,-22.431601175726207,-0.26286246048451284,16.627843636964574,0.6400494073567845,0.8654158815780139,-0.025553802752606568
6.921000000000646,2,1,1,2,0.0009120199802432885,5.2240172215593255,5.032642460218499,5.0,0.5378335334502422,0.0672989319584235,0.4362395775248967,-0.04074644013582301,-0.010845724141882746,-0.00023707060803319712,0.53445239654456,0.06659500023288847,0.003453636728027564,0.8761242785431813,0.13696499999999578,0.13696499999999578,1.0,-0.06295070562181514,-0.06304292456982641,0.0,0.0,-0.013799774650501383,-0.06295070562181514,0.0,-0.0,0.0,-0.22694042364191408,-0.22710684737290174,-0.14761533255400677,-0.14751963871928928,-0.20229930363717402,-0.09261533255400706,0.09770069636282462,-0.0745557561959201,0.01048696485869987,0.15810229741270654,0.14211825707358727,1.934547626068515e-05,0,0,0,0,0,inf,inf,0,0,0.0,1.3799717175108615,0.06085454559498542,-0.04304873637430488,0.062095407409453636,-1.6918282824891386,0.0022462474799525033,1.6335885318864027,-0.6619762680759765,-0.010033962881981617,-0.14075986310060348,-0.005817753384952184,-0.16728856941102674,0.008264529835534891,0.0330175488362264,-0.015142156371010015,-0.17532140159006782,-22.391982732508904,-0.2749219931580649,16.63657135723805,0.6231837524887034,0.8747383565348389,-0.03040722851109739,-0.17532140159006782,-22.391982732508904,-0.2749219931580649,16.63657135723805,0.6231837524887034,0.8747383565348389,-0.03040722851109739
6.931000000000649,2,1,1,2,0.0009122300373071426,5.237050849607643,5.036329623557277,5.0,0.5374283562325687,0.06718759749339541,0.436238513080543,-0.04064515448247964,-0.011020559627463837,-0.0002546128516079911,0.534063070348716,0.06647591117147499,0.003439716049453291,0.872282781343848,0.1372649999999959,0.1372649999999959,1.0,-0.058364881726177285,-0.06052821400972831,0.0,0.0,-0.012084363894582334,-0.058364881726177285,0.0,-0.0,0.0,-0.2275400431039921,-0.22770724536292558,-0.14761533255400677,-0.14751963871928928,-0.20242795770727873,-0.09261533255400706,0.09757204229271989,-0.0751553756579981,0.01048696485869987,0.15810229741270654,0.14211825707358727,2.3296582818644805e-05,0,0,0,0,0,inf,inf,0,0,0.0,1.3783041763210975,0.06075276348859751,-0.044454285115853115,0.0620369392200586,-1.6934958236789026,0.0023204096492016636,1.6339210742919623,-0.6621321869956264,-0.010319689619598775,-0.14043626525907846,-0.005949394554226508,-0.16679412155953027,0.008407206115517834,0.03285162517590452,-0.015457036140367794,-0.17719380101871937,-22.343082814910545,-0.2803686040940872,16.630824612675973,0.6294138255940489,0.8700107869484527,-0.02841543757515757,-0.17719380101871937,-22.343082814910545,-0.2803686040940872,16.630824612675973,0.6294138255940489,0.8700107869484527,-0.02841543757515757
6.941000000000653,2,1,1,2,0.0009123215179443747,5.241570084778011,5.04016302302401,5.0,0.5370242644331505,0.06707441668457093,0.4362373030203753,-0.04052833458771569,-0.011215665883262766,-0.0002667116465971259,0.5336752259392572,0.06635487995527692,0.0034254622955715774,0.8684277327598591,0.137564999999996,0.137564999999996,1.0,-0.05815476219294608,-0.06029097002349605,0.0,0.0,-0.01169564645484956,-0.05815476219294608,0.0,-0.0,0.0,-0.22813781882877207,-0.22830555911860126,-0.14761533255400677,-0.14751963871928928,-0.20255272012950856,-0.09261533255400706,0.09744727987049004,-0.07575315138277809,0.01048696485869987,0.15810229741270654,0.14211825707358727,2.271449911658284e-05,0,0,0,0,0,inf,inf,0,0,0.0,1.376641652150719,0.06064816769537042,-0.045856561616899015,0.06197718590957925,-1.695158347849281,0.00239542653645752,1.6342521064353948,-0.6622917627165784,-0.010598901260422117,-0.1401048533111286,-0.006077882123232393,-0.16628619587268498,0.008443573475660241,0.03271948009096278,-0.015851112324892187,-0.18256936401451385,-22.298943774786498,-0.2890732206283999,16.63220258070931,0.6255591731496067,0.8718662400751352,-0.028984665394951113,-0.18256936401451385,-22.298943774786498,-0.2890732206283999,16.63220258070931,0.6255591731496067,0.8718662400751352,-0.028984665394951113
6.951000000000656,2,1,1,2,0.000912332093158357,5.246160855689959,5.044008425893302,5.0,0.5366213878036534,0.06695925307891741,0.4362359898326027,-0.04040080879405693,-0.011419644217250956,-0.00027552605765238585,0.5332888872402536,0.06623191405006981,0.003410950317425517,0.864540816490557,0.1378649999999961,0.1378649999999961,1.0,-0.05794272103323249,-0.060051313056815894,0.0,0.0,-0.011321679569426523,-0.05794272103323249,0.0,-0.0,0.0,-0.2287331935133259,-0.22890149310159713,-0.14761533255400677,-0.14751963871928928,-0.20267330360169547,-0.09261533255400706,0.09732669639830314,-0.07634852606733192,0.01048696485869987,0.15810229741270654,0.14211825707358727,2.2330695141281862e-05,0,0,0,0,0,inf,inf,0,0,0.0,1.374984273815417,0.06054080515650027,-0.047255480398721954,0.06191615502455485,-1.696815726184583,0.002470587451031613,1.6345819037272717,-0.6624553989332874,-0.010874341667394555,-0.13976448856986898,-0.006206962031606019,-0.16576593020531327,0.008432841150740136,0.03260894568316656,-0.01626442498330936,-0.18776780002838886,-22.25464722701256,-0.2976084973192671,16.633278230015137,0.6224248441840342,0.8733806922938905,-0.029263972734959582,-0.18776780002838886,-22.25464722701256,-0.2976084973192671,16.633278230015137,0.6224248441840342,0.8733806922938905,-0.029263972734959582
6.961000000000659,2,1,1,2,0.0009123930229623925,5.2450885618943435,5.052683044146452,5.0,0.5362199471471782,0.06684190533564356,0.43623470840788414,-0.040135051590476235,-0.011770487234225677,-0.00017398315278224053,0.5329040780828959,0.0661070210409699,0.0033963278077981437,0.8605868290796638,0.13816499999999618,0.13816499999999618,1.0,-0.06157925702573024,-0.061664556575856774,0.0,0.0,-0.012132390369630033,-0.06157925702573024,0.0,-0.0,0.0,-0.2293299861705139,-0.22949914215977932,-0.14761533255400677,-0.14751963871928928,-0.20279100076886492,-0.09261533255400706,0.09720899923113369,-0.07694531872451987,0.01048696485869987,0.15810229741270654,0.14211825707358727,2.115170463094686e-05,0,0,0,0,0,inf,inf,0,0,0.0,1.373332374316823,0.06043072024581711,-0.04865092719304758,0.061853868629956746,-1.698467625683177,0.0025448670339225823,1.634910873717108,-0.6626234023963775,-0.01113510575865257,-0.1393940240793285,-0.006301457439755496,-0.16502439535603208,0.007693608641820705,0.03275275679837625,-0.01689951856852079,-0.1927728344511536,-22.211083998246796,-0.30595110047225066,16.634861803643986,0.6196322763657076,0.8748046662718356,-0.029474332228584678,-0.1927728344511536,-22.211083998246796,-0.30595110047225066,16.634861803643986,0.6196322763657076,0.8748046662718356,-0.029474332228584678
6.971000000000663,2,1,1,1,0.000912579010561936,4.913989430101808,5.0612108581443636,5.0,0.5358200009797209,0.06672238231496136,0.4362335304682255,-0.0398723099312498,-0.01211278371498731,-7.382455681083318e-05,0.5325208222040255,0.06598020863196628,0.003381627177813891,0.8565602564789672,0.13846499999999629,0.13846499999999629,1.0,-0.06047878120501523,-0.05862165481890984,0.0,0.0,-0.011426066193353238,-0.06047878120501523,0.0,-0.0,0.0,-0.22992310035662497,-0.2300911683016925,-0.14761533255400677,-0.14751963871928928,-0.2029043348869285,-0.09261533255400706,0.09709566511307013,-0.07753843291063094,0.01048696485869987,0.15810229741270654,0.14211825707358727,2.821984902602288e-05,0,0,0,0,0,inf,inf,0,0,0.0,1.3716862430924543,0.06031792838208581,-0.05004278195474443,0.061790287812615446,-1.7001137569075457,0.002618303594667074,1.6352389517803563,-0.6627955743408298,-0.011393815608128579,-0.13901415116555657,-0.006399815209604983,-0.16427271514071387,0.006990446936839526,0.03287701887228718,-0.01752256790928754,-0.19469795593276837,-22.162797543369894,-0.3114970449544714,16.62924557332855,0.6276980409859103,0.8695577127973037,-0.0262294735666216,-0.19469795593276837,-22.162797543369894,-0.3114970449544714,16.62924557332855,0.6276980409859103,0.8695577127973037,-0.0262294735666216
6.981000000000666,2,1,1,1,0.0009128123457201867,4.923585836964241,5.064873540471494,5.0,0.5354215220771116,0.06660073878834925,0.4362323793520231,-0.03975001904979057,-0.012291094441251486,-8.690671243187147e-05,0.5321391432446706,0.06585148464544571,0.0033668074744949003,0.8524716303720976,0.1387649999999964,0.1387649999999964,1.0,-0.056284448171460395,-0.05625200246767842,0.0,0.0,-0.010195905754756757,-0.056284448171460395,0.0,-0.0,0.0,-0.23050954852065708,-0.23067837159016819,-0.14761533255400677,-0.14751963871928928,-0.20301305171803047,-0.09261533255400706,0.09698694828196822,-0.07812488107466307,0.01048696485869987,0.15810229741270654,0.14211825707358727,1.0926811585952326e-05,0,0,0,0,0,inf,inf,0,0,0.0,1.370045793343029,0.060202469497854,-0.05143097532400321,0.061725389539743186,-1.701754206656971,0.0026910672526712287,1.6355660999634751,-0.6629720109179852,-0.011663827614633372,-0.13864512709779278,-0.006542525524890804,-0.16372436062520873,0.007092011612291471,0.032723462180080695,-0.017860925314204138,-0.19636713664891292,-22.114135599681,-0.31675464522981445,16.62335042095099,0.6345867118304647,0.8646074280308479,-0.023813213410671517,-0.19636713664891292,-22.114135599681,-0.31675464522981445,16.62335042095099,0.6345867118304647,0.8646074280308479,-0.023813213410671517
6.991000000000669,2,1,1,2,0.0009127678337616232,5.266324006776341,5.06387848407632,5.0,0.5350241259130509,0.0664774484993049,0.43623092023726284,-0.039739494121536705,-0.01234857244128598,-0.00020284631962704606,0.531759064748587,0.06572085702171,0.003351575013580867,0.8483979826578366,0.1390649999999965,0.1390649999999965,1.0,-0.05676443792826018,-0.05874490923274471,0.0,0.0,-0.010017177093100479,-0.05676443792826018,0.0,-0.0,0.0,-0.2310909382884351,-0.23126199901532735,-0.14761533255400677,-0.14751963871928928,-0.20311732403114263,-0.09261533255400706,0.09688267596885602,-0.07870627084244113,0.01048696485869987,0.15810229741270654,0.14211825707358727,2.390131381517796e-05,0,0,0,0,0,inf,inf,0,0,0.0,1.3684104945746167,0.060084331851108175,-0.05281546769691088,0.061659022253005534,-1.7033895054253834,0.0027654667257174374,1.6358915167639905,-0.6631519291736572,-0.011938415122358048,-0.13828690334648347,-0.006718496382792888,-0.1633714783903475,0.007783511717715599,0.032372228817588715,-0.018056213577937345,-0.20435912226791858,-22.07443408169532,-0.32772405863243986,16.631289637529196,0.6201503791367843,0.8729463143762262,-0.027719668091900296,-0.20435912226791858,-22.07443408169532,-0.32772405863243986,16.631289637529196,0.6201503791367843,0.8729463143762262,-0.027719668091900296
7.001000000000673,2,1,1,1,0.0009129881191455016,4.929729800091189,5.072397091450043,5.0,0.5346285227468762,0.06635177821211237,0.4362297102757476,-0.03946996339185203,-0.012682033239391882,-0.00010228226981119964,0.5313806101608068,0.0655883338184863,0.0033364327520432582,0.8442132989467632,0.1393649999999966,0.1393649999999966,1.0,-0.05584222887932106,-0.055810109941735166,0.0,0.0,-0.009494234456044675,-0.05584222887932106,0.0,-0.0,0.0,-0.23167611268156388,-0.23184610634820066,-0.14761533255400677,-0.14751963871928928,-0.2032191685512923,-0.09261533255400706,0.0967808314487064,-0.07929144523556993,0.01048696485869987,0.15810229741270654,0.14211825707358727,1.1047376997582733e-05,0,0,0,0,0,inf,inf,0,0,0.0,1.3667815094474633,0.05996361559353263,-0.0541960622806557,0.06159136912863384,-1.7050184905525367,0.002837770176978656,1.6362164799166496,-0.6633365179092086,-0.012186721791900949,-0.1378787887777236,-0.006821736245648797,-0.16258870094397712,0.007094526074170497,0.03248816442962615,-0.01866747410644988,-0.20620154570136381,-22.02646231740326,-0.3331805513008479,16.625738058369052,0.6281240542280612,0.8677183815504289,-0.024512356169164164,-0.20620154570136381,-22.02646231740326,-0.3331805513008479,16.625738058369052,0.6281240542280612,0.8677183815504289,-0.024512356169164164
7.011000000000676,2,1,1,1,0.0009130351901278913,4.926340508070631,5.076203004963823,5.0,0.5342341874082708,0.06622435540004623,0.4362282990989192,-0.039320369911747956,-0.012883165435488227,-0.00010796057878665909,0.5310038028261916,0.06545392321043003,0.003320986345490059,0.8400208508343286,0.13966499999999668,0.13966499999999668,1.0,-0.05940178014039,-0.05765062178912922,0.0,0.0,-0.009743427011951994,-0.05940178014039,0.0,-0.0,0.0,-0.2322559074329412,-0.2324263091166355,-0.14761533255400677,-0.14751963871928928,-0.20331682756695768,-0.09261533255400706,0.09668317243304105,-0.07987123998694727,0.01048696485869987,0.15810229741270654,0.14211825707358727,2.8405585721887092e-05,0,0,0,0,0,inf,inf,0,0,0.0,1.3651580888130646,0.05984029774765485,-0.05557273838752721,0.06152223979477575,-1.7066419111869355,0.002911042431824998,1.6365399204994502,-0.6635247425034599,-0.012441290532980024,-0.1374811260394308,-0.006961450238538415,-0.1620041549514701,0.007053328783507759,0.032383509035995656,-0.01910044805394651,-0.21400318382668002,-21.98761501808493,-0.3439371020595252,16.63418887584551,0.6143164760894777,0.8759334995611228,-0.028117633656150026,-0.21400318382668002,-21.98761501808493,-0.3439371020595252,16.63418887584551,0.6143164760894777,0.8759334995611228,-0.028117633656150026
7.021000000000679,2,1,1,2,0.0009131372421633801,5.272921985599016,5.079879087439106,5.0,0.5338414544371078,0.06609485128729234,0.4362269226649876,-0.03917151738806758,-0.013076523770783721,-0.00011525524756224305,0.5306286659879927,0.0653176334886206,0.0033054617113709777,0.8357642933136161,0.1399649999999968,0.1399649999999968,1.0,-0.05913502346723175,-0.059450467778243477,0.0,0.0,-0.009343333351489326,-0.05913502346723175,0.0,-0.0,0.0,-0.2328326423565177,-0.23300567878279277,-0.14761533255400677,-0.14751963871928928,-0.20341067461775744,-0.09261533255400706,0.09658932538224131,-0.08044797491052383,0.01048696485869987,0.15810229741270654,0.14211825707358727,2.8342181607017955e-05,0,0,0,0,0,inf,inf,0,0,0.0,1.3635407667442316,0.05971445023293088,-0.05694536037353277,0.06145171760005731,-1.7082592332557685,0.002983535869102511,1.636862439783594,-0.6637172244455785,-0.012693823502211302,-0.13707325901215162,-0.00710516870428185,-0.16141066445981264,0.007044643823616261,0.032267938644105605,-0.01950294781357711,-0.2187033570141176,-21.943997795905528,-0.3518983597401274,16.635333213763218,0.6113350745809295,0.8773775870617011,-0.028410608620298063,-0.2187033570141176,-21.943997795905528,-0.3518983597401274,16.635333213763218,0.6113350745809295,0.8773775870617011,-0.028410608620298063
7.031000000000683,2,1,1,1,0.0009135014056316495,4.938496640392284,5.083255944965786,5.0,0.5334505888275212,0.06596303846266569,0.4362257920000035,-0.03903754396848596,-0.013243019540117697,-0.00012982859693973738,0.5302552227864175,0.06517947306005006,0.0032900363032670275,0.8313999792621316,0.1402649999999969,0.1402649999999969,1.0,-0.05554036730581742,-0.05532786852348325,0.0,0.0,-0.008765901491849946,-0.05554036730581742,0.0,-0.0,0.0,-0.23340533242116823,-0.23357704030289303,-0.14761533255400677,-0.14751963871928928,-0.2035007892456425,-0.09261533255400706,0.09649921075435623,-0.08102066497517435,0.01048696485869987,0.15810229741270654,0.14211825707358727,2.5391121117040498e-05,0,0,0,0,0,inf,inf,0,0,0.0,1.3619300628451494,0.059586127494694614,-0.0583137897920128,0.06137985758565632,-1.7098699371548507,0.0030540169538971307,1.6371844383060483,-0.663914253349711,-0.012947966738419579,-0.13665457066159126,-0.007259612536247766,-0.16081228739060102,0.007169312389685862,0.03210069476616427,-0.01981276088698445,-0.2204014996978546,-21.896120744885522,-0.35713148316080046,16.629868046003295,0.6174481405324836,0.8728134701019271,-0.026280559467719403,-0.2204014996978546,-21.896120744885522,-0.35713148316080046,16.629868046003295,0.6174481405324836,0.8728134701019271,-0.026280559467719403
7.041000000000686,2,1,1,1,0.0009137169970450379,4.942589975742749,5.091658735204903,5.0,0.5330611561482205,0.06582941775862203,0.4362244886021146,-0.03875615993160247,-0.013568275925279615,-2.7774964532285203e-05,0.5298834962572014,0.06503945044710444,0.003274380969932705,0.8270150491846288,0.140564999999997,0.140564999999997,1.0,-0.05461613083123852,-0.0545660517637163,0.0,0.0,-0.008274621600648674,-0.05461613083123852,0.0,-0.0,0.0,-0.2339795033687162,-0.23415229458815545,-0.14761533255400677,-0.14751963871928928,-0.20358752944580583,-0.09261533255400706,0.09641247055419291,-0.08159483592272228,0.01048696485869987,0.15810229741270654,0.14211825707358727,9.343347441528625e-06,0,0,0,0,0,inf,inf,0,0,0.0,1.3603252523138858,0.059455324721375255,-0.05967800295989118,0.06130650356995934,-1.7114747476861143,0.003124917761773276,1.6375051048369398,-0.6641151576539052,-0.013181020845752933,-0.13620778901817326,-0.007365857343640694,-0.15998671833184488,0.006474593256999004,0.032212960918859106,-0.02041753293659885,-0.22227356020798017,-21.84858269829918,-0.3626052063138938,16.624342606015517,0.6254504758508945,0.8675561198366121,-0.022989488318340297,-0.22227356020798017,-21.84858269829918,-0.3626052063138938,16.624342606015517,0.6254504758508945,0.8675561198366121,-0.022989488318340297
7.051000000000689,2,1,1,2,0.0009136348871331681,5.287234605534535,5.095338332992224,5.0,0.5326729519937489,0.06569427875951622,0.4362228560766147,-0.03858404063161875,-0.013778425978283566,-2.9275027959330553e-05,0.5295135093301881,0.06489757428703805,0.0032583455864586214,0.8226535488987026,0.1408649999999971,0.1408649999999971,1.0,-0.057984572288647625,-0.058275575594636024,0.0,0.0,-0.008320165200228335,-0.057984572288647625,0.0,-0.0,0.0,-0.2345489868490392,-0.23472416334305687,-0.14761533255400677,-0.14751963871928928,-0.20367044745752283,-0.09261533255400706,0.0963295525424759,-0.0821643194030453,0.01048696485869987,0.15810229741270654,0.14211825707358727,2.492146009554813e-05,0,0,0,0,0,inf,inf,0,0,0.0,1.358726184766371,0.059322040374877275,-0.06103791570037498,0.06123154809715294,-1.7130738152336291,0.0031976485252860737,1.6378238961525704,-0.6643192825166657,-0.013417586945149147,-0.13577117030578206,-0.007505298321912358,-0.15935888111177127,0.006344651084612357,0.03213574881001006,-0.020903153320494226,-0.2299818941749964,-21.809847801690243,-0.37323417753467447,16.63235919423305,0.6130642792087934,0.8752175379278068,-0.025758339085781956,-0.2299818941749964,-21.809847801690243,-0.37323417753467447,16.63235919423305,0.6130642792087934,0.8752175379278068,-0.025758339085781956
7.061000000000693,2,1,1,2,0.0009135883835920391,5.288713367760607,5.093921513685732,5.0,0.5322864314320587,0.06555716609150154,0.4362212380856523,-0.03854325361633461,-0.013840732871010394,-0.00014442685763324777,0.5291452848279138,0.06475385333144075,0.003242238945421424,0.8182364604274195,0.14116499999999718,0.14116499999999718,1.0,-0.05808909548628231,-0.05839639813145969,0.0,0.0,-0.007814976621642874,-0.05808909548628231,0.0,-0.0,0.0,-0.23511216170074106,-0.23528739959694983,-0.14761533255400677,-0.14751963871928928,-0.20374966928098096,-0.09261533255400706,0.09625033071901784,-0.08272749425474711,0.01048696485869987,0.15810229741270654,0.14211825707358727,2.7893468254613285e-05,0,0,0,0,0,inf,inf,0,0,0.0,1.3571336002291647,0.059186360332798026,-0.06239337580221605,0.061155123006333516,-1.7146663997708353,0.003269794224792371,1.6381416307450205,-0.6645274350811857,-0.013666828881895127,-0.135342257952484,-0.007693380541263756,-0.1589362048740072,0.006965481308347228,0.031806850604871685,-0.021122823309305084,-0.23728134763580688,-21.770640295613735,-0.3833965811271571,16.63990640119746,0.6000298921844766,0.8829778289274086,-0.02915200149365099,-0.23728134763580688,-21.770640295613735,-0.3833965811271571,16.63990640119746,0.6000298921844766,0.8829778289274086,-0.02915200149365099
7.071000000000696,2,1,1,2,0.0009139093087670849,5.29228187894001,5.0972166870131765,5.0,0.5319020300689817,0.06541766138638641,0.43621997583156097,-0.038393906466202686,-0.014007459908379647,-0.0001584335862138654,0.5287788454642004,0.06460829644569806,0.0032263530003331345,0.8136874097603548,0.1414649999999973,0.1414649999999973,1.0,-0.05783871212448079,-0.058145596990425104,0.0,0.0,-0.007432732690324585,-0.05783871212448079,0.0,-0.0,0.0,-0.23567479097241942,-0.2358505379973625,-0.14761533255400677,-0.14751963871928928,-0.203826075536833,-0.09261533255400706,0.09617392446316578,-0.0832901235264255,0.01048696485869987,0.15810229741270654,0.14211825707358727,2.8204203610235378e-05,0,0,0,0,0,inf,inf,0,0,0.0,1.3555482353373267,0.05904837530166895,-0.06374423660411252,0.06107736818304987,-1.7162517646626734,0.0033390639709384366,1.6384590775624057,-0.6647403626638326,-0.013905069892538627,-0.13488441323860711,-0.007851077179266072,-0.15829871995658387,0.007050027699968287,0.03164768394999741,-0.02144982601725837,-0.24165222587215426,-21.728100600429674,-0.39090578498184864,16.641709693188062,0.5956883868489476,0.8850196871792984,-0.030344051035403913,-0.24165222587215426,-21.728100600429674,-0.39090578498184864,16.641709693188062,0.5956883868489476,0.8850196871792984,-0.030344051035403913
7.081000000000699,2,1,1,2,0.0009141303441915485,5.295834979052508,5.100474962559627,5.0,0.5315191809403765,0.0652764227867842,0.43621858894710375,-0.03823390406863681,-0.014185475359811303,-0.00016978838872550324,0.5284142138427539,0.06446091260844435,0.0032102768616265936,0.8091185939764307,0.1417649999999974,0.1417649999999974,1.0,-0.05759293274915732,-0.0578984129206494,0.0,0.0,-0.007067553823278879,-0.05759293274915732,0.0,-0.0,0.0,-0.23623508735332524,-0.23641135894534857,-0.14761533255400677,-0.14751963871928928,-0.2038989861908532,-0.09261533255400706,0.09610101380914554,-0.08385041990733134,0.01048696485869987,0.15810229741270654,0.14211825707358727,2.8241929471908395e-05,0,0,0,0,0,inf,inf,0,0,0.0,1.35396930321782,0.05890804871025107,-0.06509047160982787,0.0609980610505908,-1.7178306967821801,0.0034087550792686588,1.6387750531021537,-0.6649569138195526,-0.0141366228161837,-0.13441762490407352,-0.008005208807897752,-0.15765074098885537,0.007063960019095422,0.03151052240754619,-0.0218304755090709,-0.2462700059992948,-21.685456023051835,-0.39867987014167583,16.64322782060214,0.5923344633715799,0.8867410932396134,-0.0307680021589231,-0.2462700059992948,-21.685456023051835,-0.39867987014167583,16.64322782060214,0.5923344633715799,0.8867410932396134,-0.0307680021589231
7.091000000000703,2,1,1,2,0.0009142667720397893,5.299468845543796,5.103699946424629,5.0,0.5311379730746248,0.06513337955328664,0.43621709647460966,-0.03806632488433809,-0.014367829540752901,-0.00017975286882874518,0.5280514124557703,0.0643117109110089,0.0031940563256722017,0.8045192515919767,0.1420649999999975,0.1420649999999975,1.0,-0.05734912057801622,-0.0576526388044923,0.0,0.0,-0.006713687052638858,-0.05734912057801622,0.0,-0.0,0.0,-0.2367930758855899,-0.2369698804577522,-0.14761533255400677,-0.14751963871928928,-0.20396853457862205,-0.09261533255400706,0.09603146542137665,-0.08440840843959603,0.01048696485869987,0.15810229741270654,0.14211825707358727,2.814914284262746e-05,0,0,0,0,0,inf,inf,0,0,0.0,1.3523969041086976,0.05876543302022887,-0.06643198825026832,0.06091722049504707,-1.7194030958913025,0.0034783950152010657,1.639089733998651,-0.6651773475199563,-0.014363708704287796,-0.1339413925487453,-0.008158448560474709,-0.15699299762761354,0.007045376817963817,0.03138747969478325,-0.022222200876168323,-0.2508726268294824,-21.642808922450183,-0.40643914190603786,16.644569523401515,0.5894179751211185,0.8882524756783354,-0.0309811191497475,-0.2508726268294824,-21.642808922450183,-0.40643914190603786,16.644569523401515,0.5894179751211185,0.8882524756783354,-0.0309811191497475
7.101000000000706,2,1,1,2,0.0009146380938464252,5.305156642292383,5.111754591036027,5.0,0.5307588057146266,0.06498816378002892,0.43621582541248405,-0.0377872373657014,-0.014658308998618998,-8.57073433895047e-05,0.527690463682548,0.06416070055685526,0.0031779581827842377,0.7998195724138812,0.1423649999999976,0.1423649999999976,1.0,-0.056728882180866635,-0.05701408971707325,0.0,0.0,-0.006478096213021892,-0.056728882180866635,0.0,-0.0,0.0,-0.23735077658827497,-0.23752855931783998,-0.14761533255400677,-0.14751963871928928,-0.2040350020101255,-0.09261533255400706,0.09596499798987324,-0.08496610914228116,0.01048696485869987,0.15810229741270654,0.14211825707358727,2.5260903748008547e-05,0,0,0,0,0,inf,inf,0,0,0.0,1.350831758730844,0.058620609185291765,-0.06776864183537354,0.060834973047856566,-1.720968241269156,0.0035459512138835657,1.639403791255568,-0.6654022374689252,-0.01457551909306523,-0.13343883301017745,-0.008273761175614227,-0.15611930735577306,0.006450785398928863,0.031443839754166994,-0.022762256276583123,-0.25310109135452113,-21.596700569427423,-0.4121541919162781,16.64003409570577,0.5956517438168141,0.8839230626083452,-0.028370566620053814,-0.25310109135452113,-21.596700569427423,-0.4121541919162781,16.64003409570577,0.5956517438168141,0.8839230626083452,-0.028370566620053814
7.111000000000709,2,1,1,1,0.0009149901054291967,4.9601049632279945,5.114652821518974,5.0,0.5303813661214264,0.06484116389679093,0.4362145131480744,-0.03763161912767656,-0.014814931386936321,-0.00010351871431313007,0.5273313897881078,0.06400789086101337,0.0031617557758241775,0.7950843602742509,0.14266499999999768,0.14266499999999768,1.0,-0.05312281546532164,-0.05307401202728719,0.0,0.0,-0.006083536558839304,-0.05312281546532164,0.0,-0.0,0.0,-0.23790244802585722,-0.23807904032640523,-0.14761533255400677,-0.14751963871928928,-0.20409812920615936,-0.09261533255400706,0.09590187079383938,-0.08551778057986344,0.01048696485869987,0.15810229741270654,0.14211825707358727,9.855987551425092e-06,0,0,0,0,0,inf,inf,0,0,0.0,1.3492734965361457,0.058473561247995895,-0.06910036984357032,0.0607511754563244,-1.7225265034638544,0.0036133670158103514,1.6397165107526634,-0.6656307896435597,-0.014799493738119252,-0.13294368278772883,-0.00843663052886597,-0.15545067461292894,0.006546676342756907,0.03127090930906763,-0.023075593826435644,-0.2554354054622758,-21.550097333779128,-0.4179512031305608,16.63503440546617,0.6014540175831368,0.87972672727541,-0.025894580407581115,-0.2554354054622758,-21.550097333779128,-0.4179512031305608,16.63503440546617,0.6014540175831368,0.87972672727541,-0.025894580407581115
7.121000000000713,2,1,1,1,0.0009153322988263704,4.962377397710982,5.117566340399159,5.0,0.5300057248528779,0.06469233293992996,0.43621317210703436,-0.0374734971830238,-0.014970191992924497,-0.00012203302173602195,0.5269742129218186,0.06385329124950506,0.0031454817669835764,0.7903060862751857,0.1429649999999978,0.1429649999999978,1.0,-0.053230664915190365,-0.05303093110409804,0.0,0.0,-0.006018782306693084,-0.053230664915190365,0.0,-0.0,0.0,-0.23845185654368534,-0.2386289447864774,-0.14761533255400677,-0.14751963871928928,-0.20415838540610612,-0.09261533255400706,0.09584161459389265,-0.08606718909769157,0.01048696485869987,0.15810229741270654,0.14211825707358727,2.4459940451636957e-05,0,0,0,0,0,inf,inf,0,0,0.0,1.34772220953742,0.058324336833822384,-0.0704270816256329,0.060665840689091255,-1.7240777904625801,0.0036802924093325712,1.640028019146548,-0.6658631980942388,-0.015020279032661317,-0.1324391754278302,-0.008600901430540424,-0.15477428155628203,0.006641591033708052,0.031097477357311776,-0.023384547868312296,-0.25996489001064854,-21.50848747413147,-0.4255295285377232,16.637239684737654,0.5967131631933165,0.8820878421565572,-0.02716813004415665,-0.25996489001064854,-21.50848747413147,-0.4255295285377232,16.637239684737654,0.5967131631933165,0.8820878421565572,-0.02716813004415665
7.131000000000716,2,1,1,1,0.0009155309262333369,4.964511609123925,5.120449490169899,5.0,0.5296317381014829,0.06454186483219054,0.43621166496553393,-0.03730327657695701,-0.015138405552956478,-0.00013743572818642244,0.5266189551160321,0.06369691125876262,0.0031290266631447228,0.7855178284178461,0.1432649999999979,0.1432649999999979,1.0,-0.05303259684084532,-0.052836523608729744,0.0,0.0,-0.005722574342808876,-0.05303259684084532,0.0,-0.0,0.0,-0.23899915693058238,-0.23917675835288957,-0.14761533255400677,-0.14751963871928928,-0.2042154100003546,-0.09261533255400706,0.09578458999964418,-0.08661448948458864,0.01048696485869987,0.15810229741270654,0.14211825707358727,2.3959171810558943e-05,0,0,0,0,0,inf,inf,0,0,0.0,1.3461777440778422,0.058172943893521505,-0.07174870016618475,0.06057888856453877,-1.725622255922158,0.003747670468109313,1.6403379598575674,-0.6660990862358332,-0.015234324933819335,-0.13192605343185657,-0.008760938808674509,-0.1540878665676868,0.006657571361478834,0.030951258329014273,-0.02375204622175403,-0.26475584873687513,-21.46673638871338,-0.4333934868747878,16.63908254960144,0.5930940923303786,0.8840459460157971,-0.02759812238803714,-0.26475584873687513,-21.46673638871338,-0.4333934868747878,16.63908254960144,0.5930940923303786,0.8840459460157971,-0.02759812238803714
7.141000000000719,2,1,1,1,0.0009158157100331013,4.96769127358803,5.128288337573606,5.0,0.5292597322075817,0.06438944516319614,0.436210229802798,-0.03701482047302076,-0.015423018768701448,-4.4814350559963147e-05,0.5262656382847233,0.06353876053504048,0.0031125974290740076,0.7806632213903771,0.143564999999998,0.143564999999998,1.0,-0.052164606295650694,-0.05210195872357945,0.0,0.0,-0.00530641149057406,-0.052164606295650694,0.0,-0.0,0.0,-0.2395465630638502,-0.23972513837149823,-0.14761533255400677,-0.14751963871928928,-0.20426921514014104,-0.09261533255400706,0.09573078485985768,-0.08716189561785646,0.01048696485869987,0.15810229741270654,0.14211825707358727,8.550732263371077e-06,0,0,0,0,0,inf,inf,0,0,0.0,1.344640616488208,0.05801946437891535,-0.07306510543304243,0.06049043326662158,-1.727159383511792,0.00381373223833614,1.6406469338164404,-0.6663391273221554,-0.015429752091605938,-0.13138837562052297,-0.008876259290421134,-0.15318283147469341,0.006042243815544434,0.031004515514187796,-0.024309305037472816,-0.2674166191129242,-21.42123374481781,-0.4395206909072491,16.634644390554186,0.5995511314244373,0.8797502111863664,-0.024549500814704237,-0.2674166191129242,-21.42123374481781,-0.4395206909072491,16.634644390554186,0.5995511314244373,0.8797502111863664,-0.024549500814704237
7.151000000000723,2,1,1,2,0.0009157158169223181,5.323435213153967,5.131240614846635,5.0,0.5288891704232237,0.06423568473653694,0.43620838263972306,-0.036823346717936745,-0.015610867468340698,-5.467774047208263e-05,0.5259142842221384,0.06337884883382024,0.003095822293606697,0.7758506327307495,0.1438649999999981,0.1438649999999981,1.0,-0.05520436922845057,-0.055468312939057095,0.0,0.0,-0.00489529459710061,-0.05520436922845057,0.0,-0.0,0.0,-0.2400900656936394,-0.24027078036796726,-0.14761533255400677,-0.14751963871928928,-0.20432018564136917,-0.09261533255400706,0.09567981435862954,-0.08770539824764567,0.01048696485869987,0.15810229741270654,0.14211825707358727,2.2768352000543672e-05,0,0,0,0,0,inf,inf,0,0,0.0,1.3431100199878807,0.05786384113773453,-0.07437626510302787,0.06040022825159171,-1.7286899800121194,0.0038816726507521567,1.6409538592119688,-0.6665820803634829,-0.015631400946188295,-0.13085812469291708,-0.009028903928644352,-0.1524766846129993,0.0059302916484181,0.030905068563555828,-0.02476738300374926,-0.2745659271536432,-21.384049268301194,-0.4493652087400199,16.64290590308412,0.5875183722329056,0.8873916695181443,-0.02737772203954443,-0.2745659271536432,-21.384049268301194,-0.4493652087400199,16.64290590308412,0.5875183722329056,0.8873916695181443,-0.02737772203954443
7.161000000000726,2,1,1,2,0.0009159276638882876,5.32191654772981,5.123632137818236,5.0,0.5285207782928842,0.06407990213330879,0.4362068316679876,-0.03688732929362323,-0.015528811585981009,-0.00029560977650513006,0.525564914601451,0.06321718601920888,0.0030791897076764695,0.7709468366535381,0.14416499999999818,0.14416499999999818,1.0,-0.05618825109747478,-0.05630958045905277,0.0,0.0,-0.004634358846272308,-0.05618825109747478,0.0,-0.0,0.0,-0.24062353254194319,-0.2408038020921697,-0.14761533255400677,-0.14751963871928928,-0.20436908838459675,-0.09261533255400706,0.09563091161540196,-0.08823886509594953,0.01048696485869987,0.15810229741270654,0.14211825707358727,1.5750222505328473e-05,0,0,0,0,0,inf,inf,0,0,0.0,1.3415874634227014,0.05770618755907819,-0.07568198169245591,0.06030853384719371,-1.7302125365772987,0.00394776852375335,1.6412598188278222,-0.6668288592018335,-0.015873081926352672,-0.13034650661107078,-0.009294530872429459,-0.15219568745590178,0.007281618790822446,0.030329402956979213,-0.024681706649190848,-0.2827597618839595,-21.35086471654571,-0.45969026772555555,16.657664463343327,0.5632040430616552,0.9020918143558276,-0.03562718466897582,-0.2827597618839595,-21.35086471654571,-0.45969026772555555,16.657664463343327,0.5632040430616552,0.9020918143558276,-0.03562718466897582
7.1710000000007295,2,1,1,1,0.0009165369949171434,4.972522053764434,5.130900037365819,5.0,0.5281548296911902,0.06392178539973836,0.4362056769680624,-0.036620873966265774,-0.015770235452381515,-0.00021727547991847148,0.5252175509734253,0.0630537820633303,0.0030628477039922196,0.7659034998094859,0.1444649999999983,0.1444649999999983,1.0,-0.052304373120303956,-0.05212479150175961,0.0,0.0,-0.0045632444871832566,-0.052304373120303956,0.0,-0.0,0.0,-0.24116162611920838,-0.24134116379972542,-0.14761533255400677,-0.14751963871928928,-0.20441421946479812,-0.09261533255400706,0.09558578053520057,-0.08877695867321475,0.01048696485869987,0.15810229741270654,0.14211825707358727,2.135501568987351e-05,0,0,0,0,0,inf,inf,0,0,0.0,1.340073088336623,0.057546630905385664,-0.07698218734524195,0.06021549613297311,-1.731726911663377,0.004010129338198214,1.6415655473799848,-0.6670808203851919,-0.016065738036491046,-0.12978281166858013,-0.00942558538715946,-0.15128158921790977,0.006864354701239917,0.030301522801519994,-0.025093143529494717,-0.2835411304811124,-21.302206010137265,-0.46417751331223617,16.64781511514055,0.5763249522651446,0.8930680622573716,-0.030833147893392462,-0.2835411304811124,-21.302206010137265,-0.46417751331223617,16.64781511514055,0.5763249522651446,0.8930680622573716,-0.030833147893392462
7.181000000000733,2,1,1,2,0.0009166928045378489,5.33151863708234,5.138517278294469,5.0,0.5277902986026237,0.06376247600420988,0.4362040398062682,-0.036323412505494125,-0.016052352544187794,-0.00012751224223338822,0.5248722147650857,0.0628886470457102,0.0030461106893238665,0.7609239932687726,0.1447649999999984,0.1447649999999984,1.0,-0.05464297142659578,-0.05490824115008888,0.0,0.0,-0.0039290662073288695,-0.05464297142659578,0.0,-0.0,0.0,-0.24169946498290848,-0.24188152240915015,-0.14761533255400677,-0.14751963871928928,-0.20445657929524713,-0.09261533255400706,0.09554342070475158,-0.08931479753691485,0.01048696485869987,0.15810229741270654,0.14211825707358727,2.4034898588011092e-05,0,0,0,0,0,inf,inf,0,0,0.0,1.33856539149892,0.057385005771406046,-0.07827688669874053,0.06012063287176293,-1.7332346085010801,0.004074911223958205,1.641868961057848,-0.6673353178154182,-0.016243053143250332,-0.12921265729517806,-0.009539263047531357,-0.1503522849693465,0.0062091417507258075,0.03035572496755128,-0.025706507173398147,-0.2886525669749867,-21.262040885110213,-0.4722922123231215,16.65044570117362,0.5733484096408528,0.8950816900754568,-0.03061428262280276,-0.2886525669749867,-21.262040885110213,-0.4722922123231215,16.65044570117362,0.5733484096408528,0.8950816900754568,-0.03061428262280276
7.191000000000736,2,1,1,1,0.0009171437680532682,4.976834501600129,5.140529751535574,5.0,0.5274280412158174,0.06360112558334066,0.4362026882121286,-0.036162729091133786,-0.016183932826010928,-0.00015870682324958346,0.5245289272783966,0.06272179115265433,0.003029536377589495,0.7558482734129425,0.1450649999999985,0.1450649999999985,1.0,-0.051594319506637135,-0.05140792888522577,0.0,0.0,-0.004109810220309507,-0.051594319506637135,0.0,-0.0,0.0,-0.24223007067915575,-0.24241098376914924,-0.14761533255400677,-0.14751963871928928,-0.20449645775293473,-0.09261533255400706,0.09550354224706395,-0.08984540323316215,0.01048696485869987,0.15810229741270654,0.14211825707358727,2.2779249914185483e-05,0,0,0,0,0,inf,inf,0,0,0.0,1.3370659140289671,0.05722148303113768,-0.07956590228497563,0.06002430126801585,-1.734734085971033,0.004137378127996675,1.642171537433945,-0.6675940307934981,-0.016444470679745138,-0.12864691044110232,-0.0097175440868558,-0.14963734611213597,0.006373663185898141,0.030144252223271325,-0.025958903033829375,-0.29160106176255673,-21.217470084484464,-0.4785263866531028,16.646707220284352,0.5772174700242034,0.8920626781807446,-0.02876892684340377,-0.29160106176255673,-21.217470084484464,-0.4785263866531028,16.646707220284352,0.5772174700242034,0.8920626781807446,-0.02876892684340377
7.2010000000007395,2,1,1,2,0.0009172388023004621,5.336634584606797,5.142798186503823,5.0,0.5270674098422341,0.06343841511345714,0.4362009583011519,-0.03597828294164692,-0.016343606630097405,-0.0001821350545784727,0.5241877096889469,0.06255322467662014,0.003012679053983351,0.7508075834111085,0.1453649999999986,0.1453649999999986,1.0,-0.054642173354193656,-0.05474682561161572,0.0,0.0,-0.0035684657262021343,-0.054642173354193656,0.0,-0.0,0.0,-0.2427601051079244,-0.24294304020083593,-0.14761533255400677,-0.14751963871928928,-0.20453380447111996,-0.09261533255400706,0.09546619552887872,-0.09037543766193082,0.01048696485869987,0.15810229741270654,0.14211825707358727,1.937725811675238e-05,0,0,0,0,0,inf,inf,0,0,0.0,1.335573443593462,0.057055983156788184,-0.08084923095323616,0.059926194015007254,-1.736226556406538,0.00420121695629467,1.6424721535355564,-0.6678557389234416,-0.016635815660694775,-0.12807342391413717,-0.009885461494844738,-0.14890998471776654,0.0063769119386085935,0.029995188171942445,-0.02633257685989557,-0.29812224608869875,-21.181631730023273,-0.4875495431159957,16.65571536251018,0.5640238452743119,0.9003295787919979,-0.032637449811395894,-0.29812224608869875,-21.181631730023273,-0.4875495431159957,16.65571536251018,0.5640238452743119,0.9003295787919979,-0.032637449811395894
7.211000000000743,2,1,1,1,0.0009177058744622426,4.980891958064332,5.149726208485336,5.0,0.5267091871263001,0.06327359962359158,0.4361995938896634,-0.035701552587008745,-0.016585350865009736,-0.00010629993319970387,0.5238485830446449,0.06238295801558188,0.002996047093405017,0.7456548724181983,0.14566499999999868,0.14566499999999868,1.0,-0.05065163076042397,-0.05058494127754472,0.0,0.0,-0.003472308418122644,-0.05065163076042397,0.0,-0.0,0.0,-0.2432884185110121,-0.2434706599018949,-0.14761533255400677,-0.14751963871928928,-0.2045678654203436,-0.09261533255400706,0.09543213457965509,-0.09090375106501856,0.01048696485869987,0.15810229741270654,0.14211825707358727,8.580018149798112e-06,0,0,0,0,0,inf,inf,0,0,0.0,1.3340895014177867,0.05688866548124103,-0.08212669964041146,0.0598266461089174,-1.7377104985822134,0.004262191187729344,1.6427720788728215,-0.6681218253760838,-0.01681146639625692,-0.12747845633192323,-0.010014444739951885,-0.1479735249794791,0.0059102639862963595,0.02997383557221118,-0.02680389955343351,-0.29988060700544716,-21.133665007035678,-0.4930097354081619,16.64603820008131,0.5775546097647987,0.891426147047049,-0.026863314424565327,-0.29988060700544716,-21.133665007035678,-0.4930097354081619,16.64603820008131,0.5775546097647987,0.891426147047049,-0.026863314424565327
7.221000000000746,2,1,1,1,0.0009180889978876719,4.982346541335485,5.151472147662105,5.0,0.5263529043728753,0.06310719047293722,0.436198128383952,-0.035534635541587443,-0.01671485441962315,-0.00014129117292599193,0.5235115682644195,0.062211001672389236,0.0029793195947132875,0.7404868568047022,0.1459649999999988,0.1459649999999988,1.0,-0.050775278815687885,-0.050589170722391406,0.0,0.0,-0.003388820046043717,-0.050775278815687885,0.0,-0.0,0.0,-0.24381189711589044,-0.24399454191222836,-0.14761533255400677,-0.14751963871928928,-0.20459999446478996,-0.09261533255400706,0.09540000553520878,-0.09142722966989693,0.01048696485869987,0.15810229741270654,0.14211825707358727,2.2923467409978578e-05,0,0,0,0,0,inf,inf,0,0,0.0,1.3326132780628017,0.056719468650620206,-0.08339827692823623,0.059725421229834666,-1.7391867219371984,0.004323073040201183,1.6430704410774135,-0.6683912393981025,-0.01700367805733306,-0.12688813496539855,-0.010195817700468957,-0.1472440116809254,0.006064021914980715,0.029763900116991204,-0.02706691269721187,-0.3046261854205821,-21.094334646169774,-0.5005490402591519,16.649340435726074,0.5716776090513579,0.8946955028845275,-0.028533391013505202,-0.3046261854205821,-21.094334646169774,-0.5005490402591519,16.649340435726074,0.5716776090513579,0.8946955028845275,-0.028533391013505202
7.2310000000007495,2,1,1,1,0.000918385647861202,4.984613170579994,5.158358990977769,5.0,0.5259986137775856,0.0629391512049133,0.4361965619937272,-0.0352477735834917,-0.016962376753745963,-6.46690747190431e-05,0.5231766861369297,0.06203736625411944,0.002962514423015719,0.7352987312780859,0.1462649999999989,0.1462649999999989,1.0,-0.0499971252615247,-0.04992130021742998,0.0,0.0,-0.003034211029101317,-0.0499971252615247,0.0,-0.0,0.0,-0.24433601535553565,-0.24451950952178375,-0.14761533255400677,-0.14751963871928928,-0.2046289349136419,-0.09261533255400706,0.09537106508635686,-0.09195134790954217,0.01048696485869987,0.15810229741270654,0.14211825707358727,7.732284737771311e-06,0,0,0,0,0,inf,inf,0,0,0.0,1.331144830737254,0.05654843283381079,-0.08466388254302391,0.05962252555474756,-1.740655169262746,0.0043835939155637965,1.64336733697783,-0.6686642060795449,-0.017170271165390064,-0.12627776115785633,-0.010321864204869335,-0.14629517342667633,0.00554412558400809,0.029761082263960743,-0.02758379549837026,-0.30820904618881245,-21.051140785990917,-0.5074036363462818,16.646254929371946,0.576338720403698,0.8916302712435246,-0.02577142784283206,-0.30820904618881245,-21.051140785990917,-0.5074036363462818,16.646254929371946,0.576338720403698,0.8916302712435246,-0.02577142784283206
7.241000000000753,2,1,1,1,0.0009186482965269074,4.985861212437517,5.15988298253864,5.0,0.5256463400416291,0.06276951519791757,0.43619494530263503,-0.03507263464193066,-0.017096677782927103,-0.00010064602076042852,0.5228439573192827,0.06186206247142298,0.002945644135554799,0.7300907248079053,0.146564999999999,0.146564999999999,1.0,-0.04989308581606673,-0.04981994762246486,0.0,0.0,-0.002782651060908166,-0.04989308581606673,0.0,-0.0,0.0,-0.24485492991029842,-0.24503882086669057,-0.14761533255400677,-0.14751963871928928,-0.20465597200779226,-0.09261533255400706,0.09534402799220645,-0.09247026246430497,0.01048696485869987,0.15810229741270654,0.14211825707358727,8.08777707098828e-06,0,0,0,0,0,inf,inf,0,0,0.0,1.3296843729119276,0.05637557693640884,-0.08592342379941163,0.05951794759741245,-1.7421156270880724,0.004443843338809512,1.6436626593489359,-0.6689404442136656,-0.01735438570206949,-0.12567194961371012,-0.01050232782052625,-0.14555610065270408,0.005655303833790875,0.029565150291025032,-0.027888291084537126,-0.31329227760006484,-21.012082765040844,-0.5152616149376655,16.64950515209769,0.5710194746278453,0.894796299745474,-0.02683319806605411,-0.31329227760006484,-21.012082765040844,-0.5152616149376655,16.64950515209769,0.5710194746278453,0.894796299745474,-0.02683319806605411
7.251000000000756,2,1,1,2,0.0009187711902624287,5.357730577940443,5.156072293339257,5.0,0.5252960406756259,0.06259833715959476,0.43619317353515563,-0.03499943398170229,-0.01712929202388971,-0.00024620743839724,0.5225134023357592,0.061685101137862935,0.0029286645697117037,0.7248765599681197,0.1468649999999991,0.1468649999999991,1.0,-0.05044500633194801,-0.051930517063995915,0.0,0.0,-0.002625132698491326,-0.05044500633194801,0.0,-0.0,0.0,-0.2453691433816455,-0.2455546576759076,-0.14761533255400677,-0.14751963871928928,-0.2046811837602225,-0.09261533255400706,0.09531881623977623,-0.09298447593565208,0.01048696485869987,0.15810229741270654,0.14211825707358727,2.014775971946025e-05,0,0,0,0,0,inf,inf,0,0,0.0,1.3282317454187935,0.05620092395772557,-0.08717683619361195,0.059411650067736556,-1.7435682545812066,0.004504070141964264,1.643956375764253,-0.669220008327024,-0.01755772845364409,-0.12506905322165598,-0.010736955245111318,-0.145023480815686,0.0063518287878914816,0.029203819742733176,-0.02798402020593756,-0.31946048615801653,-20.976888536311808,-0.5237203687191482,16.6586682291086,0.5564542465900169,0.9037346050987045,-0.03165383130137115,-0.31946048615801653,-20.976888536311808,-0.5237203687191482,16.6586682291086,0.5564542465900169,0.9037346050987045,-0.03165383130137115
7.2610000000007595,2,1,1,2,0.0009190550130724609,5.353565895939269,5.162667465089825,5.0,0.5249480425231055,0.062425332469294596,0.4361915540906208,-0.03471497292185959,-0.017363909320065023,-0.00017698063234023486,0.5221850415765477,0.06150649316924794,0.0029117760714020384,0.7195966912413636,0.14716499999999919,0.14716499999999919,1.0,-0.05300134673627593,-0.053105599382151786,0.0,0.0,-0.001990034505698369,-0.05300134673627593,0.0,-0.0,0.0,-0.24588618110698013,-0.24607234408919482,-0.14761533255400677,-0.14751963871928928,-0.20470313371256973,-0.09261533255400706,0.09529686628742906,-0.09350151366098669,0.01048696485869987,0.15810229741270654,0.14211825707358727,1.9511397335489502e-05,0,0,0,0,0,inf,inf,0,0,0.0,1.3267876144760895,0.05602456342391955,-0.0884240090421615,0.059303777459914234,-1.7450123855239106,0.004562545825208929,1.644248987545576,-0.6695034768063234,-0.017715729634167572,-0.12443627953565245,-0.010867615831787886,-0.14406665907584487,0.005871362524779954,0.029181716685347966,-0.028488925150316854,-0.32439071634271677,-20.939038387089962,-0.5313795019811541,16.6626939326089,0.5513138811760505,0.9069841953205622,-0.03272281130410166,-0.32439071634271677,-20.939038387089962,-0.5313795019811541,16.6626939326089,0.5513138811760505,0.9069841953205622,-0.03272281130410166
7.271000000000763,2,1,1,1,0.000919569026941929,4.990085921658894,5.168774447207554,5.0,0.5246024089645277,0.062250483118586636,0.436190156544353,-0.034444731021282184,-0.017577002009129865,-0.00011574503169563118,0.5218588952964863,0.06132624958295878,0.0028950086139956496,0.7142433704852006,0.1474649999999993,0.1474649999999993,1.0,-0.04922119595393346,-0.049144108843131196,0.0,0.0,-0.0021191792252298696,-0.04922119595393346,0.0,-0.0,0.0,-0.24639915729111217,-0.2465845946089671,-0.14761533255400677,-0.14751963871928928,-0.2047224700321444,-0.09261533255400706,0.0952775299678544,-0.0940144898451187,0.01048696485869987,0.15810229741270654,0.14211825707358727,7.879925136376239e-06,0,0,0,0,0,inf,inf,0,0,0.0,1.325352206815706,0.05584652800889529,-0.08966485481825946,0.059194344761735726,-1.746447793184294,0.004619065139685304,1.644540500920422,-0.6697908037688629,-0.017876156363969494,-0.1237957643311589,-0.01100731150122825,-0.1431116727654148,0.005502241360720207,0.029114382997095758,-0.02891006514556429,-0.32700718059176326,-20.892978389262847,-0.5375388786982032,16.65436314268844,0.5627023196274501,0.899392020267802,-0.02750299425407856,-0.32700718059176326,-20.892978389262847,-0.5375388786982032,16.65436314268844,0.5627023196274501,0.899392020267802,-0.02750299425407856
7.281000000000766,2,1,1,1,0.0009198688396580825,4.991112652842478,5.1696410840222375,5.0,0.5242587358867689,0.062074204517320666,0.4361885286029317,-0.03427145213484722,-0.017695825872670736,-0.0001624484918617979,0.5215349836138142,0.061144381497268904,0.0028780891739214193,0.7089020892294636,0.1477649999999994,0.1477649999999994,1.0,-0.04937487488967038,-0.049195838766918965,0.0,0.0,-0.0020318900409608065,-0.04937487488967038,0.0,-0.0,0.0,-0.2469080117229329,-0.24709379486651398,-0.14761533255400677,-0.14751963871928928,-0.2047402567693934,-0.09261533255400706,0.09525974323060543,-0.09452334427693938,0.01048696485869987,0.15810229741270654,0.14211825707358727,2.192133665580694e-05,0,0,0,0,0,inf,inf,0,0,0.0,1.3239247093650226,0.0556667560342779,-0.09089934034845934,0.05908312558434506,-1.7478752906349775,0.004675984312483718,1.644830242004825,-0.6700811890986856,-0.01805417427625724,-0.12315837352423722,-0.011198801259151731,-0.14236256639770203,0.00567963792543043,0.0288964738826472,-0.029157623618868467,-0.33187093032677156,-20.855097338478608,-0.545025078545412,16.658292306299156,0.5563317205142891,0.9031599686894416,-0.02929294104333715,-0.33187093032677156,-20.855097338478608,-0.545025078545412,16.658292306299156,0.5563317205142891,0.9031599686894416,-0.02929294104333715
7.2910000000007695,2,1,1,1,0.0009202358735731766,4.991987022874694,5.17028945845622,5.0,0.5239172986126086,0.06189627338511197,0.43618695635831944,-0.03410062421990157,-0.01780987136950914,-0.000213025846064009,0.5212133265089296,0.06096090013065852,0.0028611865130782946,0.7035230063990849,0.1480649999999995,0.1480649999999995,1.0,-0.049330252504762265,-0.0491581081290285,0.0,0.0,-0.0017899717252291513,-0.049330252504762265,0.0,-0.0,0.0,-0.24741410506345546,-0.2476002160441471,-0.14761533255400677,-0.14751963871928928,-0.20475588254401692,-0.09261533255400706,0.09524411745598188,-0.09502943761746198,0.01048696485869987,0.15810229741270654,0.14211825707358727,2.0528640826882557e-05,0,0,0,0,0,inf,inf,0,0,0.0,1.3225057641664613,0.05548532367167251,-0.09212735863043185,0.05897024302620264,-1.7492942358335388,0.0047319049616119475,1.6451185688985155,-0.6703750001724539,-0.018231227249113295,-0.12251320949907755,-0.01139418537363055,-0.1416126414004413,0.005881455256240609,0.028667490278436396,-0.02939280293164104,-0.33669843371540026,-20.817582654534906,-0.552426723843896,16.662486434312072,0.5496026062467848,0.9071772901125232,-0.03126958022407686,-0.33669843371540026,-20.817582654534906,-0.552426723843896,16.662486434312072,0.5496026062467848,0.9071772901125232,-0.03126958022407686
7.301000000000773,2,1,1,1,0.0009206825007305455,4.99427636394109,5.18142705341785,5.0,0.5235781900934894,0.06171660389931714,0.43618545676093823,-0.03372247047431042,-0.018116488789635458,-4.689294095020955e-05,0.5208939438231578,0.06077581680112256,0.0028443379552926624,0.6980925189353613,0.1483649999999996,0.1483649999999996,1.0,-0.04820980880635903,-0.0481189831289489,0.0,0.0,-0.0015419089392549666,-0.04820980880635903,0.0,-0.0,0.0,-0.24792290971637965,-0.24811015967890473,-0.14761533255400677,-0.14751963871928928,-0.2047679353883219,-0.09261533255400706,0.09523206461167691,-0.09553824227038618,0.01048696485869987,0.15810229741270654,0.14211825707358727,6.67482448365972e-06,0,0,0,0,0,inf,inf,0,0,0.0,1.3210954302145304,0.05530228439211658,-0.09334883685285521,0.058855729615581186,-1.7507045697854697,0.004786273208263029,1.6454057116685878,-0.6706726971389558,-0.018358989694391144,-0.12184120783682602,-0.011479789072492407,-0.14043631898264244,0.004925084011332839,0.02876741845666452,-0.030033031649671634,-0.3397826480836189,-20.773002455328967,-0.5590236702304348,16.655090848820837,0.5609725934797513,0.8998429517379789,-0.025722261628828437,-0.3397826480836189,-20.773002455328967,-0.5590236702304348,16.655090848820837,0.5609725934797513,0.8998429517379789,-0.025722261628828437
7.311000000000776,2,1,1,2,0.0009205929064220733,5.367081323045996,5.1820827738795625,5.0,0.5232407616393795,0.06153587197705632,0.4361833972187904,-0.03352643021539752,-0.018256341943066644,-9.143757611031143e-05,0.5205768552575273,0.06058914292547265,0.002827135141514364,0.6927459221254666,0.1486649999999997,0.1486649999999997,1.0,-0.051076692514666386,-0.05129372051899576,0.0,0.0,-0.0007041607968399918,-0.051076692514666386,0.0,-0.0,0.0,-0.24842633041640805,-0.24861536738043233,-0.14761533255400677,-0.14751963871928928,-0.20477920597059013,-0.09261533255400706,0.09522079402940868,-0.09604166297041458,0.01048696485869987,0.15810229741270654,0.14211825707358727,1.8607426917522662e-05,0,0,0,0,0,inf,inf,0,0,0.0,1.3196926103941828,0.05511749310784126,-0.09456374609784814,0.05873921160501425,-1.7521073896058172,0.004843023330787934,1.6456904312169103,-0.6709725066436107,-0.01852136416448984,-0.121182245056747,-0.011663897591482604,-0.13967351634223912,0.004962259549613353,0.028604822642106592,-0.030414455254318566,-0.34627716721511853,-20.739651178104427,-0.5676883024124403,16.664952097174567,0.5477346402002312,0.9086613807786288,-0.02937599264164787,-0.34627716721511853,-20.739651178104427,-0.5676883024124403,16.664952097174567,0.5477346402002312,0.9086613807786288,-0.02937599264164787
7.3210000000007796,2,1,1,2,0.0009207116345597835,5.366888197199342,5.176971952497302,5.0,0.52290578284432,0.061353370676038216,0.4361815389991893,-0.0334456944522891,-0.01828076741636286,-0.0002544547924153972,0.5202620803715544,0.060400890018632726,0.0028100502072451318,0.687333890383727,0.1489649999999998,0.1489649999999998,1.0,-0.05156698442742806,-0.05179948370275399,0.0,0.0,-0.0004294247465507948,-0.05156698442742806,0.0,-0.0,0.0,-0.24892348600653555,-0.2491124563042608,-0.14761533255400677,-0.14751963871928928,-0.20478919273262752,-0.09261533255400706,0.09521080726737131,-0.09653881856054215,0.01048696485869987,0.15810229741270654,0.14211825707358727,2.2115421924493964e-05,0,0,0,0,0,inf,inf,0,0,0.0,1.3182988222642318,0.05493114923864821,-0.09577194743670432,0.058621086523637095,-1.7535011777357683,0.004897869016342983,1.6459739886643574,-0.6712760106708676,-0.0187142068998197,-0.12052364151901306,-0.011916773969843825,-0.13912624744438024,0.005695699234693658,0.028238862114363404,-0.030480276877313497,-0.3518565257372278,-20.706157501973554,-0.5753099865160156,16.674712082993373,0.5329456158534329,0.9180053257883959,-0.03457443827549758,-0.3518565257372278,-20.706157501973554,-0.5753099865160156,16.674712082993373,0.5329456158534329,0.9180053257883959,-0.03457443827549758
7.331000000000783,2,1,1,1,0.000921672637058806,4.996285269857016,5.181845047058132,5.0,0.5225738822983932,0.06116855185949269,0.4361805296011694,-0.03320705051010896,-0.018435726491809447,-0.00022086361970874275,0.519949638582037,0.060211069692928845,0.002793461505394806,0.6817327548665862,0.1492649999999999,0.1492649999999999,1.0,-0.048392680632387546,-0.048223261285141865,0.0,0.0,-0.001001251777120664,-0.048392680632387546,0.0,-0.0,0.0,-0.24941977314481287,-0.24960789422504784,-0.14761533255400677,-0.14751963871928928,-0.20479592620367523,-0.09261533255400706,0.09520407379632366,-0.09703510569881947,0.01048696485869987,0.15810229741270654,0.14211825707358727,1.9927001490798615e-05,0,0,0,0,0,inf,inf,0,0,0.0,1.316915368462017,0.054743445779442346,-0.09697332227895412,0.05850170741016216,-1.7548846315379831,0.004947302778270853,1.646257375054797,-0.6715845588290628,-0.01887251629174078,-0.11983925912326347,-0.012082947218851654,-0.13817101420625208,0.005607963171049907,0.028060295904881318,-0.030691455975579256,-0.3543693085050936,-20.662941587674336,-0.5810278477957667,16.668902979976842,0.5394395529662501,0.9129408002311539,-0.032197411664195666,-0.3543693085050936,-20.662941587674336,-0.5810278477957667,16.668902979976842,0.5394395529662501,0.9129408002311539,-0.032197411664195666
7.341000000000786,2,1,1,1,0.0009218204516871211,4.997494298169333,5.187103609173702,5.0,0.5222435100784507,0.060982872254246576,0.4361786822145648,-0.03292304400634255,-0.01864451176820188,-0.00016999486719357398,0.5196395491618562,0.06001969365737283,0.0027763871244168292,0.6762613568435937,0.149565,0.149565,1.0,-0.047951646479650285,-0.04777666266873448,0.0,0.0,-0.0008513347387955666,-0.047951646479650285,0.0,-0.0,0.0,-0.24991753714586926,-0.2501063500557605,-0.14761533255400677,-0.14751963871928928,-0.20480051942688318,-0.09261533255400706,0.09519948057311567,-0.09753286969987586,0.01048696485869987,0.15810229741270654,0.14211825707358727,2.1252700961977057e-05,0,0,0,0,0,inf,inf,0,0,0.0,1.315539060764974,0.054554016819014894,-0.09816792834439189,0.05838017790420352,-1.7562609392350261,0.0050001799899835634,1.646538076051018,-0.6718949978182008,-0.019009565575568498,-0.11914944605056184,-0.012223702073506522,-0.13719809080845166,0.005198196910486393,0.02801085831021037,-0.03118220993317274,-0.3590558187010996,-20.622859101752407,-0.5886726464111443,16.667562405517817,0.5420636036475485,0.9114436885207631,-0.029603773227901753,-0.3590558187010996,-20.622859101752407,-0.5886726464111443,16.667562405517817,0.5420636036475485,0.9114436885207631,-0.029603773227901753
7.35100000000079,2,1,1,1,0.0009220874978621276,4.99798855526136,5.186692095064704,5.0,0.5219155533133694,0.06079555727267657,0.43617694597373247,-0.032748223045308694,-0.0187468433392828,-0.00023556401187094456,0.5193318312387882,0.05982677371694001,0.0027593769834046585,0.670744852820686,0.1498650000000001,0.1498650000000001,1.0,-0.04798988879468012,-0.047822520980342634,0.0,0.0,-0.00064036422614797,-0.04798988879468012,0.0,-0.0,0.0,-0.25040966400709097,-0.25059873851859604,-0.14761533255400677,-0.14751963871928928,-0.20480408861608715,-0.09261533255400706,0.09519591138391172,-0.09802499656109757,0.01048696485869987,0.15810229741270654,0.14211825707358727,1.9640508526175252e-05,0,0,0,0,0,inf,inf,0,0,0.0,1.3141718038704167,0.05436309785859203,-0.09935561945545004,0.05825698566653619,-1.7576281961295834,0.005051645222193162,1.6468174434084417,-0.6722088741278334,-0.019175745293928306,-0.11846013395561616,-0.012430549913245492,-0.13643980119352228,0.005439332233764256,0.0277761472601614,-0.031391300749115975,-0.36386418598898,-20.58696697133762,-0.595850770809195,16.672502344908196,0.5346420829283453,0.9160715251319619,-0.031885139834793616,-0.36386418598898,-20.58696697133762,-0.595850770809195,16.672502344908196,0.5346420829283453,0.9160715251319619,-0.031885139834793616
7.361000000000793,2,1,1,1,0.0009226482791430393,4.998824718357232,5.1913255908336025,5.0,0.5215901748142252,0.06060649038084068,0.4361754986654345,-0.03248964400870487,-0.01891957143417288,-0.00020118997066107832,0.5190265037943239,0.059632321771841044,0.002742519567303397,0.6651541765475529,0.1501650000000002,0.1501650000000002,1.0,-0.047599171543132236,-0.04742857811686771,0.0,0.0,-0.00047692640710548926,-0.047599171543132236,0.0,-0.0,0.0,-0.2509008201287756,-0.25109050766616053,-0.14761533255400677,-0.14751963871928928,-0.20480514940614822,-0.09261533255400706,0.09519485059385066,-0.09851615268278219,0.01048696485869987,0.15810229741270654,0.14211825707358727,2.0199024400388127e-05,0,0,0,0,0,inf,inf,0,0,0.0,1.3128140167893307,0.05417075489661653,-0.10053631122960802,0.058132215866335164,-1.7589859832106693,0.00510086270002141,1.647095656162831,-0.6725264697125389,-0.01931793188944399,-0.11775623386477446,-0.012588351543312525,-0.13547555702941844,0.005222766793482553,0.02764871026039476,-0.03173655610846723,-0.3679708651724968,-20.54828282434588,-0.6027166785082271,16.672582077114154,0.5343995446207152,0.9160075062172754,-0.03132228340079978,-0.3679708651724968,-20.54828282434588,-0.6027166785082271,16.672582077114154,0.5343995446207152,0.9160075062172754,-0.03132228340079978
7.371000000000796,2,1,1,1,0.0009229416511683788,4.9996835594373135,5.195918421473355,5.0,0.5212669007233198,0.060416115151639846,0.43617377066198326,-0.03221743037708814,-0.019105693055370004,-0.00016351696551040703,0.5187235856624984,0.059436349816787866,0.002725507587584108,0.6595909561422458,0.1504650000000003,0.1504650000000003,1.0,-0.04720543169701992,-0.04703108794430127,0.0,0.0,-0.00032632446766747843,-0.04720543169701992,0.0,-0.0,0.0,-0.25139085933181965,-0.25158117106790645,-0.14761533255400677,-0.14751963871928928,-0.20480434651270718,-0.09261533255400706,0.09519565348729171,-0.0990061918858262,0.01048696485869987,0.15810229741270654,0.14211825707358727,2.1066656709069277e-05,0,0,0,0,0,inf,inf,0,0,0.0,1.311464643595274,0.053976883494557114,-0.10170997412476447,0.05800556928661743,-1.7603353564047262,0.005150564176177316,1.64737199062948,-0.6728469114021889,-0.01945229996999285,-0.11704602307629942,-0.01273949717860763,-0.1345059126889409,0.004918858592558515,0.027559369383060178,-0.032159496715777634,-0.37259382245378486,-20.509450495124327,-0.6101420439572132,16.67221295865859,0.5353851262430643,0.9154488099780708,-0.029649994746901803,-0.37259382245378486,-20.509450495124327,-0.6101420439572132,16.67221295865859,0.5353851262430643,0.9154488099780708,-0.029649994746901803
7.3810000000008,2,1,1,2,0.0009230828679786243,5.381732530867398,5.206028637663295,5.0,0.5209459179827871,0.060224277493257705,0.43617188190565626,-0.03184087585204615,-0.019383116842208708,-1.4987380314027728e-05,0.5184230955287289,0.05923886994025376,0.0027084425746575344,0.6540224306268401,0.1507650000000004,0.1507650000000004,1.0,-0.04899633461854004,-0.04918316232580244,0.0,0.0,0.0006123171782114205,-0.04899633461854004,0.0,-0.0,0.0,-0.2518821718819471,-0.2520748808936471,-0.14761533255400677,-0.14751963871928928,-0.20480108756359416,-0.09261533255400706,0.09519891243640469,-0.09949750443595366,0.01048696485869987,0.15810229741270654,0.14211825707358727,1.4621352488599454e-05,0,0,0,0,0,inf,inf,0,0,0.0,1.3101239364793789,0.05378155121683481,-0.10287652993727321,0.05787712966986317,-1.7616760635206212,0.005199760911082464,1.6476468384837348,-0.6731706720777418,-0.019554187310012613,-0.11632191753718048,-0.012828261371993133,-0.13331870838219942,0.004024190767223845,0.02763620138360414,-0.0328172524152982,-0.3774267110368898,-20.471451150342524,-0.6178017265370717,16.67230551417127,0.5370852717808777,0.9146604543296609,-0.027438292573746005,-0.3774267110368898,-20.471451150342524,-0.6178017265370717,16.67230551417127,0.5370852717808777,0.9146604543296609,-0.027438292573746005
7.391000000000803,2,1,1,2,0.0009229477878866235,5.379810591744217,5.1940200687783085,5.0,0.5206269978464102,0.060031262299527245,0.4361696977529567,-0.03183835735079459,-0.01932947221415519,-0.0003035290119494007,0.5181250519286622,0.059039894323727735,0.002691197473017666,0.648501738230632,0.1510650000000005,0.1510650000000005,1.0,-0.050158549103684176,-0.05037191510317418,0.0,0.0,0.0008326950130519214,-0.050158549103684176,0.0,-0.0,0.0,-0.25236135609098953,-0.2525536057729751,-0.14761533255400677,-0.14751963871928928,-0.2047991879245369,-0.09261533255400706,0.09520081207546194,-0.09997668864499605,0.01048696485869987,0.15810229741270654,0.14211825707358727,2.0531537376772767e-05,0,0,0,0,0,inf,inf,0,0,0.0,1.3087918031101955,0.053584672865513494,-0.10403590119804655,0.05774673705071756,-1.7630081968898046,0.005250136414715642,1.6479195112620577,-0.673496386438981,-0.01976364496846749,-0.11561751184714135,-0.013153401996383719,-0.1329774899519403,0.005267782589305917,0.02716089103660477,-0.032718514877028274,-0.3830754669657889,-20.442994511972685,-0.6247737389393739,16.687901157941234,0.514562548132574,0.9294515430533149,-0.035956900349987955,-0.3830754669657889,-20.442994511972685,-0.6247737389393739,16.687901157941234,0.514562548132574,0.9294515430533149,-0.035956900349987955
7.401000000000806,2,1,1,1,0.0009241337454611578,5.001847968066002,5.208432955693318,5.0,0.5203117493018601,0.05983561948733452,0.43616885573816333,-0.03143076986883304,-0.019606978924599686,-7.865982246879742e-05,0.5178294732470315,0.05883943524096307,0.00267471072549795,0.6426970388944249,0.1513650000000006,0.1513650000000006,1.0,-0.04611628885283547,-0.045934431078106644,0.0,0.0,0.00013606764900678153,-0.04611628885283547,0.0,-0.0,0.0,-0.2528456173336734,-0.25303764771994175,-0.14761533255400677,-0.14751963871928928,-0.2047919483715931,-0.09261533255400706,0.09520805162840572,-0.10046094988767998,0.01048696485869987,0.15810229741270654,0.14211825707358727,2.2525302059314795e-05,0,0,0,0,0,inf,inf,0,0,0.0,1.3074713394568636,0.05338680548532309,-0.10518794274741783,0.057615400142859714,-1.7643286605431365,0.005292217880478726,1.648192795455242,-0.6738285375974108,-0.01985686217016538,-0.11487381642571001,-0.01321880412206819,-0.13160309820833968,0.0042913798217484415,0.02719198126162963,-0.03319440865844992,-0.38555419747757913,-20.395699208934065,-0.6311370259915472,16.673281389345878,0.5340171010251422,0.9158986406401288,-0.027769238424526693,-0.38555419747757913,-20.395699208934065,-0.6311370259915472,16.673281389345878,0.5340171010251422,0.9158986406401288,-0.027769238424526693
7.41100000000081,2,1,1,2,0.000923698964467228,5.385059989704803,5.207245908373242,5.0,0.5199974427016878,0.05963982077919328,0.4361663522728058,-0.03122094328062298,-0.019737605065102422,-0.00014711006498060864,0.5175363777165223,0.05863750505722025,0.002657344100360748,0.6371827463712502,0.1516650000000007,0.1516650000000007,1.0,-0.048949176408423674,-0.049140039627804465,0.0,0.0,0.001106836098066748,-0.048949176408423674,0.0,-0.0,0.0,-0.25332737445795267,-0.2535210719205246,-0.14761533255400677,-0.14751963871928928,-0.2047853813550713,-0.09261533255400706,0.09521461864492749,-0.10094270701195923,0.01048696485869987,0.15810229741270654,0.14211825707358727,1.6312737252210628e-05,0,0,0,0,0,inf,inf,0,0,0.0,1.306156904068449,0.05318709064085245,-0.10633273893998552,0.057481361862705804,-1.765643095931551,0.005342026197395039,1.6484622210486408,-0.6741603381555105,-0.019997100514851634,-0.11414334552927873,-0.013417097804982122,-0.13083194783671764,0.004334866172075875,0.02704820373353805,-0.03362129121342017,-0.3919022249386663,-20.36467653124789,-0.6393379229352999,16.68367850982879,0.5214591200640574,0.9249349302053412,-0.030773165889975328,-0.3919022249386663,-20.36467653124789,-0.6393379229352999,16.68367850982879,0.5214591200640574,0.9249349302053412,-0.030773165889975328
7.421000000000813,2,1,1,2,0.0009244121727637047,5.391024084540888,5.199369722292734,5.0,0.5196865290142899,0.059441758918789694,0.43616500693964,-0.03116253130562686,-0.0197174459141436,-0.0003554935321853269,0.5172457834166474,0.05843411622850417,0.0026405648758735622,0.6314506630414173,0.1519650000000008,0.1519650000000008,1.0,-0.04689329907869679,-0.048302995230559365,0.0,0.0,0.0005136899113113234,-0.04689329907869679,0.0,-0.0,0.0,-0.253798196921241,-0.25399178043510034,-0.14761533255400677,-0.14751963871928928,-0.20477815045247025,-0.09261533255400706,0.09522184954752856,-0.10141352947524755,0.01048696485869987,0.15810229741270654,0.14211825707358727,1.6525890979500684e-05,0,0,0,0,0,inf,inf,0,0,0.0,1.304854006356231,0.052986324007842096,-0.10747007609644113,0.05734620153892834,-1.766945993643769,0.005385538528360357,1.6487314294692315,-0.6744970833169405,-0.020197728803946397,-0.11340920614621945,-0.01371708460995643,-0.13029830698020536,0.005352459935980338,0.02659651512520026,-0.03342563350740427,-0.3954427773829523,-20.330956243122046,-0.6448016640681368,16.69015097415242,0.5101972578205243,0.9316417052386927,-0.036005791518862476,-0.3954427773829523,-20.330956243122046,-0.6448016640681368,16.69015097415242,0.5101972578205243,0.9316417052386927,-0.036005791518862476
7.431000000000816,2,1,1,1,0.0009251089252343683,5.0023988484828426,5.2135387227300924,5.0,0.5193781026041461,0.05924220450201079,0.4361636412919274,-0.030737816860289827,-0.020008077429431136,-0.00013056059415526047,0.5169577082726321,0.05822928130079583,0.0026237991789739828,0.6256931725725102,0.1522650000000009,0.1522650000000009,1.0,-0.045651927032655054,-0.045476248130020866,0.0,0.0,0.000592043938565021,-0.045651927032655054,0.0,-0.0,0.0,-0.2542782517822101,-0.25447149464448393,-0.14761533255400677,-0.14751963871928928,-0.20476647763028388,-0.09261533255400706,0.09523352236971491,-0.1018935843362166,0.01048696485869987,0.15810229741270654,0.14211825707358727,2.113512410054685e-05,0,0,0,0,0,inf,inf,0,0,0.0,1.303560348080581,0.05278426807421859,-0.10859995885361105,0.05720931647940466,-1.768239651919419,0.005427826519604798,1.6489992575686092,-0.6748374730245028,-0.02026850356401869,-0.11264974483433014,-0.013769025511191026,-0.1289205662923592,0.004244489504736251,0.02667712318199891,-0.034082614602141445,-0.3998258894324711,-20.288107756514314,-0.6526341225229388,16.68125385081798,0.5235010865621824,0.9228911126669276,-0.028974573834707223,-0.3998258894324711,-20.288107756514314,-0.6526341225229388,16.68125385081798,0.5235010865621824,0.9228911126669276,-0.028974573834707223
7.44100000000082,2,1,1,2,0.0009247799892028443,5.389706624032469,5.217158532153676,5.0,0.5190713238930873,0.05904190839480118,0.43616122636259225,-0.03044538025061698,-0.02019686477852319,-0.00010365646368212376,0.5166721700543082,0.05802301290927844,0.0026065469787723097,0.6200950157620413,0.152565000000001,0.152565000000001,1.0,-0.04806090276730262,-0.0482382541895062,0.0,0.0,0.0015197002894086363,-0.04806090276730262,0.0,-0.0,0.0,-0.25475564632577835,-0.2549508611698663,-0.14761533255400677,-0.14751963871928928,-0.20475494075943146,-0.09261533255400706,0.09524505924056732,-0.10237097887978491,0.01048696485869987,0.15810229741270654,0.14211825707358727,1.4358736327638048e-05,0,0,0,0,0,inf,inf,0,0,0.0,1.3022739985366671,0.05258062080067898,-0.10972235788260468,0.05707010123273082,-1.769526001463333,0.005473985777855846,1.6492644612017051,-0.6751792228390731,-0.02037885827376154,-0.11189365862168411,-0.013917466123419821,-0.12794425380695396,0.0038641056259074804,0.026638245176179024,-0.0346185172987444,-0.40554160524040395,-20.254871249268454,-0.6605332174236638,16.68702216957629,0.5176616192074133,0.9274195566209393,-0.029393960166085226,-0.40554160524040395,-20.254871249268454,-0.6605332174236638,16.68702216957629,0.5176616192074133,0.9274195566209393,-0.029393960166085226
7.451000000000823,2,1,1,2,0.0009252490048294029,5.3880703256852325,5.208744124110086,5.0,0.518767634445849,0.058839733257095815,0.4361596107202531,-0.03037397050264061,-0.02018711517670844,-0.000317912776501066,0.516389186375018,0.057815323777558,0.002589677587539919,0.614355421127675,0.1528650000000011,0.1528650000000011,1.0,-0.04907709713975727,-0.04919016623887834,0.0,0.0,0.00156431543607664,-0.04907709713975727,0.0,-0.0,0.0,-0.2552211630240272,-0.25541617074652406,-0.14761533255400677,-0.14751963871928928,-0.20474365597103866,-0.09261533255400706,0.09525634402896013,-0.10283649557803375,0.01048696485869987,0.15810229741270654,0.14211825707358727,1.5572313502182326e-05,0,0,0,0,0,inf,inf,0,0,0.0,1.3009986857923816,0.0523758781516547,-0.11083712044149413,0.05692954601003401,-1.7708013142076184,0.005515977360521213,1.6495288172441098,-0.6755247576782033,-0.020572428401550488,-0.11113871450545623,-0.014218525879120592,-0.12741168654092414,0.0048220762505691885,0.02622268331201442,-0.03448403384686576,-0.4090947302374487,-20.22575998780102,-0.6654699152015848,16.699279063125662,0.49975393450975264,0.9389333639170399,-0.03749719631998886,-0.4090947302374487,-20.22575998780102,-0.6654699152015848,16.699279063125662,0.49975393450975264,0.9389333639170399,-0.03749719631998886
7.461000000000826,2,1,1,1,0.0009262311377573875,5.002760539902753,5.222030859023704,5.0,0.5184669230597154,0.05863574885801013,0.4361585135873695,-0.029973980013539046,-0.020439723273214448,-0.00011143730454519963,0.5161087746905278,0.05760622671687844,0.0025730875558718142,0.6084987424292584,0.1531650000000012,0.1531650000000012,1.0,-0.044874346509692374,-0.04469763961325707,0.0,0.0,0.0009895214420242832,-0.044874346509692374,0.0,-0.0,0.0,-0.2556930690784801,-0.2558877254521641,-0.14761533255400677,-0.14751963871928928,-0.20472800448443515,-0.09261533255400706,0.09527199551556365,-0.1033084016324866,0.01048696485869987,0.15810229741270654,0.14211825707358727,2.115597890092129e-05,0,0,0,0,0,inf,inf,0,0,0.0,1.29973382783483,0.05217007456679854,-0.11194420868521197,0.05678757089917945,-1.77206617216517,0.005554213867509897,1.649792404878885,-0.6758748203694275,-0.020644233078313177,-0.11036180372629209,-0.01428413725633861,-0.1260459060889329,0.003899898122855561,0.026230121740353187,-0.03500377171313377,-0.41359525493337174,-20.180582908435753,-0.6736752680682875,16.68613244645498,0.5175085754477392,0.9268282709298847,-0.02862246806877123,-0.41359525493337174,-20.180582908435753,-0.6736752680682875,16.68613244645498,0.5175085754477392,0.9268282709298847,-0.02862246806877123
7.47100000000083,2,1,1,2,0.0009260300404330393,5.392904140882654,5.224819053493466,5.0,0.5181677520519496,0.05843118904476704,0.43615620602936334,-0.02969209039546357,-0.02061054074471948,-9.946411787822992e-05,0.5158309522979513,0.057395734625331436,0.002555934065075924,0.6028394772440048,0.1534650000000013,0.1534650000000013,1.0,-0.04738475105979495,-0.04755287955572811,0.0,0.0,0.0018807472084899394,-0.04738475105979495,0.0,-0.0,0.0,-0.25616335866422196,-0.2563599305526432,-0.14761533255400677,-0.14751963871928928,-0.20471277520027653,-0.09261533255400706,0.09528722479972222,-0.10377869121822843,0.01048696485869987,0.15810229741270654,0.14211825707358727,1.339359600614895e-05,0,0,0,0,0,inf,inf,0,0,0.0,1.2984761657356108,0.051962663503512675,-0.11304361206015529,0.05664313511170572,-1.7733238342643893,0.005597288309417344,1.6500530467658563,-0.676225575265281,-0.020751592760968635,-0.1095869696591846,-0.014442089795114502,-0.1250802708123676,0.0036053110566178063,0.02616082146525931,-0.03550608378926932,-0.41922232872491183,-20.148556149836125,-0.6813219207818735,16.69273259930523,0.5106215062516233,0.9321240187786046,-0.029550682001171766,-0.41922232872491183,-20.148556149836125,-0.6813219207818735,16.69273259930523,0.5106215062516233,0.9321240187786046,-0.029550682001171766
7.481000000000833,2,1,1,2,0.0009262259805768161,5.392786401650604,5.221367439739173,5.0,0.5178714538856002,0.05822498720306272,0.43615429543387885,-0.029520619504428712,-0.02068058963476137,-0.00021095611489392065,0.5155557363346821,0.057183860487060645,0.0025389944100772084,0.5970962999993972,0.1537650000000014,0.1537650000000014,1.0,-0.04774921601628446,-0.047924326939831535,0.0,0.0,0.0019815807146647117,-0.04774921601628446,0.0,-0.0,0.0,-0.2566266137534566,-0.25682330105469975,-0.14761533255400677,-0.14751963871928928,-0.20469714663100885,-0.09261533255400706,0.09530285336898991,-0.10424194630746306,0.01048696485869987,0.15810229741270654,0.14211825707358727,1.530453161777087e-05,0,0,0,0,0,inf,inf,0,0,0.0,1.2972288628992477,0.05175415763964292,-0.11413521154825254,0.05649717632777458,-1.7745711371007524,0.005637564724051193,1.650312623143584,-0.6765799798530695,-0.020904447014359912,-0.10880855258081855,-0.014680142103307996,-0.12433903269040944,0.004000602351280419,0.025904223208494837,-0.03562536807574563,-0.42347809344732307,-20.116768239575816,-0.6873960459350879,16.699769647944475,0.5010438262854094,0.9385353676449334,-0.03308871298400184,-0.42347809344732307,-20.116768239575816,-0.6873960459350879,16.699769647944475,0.5010438262854094,0.9385353676449334,-0.03308871298400184
7.491000000000836,2,1,1,2,0.0009268792897445246,5.399556097695659,5.217233295304742,5.0,0.5175780728021933,0.05801714900549793,0.4361528426634175,-0.029369211823672893,-0.020727986788828222,-0.00033616877550053084,0.5152831437773374,0.056970617371460995,0.0025222862030637606,0.5912627017141211,0.1540650000000015,0.1540650000000015,1.0,-0.04525765011396142,-0.046672548395949316,0.0,0.0,0.0013718031931960791,-0.04525765011396142,0.0,-0.0,0.0,-0.2570851998014335,-0.25728202541327017,-0.14761533255400677,-0.14751963871928928,-0.2046803194925883,-0.09261533255400706,0.09531968050741046,-0.10470053235543995,0.01048696485869987,0.15810229741270654,0.14211825707358727,1.6510542306434032e-05,0,0,0,0,0,inf,inf,0,0,0.0,1.2959920982959312,0.05154460272772675,-0.11521894533764128,0.056349731644574186,-1.7758079017040689,0.005674874788589549,1.6505711305693023,-0.6769380575520425,-0.02107015777845348,-0.10802246127864042,-0.014934959760492892,-0.12360940174041042,0.004550789710471954,0.025588396798841555,-0.035583844973096926,-0.4271336021884216,-20.082048290520348,-0.6931738328457583,16.702234867023773,0.49624932894264645,0.9412996059811493,-0.03518832290844762,-0.4271336021884216,-20.082048290520348,-0.6931738328457583,16.702234867023773,0.49624932894264645,0.9412996059811493,-0.03518832290844762
7.50100000000084,2,1,1,1,0.0009273246203136123,5.001916631562385,5.224374763728385,5.0,0.5172871286170623,0.057808067109580925,0.43615117429956407,-0.029040942357263313,-0.02091592275575588,-0.00024401652314506807,0.51501319144071,0.05675601843237227,0.0025055132610332397,0.5854464087187842,0.1543650000000016,0.1543650000000016,1.0,-0.04460787529012812,-0.0444427880315482,0.0,0.0,0.001464361804153956,-0.04460787529012812,0.0,-0.0,0.0,-0.25754871367051213,-0.2577446989027356,-0.14761533255400677,-0.14751963871928928,-0.20466114409309955,-0.09261533255400706,0.09533885590689918,-0.1051640462245186,0.01048696485869987,0.15810229741270654,0.14211825707358727,1.8240845471854628e-05,0,0,0,0,0,inf,inf,0,0,0.0,1.2947645875705924,0.05133383484771886,-0.11629477120255911,0.05620042824676634,-1.7770354124294077,0.005712027156311792,1.6508279790592382,-0.6772989556114185,-0.02115666460620514,-0.10722600188758764,-0.015056230283778987,-0.12245706410428847,0.004051382542548017,0.02552297905729187,-0.03602792840960833,-0.43219943793335336,-20.044918407424007,-0.7009146886492893,16.70002476287816,0.5000243506376547,0.9389140591291004,-0.03209544981719742,-0.43219943793335336,-20.044918407424007,-0.7009146886492893,16.70002476287816,0.5000243506376547,0.9389140591291004,-0.03209544981719742
7.511000000000843,2,1,1,1,0.0009279189334528695,5.001672654544001,5.231174437921818,5.0,0.5169988770023488,0.057597586896702725,0.43614965047177023,-0.0287214869569503,-0.02109243073029204,-0.00015913570698054133,0.5147458959767318,0.056540076907267915,0.00248882520068096,0.5795966218017637,0.1546650000000017,0.1546650000000017,1.0,-0.043984633631989616,-0.043812546912652156,0.0,0.0,0.0015598635109908443,-0.043984633631989616,0.0,-0.0,0.0,-0.2580093710450333,-0.2582060511400686,-0.14761533255400677,-0.14751963871928928,-0.20464101177955815,-0.09261533255400706,0.09535898822044059,-0.10562470359903982,0.01048696485869987,0.15810229741270654,0.14211825707358727,1.971533544041881e-05,0,0,0,0,0,inf,inf,0,0,0.0,1.2935471127848022,0.05112196255491077,-0.11736261617844729,0.056049456131922484,-1.778252887215198,0.0057477049380143365,1.6510833868036818,-0.6776628589433649,-0.021244703869867345,-0.1064237907485713,-0.015183175651921068,-0.12131100832551796,0.003614169787543939,0.0254323609474588,-0.036428304083663515,-0.4371101652237511,-20.008388615975097,-0.7084199284397817,16.698365524429757,0.5028696624701786,0.9370770501898781,-0.02962157774759608,-0.4371101652237511,-20.008388615975097,-0.7084199284397817,16.698365524429757,0.5028696624701786,0.9370770501898781,-0.02962157774759608
7.521000000000846,2,1,1,2,0.0009279047017218536,5.397394746896824,5.238252100020608,5.0,0.5167128096907473,0.05738609924816003,0.4361475050274576,-0.02837531686917982,-0.02129403245360639,-6.464340150914381e-05,0.5144812738734459,0.05632280611643834,0.0024719110800887527,0.5738299985438714,0.1549650000000018,0.1549650000000018,1.0,-0.04616607971566881,-0.04631671489328904,0.0,0.0,0.002357831738079026,-0.04616607971566881,0.0,-0.0,0.0,-0.25847122866858635,-0.25867007844729617,-0.14761533255400677,-0.14751963871928928,-0.204620089765222,-0.09261533255400706,0.09537991023477672,-0.10608656122259283,0.01048696485869987,0.15810229741270654,0.14211825707358727,1.1123858653283768e-05,0,0,0,0,0,inf,inf,0,0,0.0,1.2923381926594992,0.05090877983805812,-0.11842243112209666,0.05589638549745287,-1.7794618073405009,0.005784922525086045,1.651336816096493,-0.6780288366336753,-0.021316966045621874,-0.1056156263622629,-0.015294889554376367,-0.12015399675878821,0.00300673739469072,0.025419995035689303,-0.0370011617269674,-0.4425640244144424,-19.975284047214558,-0.7160976890842075,16.701344238340134,0.5010913047673085,0.9388792358030396,-0.02846760755733157,-0.4425640244144424,-19.975284047214558,-0.7160976890842075,16.701344238340134,0.5010913047673085,0.9388792358030396,-0.02846760755733157
7.53100000000085,2,1,1,2,0.0009283628408461022,5.397535689954616,5.2389143315301885,5.0,0.5164296935021518,0.05717308134238344,0.43614583145943797,-0.028137827348451848,-0.02140205226017358,-9.500927801521561e-05,0.5142193414539903,0.05610421946216941,0.0024552233902003016,0.5679815955741325,0.1552650000000019,0.1552650000000019,1.0,-0.046127350021411224,-0.04627776134210125,0.0,0.0,0.002426957898851554,-0.046127350021411224,0.0,-0.0,0.0,-0.2589256640235174,-0.2591248529227918,-0.14761533255400677,-0.14751963871928928,-0.2045989685228701,-0.09261533255400706,0.09540103147712867,-0.10654099657752392,0.01048696485869987,0.15810229741270654,0.14211825707358727,1.1480576353212703e-05,0,0,0,0,0,inf,inf,0,0,0.0,1.2911400613413628,0.050694631499996354,-0.11947413601628586,0.05574183457384007,-1.7806599386586373,0.0058193761499412446,1.6515890452517077,-0.6783981206668801,-0.021436802160360962,-0.10480352522892651,-0.015488085706982312,-0.11922491394509437,0.0030673760865009177,0.025226186640124517,-0.037209804052604614,-0.44691820115433106,-19.942527957569126,-0.7224649889559854,16.70495330543292,0.4965065180958217,0.942013572464577,-0.029747615004153488,-0.44691820115433106,-19.942527957569126,-0.7224649889559854,16.70495330543292,0.4965065180958217,0.942013572464577,-0.029747615004153488
7.541000000000853,2,1,1,2,0.0009285374868126242,5.398058722145693,5.239489667874452,5.0,0.5161490336175134,0.0569589022248989,0.4361438663071744,-0.02788835286997432,-0.021520151321832742,-0.00012368360559450141,0.5139601148755902,0.05588433042791555,0.0024384564391464,0.5621649574266737,0.155565000000002,0.155565000000002,1.0,-0.04608903886494459,-0.04623886927987403,0.0,0.0,0.002488692949591461,-0.04608903886494459,0.0,-0.0,0.0,-0.2593795788469258,-0.25957911213408774,-0.14761533255400677,-0.14751963871928928,-0.20457710389444467,-0.09261533255400706,0.0954228961055541,-0.10699491140093222,0.01048696485869987,0.15810229741270654,0.14211825707358727,1.1574453678414724e-05,0,0,0,0,0,inf,inf,0,0,0.0,1.2899512354937908,0.05047931776831166,-0.12051768172835674,0.05558537941230955,-1.7818487645062093,0.0058539665471159475,1.6518395795961445,-0.6787699252310981,-0.021550278715585947,-0.10398505523924151,-0.015676350106599644,-0.11829354524880831,0.0030613245394298188,0.025068621606289233,-0.037482930297231015,-0.45169838517894056,-19.909726488031307,-0.7292808267875038,16.708184652906997,0.4928605478942996,0.9447220278723715,-0.03012198280992194,-0.45169838517894056,-19.909726488031307,-0.7292808267875038,16.708184652906997,0.4928605478942996,0.9447220278723715,-0.03012198280992194
7.551000000000856,2,1,1,2,0.0009291017476373,5.397819553448064,5.2395100104442855,5.0,0.5158713030817277,0.056743261011930064,0.4361422904019982,-0.02765818167986809,-0.021617041088344252,-0.00016578811708124592,0.5137036101285624,0.0556631525774682,0.0024218850033389822,0.5562785973856996,0.1558650000000021,0.1558650000000021,1.0,-0.046235868609445875,-0.046329484731518794,0.0,0.0,0.0024929360741323095,-0.046235868609445875,0.0,-0.0,0.0,-0.2598294837791929,-0.2600293206607808,-0.14761533255400677,-0.14751963871928928,-0.20455448021184464,-0.09261533255400706,0.0954455197881542,-0.10744481633319937,0.01048696485869987,0.15810229741270654,0.14211825707358727,1.91818785879034e-05,0,0,0,0,0,inf,inf,0,0,0.0,1.288773121423795,0.05026307140986851,-0.12155300219975511,0.05542741417523674,-1.7830268785762051,0.005886057076460491,1.6520888794339346,-0.679145007393757,-0.02167315798105073,-0.10316054727581209,-0.015878145297038397,-0.11737579328728664,0.0031909688855158162,0.024856380132881335,-0.03762918141397922,-0.4555968664520451,-19.87787872790131,-0.7350609556435532,16.712446255207777,0.4872773024163235,0.9484647656752482,-0.03227875221233293,-0.4555968664520451,-19.87787872790131,-0.7350609556435532,16.712446255207777,0.4872773024163235,0.9484647656752482,-0.03227875221233293
7.56100000000086,2,1,1,2,0.0009293870039241694,5.397960975408201,5.239415390613691,5.0,0.5155960576216582,0.05652649150520459,0.43614042746616044,-0.027415975827035012,-0.021724576250442,-0.00020644796856330094,0.5134498430353275,0.055440699554118976,0.0024052403646248966,0.550426156733705,0.1561650000000022,0.1561650000000022,1.0,-0.046265912589182,-0.046361934812587303,0.0,0.0,0.0025398691116639157,-0.046265912589182,0.0,-0.0,0.0,-0.26027889463190956,-0.2604790400965774,-0.14761533255400677,-0.14751963871928928,-0.20453123970001658,-0.09261533255400706,0.09546876029998226,-0.10789422718591608,0.01048696485869987,0.15810229741270654,0.14211825707358727,1.819559085176941e-05,0,0,0,0,0,inf,inf,0,0,0.0,1.2876044217106914,0.05004569811598517,-0.12258004332681709,0.05526754978572689,-1.7841955782893086,0.005918307144158242,1.65233646868318,-0.6795224881699345,-0.021789385464805487,-0.10232975338370547,-0.016074976015841663,-0.11645648278549349,0.0032511439943725476,0.02468100768881513,-0.03784800210426661,-0.45998606181216306,-19.84598836475569,-0.7413553530911247,16.716331928424186,0.4826798088547666,0.951783041168311,-0.03343348219717002,-0.45998606181216306,-19.84598836475569,-0.7413553530911247,16.716331928424186,0.4826798088547666,0.951783041168311,-0.03343348219717002
7.571000000000863,2,1,1,2,0.0009296680155068951,5.3990471597073295,5.244789993874388,5.0,0.515323520630136,0.05630845622498362,0.4361385563825412,-0.027097622832654912,-0.021884493259148093,-0.00014336175081599117,0.5131988292494355,0.055216985079818245,0.002388644536960563,0.5445620161769792,0.1564650000000023,0.1564650000000023,1.0,-0.04563025618166514,-0.045773171510431504,0.0,0.0,0.0026450499201116154,-0.04563025618166514,0.0,-0.0,0.0,-0.26072939578441706,-0.26093012794005094,-0.14761533255400677,-0.14751963871928928,-0.20450682500436607,-0.09261533255400706,0.09549317499563274,-0.10834472833842361,0.01048696485869987,0.15810229741270654,0.14211825707358727,1.0993694353531088e-05,0,0,0,0,0,inf,inf,0,0,0.0,1.286445726123336,0.04982731405142163,-0.12359874285769137,0.055105958494216505,-1.7853542738766641,0.005949506142800022,1.652582616013159,-0.6799028079725185,-0.02186448371902055,-0.10149306602930405,-0.016207267203228924,-0.11533023189490271,0.0028629565849192704,0.024596220933609445,-0.038266943481163745,-0.4656177422749682,-19.811448803723355,-0.7493447038026864,16.71565787089782,0.4846271983319178,0.9507994815698654,-0.030708373190393552,-0.4656177422749682,-19.811448803723355,-0.7493447038026864,16.71565787089782,0.4846271983319178,0.9507994815698654,-0.030708373190393552
7.581000000000866,2,1,1,1,0.000930205210119577,4.991867989210313,5.249705663048306,5.0,0.51505387321061,0.0560890655775989,0.43613694035115935,-0.026793834096941405,-0.02202723985408472,-9.086909243222591e-05,0.5129505842545988,0.05499202295432853,0.0023721987584834885,0.5386489063787315,0.1567650000000024,0.1567650000000024,1.0,-0.0451577302941085,-0.043739181961992335,0.0,0.0,0.0027010006508742627,-0.0451577302941085,0.0,-0.0,0.0,-0.26117663853423745,-0.26137636376260476,-0.14761533255400677,-0.14751963871928928,-0.20448185470709704,-0.09261533255400706,0.09551814529290181,-0.10879197108824401,0.01048696485869987,0.15810229741270654,0.14211825707358727,9.820297353082208e-06,0,0,0,0,0,inf,inf,0,0,0.0,1.2852976085035959,0.04960802676903195,-0.12460904301744788,0.054942798216764725,-1.7865023914964042,0.005978692842487418,1.6528274669493634,-0.6802862165743461,-0.021945746043499376,-0.10065089259642516,-0.016349097280226012,-0.1142147532963704,0.0025786312284283366,0.02447074701494213,-0.03858871663454498,-0.4706355748703478,-19.777702441697468,-0.7565980908837977,16.715788294725115,0.4850662631260104,0.9506233721361564,-0.029327633827380184,-0.4706355748703478,-19.777702441697468,-0.7565980908837977,16.715788294725115,0.4850662631260104,0.9506233721361564,-0.029327633827380184
7.59100000000087,2,1,1,2,0.0009305164349559239,5.399306383711935,5.248671014904826,5.0,0.5147867809039918,0.05586857947520091,0.43613509032765996,-0.026558363592876007,-0.022122571125080752,-0.00014720417880473071,0.5127051233637383,0.054765827054373446,0.0023557081772865975,0.5327675269527247,0.1570650000000025,0.1570650000000025,1.0,-0.04528914541405122,-0.045426806417188326,0.0,0.0,0.002717077622798651,-0.04528914541405122,0.0,-0.0,0.0,-0.2616202281375241,-0.2618217650423049,-0.14761533255400677,-0.14751963871928928,-0.20445703894847628,-0.09261533255400706,0.0955429610515226,-0.1092355606915307,0.01048696485869987,0.15810229741270654,0.14211825707358727,1.0501621106547648e-05,0,0,0,0,0,inf,inf,0,0,0.0,1.2841591615260552,0.04938767363364852,-0.12561088462020958,0.054777770071877625,-1.7876408384739448,0.006007945185163118,1.6530706013339185,-0.6806717911089462,-0.02206193454054303,-0.09980235815403901,-0.01655470332470116,-0.11331186690843523,0.0027061869638962477,0.024281800252358855,-0.03876927130922469,-0.4748606625926115,-19.74704155865505,-0.7625607567596231,16.720456360626226,0.47947597502694717,0.9546594139037229,-0.031054244530585515,-0.4748606625926115,-19.74704155865505,-0.7625607567596231,16.720456360626226,0.47947597502694717,0.9546594139037229,-0.031054244530585515
7.601000000000873,2,1,1,2,0.0009308788676591065,5.398908913186256,5.247275608122096,5.0,0.5145224714845891,0.05564685595712572,0.43613328863534095,-0.026325779078942464,-0.02221361152519869,-0.00020959947485880919,0.5124624617180379,0.054538411332781526,0.002339292569031033,0.5268694162891667,0.15736500000000261,0.15736500000000261,1.0,-0.04555313527737872,-0.04564628432847943,0.0,0.0,0.002695395985771355,-0.04555313527737872,0.0,-0.0,0.0,-0.26206164868540727,-0.26226342406886016,-0.14761533255400677,-0.14751963871928928,-0.20443177445052935,-0.09261533255400706,0.0955682255494695,-0.10967698123941381,0.01048696485869987,0.15810229741270654,0.14211825707358727,1.792834009027615e-05,0,0,0,0,0,inf,inf,0,0,0.0,1.283030971432479,0.04916639066221771,-0.12660421173439104,0.05461106072366713,-1.788769028567521,0.006035966939555062,1.6533123087263901,-0.6810601648556676,-0.022181018380387284,-0.09894752822280345,-0.01676496863586498,-0.11241548815946982,0.002866615281600603,0.024086656784723028,-0.03891165179229325,-0.47871745283382955,-19.71682569548119,-0.7680887177928089,16.725417183331658,0.47342579052418304,0.9589615631419701,-0.03331430878426562,-0.47871745283382955,-19.71682569548119,-0.7680887177928089,16.725417183331658,0.47342579052418304,0.9589615631419701,-0.03331430878426562
7.611000000000876,2,1,1,1,0.0009313485494017162,4.9947895789380485,5.251235836691076,5.0,0.5142609981912056,0.05542388730567266,0.4361315922317498,-0.026025990404063833,-0.022346297858989953,-0.00017142357816748438,0.5122226142860108,0.054309789817625756,0.0023229770032933573,0.5209459580103262,0.1576650000000027,0.1576650000000027,1.0,-0.04187330292186047,-0.04173572962962298,0.0,0.0,0.0023256504554985294,-0.04187330292186047,0.0,-0.0,0.0,-0.26250371116782184,-0.26270440821958174,-0.14761533255400677,-0.14751963871928928,-0.20440565325042265,-0.09261533255400706,0.0955943467495762,-0.11011904372182839,0.01048696485869987,0.15810229741270654,0.14211825707358727,4.63248218569406e-06,0,0,0,0,0,inf,inf,0,0,0.0,1.2819131923914566,0.04894422361937409,-0.12758896917380738,0.05444271325645093,-1.7898868076085435,0.006062526897726269,1.6535526370427123,-0.6814514184382048,-0.022259811216601366,-0.09808850389034608,-0.016912703008988367,-0.1113162794044012,0.0026299582366253083,0.023957249348425403,-0.03921572830897943,-0.4852028946610537,-19.680505720156134,-0.7771319180110378,16.72093494946918,0.47923762371522716,0.9551026855023274,-0.028493669001712872,-0.4852028946610537,-19.680505720156134,-0.7771319180110378,16.72093494946918,0.47923762371522716,0.9551026855023274,-0.028493669001712872
7.62100000000088,2,1,1,1,0.0009316856359026507,4.9938153163824,5.2550777878202775,5.0,0.5140022427971274,0.05519976883598125,0.4361297587247912,-0.0257239961685955,-0.022478009830281104,-0.0001357472077050867,0.5119855958625765,0.054079976611358035,0.00230668582276822,0.5150300278512238,0.1579650000000028,0.1579650000000028,1.0,-0.04149613121484581,-0.041354181984285115,0.0,0.0,0.002374628071332658,-0.04149613121484581,0.0,-0.0,0.0,-0.2629447736704593,-0.263145953561047,-0.14761533255400677,-0.14751963871928928,-0.20437932597451866,-0.09261533255400706,0.09562067402548019,-0.11056010622446596,0.01048696485869987,0.15810229741270654,0.14211825707358727,4.552502168661812e-06,0,0,0,0,0,inf,inf,0,0,0.0,1.280805376504285,0.04872110568829543,-0.1285650933421619,0.05427259083349362,-1.790994623495715,0.00608845683189055,1.6537915274397879,-0.6818452323331534,-0.022336131004704107,-0.09722367565459833,-0.01706014753640822,-0.11021922513288934,0.0023908561916377255,0.023836071539557604,-0.03952736718670867,-0.49043637199930934,-19.64817961109587,-0.7844221647152082,16.72178349782319,0.47889892326911054,0.955556961582198,-0.027256621551924404,-0.49043637199930934,-19.64817961109587,-0.7844221647152082,16.72178349782319,0.47889892326911054,0.955556961582198,-0.027256621551924404
7.631000000000883,2,1,1,1,0.0009321084203607046,4.992563096727213,5.252629385013952,5.0,0.5137462957629452,0.05497449386719475,0.43612800662587103,-0.02549812493286729,-0.022558976061963703,-0.0002150048734779299,0.5117514210681479,0.05384898588993951,0.002290478826535588,0.5091041825188007,0.1582650000000029,0.1582650000000029,1.0,-0.04176019357717076,-0.0415896245069913,0.0,0.0,0.0023923039693738617,-0.04176019357717076,0.0,-0.0,0.0,-0.2633804113338901,-0.26358173540445307,-0.14761533255400677,-0.14751963871928928,-0.20435316165309111,-0.09261533255400706,0.09564683834690768,-0.11099574388789679,0.01048696485869987,0.15810229741270654,0.14211825707358727,1.7402134750181615e-05,0,0,0,0,0,inf,inf,0,0,0.0,1.2797080399201406,0.04849710561457686,-0.1295325350474203,0.05410080758211612,-1.7920919600798595,0.006113320119763971,1.6540288709831954,-0.6822413852752348,-0.022457995284712037,-0.09635102940494968,-0.017280577442130858,-0.10934189612126798,0.002619121989555731,0.023628667608833462,-0.03962232717188499,-0.494020616220655,-19.61928034151947,-0.7894940044767812,16.727628726417958,0.47170162252388637,0.9606835131013161,-0.030255984411917056,-0.494020616220655,-19.61928034151947,-0.7894940044767812,16.727628726417958,0.47170162252388637,0.9606835131013161,-0.030255984411917056
7.641000000000886,2,1,1,2,0.0009321160092435601,5.4001108258076975,5.262094570708649,5.0,0.5134929650772773,0.05474815364553053,0.4361258338917624,-0.025117495983867633,-0.02273784073257566,-7.533433196859093e-05,0.5115201043477292,0.05361683190196588,0.002274218183388534,0.5032185124299827,0.158565000000003,0.158565000000003,1.0,-0.04403499181132638,-0.04415388291896882,0.0,0.0,0.002815223034062749,-0.04403499181132638,0.0,-0.0,0.0,-0.263823112892008,-0.2640268038666803,-0.14761533255400677,-0.14751963871928928,-0.20432627851754973,-0.09261533255400706,0.09567372148244906,-0.11143844544601463,0.01048696485869987,0.15810229741270654,0.14211825707358727,7.621808261088303e-06,0,0,0,0,0,inf,inf,0,0,0.0,1.2786201659816023,0.04827210786973759,-0.1304912199317366,0.05392710121374004,-1.7931798340183978,0.006138321264610394,1.6542647965232207,-0.6826400352202913,-0.02248029257952777,-0.09547745294548353,-0.017356076893652008,-0.10803806680992104,0.0019115113074483,0.023609118639618624,-0.04020615005799149,-0.500034077639168,-19.588164556962884,-0.7975545977878636,16.729053667902587,0.4722247398173881,0.9609456141251077,-0.027796325199606224,-0.500034077639168,-19.588164556962884,-0.7975545977878636,16.729053667902587,0.4722247398173881,0.9609456141251077,-0.027796325199606224
7.65100000000089,2,1,1,2,0.0009321919236404954,5.398950061808501,5.253331185698302,5.0,0.5132424355938227,0.05452071478068977,0.4361237236945613,-0.024948624488951084,-0.02278527337698932,-0.000265546143673861,0.5112916599700255,0.05338352896778872,0.002258033903081343,0.49733495347465406,0.15886500000000311,0.15886500000000311,1.0,-0.04495948563071138,-0.04508901496071402,0.0,0.0,0.0027253246961668246,-0.04495948563071138,0.0,-0.0,0.0,-0.2642539238304442,-0.2644575135797853,-0.14761533255400677,-0.14751963871928928,-0.20430026691756217,-0.09261533255400706,0.0956997330824366,-0.11186925638445087,0.01048696485869987,0.15810229741270654,0.14211825707358727,1.0333580720879681e-05,0,0,0,0,0,inf,inf,0,0,0.0,1.277542840039022,0.04804622641814268,-0.1314411084357004,0.05375171610265004,-1.794257159960978,0.0061625219810132565,1.6544990711782848,-0.6830405598677864,-0.02263992966960065,-0.09458930304834731,-0.017642797886191018,-0.10737580188356691,0.0025039674842010713,0.023373293409574593,-0.04018973450292368,-0.5023558667604282,-19.56236598527501,-0.8008601444691524,16.739016956662383,0.4600261570969339,0.96978355467111,-0.03355724665824547,-0.5023558667604282,-19.56236598527501,-0.8008601444691524,16.739016956662383,0.4600261570969339,0.96978355467111,-0.03355724665824547
7.661000000000893,2,1,1,1,0.0009332043563657624,4.9887898955193695,5.26120132322293,5.0,0.5129953721164257,0.05429177813214452,0.43612256088165124,-0.02461756696885483,-0.022914235013683,-0.00015873437222678984,0.5110661020265619,0.053149091478631914,0.0022422791681141734,0.4912919225860028,0.1591650000000032,0.1591650000000032,1.0,-0.040887408909293314,-0.04071180173744088,0.0,0.0,0.0024966409547701857,-0.040887408909293314,0.0,-0.0,0.0,-0.26468758820823046,-0.2648901629637884,-0.14761533255400677,-0.14751963871928928,-0.2042729679688957,-0.09261533255400706,0.09572703203110304,-0.11230292076223712,0.01048696485869987,0.15810229741270654,0.14211825707358727,1.786784934267472e-05,0,0,0,0,0,inf,inf,0,0,0.0,1.2764777700449774,0.047819955074561354,-0.1323821765405851,0.05357528756915604,-1.7953222299550227,0.006181833538605178,1.654732607228905,-0.6834456444807138,-0.022690353467918166,-0.0937064662609538,-0.017749889276294253,-0.10610964723036188,0.0021291608987961505,0.023215634438553946,-0.04041669091988673,-0.5090683276676489,-19.526257175548565,-0.8101730162750623,16.73278214043247,0.46728064020443655,0.9644713042650964,-0.02863371810883382,-0.5090683276676489,-19.526257175548565,-0.8101730162750623,16.73278214043247,0.46728064020443655,0.9644713042650964,-0.02863371810883382
7.671000000000896,2,1,1,1,0.0009335323165869094,4.9873082435513725,5.263356981148173,5.0,0.5127506535763341,0.054062053233732914,0.43612069994820907,-0.024325181915915584,-0.02303011282035219,-0.00015030117609809488,0.5108434444308149,0.052913533895704135,0.0022263295790556823,0.4853670905500799,0.1594650000000033,0.1594650000000033,1.0,-0.040602974567896355,-0.040452980723593296,0.0,0.0,0.0025197115001111578,-0.040602974567896355,0.0,-0.0,0.0,-0.26512023494942216,-0.2653231883281213,-0.14761533255400677,-0.14751963871928928,-0.20424632578980506,-0.09261533255400706,0.0957536742101937,-0.11273556750342896,0.01048696485869987,0.15810229741270654,0.14211825707358727,4.426589708001133e-06,0,0,0,0,0,inf,inf,0,0,0.0,1.2754218301157256,0.047592539979440636,-0.13331432423360084,0.05339671749402057,-1.7963781698842745,0.006203198655311049,1.6549640319012464,-0.6838514669984069,-0.022762977034251248,-0.09281457250945309,-0.017909075852552848,-0.10504702982980772,0.001972736520622965,0.02308315284438965,-0.04072898674864308,-0.5146273859853785,-19.49598611731833,-0.8175239860255105,16.73489350947382,0.46570318780352304,0.9660749366550524,-0.027539423054670872,-0.5146273859853785,-19.49598611731833,-0.8175239860255105,16.73489350947382,0.46570318780352304,0.9660749366550524,-0.027539423054670872
7.6810000000009,2,1,1,1,0.0009339050142233287,4.985811739590446,5.265133731032082,5.0,0.5125088325223801,0.05383120969278341,0.43611888301827134,-0.02403747844561098,-0.023138864512753043,-0.00014887052485671593,0.5106237009173539,0.05267687074930663,0.0022104794875085093,0.4794288508139196,0.1597650000000034,0.1597650000000034,1.0,-0.04040893159073022,-0.04025706861272879,0.0,0.0,0.0025333646290258928,-0.04040893159073022,0.0,-0.0,0.0,-0.26555102262881186,-0.26575433022205425,-0.14761533255400677,-0.14751963871928928,-0.2042197934688995,-0.09261533255400706,0.09578020653109923,-0.11316635518281859,0.01048696485869987,0.15810229741270654,0.14211825707358727,4.431131078409901e-06,0,0,0,0,0,inf,inf,0,0,0.0,1.2743764653912633,0.0473643704660871,-0.13423752244451786,0.053216525901976605,-1.7974235346087368,0.006223282463469979,1.6551940792050288,-0.6842600132854548,-0.022839563141530166,-0.09191733969899056,-0.018072996652208722,-0.10399335555598294,0.00186347873867604,0.022941305767441588,-0.040980138885164,-0.5196911539141241,-19.466225551915915,-0.8243013904831076,16.737382935984204,0.46341505391323295,0.9680318342673303,-0.02726607090645492,-0.5196911539141241,-19.466225551915915,-0.8243013904831076,16.737382935984204,0.46341505391323295,0.9680318342673303,-0.02726607090645492
7.691000000000903,2,1,1,1,0.0009342623651619466,4.984285141336833,5.266569692284355,5.0,0.5122698799503816,0.05359929512860953,0.43611704842421783,-0.02375153055551716,-0.023244183290906828,-0.00015306548423271447,0.5104068850409937,0.05243911663793711,0.002194712774516108,0.47348941200997535,0.1600650000000035,0.1600650000000035,1.0,-0.04024568608171536,-0.040092299324252734,0.0,0.0,0.0025407473091049143,-0.04024568608171536,0.0,-0.0,0.0,-0.26598031693468177,-0.26618395868452366,-0.14761533255400677,-0.14751963871928928,-0.20419345781485426,-0.09261533255400706,0.0958065421851445,-0.11359564948868853,0.01048696485869987,0.15810229741270654,0.14211825707358727,4.425662446169451e-06,0,0,0,0,0,inf,inf,0,0,0.0,1.2733415960470729,0.047135427699519894,-0.13515171697218217,0.05303467758968199,-1.7984584039529272,0.00624239257564708,1.6554227048381644,-0.6846709671208638,-0.022916844386807123,-0.09101465564178463,-0.018239659109193042,-0.10294707744963029,0.0017754730996041048,0.022798304310170332,-0.04121542839780362,-0.5246442904209481,-19.43688139788866,-0.8309106768690986,16.74011648138265,0.4608099738646985,0.9702063493740768,-0.02722501327053861,-0.5246442904209481,-19.43688139788866,-0.8309106768690986,16.74011648138265,0.4608099738646985,0.9702063493740768,-0.02722501327053861
7.7010000000009065,2,1,1,1,0.0009345540798707799,4.98277231031132,5.267706840019403,5.0,0.5120337890747897,0.05336633397081792,0.43611514550636943,-0.023465560123002462,-0.02334761194675088,-0.00016193261935686088,0.5101930101759591,0.052200286227389016,0.0021790214074982536,0.46755490554565987,0.16036500000000362,0.16036500000000362,1.0,-0.040109155012287796,-0.03995452852785157,0.0,0.0,0.002541599089915731,-0.040109155012287796,0.0,-0.0,0.0,-0.2664084336891297,-0.2666123929226647,-0.14761533255400677,-0.14751963871928928,-0.20416740373528353,-0.09261533255400706,0.09583259626471521,-0.11402376624313645,0.01048696485869987,0.15810229741270654,0.14211825707358727,4.419857457052782e-06,0,0,0,0,0,inf,inf,0,0,0.0,1.2723171551501786,0.04690571153677297,-0.1360568526530741,0.05285115150223158,-1.7994828448498215,0.006260672796956835,1.6556499276856131,-0.6850842522820068,-0.022993728533623508,-0.09010641218831056,-0.01840799654206379,-0.1019069665885257,0.001697761189823705,0.022659149016828778,-0.04144735048528442,-0.5295806423201566,-19.407898078072783,-0.8374554272006454,16.743008419623216,0.4580494464983908,0.9725104858255728,-0.0272427737157082,-0.5295806423201566,-19.407898078072783,-0.8374554272006454,16.743008419623216,0.4580494464983908,0.9725104858255728,-0.0272427737157082
7.71100000000091,2,1,1,1,0.000934841607755337,4.975338942196911,5.274604261775476,5.0,0.5118006250719962,0.05313231242602323,0.4361132368338771,-0.023119969198999838,-0.02347832858043939,-6.967438730842193e-05,0.5099820895150591,0.05196039424984713,0.0021634379546214204,0.46161327636866034,0.1606650000000037,0.1606650000000037,1.0,-0.04293791873575688,-0.04129549739848792,0.0,0.0,0.0026308333006061983,-0.04293791873575688,0.0,-0.0,0.0,-0.2668385890958843,-0.26704311528284924,-0.14761533255400677,-0.14751963871928928,-0.20414161867688993,-0.09261533255400706,0.09585838132310882,-0.11445392164989099,0.01048696485869987,0.15810229741270654,0.14211825707358727,5.77193410949584e-06,0,0,0,0,0,inf,inf,0,0,0.0,1.2713032958291266,0.04667527710896375,-0.1369528788600913,0.05266600330407443,-1.8004967041708735,0.006277824102833218,1.655875841197799,-0.685500034021543,-0.023021199601040192,-0.08919818466892716,-0.01850876186314047,-0.10066375130552555,0.0012546337958733238,0.0225649456744411,-0.04185766666234508,-0.5345158644079189,-19.380179625957112,-0.8439633738252096,16.746871222618854,0.45520520200758613,0.975045332209931,-0.027270143403240375,-0.5345158644079189,-19.380179625957112,-0.8439633738252096,16.746871222618854,0.45520520200758613,0.975045332209931,-0.027270143403240375
7.721000000000913,2,1,1,2,0.0009351441181697775,5.395804965375094,5.2750196414951445,5.0,0.5115703709552324,0.052897278032405154,0.43611134048141886,-0.022840312519454745,-0.02357300738264991,-9.105587044503472e-05,0.5097741360688735,0.05171945550297856,0.0021479584907064127,0.4556727938707947,0.1609650000000038,0.1609650000000038,1.0,-0.042925688765945144,-0.04302541394257722,0.0,0.0,0.0025641288827167583,-0.042925688765945144,0.0,-0.0,0.0,-0.26726367099324094,-0.2674702414158349,-0.14761533255400677,-0.14751963871928928,-0.20411629909229104,-0.09261533255400706,0.09588370090770774,-0.11487900354724766,0.01048696485869987,0.15810229741270654,0.14211825707358727,5.804672293685195e-06,0,0,0,0,0,inf,inf,0,0,0.0,1.2703001154018385,0.046444125278946216,-0.13783974937274598,0.052479238627038106,-1.8014998845981616,0.006294025512141082,1.6561003028409849,-0.6859179393890237,-0.02309991623012985,-0.0882794613543538,-0.01868356574093539,-0.09964004100568744,0.0012308785865373683,0.02241525843063432,-0.0420554252052097,-0.5391759870622755,-19.352090552109726,-0.8501093151591665,16.750325192310083,0.45176187405090773,0.9778597407494001,-0.027799866091831694,-0.5391759870622755,-19.352090552109726,-0.8501093151591665,16.750325192310083,0.45176187405090773,0.9778597407494001,-0.027799866091831694
7.7310000000009165,2,1,1,2,0.0009354955720376748,5.394876547621967,5.274990980807513,5.0,0.5113430502390953,0.05266123824808284,0.4361094913642284,-0.022563358322666958,-0.0236651042057693,-0.00011941934803423312,0.5095691626649504,0.051477484849020184,0.0021325921399784737,0.44973030735266284,0.1612650000000039,0.1612650000000039,1.0,-0.04295953135789723,-0.043058591257783926,0.0,0.0,0.002485439519748349,-0.04295953135789723,0.0,-0.0,0.0,-0.2676869964634196,-0.2678938470665243,-0.14761533255400677,-0.14751963871928928,-0.20409139574736299,-0.09261533255400706,0.09590860425263577,-0.11530232901742642,0.01048696485869987,0.15810229741270654,0.14211825707358727,5.929497489380465e-06,0,0,0,0,0,inf,inf,0,0,0.0,1.269307722672165,0.046212291934594224,-0.1387174189675028,0.05229088832006177,-1.8024922773278351,0.0063091657622472725,1.6563232972858775,-0.6863380277058149,-0.023180247942022465,-0.08735545158112806,-0.018862259005037067,-0.09862645278966511,0.0012297045232770424,0.022262867823803503,-0.04224231016062842,-0.5437191432812812,-19.324457562544154,-0.856077092863569,16.754077027396125,0.4480143894242995,0.980942608321163,-0.028527623135027026,-0.5437191432812812,-19.324457562544154,-0.856077092863569,16.754077027396125,0.4480143894242995,0.980942608321163,-0.028527623135027026
7.74100000000092,2,1,1,2,0.0009357394797410426,5.393582562139455,5.2686190884417545,5.0,0.5111186058403637,0.052424232468016765,0.43610753200857943,-0.022341912122390083,-0.0237333007450328,-0.0002581929540982822,0.5093671819470151,0.05123449721386168,0.0021172991354959265,0.44380474339354825,0.161565000000004,0.161565000000004,1.0,-0.043701556540812744,-0.04378313502552865,0.0,0.0,0.0023460324727651288,-0.043701556540812744,0.0,-0.0,0.0,-0.26810582070841077,-0.26831268991718954,-0.14761533255400677,-0.14751963871928928,-0.2040669071417747,-0.09261533255400706,0.0959330928582241,-0.11572115326241765,0.01048696485869987,0.15810229741270654,0.14211825707358727,1.603067035386706e-05,0,0,0,0,0,inf,inf,0,0,0.0,1.2683258297365125,0.04597973287679927,-0.13958582932381464,0.052100866048440844,-1.8034741702634876,0.006323689390964422,1.6565448423688276,-0.6867601565526206,-0.02331318676809278,-0.08641889722177064,-0.019113311847296855,-0.0978288181528541,0.0015959004217999777,0.022085489686434867,-0.04224082744820186,-0.5457528974136483,-19.299680737534786,-0.8590462992164344,16.76187325564631,0.43919340328892403,0.9876538429373771,-0.03312301639527074,-0.5457528974136483,-19.299680737534786,-0.8590462992164344,16.76187325564631,0.43919340328892403,0.9876538429373771,-0.03312301639527074
7.751000000000923,2,1,1,2,0.0009362465964602154,5.399434686160466,5.267571124672229,5.0,0.5108972686977271,0.05218618123720305,0.4361058377359169,-0.02207240673659889,-0.023818872265962233,-0.0003016960499594201,0.5091682063741896,0.050990507586125014,0.002102211216447883,0.43783882871466673,0.16186500000000412,0.16186500000000412,1.0,-0.03999948997242693,-0.04173971674933648,0.0,0.0,0.0024477823878804633,-0.03999948997242693,0.0,-0.0,0.0,-0.26852522484295266,-0.2687323534000958,-0.14761533255400677,-0.14751963871928928,-0.20404290686652465,-0.09261533255400706,0.09595709313347418,-0.11614055739695957,0.01048696485869987,0.15810229741270654,0.14211825707358727,1.4507003193443865e-05,0,0,0,0,0,inf,inf,0,0,0.0,1.2673552030416346,0.04574666226213372,-0.14044495517376038,0.05190944002849102,-1.8044447969583655,0.006336229355399893,1.6567651302797604,-0.6871850591590949,-0.023404475607234087,-0.08548366556208231,-0.0193028774517722,-0.09683593585313466,0.0016674093281720253,0.021920602394434396,-0.04232640724252104,-0.5516311880016681,-19.269700664623706,-0.866625707912406,16.76168832754788,0.43915095678326604,0.9878434630130125,-0.03162579499250592,-0.5516311880016681,-19.269700664623706,-0.866625707912406,16.76168832754788,0.43915095678326604,0.9878434630130125,-0.03162579499250592
7.7610000000009265,2,1,1,1,0.0009366351432547318,4.971965442623818,5.272395258880979,5.0,0.5106788365100257,0.05194719287757581,0.4361040225089276,-0.021744849629096164,-0.02392628076713453,-0.00024351081457678737,0.5089722482202242,0.050745531016239645,0.0020872074213832232,0.43189009013767216,0.1621650000000042,0.1621650000000042,1.0,-0.039521184708702084,-0.03934373371533206,0.0,0.0,0.0024374645695084433,-0.039521184708702084,0.0,-0.0,0.0,-0.26894781938903556,-0.26915350424315265,-0.14761533255400677,-0.14751963871928928,-0.20401986359730986,-0.09261533255400706,0.09598013640268897,-0.11656315194304248,0.01048696485869987,0.15810229741270654,0.14211825707358727,1.5176827749574813e-05,0,0,0,0,0,inf,inf,0,0,0.0,1.2663951178370663,0.04551290560728338,-0.14129472436075385,0.05171636068193441,-1.8054048821629338,0.0063481464976791555,1.6569840172649422,-0.6876119958563887,-0.023437967328870265,-0.08455077286882891,-0.01942092105869843,-0.09564090936731919,0.0013712063527784634,0.021798729913808722,-0.04264064629562804,-0.558067033482134,-19.240864130808443,-0.8747525631672698,16.762296876803706,0.43943524061410427,0.9880767031263914,-0.029404936088106112,-0.558067033482134,-19.240864130808443,-0.8747525631672698,16.762296876803706,0.43943524061410427,0.9880767031263914,-0.029404936088106112
7.77100000000093,2,1,1,2,0.0009368716249945888,5.391176037234752,5.28319371615471,5.0,0.5104633413839026,0.051707261166468454,0.43610205330439283,-0.02136076387008181,-0.024051832160145836,-8.271972349402018e-05,0.5087793195727414,0.050499582615514425,0.0020722975034731792,0.42595518730704557,0.1624650000000043,0.1624650000000043,1.0,-0.042239779054751125,-0.04232682903194595,0.0,0.0,0.0021907138865552454,-0.042239779054751125,0.0,-0.0,0.0,-0.2693738539165448,-0.26958213729974584,-0.14761533255400677,-0.14751963871928928,-0.20399796910229678,-0.09261533255400706,0.09600203089770205,-0.1169891864705517,0.01048696485869987,0.15810229741270654,0.14211825707358727,4.547057869796591e-06,0,0,0,0,0,inf,inf,0,0,0.0,1.2654455240581282,0.045278482736129555,-0.1421350808752411,0.05152162813355396,-1.806354475941872,0.006359371279393071,1.6572016420623727,-0.6880411271621351,-0.0234133199458492,-0.08362071022042394,-0.019466760745225645,-0.09424125172024624,0.0007205067413993126,0.021713749057590274,-0.04316267919228841,-0.5648699164606173,-19.213184431056003,-0.8832314146892948,16.763700958582803,0.4399295269277575,0.9883532804218008,-0.02671624177335706,-0.5648699164606173,-19.213184431056003,-0.8832314146892948,16.763700958582803,0.4399295269277575,0.9883532804218008,-0.02671624177335706
7.781000000000933,2,1,1,2,0.0009371466860539626,5.389946264899316,5.28124304560587,5.0,0.5102508138904378,0.051466426628678064,0.43610012048621033,-0.021090457754464574,-0.024133852970420304,-0.0001414248725785785,0.5085894323324884,0.050252677555205155,0.002057516827258193,0.4200300134676967,0.1627650000000044,0.1627650000000044,1.0,-0.04247781590425558,-0.04256601078359062,0.0,0.0,0.0020545086981164943,-0.04247781590425558,0.0,-0.0,0.0,-0.2697907859573995,-0.2699992618235856,-0.14761533255400677,-0.14751963871928928,-0.20397634037854498,-0.09261533255400706,0.0960236596214538,-0.11740611851140643,0.01048696485869987,0.15810229741270654,0.14211825707358727,4.976099374469522e-06,0,0,0,0,0,inf,inf,0,0,0.0,1.2645068771264452,0.04504344528953533,-0.14296600192010553,0.05132535131007154,-1.807293122873555,0.006369724601109337,1.6574177502240455,-0.6884719431038068,-0.023499932066726233,-0.0826700473834525,-0.01966028763471757,-0.09327175281211228,0.0008061883684443022,0.02156698114960782,-0.043294653521997316,-0.5687842364223272,-19.187632145449317,-0.8882913617063142,16.768586560165385,0.4349989242374293,0.9924158577337637,-0.02835135144846336,-0.5687842364223272,-19.187632145449317,-0.8882913617063142,16.768586560165385,0.4349989242374293,0.9924158577337637,-0.02835135144846336
7.7910000000009365,2,1,1,2,0.0009376217304058179,5.395443552041092,5.2786076452884085,5.0,0.5100413762807027,0.051224655504417065,0.43609838887142516,-0.020827668856224984,-0.024210980461563024,-0.00021040012606798186,0.5084025982126051,0.05000483106557905,0.002042930546559028,0.4140822523443846,0.1630650000000045,0.1630650000000045,1.0,-0.03881908474110872,-0.04062940335019313,0.0,0.0,0.0023123288620882907,-0.03881908474110872,0.0,-0.0,0.0,-0.27020516619772683,-0.27041382458665514,-0.14761533255400677,-0.14751963871928928,-0.20395540292120778,-0.09261533255400706,0.09604459707879102,-0.1178204987517337,0.01048696485869987,0.15810229741270654,0.14211825707358727,4.3903655620573125e-06,0,0,0,0,0,inf,inf,0,0,0.0,1.2635795152219167,0.04480793587247838,-0.1437874550965865,0.051127670285411216,-1.8082204847780834,0.006378466674291756,1.65763249616814,-0.6889051458319504,-0.02359615414932686,-0.08171428059858565,-0.019861930261169676,-0.09231703654715112,0.0009496679454068177,0.021404238584075072,-0.04334198729524106,-0.5744752553820787,-19.159436237328244,-0.89544640235211,16.769508771396215,0.4336855201829571,0.9936147379846487,-0.02751754998541217,-0.5744752553820787,-19.159436237328244,-0.89544640235211,16.769508771396215,0.4336855201829571,0.9936147379846487,-0.02751754998541217
7.80100000000094,2,1,1,2,0.0009379231496308418,5.394047935810766,5.275783193280802,5.0,0.5098348639576391,0.050982012275996476,0.43609648150256575,-0.020558805675997063,-0.02429266903411045,-0.0002823518654968427,0.5082188287378998,0.049756058434974985,0.0020284310813417318,0.4081623422347128,0.16336500000000462,0.16336500000000462,1.0,-0.03907242848812592,-0.04092294659799313,0.0,0.0,0.00225463567120554,-0.03907242848812592,0.0,-0.0,0.0,-0.2706193088173938,-0.27082812285581576,-0.14761533255400677,-0.14751963871928928,-0.20393541244742192,-0.09261533255400706,0.09606458755257682,-0.11823464137140065,0.01048696485869987,0.15810229741270654,0.14211825707358727,1.4036151457800736e-05,0,0,0,0,0,inf,inf,0,0,0.0,1.2626627156188162,0.04457178051349664,-0.14459936423427178,0.050928344197490226,-1.809137284381184,0.006386755784459555,1.657845857239502,-0.6893401474768717,-0.023689809339787076,-0.08075256778679378,-0.020063160206552844,-0.0913679864193158,0.0010679562904686388,0.021265054434385443,-0.043430218863075964,-0.5778197731759314,-19.1347585572897,-0.899819233549198,16.77489430376927,0.4281999599498939,0.9981048909572255,-0.029837396562395146,-0.5778197731759314,-19.1347585572897,-0.899819233549198,16.77489430376927,0.4281999599498939,0.9981048909572255,-0.029837396562395146
7.811000000000943,2,1,1,2,0.0009383132331187974,5.3926911891799705,5.278597760998009,5.0,0.509631435729595,0.05073846652521147,0.436094663527268,-0.02024465936899526,-0.024382890738513262,-0.0002575071427867218,0.5080381352441394,0.0495063750088607,0.002014114182864648,0.40222970268826935,0.1636650000000047,0.1636650000000047,1.0,-0.03878011365242064,-0.04064633997438674,0.0,0.0,0.002207935923527675,-0.03878011365242064,0.0,-0.0,0.0,-0.2710357460283946,-0.2712449303603048,-0.14761533255400677,-0.14751963871928928,-0.20391686777524914,-0.09261533255400706,0.0960831322247496,-0.11865107858240136,0.01048696485869987,0.15810229741270654,0.14211825707358727,1.4160887780016381e-05,0,0,0,0,0,inf,inf,0,0,0.0,1.2617570251200443,0.04433514996067286,-0.14540170471422384,0.05072757315517715,-1.8100429748799558,0.006393672344593053,1.658057956364119,-0.6897774844166227,-0.023731178603146396,-0.07979532237192709,-0.020197430880911166,-0.09022265618405738,0.0008956017685345726,0.02113179170929441,-0.04365380140267361,-0.5835263531458484,-19.10822417605131,-0.906904723998246,16.776959529735,0.4266819963515578,0.9996581016521483,-0.02900019407455469,-0.5835263531458484,-19.10822417605131,-0.906904723998246,16.776959529735,0.4266819963515578,0.9996581016521483,-0.02900019407455469
7.8210000000009465,2,1,1,2,0.0009384967151825621,5.384597154779712,5.281257246438668,5.0,0.5094309362664788,0.05049408416832533,0.43609263629008577,-0.019925618229943324,-0.02447493889809386,-0.00023563537583699175,0.5078605288773498,0.049255796188885995,0.0019998841186066483,0.3963337209562594,0.1639650000000048,0.1639650000000048,1.0,-0.04263090538064881,-0.04271507983970979,0.0,0.0,0.0015230787589050083,-0.04263090538064881,0.0,-0.0,0.0,-0.2714523565876046,-0.2716618864356212,-0.14761533255400677,-0.14751963871928928,-0.20389957115579196,-0.09261533255400706,0.09610042884420676,-0.1190676891416113,0.01048696485869987,0.15810229741270654,0.14211825707358727,5.142008491113708e-06,0,0,0,0,0,inf,inf,0,0,0.0,1.260861895902054,0.0440978746830902,-0.1461944090245503,0.05052515404944367,-1.810938104097946,0.006400288534452271,1.658268664741587,-0.6902163334854037,-0.023765772126623053,-0.0788328524185394,-0.02033017054768034,-0.08908323921418808,0.0006987809746003572,0.021019241601835974,-0.043949736712432144,-0.5870345133188252,-19.085101917346627,-0.9113766620750492,16.783306617630213,0.4214256938451019,1.004300888457897,-0.03088030529762091,-0.5870345133188252,-19.085101917346627,-0.9113766620750492,16.783306617630213,0.4214256938451019,1.004300888457897,-0.03088030529762091
7.83100000000095,2,1,1,2,0.0009388403380600477,5.383132487350754,5.283274023436624,5.0,0.5092335713884225,0.05024883100368064,0.4360907706374039,-0.01961524519202051,-0.024559903681493637,-0.00022377017883625042,0.5076860205931283,0.04900433743193284,0.0019858695108534693,0.39041771951887333,0.1642650000000049,0.1642650000000049,1.0,-0.04246365120826984,-0.04254473591331768,0.0,0.0,0.001396197092546673,-0.04246365120826984,0.0,-0.0,0.0,-0.27186687440485796,-0.2720767362788163,-0.14761533255400677,-0.14751963871928928,-0.20388336479795144,-0.09261533255400706,0.09611663520204729,-0.11948220695886484,0.01048696485869987,0.15810229741270654,0.14211825707358727,4.802085745585805e-06,0,0,0,0,0,inf,inf,0,0,0.0,1.2599780813739123,0.04386019881600233,-0.14697746587939622,0.05032136532299694,-1.8118219186260878,0.0064053479810120256,1.6584781143804053,-0.690657528260588,-0.023809423708045594,-0.0778659369376232,-0.020470245840738147,-0.08795804990717829,0.0005662250417173193,0.02088701469740197,-0.0441523843196737,-0.5924920594397761,-19.05942643351114,-0.9180996147306378,16.785839881087686,0.4194279960263207,1.0062557466483593,-0.03039709263332413,-0.5924920594397761,-19.05942643351114,-0.9180996147306378,16.785839881087686,0.4194279960263207,1.0062557466483593,-0.03039709263332413
7.841000000000953,2,1,1,2,0.0009392550883360598,5.38146421138331,5.284780517248454,5.0,0.5090392804377778,0.05000275301246478,0.43608897617707476,-0.01930900789410513,-0.024641904156660312,-0.0002201795569379352,0.5075146211559677,0.048752014249161806,0.0019720378747981483,0.3845030585040798,0.164565000000005,0.164565000000005,1.0,-0.04235117153477247,-0.04242967714435234,0.0,0.0,0.0012555066616770007,-0.04235117153477247,0.0,-0.0,0.0,-0.27227990959347603,-0.2724900790197815,-0.14761533255400677,-0.14751963871928928,-0.20386836359745644,-0.09261533255400706,0.09613163640254226,-0.11989524214748289,0.01048696485869987,0.15810229741270654,0.14211825707358727,4.58509910672674e-06,0,0,0,0,0,inf,inf,0,0,0.0,1.259105445738745,0.043622068187008395,-0.14775082986143082,0.05011614921113619,-1.8126945542612551,0.006409284142744731,1.658686191276676,-0.6911005935048065,-0.023856463620930784,-0.07689438861292215,-0.020615042512435157,-0.08684583081971634,0.00046384596945272274,0.02074948435547347,-0.044332271919182334,-0.5977051986134515,-19.034266853605562,-0.9245098512971458,16.788741152222816,0.4170213804980925,1.0085488753522434,-0.030280578120248258,-0.5977051986134515,-19.034266853605562,-0.9245098512971458,16.788741152222816,0.4170213804980925,1.0085488753522434,-0.030280578120248258
7.8510000000009565,2,1,1,2,0.0009394739644421881,5.38011714340387,5.286017157283489,5.0,0.5088479736216565,0.04975586783500387,0.43608698438994487,-0.018998580996093663,-0.024724942009375986,-0.0002200707757257368,0.5073463411385929,0.048498842205055404,0.001958319061986319,0.37862065679496715,0.16486500000000512,0.16486500000000512,1.0,-0.042262773522805296,-0.042338910028560675,0.0,0.0,0.0011075738031158583,-0.042262773522805296,0.0,-0.0,0.0,-0.27269312726996353,-0.27290359408642717,-0.14761533255400677,-0.14751963871928928,-0.20385482920000197,-0.09261533255400706,0.09614517079999674,-0.1203084598239704,0.01048696485869987,0.15810229741270654,0.14211825707358727,4.326507697197122e-06,0,0,0,0,0,inf,inf,0,0,0.0,1.258243473411708,0.04338336486784249,-0.1485144292257088,0.049909338287703164,-1.813556526588292,0.006412784422849574,1.6588929660553267,-0.6915452856705145,-0.02389935491666042,-0.0759175763941326,-0.020759251928697077,-0.08574018704478452,0.00034748478401802326,0.020630833610187367,-0.04455532356093357,-0.603313286108266,-19.009357760202796,-0.9312848857919519,16.79160218191427,0.41482841482398414,1.0107613958561656,-0.029616811496685533,-0.603313286108266,-19.009357760202796,-0.9312848857919519,16.79160218191427,0.41482841482398414,1.0107613958561656,-0.029616811496685533
7.86100000000096,2,1,1,2,0.0009398481480184786,5.3783300139077355,5.2866836319328465,5.0,0.5086598186036306,0.049508176619109105,0.43608514930508036,-0.018695653112018238,-0.024803120683889457,-0.00022994252119619987,0.5071811909213078,0.048244836916457805,0.0019448308479727981,0.3727236142813792,0.1651650000000052,0.1651650000000052,1.0,-0.04224110233308871,-0.04231545090467733,0.0,0.0,0.0009418892729540845,-0.04224110233308871,0.0,-0.0,0.0,-0.27310439947506626,-0.2733151350010703,-0.14761533255400677,-0.14751963871928928,-0.20384255597416692,-0.09261533255400706,0.09615744402583178,-0.12071973202907309,0.01048696485869987,0.15810229741270654,0.14211825707358727,4.264474195997888e-06,0,0,0,0,0,inf,inf,0,0,0.0,1.257392894491542,0.04314431092812448,-0.14926825991727785,0.04970119598835882,-1.814407105508458,0.0064148195015896175,1.659098462782885,-0.6919921268639927,-0.023951144213859122,-0.0749363056444418,-0.020910539775429768,-0.08464939469251131,0.00028552667805357,0.020496569007238043,-0.04469811067875254,-0.6080880281719709,-18.985077233792985,-0.9371404685995688,16.794989258314434,0.41187369271139906,1.013473162573975,-0.030069553190818762,-0.6080880281719709,-18.985077233792985,-0.9371404685995688,16.794989258314434,0.41187369271139906,1.013473162573975,-0.030069553190818762
7.871000000000963,2,1,1,2,0.0009402908011353619,5.376360145464279,5.286818450668124,5.0,0.5084747656387727,0.04925971344957547,0.43608338320087814,-0.018396140044809526,-0.024879661386544617,-0.00024816296114483626,0.507019180691356,0.04799001405161174,0.0019315444857252362,0.36683026067318814,0.1654650000000053,0.1654650000000053,1.0,-0.042300041366205555,-0.0423614009891042,0.0,0.0,0.0007933423887416252,-0.042300041366205555,0.0,-0.0,0.0,-0.2735142919586327,-0.27372527204722735,-0.14761533255400677,-0.14751963871928928,-0.20383168254391962,-0.09261533255400706,0.09616831745607908,-0.12112962451263963,0.01048696485869987,0.15810229741270654,0.14211825707358727,1.4445896051092976e-05,0,0,0,0,0,inf,inf,0,0,0.0,1.2565535714549423,0.04290485944330432,-0.15001227729573496,0.04949166991384448,-1.8152464285450578,0.006415748378662498,1.6593026056129259,-0.6924407577009227,-0.024007202663881243,-0.07395034922388563,-0.021066667075483894,-0.08357210814733716,0.0002503593276515043,0.020359637095640155,-0.04481586336514324,-0.6125392730809894,-18.961298195618998,-0.9426080236214867,16.798715353575126,0.40856924510173087,1.0164894895935774,-0.030921664662711637,-0.6125392730809894,-18.961298195618998,-0.9426080236214867,16.798715353575126,0.40856924510173087,1.0164894895935774,-0.030921664662711637
7.881000000000967,2,1,1,2,0.0009405306479292322,5.3747633789755,5.286666610210201,5.0,0.5082927271366436,0.04901048551224633,0.43608141323168936,-0.018091793453312164,-0.024958047609721073,-0.000269947041134826,0.5068603204422913,0.04773438932919178,0.0019183874495084813,0.36097259924229746,0.1657650000000054,0.1657650000000054,1.0,-0.042359693503776774,-0.042420331592327075,0.0,0.0,0.0006055489163520028,-0.042359693503776774,0.0,-0.0,0.0,-0.27392451443349314,-0.27413572933287556,-0.14761533255400677,-0.14751963871928928,-0.2038224871293971,-0.09261533255400706,0.09617751287060163,-0.12153984698750005,0.01048696485869987,0.15810229741270654,0.14211825707358727,1.4009647349023547e-05,0,0,0,0,0,inf,inf,0,0,0.0,1.2557249794091931,0.0426648785387013,-0.15074640819331553,0.04928058625491133,-1.816075020590807,0.006416257975136268,1.6595054768734863,-0.6928908783135916,-0.02405912493615773,-0.07295898019813775,-0.021222356965425678,-0.08250181556670431,0.00019825470123125902,0.020244017627494084,-0.044982782074984226,-0.6174079858350089,-18.93775774044556,-0.9484645899937949,16.802372945473216,0.405535404683366,1.0193931232842117,-0.03115811010042145,-0.6174079858350089,-18.93775774044556,-0.9484645899937949,16.802372945473216,0.405535404683366,1.0193931232842117,-0.03115811010042145
7.89100000000097,2,1,1,1,0.0009410342712478361,4.933870210612923,5.298372436845031,5.0,0.5081139237390228,0.04876050790898206,0.4360797098387983,-0.01771681435243597,-0.02502532041026153,-9.59574209585754e-05,0.5067046199733625,0.047477978517334964,0.0019055232206254867,0.35508263541892693,0.1660650000000055,0.1660650000000055,1.0,-0.041179796522135846,-0.03901483974450692,0.0,0.0,0.0005297405723599641,-0.041179796522135846,0.0,-0.0,0.0,-0.27434131462348227,-0.2745509551538998,-0.14761533255400677,-0.14751963871928928,-0.2038169472800161,-0.09261533255400706,0.09618305271998259,-0.12195664717748911,0.01048696485869987,0.15810229741270654,0.14211825707358727,3.0590146363743653e-06,0,0,0,0,0,inf,inf,0,0,0.0,1.2549080710461686,0.042424694371479735,-0.15147066533100043,0.04906830225114492,-1.8168919289538314,0.0064149585633392365,1.6597071262105991,-0.6933434567506781,-0.023994106786931264,-0.07198954530324203,-0.021238861162269813,-0.08103542856444401,-0.000352512514433081,0.020077650420342597,-0.045401979058277274,-0.6282125056410417,-18.910681290093017,-0.9609099790596818,16.800171623756807,0.4087608266055456,1.017332303297482,-0.02522335099565301,-0.6282125056410417,-18.910681290093017,-0.9609099790596818,16.800171623756807,0.4087608266055456,1.017332303297482,-0.02522335099565301
7.901000000000973,2,1,1,2,0.000941279888396789,5.37066828521489,5.297294308380635,5.0,0.5079381120223166,0.04850980544221483,0.4360777465393034,-0.01741824801346319,-0.02509840928348181,-0.0001329144792900095,0.5065520888889076,0.0472207974326679,0.0018927762083831366,0.349245996180376,0.1663650000000056,0.1663650000000056,1.0,-0.041341690592737436,-0.04140118578294769,0.0,0.0,0.0003145046335829805,-0.041341690592737436,0.0,-0.0,0.0,-0.2747499186402742,-0.2749619759409161,-0.14761533255400677,-0.14751963871928928,-0.20381115403363478,-0.09261533255400706,0.09618884596636391,-0.12236525119428111,0.01048696485869987,0.15810229741270654,0.14211825707358727,3.110808864272211e-06,0,0,0,0,0,inf,inf,0,0,0.0,1.2541018444351235,0.04218394924535872,-0.15218495528090556,0.04885444298672556,-1.8176981555648766,0.006413519058486119,1.6599074456395848,-0.6937970039946952,-0.024051080889663547,-0.0709892610368815,-0.021402035384016093,-0.07998989648689354,-0.0003546480041560671,0.01995963365167355,-0.045533099374945034,-0.6326997435776904,-18.88810282052802,-0.9662571438479695,16.804435915230826,0.40504285813681046,1.0207793582335885,-0.026038515012859392,-0.6326997435776904,-18.88810282052802,-0.9662571438479695,16.804435915230826,0.40504285813681046,1.0207793582335885,-0.026038515012859392
7.911000000000977,2,1,1,2,0.0009415098535389401,5.368873848818874,5.2957526061484135,5.0,0.5077654139504725,0.0482583882997978,0.4360757683847969,-0.017119970092325985,-0.02517190577975049,-0.00017697368966500487,0.5064027365977627,0.04696286193933139,0.001880233527584134,0.34342489701361417,0.1666650000000057,0.1666650000000057,1.0,-0.04155321212281153,-0.04161288343427126,0.0,0.0,8.556655150990343e-05,-0.04155321212281153,0.0,-0.0,0.0,-0.27515779769899706,-0.27537002828618007,-0.14761533255400677,-0.14751963871928928,-0.20380708963638253,-0.09261533255400706,0.09619291036361619,-0.12277313025300396,0.01048696485869987,0.15810229741270654,0.14211825707358727,3.199350507606122e-06,0,0,0,0,0,inf,inf,0,0,0.0,1.2533068031479453,0.04194283308401172,-0.15288926900413263,0.04863920395313817,-1.8184931968520548,0.006411168434174061,1.660106476977883,-0.6942521778282897,-0.024111007569799562,-0.06998394461434441,-0.021568831962589286,-0.07895660073535216,-0.0003440289227446308,0.019848757324939924,-0.04565531811610027,-0.6369678937464217,-18.8659400501789,-0.9713332279933328,16.808892445843284,0.40118709352566023,1.024373101075331,-0.02703274412608553,-0.6369678937464217,-18.8659400501789,-0.9713332279933328,16.808892445843284,0.40118709352566023,1.024373101075331,-0.02703274412608553
7.92100000000098,2,1,1,2,0.0009416651038845194,5.367177517244935,5.2937816341659145,5.0,0.5075958360577538,0.04800626049221186,0.43607371607349465,-0.016820655279216914,-0.025246234900122167,-0.00022705073916571932,0.5062565723126803,0.04670418794800159,0.0018678919372529556,0.33762249771848857,0.1669650000000058,0.1669650000000058,1.0,-0.04180753333174146,-0.04186772215394084,0.0,0.0,-0.00015604285556145735,-0.04180753333174146,0.0,-0.0,0.0,-0.27556533048681814,-0.2757777165816209,-0.14761533255400677,-0.14751963871928928,-0.20380486995113958,-0.09261533255400706,0.09619513004885909,-0.12318066304082508,0.01048696485869987,0.15810229741270654,0.14211825707358727,3.325669316246173e-06,0,0,0,0,0,inf,inf,0,0,0.0,1.2525228440524159,0.04170133910760495,-0.15358355747771174,0.048422563303241004,-1.8192771559475842,0.006407989023177625,1.6603043141769234,-0.6947090004391703,-0.02417330227651682,-0.06897334089421513,-0.021738387012364014,-0.07793352917329112,-0.00032566616055344083,0.019748076903989716,-0.04577016076171165,-0.6410238581987615,-18.84414624064213,-0.9761506092383891,16.8134631909953,0.3972627580107705,1.0280400991958873,-0.028169194992399255,-0.6410238581987615,-18.84414624064213,-0.9761506092383891,16.8134631909953,0.3972627580107705,1.0280400991958873,-0.028169194992399255
7.931000000000983,2,1,1,1,0.0009423944444209289,4.921576668291131,5.303444129399819,5.0,0.5074296121554904,0.047753511169907024,0.43607224249998,-0.01646734623704158,-0.025295485171011815,-8.818270196303192e-05,0.5061136050497623,0.046444791414908794,0.0018559693153308008,0.3317571354594183,0.1672650000000059,0.1672650000000059,1.0,-0.040879872112851635,-0.038571285752230317,0.0,0.0,-0.00025725650153766164,-0.040879872112851635,0.0,-0.0,0.0,-0.275978128443474,-0.2761887002255468,-0.14761533255400677,-0.14751963871928928,-0.2038069473039166,-0.09261533255400706,0.09619305269608208,-0.12359346099748084,0.01048696485869987,0.15810229741270654,0.14211825707358727,2.9514277776676526e-06,0,0,0,0,0,inf,inf,0,0,0.0,1.2517512981712504,0.04145991217343855,-0.15426787654677981,0.04820501117905101,-1.8200487018287497,0.006402369249290557,1.660500785116111,-0.6951684730809683,-0.024124135584141834,-0.06798897534500556,-0.021773161098805675,-0.07652467284973968,-0.0007254301016287594,0.01954923025651245,-0.04604152431976557,-0.6505233332109989,-18.81929453521748,-0.9869934496038619,16.81295803568047,0.39832103981372435,1.0275698412652479,-0.02439228033219268,-0.6505233332109989,-18.81929453521748,-0.9869934496038619,16.81295803568047,0.39832103981372435,1.0275698412652479,-0.02439228033219268
7.941000000000987,2,1,1,2,0.0009418005809050103,5.363715120090818,5.2949063108835,5.0,0.5072661261617238,0.04749993430866821,0.4360694383972139,-0.016186831475791832,-0.025384212059229874,-0.00024351480158639794,0.5059738436279028,0.04618468834085299,0.0018438725831990688,0.3260642411284229,0.16756500000000601,0.16756500000000601,1.0,-0.041801709341141365,-0.04185813651992631,0.0,0.0,-0.0005938659457917995,-0.041801709341141365,0.0,-0.0,0.0,-0.2763841483695513,-0.2765970116376465,-0.14761533255400677,-0.14751963871928928,-0.20380775383588498,-0.09261533255400706,0.09619224616411373,-0.12399948092355806,0.01048696485869987,0.15810229741270654,0.14211825707358727,3.161056582258539e-06,0,0,0,0,0,inf,inf,0,0,0.0,1.250988358556987,0.04121733206571017,-0.1549419078899533,0.0479851838598846,-1.820811641443013,0.006398949807262971,1.6606965417435955,-0.6956276606934066,-0.024238077807118154,-0.06695156300874636,-0.022012141793711134,-0.07571332855664215,-0.0005091692542660696,0.019538471337647356,-0.046139352264694615,-0.6522470734168416,-18.79977398838084,-0.9890901735986626,16.82005762978996,0.3921550200700892,1.033191745695624,-0.027266105914579356,-0.6522470734168416,-18.79977398838084,-0.9890901735986626,16.82005762978996,0.3921550200700892,1.033191745695624,-0.027266105914579356
7.95100000000099,2,1,1,2,0.0009422982773620572,5.360299140277134,5.303944862503882,5.0,0.5071062154793466,0.04724584715199134,0.43606773309930136,-0.015837460944883534,-0.025426472292910923,-0.00011644856111941926,0.5058372966682446,0.04592389477021702,0.0018324063547279475,0.32023441049550755,0.1678650000000061,0.1678650000000061,1.0,-0.040952551061518766,-0.04099944145954353,0.0,0.0,-0.0007191386624267011,-0.040952551061518766,0.0,-0.0,0.0,-0.2767973295416553,-0.2770107030220584,-0.14761533255400677,-0.14751963871928928,-0.20381434386512504,-0.09261533255400706,0.09618565613487368,-0.12441266209566214,0.01048696485869987,0.15810229741270654,0.14211825707358727,2.9681369129132854e-06,0,0,0,0,0,inf,inf,0,0,0.0,1.2502389108935645,0.04097523964564453,-0.15560596308423374,0.04776487116064039,-1.8215610891064355,0.00639176175930406,1.6608909066941584,-0.6960905316156966,-0.02419143092397218,-0.06595879297281962,-0.02205068993192605,-0.07432296103892305,-0.0008652270736987665,0.01933957781120662,-0.04636595105380687,-0.6613874731056971,-18.775818796866506,-0.9994544385090808,16.820026543955844,0.39256120367893677,1.0331449570232962,-0.024101237015624388,-0.6613874731056971,-18.775818796866506,-0.9994544385090808,16.820026543955844,0.39256120367893677,1.0331449570232962,-0.024101237015624388
7.961000000000993,2,1,1,2,0.0009430206181767755,5.357591898575473,5.292977612097458,5.0,0.5069493960592404,0.046991207817342756,0.4360662545541275,-0.01558846965659653,-0.025517937274324536,-0.00030893210141848726,0.5057039725936473,0.04566242678997673,0.0018211915405409204,0.3144467216146909,0.1681650000000062,0.1681650000000062,1.0,-0.04215809178774193,-0.04220419805851002,0.0,0.0,-0.001089414146091764,-0.04215809178774193,0.0,-0.0,0.0,-0.2771935536053641,-0.2774067472778446,-0.14761533255400677,-0.14751963871928928,-0.20381798490047032,-0.09261533255400706,0.09618201509952834,-0.12480888615937086,0.01048696485869987,0.15810229741270654,0.14211825707358727,1.1797640432484624e-05,0,0,0,0,0,inf,inf,0,0,0.0,1.2495013084483555,0.04073286828415513,-0.15625993993471185,0.047543403583252736,-1.8222986915516446,0.006383707181452066,1.6610833783112944,-0.6965535044068315,-0.02435611821614434,-0.06491468389197139,-0.02232130156051899,-0.07357236365478349,-0.00048220641211504814,0.019258042231390857,-0.04613479438456918,-0.6589642544819193,-18.75815903586605,-0.9972046710457978,16.82913243919392,0.3842373541102456,1.0406922077168717,-0.031666799396282266,-0.6589642544819193,-18.75815903586605,-0.9972046710457978,16.82913243919392,0.3842373541102456,1.0406922077168717,-0.031666799396282266
7.971000000000997,2,1,1,2,0.0009428351606392818,5.355865195566727,5.301567792763877,5.0,0.5067955567761022,0.04673578596764591,0.43606386604329533,-0.015223912578058203,-0.025559224184464862,-0.0001868756541066972,0.505573879628168,0.045400300528708804,0.0018099769090785852,0.30875197628617423,0.1684650000000063,0.1684650000000063,1.0,-0.041317616532274504,-0.04136384648567555,0.0,0.0,-0.001253863092797468,-0.041317616532274504,0.0,-0.0,0.0,-0.27761026240504266,-0.27782395956755274,-0.14761533255400677,-0.14751963871928928,-0.2038298840451236,-0.09261533255400706,0.09617011595487511,-0.12522559495904945,0.01048696485869987,0.15810229741270654,0.14211825707358727,2.958957104796892e-06,0,0,0,0,0,inf,inf,0,0,0.0,1.2487731899722685,0.04048975153245452,-0.1569035679975481,0.04732002693904838,-1.8230268100277316,0.006376419613789576,1.661275314391303,-0.6970179292787645,-0.024284420311271374,-0.06391145966850954,-0.022354934184493788,-0.07219575094676833,-0.0008962805409630612,0.019124009722118654,-0.046608318772892246,-0.6707207764658373,-18.734511613389046,-1.0101223538159922,16.828671908570325,0.385535791769181,1.0401180704596487,-0.025370841791936216,-0.6707207764658373,-18.734511613389046,-1.0101223538159922,16.828671908570325,0.385535791769181,1.0401180704596487,-0.025370841791936216
7.981000000001,2,1,1,2,0.0009437169711448415,5.351674900430798,5.308603396910936,5.0,0.5066451785069656,0.04647998656769679,0.43606255148420037,-0.01489029941773936,-0.025595551527771192,-9.088002106974649e-05,0.5054470257965535,0.04513753215559572,0.0017993759379399574,0.30295977966179255,0.1687650000000064,0.1687650000000064,1.0,-0.040678207101512674,-0.04071669638700145,0.0,0.0,-0.0014303666200470937,-0.040678207101512674,0.0,-0.0,0.0,-0.2780197835457127,-0.27823389912195184,-0.14761533255400677,-0.14751963871928928,-0.20384336314129745,-0.09261533255400706,0.09615663685870127,-0.1256351160997195,0.01048696485869987,0.15810229741270654,0.14211825707358727,3.049785315856574e-06,0,0,0,0,0,inf,inf,0,0,0.0,1.2480586090180434,0.04024709753013853,-0.15753716627705064,0.04709618630096436,-1.8237413909819566,0.0063659596602225095,1.6614654213269444,-0.6974849274779013,-0.024253779159677392,-0.06290838449346707,-0.022410746972431436,-0.07086090964423838,-0.001153034924517314,0.018910467341074867,-0.046751785686383565,-0.6788544633248026,-18.712251689588207,-1.0192679226805705,16.829964817320352,0.3846125139238496,1.041283972971864,-0.02357846909469244,-0.6788544633248026,-18.712251689588207,-1.0192679226805705,16.829964817320352,0.3846125139238496,1.041283972971864,-0.02357846909469244
7.991000000001003,2,1,1,2,0.0009440056681187794,5.349796443618446,5.302780837372718,5.0,0.5064977446665946,0.04622350144944455,0.436060643263223,-0.014598826180800216,-0.025675193898927348,-0.000197566919076097,0.5053234189237458,0.044874137879428525,0.0017888049067474674,0.2972855522973807,0.16906500000000652,0.16906500000000652,1.0,-0.041328717478321154,-0.041370984572962996,0.0,0.0,-0.0017789264252907882,-0.041328717478321154,0.0,-0.0,0.0,-0.2784223678405338,-0.27863648210122094,-0.14761533255400677,-0.14751963871928928,-0.20385605767201997,-0.09261533255400706,0.09614394232797874,-0.12603770039454068,0.01048696485869987,0.15810229741270654,0.14211825707358727,2.9600317567439224e-06,0,0,0,0,0,inf,inf,0,0,0.0,1.24735424145998,0.0400037368013746,-0.15816044898177653,0.0468706603476562,-1.82444575854002,0.006356137120467445,1.6616543044203718,-0.6979516848071756,-0.024344128302638334,-0.061864645734864034,-0.022611155819385085,-0.06993795363851882,-0.0010260914774637257,0.018850103542962206,-0.046791702310208905,-0.6810686527021327,-18.693578613046665,-1.021863545424823,16.836179850376695,0.3795261734580297,1.0462820982076584,-0.026262660394259146,-0.6810686527021327,-18.693578613046665,-1.021863545424823,16.836179850376695,0.3795261734580297,1.0462820982076584,-0.026262660394259146
8.000000000001005,2,1,1,1,0.0009444952992971592,4.904434664469406,5.301924597334711,5.0,0.5063678662143771,0.04599223808156275,0.4360591587669893,-0.014320438584715146,-0.02573057425152897,-0.0002225516458457318,0.5052149551939211,0.04463656131146096,0.0017796244901895797,0.29215809674419585,0.1693350000000066,0.1693350000000066,1.0,-0.036090096525444704,-0.03588353122692088,0.0,0.0,2.5218983299985203e-05,-0.036090096525444704,0.0,-0.0,0.0,-0.2787869930476243,-0.27899857865175604,-0.14761533255400677,-0.14751963871928928,-0.20387095489504858,-0.09261533255400706,0.09612904510495014,-0.12640232560163114,0.01048696485869987,0.15810229741270654,0.14211825707358727,4.824019028488871e-06,0,0,0,0,0,inf,inf,0,0,0.0,1.246730513491063,0.03978474445828333,-0.15871266025097322,0.046666828399349505,-1.8250694865089372,0.006345920645970838,1.6618232226647192,-0.6983737452519398,-0.024384147267123468,-0.06093598267570723,-0.02273887822483873,-0.06896110082819494,-0.0010428219781048122,0.018744608021972278,-0.0468269126543273,-0.6889604753589277,-18.67317261426978,-1.0305694311380118,16.83657520823653,0.3786670143841508,1.0472361605527338,-0.02395642655072705,-0.6889604753589277,-18.67317261426978,-1.0305694311380118,16.83657520823653,0.3786670143841508,1.0472361605527338,-0.02395642655072705
